    2       1.376695206884e-10       4.194217578818e-15       3.531916707232e-13       2.317828513406e-19       8.326523700028e-09       4.531927477635e-10      -1.844740525589e-12 
    3       1.302548748784e-10       5.369597802941e-15       3.962998593603e-13       4.636530348700e-19       5.091551092868e-09       3.205991498671e-10      -1.396759238090e-12 
    4       1.232641721513e-10       4.640452649472e-15       3.703231654362e-13       7.729477045571e-19       3.524932698712e-09       2.424521701798e-10      -9.138430610732e-13 
    5       1.180298068579e-10       3.093061084036e-15       3.151921806191e-13       1.159779368485e-18       2.623395228895e-09       1.913199618104e-10      -5.074153709091e-13 
    6       1.144415023445e-10       1.728510198612e-15       2.537062606643e-13       1.624285346224e-18       2.044558927573e-09       1.555248308649e-10      -2.081781294372e-13 
    7       1.121213052938e-10       9.345550858710e-16       1.990882111180e-13       2.166625674507e-18       1.646180717333e-09       1.292962748957e-10      -1.753345577727e-14 
    8       1.107729349519e-10       6.042755051526e-16       1.571013829792e-13       2.786980705866e-18       1.358126518123e-09       1.094348933952e-10       7.955289142249e-14 
    9       1.101454429374e-10       4.861007363889e-16       1.290175743986e-13       3.485548455995e-18       1.141893108464e-09       9.401159052730e-11       1.065110961329e-13 
   10       1.100295724489e-10       4.150067952100e-16       1.134853312336e-13       4.262541760787e-18       9.747051906074e-10       8.177801570097e-11       8.926000399330e-14 
   11       1.103432688015e-10       3.496338333733e-16       1.078094478338e-13       5.118185307490e-18       8.346143257323e-10       7.262542948148e-11       5.192305850710e-14 
   12       1.109671919507e-10       3.056595077077e-16       1.089764779002e-13       6.052712606140e-18       7.294152806168e-10       6.426236398341e-11       1.215515671955e-14 
   13       1.118353668292e-10       2.939625863719e-16       1.142758993437e-13       7.066362967362e-18       6.430341261881e-10       5.744098266061e-11      -1.811958894838e-14 
   14       1.128798798802e-10       3.064754506800e-16       1.216454984141e-13       8.159378550794e-18       5.711508586020e-10       5.146932404424e-11      -3.462487668459e-14 
   15       1.141058289949e-10       3.315129692727e-16       1.298161496441e-13       9.332001544796e-18       5.106362669879e-10       4.644952994093e-11      -3.756759702189e-14 
   16       1.154679511914e-10       3.666259474811e-16       1.381785914722e-13       1.058447153294e-17       4.591750509316e-10       4.214708351960e-11      -3.092189685697e-14 
   17       1.169433835929e-10       4.172363155790e-16       1.464969368892e-13       1.191702309622e-17       4.150217868335e-10       3.840651553422e-11      -1.988607352437e-14 
   18       1.184973524423e-10       4.888717848876e-16       1.549645881833e-13       1.332988360309e-17       3.766969220374e-10       3.511086966013e-11      -9.398627057528e-15 
   19       1.201422200071e-10       5.818879298501e-16       1.638370004757e-13       1.482327184216e-17       3.435818286607e-10       3.223031548882e-11      -2.069412677563e-15 
   20       1.218540797213e-10       6.942507414864e-16       1.733180908601e-13       1.639739554565e-17       3.144146666688e-10       2.969336844809e-11       4.121761755896e-16 
   21       1.236406734208e-10       8.252445426881e-16       1.833292241190e-13       1.805245167842e-17       2.887368402682e-10       2.745329131591e-11      -1.353720161230e-15 
   22       1.254885654607e-10       9.743052078206e-16       1.936243883018e-13       1.978862390090e-17       2.659302198416e-10       2.543554794270e-11      -5.583765457569e-15 
   23       1.273970209639e-10       1.141687281741e-15       2.038910970117e-13       2.160608444803e-17       2.456896597362e-10       2.361775496419e-11      -1.053978554246e-14 
   24       1.293482980064e-10       1.327733176389e-15       2.137482868733e-13       2.350499115417e-17       2.275532226602e-10       2.197341510771e-11      -1.438663825011e-14 
   25       1.313424186758e-10       1.532623354972e-15       2.228868191514e-13       2.548548996593e-17       2.112749930753e-10       2.049255148777e-11      -1.631358751661e-14 
   26       1.333718597566e-10       1.756638920291e-15       2.310336640613e-13       2.754771290476e-17       1.965364819045e-10       1.915666371846e-11      -1.598632590891e-14 
   27       1.354460084696e-10       2.001368767640e-15       2.381270004906e-13       2.969178484011e-17       1.832613356865e-10       1.795590440708e-11      -1.391850538110e-14 
   28       1.375632949018e-10       2.269037575635e-15       2.441972433683e-13       3.191781672207e-17       1.712887445278e-10       1.686683441668e-11      -1.111936457490e-14 
   29       1.397085549522e-10       2.561911293867e-15       2.493026798037e-13       3.422590578759e-17       1.603280673500e-10       1.585493418364e-11      -8.713327769882e-15 
   30       1.418891898662e-10       2.881164218194e-15       2.534755690278e-13       3.661614782213e-17       1.503189064263e-10       1.491998500293e-11      -7.084033727831e-15 
   31       1.441097573511e-10       3.227556785803e-15       2.567585348395e-13       3.908862835225e-17       1.411869798338e-10       1.406643292639e-11      -6.401994749046e-15 
   32       1.463650978073e-10       3.601783489633e-15       2.591882813510e-13       4.164342205461e-17       1.327878308218e-10       1.329162127451e-11      -6.746480691714e-15 
   33       1.486548942724e-10       4.004728517180e-15       2.606841397937e-13       4.428060418388e-17       1.250757331220e-10       1.258835057063e-11      -7.772636046590e-15 
   34       1.509720378987e-10       4.437292075381e-15       2.611171318642e-13       4.700024259330e-17       1.179824144143e-10       1.194180455979e-11      -8.907260695171e-15 
   35       1.533041389338e-10       4.900326275539e-15       2.603524499059e-13       4.980239765558e-17       1.114023295621e-10       1.133374804023e-11      -9.573229648687e-15 
   36       1.556563865276e-10       5.394660732587e-15       2.583020899859e-13       5.268713348215e-17       1.053184207472e-10       1.076223711358e-11      -9.705310003735e-15 
   37       1.580350855825e-10       5.921078166848e-15       2.548891173754e-13       5.565451033342e-17       9.971164175025e-11       1.022791929740e-11      -9.409312941644e-15 
   38       1.604407325058e-10       6.480302134114e-15       2.500333681055e-13       5.870458159156e-17       9.452293639128e-11       9.728438217320e-12      -8.829054190521e-15 
   39       1.628702060172e-10       7.073023570435e-15       2.436679554122e-13       6.183739569721e-17       8.967454276398e-11       9.259825058871e-12      -8.128269495483e-15 
   40       1.653258948674e-10       7.700001776847e-15       2.357962419633e-13       6.505300285954e-17       8.515162340064e-11       8.821957595659e-12      -7.422108113222e-15 
   41       1.678085422639e-10       8.361990668220e-15       2.264538251206e-13       6.835145056142e-17       8.094228994147e-11       8.414471231135e-12      -6.826983848392e-15 
   42       1.703141860267e-10       9.059708973344e-15       2.156944142326e-13       7.173278188300e-17       7.701324577357e-11       8.035071641296e-12      -6.480655668196e-15 
   43       1.728371608588e-10       9.793830090674e-15       2.035665724009e-13       7.519703465826e-17       7.332210256290e-11       7.680441008546e-12      -6.500032378563e-15 
   44       1.753813273999e-10       1.056495254007e-14       1.900328943221e-13       7.874423837379e-17       6.986318088494e-11       7.349688508562e-12      -6.835977847587e-15 
   45       1.779515592013e-10       1.137361697896e-14       1.750273221587e-13       8.237441648589e-17       6.663295797140e-11       7.041695270246e-12      -7.375287375595e-15 
   46       1.805503402791e-10       1.222031116455e-14       1.584767020023e-13       8.608758733505e-17       6.361631618504e-11       6.754039856483e-12      -7.978679556696e-15 
   47       1.831775191985e-10       1.310546747086e-14       1.403002536429e-13       8.988376419409e-17       6.078563900277e-11       6.482899948919e-12      -8.479268296824e-15 
   48       1.858314122521e-10       1.402942917415e-14       1.204229327236e-13       9.376295251553e-17       5.810931312846e-11       6.224181115734e-12      -8.728399472594e-15 
   49       1.885130545211e-10       1.499234386479e-14       9.882120845953e-14       9.772514064393e-17       5.558217824118e-11       5.977508773068e-12      -8.752005085378e-15 
   50       1.912227246265e-10       1.599423572349e-14       7.548927910194e-14       1.017703065682e-16       5.320210745582e-11       5.743192592055e-12      -8.635698184218e-15 
   51       1.939585275361e-10       1.703503015359e-14       5.042648037706e-14       1.058984204011e-16       5.096093693013e-11       5.521062833484e-12      -8.482123031595e-15 
   52       1.967162174800e-10       1.811454970460e-14       2.363746405080e-14       1.101094442851e-16       4.884404175251e-11       5.310434638854e-12      -8.411843684787e-15 
   53       1.994912475091e-10       1.923262696666e-14      -4.875049498193e-15       1.144033315742e-16       4.683492844281e-11       5.110407349590e-12      -8.532155050672e-15 
   54       2.022859445276e-10       2.038948671835e-14      -3.513461249740e-14       1.187800243532e-16       4.493137512841e-11       4.920935023170e-12      -8.832055105873e-15 
   55       2.051038706370e-10       2.158545494090e-14      -6.717265651933e-14       1.232394551159e-16       4.313270253210e-11       4.741968956985e-12      -9.261814203575e-15 
   56       2.079476761522e-10       2.282085125813e-14      -1.010217441715e-13       1.277815473091e-16       4.143491168222e-11       4.573125581307e-12      -9.762242514838e-15 
   57       2.108190158777e-10       2.409598976456e-14      -1.367157018941e-13       1.324062152080e-16       3.983047014065e-11       4.413664797645e-12      -1.026423364028e-14 
   58       2.137184653847e-10       2.541117985338e-14      -1.742897527577e-13       1.371133637911e-16       3.830809823066e-11       4.262468317105e-12      -1.068830822176e-14 
   59       2.166460505750e-10       2.676657304234e-14      -2.137700858600e-13       1.419028944899e-16       3.685587374797e-11       4.118342087803e-12      -1.096384462427e-14 
   60       2.196031701373e-10       2.816166003189e-14      -2.551394342716e-13       1.467747242830e-16       3.547187356544e-11       3.981054788955e-12      -1.109302262463e-14 
   61       2.225909723671e-10       2.959565810481e-14      -2.983637237589e-13       1.517287708230e-16       3.415562990610e-11       3.850502650767e-12      -1.110094914027e-14 
   62       2.256097194836e-10       3.106765055624e-14      -3.434017126420e-13       1.567649470240e-16       3.290492993626e-11       3.726396112640e-12      -1.101748347772e-14 
   63       2.286587246965e-10       3.257658230130e-14      -3.902047665112e-13       1.618831611361e-16       3.171571448441e-11       3.608249147592e-12      -1.087744830256e-14 
   64       2.317362892712e-10       3.412125548269e-14      -4.387166329431e-13       1.670833168185e-16       3.058197676013e-11       3.495368586687e-12      -1.072084060951e-14 
   65       2.348406112687e-10       3.570047919357e-14      -4.888854365875e-13       1.723653264172e-16       2.949741969066e-11       3.387045202509e-12      -1.058391791906e-14 
   66       2.379728768131e-10       3.731356536683e-14      -5.407031230874e-13       1.777291538952e-16       2.846106338351e-11       3.283197974489e-12      -1.046978882973e-14 
   67       2.411347129350e-10       3.895993036508e-14      -5.941739906653e-13       1.831747811534e-16       2.747264768701e-11       3.183847587407e-12      -1.037195277897e-14 
   68       2.443272385801e-10       4.063895005249e-14      -6.493033212288e-13       1.887021960650e-16       2.653092724657e-11       3.088921774146e-12      -1.028283178541e-14 
   69       2.475510288547e-10       4.234995971329e-14      -7.060974969151e-13       1.943113929194e-16       2.563361941567e-11       2.998250283720e-12      -1.019372618047e-14 
   70       2.508060792718e-10       4.409225397030e-14      -7.645641166361e-13       2.000023728653e-16       2.477735216684e-11       2.911559849318e-12      -1.009477033991e-14 
   71       2.540917699965e-10       4.586508670351e-14      -8.247121126230e-13       2.057751443542e-16       2.395761200264e-11       2.828469156334e-12      -9.974888415459e-15 
   72       2.574073731078e-10       4.766762076433e-14      -8.865436846163e-13       2.116297350420e-16       2.316990489512e-11       2.748590374821e-12      -9.824895078680e-15 
   73       2.607537665624e-10       4.949876612473e-14      -9.500280510440e-13       2.175662291542e-16       2.241361284409e-11       2.671867501743e-12      -9.647585181207e-15 
   74       2.641319861444e-10       5.135731036901e-14      -1.015122846540e-12       2.235847381276e-16       2.168878689861e-11       2.598294172332e-12      -9.449509821452e-15 
   75       2.675426886399e-10       5.324196493852e-14      -1.081781788795e-12       2.296853904806e-16       2.099497573996e-11       2.527810295278e-12      -9.238030000494e-15 
   76       2.709861284809e-10       5.515136390404e-14      -1.149954608295e-12       2.358683325180e-16       2.033120128733e-11       2.460299453749e-12      -9.021344157603e-15 
   77       2.744621343881e-10       5.708406273805e-14      -1.219586978048e-12       2.421337290363e-16       1.969593430351e-11       2.395586306400e-12      -8.808515705755e-15 
   78       2.779700860142e-10       5.903853708711e-14      -1.290620443319e-12       2.484817640281e-16       1.908707000061e-11       2.333433988389e-12      -8.609500567152e-15 
   79       2.815088905877e-10       6.101318154413e-14      -1.362992351367e-12       2.549126413881e-16       1.850190364573e-11       2.273541512386e-12      -8.435174708735e-15 
   80       2.850774872049e-10       6.300636530460e-14      -1.436641198224e-12       2.614265806084e-16       1.793780233904e-11       2.215619157808e-12      -8.294776517429e-15 
   81       2.886765119507e-10       6.501661296732e-14      -1.511523892994e-12       2.680238014574e-16       1.739440837108e-11       2.159635434117e-12      -8.187661822754e-15 
   82       2.923068806690e-10       6.704245303846e-14      -1.587601377546e-12       2.747045379147e-16       1.687177577308e-11       2.105608462969e-12      -8.110160564088e-15 
   83       2.959692736213e-10       6.908236366495e-14      -1.664833505341e-12       2.814690435466e-16       1.636969680641e-11       2.053530662432e-12      -8.058014748781e-15 
   84       2.996641219021e-10       7.113477246022e-14      -1.743179071488e-12       2.883175921183e-16       1.588769046033e-11       2.003367592228e-12      -8.026358114334e-15 
   85       3.033915938529e-10       7.319805632990e-14      -1.822595842786e-12       2.952504782060e-16       1.542499094982e-11       1.955056798976e-12      -8.009695790575e-15 
   86       3.071515814771e-10       7.527054129756e-14      -1.903040587779e-12       3.022680178090e-16       1.498053621328e-11       1.908506661423e-12      -8.001883961844e-15 
   87       3.109436868544e-10       7.735050233042e-14      -1.984469106801e-12       3.093705489623e-16       1.455295641037e-11       1.863595235692e-12      -7.996109529168e-15 
   88       3.147672085554e-10       7.943616316514e-14      -2.066836262025e-12       3.165584323489e-16       1.414056241978e-11       1.820169100519e-12      -7.984869772440e-15 
   89       3.186214329576e-10       8.152571899697e-14      -2.150094309303e-12       3.238320394747e-16       1.374174810493e-11       1.778081174816e-12      -7.961578080966e-15 
   90       3.225065901759e-10       8.361740900643e-14      -2.234187528279e-12       3.311917137351e-16       1.335629450089e-11       1.737313486150e-12      -7.925714147631e-15 
   91       3.264230237543e-10       8.570945494158e-14      -2.319056801360e-12       3.386378043410e-16       1.298424997191e-11       1.697871622700e-12      -7.878447960314e-15 
   92       3.303708902218e-10       8.780003943318e-14      -2.404641241480e-12       3.461706786317e-16       1.262552942640e-11       1.659746912392e-12      -7.821089619978e-15 
   93       3.343501500754e-10       8.988730616300e-14      -2.490878196706e-12       3.537907225009e-16       1.227990901349e-11       1.622915852000e-12      -7.755093363414e-15 
   94       3.383605587619e-10       9.196936003205e-14      -2.577703254850e-12       3.614983408226e-16       1.194702081955e-11       1.587339536235e-12      -7.682061586006e-15 
   95       3.424016576604e-10       9.404426732879e-14      -2.665050248074e-12       3.692939578770e-16       1.162634756478e-11       1.552963086842e-12      -7.603748864477e-15 
   96       3.464727650653e-10       9.611005589744e-14      -2.752851257496e-12       3.771780177768e-16       1.131721729972e-11       1.519715081697e-12      -7.522065979648e-15 
   97       3.505729671678e-10       9.816471530622e-14      -2.841036617798e-12       3.851509848924e-16       1.101879810183e-11       1.487506983897e-12      -7.439083939188e-15 
   98       3.547011090388e-10       1.002061970156e-13      -2.929534921837e-12       3.932133442785e-16       1.073009277201e-11       1.456232570858e-12      -7.357038000372e-15 
   99       3.588560793066e-10       1.022324624974e-13      -3.018274578959e-12       4.013656051807e-16       1.045016737991e-11       1.425793188028e-12      -7.277884487852e-15 
  100       3.630377296895e-10       1.042416350059e-13      -3.107188731853e-12       4.096083112015e-16       1.017888530031e-11       1.396178825512e-12      -7.201890925919e-15 
  101       3.672460695611e-10       1.062318697164e-13      -3.196211047928e-12       4.179420323723e-16       9.916267778131e-12       1.367397518110e-12      -7.128852754682e-15 
  102       3.714809784857e-10       1.082013084319e-13      -3.285274250873e-12       4.263673626581e-16       9.662266917466e-12       1.339450290577e-12      -7.058521339279e-15 
  103       3.757422007605e-10       1.101480803332e-13      -3.374310144105e-12       4.348849204212e-16       9.416763212692e-12       1.312330899752e-12      -6.990602571966e-15 
  104       3.800293399583e-10       1.120703027275e-13      -3.463249634202e-12       4.434953488841e-16       9.179563079531e-12       1.286025576673e-12      -6.924755474206e-15 
  105       3.843418534693e-10       1.139660817988e-13      -3.552022754344e-12       4.521993165930e-16       8.950396386133e-12       1.260512768698e-12      -6.860590798752e-15 
  106       3.886790470443e-10       1.158335133567e-13      -3.640558687758e-12       4.609975178808e-16       8.728913984152e-12       1.235762881628e-12      -6.797669631739e-15 
  107       3.930400693360e-10       1.176706835861e-13      -3.728785791155e-12       4.698906733307e-16       8.514685239831e-12       1.211738021825e-12      -6.735501994769e-15 
  108       3.974239064421e-10       1.194756697966e-13      -3.816631618169e-12       4.788795302394e-16       8.307195565076e-12       1.188391738331e-12      -6.673545447001e-15 
  109       4.018293764473e-10       1.212465411722e-13      -3.904022942801e-12       4.879648630802e-16       8.105843948536e-12       1.165668764992e-12      -6.611203687236e-15 
  110       4.062553307270e-10       1.229814066001e-13      -3.990886231967e-12       4.971474562506e-16       7.910078445740e-12       1.143517983613e-12      -6.547952606569e-15 
  111       4.107012988477e-10       1.246785635058e-13      -4.077149081594e-12       5.064280488108e-16       7.719827654113e-12       1.121933752251e-12      -6.483739780422e-15 
  112       4.151669163699e-10       1.263363695570e-13      -4.162739009039e-12       5.158073835074e-16       7.535120093880e-12       1.100919408048e-12      -6.418633724576e-15 
  113       4.196517220788e-10       1.279531984851e-13      -4.247583047937e-12       5.252862241422e-16       7.355950084847e-12       1.080474392523e-12      -6.352700871216e-15 
  114       4.241551545581e-10       1.295274412971e-13      -4.331607776061e-12       5.348653558616e-16       7.182276633347e-12       1.060594123623e-12      -6.286005423602e-15 
  115       4.286765487649e-10       1.310575074884e-13      -4.414739343170e-12       5.445455854459e-16       7.014022319180e-12       1.041269867786e-12      -6.218609210745e-15 
  116       4.332151326036e-10       1.325418262542e-13      -4.496903498870e-12       5.543277415986e-16       6.851072182553e-12       1.022488611991e-12      -6.150571542076e-15 
  117       4.377700235006e-10       1.339788477022e-13      -4.578025620462e-12       5.642126752349e-16       6.693272611026e-12       1.004232935823e-12      -6.081949062125e-15 
  118       4.423402249786e-10       1.353670440646e-13      -4.658030740802e-12       5.742012597716e-16       6.540430226452e-12       9.864808835222e-13      -6.012795605189e-15 
  119       4.469246232313e-10       1.367049109104e-13      -4.736843576148e-12       5.842943914160e-16       6.392310771919e-12       9.692058360446e-13      -5.943162050005e-15 
  120       4.515219836970e-10       1.379909683574e-13      -4.814388554021e-12       5.944929894547e-16       6.248637998692e-12       9.523763831187e-13      -5.873096174427e-15 
  121       4.561309476337e-10       1.392237622843e-13      -4.890589841056e-12       6.047979965435e-16       6.109092553154e-12       9.359561953014e-13      -5.802642510094e-15 
  122       4.607500286935e-10       1.404018655433e-13      -4.965371370856e-12       6.152103789959e-16       5.973310863752e-12       9.199038960354e-13      -5.731842197108e-15 
  123       4.653777890020e-10       1.415239270404e-13      -5.038657846369e-12       6.257310857561e-16       5.840963602409e-12       9.041825574579e-13      -5.660744547095e-15 
  124       4.700133976010e-10       1.425888227806e-13      -5.110377818076e-12       6.363609193653e-16       5.712003646061e-12       8.887896955854e-13      -5.589443546107e-15 
  125       4.746561300040e-10       1.435955245408e-13      -5.180461013574e-12       6.471006506472e-16       5.586444636408e-12       8.737304959588e-13      -5.518045290890e-15 
  126       4.793051924440e-10       1.445430551272e-13      -5.248837429877e-12       6.579510586620e-16       5.464283474942e-12       8.590084468477e-13      -5.446656603438e-15 
  127       4.839597198604e-10       1.454304899645e-13      -5.315437368946e-12       6.689129306699e-16       5.345499835969e-12       8.446252870251e-13      -5.375384977789e-15 
  128       4.886187738859e-10       1.462569586848e-13      -5.380191473201e-12       6.799870620952e-16       5.230055679627e-12       8.305809535421e-13      -5.304338526812e-15 
  129       4.932813408328e-10       1.470216467161e-13      -5.443030761052e-12       6.911742564909e-16       5.117894764902e-12       8.168735295028e-13      -5.233625929003e-15 
  130       4.979463296798e-10       1.477237968710e-13      -5.503886662414e-12       7.024753255020e-16       5.008942162656e-12       8.034991918387e-13      -5.163356375277e-15 
  131       5.026125700592e-10       1.483627109360e-13      -5.562691054228e-12       7.138910888304e-16       4.903103768639e-12       7.904521590841e-13      -5.093639515761e-15 
  132       5.072788102427e-10       1.489377512599e-13      -5.619376295990e-12       7.254223741985e-16       4.800265816513e-12       7.777246391501e-13      -5.024585406584e-15 
  133       5.119437151290e-10       1.494483423426e-13      -5.673875265265e-12       7.370700173133e-16       4.700294390869e-12       7.653067771002e-13      -4.956304456672e-15 
  134       5.166058642300e-10       1.498939724241e-13      -5.726121393210e-12       7.488348618307e-16       4.603034940250e-12       7.531866029241e-13      -4.888907374541e-15 
  135       5.212637496575e-10       1.502741950732e-13      -5.776048700098e-12       7.607177593195e-16       4.508311790166e-12       7.413499793133e-13      -4.822505115087e-15 
  136       5.259157741102e-10       1.505886307762e-13      -5.823591830838e-12       7.727195692256e-16       4.415927656119e-12       7.297805494354e-13      -4.757208826380e-15 
  137       5.305603901410e-10       1.508369958046e-13      -5.868686700550e-12       7.848411329653e-16       4.325705507188e-12       7.184631393570e-13      -4.693100760757e-15 
  138       5.351965384853e-10       1.510191888264e-13      -5.911272431481e-12       7.970831932567e-16       4.237620076806e-12       7.073944732244e-13      -4.630143723495e-15 
  139       5.398232514848e-10       1.511352163117e-13      -5.951289684808e-12       8.094464663343e-16       4.151679100629e-12       6.965734730215e-13      -4.568262109456e-15 
  140       5.444395147696e-10       1.511851678030e-13      -5.988680107586e-12       8.219316668717e-16       4.067881970869e-12       6.859978733934e-13      -4.507369862743e-15 
  141       5.490442661424e-10       1.511692176777e-13      -6.023386372152e-12       8.345395077818e-16       3.986219518114e-12       6.756641913482e-13      -4.447370239193e-15 
  142       5.536363944612e-10       1.510876269096e-13      -6.055352215512e-12       8.472707000168e-16       3.906673793164e-12       6.655676959595e-13      -4.388155568879e-15 
  143       5.582147385235e-10       1.509407448311e-13      -6.084522478738e-12       8.601259523676e-16       3.829217848849e-12       6.557023780678e-13      -4.329607018607e-15 
  144       5.627780859491e-10       1.507290108952e-13      -6.110843146357e-12       8.731059712644e-16       3.753815521864e-12       6.460609199834e-13      -4.271594354409e-15 
  145       5.673251720638e-10       1.504529564371e-13      -6.134261385754e-12       8.862114605759e-16       3.680421214590e-12       6.366346651879e-13      -4.213975704044e-15 
  146       5.718546787830e-10       1.501132064365e-13      -6.154725586555e-12       8.994431214096e-16       3.608979676921e-12       6.274135880362e-13      -4.156597319495e-15 
  147       5.763652334948e-10       1.497104812794e-13      -6.172185400026e-12       9.128016519117e-16       3.539425788096e-12       6.183862634591e-13      -4.099293339467e-15 
  148       5.808554079439e-10       1.492455985199e-13      -6.186591778468e-12       9.262877470667e-16       3.471684338521e-12       6.095398366650e-13      -4.041885551880e-15 
  149       5.853237171143e-10       1.487194746424e-13      -6.197897014608e-12       9.399020984974e-16       3.405669811597e-12       6.008599928419e-13      -3.984183156374e-15 
  150       5.897686181138e-10       1.481331268233e-13      -6.206054780991e-12       9.536453942650e-16       3.341286165547e-12       5.923309268597e-13      -3.925982526800e-15 
  151       5.941885090563e-10       1.474876746932e-13      -6.211020169380e-12       9.675183186689e-16       3.278426615244e-12       5.839353129723e-13      -3.867066973718e-15 
  152       5.985817279461e-10       1.467843420985e-13      -6.212749730142e-12       9.815215520463e-16       3.216973414037e-12       5.756542745194e-13      -3.807206506897e-15 
  153       6.029466735735e-10       1.460244429065e-13      -6.211201748171e-12       9.956557148317e-16       3.156822198204e-12       5.674717571286e-13      -3.746216711028e-15 
  154       6.072821831946e-10       1.452093332269e-13      -6.206337016589e-12       1.009921194305e-15       3.097958025301e-12       5.593881694144e-13      -3.684142029638e-15 
  155       6.115871879867e-10       1.443404580886e-13      -6.198118210394e-12       1.024318301287e-15       3.040386019526e-12       5.514079581411e-13      -3.621089141525e-15 
  156       6.158605936992e-10       1.434193686640e-13      -6.186509696656e-12       1.038847323948e-15       2.984107351915e-12       5.435353108551e-13      -3.557169441492e-15 
  157       6.201012801588e-10       1.424477239504e-13      -6.171477575115e-12       1.053508527331e-15       2.929119147268e-12       5.357741480137e-13      -3.492499103904e-15 
  158       6.243081007738e-10       1.414272924498e-13      -6.152989718780e-12       1.068302152860e-15       2.875414391071e-12       5.281281151135e-13      -3.427199146246e-15 
  159       6.284798820396e-10       1.403599538503e-13      -6.131015814527e-12       1.083228417864e-15       2.822981836418e-12       5.206005748201e-13      -3.361395492680e-15 
  160       6.326154230428e-10       1.392477007065e-13      -6.105527403699e-12       1.098287515086e-15       2.771805910937e-12       5.131945990959e-13      -3.295219037606e-15 
  161       6.367134949668e-10       1.380926401198e-13      -6.076497922700e-12       1.113479612202e-15       2.721866623710e-12       5.059129613301e-13      -3.228805709213e-15 
  162       6.407728405961e-10       1.368969954199e-13      -6.043902743598e-12       1.128804851338e-15       2.673139472197e-12       4.987581284666e-13      -3.162296533045e-15 
  163       6.447921738214e-10       1.356631078445e-13      -6.007719214721e-12       1.144263348584e-15       2.625595349161e-12       4.917322531335e-13      -3.095837695553e-15 
  164       6.487701791443e-10       1.343934382208e-13      -5.967926701254e-12       1.159855193512e-15       2.579200449587e-12       4.848371657714e-13      -3.029580607656e-15 
  165       6.527055111825e-10       1.330905686458e-13      -5.924506625840e-12       1.175580448689e-15       2.533916177608e-12       4.780743667629e-13      -2.963681968295e-15 
  166       6.565967941739e-10       1.317572041667e-13      -5.877442509175e-12       1.191439149196e-15       2.489699053427e-12       4.714450185609e-13      -2.898303827996e-15 
  167       6.604426214823e-10       1.303961744623e-13      -5.826720010610e-12       1.207431302143e-15       2.446500620240e-12       4.649499378180e-13      -2.833613652424e-15 
  168       6.642415551018e-10       1.290104355229e-13      -5.772326968746e-12       1.223556886186e-15       2.404267351160e-12       4.585895875147e-13      -2.769784385941e-15 
  169       6.679921251615e-10       1.276030713314e-13      -5.714253442036e-12       1.239815851039e-15       2.362940556138e-12       4.523640690888e-13      -2.706994515167e-15 
  170       6.716928294307e-10       1.261772955439e-13      -5.652491749377e-12       1.256208116995e-15       2.322456288887e-12       4.462731145642e-13      -2.645428132534e-15 
  171       6.753422314956e-10       1.247363554669e-13      -5.587035781938e-12       1.272733550620e-15       2.282758284407e-12       4.403160162674e-13      -2.585235790652e-15 
  172       6.789392655126e-10       1.232832314856e-13      -5.517878789225e-12       1.289391890580e-15       2.243838176940e-12       4.344914258811e-13      -2.526413269600e-15 
  173       6.824829560350e-10       1.218209156773e-13      -5.445015485352e-12       1.306182814674e-15       2.205698472687e-12       4.287975234747e-13      -2.468912775845e-15 
  174       6.859723215367e-10       1.203525085318e-13      -5.368442798538e-12       1.323105962518e-15       2.168339781445e-12       4.232320703434e-13      -2.412681145851e-15 
  175       6.894063743193e-10       1.188812202328e-13      -5.288159908740e-12       1.340160934968e-15       2.131760776695e-12       4.177924008825e-13      -2.357659749664e-15 
  176       6.927841204200e-10       1.174103719408e-13      -5.204168285270e-12       1.357347293534e-15       2.095958155691e-12       4.124754144613e-13      -2.303784394492e-15 
  177       6.961045595183e-10       1.159433970743e-13      -5.116471724424e-12       1.374664559803e-15       2.060926599542e-12       4.072775672978e-13      -2.250985228297e-15 
  178       6.993666848440e-10       1.144838425923e-13      -5.025076387107e-12       1.392112214853e-15       2.026658733307e-12       4.021948643325e-13      -2.199186643377e-15 
  179       7.025694830846e-10       1.130353702763e-13      -4.929990836457e-12       1.409689698678e-15       1.993145086076e-12       3.972228511028e-13      -2.148307179952e-15 
  180       7.057119342923e-10       1.116017580123e-13      -4.831226075468e-12       1.427396409601e-15       1.960374051063e-12       3.923566056172e-13      -2.098259429751e-15 
  181       7.087930117919e-10       1.101869010728e-13      -4.728795584619e-12       1.445231703696e-15       1.928331845686e-12       3.875907302296e-13      -2.048949939596e-15 
  182       7.118116820879e-10       1.087948133989e-13      -4.622715359496e-12       1.463194894207e-15       1.897002471664e-12       3.829193435134e-13      -2.000279114990e-15 
  183       7.147669047721e-10       1.074296288823e-13      -4.513003948417e-12       1.481285250965e-15       1.866367675094e-12       3.783360721357e-13      -1.952141123697e-15 
  184       7.176576324311e-10       1.060956026475e-13      -4.399682490056e-12       1.499501999809e-15       1.836406906549e-12       3.738340427319e-13      -1.904423799336e-15 
  185       7.204828105533e-10       1.047971123334e-13      -4.282774751073e-12       1.517844322001e-15       1.807097281155e-12       3.694058737793e-13      -1.857008544958e-15 
  186       7.232413774367e-10       1.035386593760e-13      -4.162307163730e-12       1.536311353650e-15       1.778413538688e-12       3.650436674717e-13      -1.809770236638e-15 
  187       7.259322640965e-10       1.023248702899e-13      -4.038308863525e-12       1.554902185127e-15       1.750328003654e-12       3.607390015936e-13      -1.762577127057e-15 
  188       7.285543941719e-10       1.011604979506e-13      -3.910811726811e-12       1.573615860486e-15       1.722810545381e-12       3.564829213945e-13      -1.715290749089e-15 
  189       7.311066838340e-10       1.000504228764e-13      -3.779850408422e-12       1.592451376881e-15       1.695828538103e-12       3.522659314628e-13      -1.667765819386e-15 
  190       7.335880416933e-10       9.899965451074e-14      -3.645462379300e-12       1.611407683985e-15       1.669346821051e-12       3.480779876004e-13      -1.619850141964e-15 
  191       7.359974426245e-10       9.801312453095e-14      -3.507685760424e-12       1.630483683146e-15       1.643334648772e-12       3.439106267897e-13      -1.571418608935e-15 
  192       7.383341556202e-10       9.709504679039e-14      -3.366552564760e-12       1.649678225987e-15       1.617787207494e-12       3.397635524545e-13      -1.522478251837e-15 
  193       7.405975328893e-10       9.624951172444e-14      -3.222095019662e-12       1.668990114578e-15       1.592705639542e-12       3.356385286410e-13      -1.473070902522e-15 
  194       7.427869376245e-10       9.548069060336e-14      -3.074347755184e-12       1.688418101118e-15       1.568090181320e-12       3.315372852223e-13      -1.423239819670e-15 
  195       7.449017441517e-10       9.479283613388e-14      -2.923347834501e-12       1.707960887351e-15       1.543940146270e-12       3.274615167692e-13      -1.373029703946e-15 
  196       7.469413380788e-10       9.419028306061e-14      -2.769134784314e-12       1.727617123984e-15       1.520253907831e-12       3.234128814205e-13      -1.322486713165e-15 
  197       7.489051164456e-10       9.367744876762e-14      -2.611750625271e-12       1.747385410105e-15       1.497028882404e-12       3.193929997540e-13      -1.271658477445e-15 
  198       7.507924878728e-10       9.325883387991e-14      -2.451239902379e-12       1.767264292600e-15       1.474261512311e-12       3.154034536565e-13      -1.220594114372e-15 
  199       7.526028727115e-10       9.293902286492e-14      -2.287649715415e-12       1.787252265573e-15       1.451947248755e-12       3.114457851951e-13      -1.169344244161e-15 
  200       7.543357031919e-10       9.272268463402e-14      -2.121029749343e-12       1.807347769763e-15       1.430080534783e-12       3.075214954874e-13      -1.117961004809e-15 
  201       7.559904235736e-10       9.261457314404e-14      -1.951432304726e-12       1.827549191960e-15       1.408654788249e-12       3.036320435720e-13      -1.066498067265e-15 
  202       7.575664902940e-10       9.261952799875e-14      -1.778912328142e-12       1.847854864427e-15       1.387662384772e-12       2.997788452795e-13      -1.015010650581e-15 
  203       7.590633721181e-10       9.274247505037e-14      -1.603527442595e-12       1.868263064313e-15       1.367094640697e-12       2.959632721026e-13      -9.635555370770e-16 
  204       7.604805502876e-10       9.298842700110e-14      -1.425337977931e-12       1.888772013078e-15       1.346941796060e-12       2.921866500671e-13      -9.121910875000e-16 
  205       7.618175186703e-10       9.336248400457e-14      -1.244407001250e-12       1.909379875902e-15       1.327192997545e-12       2.884502586025e-13      -8.609772561835e-16 
  206       7.630737839093e-10       9.386983426738e-14      -1.060800347322e-12       1.930084761110e-15       1.307836281449e-12       2.847553294122e-13      -8.099756062077e-16 
  207       7.642488655723e-10       9.451575465062e-14      -8.745866489988e-13       1.950884719587e-15       1.288858556638e-12       2.811030453445e-13      -7.592493245597e-16 
  208       7.653422963012e-10       9.530561127133e-14      -6.858373676288e-13       1.971777744196e-15       1.270245587516e-12       2.774945392632e-13      -7.088632372934e-16 
  209       7.663536219609e-10       9.624486010402e-14      -4.946268234710e-13       1.992761769197e-15       1.251981976978e-12       2.739308929177e-13      -6.588838246893e-16 
  210       7.672824017891e-10       9.733904758219e-14      -3.010322261082e-13       2.013834669665e-15       1.234051149376e-12       2.704131358143e-13      -6.093792364150e-16 
  211       7.681282085450e-10       9.859381119983e-14      -1.051337048613e-13       2.034994260905e-15       1.216435333481e-12       2.669422440863e-13      -5.604193066846e-16 
  212       7.688906286594e-10       1.000148801129e-13       9.298566079705e-14       2.056238297874e-15       1.199115545440e-12       2.635191393649e-13      -5.120755694193e-16 
  213       7.695693002075e-10       1.016077468537e-13       2.932441027733e-13       2.077564546546e-15       1.182075294194e-12       2.601445982628e-13      -4.644082811081e-16 
  214       7.701640293735e-10       1.033766565658e-13       4.955743321719e-13       2.098971004578e-15       1.165312011422e-12       2.568189763706e-13      -4.174264831239e-16 
  215       7.706746821430e-10       1.053255506435e-13       6.999112023322e-13       2.120455694424e-15       1.148826360885e-12       2.535424634309e-13      -3.711252704808e-16 
  216       7.711011474333e-10       1.074583892212e-13       9.061874778040e-13       2.142016592345e-15       1.132618578150e-12       2.503151696938e-13      -3.254985228124e-16 
  217       7.714433373421e-10       1.097791509097e-13       1.114333815233e-12       2.163651628004e-15       1.116688463351e-12       2.471371245517e-13      -2.805388853281e-16 
  218       7.717011873964e-10       1.122918325315e-13       1.324278744244e-12       2.185358684084e-15       1.101035373949e-12       2.440082751748e-13      -2.362377497694e-16 
  219       7.718746568016e-10       1.150004488564e-13       1.535948648331e-12       2.207135595889e-15       1.085658217497e-12       2.409284851464e-13      -1.925852353662e-16 
  220       7.719637286901e-10       1.179090323373e-13       1.749267745737e-12       2.228980150953e-15       1.070555444393e-12       2.378975330982e-13      -1.495701697928e-16 
  221       7.719684103700e-10       1.210216328461e-13       1.964158070342e-12       2.250890088650e-15       1.055725040650e-12       2.349151113455e-13      -1.071800701245e-16 
  222       7.718887335747e-10       1.243423174089e-13       2.180539452548e-12       2.272863099798e-15       1.041164520652e-12       2.319808245226e-13      -6.540112379336e-17 
  223       7.717247547109e-10       1.278751699419e-13       2.398329500163e-12       2.294896826265e-15       1.026870919915e-12       2.290941882178e-13      -2.421816954501e-17 
  224       7.714765551083e-10       1.316242909873e-13       2.617443579290e-12       2.316988860583e-15       1.012840787850e-12       2.262546276091e-13       1.638532160550e-17 
  225       7.711442412677e-10       1.355937974484e-13       2.837794795207e-12       2.339136745548e-15       9.990701805220e-13       2.234614760989e-13       5.642726541734e-17 
  226       7.707279451105e-10       1.397878223260e-13       3.059293973255e-12       2.361337973832e-15       9.855546534131e-13       2.207139739501e-13       9.592698346763e-17 
  227       7.702278242272e-10       1.442105144533e-13       3.281849639724e-12       2.383589987589e-15       9.722892541820e-13       2.180112669204e-13       1.349052221952e-16 
  228       7.696440621265e-10       1.488660382323e-13       3.505368002735e-12       2.405890178062e-15       9.592685154256e-13       2.153524048986e-13       1.733841719444e-16 
  229       7.689768684841e-10       1.537585733689e-13       3.729752933130e-12       2.428235885190e-15       9.464864474398e-13       2.127363405389e-13       2.113874860088e-16 
  230       7.682264793916e-10       1.588923146089e-13       3.954905945353e-12       2.450624397217e-15       9.339365309809e-13       2.101619278969e-13       2.489402996749e-16 
  231       7.673931576050e-10       1.642714714734e-13       4.180726178337e-12       2.473052950297e-15       9.216117100260e-13       2.076279210647e-13       2.860692492661e-16 
  232       7.664771927945e-10       1.699002679948e-13       4.407110376390e-12       2.495518728106e-15       9.095043845347e-13       2.051329728057e-13       3.228024911860e-16 
  233       7.654789017923e-10       1.757829424523e-13       4.633952870079e-12       2.518018861441e-15       8.976064032097e-13       2.026756331908e-13       3.591697209628e-16 
  234       7.643986288422e-10       1.819237471074e-13       4.861145557114e-12       2.540550427837e-15       8.859090562579e-13       2.002543482327e-13       3.952021922925e-16 
  235       7.632367458483e-10       1.883269479398e-13       5.088577883237e-12       2.563110451167e-15       8.744030681514e-13       1.978674585219e-13       4.309327360829e-16 
  236       7.619936526238e-10       1.949968243832e-13       5.316136823103e-12       2.585695901254e-15       8.630785903888e-13       1.955131978618e-13       4.663957794973e-16 
  237       7.606697771397e-10       2.019376690606e-13       5.543706861169e-12       2.608303693477e-15       8.519251942557e-13       1.931896919035e-13       5.016273649983e-16 
  238       7.592655710810e-10       2.091533979693e-13       5.771176598079e-12       2.630930843452e-15       8.409338777332e-13       1.908952949205e-13       5.366568896696e-16 
  239       7.577814956996e-10       2.166463553767e-13       5.998459053478e-12       2.653574942304e-15       8.301032361044e-13       1.886296255913e-13       5.714817284738e-16 
  240       7.562180355870e-10       2.244184360081e-13       6.225472556138e-12       2.676233709428e-15       8.194336511450e-13       1.863925913208e-13       6.060911105172e-16 
  241       7.545757035275e-10       2.324714670056e-13       6.452134223982e-12       2.698904839941e-15       8.089253076255e-13       1.841840550981e-13       6.404742620662e-16 
  242       7.528550407378e-10       2.408072068422e-13       6.678359958936e-12       2.721586004611e-15       7.985781903210e-13       1.820038348447e-13       6.746204081244e-16 
  243       7.510566171055e-10       2.494273442349e-13       6.904064441802e-12       2.744274849795e-15       7.883920810216e-13       1.798517027632e-13       7.085187740089e-16 
  244       7.491810314282e-10       2.583334970596e-13       7.129161127110e-12       2.766968997373e-15       7.783665555424e-13       1.777273846862e-13       7.421585869270e-16 
  245       7.472289116527e-10       2.675272112641e-13       7.353562237989e-12       2.789666044682e-15       7.685009807338e-13       1.756305594246e-13       7.755290775528e-16 
  246       7.452009151137e-10       2.770099597823e-13       7.577178761026e-12       2.812363564450e-15       7.587945114913e-13       1.735608581163e-13       8.086194816038e-16 
  247       7.430977287730e-10       2.867831414482e-13       7.799920441129e-12       2.835059104733e-15       7.492460877659e-13       1.715178635751e-13       8.414190414174e-16 
  248       7.409200694582e-10       2.968480799094e-13       8.021695776389e-12       2.857750188847e-15       7.398544315740e-13       1.695011096388e-13       8.739170075277e-16 
  249       7.386686841019e-10       3.072060225413e-13       8.242412012944e-12       2.880434315303e-15       7.306180440080e-13       1.675100805183e-13       9.061026402419e-16 
  250       7.363443499808e-10       3.178581393609e-13       8.461975139840e-12       2.903108957742e-15       7.215352022458e-13       1.655442101462e-13       9.379652112171e-16 
  251       7.339478749541e-10       3.288055219403e-13       8.680289883895e-12       2.925771564870e-15       7.126039565612e-13       1.636028815250e-13       9.694940050367e-16 
  252       7.314800977033e-10       3.400491823212e-13       8.897259704561e-12       2.948419560390e-15       7.038221273343e-13       1.616854260762e-13       1.000678320787e-15 
  253       7.289418879705e-10       3.515900519281e-13       9.112786788786e-12       2.971050342941e-15       6.951873020612e-13       1.597911229886e-13       1.031507473634e-15 
  254       7.263341467977e-10       3.634289804827e-13       9.326772045879e-12       2.993661286027e-15       6.866968323643e-13       1.579191985672e-13       1.061970796401e-15 
  255       7.236578067655e-10       3.755667349174e-13       9.539115102368e-12       3.016249737959e-15       6.783478310026e-13       1.560688255818e-13       1.092057641141e-15 
  256       7.209138322327e-10       3.880039982894e-13       9.749714296868e-12       3.038813021779e-15       6.701371688814e-13       1.542391226151e-13       1.121757380720e-15 
  257       7.181032195744e-10       4.007413686944e-13       9.958466674940e-12       3.061348435205e-15       6.620614720629e-13       1.524291534121e-13       1.151059410388e-15 
  258       7.152269974218e-10       4.137793581805e-13       1.016526798395e-11       3.083853250560e-15       6.541171187762e-13       1.506379262284e-13       1.179953149357e-15 
  259       7.122862269006e-10       4.271183916620e-13       1.037001266795e-11       3.106324714707e-15       6.463002364270e-13       1.488643931785e-13       1.208428042381e-15 
  260       7.092820018702e-10       4.407588058336e-13       1.057259386251e-11       3.128760048983e-15       6.386066986083e-13       1.471074495849e-13       1.236473561327e-15 
  261       7.062154491627e-10       4.547008480837e-13       1.077290338961e-11       3.151156449136e-15       6.310321221105e-13       1.453659333267e-13       1.264079206755e-15 
  262       7.030877288219e-10       4.689446754088e-13       1.097083175248e-11       3.173511085258e-15       6.235718639308e-13       1.436386241877e-13       1.291234509495e-15 
  263       6.999000343421e-10       4.834903533269e-13       1.116626813047e-11       3.195821101720e-15       6.162210182844e-13       1.419242432059e-13       1.317929032222e-15 
  264       6.966535929073e-10       4.983378547918e-13       1.135910037394e-11       3.218083617105e-15       6.089744136138e-13       1.402214520211e-13       1.344152371033e-15 
  265       6.933496656300e-10       5.134870591067e-13       1.154921499907e-11       3.240295724144e-15       6.018266095992e-13       1.385288522244e-13       1.369894157025e-15 
  266       6.899894885816e-10       5.289374960069e-13       1.173650505519e-11       3.262454699816e-15       5.947729288452e-13       1.368452989333e-13       1.395146158596e-15 
  267       6.865740918444e-10       5.446875647525e-13       1.192089421048e-11       3.284558648416e-15       5.878126201562e-13       1.351708617220e-13       1.419908711569e-15 
  268       6.831044710985e-10       5.607352705173e-13       1.210231396415e-11       3.306605893281e-15       5.809458612174e-13       1.335059146048e-13       1.444184641311e-15 
  269       6.795816460842e-10       5.770784738926e-13       1.228069589994e-11       3.328594770055e-15       5.741727381482e-13       1.318508263871e-13       1.467977198541e-15 
  270       6.760066607411e-10       5.937148893705e-13       1.245597169426e-11       3.350523626978e-15       5.674932442606e-13       1.302059605456e-13       1.491290064456e-15 
  271       6.723805833465e-10       6.106420838274e-13       1.262807312435e-11       3.372390825178e-15       5.609072788175e-13       1.285716751071e-13       1.514127355859e-15 
  272       6.687045066549e-10       6.278574750069e-13       1.279693207647e-11       3.394194738959e-15       5.544146457909e-13       1.269483225286e-13       1.536493630286e-15 
  273       6.649795480366e-10       6.453583300035e-13       1.296248055403e-11       3.415933756089e-15       5.480150526207e-13       1.253362495765e-13       1.558393891128e-15 
  274       6.612068496170e-10       6.631417637456e-13       1.312465068577e-11       3.437606278094e-15       5.417081089725e-13       1.237357972066e-13       1.579833592760e-15 
  275       6.573875784149e-10       6.812047374790e-13       1.328337473393e-11       3.459210720543e-15       5.354933254962e-13       1.221473004430e-13       1.600818645666e-15 
  276       6.535229264821e-10       6.995440572500e-13       1.343858510239e-11       3.480745513340e-15       5.293701125842e-13       1.205710882582e-13       1.621355421567e-15 
  277       6.496141110420e-10       7.181563723889e-13       1.359021434487e-11       3.502209101016e-15       5.233377791301e-13       1.190074834524e-13       1.641450758543e-15 
  278       6.456623746285e-10       7.370381739931e-13       1.373819517308e-11       3.523599943013e-15       5.173955312865e-13       1.174568025331e-13       1.661111966162e-15 
  279       6.416689852252e-10       7.561857934107e-13       1.388246046486e-11       3.544916513976e-15       5.115424712236e-13       1.159193555947e-13       1.680346830607e-15 
  280       6.376352364040e-10       7.755954007233e-13       1.402294327237e-11       3.566157304047e-15       5.057775958877e-13       1.143954461979e-13       1.699163619798e-15 
  281       6.335624474644e-10       7.952630032296e-13       1.415957683026e-11       3.587320819146e-15       5.000997957592e-13       1.128853712494e-13       1.717571088524e-15 
  282       6.294519635721e-10       8.151844439290e-13       1.429229456380e-11       3.608405581269e-15       4.945078536111e-13       1.113894208814e-13       1.735578483561e-15 
  283       6.253051558981e-10       8.353554000042e-13       1.442103009708e-11       3.629410128773e-15       4.890004432676e-13       1.099078783312e-13       1.753195548806e-15 
  284       6.211234217576e-10       8.557713813049e-13       1.454571726115e-11       3.650333016666e-15       4.835761283619e-13       1.084410198206e-13       1.770432530397e-15 
  285       6.169081847490e-10       8.764277288313e-13       1.466629010221e-11       3.671172816897e-15       4.782333610948e-13       1.069891144357e-13       1.787300181845e-15 
  286       6.126608948928e-10       8.973196132169e-13       1.478268288974e-11       3.691928118647e-15       4.729704809932e-13       1.055524240061e-13       1.803809769153e-15 
  287       6.083830287706e-10       9.184420332122e-13       1.489483012469e-11       3.712597528618e-15       4.677857136681e-13       1.041312029848e-13       1.819973075948e-15 
  288       6.040760896639e-10       9.397898141677e-13       1.500266654763e-11       3.733179671320e-15       4.626771695733e-13       1.027256983275e-13       1.835802408604e-15 
  289       5.997416076929e-10       9.613576065174e-13       1.510612714692e-11       3.753673189365e-15       4.576428427634e-13       1.013361493723e-13       1.851310601368e-15 
  290       5.953811399561e-10       9.831398842621e-13       1.520514716687e-11       3.774076743752e-15       4.526806096523e-13       9.996278771928e-14       1.866511021487e-15 
  291       5.909962706683e-10       1.005130943453e-12       1.529966211593e-11       3.794389014161e-15       4.477882277716e-13       9.860583710977e-14       1.881417574334e-15 
  292       5.865886113003e-10       1.027324900673e-12       1.538960777479e-11       3.814608699240e-15       4.429633345287e-13       9.726551330624e-14       1.896044708534e-15 
  293       5.821598007175e-10       1.049715691523e-12       1.547492020463e-11       3.834734516894e-15       4.382034459655e-13       9.594202397168e-14       1.910407421090e-15 
  294       5.777115053188e-10       1.072297069105e-12       1.555553575521e-11       3.854765204578e-15       4.335059555163e-13       9.463556854915e-14       1.924521262509e-15 
  295       5.732454191758e-10       1.095062602501e-12       1.563139107306e-11       3.874699519582e-15       4.288681327665e-13       9.334633814137e-14       1.938402341925e-15 
  296       5.687632641715e-10       1.118005675262e-12       1.570242310967e-11       3.894536239326e-15       4.242871222108e-13       9.207451539026e-14       1.952067332232e-15 
  297       5.642666853609e-10       1.141119663066e-12       1.576857558402e-11       3.914274326213e-15       4.197604802506e-13       9.082023570696e-14       1.965529770340e-15 
  298       5.597569311313e-10       1.164398479389e-12       1.582981870163e-11       3.933913430498e-15       4.152878176666e-13       8.958346912070e-14       1.978788748122e-15 
  299       5.552351577334e-10       1.187836053452e-12       1.588613041202e-11       3.953453412481e-15       4.108692347308e-13       8.836413243960e-14       1.991839680595e-15 
  300       5.507025326521e-10       1.211426152179e-12       1.593749005768e-11       3.972894180657e-15       4.065047896674e-13       8.716212720943e-14       2.004677961235e-15 
  301       5.461602346040e-10       1.235162378913e-12       1.598387839099e-11       3.992235692229e-15       4.021944981413e-13       8.597733954075e-14       2.017298962083e-15 
  302       5.416094535338e-10       1.259038172152e-12       1.602527759115e-11       4.011477953620e-15       3.979383327460e-13       8.480963993604e-14       2.029698033848e-15 
  303       5.370513906113e-10       1.283046804266e-12       1.606167128106e-11       4.030621020988e-15       3.937362224918e-13       8.365888311689e-14       2.041870506009e-15 
  304       5.324872582281e-10       1.307181380231e-12       1.609304454428e-11       4.049665000735e-15       3.895880522940e-13       8.252490785110e-14       2.053811686918e-15 
  305       5.279182799950e-10       1.331434836351e-12       1.611938394194e-11       4.068610050023e-15       3.854936624607e-13       8.140753677986e-14       2.065516863901e-15 
  306       5.233456907383e-10       1.355799938985e-12       1.614067752960e-11       4.087456377283e-15       3.814528481811e-13       8.030657624488e-14       2.076981303365e-15 
  307       5.187707364969e-10       1.380269283273e-12       1.615691487424e-11       4.106204242735e-15       3.774653590138e-13       7.922181611556e-14       2.088200250898e-15 
  308       5.141946745192e-10       1.404835291863e-12       1.616808707113e-11       4.124853958891e-15       3.735308983744e-13       7.815302961609e-14       2.099168931370e-15 
  309       5.096187732599e-10       1.429490213638e-12       1.617418676075e-11       4.143405891077e-15       3.696491230240e-13       7.709997315266e-14       2.109882549042e-15 
  310       5.050443123772e-10       1.454226122440e-12       1.617520814572e-11       4.161860457936e-15       3.658196425572e-13       7.606238614055e-14       2.120336287660e-15 
  311       5.004725827289e-10       1.479034915796e-12       1.617114700769e-11       4.180218131953e-15       3.620420188902e-13       7.503999083131e-14       2.130525310566e-15 
  312       4.959048863702e-10       1.503908313650e-12       1.616200072429e-11       4.198479439955e-15       3.583157657489e-13       7.403249213991e-14       2.140444760798e-15 
  313       4.913425365500e-10       1.528837857079e-12       1.614776828601e-11       4.216644963634e-15       3.546403481568e-13       7.303957747185e-14       2.150089761190e-15 
  314       4.867868577079e-10       1.553814907030e-12       1.612845031315e-11       4.234715340053e-15       3.510151819235e-13       7.206091655035e-14       2.159455414479e-15 
  315       4.822391854710e-10       1.578830643039e-12       1.610404907269e-11       4.252691262161e-15       3.474396331327e-13       7.109616124348e-14       2.168536803404e-15 
  316       4.777008666512e-10       1.603876061959e-12       1.607456849526e-11       4.270573479309e-15       3.439130176298e-13       7.014494539130e-14       2.177328990813e-15 
  317       4.731732592413e-10       1.628941976687e-12       1.604001419200e-11       4.288362797755e-15       3.404346005107e-13       6.920688463303e-14       2.185827019763e-15 
  318       4.686577324126e-10       1.654019014893e-12       1.600039347153e-11       4.306060081186e-15       3.370035956096e-13       6.828157623415e-14       2.194025913623e-15 
  319       4.641556665116e-10       1.679097617738e-12       1.595571535682e-11       4.323666251224e-15       3.336191649870e-13       6.736859891361e-14       2.201920676176e-15 
  320       4.596684530564e-10       1.704168038610e-12       1.590599060211e-11       4.341182287940e-15       3.302804184178e-13       6.646751267094e-14       2.209506291727e-15 
  321       4.551974947342e-10       1.729220341842e-12       1.585123170986e-11       4.358609230370e-15       3.269864128798e-13       6.557785861338e-14       2.216777725198e-15 
  322       4.507442053979e-10       1.754244401446e-12       1.579145294763e-11       4.375948177024e-15       3.237361520411e-13       6.469915878307e-14       2.223729922236e-15 
  323       4.463100100629e-10       1.779229899831e-12       1.572667036501e-11       4.393200286401e-15       3.205285857491e-13       6.383091598417e-14       2.230357809316e-15 
  324       4.418963449042e-10       1.804166326536e-12       1.565690181054e-11       4.410366777500e-15       3.173626095176e-13       6.297261361003e-14       2.236656293840e-15 
  325       4.375046572530e-10       1.829042976953e-12       1.558216694860e-11       4.427448930334e-15       3.142370640159e-13       6.212371547028e-14       2.242620264245e-15 
  326       4.331364055938e-10       1.853848951053e-12       1.550248727636e-11       4.444448086443e-15       3.111507345559e-13       6.128366561807e-14       2.248244590100e-15 
  327       4.287930595611e-10       1.878573152114e-12       1.541788614067e-11       4.461365649405e-15       3.081023505811e-13       6.045188817712e-14       2.253524122214e-15 
  328       4.244760999365e-10       1.903204285445e-12       1.532838875498e-11       4.478203085353e-15       3.050905851541e-13       5.962778716895e-14       2.258453692737e-15 
  329       4.201870186454e-10       1.927730857116e-12       1.523402221627e-11       4.494961923480e-15       3.021140544451e-13       5.881074633996e-14       2.263028115260e-15 
  330       4.159273187538e-10       1.952141172679e-12       1.513481552193e-11       4.511643756560e-15       2.991713172197e-13       5.800012898861e-14       2.267242184923e-15 
  331       4.116985144654e-10       1.976423335899e-12       1.503079958672e-11       4.528250241455e-15       2.962608743270e-13       5.719527779259e-14       2.271090678513e-15 
  332       4.075020143755e-10       2.000566122219e-12       1.492200756984e-11       4.544783044021e-15       2.933814486186e-13       5.639564897970e-14       2.274569720293e-15 
  333       4.033387656130e-10       2.024561643872e-12       1.480847583731e-11       4.561243670100e-15       2.905328392424e-13       5.560122166079e-14       2.277680945078e-15 
  334       3.992095941632e-10       2.048402798580e-12       1.469024307467e-11       4.577633628154e-15       2.877151036274e-13       5.481210602138e-14       2.280427517032e-15 
  335       3.951153200807e-10       2.072082404977e-12       1.456734999781e-11       4.593954484661e-15       2.849282802088e-13       5.402841056211e-14       2.282812781905e-15 
  336       3.910567573593e-10       2.095593202289e-12       1.443983937018e-11       4.610207864569e-15       2.821723882207e-13       5.325024207174e-14       2.284840268623e-15 
  337       3.870347138024e-10       2.118927850006e-12       1.430775602005e-11       4.626395451746e-15       2.794474274884e-13       5.247770560007e-14       2.286513690873e-15 
  338       3.830499908931e-10       2.142078927560e-12       1.417114685780e-11       4.642518989435e-15       2.767533782211e-13       5.171090443098e-14       2.287836948684e-15 
  339       3.791033836643e-10       2.165038933998e-12       1.403006089312e-11       4.658580280703e-15       2.740902008043e-13       5.094994005533e-14       2.288814130020e-15 
  340       3.751956805688e-10       2.187800287661e-12       1.388454925227e-11       4.674581188896e-15       2.714578355922e-13       5.019491214396e-14       2.289449512355e-15 
  341       3.713276633497e-10       2.210355325858e-12       1.373466519539e-11       4.690523638092e-15       2.688562027003e-13       4.944591852065e-14       2.289747564267e-15 
  342       3.675001069103e-10       2.232696304540e-12       1.358046413366e-11       4.706409613551e-15       2.662852017977e-13       4.870305513508e-14       2.289712947020e-15 
  343       3.637137791846e-10       2.254815397980e-12       1.342200364662e-11       4.722241162168e-15       2.637447118999e-13       4.796641603581e-14       2.289350516148e-15 
  344       3.599694410068e-10       2.276704698445e-12       1.325934349942e-11       4.738020392928e-15       2.612345911611e-13       4.723609334324e-14       2.288665323041e-15 
  345       3.562678459824e-10       2.298356215872e-12       1.309254566001e-11       4.753749477354e-15       2.587546766667e-13       4.651217722257e-14       2.287662616532e-15 
  346       3.526097403574e-10       2.319761877546e-12       1.292167431648e-11       4.769430649962e-15       2.563047842256e-13       4.579475585678e-14       2.286347844478e-15 
  347       3.489958628892e-10       2.340913527773e-12       1.274679589422e-11       4.785066208714e-15       2.538847081632e-13       4.508391541960e-14       2.284726655352e-15 
  348       3.454269447163e-10       2.361802927559e-12       1.256797907327e-11       4.800658515469e-15       2.514942211133e-13       4.437974004844e-14       2.282804899821e-15 
  349       3.419037092287e-10       2.382421754281e-12       1.238529480547e-11       4.816209996436e-15       2.491330738110e-13       4.368231181742e-14       2.280588632334e-15 
  350       3.384268719380e-10       2.402761601368e-12       1.219881633180e-11       4.831723142626e-15       2.468009948850e-13       4.299171071027e-14       2.278084112710e-15 
  351       3.349971403475e-10       2.422813977971e-12       1.200861919957e-11       4.847200510305e-15       2.444976906501e-13       4.230801459334e-14       2.275297807719e-15 
  352       3.316152138225e-10       2.442570308645e-12       1.181478127971e-11       4.862644721445e-15       2.422228448998e-13       4.163129918858e-14       2.272236392670e-15 
  353       3.282817834602e-10       2.462021933020e-12       1.161738278399e-11       4.878058464177e-15       2.399761186985e-13       4.096163804643e-14       2.268906752994e-15 
  354       3.249975319601e-10       2.481160105477e-12       1.141650628231e-11       4.893444493247e-15       2.377571501745e-13       4.029910251889e-14       2.265315985831e-15 
  355       3.217631334941e-10       2.499975994826e-12       1.121223671991e-11       4.908805630461e-15       2.355655543119e-13       3.964376173241e-14       2.261471401615e-15 
  356       3.185792535767e-10       2.518460683981e-12       1.100466143466e-11       4.924144765144e-15       2.334009227434e-13       3.899568256089e-14       2.257380525659e-15 
  357       3.154465489349e-10       2.536605169635e-12       1.079387017429e-11       4.939464854588e-15       2.312628235430e-13       3.835492959863e-14       2.253051099737e-15 
  358       3.123656673788e-10       2.554400361935e-12       1.057995511363e-11       4.954768924510e-15       2.291508010179e-13       3.772156513333e-14       2.248491083678e-15 
  359       3.093372476714e-10       2.571837084160e-12       1.036301087190e-11       4.970060069496e-15       2.270643755015e-13       3.709564911900e-14       2.243708656939e-15 
  360       3.063619193988e-10       2.588906072393e-12       1.014313452994e-11       4.985341453462e-15       2.250030431458e-13       3.647723914900e-14       2.238712220201e-15 
  361       3.034403028406e-10       2.605597975202e-12       9.920425647437e-12       5.000616310100e-15       2.229662757136e-13       3.586639042893e-14       2.233510396949e-15 
  362       3.005730088397e-10       2.621903353311e-12       9.694986280222e-12       5.015887943332e-15       2.209535203713e-13       3.526315574966e-14       2.228112035056e-15 
  363       2.977606386729e-10       2.637812679277e-12       9.466920997498e-12       5.031159727767e-15       2.189641994812e-13       3.466758546027e-14       2.222526208373e-15 
  364       2.950037839206e-10       2.653316337167e-12       9.236336899089e-12       5.046435109147e-15       2.169977103942e-13       3.407972744100e-14       2.216762218310e-15 
  365       2.923030263372e-10       2.668404622234e-12       9.003343632704e-12       5.061717604802e-15       2.150534252420e-13       3.349962707625e-14       2.210829595423e-15 
  366       2.896589377214e-10       2.683067740588e-12       8.768053411179e-12       5.077010804102e-15       2.131306907298e-13       3.292732722753e-14       2.204738100998e-15 
  367       2.870720797860e-10       2.697295808878e-12       8.530581029732e-12       5.092318368912e-15       2.112288279287e-13       3.236286820642e-14       2.198497728639e-15 
  368       2.845430040284e-10       2.711078853965e-12       8.291043883218e-12       5.107644034039e-15       2.093471320683e-13       3.180628774757e-14       2.192118705850e-15 
  369       2.820722516004e-10       2.724406812596e-12       8.049561983375e-12       5.122991607691e-15       2.074848723289e-13       3.125762098162e-14       2.185611495621e-15 
  370       2.796603531788e-10       2.737269531082e-12       7.806257976079e-12       5.138364971923e-15       2.056412916344e-13       3.071690040820e-14       2.178986798015e-15 
  371       2.773077700803e-10       2.749658029309e-12       7.561248300544e-12       5.153767728794e-15       2.038157441419e-13       3.018414615372e-14       2.172253688041e-15 
  372       2.750147153329e-10       2.761568347947e-12       7.314616250395e-12       5.169202122639e-15       2.020081140652e-13       2.965933637988e-14       2.165413945734e-15 
  373       2.727813253539e-10       2.772997851034e-12       7.066437893082e-12       5.184670076543e-15       2.002184128211e-13       2.914243566512e-14       2.158467507484e-15 
  374       2.706077178924e-10       2.783943975994e-12       6.816790842361e-12       5.200173542981e-15       1.984466427226e-13       2.863340457994e-14       2.151414309699e-15 
  375       2.684939918490e-10       2.794404234412e-12       6.565754267844e-12       5.215714503957e-15       1.966927968912e-13       2.813219965143e-14       2.144254288767e-15 
  376       2.664402270947e-10       2.804376212804e-12       6.313408904550e-12       5.231294971158e-15       1.949568591688e-13       2.763877332779e-14       2.136987381023e-15 
  377       2.644464842897e-10       2.813857573401e-12       6.059837062453e-12       5.246916986089e-15       1.932388040307e-13       2.715307394287e-14       2.129613522714e-15 
  378       2.625128047026e-10       2.822846054916e-12       5.805122636036e-12       5.262582620222e-15       1.915385964970e-13       2.667504568066e-14       2.122132649962e-15 
  379       2.606392100297e-10       2.831339473323e-12       5.549351113834e-12       5.278293975141e-15       1.898561920450e-13       2.620462853981e-14       2.114544698731e-15 
  380       2.588257022138e-10       2.839335722631e-12       5.292609587990e-12       5.294053182684e-15       1.881915365219e-13       2.574175829819e-14       2.106849604787e-15 
  381       2.570722632634e-10       2.846832775657e-12       5.034986763801e-12       5.309862405086e-15       1.865445660564e-13       2.528636647735e-14       2.099047303670e-15 
  382       2.553788550717e-10       2.853828684808e-12       4.776572969271e-12       5.325723835129e-15       1.849152069711e-13       2.483838030711e-14       2.091137730652e-15 
  383       2.537454192359e-10       2.860321582847e-12       4.517460164657e-12       5.341639696281e-15       1.833033756951e-13       2.439772268999e-14       2.083120820707e-15 
  384       2.521718768758e-10       2.866309683672e-12       4.257741952023e-12       5.357612242842e-15       1.817089786757e-13       2.396431216583e-14       2.074996508471e-15 
  385       2.506581284534e-10       2.871791283095e-12       3.997513584784e-12       5.373643760089e-15       1.801319122906e-13       2.353806287623e-14       2.066764728211e-15 
  386       2.492040535916e-10       2.876764759610e-12       3.736871977264e-12       5.389736564419e-15       1.785720627607e-13       2.311888452910e-14       2.058425413785e-15 
  387       2.478095108935e-10       2.881228575171e-12       3.475915714239e-12       5.405893003496e-15       1.770293060617e-13       2.270668236320e-14       2.049978498613e-15 
  388       2.464743377612e-10       2.885181275970e-12       3.214745060487e-12       5.422115456392e-15       1.755035078367e-13       2.230135711262e-14       2.041423915635e-15 
  389       2.451983502154e-10       2.888621493207e-12       2.953461970344e-12       5.438406333731e-15       1.739945233080e-13       2.190280497133e-14       2.032761597280e-15 
  390       2.439813427137e-10       2.891547943867e-12       2.692170097247e-12       5.454768077840e-15       1.725021971898e-13       2.151091755767e-14       2.023991475432e-15 
  391       2.428230879704e-10       2.893959431497e-12       2.430974803288e-12       5.471203162883e-15       1.710263636002e-13       2.112558187891e-14       2.015113481388e-15 
  392       2.417233367751e-10       2.895854846979e-12       2.169983168760e-12       5.487714095014e-15       1.695668459733e-13       2.074668029574e-14       2.006127545832e-15 
  393       2.406818178121e-10       2.897233169305e-12       1.909304001711e-12       5.504303412518e-15       1.681234569716e-13       2.037409048679e-14       1.997033598790e-15 
  394       2.396982374792e-10       2.898093466352e-12       1.649047847492e-12       5.520973685954e-15       1.666959983980e-13       2.000768541317e-14       1.987831569603e-15 
  395       2.387722797068e-10       2.898434895658e-12       1.389326998306e-12       5.537727518301e-15       1.652842611082e-13       1.964733328297e-14       1.978521386888e-15 
  396       2.379036057774e-10       2.898256705196e-12       1.130255502759e-12       5.554567545103e-15       1.638880249229e-13       1.929289751578e-14       1.969102978501e-15 
  397       2.370918541438e-10       2.897558234150e-12       8.719491754090e-13       5.571496434612e-15       1.625070585400e-13       1.894423670724e-14       1.959576271506e-15 
  398       2.363366402492e-10       2.896338913689e-12       6.145256063161e-13       5.588516887933e-15       1.611411194468e-13       1.860120459350e-14       1.949941192136e-15 
  399       2.356375563455e-10       2.894598267743e-12       3.581041705926e-13       5.605631639166e-15       1.597899538320e-13       1.826365001580e-14       1.940197665760e-15 
  400       2.349941713128e-10       2.892335913777e-12       1.028060379527e-13       5.622843455556e-15       1.584532964982e-13       1.793141688496e-14       1.930345616848e-15 
  401       2.344060304781e-10       2.889551563567e-12      -1.512458177380e-13       5.640155137629e-15       1.571308707743e-13       1.760434414592e-14       1.920384968932e-15 
  402       2.338726554349e-10       2.886245023975e-12      -4.039266089126e-13       5.657569519346e-15       1.558223884270e-13       1.728226574220e-14       1.910315644576e-15 
  403       2.333935438616e-10       2.882416197723e-12      -6.551097247527e-13       5.675089468239e-15       1.545275495738e-13       1.696501058052e-14       1.900137565337e-15 
  404       2.329681693413e-10       2.878065084168e-12      -9.046667216391e-13       5.692717885559e-15       1.532460425946e-13       1.665240249522e-14       1.889850651731e-15 
  405       2.325959811803e-10       2.873191780078e-12      -1.152467313602e-12       5.710457706422e-15       1.519775440444e-13       1.634426021284e-14       1.879454823198e-15 
  406       2.322764042273e-10       2.867796480408e-12      -1.398379362770e-12       5.728311899949e-15       1.507217185652e-13       1.604039731665e-14       1.868949998065e-15 
  407       2.320088386929e-10       2.861879479072e-12      -1.642268869822e-12       5.746283469414e-15       1.494782187983e-13       1.574062221108e-14       1.858336093515e-15 
  408       2.317926599679e-10       2.855441169722e-12      -1.883999964437e-12       5.764375452385e-15       1.482466852965e-13       1.544473808637e-14       1.847613025547e-15 
  409       2.316272184430e-10       2.848482046517e-12      -2.123434895743e-12       5.782590920874e-15       1.470267464364e-13       1.515254288298e-14       1.836780708941e-15 
  410       2.315118827016e-10       2.841003387951e-12      -2.360448122985e-12       5.800932532574e-15       1.458180835914e-13       1.486386606405e-14       1.825839349274e-15 
  411       2.314461711524e-10       2.833009333422e-12      -2.594969156875e-12       5.819401166783e-15       1.446206293734e-13       1.457868043996e-14       1.814790330420e-15 
  412       2.314296247036e-10       2.824504881727e-12      -2.826941216853e-12       5.837997240457e-15       1.434343762401e-13       1.429699423469e-14       1.803635358412e-15 
  413       2.314617636603e-10       2.815495215926e-12      -3.056307268426e-12       5.856721152562e-15       1.422593118271e-13       1.401881462649e-14       1.792376172405e-15 
  414       2.315420875749e-10       2.805985704595e-12      -3.283010023656e-12       5.875573283910e-15       1.410954189066e-13       1.374414773859e-14       1.781014544853e-15 
  415       2.316700750969e-10       2.795981903095e-12      -3.506991941653e-12       5.894553996975e-15       1.399426753462e-13       1.347299862994e-14       1.769552281678e-15 
  416       2.318451838227e-10       2.785489554826e-12      -3.728195229066e-12       5.913663635722e-15       1.388010540676e-13       1.320537128592e-14       1.757991222443e-15 
  417       2.320668501456e-10       2.774514592494e-12      -3.946561840576e-12       5.932902525428e-15       1.376705230051e-13       1.294126860911e-14       1.746333240524e-15 
  418       2.323344891060e-10       2.763063139369e-12      -4.162033479385e-12       5.952270972512e-15       1.365510450643e-13       1.268069240998e-14       1.734580243288e-15 
  419       2.326474942411e-10       2.751141510550e-12      -4.374551597706e-12       5.971769264356e-15       1.354425780811e-13       1.242364339767e-14       1.722734172258e-15 
  420       2.330052374349e-10       2.738756214222e-12      -4.584057397258e-12       5.991397669129e-15       1.343450747799e-13       1.217012117066e-14       1.710797003292e-15 
  421       2.334070687685e-10       2.725913952920e-12      -4.790491829756e-12       6.011156435614e-15       1.332584827329e-13       1.192012420757e-14       1.698770746752e-15 
  422       2.338523163694e-10       2.712621624793e-12      -4.993795597401e-12       6.031045793032e-15       1.321827443180e-13       1.167364985782e-14       1.686657447677e-15 
  423       2.343402862620e-10       2.698886324859e-12      -5.193909153373e-12       6.051065950866e-15       1.311177966783e-13       1.143069433242e-14       1.674459185959e-15 
  424       2.348702622174e-10       2.684715346271e-12      -5.390772702319e-12       6.071217098685e-15       1.300635716802e-13       1.119125269469e-14       1.662178076511e-15 
  425       2.354415056035e-10       2.670116181580e-12      -5.584326200850e-12       6.091499405970e-15       1.290199958725e-13       1.095531885094e-14       1.649816269444e-15 
  426       2.360532552344e-10       2.655096523990e-12      -5.774509358028e-12       6.111913021940e-15       1.279869904447e-13       1.072288554128e-14       1.637375950236e-15 
  427       2.367047272212e-10       2.639664268627e-12      -5.961261635857e-12       6.132458075373e-15       1.269644711859e-13       1.049394433031e-14       1.624859339907e-15 
  428       2.373951148214e-10       2.623827513793e-12      -6.144522249776e-12       6.153134674433e-15       1.259523484436e-13       1.026848559782e-14       1.612268695191e-15 
  429       2.381235882888e-10       2.607594562236e-12      -6.324230169152e-12       6.173942906495e-15       1.249505270821e-13       1.004649852961e-14       1.599606308710e-15 
  430       2.388892947239e-10       2.590973922401e-12      -6.500324117766e-12       6.194882837967e-15       1.239589064414e-13       9.827971108124e-15       1.586874509144e-15 
  431       2.396913579236e-10       2.573974309702e-12      -6.672742574309e-12       6.215954514119e-15       1.229773802959e-13       9.612890103245e-15       1.574075661405e-15 
  432       2.405288782309e-10       2.556604647777e-12      -6.841423772873e-12       6.237157958903e-15       1.220058368129e-13       9.401241063002e-15       1.561212166813e-15 
  433       2.414009323855e-10       2.538874069749e-12      -7.006305703440e-12       6.258493174782e-15       1.210441585115e-13       9.193008304309e-15       1.548286463262e-15 
  434       2.423065733732e-10       2.520791919492e-12      -7.167326112372e-12       6.279960142551e-15       1.200922222211e-13       8.988174903691e-15       1.535301025397e-15 
  435       2.432448302760e-10       2.502367752889e-12      -7.324422502909e-12       6.301558821163e-15       1.191498990402e-13       8.786722688019e-15       1.522258364789e-15 
  436       2.442147081222e-10       2.483611339094e-12      -7.477532135653e-12       6.323289147553e-15       1.182170542952e-13       8.588632225241e-15       1.509161030101e-15 
  437       2.452151877363e-10       2.464532661793e-12      -7.626592029064e-12       6.345151036468e-15       1.172935474987e-13       8.393882815112e-15       1.496011607266e-15 
  438       2.462452255889e-10       2.445141920468e-12      -7.771538959947e-12       6.367144380280e-15       1.163792323086e-13       8.202452479929e-15       1.482812719659e-15 
  439       2.473037536466e-10       2.425449531655e-12      -7.912309463948e-12       6.389269048825e-15       1.154739564867e-13       8.014317955257e-15       1.469567028268e-15 
  440       2.483896792222e-10       2.405466130208e-12      -8.048839836042e-12       6.411524889214e-15       1.145775618572e-13       7.829454680665e-15       1.456277231868e-15 
  441       2.495018848243e-10       2.385202570559e-12      -8.181066131026e-12       6.433911725669e-15       1.136898842654e-13       7.647836790455e-15       1.442946067192e-15 
  442       2.506392280079e-10       2.364669927981e-12      -8.308924164011e-12       6.456429359340e-15       1.128107535368e-13       7.469437104396e-15       1.429576309108e-15 
  443       2.518005412233e-10       2.343879499846e-12      -8.432349510908e-12       6.479077568132e-15       1.119399934352e-13       7.294227118451e-15       1.416170770785e-15 
  444       2.529846316673e-10       2.322842806890e-12      -8.551277508927e-12       6.501856106533e-15       1.110774216217e-13       7.122176995515e-15       1.402732303871e-15 
  445       2.541902811322e-10       2.301571594475e-12      -8.665643257064e-12       6.524764705433e-15       1.102228496136e-13       6.953255556139e-15       1.389263798666e-15 
  446       2.554162458562e-10       2.280077833845e-12      -8.775381616591e-12       6.547803071952e-15       1.093760827425e-13       6.787430269268e-15       1.375768184289e-15 
  447       2.566612563732e-10       2.258373723395e-12      -8.880427211550e-12       6.570970889264e-15       1.085369201135e-13       6.624667242967e-15       1.362248428858e-15 
  448       2.579240173630e-10       2.236471689925e-12      -8.980714429245e-12       6.594267816422e-15       1.077051545637e-13       6.464931215157e-15       1.348707539658e-15 
  449       2.592033296259e-10       2.214383896573e-12      -9.076188893918e-12       6.617693254884e-15       1.068806079218e-13       6.308189067513e-15       1.335148185107e-15 
  450       2.604984606604e-10       2.192120746487e-12      -9.166842295662e-12       6.641245640133e-15       1.060632381267e-13       6.154420511248e-15       1.321571546827e-15 
  451       2.618087857856e-10       2.169692333197e-12      -9.252678689876e-12       6.664923126782e-15       1.052530354952e-13       6.003607728990e-15       1.307978430759e-15 
  452       2.631336670237e-10       2.147108930539e-12      -9.333703133262e-12       6.688723819486e-15       1.044499877138e-13       5.855731875717e-15       1.294369641952e-15 
  453       2.644724530221e-10       2.124380993621e-12      -9.409921691123e-12       6.712645772631e-15       1.036540798186e-13       5.710773071582e-15       1.280745984519e-15 
  454       2.658244789759e-10       2.101519159791e-12      -9.481341444669e-12       6.736686990016e-15       1.028652941751e-13       5.568710394736e-15       1.267108261580e-15 
  455       2.671890665507e-10       2.078534249608e-12      -9.547970498325e-12       6.760845424541e-15       1.020836104576e-13       5.429521874155e-15       1.253457275212e-15 
  456       2.685655238045e-10       2.055437267809e-12      -9.609817987038e-12       6.785118977896e-15       1.013090056288e-13       5.293184482459e-15       1.239793826397e-15 
  457       2.699531451110e-10       2.032239404280e-12      -9.666894083576e-12       6.809505500240e-15       1.005414539197e-13       5.159674128740e-15       1.226118714972e-15 
  458       2.713512110812e-10       2.008952035017e-12      -9.719210005838e-12       6.834002789894e-15       9.978092680916e-14       5.028965651384e-15       1.212432739571e-15 
  459       2.727589884868e-10       1.985586723105e-12      -9.766778024159e-12       6.858608593024e-15       9.902739300349e-14       4.901032810896e-15       1.198736697581e-15 
  460       2.741757301818e-10       1.962155219677e-12      -9.809611468614e-12       6.883320603327e-15       9.828081841616e-14       4.775848282721e-15       1.185031385085e-15 
  461       2.756006750258e-10       1.938669464889e-12      -9.847724736325e-12       6.908136461719e-15       9.754116614744e-14       4.653383650073e-15       1.171317596809e-15 
  462       2.770330478058e-10       1.915141588884e-12      -9.881133298764e-12       6.933053756018e-15       9.680839646403e-14       4.533609396754e-15       1.157596126076e-15 
  463       2.784720591592e-10       1.891583912764e-12      -9.909853709061e-12       6.958070020632e-15       9.608246677877e-14       4.416494899982e-15       1.143867764749e-15 
  464       2.799169054960e-10       1.868008949556e-12      -9.933903609307e-12       6.983182736245e-15       9.536333163023e-14       4.302008423209e-15       1.130133303180e-15 
  465       2.813667689215e-10       1.844429405181e-12      -9.953301737863e-12       7.008389329505e-15       9.465094266241e-14       4.190117108954e-15       1.116393530159e-15 
  466       2.828208171586e-10       1.820858179422e-12      -9.968067936660e-12       7.033687172706e-15       9.394524860436e-14       4.080786971618e-15       1.102649232862e-15 
  467       2.842782034703e-10       1.797308366895e-12      -9.978223158508e-12       7.059073583476e-15       9.324619524985e-14       3.973982890312e-15       1.088901196799e-15 
  468       2.857380665825e-10       1.773793258014e-12      -9.983789474401e-12       7.084545824464e-15       9.255372543703e-14       3.869668601681e-15       1.075150205762e-15 
  469       2.871995306059e-10       1.750326339961e-12      -9.984790080822e-12       7.110101103025e-15       9.186777902807e-14       3.767806692729e-15       1.061397041772e-15 
  470       2.886617049593e-10       1.726921297656e-12      -9.981249307049e-12       7.135736570908e-15       9.118829288881e-14       3.668358593638e-15       1.047642485029e-15 
  471       2.901236842911e-10       1.703592014721e-12      -9.973192622458e-12       7.161449323937e-15       9.051520086842e-14       3.571284570598e-15       1.033887313858e-15 
  472       2.915845484029e-10       1.680352574454e-12      -9.960646643831e-12       7.187236401706e-15       8.984843377908e-14       3.476543718626e-15       1.020132304661e-15 
  473       2.930433621710e-10       1.657217260792e-12      -9.943639142661e-12       7.213094787254e-15       8.918791937556e-14       3.384093954395e-15       1.006378231859e-15 
  474       2.944991754694e-10       1.634200559286e-12      -9.922199052455e-12       7.239021406761e-15       8.853358233495e-14       3.293892009051e-15       9.926258678449e-16 
  475       2.959510230923e-10       1.611317158062e-12      -9.896356476042e-12       7.265013129228e-15       8.788534423629e-14       3.205893421044e-15       9.788759829306e-16 
  476       2.973979246766e-10       1.588581948794e-12      -9.866142692879e-12       7.291066766165e-15       8.724312354018e-14       3.120052528948e-15       9.651293452937e-16 
  477       2.988388846239e-10       1.566010027672e-12      -9.831590166352e-12       7.317179071278e-15       8.660683556850e-14       3.036322464285e-15       9.513867209268e-16 
  478       3.002728920237e-10       1.543616696371e-12      -9.792732551086e-12       7.343346740155e-15       8.597639248402e-14       2.954655144350e-15       9.376488735853e-16 
  479       3.016989205756e-10       1.521417463015e-12      -9.749604700249e-12       7.369566409949e-15       8.535170327006e-14       2.875001265034e-15       9.239165647352e-16 
  480       3.031159285116e-10       1.499428043152e-12      -9.702242672855e-12       7.395834659067e-15       8.473267371017e-14       2.797310293649e-15       9.101905535017e-16 
  481       3.045228585187e-10       1.477664360718e-12      -9.650683741073e-12       7.422148006857e-15       8.411920636773e-14       2.721530461751e-15       8.964715966167e-16 
  482       3.059186376616e-10       1.456142549006e-12      -9.594966397530e-12       7.448502913292e-15       8.351120056566e-14       2.647608757964e-15       8.827604483674e-16 
  483       3.073021773050e-10       1.434878951637e-12      -9.535130362618e-12       7.474895778655e-15       8.290855236602e-14       2.575490920806e-15       8.690578605440e-16 
  484       3.086723730361e-10       1.413890123525e-12      -9.471216591796e-12       7.501322943229e-15       8.231115454973e-14       2.505121431507e-15       8.553645823881e-16 
  485       3.100281045872e-10       1.393192831846e-12      -9.403267282899e-12       7.527780686981e-15       8.171889659614e-14       2.436443506842e-15       8.416813605404e-16 
  486       3.113682357579e-10       1.372804057010e-12      -9.331325883443e-12       7.554265229245e-15       8.113166466275e-14       2.369399091945e-15       8.280089389892e-16 
  487       3.126916143380e-10       1.352740993626e-12      -9.255437097928e-12       7.580772728414e-15       8.054934156484e-14       2.303928853141e-15       8.143480590183e-16 
  488       3.139972136761e-10       1.333019443152e-12      -9.175649015566e-12       7.607299451000e-15       7.997182597399e-14       2.239982479673e-15       8.006995016770e-16 
  489       3.152845621854e-10       1.313648937181e-12      -9.092019548365e-12       7.633842285000e-15       7.939909068451e-14       2.177549941242e-15       7.870642166889e-16 
  490       3.165533264864e-10       1.294637470719e-12      -9.004610199320e-12       7.660398241215e-15       7.883112604352e-14       2.116631147942e-15       7.734431972831e-16 
  491       3.178031709118e-10       1.275993097515e-12      -8.913483967690e-12       7.686964285024e-15       7.826792087842e-14       2.057225723597e-15       7.598374379889e-16 
  492       3.190337574998e-10       1.257723930225e-12      -8.818705357374e-12       7.713537336158e-15       7.770946248627e-14       1.999333003773e-15       7.462479346053e-16 
  493       3.202447459887e-10       1.239838140572e-12      -8.720340385277e-12       7.740114268469e-15       7.715573662305e-14       1.942952033782e-15       7.326756841705e-16 
  494       3.214357938095e-10       1.222343959503e-12      -8.618456589687e-12       7.766691909705e-15       7.660672749298e-14       1.888081566691e-15       7.191216849314e-16 
  495       3.226065560807e-10       1.205249677348e-12      -8.513123038642e-12       7.793267041275e-15       7.606241773788e-14       1.834720061333e-15       7.055869363130e-16 
  496       3.237566856013e-10       1.188563643985e-12      -8.404410338306e-12       7.819836398027e-15       7.552278842646e-14       1.782865680309e-15       6.920724388879e-16 
  497       3.248858328446e-10       1.172294268994e-12      -8.292390641336e-12       7.846396668015e-15       7.498781904363e-14       1.732516288001e-15       6.785791943458e-16 
  498       3.259936459523e-10       1.156450021819e-12      -8.177137655258e-12       7.872944492273e-15       7.445748747982e-14       1.683669448580e-15       6.651082054627e-16 
  499       3.270797707280e-10       1.141039431928e-12      -8.058726650837e-12       7.899476464582e-15       7.393177002031e-14       1.636322424008e-15       6.516604760710e-16 
  500       3.281438506306e-10       1.126071088971e-12      -7.937234470446e-12       7.925989131247e-15       7.341064133456e-14       1.590472172054e-15       6.382370110281e-16 
  501       3.291855267686e-10       1.111553642944e-12      -7.812739536443e-12       7.952478990864e-15       7.289407446549e-14       1.546115344296e-15       6.248388161866e-16 
  502       3.302044378935e-10       1.097495804341e-12      -7.685321859537e-12       7.978942494093e-15       7.238204081883e-14       1.503248284130e-15       6.114668983634e-16 
  503       3.312002203935e-10       1.083906344322e-12      -7.555063047165e-12       8.005376043429e-15       7.187451015240e-14       1.461867024781e-15       5.981222653093e-16 
  504       3.321725082874e-10       1.070794094866e-12      -7.422046311858e-12       8.031775992971e-15       7.137145056548e-14       1.421967287307e-15       5.848059256784e-16 
  505       3.331209332181e-10       1.058167948936e-12      -7.286356479618e-12       8.058138648200e-15       7.087282848810e-14       1.383544478609e-15       5.715188889976e-16 
  506       3.340451244463e-10       1.046036860635e-12      -7.148079998287e-12       8.084460265742e-15       7.037860867034e-14       1.346593689439e-15       5.582621656359e-16 
  507       3.349447088447e-10       1.034409845367e-12      -7.007304945918e-12       8.110737053143e-15       6.988875417168e-14       1.311109692407e-15       5.450367667743e-16 
  508       3.358193108911e-10       1.023295979996e-12      -6.864121039148e-12       8.136965168643e-15       6.940322635029e-14       1.277086939989e-15       5.318437043747e-16 
  509       3.366685526624e-10       1.012704403006e-12      -6.718619641570e-12       8.163140720943e-15       6.892198485238e-14       1.244519562535e-15       5.186839911499e-16 
  510       3.374920538285e-10       1.002644314663e-12      -6.570893772102e-12       8.189259768976e-15       6.844498760148e-14       1.213401366277e-15       5.055586405325e-16 
  511       3.382894316456e-10       9.931249771712e-13      -6.421038113362e-12       8.215318321682e-15       6.797219078779e-14       1.183725831340e-15       4.924686666450e-16 
  512       3.390603009502e-10       9.841557148329e-13      -6.269149020039e-12       8.241312337778e-15       6.750354885748e-14       1.155486109743e-15       4.794150842689e-16 
  513       3.398042741530e-10       9.757459142107e-13      -6.115324527262e-12       8.267237725528e-15       6.703901450200e-14       1.128675023412e-15       4.663989088139e-16 
  514       3.405209612321e-10       9.679050242854e-13      -5.959664358974e-12       8.293090342512e-15       6.657853864743e-14       1.103285062188e-15       4.534211562881e-16 
  515       3.412099697272e-10       9.606425566161e-13      -5.802269936303e-12       8.318865995405e-15       6.612207044375e-14       1.079308381832e-15       4.404828432668e-16 
  516       3.418709047330e-10       9.539680854996e-13      -5.643244385935e-12       8.344560439740e-15       6.566955725421e-14       1.056736802037e-15       4.275849868622e-16 
  517       3.425033688931e-10       9.478912481305e-13      -5.482692548484e-12       8.370169379684e-15       6.522094464461e-14       1.035561804431e-15       4.147286046931e-16 
  518       3.431069623938e-10       9.424217447605e-13      -5.320720986862e-12       8.395688467808e-15       6.477617637263e-14       1.015774530588e-15       4.019147148538e-16 
  519       3.436812829575e-10       9.375693388581e-13      -5.157437994654e-12       8.421113304856e-15       6.433519437715e-14       9.973657800361e-16       3.891443358842e-16 
  520       3.442259258368e-10       9.333438572687e-13      -4.992953604491e-12       8.446439439522e-15       6.389793876756e-14       9.803260082642e-16       3.764184867389e-16 
  521       3.447404838079e-10       9.297551903736e-13      -4.827379596415e-12       8.471662368215e-15       6.346434781309e-14       9.646453247304e-16       3.637381867567e-16 
  522       3.452245471644e-10       9.268132922502e-13      -4.660829506257e-12       8.496777534835e-15       6.303435793211e-14       9.503134908696e-16       3.511044556301e-16 
  523       3.456777037113e-10       9.245281808316e-13      -4.493418634005e-12       8.521780330540e-15       6.260790368146e-14       9.373199181020e-16       3.385183133748e-16 
  524       3.460995387584e-10       9.229099380659e-13      -4.325264052178e-12       8.546666093522e-15       6.218491774578e-14       9.256536658406e-16       3.259807802991e-16 
  525       3.464896351141e-10       9.219687100763e-13      -4.156484614197e-12       8.571430108774e-15       6.176533092680e-14       9.153034394990e-16       3.134928769735e-16 
  526       3.468475730790e-10       9.217147073205e-13      -3.987200962754e-12       8.596067607864e-15       6.134907213266e-14       9.062575884996e-16       3.010556242001e-16 
  527       3.471730241370e-10       9.221564115816e-13      -3.817527047669e-12       8.620574252515e-15       6.093607963868e-14       8.985036717049e-16       2.886700436415e-16 
  528       3.474660348833e-10       9.232951421786e-13      -3.647544404916e-12       8.644947600495e-15       6.052633523311e-14       8.920271445628e-16       2.763371597903e-16 
  529       3.477267509251e-10       9.251303400129e-13      -3.477327183808e-12       8.669185679758e-15       6.011983099324e-14       8.868126317765e-16       2.640579979938e-16 
  530       3.479553239272e-10       9.276613465518e-13      -3.306950577959e-12       8.693286508276e-15       5.971655809348e-14       8.828443544286e-16       2.518335837692e-16 
  531       3.481519116462e-10       9.308874032150e-13      -3.136490829996e-12       8.717248094018e-15       5.931650679954e-14       8.801061278027e-16       2.396649427735e-16 
  532       3.483166779650e-10       9.348076507606e-13      -2.966025236272e-12       8.741068434929e-15       5.891966646259e-14       8.785813592044e-16       2.275531007731e-16 
  533       3.484497929269e-10       9.394211286720e-13      -2.795632151570e-12       8.764745518914e-15       5.852602551346e-14       8.782530457826e-16       2.154990836135e-16 
  534       3.485514327692e-10       9.447267745437e-13      -2.625390993820e-12       8.788277323813e-15       5.813557145681e-14       8.791037723514e-16       2.035039171892e-16 
  535       3.486217799579e-10       9.507234234681e-13      -2.455382248804e-12       8.811661817383e-15       5.774829086530e-14       8.811157092108e-16       1.915686274135e-16 
  536       3.486610232217e-10       9.574098074215e-13      -2.285687474868e-12       8.834896957278e-15       5.736416937379e-14       8.842706099685e-16       1.796942401878e-16 
  537       3.486693575858e-10       9.647845546506e-13      -2.116389307633e-12       8.857980691031e-15       5.698319167348e-14       8.885498093610e-16       1.678817813720e-16 
  538       3.486469844066e-10       9.728461890589e-13      -1.947571464702e-12       8.880910956028e-15       5.660534150613e-14       8.939342210752e-16       1.561322767538e-16 
  539       3.485941114052e-10       9.815931295932e-13      -1.779318750373e-12       8.903685679495e-15       5.623060165824e-14       9.004043355696e-16       1.444467520186e-16 
  540       3.485109527019e-10       9.910236896295e-13      -1.611717060349e-12       8.926302778473e-15       5.585895395517e-14       9.079402178957e-16       1.328262327192e-16 
  541       3.483977288505e-10       1.001136076360e-12      -1.444853386444e-12       8.948760159799e-15       5.549037925539e-14       9.165215055194e-16       1.212717442457e-16 
  542       3.482546668719e-10       1.011928390178e-12      -1.278815821298e-12       8.971055720088e-15       5.512485744461e-14       9.261274061420e-16       1.097843117949e-16 
  543       3.480820002886e-10       1.023398624067e-12      -1.113693563086e-12       8.993187345711e-15       5.476236742999e-14       9.367366955223e-16       9.836496034049e-17 
  544       3.478799691588e-10       1.035544662983e-12      -9.495769202257e-13       9.015152912774e-15       5.440288713429e-14       9.483277152974e-16       8.701471460258e-17 
  545       3.476488201105e-10       1.048364283247e-12      -7.865573160892e-13       9.036950287101e-15       5.404639349008e-14       9.608783708039e-16       7.573459901741e-17 
  546       3.473888063755e-10       1.061855151924e-12      -6.247272937131e-13       9.058577324210e-15       5.369286243389e-14       9.743661288999e-16       6.452563770716e-17 
  547       3.471001878237e-10       1.076014826213e-12      -4.641805205083e-13       9.080031869296e-15       5.334226890039e-14       9.887680157859e-16       5.338885444972e-17 
  548       3.467832309972e-10       1.090840752837e-12      -3.050117929698e-13       9.101311757211e-15       5.299458681659e-14       1.004060614826e-15       4.232527264839e-17 
  549       3.464382091441e-10       1.106330267422e-12      -1.473170413873e-13       9.122414812441e-15       5.264978909603e-14       1.020220064370e-15       3.133591530170e-17 
  550       3.460654022534e-10       1.122480593887e-12       8.806665445239e-15       9.143338849089e-15       5.230784763288e-14       1.037222055574e-15       2.042180497308e-17 
  551       3.456650970882e-10       1.139288843833e-12       1.632611155194e-13       9.164081670853e-15       5.196873329623e-14       1.055041830223e-15       9.583963760676e-18 
  552       3.452375872206e-10       1.156752015925e-12       3.159469489022e-13       9.184641071007e-15       5.163241592418e-14       1.073654178548e-15      -1.176586732943e-18 
  553       3.447831730652e-10       1.174866995279e-12       4.667636530259e-13       9.205014832380e-15       5.129886431806e-14       1.093033437055e-15      -1.185882543101e-17 
  554       3.443021619138e-10       1.193630552852e-12       6.156095579786e-13       9.225200727338e-15       5.096804623660e-14       1.113153486340e-15      -2.246173181281e-17 
  555       3.437948679690e-10       1.213039344824e-12       7.623818317931e-13       9.245196517759e-15       5.063992839011e-14       1.133987748911e-15      -3.298428594394e-17 
  556       3.432616123789e-10       1.233089911986e-12       9.069764757381e-13       9.264999955019e-15       5.031447643465e-14       1.155509187013e-15      -4.342546850656e-17 
  557       3.427027232706e-10       1.253778679126e-12       1.049288319607e-12       9.284608779969e-15       4.999165496621e-14       1.177690300447e-15      -5.378426082962e-17 
  558       3.421185357847e-10       1.275101954419e-12       1.189211017009e-12       9.304020722913e-15       4.967142751492e-14       1.200503124390e-15      -6.405964491916e-17 
  559       3.415093921096e-10       1.297055928807e-12       1.326637040658e-12       9.323233503594e-15       4.935375653917e-14       1.223919227218e-15      -7.425060348848e-17 
  560       3.408756415151e-10       1.319636675388e-12       1.461457677662e-12       9.342244831165e-15       4.903860341984e-14       1.247909708328e-15      -8.435611998847e-17 
  561       3.402176403870e-10       1.342840148806e-12       1.593563024817e-12       9.361052404177e-15       4.872592845446e-14       1.272445195958e-15      -9.437517863780e-17 
  562       3.395357522610e-10       1.366662184632e-12       1.722841983891e-12       9.379653910555e-15       4.841569085138e-14       1.297495845010e-15      -1.043067644532e-16 
  563       3.388303478569e-10       1.391098498752e-12       1.849182256917e-12       9.398047027579e-15       4.810784872394e-14       1.323031334868e-15      -1.141498632797e-16 
  564       3.381018051127e-10       1.416144686756e-12       1.972470341486e-12       9.416229421862e-15       4.780235908471e-14       1.349020867224e-15      -1.239034618210e-16 
  565       3.373505092187e-10       1.441796223321e-12       2.092591526031e-12       9.434198749333e-15       4.749917783958e-14       1.375433163895e-15      -1.335665476693e-16 
  566       3.365768622539e-10       1.468047667213e-12       2.209443790277e-12       9.451953134765e-15       4.719826650996e-14       1.402239989342e-15      -1.431382848220e-16 
  567       3.357813122978e-10       1.494890255057e-12       2.322979909081e-12       9.469492623960e-15       4.689961260104e-14       1.429426822204e-15      -1.526185451301e-16 
  568       3.349643251351e-10       1.522314244450e-12       2.433166422473e-12       9.486817768885e-15       4.660320974602e-14       1.456982454006e-15      -1.620073905813e-16 
  569       3.341263747584e-10       1.550309701840e-12       2.539969829009e-12       9.503929151661e-15       4.630905102227e-14       1.484895488443e-15      -1.713048991473e-16 
  570       3.332679434065e-10       1.578866501613e-12       2.643356586249e-12       9.520827384720e-15       4.601712894803e-14       1.513154340518e-15      -1.805111648797e-16 
  571       3.323895216016e-10       1.607974325184e-12       2.743293111255e-12       9.537513110970e-15       4.572743547908e-14       1.541747235690e-15      -1.896262980054e-16 
  572       3.314916081874e-10       1.637622660083e-12       2.839745781075e-12       9.553987003945e-15       4.543996200547e-14       1.570662209001e-15      -1.986504250229e-16 
  573       3.305747103666e-10       1.667800799048e-12       2.932680933235e-12       9.570249767975e-15       4.515469934818e-14       1.599887104227e-15      -2.075836887980e-16 
  574       3.296393437387e-10       1.698497839115e-12       3.022064866228e-12       9.586302138336e-15       4.487163775585e-14       1.629409573009e-15      -2.164262486599e-16 
  575       3.286860323377e-10       1.729702680701e-12       3.107863840003e-12       9.602144881415e-15       4.459076690144e-14       1.659217073996e-15      -2.251782804965e-16 
  576       3.277153086698e-10       1.761404026701e-12       3.190044076455e-12       9.617778794867e-15       4.431207587893e-14       1.689296871985e-15      -2.338399768509e-16 
  577       3.267277137511e-10       1.793590381572e-12       3.268571759915e-12       9.633204707774e-15       4.403555320005e-14       1.719636037057e-15      -2.424115470168e-16 
  578       3.257237971456e-10       1.826250050425e-12       3.343413037635e-12       9.648423480805e-15       4.376118679092e-14       1.750221443720e-15      -2.508932171349e-16 
  579       3.247041170023e-10       1.859371138114e-12       3.414534020284e-12       9.663436006376e-15       4.348896398878e-14       1.781039770046e-15      -2.592852302881e-16 
  580       3.236692400937e-10       1.892941548324e-12       3.481900782435e-12       9.678243208806e-15       4.321887153868e-14       1.812077496812e-15      -2.675878465978e-16 
  581       3.226197418527e-10       1.926948982662e-12       3.545479363050e-12       9.692846044482e-15       4.295089559017e-14       1.843320906636e-15      -2.758013433197e-16 
  582       3.215562064111e-10       1.961380939743e-12       3.605235765976e-12       9.707245502011e-15       4.268502169399e-14       1.874756083121e-15      -2.839260149396e-16 
  583       3.204792266368e-10       1.996224714285e-12       3.661135960431e-12       9.721442602384e-15       4.242123479877e-14       1.906368909990e-15      -2.919621732695e-16 
  584       3.193894041716e-10       2.031467396193e-12       3.713145881493e-12       9.735438399136e-15       4.215951924772e-14       1.938145070231e-15      -2.999101475429e-16 
  585       3.182873494691e-10       2.067095869652e-12       3.761231430591e-12       9.749233978501e-15       4.189985877532e-14       1.970070045227e-15      -3.077702845113e-16 
  586       3.171736818322e-10       2.103096812213e-12       3.805358475994e-12       9.762830459576e-15       4.164223650405e-14       2.002129113906e-15      -3.155429485399e-16 
  587       3.160490294511e-10       2.139456693885e-12       3.845492853299e-12       9.776228994475e-15       4.138663494102e-14       2.034307351873e-15      -3.232285217030e-16 
  588       3.149140294407e-10       2.176161776223e-12       3.881600365922e-12       9.789430768492e-15       4.113303597472e-14       2.066589630551e-15      -3.308274038807e-16 
  589       3.137693278785e-10       2.213198111418e-12       3.913646785587e-12       9.802437000262e-15       4.088142087169e-14       2.098960616322e-15      -3.383400128539e-16 
  590       3.126155798424e-10       2.250551541386e-12       3.941597852816e-12       9.815248941913e-15       4.063177027321e-14       2.131404769665e-15      -3.457667844008e-16 
  591       3.114534494480e-10       2.288207696856e-12       3.965419277417e-12       9.827867879234e-15       4.038406419201e-14       2.163906344295e-15      -3.531081723926e-16 
  592       3.102836098869e-10       2.326151996462e-12       3.985076738973e-12       9.840295131828e-15       4.013828200896e-14       2.196449386305e-15      -3.603646488891e-16 
  593       3.091067434640e-10       2.364369645831e-12       4.000535887335e-12       9.852532053272e-15       3.989440246975e-14       2.229017733299e-15      -3.675367042350e-16 
  594       3.079235416356e-10       2.402845636671e-12       4.011762343108e-12       9.864580031279e-15       3.965240368160e-14       2.261595013541e-15      -3.746248471554e-16 
  595       3.067347050464e-10       2.441564745863e-12       4.018721698140e-12       9.876440487856e-15       3.941226310996e-14       2.294164645083e-15      -3.816296048518e-16 
  596       3.055409435682e-10       2.480511534547e-12       4.021379516014e-12       9.888114879463e-15       3.917395757517e-14       2.326709834915e-15      -3.885515230981e-16 
  597       3.043429763368e-10       2.519670347216e-12       4.019701332536e-12       9.899604697170e-15       3.893746324921e-14       2.359213578097e-15      -3.953911663363e-16 
  598       3.031415317901e-10       2.559025310799e-12       4.013652656224e-12       9.910911466821e-15       3.870275565233e-14       2.391658656901e-15      -4.021491177725e-16 
  599       3.019373477059e-10       2.598560333756e-12       4.003198968800e-12       9.922036749188e-15       3.846980964979e-14       2.424027639950e-15      -4.088259794724e-16 
  600       3.007311712392e-10       2.638259105165e-12       3.988305725674e-12       9.932982140136e-15       3.823859944854e-14       2.456302881359e-15      -4.154223724577e-16 
  601       2.995237589603e-10       2.678105093810e-12       3.968938356440e-12       9.943749270777e-15       3.800909859392e-14       2.488466519871e-15      -4.219389368018e-16 
  602       2.983158768926e-10       2.718081547273e-12       3.945062265360e-12       9.954339807631e-15       3.778127996634e-14       2.520500477998e-15      -4.283763317254e-16 
  603       2.971083005498e-10       2.758171491023e-12       3.916642831856e-12       9.964755452786e-15       3.755511577799e-14       2.552386461163e-15      -4.347352356925e-16 
  604       2.959018149742e-10       2.798357727501e-12       3.883645411000e-12       9.974997944058e-15       3.733057756953e-14       2.584105956833e-15      -4.410163465066e-16 
  605       2.946971529924e-10       2.838623665122e-12       3.846046174778e-12       9.985069201425e-15       3.710764041126e-14       2.615643803019e-15      -4.472201612080e-16 
  606       2.934948082743e-10       2.878955829020e-12       3.803864921607e-12       9.994971769901e-15       3.688629562445e-14       2.646998989867e-15      -4.533463097524e-16 
  607       2.922952178471e-10       2.919341408961e-12       3.757133057813e-12       1.000470838764e-14       3.666653835983e-14       2.678174116461e-15      -4.593942054777e-16 
  608       2.910988234876e-10       2.959767434264e-12       3.705882832391e-12       1.001428184084e-14       3.644836341887e-14       2.709171845311e-15      -4.653632638729e-16 
  609       2.899060717390e-10       3.000220773167e-12       3.650147341045e-12       1.002369496392e-14       3.623176525186e-14       2.739994902665e-15      -4.712529026028e-16 
  610       2.887174139290e-10       3.040688132186e-12       3.589960530220e-12       1.003295063978e-14       3.601673795597e-14       2.770646078816e-15      -4.770625415309e-16 
  611       2.875333061867e-10       3.081156055478e-12       3.525357201144e-12       1.004205179996e-14       3.580327527336e-14       2.801128228406e-15      -4.827916027439e-16 
  612       2.863542094606e-10       3.121610924199e-12       3.456373013864e-12       1.005100142487e-14       3.559137058918e-14       2.831444270740e-15      -4.884395105751e-16 
  613       2.851805895360e-10       3.162038955865e-12       3.383044491285e-12       1.005980254399e-14       3.538101692972e-14       2.861597190086e-15      -4.940056916283e-16 
  614       2.840129170522e-10       3.202426203718e-12       3.305409023206e-12       1.006845823608e-14       3.517220696043e-14       2.891590035991e-15      -4.994895748018e-16 
  615       2.828516675203e-10       3.242758556079e-12       3.223504870358e-12       1.007697162937e-14       3.496493298399e-14       2.921425923579e-15      -5.048905913117e-16 
  616       2.816973213405e-10       3.283021735717e-12       3.137371168443e-12       1.008534590182e-14       3.475918693841e-14       2.951108033868e-15      -5.102081747163e-16 
  617       2.805503638199e-10       3.323201299204e-12       3.047047932169e-12       1.009358428126e-14       3.455496039508e-14       2.980639614071e-15      -5.154417609393e-16 
  618       2.794112851896e-10       3.363282636278e-12       2.952576059291e-12       1.010169004563e-14       3.435224455683e-14       3.010023977908e-15      -5.205907882941e-16 
  619       2.782805806225e-10       3.403250969204e-12       2.853997334647e-12       1.010966652320e-14       3.415103025603e-14       3.039264505908e-15      -5.256546975074e-16 
  620       2.771587502507e-10       3.443091352137e-12       2.751354434194e-12       1.011751709275e-14       3.395130795265e-14       3.068364645723e-15      -5.306329317427e-16 
  621       2.760462991828e-10       3.482788670479e-12       2.644690929048e-12       1.012524518378e-14       3.375306773231e-14       3.097327912433e-15      -5.355249366248e-16 
  622       2.749437375218e-10       3.522327640241e-12       2.534051289522e-12       1.013285427675e-14       3.355629930437e-14       3.126157888850e-15      -5.403301602628e-16 
  623       2.738515803822e-10       3.561692807407e-12       2.419480889161e-12       1.014034790325e-14       3.336099199999e-14       3.154858225833e-15      -5.450480532745e-16 
  624       2.727703479080e-10       3.600868547291e-12       2.301026008783e-12       1.014772964621e-14       3.316713477024e-14       3.183432642587e-15      -5.496780688098e-16 
  625       2.717005652894e-10       3.639839063902e-12       2.178733840512e-12       1.015500314013e-14       3.297471618408e-14       3.211884926980e-15      -5.542196625749e-16 
  626       2.706427627811e-10       3.678588389300e-12       2.052652491820e-12       1.016217207128e-14       3.278372442654e-14       3.240218935841e-15      -5.586722928555e-16 
  627       2.695974757195e-10       3.717100382960e-12       1.922830989566e-12       1.016924017788e-14       3.259414729671e-14       3.268438595275e-15      -5.630354205412e-16 
  628       2.685652445398e-10       3.755358731135e-12       1.789319284025e-12       1.017621125035e-14       3.240597220584e-14       3.296547900967e-15      -5.673085091490e-16 
  629       2.675466147943e-10       3.793346946211e-12       1.652168252937e-12       1.018308913148e-14       3.221918617542e-14       3.324550918490e-15      -5.714910248472e-16 
  630       2.665421371693e-10       3.831048366075e-12       1.511429705536e-12       1.018987771666e-14       3.203377583523e-14       3.352451783613e-15      -5.755824364790e-16 
  631       2.655523675025e-10       3.868446153468e-12       1.367156386591e-12       1.019658095409e-14       3.184972742141e-14       3.380254702610e-15      -5.795822155864e-16 
  632       2.645778668012e-10       3.905523295355e-12       1.219401980444e-12       1.020320284495e-14       3.166702677457e-14       3.407963952565e-15      -5.834898364343e-16 
  633       2.636192012590e-10       3.942262602278e-12       1.068221115048e-12       1.020974744366e-14       3.148565933779e-14       3.435583881680e-15      -5.873047760337e-16 
  634       2.626769422738e-10       3.978646707722e-12       9.136693660017e-13       1.021621885805e-14       3.130561015477e-14       3.463118909585e-15      -5.910265141661e-16 
  635       2.617516664651e-10       4.014658067473e-12       7.558032605903e-13       1.022262124958e-14       3.112686386782e-14       3.490573527642e-15      -5.946545334067e-16 
  636       2.608439556916e-10       4.050278958980e-12       5.946802818221e-13       1.022895883354e-14       3.094940471602e-14       3.517952299257e-15      -5.981883191488e-16 
  637       2.599543970686e-10       4.085491480717e-12       4.303588724656e-13       1.023523587927e-14       3.077321653320e-14       3.545259860183e-15      -6.016273596272e-16 
  638       2.590835829854e-10       4.120277551543e-12       2.628984390881e-13       1.024145671036e-14       3.059828274607e-14       3.572500918831e-15      -6.049711459420e-16 
  639       2.582321111232e-10       4.154618910062e-12       9.235935609242e-14       1.024762570485e-14       3.042458637226e-14       3.599680256574e-15      -6.082191720827e-16 
  640       2.574005844722e-10       4.188497113985e-12      -8.119703024473e-14       1.025374729545e-14       3.025211001843e-14       3.626802728061e-15      -6.113709349515e-16 
  641       2.565896113491e-10       4.221893539493e-12      -2.577083977355e-13       1.025982596973e-14       3.008083587829e-14       3.653873261517e-15      -6.144259343878e-16 
  642       2.557998054149e-10       4.254789380592e-12      -4.371114442430e-13       1.026586627035e-14       2.991074573070e-14       3.680896859054e-15      -6.173836731911e-16 
  643       2.550317856922e-10       4.287165648480e-12      -6.193418836439e-13       1.027187279526e-14       2.974182093772e-14       3.707878596982e-15      -6.202436571457e-16 
  644       2.542860910302e-10       4.319005205864e-12      -8.043330310437e-13       1.027784990217e-14       2.957404509239e-14       3.734821648900e-15      -6.230055435614e-16 
  645       2.535629213399e-10       4.350298921751e-12      -9.920115314495e-13       1.028380081435e-14       2.940741203151e-14       3.761721305259e-15      -6.256695905404e-16 
  646       2.528623905373e-10       4.381039654675e-12      -1.182301526452e-12       1.028972849501e-14       2.924191800037e-14       3.788570819070e-15      -6.282362179245e-16 
  647       2.521846115591e-10       4.411220230304e-12      -1.375126051785e-12       1.029563594132e-14       2.907755901831e-14       3.815363370601e-15      -6.307058597649e-16 
  648       2.515296963551e-10       4.440833441382e-12      -1.570407032881e-12       1.030152618451e-14       2.891433087755e-14       3.842092067113e-15      -6.330789643890e-16 
  649       2.508977558813e-10       4.469872047683e-12      -1.768065280426e-12       1.030740229003e-14       2.875222914206e-14       3.868749942593e-15      -6.353559944663e-16 
  650       2.502889000922e-10       4.498328775959e-12      -1.968020485912e-12       1.031326735763e-14       2.859124914637e-14       3.895329957495e-15      -6.375374270762e-16 
  651       2.497032379340e-10       4.526196319884e-12      -2.170191217197e-12       1.031912452151e-14       2.843138599439e-14       3.921824998473e-15      -6.396237537740e-16 
  652       2.491408773373e-10       4.553467340009e-12      -2.374494914051e-12       1.032497695044e-14       2.827263455829e-14       3.948227878119e-15      -6.416154806575e-16 
  653       2.486019252096e-10       4.580134463710e-12      -2.580847883722e-12       1.033082784785e-14       2.811498947730e-14       3.974531334700e-15      -6.435131284344e-16 
  654       2.480864874286e-10       4.606190285131e-12      -2.789165296482e-12       1.033668045200e-14       2.795844515657e-14       4.000728031891e-15      -6.453172324882e-16 
  655       2.475946688345e-10       4.631627365141e-12      -2.999361181184e-12       1.034253803607e-14       2.780299576598e-14       4.026810558517e-15      -6.470283429456e-16 
  656       2.471265732229e-10       4.656438231277e-12      -3.211348420820e-12       1.034840390828e-14       2.764863523900e-14       4.052771428284e-15      -6.486470247426e-16 
  657       2.466823033379e-10       4.680615377694e-12      -3.425038748071e-12       1.035428141202e-14       2.749535727151e-14       4.078603079517e-15      -6.501738576916e-16 
  658       2.462619608644e-10       4.704151265116e-12      -3.640342740867e-12       1.036017392599e-14       2.734315532065e-14       4.104297874900e-15      -6.516094365480e-16 
  659       2.458656464211e-10       4.727038320783e-12      -3.857169817936e-12       1.036608486428e-14       2.719202260364e-14       4.129848101206e-15      -6.529543710767e-16 
  660       2.454934595536e-10       4.749268938400e-12      -4.075428234363e-12       1.037201767654e-14       2.704195209663e-14       4.155245969039e-15      -6.542092861191e-16 
  661       2.451454987265e-10       4.770835478085e-12      -4.295025077145e-12       1.037797584806e-14       2.689293653351e-14       4.180483612567e-15      -6.553748216599e-16 
  662       2.448218613168e-10       4.791730266322e-12      -4.515866260742e-12       1.038396289992e-14       2.674496840480e-14       4.205553089261e-15      -6.564516328931e-16 
  663       2.445226436064e-10       4.811945595903e-12      -4.737856522635e-12       1.038998238908e-14       2.659803995642e-14       4.230446379628e-15      -6.574403902895e-16 
  664       2.442479407747e-10       4.831473725882e-12      -4.960899418880e-12       1.039603790855e-14       2.645214318858e-14       4.255155386951e-15      -6.583417796631e-16 
  665       2.439978468920e-10       4.850306881523e-12      -5.184897319664e-12       1.040213308747e-14       2.630726985456e-14       4.279671937022e-15      -6.591565022377e-16 
  666       2.437724549116e-10       4.868437254247e-12      -5.409751404856e-12       1.040827159125e-14       2.616341145963e-14       4.303987777881e-15      -6.598852747136e-16 
  667       2.435718566628e-10       4.885857001583e-12      -5.635361659567e-12       1.041445712167e-14       2.602055925978e-14       4.328094579553e-15      -6.605288293344e-16 
  668       2.433961428440e-10       4.902558247116e-12      -5.861626869700e-12       1.042069341704e-14       2.587870426064e-14       4.351983933780e-15      -6.610879139538e-16 
  669       2.432454030152e-10       4.918533080433e-12      -6.088444617509e-12       1.042698425230e-14       2.573783721629e-14       4.375647353762e-15      -6.615632921022e-16 
  670       2.431197255905e-10       4.933773557079e-12      -6.315711277149e-12       1.043333343912e-14       2.559794862808e-14       4.399076273892e-15      -6.619557430533e-16 
  671       2.430191978316e-10       4.948271698496e-12      -6.543322010236e-12       1.043974482608e-14       2.545902874349e-14       4.422262049491e-15      -6.622660618909e-16 
  672       2.429439058400e-10       4.962019491983e-12      -6.771170761398e-12       1.044622229873e-14       2.532106755493e-14       4.445195956546e-15      -6.624950595754e-16 
  673       2.428939345497e-10       4.975008890634e-12      -6.999150253831e-12       1.045276977973e-14       2.518405479862e-14       4.467869191446e-15      -6.626435630112e-16 
  674       2.428693677208e-10       4.987231813294e-12      -7.227151984856e-12       1.045939122901e-14       2.504797995341e-14       4.490272870717e-15      -6.627124151123e-16 
  675       2.428702879312e-10       4.998680144505e-12      -7.455066221469e-12       1.046609064383e-14       2.491283223960e-14       4.512398030762e-15      -6.627024748700e-16 
  676       2.428967765702e-10       5.009345734457e-12      -7.682781995900e-12       1.047287205895e-14       2.477860061778e-14       4.534235627592e-15      -6.626146174191e-16 
  677       2.429489138308e-10       5.019220398932e-12      -7.910187101166e-12       1.047973954673e-14       2.464527378770e-14       4.555776536569e-15      -6.624497341045e-16 
  678       2.430267787028e-10       5.028295919261e-12      -8.137168086625e-12       1.048669721726e-14       2.451284018706e-14       4.577011552135e-15      -6.622087325484e-16 
  679       2.431304489654e-10       5.036564042263e-12      -8.363610253534e-12       1.049374921847e-14       2.438128799035e-14       4.597931387554e-15      -6.618925367164e-16 
  680       2.432600011801e-10       5.044016480201e-12      -8.589397650600e-12       1.050089973626e-14       2.425060510774e-14       4.618526674648e-15      -6.615020869848e-16 
  681       2.434155106832e-10       5.050644910729e-12      -8.814413069538e-12       1.050815299462e-14       2.412077918384e-14       4.638787963529e-15      -6.610383402066e-16 
  682       2.435970515790e-10       5.056440976841e-12      -9.038538040622e-12       1.051551325576e-14       2.399179759660e-14       4.658705722341e-15      -6.605022697791e-16 
  683       2.438046418616e-10       5.061398291593e-12      -9.261661379749e-12       1.052298427108e-14       2.386364920596e-14       4.678271998757e-15      -6.598947449070e-16 
  684       2.440380775104e-10       5.065518499350e-12      -9.483705038828e-12       1.053056762102e-14       2.373632964330e-14       4.697485443941e-15      -6.592161654314e-16 
  685       2.442970948392e-10       5.068805343825e-12      -9.704598798393e-12       1.053826434005e-14       2.360983613261e-14       4.716346395309e-15      -6.584668193385e-16 
  686       2.445814250247e-10       5.071262675473e-12      -9.924271763813e-12       1.054607546249e-14       2.348416575014e-14       4.734855224633e-15      -6.576470028919e-16 
  687       2.448907940851e-10       5.072894451966e-12      -1.014265236305e-11       1.055400202261e-14       2.335931542368e-14       4.753012338206e-15      -6.567570206678e-16 
  688       2.452249228591e-10       5.073704738648e-12      -1.035966834441e-11       1.056204505453e-14       2.323528193187e-14       4.770818177009e-15      -6.557971855917e-16 
  689       2.455835269845e-10       5.073697709003e-12      -1.057524677430e-11       1.057020559219e-14       2.311206190346e-14       4.788273216867e-15      -6.547678189731e-16 
  690       2.459663168768e-10       5.072877645118e-12      -1.078931403495e-11       1.057848466942e-14       2.298965181660e-14       4.805377968619e-15      -6.536692505415e-16 
  691       2.463729977077e-10       5.071248938148e-12      -1.100179582221e-11       1.058688331981e-14       2.286804799815e-14       4.822132978278e-15      -6.525018184825e-16 
  692       2.468032693842e-10       5.068816088776e-12      -1.121261714326e-11       1.059540257677e-14       2.274724662291e-14       4.838538827194e-15      -6.512658694727e-16 
  693       2.472568265272e-10       5.065583707680e-12      -1.142170231441e-11       1.060404347348e-14       2.262724371296e-14       4.854596132220e-15      -6.499617587160e-16 
  694       2.477333584497e-10       5.061556515997e-12      -1.162897495878e-11       1.061280704288e-14       2.250803513693e-14       4.870305545870e-15      -6.485898499789e-16 
  695       2.482325491363e-10       5.056739345786e-12      -1.183435800411e-11       1.062169431763e-14       2.238961660928e-14       4.885667756489e-15      -6.471505156264e-16 
  696       2.487540772210e-10       5.051137140489e-12      -1.203777368051e-11       1.063070633012e-14       2.227198368956e-14       4.900683488409e-15      -6.456441366575e-16 
  697       2.492976159668e-10       5.044754955401e-12      -1.223914351817e-11       1.063984411242e-14       2.215513178176e-14       4.915353502120e-15      -6.440711027410e-16 
  698       2.498628332436e-10       5.037597958127e-12      -1.243838834516e-11       1.064910869630e-14       2.203905613353e-14       4.929678594427e-15      -6.424318122511e-16 
  699       2.504493915072e-10       5.029671429051e-12      -1.263542828512e-11       1.065850111317e-14       2.192375183550e-14       4.943659598614e-15      -6.407266723031e-16 
  700       2.510569477783e-10       5.020980761797e-12      -1.283018275510e-11       1.066802239407e-14       2.180921382056e-14       4.957297384612e-15      -6.389560987891e-16 
  701       2.516851536206e-10       5.011531463693e-12      -1.302257046322e-11       1.067767356969e-14       2.169543686313e-14       4.970592859157e-15      -6.371205164136e-16 
  702       2.523336551198e-10       5.001329156237e-12      -1.321250940648e-11       1.068745567029e-14       2.158241557848e-14       4.983546965954e-15      -6.352203587291e-16 
  703       2.530020928623e-10       4.990379575558e-12      -1.339991686848e-11       1.069736972573e-14       2.147014442198e-14       4.996160685844e-15      -6.332560681720e-16 
  704       2.536901019140e-10       4.978688572879e-12      -1.358470941721e-11       1.070741676541e-14       2.135861768840e-14       5.008435036964e-15      -6.312280960981e-16 
  705       2.543973117987e-10       4.966262114987e-12      -1.376680290275e-11       1.071759781830e-14       2.124782951119e-14       5.020371074909e-15      -6.291369028184e-16 
  706       2.551233464769e-10       4.953106284688e-12      -1.394611245505e-11       1.072791391285e-14       2.113777386177e-14       5.031969892899e-15      -6.269829576346e-16 
  707       2.558678243244e-10       4.939227281278e-12      -1.412255248170e-11       1.073836607706e-14       2.102844454882e-14       5.043232621940e-15      -6.247667388748e-16 
  708       2.566303581115e-10       4.924631421004e-12      -1.429603666565e-11       1.074895533839e-14       2.091983521756e-14       5.054160430987e-15      -6.224887339294e-16 
  709       2.574105549808e-10       4.909325137526e-12      -1.446647796295e-11       1.075968272375e-14       2.081193934904e-14       5.064754527108e-15      -6.201494392864e-16 
  710       2.582080164267e-10       4.893314982384e-12      -1.463378860055e-11       1.077054925952e-14       2.070475025941e-14       5.075016155647e-15      -6.177493605675e-16 
  711       2.590223382736e-10       4.876607625460e-12      -1.479788007401e-11       1.078155597148e-14       2.059826109921e-14       5.084946600389e-15      -6.152890125634e-16 
  712       2.598531106548e-10       4.859209855443e-12      -1.495866314527e-11       1.079270388485e-14       2.049246485269e-14       5.094547183719e-15      -6.127689192696e-16 
  713       2.606999179912e-10       4.841128580290e-12      -1.511604784041e-11       1.080399402421e-14       2.038735433703e-14       5.103819266789e-15      -6.101896139222e-16 
  714       2.615623389698e-10       4.822370827693e-12      -1.526994344736e-11       1.081542741351e-14       2.028292220170e-14       5.112764249680e-15      -6.075516390333e-16 
  715       2.624399465226e-10       4.802943745542e-12      -1.542025851371e-11       1.082700507605e-14       2.017916092767e-14       5.121383571565e-15      -6.048555464269e-16 
  716       2.633323078051e-10       4.782854602388e-12      -1.556690084440e-11       1.083872803445e-14       2.007606282676e-14       5.129678710873e-15      -6.021018972746e-16 
  717       2.642389841752e-10       4.762110787906e-12      -1.570977749953e-11       1.085059731067e-14       1.997362004089e-14       5.137651185452e-15      -5.992912621310e-16 
  718       2.651595311717e-10       4.740719813361e-12      -1.584879479207e-11       1.086261392592e-14       1.987182454138e-14       5.145302552730e-15      -5.964242209696e-16 
  719       2.660934984931e-10       4.718689312070e-12      -1.598385828563e-11       1.087477890070e-14       1.977066812821e-14       5.152634409883e-15      -5.935013632186e-16 
  720       2.670404299762e-10       4.696027039867e-12      -1.611487279221e-11       1.088709325476e-14       1.967014242934e-14       5.159648393993e-15      -5.905232877961e-16 
  721       2.679998635749e-10       4.672740875567e-12      -1.624174236992e-11       1.089955800708e-14       1.957023889997e-14       5.166346182215e-15      -5.874906031461e-16 
  722       2.689713361890e-10       4.648839528567e-12      -1.636438329833e-11       1.091217373059e-14       1.947094996599e-14       5.172729268166e-15      -5.844039416279e-16 
  723       2.699543983019e-10       4.624334676400e-12      -1.648276329633e-11       1.092493920648e-14       1.937227248102e-14       5.178798285806e-15      -5.812640029303e-16 
  724       2.709485995964e-10       4.599238871281e-12      -1.659686309193e-11       1.093785274268e-14       1.927420433778e-14       5.184553672224e-15      -5.780715116048e-16 
  725       2.719534841110e-10       4.573564837496e-12      -1.670666351724e-11       1.095091261652e-14       1.917674332981e-14       5.189995890285e-15      -5.748272028303e-16 
  726       2.729685902201e-10       4.547325472035e-12      -1.681214550922e-11       1.096411707464e-14       1.907988715102e-14       5.195125428739e-15      -5.715318224521e-16 
  727       2.739934506132e-10       4.520533845214e-12      -1.691329011035e-11       1.097746433280e-14       1.898363339525e-14       5.199942802339e-15      -5.681861270208e-16 
  728       2.750275922753e-10       4.493203201305e-12      -1.701007846945e-11       1.099095257585e-14       1.888797955579e-14       5.204448551947e-15      -5.647908838314e-16 
  729       2.760705364661e-10       4.465346959160e-12      -1.710249184234e-11       1.100457995753e-14       1.879292302496e-14       5.208643244647e-15      -5.613468709622e-16 
  730       2.771217987004e-10       4.436978712835e-12      -1.719051159261e-11       1.101834460039e-14       1.869846109366e-14       5.212527473859e-15      -5.578548773138e-16 
  731       2.781808887274e-10       4.408112232222e-12      -1.727411919236e-11       1.103224459567e-14       1.860459095087e-14       5.216101859451e-15      -5.543157026478e-16 
  732       2.792473105110e-10       4.378761463671e-12      -1.735329622293e-11       1.104627800314e-14       1.851130968327e-14       5.219367047845e-15      -5.507301576263e-16 
  733       2.803205622089e-10       4.348940530620e-12      -1.742802437559e-11       1.106044285103e-14       1.841861427473e-14       5.222323712139e-15      -5.470990638505e-16 
  734       2.814001361533e-10       4.318663734215e-12      -1.749828545237e-11       1.107473713588e-14       1.832650160587e-14       5.224972552207e-15      -5.434232538996e-16 
  735       2.824855188299e-10       4.287945553945e-12      -1.756406136670e-11       1.108915882240e-14       1.823496845364e-14       5.227314294821e-15      -5.397035713701e-16 
  736       2.835761908582e-10       4.256800648260e-12      -1.762533414420e-11       1.110370584339e-14       1.814401149084e-14       5.229349693755e-15      -5.359408709146e-16 
  737       2.846716269709e-10       4.225243855204e-12      -1.768208592339e-11       1.111837609960e-14       1.805362728566e-14       5.231079529904e-15      -5.321360182806e-16 
  738       2.857712959943e-10       4.193290193036e-12      -1.773429895644e-11       1.113316745958e-14       1.796381230126e-14       5.232504611390e-15      -5.282898903498e-16 
  739       2.868746608275e-10       4.160954860861e-12      -1.778195560988e-11       1.114807775961e-14       1.787456289529e-14       5.233625773676e-15      -5.244033751768e-16 
  740       2.879811784224e-10       4.128253239253e-12      -1.782503836539e-11       1.116310480355e-14       1.778587531945e-14       5.234443879677e-15      -5.204773720282e-16 
  741       2.890902997637e-10       4.095200890883e-12      -1.786352982045e-11       1.117824636271e-14       1.769774571905e-14       5.234959819874e-15      -5.165127914215e-16 
  742       2.902014698485e-10       4.061813561144e-12      -1.789741268916e-11       1.119350017574e-14       1.761017013254e-14       5.235174512423e-15      -5.125105551643e-16 
  743       2.913141276660e-10       4.028107178779e-12      -1.792666980291e-11       1.120886394852e-14       1.752314449105e-14       5.235088903269e-15      -5.084715963928e-16 
  744       2.924277061777e-10       3.994097856507e-12      -1.795128411116e-11       1.122433535402e-14       1.743666461797e-14       5.234703966257e-15      -5.043968596114e-16 
  745       2.935416322967e-10       3.959801891647e-12      -1.797123868214e-11       1.123991203216e-14       1.735072622848e-14       5.234020703242e-15      -5.002873007310e-16 
  746       2.946553268681e-10       3.925235766749e-12      -1.798651670361e-11       1.125559158976e-14       1.726532492909e-14       5.233040144205e-15      -4.961438871085e-16 
  747       2.957682046480e-10       3.890416150216e-12      -1.799710148358e-11       1.127137160033e-14       1.718045621720e-14       5.231763347361e-15      -4.919675975855e-16 
  748       2.968796742841e-10       3.855359896931e-12      -1.800297645106e-11       1.128724960400e-14       1.709611548066e-14       5.230191399270e-15      -4.877594225274e-16 
  749       2.979891382950e-10       3.820084048885e-12      -1.800412515677e-11       1.130322310739e-14       1.701229799730e-14       5.228325414955e-15      -4.835203638623e-16 
  750       2.990959930503e-10       3.784605835804e-12      -1.800053127389e-11       1.131928958349e-14       1.692899893446e-14       5.226166538006e-15      -4.792514351198e-16 
  751       3.001996287502e-10       3.748942675773e-12      -1.799217859881e-11       1.133544647153e-14       1.684621334859e-14       5.223715940698e-15      -4.749536614704e-16 
  752       3.012994294053e-10       3.713112175862e-12      -1.797905105183e-11       1.135169117685e-14       1.676393618476e-14       5.220974824099e-15      -4.706280797642e-16 
  753       3.023947728166e-10       3.677132132756e-12      -1.796113267793e-11       1.136802107081e-14       1.668216227621e-14       5.217944418183e-15      -4.662757385697e-16 
  754       3.034850305550e-10       3.641020533378e-12      -1.793840764746e-11       1.138443349063e-14       1.660088634391e-14       5.214625981942e-15      -4.618976982132e-16 
  755       3.045695679415e-10       3.604795555514e-12      -1.791086025694e-11       1.140092573930e-14       1.652010299613e-14       5.211020803498e-15      -4.574950308173e-16 
  756       3.056477440266e-10       3.568475568447e-12      -1.787847492973e-11       1.141749508543e-14       1.643980672792e-14       5.207130200214e-15      -4.530688203403e-16 
  757       3.067189115704e-10       3.532079133572e-12      -1.784123621679e-11       1.143413876317e-14       1.635999192074e-14       5.202955518806e-15      -4.486201626150e-16 
  758       3.077824170221e-10       3.495625005033e-12      -1.779912879744e-11       1.145085397202e-14       1.628065284194e-14       5.198498135457e-15      -4.441501653875e-16 
  759       3.088376005003e-10       3.459132130342e-12      -1.775213748004e-11       1.146763787680e-14       1.620178364435e-14       5.193759455924e-15      -4.396599483563e-16 
  760       3.098837957721e-10       3.422619651010e-12      -1.770024720279e-11       1.148448760743e-14       1.612337836584e-14       5.188740915654e-15      -4.351506432114e-16 
  761       3.109203861590e-10       3.386105854982e-12      -1.764345254631e-11       1.150140020260e-14       1.604543170844e-14       5.183443789658e-15      -4.306232852405e-16 
  762       3.119469734682e-10       3.349605010667e-12      -1.758178647008e-11       1.151837243950e-14       1.596794139328e-14       5.177868617914e-15      -4.260784857893e-16 
  763       3.129632122592e-10       3.313130473460e-12      -1.751529212835e-11       1.153540100056e-14       1.589090584994e-14       5.172015769170e-15      -4.215167535998e-16 
  764       3.139687542034e-10       3.276695728840e-12      -1.744401341082e-11       1.155248252932e-14       1.581432344061e-14       5.165885630256e-15      -4.169386026904e-16 
  765       3.149632480755e-10       3.240314392780e-12      -1.736799494537e-11       1.156961363026e-14       1.573819245980e-14       5.159478606155e-15      -4.123445523723e-16 
  766       3.159463397444e-10       3.204000212156e-12      -1.728728210074e-11       1.158679086868e-14       1.566251113405e-14       5.152795120079e-15      -4.077351272666e-16 
  767       3.169176721652e-10       3.167767065158e-12      -1.720192098925e-11       1.160401077061e-14       1.558727762164e-14       5.145835613536e-15      -4.031108573201e-16 
  768       3.178768853702e-10       3.131628961697e-12      -1.711195846948e-11       1.162126982259e-14       1.551249001230e-14       5.138600546407e-15      -3.984722778224e-16 
  769       3.188236164603e-10       3.095600043816e-12      -1.701744214900e-11       1.163856447163e-14       1.543814632693e-14       5.131090397015e-15      -3.938199294222e-16 
  770       3.197574995966e-10       3.059694586099e-12      -1.691842038706e-11       1.165589112501e-14       1.536424451728e-14       5.123305662202e-15      -3.891543581438e-16 
  771       3.206781659914e-10       3.023926996081e-12      -1.681494229729e-11       1.167324615019e-14       1.529078246571e-14       5.115246857396e-15      -3.844761154039e-16 
  772       3.215852438999e-10       2.988311814656e-12      -1.670705775041e-11       1.169062587462e-14       1.521775798484e-14       5.106914516686e-15      -3.797857580276e-16 
  773       3.224783586116e-10       2.952863716487e-12      -1.659481737692e-11       1.170802658569e-14       1.514516881731e-14       5.098309192896e-15      -3.750838482655e-16 
  774       3.233571324414e-10       2.917597510419e-12      -1.647827256982e-11       1.172544453051e-14       1.507301263545e-14       5.089431457655e-15      -3.703709538099e-16 
  775       3.242211847210e-10       2.882528139880e-12      -1.635747548731e-11       1.174287591584e-14       1.500128704102e-14       5.080281901471e-15      -3.656476478115e-16 
  776       3.250701317907e-10       2.847670683300e-12      -1.623247905549e-11       1.176031690793e-14       1.492998956491e-14       5.070861133802e-15      -3.609145088958e-16 
  777       3.259035869902e-10       2.813040354514e-12      -1.610333697106e-11       1.177776363238e-14       1.485911766684e-14       5.061169783129e-15      -3.561721211796e-16 
  778       3.267211606503e-10       2.778652503175e-12      -1.597010370401e-11       1.179521217403e-14       1.478866873509e-14       5.051208497029e-15      -3.514210742877e-16 
  779       3.275224600843e-10       2.744522615161e-12      -1.583283450036e-11       1.181265857680e-14       1.471864008619e-14       5.040977942246e-15      -3.466619633694e-16 
  780       3.283070895794e-10       2.710666312984e-12      -1.569158538484e-11       1.183009884357e-14       1.464902896462e-14       5.030478804767e-15      -3.418953891149e-16 
  781       3.290746503876e-10       2.677099356204e-12      -1.554641316358e-11       1.184752893607e-14       1.457983254257e-14       5.019711789890e-15      -3.371219577719e-16 
  782       3.298247407178e-10       2.643837641832e-12      -1.539737542683e-11       1.186494477469e-14       1.451104791960e-14       5.008677622297e-15      -3.323422811622e-16 
  783       3.305569557267e-10       2.610897204746e-12      -1.524453055167e-11       1.188234223839e-14       1.444267212235e-14       4.997377046130e-15      -3.275569766982e-16 
  784       3.312708875103e-10       2.578294218094e-12      -1.508793770470e-11       1.189971716458e-14       1.437470210429e-14       4.985810825062e-15      -3.227666673993e-16 
  785       3.319661250953e-10       2.546044993709e-12      -1.492765684475e-11       1.191706534892e-14       1.430713474540e-14       4.973979742365e-15      -3.179719819087e-16 
  786       3.326422544303e-10       2.514165982514e-12      -1.476374872557e-11       1.193438254527e-14       1.423996685189e-14       4.961884600988e-15      -3.131735545096e-16 
  787       3.332988583776e-10       2.482673774934e-12      -1.459627489855e-11       1.195166446549e-14       1.417319515587e-14       4.949526223629e-15      -3.083720251419e-16 
  788       3.339355167040e-10       2.451585101307e-12      -1.442529771541e-11       1.196890677935e-14       1.410681631515e-14       4.936905452804e-15      -3.035680394190e-16 
  789       3.345518060727e-10       2.420916832288e-12      -1.425088033092e-11       1.198610511435e-14       1.404082691285e-14       4.924023150921e-15      -2.987622486437e-16 
  790       3.351473000344e-10       2.390685979264e-12      -1.407308670558e-11       1.200325505566e-14       1.397522345717e-14       4.910880200354e-15      -2.939553098254e-16 
  791       3.357215690186e-10       2.360909694760e-12      -1.389198160834e-11       1.202035214590e-14       1.391000238109e-14       4.897477503513e-15      -2.891478856962e-16 
  792       3.362741803252e-10       2.331605272850e-12      -1.370763061930e-11       1.203739188508e-14       1.384516004207e-14       4.883815982919e-15      -2.843406447275e-16 
  793       3.368046981159e-10       2.302790149567e-12      -1.352010013241e-11       1.205436973042e-14       1.378069272175e-14       4.869896581273e-15      -2.795342611467e-16 
  794       3.373126834052e-10       2.274481903310e-12      -1.332945735817e-11       1.207128109623e-14       1.371659662569e-14       4.855720261534e-15      -2.747294149535e-16 
  795       3.377976940522e-10       2.246698255255e-12      -1.313577032635e-11       1.208812135379e-14       1.365286788305e-14       4.841288006983e-15      -2.699267919369e-16 
  796       3.382592847518e-10       2.219457069766e-12      -1.293910788866e-11       1.210488583120e-14       1.358950254633e-14       4.826600821305e-15      -2.651270836909e-16 
  797       3.386970070260e-10       2.192776354800e-12      -1.273953972149e-11       1.212156981325e-14       1.352649659103e-14       4.811659728654e-15      -2.603309876318e-16 
  798       3.391104092153e-10       2.166674262321e-12      -1.253713632859e-11       1.213816854129e-14       1.346384591543e-14       4.796465773728e-15      -2.555392070145e-16 
  799       3.394990364704e-10       2.141169088709e-12      -1.233196904378e-11       1.215467721310e-14       1.340154634023e-14       4.781020021844e-15      -2.507524509488e-16 
  800       3.398625003700e-10       2.116277100519e-12      -1.212411063369e-11       1.217109134467e-14       1.333959414033e-14       4.765324225190e-15      -2.459713342428e-16 
  801       3.402006891859e-10       2.092005967465e-12      -1.191363711257e-11       1.218740786309e-14       1.327798765123e-14       4.749382834779e-15      -2.411960748954e-16 
  802       3.405135614362e-10       2.068361210469e-12      -1.170062596596e-11       1.220362403333e-14       1.321672569135e-14       4.733201025338e-15      -2.364267911188e-16 
  803       3.408010766103e-10       2.045348365456e-12      -1.148515555642e-11       1.221973709806e-14       1.315580703243e-14       4.716784032646e-15      -2.316636010096e-16 
  804       3.410631951735e-10       2.022972983356e-12      -1.126730512637e-11       1.223574427760e-14       1.309523039940e-14       4.700137153731e-15      -2.269066225468e-16 
  805       3.412998785711e-10       2.001240630109e-12      -1.104715480091e-11       1.225164276983e-14       1.303499447015e-14       4.683265747069e-15      -2.221559735896e-16 
  806       3.415110892328e-10       1.980156886664e-12      -1.082478559061e-11       1.226742975013e-14       1.297509787535e-14       4.666175232777e-15      -2.174117718748e-16 
  807       3.416967905775e-10       1.959727348980e-12      -1.060027939437e-11       1.228310237133e-14       1.291553919826e-14       4.648871092815e-15      -2.126741350151e-16 
  808       3.418569470174e-10       1.939957628035e-12      -1.037371900219e-11       1.229865776364e-14       1.285631697452e-14       4.631358871181e-15      -2.079431804964e-16 
  809       3.419915239624e-10       1.920853349821e-12      -1.014518809801e-11       1.231409303456e-14       1.279742969201e-14       4.613644174106e-15      -2.032190256758e-16 
  810       3.421004878247e-10       1.902420155348e-12      -9.914771262511e-12       1.232940526885e-14       1.273887579060e-14       4.595732670256e-15      -1.985017877797e-16 
  811       3.421838060231e-10       1.884663700648e-12      -9.682553975950e-12       1.234459152844e-14       1.268065366199e-14       4.577630090924e-15      -1.937915839006e-16 
  812       3.422414469874e-10       1.867589656778e-12      -9.448622620959e-12       1.235964885236e-14       1.262276164952e-14       4.559342230232e-15      -1.890885309961e-16 
  813       3.422733801629e-10       1.851203709818e-12      -9.213064485364e-12       1.237457425672e-14       1.256519804798e-14       4.540874945324e-15      -1.843927458856e-16 
  814       3.422795760146e-10       1.835511560876e-12      -8.975967765006e-12       1.238936473457e-14       1.250796110339e-14       4.522234156567e-15      -1.797043452489e-16 
  815       3.422600060321e-10       1.820518926091e-12      -8.737421566549e-12       1.240401725590e-14       1.245104901287e-14       4.503425847745e-15      -1.750234456234e-16 
  816       3.422146427333e-10       1.806231536634e-12      -8.497515910301e-12       1.241852876754e-14       1.239445992438e-14       4.484456066258e-15      -1.703501634022e-16 
  817       3.421434596695e-10       1.792655138710e-12      -8.256341733026e-12       1.243289619312e-14       1.233819193658e-14       4.465330923317e-15      -1.656846148317e-16 
  818       3.420464314294e-10       1.779795493558e-12      -8.013990890761e-12       1.244711643296e-14       1.228224309860e-14       4.446056594146e-15      -1.610269160093e-16 
  819       3.419235336436e-10       1.767658377460e-12      -7.770556161632e-12       1.246118636406e-14       1.222661140990e-14       4.426639318173e-15      -1.563771828817e-16 
  820       3.417747429890e-10       1.756249581735e-12      -7.526131248668e-12       1.247510283998e-14       1.217129482003e-14       4.407085399231e-15      -1.517355312418e-16 
  821       3.416000371936e-10       1.745574912748e-12      -7.280810782616e-12       1.248886269082e-14       1.211629122846e-14       4.387401205756e-15      -1.471020767274e-16 
  822       3.413993950401e-10       1.735640191908e-12      -7.034690324758e-12       1.250246272314e-14       1.206159848440e-14       4.367593170980e-15      -1.424769348181e-16 
  823       3.411727963711e-10       1.726451255670e-12      -6.787866369728e-12       1.251589971988e-14       1.200721438657e-14       4.347667793133e-15      -1.378602208338e-16 
  824       3.409202220931e-10       1.718013955540e-12      -6.540436348322e-12       1.252917044030e-14       1.195313668307e-14       4.327631635636e-15      -1.332520499321e-16 
  825       3.406416541809e-10       1.710334158077e-12      -6.292498630319e-12       1.254227161993e-14       1.189936307114e-14       4.307491327303e-15      -1.286525371061e-16 
  826       3.403370756825e-10       1.703417744893e-12      -6.044152527293e-12       1.255519997048e-14       1.184589119699e-14       4.287253562531e-15      -1.240617971821e-16 
  827       3.400064707227e-10       1.697270612654e-12      -5.795498295429e-12       1.256795217981e-14       1.179271865560e-14       4.266925101505e-15      -1.194799448178e-16 
  828       3.396498245082e-10       1.691898673088e-12      -5.546637138341e-12       1.258052491181e-14       1.173984299053e-14       4.246512770391e-15      -1.149070944995e-16 
  829       3.392671233319e-10       1.687307852981e-12      -5.297671209884e-12       1.259291480640e-14       1.168726169376e-14       4.226023461532e-15      -1.103433605402e-16 
  830       3.388583545768e-10       1.683504094184e-12      -5.048703616970e-12       1.260511847941e-14       1.163497220543e-14       4.205464133649e-15      -1.057888570774e-16 
  831       3.384235067211e-10       1.680493353611e-12      -4.799838422387e-12       1.261713252254e-14       1.158297191372e-14       4.184841812036e-15      -1.012436980706e-16 
  832       3.379625693423e-10       1.678281603245e-12      -4.551180647610e-12       1.262895350329e-14       1.153125815464e-14       4.164163588756e-15      -9.670799729932e-17 
  833       3.374755331216e-10       1.676874830136e-12      -4.302836275616e-12       1.264057796489e-14       1.147982821181e-14       4.143436622841e-15      -9.218186836094e-17 
  834       3.369623898482e-10       1.676279036407e-12      -4.054912253706e-12       1.265200242625e-14       1.142867931630e-14       4.122668140487e-15      -8.766542466817e-17 
  835       3.364231324240e-10       1.676500239257e-12      -3.807516496313e-12       1.266322338188e-14       1.137780864643e-14       4.101865435253e-15      -8.315877944707e-17 
  836       3.358577548679e-10       1.677544470956e-12      -3.560757887820e-12       1.267423730181e-14       1.132721332757e-14       4.081035868256e-15      -7.866204573471e-17 
  837       3.352662523202e-10       1.679417778857e-12      -3.314746285379e-12       1.268504063155e-14       1.127689043197e-14       4.060186868370e-15      -7.417533637700e-17 
  838       3.346486210469e-10       1.682126225390e-12      -3.069592521719e-12       1.269562979204e-14       1.122683697854e-14       4.039325932421e-15      -6.969876402641e-17 
  839       3.340049020728e-10       1.685673920920e-12      -2.825400255602e-12       1.270600172146e-14       1.117705030290e-14       4.018459041970e-15      -6.523254558287e-17 
  840       3.333353129039e-10       1.690057084782e-12      -2.582241362061e-12       1.271615551132e-14       1.112752917478e-14       3.997585883056e-15      -6.077731751245e-17 
  841       3.326401181052e-10       1.695269880936e-12      -2.340180119626e-12       1.272609079874e-14       1.107827269964e-14       3.976704543686e-15      -5.633382600954e-17 
  842       3.319195858915e-10       1.701306375416e-12      -2.099281325323e-12       1.273580722709e-14       1.102927995015e-14       3.955813089642e-15      -5.190282306641e-17 
  843       3.311739881396e-10       1.708160536003e-12      -1.859610296101e-12       1.274530444607e-14       1.098054996601e-14       3.934909564407e-15      -4.748506648874e-17 
  844       3.304036003995e-10       1.715826231892e-12      -1.621232870257e-12       1.275458211170e-14       1.093208175386e-14       3.913991989100e-15      -4.308131991119e-17 
  845       3.296087019070e-10       1.724297233354e-12      -1.384215408864e-12       1.276363988637e-14       1.088387428714e-14       3.893058362394e-15      -3.869235281296e-17 
  846       3.287895755948e-10       1.733567211409e-12      -1.148624797202e-12       1.277247743883e-14       1.083592650595e-14       3.872106660452e-15      -3.431894053334e-17 
  847       3.279465081051e-10       1.743629737489e-12      -9.145284461783e-13       1.278109444425e-14       1.078823731695e-14       3.851134836848e-15      -2.996186428725e-17 
  848       3.270797898006e-10       1.754478283110e-12      -6.819942937623e-13       1.278949058426e-14       1.074080559320e-14       3.830140822497e-15      -2.562191118083e-17 
  849       3.261897147773e-10       1.766106219535e-12      -4.510908064079e-13       1.279766554691e-14       1.069363017406e-14       3.809122525587e-15      -2.129987422698e-17 
  850       3.252765808755e-10       1.778506817441e-12      -2.218869804827e-13       1.280561902678e-14       1.064670986506e-14       3.788077831497e-15      -1.699655236090e-17 
  851       3.243406896919e-10       1.791673246590e-12       5.547656305385e-15       1.281335072495e-14       1.060004343774e-14       3.767004602735e-15      -1.271275045568e-17 
  852       3.233823465919e-10       1.805598575495e-12       2.311430434801e-13       1.282086034903e-14       1.055362962955e-14       3.745900678858e-15      -8.449279337824e-18 
  853       3.224018607208e-10       1.820275771083e-12       4.548285863702e-13       1.282814761323e-14       1.050746714374e-14       3.724763876401e-15      -4.206955802826e-18 
  854       3.213995450159e-10       1.835697698370e-12       6.765331546817e-13       1.283521223834e-14       1.046155464920e-14       3.703591988810e-15       1.339736927685e-20 
  855       3.203757162184e-10       1.851857120120e-12       8.961850810706e-13       1.284205395177e-14       1.041589078033e-14       3.682382786361e-15       4.210951398354e-18 
  856       3.193306948852e-10       1.868746696520e-12       1.113712159716e-12       1.284867248759e-14       1.037047413693e-14       3.661134016095e-15       8.384871488618e-18 
  857       3.182648054009e-10       1.886358984839e-12       1.329041644892e-12       1.285506758654e-14       1.032530328408e-14       3.639843401740e-15       1.253431681307e-17 
  858       3.171783759892e-10       1.904686439104e-12       1.542100249542e-12       1.286123899607e-14       1.028037675199e-14       3.618508643644e-15       1.665844049796e-17 
  859       3.160717387251e-10       1.923721409760e-12       1.752814143848e-12       1.286718647036e-14       1.023569303589e-14       3.597127418697e-15       2.075638960719e-17 
  860       3.149452295469e-10       1.943456143342e-12       1.961108953808e-12       1.287290977034e-14       1.019125059589e-14       3.575697380263e-15       2.482730512680e-17 
  861       3.137991882674e-10       1.963882782138e-12       2.166909759804e-12       1.287840866373e-14       1.014704785685e-14       3.554216158105e-15       2.887032194940e-17 
  862       3.126339585866e-10       1.984993363863e-12       2.370141095178e-12       1.288368292506e-14       1.010308320827e-14       3.532681358313e-15       3.288456885859e-17 
  863       3.114498881027e-10       2.006779821317e-12       2.570726944804e-12       1.288873233570e-14       1.005935500414e-14       3.511090563233e-15       3.686916851343e-17 
  864       3.102473283247e-10       2.029233982060e-12       2.768590743660e-12       1.289355668386e-14       1.001586156285e-14       3.489441331393e-15       4.082323743288e-17 
  865       3.090266346835e-10       2.052347568076e-12       2.963655375400e-12       1.289815576468e-14       9.972601167006e-15       3.467731197431e-15       4.474588598024e-17 
  866       3.077881665445e-10       2.076112195441e-12       3.155843170928e-12       1.290252938018e-14       9.929572063350e-15       3.445957672023e-15       4.863621834758e-17 
  867       3.065322872187e-10       2.100519373989e-12       3.345075906971e-12       1.290667733936e-14       9.886772462611e-15       3.424118241810e-15       5.249333254022e-17 
  868       3.052593639753e-10       2.125560506980e-12       3.531274804650e-12       1.291059945816e-14       9.844200539381e-15       3.402210369327e-15       5.631632036113e-17 
  869       3.039697680528e-10       2.151226890770e-12       3.714360528055e-12       1.291429555952e-14       9.801854431991e-15       3.380231492927e-15       6.010426739540e-17 
  870       3.026638746714e-10       2.177509714472e-12       3.894253182814e-12       1.291776547343e-14       9.759732242377e-15       3.358179026713e-15       6.385625299467e-17 
  871       3.013420630446e-10       2.204400059629e-12       4.070872314670e-12       1.292100903689e-14       9.717832035958e-15       3.336050360462e-15       6.757135026161e-17 
  872       3.000047163910e-10       2.231888899879e-12       4.244136908051e-12       1.292402609402e-14       9.676151841506e-15       3.313842859556e-15       7.124862603429e-17 
  873       2.986522219465e-10       2.259967100623e-12       4.413965384645e-12       1.292681649602e-14       9.634689651016e-15       3.291553864907e-15       7.488714087071e-17 
  874       2.972849709754e-10       2.288625418689e-12       4.580275601967e-12       1.292938010121e-14       9.593443419585e-15       3.269180692884e-15       7.848594903318e-17 
  875       2.959033587831e-10       2.317854502006e-12       4.742984851940e-12       1.293171677508e-14       9.552411065277e-15       3.246720635244e-15       8.204409847279e-17 
  876       2.945077847275e-10       2.347644889263e-12       4.902009859462e-12       1.293382639032e-14       9.511590469000e-15       3.224170959055e-15       8.556063081385e-17 
  877       2.930986522307e-10       2.377987009584e-12       5.057266780979e-12       1.293570882681e-14       9.470979474376e-15       3.201528906629e-15       8.903458133833e-17 
  878       2.916763649444e-10       2.408870599266e-12       5.208682902979e-12       1.293736435150e-14       9.430576148031e-15       3.178792882732e-15       9.246519815444e-17 
  879       2.902413151512e-10       2.440282942055e-12       5.356231953536e-12       1.293879476489e-14       9.390379565453e-15       3.155966038018e-15       9.585260372764e-17 
  880       2.887938951935e-10       2.472210598953e-12       5.499899375056e-12       1.294000227365e-14       9.350389037946e-15       3.133052745038e-15       9.919714431801e-17 
  881       2.873345013146e-10       2.504639988066e-12       5.639670677962e-12       1.294098911263e-14       9.310603853314e-15       3.110057416459e-15       1.024991718115e-16 
  882       2.858635336696e-10       2.537557384185e-12       5.775531441091e-12       1.294175754493e-14       9.271023275769e-15       3.086984505180e-15       1.057590437385e-16 
  883       2.843813963367e-10       2.570948918356e-12       5.907467312077e-12       1.294230986198e-14       9.231646545847e-15       3.063838504441e-15       1.089771232924e-16 
  884       2.828884973285e-10       2.604800577464e-12       6.035464007749e-12       1.294264838363e-14       9.192472880323e-15       3.040623947940e-15       1.121537793478e-16 
  885       2.813852486030e-10       2.639098203801e-12       6.159507314524e-12       1.294277545824e-14       9.153501472119e-15       3.017345409940e-15       1.152893864795e-16 
  886       2.798720660754e-10       2.673827494650e-12       6.279583088792e-12       1.294269346279e-14       9.114731490219e-15       2.994007505384e-15       1.183843249807e-16 
  887       2.783493696287e-10       2.708974001860e-12       6.395677257316e-12       1.294240480289e-14       9.076162079583e-15       2.970614890005e-15       1.214389808817e-16 
  888       2.768175831254e-10       2.744523131419e-12       6.507775817617e-12       1.294191191296e-14       9.037792361059e-15       2.947172260444e-15       1.244537459684e-16 
  889       2.752771344185e-10       2.780460143035e-12       6.615864838371e-12       1.294121725624e-14       8.999621431295e-15       2.923684354353e-15       1.274290178005e-16 
  890       2.737284553630e-10       2.816770149710e-12       6.719930459798e-12       1.294032332493e-14       8.961648362653e-15       2.900155950516e-15       1.303651997307e-16 
  891       2.721719818268e-10       2.853438117317e-12       6.819958894055e-12       1.293923264025e-14       8.923872203122e-15       2.876591868954e-15       1.332627009224e-16 
  892       2.706081537021e-10       2.890448864178e-12       6.915936425627e-12       1.293794775251e-14       8.886291976229e-15       2.852996971044e-15       1.361219363690e-16 
  893       2.690374149168e-10       2.927787060638e-12       7.007849411720e-12       1.293647124123e-14       8.848906680954e-15       2.829376159624e-15       1.389433269119e-16 
  894       2.674602134455e-10       2.965437228645e-12       7.095684282653e-12       1.293480571520e-14       8.811715291642e-15       2.805734379111e-15       1.417272992593e-16 
  895       2.658770013210e-10       3.003383741324e-12       7.179427542248e-12       1.293295381259e-14       8.774716757915e-15       2.782076615612e-15       1.444742860044e-16 
  896       2.642882346453e-10       3.041610822553e-12       7.259065768223e-12       1.293091820101e-14       8.737910004589e-15       2.758407897032e-15       1.471847256444e-16 
  897       2.626943736008e-10       3.080102546545e-12       7.334585612586e-12       1.292870157760e-14       8.701293931578e-15       2.734733293193e-15       1.498590625987e-16 
  898       2.610958824620e-10       3.118842837416e-12       7.405973802023e-12       1.292630666914e-14       8.664867413817e-15       2.711057915941e-15       1.524977472273e-16 
  899       2.594932296062e-10       3.157815468768e-12       7.473217138293e-12       1.292373623212e-14       8.628629301169e-15       2.687386919258e-15       1.551012358498e-16 
  900       2.578868875250e-10       3.197004063266e-12       7.536302498616e-12       1.292099305280e-14       8.592578418339e-15       2.663725499378e-15       1.576699907636e-16 
  901       2.562773328357e-10       3.236392092210e-12       7.595216836072e-12       1.291807994734e-14       8.556713564787e-15       2.640078894898e-15       1.602044802622e-16 
  902       2.546650462922e-10       3.275962875114e-12       7.649947179985e-12       1.291499976186e-14       8.521033514639e-15       2.616452386888e-15       1.627051786543e-16 
  903       2.530505127964e-10       3.315699579284e-12       7.700480636319e-12       1.291175537253e-14       8.485537016606e-15       2.592851299004e-15       1.651725662818e-16 
  904       2.514342214096e-10       3.355585219393e-12       7.746804388070e-12       1.290834968566e-14       8.450222793889e-15       2.569280997601e-15       1.676071295386e-16 
  905       2.498166653635e-10       3.395602657058e-12       7.788905695657e-12       1.290478563778e-14       8.415089544097e-15       2.545746891845e-15       1.700093608893e-16 
  906       2.481983420715e-10       3.435734600414e-12       7.826771897313e-12       1.290106619573e-14       8.380135939156e-15       2.522254433826e-15       1.723797588871e-16 
  907       2.465797531402e-10       3.475963603698e-12       7.860390409479e-12       1.289719435676e-14       8.345360625229e-15       2.498809118669e-15       1.747188281929e-16 
  908       2.449614043802e-10       3.516272066817e-12       7.889748727193e-12       1.289317314856e-14       8.310762222618e-15       2.475416484645e-15       1.770270795937e-16 
  909       2.433438058177e-10       3.556642234929e-12       7.914834424486e-12       1.288900562942e-14       8.276339325688e-15       2.452082113285e-15       1.793050300210e-16 
  910       2.417274717056e-10       3.597056198020e-12       7.935635154770e-12       1.288469488828e-14       8.242090502771e-15       2.428811629494e-15       1.815532025692e-16 
  911       2.401129205348e-10       3.637495890478e-12       7.952138651232e-12       1.288024404480e-14       8.208014296084e-15       2.405610701658e-15       1.837721265147e-16 
  912       2.385006750453e-10       3.677943090674e-12       7.964332727225e-12       1.287565624947e-14       8.174109221642e-15       2.382485041760e-15       1.859623373337e-16 
  913       2.368912622379e-10       3.718379420533e-12       7.972205276659e-12       1.287093468370e-14       8.140373769166e-15       2.359440405493e-15       1.881243767211e-16 
  914       2.352852133846e-10       3.758786345114e-12       7.975744274397e-12       1.286608255987e-14       8.106806402002e-15       2.336482592369e-15       1.902587926092e-16 
  915       2.336830640408e-10       3.799145172187e-12       7.974937776641e-12       1.286110312147e-14       8.073405557029e-15       2.313617445833e-15       1.923661391858e-16 
  916       2.320853540558e-10       3.839437051808e-12       7.969773921328e-12       1.285599964314e-14       8.040169644574e-15       2.290850853375e-15       1.944469769129e-16 
  917       2.304925846346e-10       3.879644083815e-12       7.960249331074e-12       1.285077542308e-14       8.007097237273e-15       2.268187612701e-15       1.965017300989e-16 
  918       2.289050887499e-10       3.919752660494e-12       7.946394467831e-12       1.284543376000e-14       7.974187640114e-15       2.245628010240e-15       1.985302570921e-16 
  919       2.273231586888e-10       3.959750176295e-12       7.928248682730e-12       1.283997797596e-14       7.941440329297e-15       2.223171188381e-15       2.005322732797e-16 
  920       2.257470888207e-10       3.999623924480e-12       7.905851851708e-12       1.283441142414e-14       7.908854764049e-15       2.200816274424e-15       2.025074929127e-16 
  921       2.241771756028e-10       4.039361096850e-12       7.879244377097e-12       1.282873748890e-14       7.876430386564e-15       2.178562380530e-15       2.044556291040e-16 
  922       2.226137175846e-10       4.078948783484e-12       7.848467189217e-12       1.282295958589e-14       7.844166621943e-15       2.156408603674e-15       2.063763938263e-16 
  923       2.210570154136e-10       4.118373972472e-12       7.813561747962e-12       1.281708116209e-14       7.812062878132e-15       2.134354025593e-15       2.082694979108e-16 
  924       2.195073718403e-10       4.157623549652e-12       7.774570044391e-12       1.281110569597e-14       7.780118545867e-15       2.112397712741e-15       2.101346510449e-16 
  925       2.179650917229e-10       4.196684298340e-12       7.731534602319e-12       1.280503669747e-14       7.748332998608e-15       2.090538716233e-15       2.119715617710e-16 
  926       2.164304820331e-10       4.235542899067e-12       7.684498479905e-12       1.279887770820e-14       7.716705592479e-15       2.068776071800e-15       2.137799374840e-16 
  927       2.149038518605e-10       4.274185929315e-12       7.633505271242e-12       1.279263230142e-14       7.685235666214e-15       2.047108799739e-15       2.155594844303e-16 
  928       2.133855124185e-10       4.312599863251e-12       7.578599107948e-12       1.278630408221e-14       7.653922541090e-15       2.025535904862e-15       2.173099077055e-16 
  929       2.118757770485e-10       4.350771071458e-12       7.519824660753e-12       1.277989668749e-14       7.622765520870e-15       2.004056376448e-15       2.190309112526e-16 
  930       2.103749612260e-10       4.388685820673e-12       7.457227141091e-12       1.277341378615e-14       7.591763891742e-15       1.982669188194e-15       2.207221978607e-16 
  931       2.088833825651e-10       4.426330273522e-12       7.390852302690e-12       1.276685907911e-14       7.560916922258e-15       1.961373298163e-15       2.223834691626e-16 
  932       2.074013608236e-10       4.463690488253e-12       7.320746443159e-12       1.276023629940e-14       7.530223863277e-15       1.940167648737e-15       2.240144256334e-16 
  933       2.059292179085e-10       4.500752418470e-12       7.246956405580e-12       1.275354921227e-14       7.499683947900e-15       1.919051166566e-15       2.256147665888e-16 
  934       2.044672778808e-10       4.537501912869e-12       7.169529580096e-12       1.274680161525e-14       7.469296391415e-15       1.898022762521e-15       2.271841901829e-16 
  935       2.030158669609e-10       4.573924714971e-12       7.088513905504e-12       1.273999733826e-14       7.439060391232e-15       1.877081331641e-15       2.287223934069e-16 
  936       2.015753135335e-10       4.610006462859e-12       7.003957870840e-12       1.273314024367e-14       7.408975126825e-15       1.856225753086e-15       2.302290720868e-16 
  937       2.001459481526e-10       4.645732688911e-12       6.915910516971e-12       1.272623422637e-14       7.379039759673e-15       1.835454890086e-15       2.317039208822e-16 
  938       1.987281035470e-10       4.681088819533e-12       6.824421438187e-12       1.271928321393e-14       7.349253433197e-15       1.814767589894e-15       2.331466332841e-16 
  939       1.973221146253e-10       4.716060174897e-12       6.729540783786e-12       1.271229116659e-14       7.319615272703e-15       1.794162683734e-15       2.345569016132e-16 
  940       1.959283184807e-10       4.750631968671e-12       6.631319259666e-12       1.270526207741e-14       7.290124385319e-15       1.773638986751e-15       2.359344170182e-16 
  941       1.945470543967e-10       4.784789307759e-12       6.529808129917e-12       1.269819997231e-14       7.260779859935e-15       1.753195297967e-15       2.372788694740e-16 
  942       1.931786638516e-10       4.818517192033e-12       6.425059218405e-12       1.269110891022e-14       7.231580767145e-15       1.732830400222e-15       2.385899477798e-16 
  943       1.918234905240e-10       4.851800514064e-12       6.317124910368e-12       1.268399298307e-14       7.202526159185e-15       1.712543060136e-15       2.398673395577e-16 
  944       1.904818802979e-10       4.884624058862e-12       6.206058154001e-12       1.267685631595e-14       7.173615069873e-15       1.692332028048e-15       2.411107312502e-16 
  945       1.891541812679e-10       4.916972503610e-12       6.091912462048e-12       1.266970306719e-14       7.144846514549e-15       1.672196037977e-15       2.423198081192e-16 
  946       1.878407437439e-10       4.948830417394e-12       5.974741913390e-12       1.266253742840e-14       7.116219490015e-15       1.652133807565e-15       2.434942542438e-16 
  947       1.865419202566e-10       4.980182260942e-12       5.854601154637e-12       1.265536362459e-14       7.087732974475e-15       1.632144038031e-15       2.446337525184e-16 
  948       1.852580655627e-10       5.011012386357e-12       5.731545401717e-12       1.264818591424e-14       7.059385927474e-15       1.612225414119e-15       2.457379846514e-16 
  949       1.839895366496e-10       5.041305036851e-12       5.605630441462e-12       1.264100858939e-14       7.031177289837e-15       1.592376604054e-15       2.468066311629e-16 
  950       1.827366927411e-10       5.071044346481e-12       5.476912633205e-12       1.263383597573e-14       7.003105983612e-15       1.572596259486e-15       2.478393713832e-16 
  951       1.814998953018e-10       5.100214339881e-12       5.345448910361e-12       1.262667243267e-14       6.975170912006e-15       1.552883015443e-15       2.488358834510e-16 
  952       1.802795080429e-10       5.128798932001e-12       5.211296782025e-12       1.261952235345e-14       6.947370959329e-15       1.533235490285e-15       2.497958443116e-16 
  953       1.790758969270e-10       5.156781927837e-12       5.074514334554e-12       1.261239016520e-14       6.919704990927e-15       1.513652285649e-15       2.507189297151e-16 
  954       1.778894301733e-10       5.184147022167e-12       4.935160233164e-12       1.260528032901e-14       6.892171853130e-15       1.494131986402e-15       2.516048142145e-16 
  955       1.767204782624e-10       5.210877799286e-12       4.793293723514e-12       1.259819734008e-14       6.864770373187e-15       1.474673160593e-15       2.524531711642e-16 
  956       1.755693599062e-10       5.236959812197e-12       4.648975361082e-12       1.259114535815e-14       6.837499492718e-15       1.455274817264e-15       2.532637864231e-16 
  957       1.744361790401e-10       5.262386855512e-12       4.502269208288e-12       1.258412709271e-14       6.810358670428e-15       1.435937787656e-15       2.540369013714e-16 
  958       1.733209853506e-10       5.287154787851e-12       4.353240674087e-12       1.257714490099e-14       6.783347485426e-15       1.416663365005e-15       2.547728751306e-16 
  959       1.722238280833e-10       5.311259461076e-12       4.201955790917e-12       1.257020115596e-14       6.756465504229e-15       1.397452848606e-15       2.554720713460e-16 
  960       1.711447560409e-10       5.334696720302e-12       4.048481216376e-12       1.256329824643e-14       6.729712280716e-15       1.378307543815e-15       2.561348582001e-16 
  961       1.700838175814e-10       5.357462403905e-12       3.892884234913e-12       1.255643857707e-14       6.703087356091e-15       1.359228762070e-15       2.567616084259e-16 
  962       1.690410606161e-10       5.379552343526e-12       3.735232759512e-12       1.254962456842e-14       6.676590258834e-15       1.340217820893e-15       2.573526993195e-16 
  963       1.680165326075e-10       5.400962364079e-12       3.575595333374e-12       1.254285865698e-14       6.650220504664e-15       1.321276043906e-15       2.579085127538e-16 
  964       1.670102805675e-10       5.421688283761e-12       3.414041131607e-12       1.253614329517e-14       6.623977596492e-15       1.302404760839e-15       2.584294351913e-16 
  965       1.660223510553e-10       5.441725914056e-12       3.250639962909e-12       1.252948095145e-14       6.597861024381e-15       1.283605307542e-15       2.589158576975e-16 
  966       1.650527901756e-10       5.461071059745e-12       3.085462271249e-12       1.252287411028e-14       6.571870265500e-15       1.264879025993e-15       2.593681759536e-16 
  967       1.641016435763e-10       5.479719518911e-12       2.918579137560e-12       1.251632527221e-14       6.546004784086e-15       1.246227264314e-15       2.597867902701e-16 
  968       1.631689564471e-10       5.497667082948e-12       2.750062281418e-12       1.250983695390e-14       6.520264031399e-15       1.227651376774e-15       2.601721055996e-16 
  969       1.622547735169e-10       5.514909536568e-12       2.579984062730e-12       1.250341168814e-14       6.494647445676e-15       1.209152723807e-15       2.605245315502e-16 
  970       1.613591390523e-10       5.531442657807e-12       2.408417483418e-12       1.249705202392e-14       6.469154452095e-15       1.190732672017e-15       2.608444823982e-16 
  971       1.604820968555e-10       5.547262218033e-12       2.235436189105e-12       1.249076052642e-14       6.443784462726e-15       1.172392594193e-15       2.611323771020e-16 
  972       1.596236902621e-10       5.562363981954e-12       2.061114470799e-12       1.248453977709e-14       6.418536876494e-15       1.154133869316e-15       2.613886393142e-16 
  973       1.587839621395e-10       5.576743707626e-12       1.885527266578e-12       1.247839237366e-14       6.393411079130e-15       1.135957882571e-15       2.616136973958e-16 
  974       1.579629548848e-10       5.590397146457e-12       1.708750163278e-12       1.247232093020e-14       6.368406443135e-15       1.117866025359e-15       2.618079844284e-16 
  975       1.571607104227e-10       5.603320043218e-12       1.530859398174e-12       1.246632807711e-14       6.343522327731e-15       1.099859695304e-15       2.619719382281e-16 
  976       1.563772702037e-10       5.615508136048e-12       1.351931860668e-12       1.246041646123e-14       6.318758078822e-15       1.081940296268e-15       2.621060013580e-16 
  977       1.556126752021e-10       5.626957156462e-12       1.172045093974e-12       1.245458874578e-14       6.294113028953e-15       1.064109238359e-15       2.622106211418e-16 
  978       1.548669659140e-10       5.637662829357e-12       9.912772968003e-13       1.244884761049e-14       6.269586497261e-15       1.046367937941e-15       2.622862496767e-16 
  979       1.541401823553e-10       5.647620873024e-12       8.097073250385e-13       1.244319575159e-14       6.245177789439e-15       1.028717817646e-15       2.623333438465e-16 
  980       1.534323640598e-10       5.656826999148e-12       6.274146934463e-13       1.243763588182e-14       6.220886197689e-15       1.011160306386e-15       2.623523653350e-16 
  981       1.527435500772e-10       5.665276912822e-12       4.444795773332e-13       1.243217073054e-14       6.196711000682e-15       9.936968393596e-16       2.623437806388e-16 
  982       1.520737789713e-10       5.672966312549e-12       2.609828142456e-13       1.242680304370e-14       6.172651463513e-15       9.763288580655e-16       2.623080610805e-16 
  983       1.514230888177e-10       5.679890890254e-12       7.700590565199e-14       1.242153558390e-14       6.148706837659e-15       9.590578103128e-16       2.622456828222e-16 
  984       1.507915172021e-10       5.686046331289e-12      -1.073689813720e-13       1.241637113044e-14       6.124876360938e-15       9.418851502308e-16       2.621571268780e-16 
  985       1.501791012182e-10       5.691428314437e-12      -2.920590124584e-13       1.241131247931e-14       6.101159257464e-15       9.248123382802e-16       2.620428791278e-16 
  986       1.495858774660e-10       5.696032511927e-12      -4.769806842618e-13       1.240636244330e-14       6.077554737606e-15       9.078408412635e-16       2.619034303298e-16 
  987       1.490118820493e-10       5.699854589434e-12      -6.620498227743e-13       1.240152385197e-14       6.054061997944e-15       8.909721323355e-16       2.617392761341e-16 
  988       1.484571505742e-10       5.702890206090e-12      -8.471815816401e-13       1.239679955170e-14       6.030680221226e-15       8.742076910141e-16       2.615509170958e-16 
  989       1.479217181471e-10       5.705135014492e-12      -1.032290440471e-12       1.239219240578e-14       6.007408576329e-15       8.575490031906e-16       2.613388586877e-16 
  990       1.474056193726e-10       5.706584660705e-12      -1.217290203159e-12       1.238770529435e-14       5.984246218210e-15       8.409975611407e-16       2.611036113141e-16 
  991       1.469088883514e-10       5.707234784273e-12      -1.402093996197e-12       1.238334111452e-14       5.961192287869e-15       8.245548635348e-16       2.608456903231e-16 
  992       1.464315586787e-10       5.707081018227e-12      -1.586614266985e-12       1.237910278037e-14       5.938245912303e-15       8.082224154486e-16       2.605656160207e-16 
  993       1.459736634419e-10       5.706118989090e-12      -1.770762782153e-12       1.237499322300e-14       5.915406204466e-15       7.920017283737e-16       2.602639136832e-16 
  994       1.455352352188e-10       5.704344316883e-12      -1.954450625871e-12       1.237101539053e-14       5.892672263223e-15       7.758943202284e-16       2.599411135705e-16 
  995       1.451162714918e-10       5.701754395665e-12      -2.137594726698e-12       1.236717176190e-14       5.870043273688e-15       7.599018219032e-16       2.595976290081e-16 
  996       1.447166303377e-10       5.698353763752e-12      -2.320137546471e-12       1.236346288021e-14       5.847518809936e-15       7.440262985895e-16       2.592333886462e-16 
  997       1.443361332028e-10       5.694148812345e-12      -2.502027677101e-12       1.235988879787e-14       5.825098536649e-15       7.282699331890e-16       2.588481988280e-16 
  998       1.439745993417e-10       5.689146012369e-12      -2.683213337351e-12       1.235644956096e-14       5.802782109111e-15       7.126349202296e-16       2.584418650304e-16 
  999       1.436318458110e-10       5.683351914701e-12      -2.863642371942e-12       1.235314520919e-14       5.780569173177e-15       6.971234658894e-16       2.580141918618e-16 
 1000       1.433076874634e-10       5.676773150385e-12      -3.043262250655e-12       1.234997577588e-14       5.758459365242e-15       6.817377880197e-16       2.575649830609e-16 
 1001       1.430019369413e-10       5.669416430864e-12      -3.222020067442e-12       1.234694128790e-14       5.736452312210e-15       6.664801161685e-16       2.570940414950e-16 
 1002       1.427144046708e-10       5.661288548196e-12      -3.399862539527e-12       1.234404176572e-14       5.714547631465e-15       6.513526916043e-16       2.566011691582e-16 
 1003       1.424448988555e-10       5.652396375280e-12      -3.576736006513e-12       1.234127722332e-14       5.692744930839e-15       6.363577673395e-16       2.560861671697e-16 
 1004       1.421932254705e-10       5.642746866076e-12      -3.752586429489e-12       1.233864766821e-14       5.671043808582e-15       6.214976081538e-16       2.555488357726e-16 
 1005       1.419591882559e-10       5.632347055833e-12      -3.927359390131e-12       1.233615310138e-14       5.649443853333e-15       6.067744906176e-16       2.549889743319e-16 
 1006       1.417425887109e-10       5.621204061309e-12      -4.101000089811e-12       1.233379351731e-14       5.627944644086e-15       5.921907031158e-16       2.544063813328e-16 
 1007       1.415432260877e-10       5.609325080990e-12      -4.273453348704e-12       1.233156890388e-14       5.606545750162e-15       5.777485458709e-16       2.538008543796e-16 
 1008       1.413608973851e-10       5.596717395322e-12      -4.444663604886e-12       1.232947924245e-14       5.585246731179e-15       5.634503309671e-16       2.531721901933e-16 
 1009       1.411953973427e-10       5.583388366924e-12      -4.614574913450e-12       1.232752450775e-14       5.564047137019e-15       5.492983823729e-16       2.525201846105e-16 
 1010       1.410465184343e-10       5.569345440818e-12      -4.783130945600e-12       1.232570466788e-14       5.542946507799e-15       5.352950359656e-16       2.518446325817e-16 
 1011       1.409140508621e-10       5.554596144650e-12      -4.950274987765e-12       1.232401968432e-14       5.521944373841e-15       5.214426395539e-16       2.511453281697e-16 
 1012       1.407977825505e-10       5.539148088910e-12      -5.115949940703e-12       1.232246951187e-14       5.501040255640e-15       5.077435529021e-16       2.504220645476e-16 
 1013       1.406974991398e-10       5.523008967158e-12      -5.280098318601e-12       1.232105409863e-14       5.480233663834e-15       4.942001477531e-16       2.496746339975e-16 
 1014       1.406129839801e-10       5.506186556247e-12      -5.442662248187e-12       1.231977338601e-14       5.459524099175e-15       4.808148078520e-16       2.489028279091e-16 
 1015       1.405440181252e-10       5.488688716545e-12      -5.603583467831e-12       1.231862730866e-14       5.438911052495e-15       4.675899289700e-16       2.481064367773e-16 
 1016       1.404903803265e-10       5.470523392157e-12      -5.762803326653e-12       1.231761579449e-14       5.418394004679e-15       4.545279189273e-16       2.472852502015e-16 
 1017       1.404518470267e-10       5.451698611149e-12      -5.920262783628e-12       1.231673876462e-14       5.397972426633e-15       4.416311976170e-16       2.464390568831e-16 
 1018       1.404281923537e-10       5.432222485770e-12      -6.075902406689e-12       1.231599613336e-14       5.377645779252e-15       4.289021970283e-16       2.455676446247e-16 
 1019       1.404191881144e-10       5.412103212677e-12      -6.229662371835e-12       1.231538780822e-14       5.357413513393e-15       4.163433612703e-16       2.446708003277e-16 
 1020       1.404246037889e-10       5.391349073155e-12      -6.381482462236e-12       1.231491368982e-14       5.337275069841e-15       4.039571465953e-16       2.437483099911e-16 
 1021       1.404442065237e-10       5.369968433343e-12      -6.531302067337e-12       1.231457367195e-14       5.317229879280e-15       3.917460214223e-16       2.427999587099e-16 
 1022       1.404777611261e-10       5.347969744454e-12      -6.679060181965e-12       1.231436764148e-14       5.297277362262e-15       3.797124663607e-16       2.418255306733e-16 
 1023       1.405250300578e-10       5.325361542999e-12      -6.824695405434e-12       1.231429547835e-14       5.277416929177e-15       3.678589742335e-16       2.408248091629e-16 
 1024       1.405857734288e-10       5.302152451010e-12      -6.968145940649e-12       1.231435705561e-14       5.257647980224e-15       3.561880501008e-16       2.397975765516e-16 
 1025       1.406597489913e-10       5.278351176264e-12      -7.109349593214e-12       1.231455223929e-14       5.237969905374e-15       3.447022112837e-16       2.387436143016e-16 
 1026       1.407467121334e-10       5.253966512504e-12      -7.248243770535e-12       1.231488088846e-14       5.218382084349e-15       3.334039873874e-16       2.376627029625e-16 
 1027       1.408464158731e-10       5.229007339662e-12      -7.384765480926e-12       1.231534285520e-14       5.198883886585e-15       3.222959203247e-16       2.365546221705e-16 
 1028       1.409586108521e-10       5.203482624084e-12      -7.518851332715e-12       1.231593798452e-14       5.179474671200e-15       3.113805643397e-16       2.354191506458e-16 
 1029       1.410830453296e-10       5.177401418751e-12      -7.650437533350e-12       1.231666611441e-14       5.160153786972e-15       3.006604860312e-16       2.342560661917e-16 
 1030       1.412194651761e-10       5.150772863502e-12      -7.779459888502e-12       1.231752707576e-14       5.140920572298e-15       2.901382643762e-16       2.330651456926e-16 
 1031       1.413676138676e-10       5.123606185257e-12      -7.905853801173e-12       1.231852069237e-14       5.121774355170e-15       2.798164907534e-16       2.318461651124e-16 
 1032       1.415272324789e-10       5.095910698241e-12      -8.029554270799e-12       1.231964678093e-14       5.102714453145e-15       2.696977689666e-16       2.305988994931e-16 
 1033       1.416980596777e-10       5.067695804205e-12      -8.150495892357e-12       1.232090515097e-14       5.083740173308e-15       2.597847152683e-16       2.293231229529e-16 
 1034       1.418798316508e-10       5.038971465813e-12      -8.268622224675e-12       1.232229529838e-14       5.064850888362e-15       2.500790275468e-16       2.280187876154e-16 
 1035       1.420722818922e-10       5.009749633666e-12      -8.383914042114e-12       1.232381548132e-14       5.046046266103e-15       2.405786784359e-16       2.266865631697e-16 
 1036       1.422751413999e-10       4.980042839884e-12      -8.496361480261e-12       1.232546363117e-14       5.027326043123e-15       2.312806825951e-16       2.253273049302e-16 
 1037       1.424881387368e-10       4.949863727040e-12      -8.605954703068e-12       1.232723765785e-14       5.008689948971e-15       2.221820238695e-16       2.239418756154e-16 
 1038       1.427110000247e-10       4.919225048446e-12      -8.712683903010e-12       1.232913544967e-14       4.990137706126e-15       2.132796552089e-16       2.225311453664e-16 
 1039       1.429434489385e-10       4.888139668420e-12      -8.816539301241e-12       1.233115487334e-14       4.971669029981e-15       2.045704985867e-16       2.210959917652e-16 
 1040       1.431852066995e-10       4.856620562566e-12      -8.917511147749e-12       1.233329377389e-14       4.953283628817e-15       1.960514449195e-16       2.196372998535e-16 
 1041       1.434359920697e-10       4.824680818052e-12      -9.015589721514e-12       1.233554997460e-14       4.934981203783e-15       1.877193539856e-16       2.181559621504e-16 
 1042       1.436955213453e-10       4.792333633882e-12      -9.110765330663e-12       1.233792127695e-14       4.916761448872e-15       1.795710543447e-16       2.166528786717e-16 
 1043       1.439635083508e-10       4.759592321172e-12      -9.203028312624e-12       1.234040546058e-14       4.898624050902e-15       1.716033432566e-16       2.151289569477e-16 
 1044       1.442396644325e-10       4.726470303431e-12      -9.292369034285e-12       1.234300028323e-14       4.880568689490e-15       1.638129866006e-16       2.135851120418e-16 
 1045       1.445236984529e-10       4.692981116830e-12      -9.378777892147e-12       1.234570348065e-14       4.862595037035e-15       1.561967187946e-16       2.120222665692e-16 
 1046       1.448153167839e-10       4.659138410484e-12      -9.462245312485e-12       1.234851276657e-14       4.844702758691e-15       1.487512427138e-16       2.104413507149e-16 
 1047       1.451142233011e-10       4.624955946723e-12      -9.542761751497e-12       1.235142583265e-14       4.826891512347e-15       1.414732296105e-16       2.088433022524e-16 
 1048       1.454201193774e-10       4.590447601372e-12      -9.620317695464e-12       1.235444034841e-14       4.809160948608e-15       1.343593190327e-16       2.072290665622e-16 
 1049       1.457327038769e-10       4.555627364025e-12      -9.694903660907e-12       1.235755396117e-14       4.791510710767e-15       1.274061187434e-16       2.055995966499e-16 
 1050       1.460516731489e-10       4.520509338320e-12      -9.766510194740e-12       1.236076429600e-14       4.773940434787e-15       1.206102046397e-16       2.039558531649e-16 
 1051       1.463767210214e-10       4.485107742216e-12      -9.835127874429e-12       1.236406895566e-14       4.756449749280e-15       1.139681206720e-16       2.022988044189e-16 
 1052       1.467075387953e-10       4.449436908272e-12      -9.900747308143e-12       1.236746552054e-14       4.739038275480e-15       1.074763787629e-16       2.006294264040e-16 
 1053       1.470438152381e-10       4.413511283916e-12      -9.963359134917e-12       1.237095154862e-14       4.721705627228e-15       1.011314587268e-16       1.989487028115e-16 
 1054       1.473852365774e-10       4.377345431728e-12      -1.002295402480e-11       1.237452457538e-14       4.704451410942e-15       9.492980818829e-17       1.972576250500e-16 
 1055       1.477314864954e-10       4.340954029711e-12      -1.007952267902e-11       1.237818211378e-14       4.687275225602e-15       8.886784250190e-17       1.955571922641e-16 
 1056       1.480822461223e-10       4.304351871570e-12      -1.013305583014e-11       1.238192165418e-14       4.670176662724e-15       8.294194467093e-17       1.938484113528e-16 
 1057       1.484371940302e-10       4.267553866986e-12      -1.018354424219e-11       1.238574066427e-14       4.653155306340e-15       7.714846526665e-17       1.921322969876e-16 
 1058       1.487960062269e-10       4.230575041894e-12      -1.023097871086e-11       1.238963658906e-14       4.636210732974e-15       7.148372234739e-17       1.904098716315e-16 
 1059       1.491583561499e-10       4.193430538755e-12      -1.027535006362e-11       1.239360685078e-14       4.619342511621e-15       6.594400137766e-17       1.886821655568e-16 
 1060       1.495239146602e-10       4.156135616838e-12      -1.031664915993e-11       1.239764884884e-14       4.602550203725e-15       6.052555514730e-17       1.869502168641e-16 
 1061       1.498923500360e-10       4.118705652490e-12      -1.035486689131e-11       1.240175995976e-14       4.585833363160e-15       5.522460369058e-17       1.852150715004e-16 
 1062       1.502633279666e-10       4.081156139416e-12      -1.038999418159e-11       1.240593753714e-14       4.569191536201e-15       5.003733420531e-17       1.834777832775e-16 
 1063       1.506365115464e-10       4.043502688953e-12      -1.042202198700e-11       1.241017891156e-14       4.552624261507e-15       4.495990097197e-17       1.817394138908e-16 
 1064       1.510115612685e-10       4.005761030346e-12      -1.045094129634e-11       1.241448139058e-14       4.536131070101e-15       3.998842527285e-17       1.800010329371e-16 
 1065       1.513881350188e-10       3.967947011026e-12      -1.047674313117e-11       1.241884225864e-14       4.519711485341e-15       3.511899531112e-17       1.782637179338e-16 
 1066       1.517658880694e-10       3.930076596881e-12      -1.049941854591e-11       1.242325877699e-14       4.503365022904e-15       3.034766613002e-17       1.765285543368e-16 
 1067       1.521444730729e-10       3.892165872539e-12      -1.051895862805e-11       1.242772818370e-14       4.487091190763e-15       2.567045953192e-17       1.747966355589e-16 
 1068       1.525235400562e-10       3.854231041638e-12      -1.053535449827e-11       1.243224769352e-14       4.470889489161e-15       2.108336399746e-17       1.730690629886e-16 
 1069       1.529027364140e-10       3.816288427106e-12      -1.054859731061e-11       1.243681449790e-14       4.454759410595e-15       1.658233460467e-17       1.713469460082e-16 
 1070       1.532817069029e-10       3.778354471431e-12      -1.055867825262e-11       1.244142576486e-14       4.438700439790e-15       1.216329294811e-17       1.696314020125e-16 
 1071       1.536600936353e-10       3.740445736947e-12      -1.056558854552e-11       1.244607863900e-14       4.422712053677e-15       7.822127057948e-18       1.679235564270e-16 
 1072       1.540375360729e-10       3.702578906100e-12      -1.056931944437e-11       1.245077024138e-14       4.406793721372e-15       3.554691319129e-18       1.662245427265e-16 
 1073       1.544136998818e-10       3.664769771396e-12      -1.056986893173e-11       1.245549770663e-14       4.390944958889e-15      -6.425878976941e-19       1.645352316051e-16 
 1074       1.547883639389e-10       3.627030189617e-12      -1.056726189831e-11       1.246025829463e-14       4.375165494129e-15      -4.770886149399e-18       1.628554144116e-16 
 1075       1.551613344980e-10       3.589371086681e-12      -1.056153023747e-11       1.246504928025e-14       4.359455104090e-15      -8.830782302377e-18       1.611846086318e-16 
 1076       1.555324164328e-10       3.551803464379e-12      -1.055270617738e-11       1.246986791624e-14       4.343813560325e-15      -1.282286200734e-17       1.595223277188e-16 
 1077       1.559014132342e-10       3.514338400551e-12      -1.054082228197e-11       1.247471143325e-14       4.328240628924e-15      -1.674771771710e-17       1.578680810830e-16 
 1078       1.562681270070e-10       3.476987049252e-12      -1.052591145171e-11       1.247957703974e-14       4.312736070498e-15      -2.060594870444e-17       1.562213740827e-16 
 1079       1.566323584664e-10       3.439760640927e-12      -1.050800692447e-11       1.248446192196e-14       4.297299640162e-15      -2.439816107984e-17       1.545817080141e-16 
 1080       1.569939069355e-10       3.402670482581e-12      -1.048714227641e-11       1.248936324386e-14       4.281931087519e-15      -2.812496780933e-17       1.529485801013e-16 
 1081       1.573525703415e-10       3.365727957945e-12      -1.046335142281e-11       1.249427814704e-14       4.266630156644e-15      -3.178698873231e-17       1.513214834871e-16 
 1082       1.577081452130e-10       3.328944527653e-12      -1.043666861893e-11       1.249920375073e-14       4.251396586066e-15      -3.538485057932e-17       1.496999072228e-16 
 1083       1.580604266767e-10       3.292331729411e-12      -1.040712846083e-11       1.250413715170e-14       4.236230108756e-15      -3.891918698986e-17       1.480833362584e-16 
 1084       1.584092084540e-10       3.255901178164e-12      -1.037476588628e-11       1.250907542424e-14       4.221130452105e-15      -4.239063853022e-17       1.464712514331e-16 
 1085       1.587542828583e-10       3.219664566272e-12      -1.033961617556e-11       1.251401562008e-14       4.206097337914e-15      -4.579985271124e-17       1.448631294653e-16 
 1086       1.590954407915e-10       3.183633663677e-12      -1.030171495236e-11       1.251895476834e-14       4.191130482370e-15      -4.914748400617e-17       1.432584429431e-16 
 1087       1.594324717410e-10       3.147820318076e-12      -1.026109818460e-11       1.252388987549e-14       4.176229596036e-15      -5.243419386844e-17       1.416566603141e-16 
 1088       1.597651637764e-10       3.112236455090e-12      -1.021780218528e-11       1.252881792529e-14       4.161394383834e-15      -5.566065074947e-17       1.400572458760e-16 
 1089       1.600933035466e-10       3.076894078435e-12      -1.017186361336e-11       1.253373587872e-14       4.146624545026e-15      -5.882753011651e-17       1.384596597668e-16 
 1090       1.604166762763e-10       3.041805270097e-12      -1.012331947459e-11       1.253864067398e-14       4.131919773198e-15      -6.193551447039e-17       1.368633579546e-16 
 1091       1.607350657632e-10       3.006982190494e-12      -1.007220712237e-11       1.254352922636e-14       4.117279756246e-15      -6.498529336339e-17       1.352677922286e-16 
 1092       1.610482543746e-10       2.972437078654e-12      -1.001856425862e-11       1.254839842825e-14       4.102704176358e-15      -6.797756341699e-17       1.336724101885e-16 
 1093       1.613560230443e-10       2.938182252386e-12      -9.962428934598e-12       1.255324514905e-14       4.088192709998e-15      -7.091302833972e-17       1.320766552354e-16 
 1094       1.616581512696e-10       2.904230108444e-12      -9.903839551780e-12       1.255806623514e-14       4.073745027890e-15      -7.379239894494e-17       1.304799665615e-16 
 1095       1.619544171078e-10       2.870593122705e-12      -9.842834862703e-12       1.256285850983e-14       4.059360795001e-15      -7.661639316866e-17       1.288817791408e-16 
 1096       1.622445971734e-10       2.837283850336e-12      -9.779453971822e-12       1.256761877325e-14       4.045039670525e-15      -7.938573608735e-17       1.272815237189e-16 
 1097       1.625284666348e-10       2.804314925964e-12      -9.713736336360e-12       1.257234380240e-14       4.030781307869e-15      -8.210115993574e-17       1.256786268034e-16 
 1098       1.628057992110e-10       2.771699063851e-12      -9.645721767162e-12       1.257703035098e-14       4.016585354631e-15      -8.476340412461e-17       1.240725106545e-16 
 1099       1.630763671689e-10       2.739449058060e-12      -9.575450429546e-12       1.258167514942e-14       4.002451452589e-15      -8.737321525864e-17       1.224625932744e-16 
 1100       1.633399413195e-10       2.707577782629e-12      -9.502962844161e-12       1.258627490482e-14       3.988379237684e-15      -8.993134715417e-17       1.208482883984e-16 
 1101       1.635962910153e-10       2.676098191738e-12      -9.428299887833e-12       1.259082630085e-14       3.974368340000e-15      -9.243856085703e-17       1.192290054845e-16 
 1102       1.638451841468e-10       2.645023319886e-12      -9.351502794425e-12       1.259532599773e-14       3.960418383753e-15      -9.489562466037e-17       1.176041497040e-16 
 1103       1.640863871394e-10       2.614366282055e-12      -9.272613155685e-12       1.259977063217e-14       3.946528987269e-15      -9.730331412242e-17       1.159731219315e-16 
 1104       1.643196649507e-10       2.584140273886e-12      -9.191672922099e-12       1.260415681733e-14       3.932699762974e-15      -9.966241208431e-17       1.143353187352e-16 
 1105       1.645447810665e-10       2.554358571844e-12      -9.108724403748e-12       1.260848114275e-14       3.918930317372e-15      -1.019737086879e-16       1.126901323673e-16 
 1106       1.647614974983e-10       2.525034533396e-12      -9.023810271159e-12       1.261274017428e-14       3.905220251032e-15      -1.042380013936e-16       1.110369507539e-16 
 1107       1.649695747799e-10       2.496181597176e-12      -8.936973556154e-12       1.261693045409e-14       3.891569158569e-15      -1.064560949981e-16       1.093751574856e-16 
 1108       1.651687719645e-10       2.467813283158e-12      -8.848257652709e-12       1.262104850053e-14       3.877976628633e-15      -1.086288016523e-16       1.077041318073e-16 
 1109       1.653588466211e-10       2.439943192826e-12      -8.757706317803e-12       1.262509080816e-14       3.864442243884e-15      -1.107569408788e-16       1.060232486087e-16 
 1110       1.655395548315e-10       2.412585009346e-12      -8.665363672275e-12       1.262905384763e-14       3.850965580987e-15      -1.128413395904e-16       1.043318784148e-16 
 1111       1.657106511876e-10       2.385752497735e-12      -8.571274201671e-12       1.263293406567e-14       3.837546210583e-15      -1.148828321071e-16       1.026293873754e-16 
 1112       1.658719260965e-10       2.359457709678e-12      -8.475483450388e-12       1.263672821060e-14       3.824183741672e-15      -1.168816319551e-16       1.009153159734e-16 
 1113       1.660233182411e-10       2.333705571798e-12      -8.378040112364e-12       1.264043431366e-14       3.810877955386e-15      -1.188354381878e-16       9.918991773890e-17 
 1114       1.661648035917e-10       2.308499226611e-12      -8.278993969553e-12       1.264405072046e-14       3.797628672939e-15      -1.207413042154e-16       9.745362759462e-17 
 1115       1.662963582310e-10       2.283841821426e-12      -8.178395202053e-12       1.264757576657e-14       3.784435711381e-15      -1.225962637240e-16       9.570688378815e-17 
 1116       1.664179583548e-10       2.259736508341e-12      -8.076294389025e-12       1.265100777749e-14       3.771298883593e-15      -1.243973306330e-16       9.395012789943e-17 
 1117       1.665295802723e-10       2.236186444243e-12      -7.972742509610e-12       1.265434506863e-14       3.758217998268e-15      -1.261414990516e-16       9.218380484831e-17 
 1118       1.666312004072e-10       2.213194790803e-12      -7.867790943853e-12       1.265758594526e-14       3.745192859905e-15      -1.278257432358e-16       9.040836290213e-17 
 1119       1.667227952971e-10       2.190764714469e-12      -7.761491473624e-12       1.266072870254e-14       3.732223268791e-15      -1.294470175454e-16       8.862425368328e-17 
 1120       1.668043415949e-10       2.168899386472e-12      -7.653896283533e-12       1.266377162546e-14       3.719309020995e-15      -1.310022564007e-16       8.683193217671e-17 
 1121       1.668758160688e-10       2.147601982811e-12      -7.545057961856e-12       1.266671298884e-14       3.706449908352e-15      -1.324883742397e-16       8.503185673753e-17 
 1122       1.669371956028e-10       2.126875684260e-12      -7.435029501450e-12       1.266955105729e-14       3.693645718453e-15      -1.339022654746e-16       8.322448909855e-17 
 1123       1.669884571974e-10       2.106723676357e-12      -7.323864300677e-12       1.267228408519e-14       3.680896234631e-15      -1.352408044491e-16       8.141029437783e-17 
 1124       1.670295779697e-10       2.087149149406e-12      -7.211616164323e-12       1.267491031670e-14       3.668201235950e-15      -1.365008453948e-16       7.958974108627e-17 
 1125       1.670605351541e-10       2.068155298471e-12      -7.098339304518e-12       1.267742798569e-14       3.655560497196e-15      -1.376792223888e-16       7.776330113511e-17 
 1126       1.670813061028e-10       2.049745323371e-12      -6.984088341655e-12       1.267983531575e-14       3.642973788858e-15      -1.387727493099e-16       7.593144984353e-17 
 1127       1.670918682860e-10       2.031922428682e-12      -6.868918305312e-12       1.268213052015e-14       3.630440877124e-15      -1.397782197959e-16       7.409466594618e-17 
 1128       1.670921992927e-10       2.014689823728e-12      -6.752884635173e-12       1.268431180186e-14       3.617961523863e-15      -1.406924072004e-16       7.225343160075e-17 
 1129       1.670822768309e-10       1.998050722583e-12      -6.636043181945e-12       1.268637735346e-14       3.605535486616e-15      -1.415120645496e-16       7.040823239554e-17 
 1130       1.670620787283e-10       1.982008344062e-12      -6.518450208281e-12       1.268832535717e-14       3.593162518581e-15      -1.422339244993e-16       6.855955735698e-17 
 1131       1.670315829324e-10       1.966565911722e-12      -6.400162389697e-12       1.269015398482e-14       3.580842368607e-15      -1.428546992918e-16       6.670789895721e-17 
 1132       1.669907675113e-10       1.951726653856e-12      -6.281236815496e-12       1.269186139782e-14       3.568574781175e-15      -1.433710807129e-16       6.485375312163e-17 
 1133       1.669396106541e-10       1.937493803493e-12      -6.161730989687e-12       1.269344574712e-14       3.556359496391e-15      -1.437797400485e-16       6.299761923645e-17 
 1134       1.668780906712e-10       1.923870598390e-12      -6.041702831904e-12       1.269490517325e-14       3.544196249971e-15      -1.440773280416e-16       6.114000015628e-17 
 1135       1.668061859950e-10       1.910860281033e-12      -5.921210678325e-12       1.269623780621e-14       3.532084773230e-15      -1.442604748495e-16       5.928140221162e-17 
 1136       1.667238751800e-10       1.898466098632e-12      -5.800313282596e-12       1.269744176553e-14       3.520024793071e-15      -1.443257900003e-16       5.742233521648e-17 
 1137       1.666311369038e-10       1.886691303115e-12      -5.679069816749e-12       1.269851516019e-14       3.508016031971e-15      -1.442698623499e-16       5.556331247591e-17 
 1138       1.665279499670e-10       1.875539151130e-12      -5.557539872122e-12       1.269945608865e-14       3.496058207972e-15      -1.440892600392e-16       5.370485079354e-17 
 1139       1.664142932941e-10       1.865012904038e-12      -5.435783460279e-12       1.270026263877e-14       3.484151034665e-15      -1.437805304504e-16       5.184747047916e-17 
 1140       1.662901459336e-10       1.855115827910e-12      -5.313861013931e-12       1.270093288784e-14       3.472294221181e-15      -1.433402001646e-16       4.999169535627e-17 
 1141       1.661554870588e-10       1.845851193525e-12      -5.191833387856e-12       1.270146490253e-14       3.460487472178e-15      -1.427647749180e-16       4.813805276964e-17 
 1142       1.660102959681e-10       1.837222276364e-12      -5.069761859819e-12       1.270185673887e-14       3.448730487830e-15      -1.420507395594e-16       4.628707359285e-17 
 1143       1.658545520853e-10       1.829232356612e-12      -4.947708131492e-12       1.270210644224e-14       3.437022963812e-15      -1.411945580068e-16       4.443929223586e-17 
 1144       1.656882349604e-10       1.821884719148e-12      -4.825734329375e-12       1.270221204734e-14       3.425364591291e-15      -1.401926732041e-16       4.259524665256e-17 
 1145       1.655113242698e-10       1.815182653546e-12      -4.703903005714e-12       1.270217157817e-14       3.413755056915e-15      -1.390415070784e-16       4.075547834832e-17 
 1146       1.653237998169e-10       1.809129454070e-12      -4.582277139424e-12       1.270198304801e-14       3.402194042795e-15      -1.377374604968e-16       3.892053238757e-17 
 1147       1.651256415324e-10       1.803728419673e-12      -4.460920137007e-12       1.270164445940e-14       3.390681226501e-15      -1.362769132232e-16       3.709095740133e-17 
 1148       1.649168294752e-10       1.798982853991e-12      -4.339895833475e-12       1.270115380411e-14       3.379216281045e-15      -1.346562238749e-16       3.526730559477e-17 
 1149       1.646973438322e-10       1.794896065339e-12      -4.219268493266e-12       1.270050906312e-14       3.367798874867e-15      -1.328717298803e-16       3.345013275479e-17 
 1150       1.644671649191e-10       1.791471366710e-12      -4.099102811168e-12       1.269970820662e-14       3.356428671830e-15      -1.309197474348e-16       3.163999825753e-17 
 1151       1.642262975280e-10       1.788710580974e-12      -3.979459047327e-12       1.269874958936e-14       3.345105365109e-15      -1.287979641426e-16       2.983741025974e-17 
 1152       1.639748443062e-10       1.786609535694e-12      -3.860378362797e-12       1.269763314236e-14       3.333828779373e-15      -1.265096363836e-16       2.804266049556e-17 
 1153       1.637129333098e-10       1.785162511097e-12      -3.741897299621e-12       1.269635919629e-14       3.322598769876e-15      -1.240594451558e-16       2.625598739711e-17 
 1154       1.634406937442e-10       1.784363729549e-12      -3.624052630332e-12       1.269492808748e-14       3.311415188666e-15      -1.214521083075e-16       2.447763072307e-17 
 1155       1.631582559662e-10       1.784207355414e-12      -3.506881358434e-12       1.269334015792e-14       3.300277884565e-15      -1.186923806204e-16       2.270783156125e-17 
 1156       1.628657514872e-10       1.784687494915e-12      -3.390420718880e-12       1.269159575527e-14       3.289186703173e-15      -1.157850538928e-16       2.094683233121e-17 
 1157       1.625633129757e-10       1.785798195997e-12      -3.274708178552e-12       1.268969523287e-14       3.278141486848e-15      -1.127349570217e-16       1.919487678684e-17 
 1158       1.622510742597e-10       1.787533448188e-12      -3.159781436743e-12       1.268763894976e-14       3.267142074702e-15      -1.095469560869e-16       1.745221001897e-17 
 1159       1.619291703298e-10       1.789887182459e-12      -3.045678425634e-12       1.268542727072e-14       3.256188302594e-15      -1.062259544329e-16       1.571907845794e-17 
 1160       1.615977373416e-10       1.792853271087e-12      -2.932437310775e-12       1.268306056624e-14       3.245280003116e-15      -1.027768927525e-16       1.399572987624e-17 
 1161       1.612569126184e-10       1.796425527516e-12      -2.820096491567e-12       1.268053921255e-14       3.234417005590e-15      -9.920474916945e-17       1.228241339103e-17 
 1162       1.609068346540e-10       1.800597706217e-12      -2.708694601737e-12       1.267786359165e-14       3.223599136051e-15      -9.551453932141e-17       1.057937946684e-17 
 1163       1.605476431151e-10       1.805363502553e-12      -2.598270509822e-12       1.267503409130e-14       3.212826217247e-15      -9.171131644293e-17       8.886879918047e-18 
 1164       1.601794788442e-10       1.810716552635e-12      -2.488863319646e-12       1.267205110506e-14       3.202098068624e-15      -8.780017144840e-17       7.205167911571e-18 
 1165       1.598024838622e-10       1.816650433189e-12      -2.380512370803e-12       1.266891503229e-14       3.191414506320e-15      -8.378623301493e-17       5.534497969409e-18 
 1166       1.594168013710e-10       1.823158661413e-12      -2.273257239133e-12       1.266562627814e-14       3.180775343155e-15      -7.967466766532e-17       3.875125971253e-18 
 1167       1.590225757563e-10       1.830234694842e-12      -2.167137737205e-12       1.266218525363e-14       3.170180388620e-15      -7.547067985101e-17       2.227309157081e-18 
 1168       1.586199525901e-10       1.837871931204e-12      -2.062193914795e-12       1.265859237559e-14       3.159629448873e-15      -7.117951203498e-17       5.913061297525e-19 
 1169       1.582090786336e-10       1.846063708289e-12      -1.958466059367e-12       1.265484806672e-14       3.149122326725e-15      -6.680644477468e-17      -1.032623142399e-18 
 1170       1.577901018394e-10       1.854803303804e-12      -1.855994696550e-12       1.265095275558e-14       3.138658821635e-15      -6.235679680503e-17      -2.644217322968e-18 
 1171       1.573631713549e-10       1.864083935238e-12      -1.754820590623e-12       1.264690687664e-14       3.128238729699e-15      -5.783592512128e-17      -4.243213704882e-18 
 1172       1.569284375242e-10       1.873898759719e-12      -1.654984744989e-12       1.264271087024e-14       3.117861843640e-15      -5.324922506200e-17      -5.829348207810e-18 
 1173       1.564860518913e-10       1.884240873883e-12      -1.556528402660e-12       1.263836518265e-14       3.107527952803e-15      -4.860213039197e-17      -7.402355375564e-18 
 1174       1.560361672026e-10       1.895103313728e-12      -1.459493046732e-12       1.263387026607e-14       3.097236843140e-15      -4.390011338516e-17      -8.961968373505e-18 
 1175       1.555789374093e-10       1.906479054478e-12      -1.363920400869e-12       1.262922657863e-14       3.086988297209e-15      -3.914868490764e-17      -1.050791898595e-17 
 1176       1.551145176705e-10       1.918361010447e-12      -1.269852429779e-12       1.262443458442e-14       3.076782094156e-15      -3.435339450052e-17      -1.203993761357e-17 
 1177       1.546430643557e-10       1.930742034895e-12      -1.177331339699e-12       1.261949475351e-14       3.066618009715e-15      -2.951983046288e-17      -1.355775327081e-17 
 1178       1.541647350475e-10       1.943614919894e-12      -1.086399578869e-12       1.261440756194e-14       3.056495816192e-15      -2.465361993472e-17      -1.506109358327e-17 
 1179       1.536796885439e-10       1.956972396188e-12      -9.970998380139e-13       1.260917349176e-14       3.046415282459e-15      -1.976042897989e-17      -1.654968478514e-17 
 1180       1.531880848616e-10       1.970807133055e-12      -9.094750508259e-13       1.260379303102e-14       3.036376173947e-15      -1.484596266902e-17      -1.802325171657e-17 
 1181       1.526900852381e-10       1.985111738165e-12      -8.235683944411e-13       1.259826667381e-14       3.026378252633e-15      -9.915965162460e-18      -1.948151782112e-17 
 1182       1.521858521348e-10       1.999878757446e-12      -7.394232899203e-13       1.259259492025e-14       3.016421277033e-15      -4.976219793209e-18      -2.092420514313e-17 
 1183       1.516755492393e-10       2.015100674942e-12      -6.570834027294e-13       1.258677827652e-14       3.006505002195e-15      -3.254914986756e-20      -2.235103432511e-17 
 1184       1.511593414683e-10       2.030769912677e-12      -5.765926432184e-13       1.258081725486e-14       2.996629179685e-15       4.909184840444e-18      -2.376172460520e-17 
 1185       1.506373949703e-10       2.046878830515e-12      -4.979951671015e-13       1.257471237362e-14       2.986793557585e-15       9.843080829142e-18      -2.515599381453e-17 
 1186       1.501098771280e-10       2.063419726021e-12      -4.213353759372e-13       1.256846415721e-14       2.976997880477e-15       1.476319796325e-17      -2.653355837464e-17 
 1187       1.495769565611e-10       2.080384834322e-12      -3.466579176077e-13       1.256207313617e-14       2.967241889440e-15       1.966355580244e-17      -2.789413329490e-17 
 1188       1.490388031293e-10       2.097766327971e-12      -2.740076867987e-13       1.255553984718e-14       2.957525322035e-15       2.453813423613e-17      -2.923743216987e-17 
 1189       1.484955879343e-10       2.115556316807e-12      -2.034298254797e-13       1.254886483302e-14       2.947847912304e-15       2.938087340055e-17      -3.056316717677e-17 
 1190       1.479474840672e-10       2.133746464444e-12      -1.349627990540e-13       1.254204887224e-14       2.938209415647e-15       3.418664799649e-17      -3.187112656088e-17 
 1191       1.473946688535e-10       2.152326832876e-12      -6.861753075112e-14       1.253509367089e-14       2.928609683837e-15       3.895420350984e-17      -3.316140813913e-17 
 1192       1.468373216410e-10       2.171287023408e-12      -4.398011904656e-15       1.252800117926e-14       2.919048590914e-15       4.368325589060e-17      -3.443418865937e-17 
 1193       1.462756230605e-10       2.190616558565e-12       5.769179707043e-14       1.252077336314e-14       2.909526008363e-15       4.837352042288e-17      -3.568964657650e-17 
 1194       1.457097550285e-10       2.210304881926e-12       1.176479667845e-13       1.251341220383e-14       2.900041805113e-15       5.302471172448e-17      -3.692796205634e-17 
 1195       1.451399007503e-10       2.230341357948e-12       1.754665989794e-13       1.250591969819e-14       2.890595847523e-15       5.763654374643e-17      -3.814931697967e-17 
 1196       1.445662447225e-10       2.250715271797e-12       2.311438266356e-13       1.249829785866e-14       2.881187999385e-15       6.220872977257e-17      -3.935389494616e-17 
 1197       1.439889727357e-10       2.271415829179e-12       2.846758140776e-13       1.249054871328e-14       2.871818121906e-15       6.674098241913e-17      -4.054188127833e-17 
 1198       1.434082718771e-10       2.292432156163e-12       3.360587570816e-13       1.248267430576e-14       2.862486073711e-15       7.123301363428e-17      -4.171346302554e-17 
 1199       1.428243305338e-10       2.313753299018e-12       3.852888829809e-13       1.247467669549e-14       2.853191710828e-15       7.568453469767e-17      -4.286882896794e-17 
 1200       1.422373383947e-10       2.335368224034e-12       4.323624507731e-13       1.246655795758e-14       2.843934886688e-15       8.009525622006e-17      -4.400816962045e-17 
 1201       1.416474864540e-10       2.357265817357e-12       4.772757512262e-13       1.245832018288e-14       2.834715452115e-15       8.446488814282e-17      -4.513167723669e-17 
 1202       1.410549670133e-10       2.379434884814e-12       5.200251069852e-13       1.244996547804e-14       2.825533255316e-15       8.879313973752e-17      -4.623954581301e-17 
 1203       1.404599736849e-10       2.401864151745e-12       5.606068726784e-13       1.244149596552e-14       2.816388141882e-15       9.307971960553e-17      -4.733197109237e-17 
 1204       1.398627013940e-10       2.424542262829e-12       5.990174350243e-13       1.243291378364e-14       2.807279954774e-15       9.732433567752e-17      -4.840915056840e-17 
 1205       1.392633463817e-10       2.447457781914e-12       6.352532129375e-13       1.242422108660e-14       2.798208534319e-15       1.015266952131e-16      -4.947128348929e-17 
 1206       1.386621062079e-10       2.470599191848e-12       6.693106576355e-13       1.241542004452e-14       2.789173718204e-15       1.056865048003e-16      -5.051857086179e-17 
 1207       1.380591797536e-10       2.493954894305e-12       7.011862527451e-13       1.240651284347e-14       2.780175341467e-15       1.098034703551e-16      -5.155121545518e-17 
 1208       1.374547672240e-10       2.517513209615e-12       7.308765144090e-13       1.239750168551e-14       2.771213236494e-15       1.138772971214e-16      -5.256942180520e-17 
 1209       1.368490701510e-10       2.541262376593e-12       7.583779913919e-13       1.238838878873e-14       2.762287233005e-15       1.179076896698e-16      -5.357339621808e-17 
 1210       1.362422913961e-10       2.565190552368e-12       7.836872651873e-13       1.237917638725e-14       2.753397158056e-15       1.218943518980e-16      -5.456334677444e-17 
 1211       1.356346351530e-10       2.589285812213e-12       8.068009501240e-13       1.236986673131e-14       2.744542836026e-15       1.258369870299e-16      -5.553948333330e-17 
 1212       1.350263069503e-10       2.613536149372e-12       8.277156934723e-13       1.236046208723e-14       2.735724088612e-15       1.297352976150e-16      -5.650201753602e-17 
 1213       1.344175136543e-10       2.637929474888e-12       8.464281755505e-13       1.235096473752e-14       2.726940734823e-15       1.335889855287e-16      -5.745116281027e-17 
 1214       1.338084634719e-10       2.662453617437e-12       8.629351098317e-13       1.234137698087e-14       2.718192590970e-15       1.373977519709e-16      -5.838713437401e-17 
 1215       1.331993659531e-10       2.687096323150e-12       8.772332430498e-13       1.233170113217e-14       2.709479470665e-15       1.411612974664e-16      -5.931014923946e-17 
 1216       1.325904319936e-10       2.711845255449e-12       8.893193553065e-13       1.232193952259e-14       2.700801184809e-15       1.448793218640e-16      -6.022042621703e-17 
 1217       1.319818738379e-10       2.736687994869e-12       8.991902601771e-13       1.231209449959e-14       2.692157541587e-15       1.485515243362e-16      -6.111818591932e-17 
 1218       1.313739050818e-10       2.761612038894e-12       9.068428048175e-13       1.230216842692e-14       2.683548346460e-15       1.521776033786e-16      -6.200365076507e-17 
 1219       1.307667406752e-10       2.786604801779e-12       9.122738700706e-13       1.229216368473e-14       2.674973402161e-15       1.557572568099e-16      -6.287704498313e-17 
 1220       1.301605969246e-10       2.811653614385e-12       9.154803705726e-13       1.228208266952e-14       2.666432508685e-15       1.592901817710e-16      -6.373859461644e-17 
 1221       1.295556914963e-10       2.836745724002e-12       9.164592548595e-13       1.227192779425e-14       2.657925463286e-15       1.627760747247e-16      -6.458852752596e-17 
 1222       1.289522434188e-10       2.861868294185e-12       9.152075054735e-13       1.226170148829e-14       2.649452060464e-15       1.662146314556e-16      -6.542707339468e-17 
 1223       1.283504730855e-10       2.887008404575e-12       9.117221390697e-13       1.225140619756e-14       2.641012091965e-15       1.696055470689e-16      -6.625446373155e-17 
 1224       1.277506022574e-10       2.912153050735e-12       9.060002065225e-13       1.224104438444e-14       2.632605346770e-15       1.729485159909e-16      -6.707093187545e-17 
 1225       1.271528540662e-10       2.937289143974e-12       8.980387930319e-13       1.223061852792e-14       2.624231611089e-15       1.762432319679e-16      -6.787671299919e-17 
 1226       1.265574530167e-10       2.962403511179e-12       8.878350182299e-13       1.222013112354e-14       2.615890668354e-15       1.794893880659e-16      -6.867204411344e-17 
 1227       1.259646249895e-10       2.987482894642e-12       8.753860362875e-13       1.220958468350e-14       2.607582299215e-15       1.826866766705e-16      -6.945716407070e-17 
 1228       1.253745972438e-10       3.012513951890e-12       8.606890360204e-13       1.219898173663e-14       2.599306281526e-15       1.858347894859e-16      -7.023231356928e-17 
 1229       1.247875795792e-10       3.037484078695e-12       8.437460980523e-13       1.218832477934e-14       2.591062412129e-15       1.889340140130e-16      -7.099769044444e-17 
 1230       1.242037075692e-10       3.062383889157e-12       8.245788293217e-13       1.217761612759e-14       2.582850572458e-15       1.919870307477e-16      -7.175331495187e-17 
 1231       1.236230986579e-10       3.087204764783e-12       8.032139028509e-13       1.216685806323e-14       2.574670663698e-15       1.949971373576e-16      -7.249916288973e-17 
 1232       1.230458709409e-10       3.111938033870e-12       7.796782169709e-13       1.215605288296e-14       2.566522585069e-15       1.979676541900e-16      -7.323521016660e-17 
 1233       1.224721431666e-10       3.136574971400e-12       7.539988958133e-13       1.214520289837e-14       2.558406233820e-15       2.009019243185e-16      -7.396143280183e-17 
 1234       1.219020347375e-10       3.161106798938e-12       7.262032898025e-13       1.213431043602e-14       2.550321505222e-15       2.038033135902e-16      -7.467780692603e-17 
 1235       1.213356657114e-10       3.185524684522e-12       6.963189761474e-13       1.212337783737e-14       2.542268292569e-15       2.066752106727e-16      -7.538430878142e-17 
 1236       1.207731568025e-10       3.209819742562e-12       6.643737593341e-13       1.211240745890e-14       2.534246487166e-15       2.095210271005e-16      -7.608091472228e-17 
 1237       1.202146293829e-10       3.233983033728e-12       6.303956716169e-13       1.210140167211e-14       2.526255978328e-15       2.123441973227e-16      -7.676760121535e-17 
 1238       1.196602054836e-10       3.258005564850e-12       5.944129735115e-13       1.209036286353e-14       2.518296653375e-15       2.151481787490e-16      -7.744434484027e-17 
 1239       1.191100077958e-10       3.281878288810e-12       5.564541542859e-13       1.207929343478e-14       2.510368397625e-15       2.179364517975e-16      -7.811112228998e-17 
 1240       1.185641596722e-10       3.305592104435e-12       5.165479324536e-13       1.206819580255e-14       2.502471094388e-15       2.207125199410e-16      -7.876791037112e-17 
 1241       1.180227851281e-10       3.329137856394e-12       4.747232562644e-13       1.205707239872e-14       2.494604624966e-15       2.234799097542e-16      -7.941468600449e-17 
 1242       1.174860088429e-10       3.352506335090e-12       4.310093041974e-13       1.204592567030e-14       2.486768868641e-15       2.262421709604e-16      -8.005142622543e-17 
 1243       1.169539561608e-10       3.375688276555e-12       3.854354854527e-13       1.203475807949e-14       2.478963702675e-15       2.290028764788e-16      -8.067810818424e-17 
 1244       1.164267530928e-10       3.398674362345e-12       3.380314404433e-13       1.202357210373e-14       2.471189002304e-15       2.317656224709e-16      -8.129470914661e-17 
 1245       1.159045263173e-10       3.421455219434e-12       2.888270412872e-13       1.201237023570e-14       2.463444640731e-15       2.345340283879e-16      -8.190120649404e-17 
 1246       1.153874031814e-10       3.444021420106e-12       2.378523922995e-13       1.200115498339e-14       2.455730489123e-15       2.373117370173e-16      -8.249757772424e-17 
 1247       1.148755117025e-10       3.466363481854e-12       1.851378304845e-13       1.198992887006e-14       2.448046416604e-15       2.401024145300e-16      -8.308380045154e-17 
 1248       1.143689805692e-10       3.488471867270e-12       1.307139260276e-13       1.197869443435e-14       2.440392290251e-15       2.429097505269e-16      -8.365985240734e-17 
 1249       1.138679391428e-10       3.510336983940e-12       7.461148278723e-14       1.196745423025e-14       2.432767975090e-15       2.457374580864e-16      -8.422571144050e-17 
 1250       1.133725174581e-10       3.531949184341e-12       1.686153878722e-14       1.195621082717e-14       2.425173334088e-15       2.485892738106e-16      -8.478135551775e-17 
 1251       1.128828462252e-10       3.553298765732e-12      -4.250463329148e-14       1.194496680994e-14       2.417608228150e-15       2.514689578728e-16      -8.532676272413e-17 
 1252       1.123990568303e-10       3.574375970049e-12      -1.034555256187e-13       1.193372477884e-14       2.410072516115e-15       2.543802940643e-16      -8.586191126340e-17 
 1253       1.119212813370e-10       3.595170983802e-12      -1.659593947228e-13       1.192248734967e-14       2.402566054747e-15       2.573270898409e-16      -8.638677945845e-17 
 1254       1.114496524877e-10       3.615673937966e-12      -2.299842609991e-13       1.191125715372e-14       2.395088698734e-15       2.603131763703e-16      -8.690134575171e-17 
 1255       1.109843037048e-10       3.635874907876e-12      -2.954979082173e-13       1.190003683785e-14       2.387640300680e-15       2.633424085788e-16      -8.740558870557e-17 
 1256       1.105253690917e-10       3.655763913121e-12      -3.624678830298e-13       1.188882906449e-14       2.380220711103e-15       2.664186651983e-16      -8.789948700282e-17 
 1257       1.100729834345e-10       3.675330917442e-12      -4.308614944796e-13       1.187763651169e-14       2.372829778425e-15       2.695458488132e-16      -8.838301944703e-17 
 1258       1.096272822025e-10       3.694565828620e-12      -5.006458135084e-13       1.186646187312e-14       2.365467348972e-15       2.727278859071e-16      -8.885616496299e-17 
 1259       1.091884015504e-10       3.713458498376e-12      -5.717876724641e-13       1.185530785815e-14       2.358133266966e-15       2.759687269101e-16      -8.931890259713e-17 
 1260       1.087564783185e-10       3.731998722260e-12      -6.442536646093e-13       1.184417719181e-14       2.350827374522e-15       2.792723462454e-16      -8.977121151791e-17 
 1261       1.083316500348e-10       3.750176239551e-12      -7.180101436290e-13       1.183307261490e-14       2.343549511640e-15       2.826427423765e-16      -9.021307101626e-17 
 1262       1.079140549157e-10       3.767980733146e-12      -7.930232231387e-13       1.182199688393e-14       2.336299516201e-15       2.860839378536e-16      -9.064446050599e-17 
 1263       1.075038318674e-10       3.785401829459e-12      -8.692587761922e-13       1.181095277124e-14       2.329077223963e-15       2.895999793613e-16      -9.106535952421e-17 
 1264       1.071011204872e-10       3.802429098311e-12      -9.466824347896e-13       1.179994306496e-14       2.321882468557e-15       2.931949377648e-16      -9.147574773174e-17 
 1265       1.067060610647e-10       3.819052052827e-12      -1.025259589386e-12       1.178897056908e-14       2.314715081478e-15       2.968729081570e-16      -9.187560491351e-17 
 1266       1.063187945829e-10       3.835260149329e-12      -1.104955388397e-12       1.177803810347e-14       2.307574892083e-15       3.006380099058e-16      -9.226491097903e-17 
 1267       1.059394627195e-10       3.851042787231e-12      -1.185734737711e-12       1.176714850389e-14       2.300461727584e-15       3.044943867006e-16      -9.264364596274e-17 
 1268       1.055681835339e-10       3.866390742606e-12      -1.267561939154e-12       1.175630435530e-14       2.293375428992e-15       3.084445536051e-16      -9.301179023078e-17 
 1269       1.052049782172e-10       3.881300487193e-12      -1.350399602335e-12       1.174550718818e-14       2.286315899162e-15       3.124844172640e-16      -9.336932510291e-17 
 1270       1.048498435000e-10       3.895769918976e-12      -1.434209719274e-12       1.173475827302e-14       2.279283055287e-15       3.166081983752e-16      -9.371623223856e-17 
 1271       1.045027758897e-10       3.909796933029e-12      -1.518954023793e-12       1.172405888620e-14       2.272276813004e-15       3.208100793996e-16      -9.405249343163e-17 
 1272       1.041637716695e-10       3.923379421515e-12      -1.604593990990e-12       1.171341030998e-14       2.265297086386e-15       3.250842044843e-16      -9.437809061089e-17 
 1273       1.038328268986e-10       3.936515273694e-12      -1.691090836723e-12       1.170281383258e-14       2.258343787940e-15       3.294246793866e-16      -9.469300584046e-17 
 1274       1.035099374107e-10       3.949202375915e-12      -1.778405517091e-12       1.169227074811e-14       2.251416828601e-15       3.338255713975e-16      -9.499722132019e-17 
 1275       1.031950988142e-10       3.961438611624e-12      -1.866498727913e-12       1.168178235665e-14       2.244516117730e-15       3.382809092654e-16      -9.529071938613e-17 
 1276       1.028883064912e-10       3.973221861364e-12      -1.955330904213e-12       1.167134996420e-14       2.237641563110e-15       3.427846831195e-16      -9.557348251094e-17 
 1277       1.025895555970e-10       3.984550002774e-12      -2.044862219696e-12       1.166097488274e-14       2.230793070939e-15       3.473308443940e-16      -9.584549330434e-17 
 1278       1.022988410596e-10       3.995420910591e-12      -2.135052586235e-12       1.165065843021e-14       2.223970545832e-15       3.519133057509e-16      -9.610673451351e-17 
 1279       1.020161575789e-10       4.005832456653e-12      -2.225861653346e-12       1.164040193051e-14       2.217173890811e-15       3.565259410046e-16      -9.635718902356e-17 
 1280       1.017414996264e-10       4.015782509896e-12      -2.317248807673e-12       1.163020671355e-14       2.210403007305e-15       3.611625850447e-16      -9.659683985795e-17 
 1281       1.014748614446e-10       4.025268936362e-12      -2.409173172467e-12       1.162007411524e-14       2.203657795144e-15       3.658170337602e-16      -9.682567017889e-17 
 1282       1.012162370462e-10       4.034289599193e-12      -2.501593607068e-12       1.161000547746e-14       2.196938152557e-15       3.704830439628e-16      -9.704366328782e-17 
 1283       1.009656202135e-10       4.042842358637e-12      -2.594468706388e-12       1.160000214814e-14       2.190243976165e-15       3.751543333109e-16      -9.725080262581e-17 
 1284       1.007230044983e-10       4.050925072047e-12      -2.687756800387e-12       1.159006548123e-14       2.183575160982e-15       3.798245802329e-16      -9.744707177401e-17 
 1285       1.004883832207e-10       4.058535593883e-12      -2.781415953558e-12       1.158019683670e-14       2.176931600405e-15       3.844874238509e-16      -9.763245445408e-17 
 1286       1.002617494688e-10       4.065671775712e-12      -2.875403964409e-12       1.157039758059e-14       2.170313186216e-15       3.891364639044e-16      -9.780693452858e-17 
 1287       1.000430960982e-10       4.072331466211e-12      -2.969678364939e-12       1.156066908497e-14       2.163719808573e-15       3.937652606742e-16      -9.797049600148e-17 
 1288       9.983241573150e-11       4.078512511168e-12      -3.064196420124e-12       1.155101272799e-14       2.157151356011e-15       3.983673349056e-16      -9.812312301852e-17 
 1289       9.962970075723e-11       4.084212753482e-12      -3.158915127396e-12       1.154142989387e-14       2.150607715433e-15       4.029361677321e-16      -9.826479986769e-17 
 1290       9.943494332978e-11       4.089430033163e-12      -3.253791216124e-12       1.153192197292e-14       2.144088772111e-15       4.074652005994e-16      -9.839551097962e-17 
 1291       9.924813536861e-11       4.094162187338e-12      -3.348781147095e-12       1.152249036153e-14       2.137594409676e-15       4.119478351888e-16      -9.851524092806e-17 
 1292       9.906926855769e-11       4.098407050247e-12      -3.443841111996e-12       1.151313646220e-14       2.131124510123e-15       4.163774333408e-16      -9.862397443027e-17 
 1293       9.889833434492e-11       4.102162453246e-12      -3.538927032894e-12       1.150386168357e-14       2.124678953797e-15       4.207473169787e-16      -9.872169634747e-17 
 1294       9.873532394154e-11       4.105426224810e-12      -3.633994561717e-12       1.149466744035e-14       2.118257619397e-15       4.250507680325e-16      -9.880839168527e-17 
 1295       9.858022832159e-11       4.108196190533e-12      -3.728999079737e-12       1.148555515343e-14       2.111860383967e-15       4.292810283624e-16      -9.888404559410e-17 
 1296       9.843303822129e-11       4.110470173126e-12      -3.823895697047e-12       1.147652624983e-14       2.105487122897e-15       4.334312996822e-16      -9.894864336965e-17 
 1297       9.829374413845e-11       4.112245992424e-12      -3.918639252047e-12       1.146758216271e-14       2.099137709912e-15       4.374947434834e-16      -9.900217045329e-17 
 1298       9.816233633196e-11       4.113521465384e-12      -4.013184310920e-12       1.145872433140e-14       2.092812017077e-15       4.414644809585e-16      -9.904461243251e-17 
 1299       9.803880482111e-11       4.114294406084e-12      -4.107485167119e-12       1.144995420141e-14       2.086509914785e-15       4.453335929247e-16      -9.907595504134e-17 
 1300       9.792313938509e-11       4.114562625730e-12      -4.201495840841e-12       1.144127322443e-14       2.080231271758e-15       4.490951197477e-16      -9.909618416080e-17 
 1301       9.781532956237e-11       4.114323932650e-12      -4.295170078515e-12       1.143268285832e-14       2.073975955041e-15       4.527420612651e-16      -9.910528581933e-17 
 1302       9.771536465014e-11       4.113576132304e-12      -4.388461352277e-12       1.142418456718e-14       2.067743829999e-15       4.562673767103e-16      -9.910324619318e-17 
 1303       9.762323370371e-11       4.112317027275e-12      -4.481322859456e-12       1.141577982129e-14       2.061534760312e-15       4.596639846360e-16      -9.909005160691e-17 
 1304       9.753892553593e-11       4.110544417280e-12      -4.573707522051e-12       1.140747009716e-14       2.055348607972e-15       4.629247628378e-16      -9.906568853378e-17 
 1305       9.746242871665e-11       4.108256099163e-12      -4.665567986215e-12       1.139925687753e-14       2.049185233282e-15       4.660425482778e-16      -9.903014359618e-17 
 1306       9.739373157208e-11       4.105449866901e-12      -4.756856621736e-12       1.139114165140e-14       2.043044494843e-15       4.690101370085e-16      -9.898340356607e-17 
 1307       9.733280695091e-11       4.102124682787e-12      -4.847529201537e-12       1.138312560868e-14       2.036926262517e-15       4.718223572544e-16      -9.892546615813e-17 
 1308       9.727956633726e-11       4.098284205312e-12      -4.937555986287e-12       1.137520872054e-14       2.030830456437e-15       4.744823141890e-16      -9.885637254034e-17 
 1309       9.723390522327e-11       4.093933300748e-12      -5.026910762755e-12       1.136739064883e-14       2.024757008422e-15       4.769952148634e-16      -9.877617518792e-17 
 1310       9.719571829418e-11       4.089076875631e-12      -5.115567174782e-12       1.135967105044e-14       2.018705849055e-15       4.793663014547e-16      -9.868492712483e-17 
 1311       9.716489942672e-11       4.083719876846e-12      -5.203498723018e-12       1.135204957728e-14       2.012676907683e-15       4.816008513348e-16      -9.858268192491e-17 
 1312       9.714134168743e-11       4.077867291706e-12      -5.290678764662e-12       1.134452587626e-14       2.006670112410e-15       4.837041771401e-16      -9.846949371314e-17 
 1313       9.712493733102e-11       4.071524148039e-12      -5.377080513199e-12       1.133709958931e-14       2.000685390099e-15       4.856816268403e-16      -9.834541716678e-17 
 1314       9.711557779872e-11       4.064695514269e-12      -5.462677038144e-12       1.132977035335e-14       1.994722666365e-15       4.875385838079e-16      -9.821050751656e-17 
 1315       9.711315371664e-11       4.057386499504e-12      -5.547441264776e-12       1.132253780026e-14       1.988781865574e-15       4.892804668870e-16      -9.806482054789e-17 
 1316       9.711755489412e-11       4.049602253614e-12      -5.631345973881e-12       1.131540155691e-14       1.982862910839e-15       4.909127304625e-16      -9.790841260204e-17 
 1317       9.712867032205e-11       4.041347967314e-12      -5.714363801492e-12       1.130836124511e-14       1.976965724017e-15       4.924408645297e-16      -9.774134057733e-17 
 1318       9.714638817126e-11       4.032628872255e-12      -5.796467238623e-12       1.130141648162e-14       1.971090225708e-15       4.938703947629e-16      -9.756366193032e-17 
 1319       9.717059579084e-11       4.023450241099e-12      -5.877628631016e-12       1.129456687814e-14       1.965236335248e-15       4.952068825849e-16      -9.737543467699e-17 
 1320       9.720117970653e-11       4.013817387606e-12      -5.957820178873e-12       1.128781204126e-14       1.959403970710e-15       4.964559252361e-16      -9.717671739396e-17 
 1321       9.723802561901e-11       4.003735666719e-12      -6.037013936601e-12       1.128115157252e-14       1.953593048899e-15       4.976231558436e-16      -9.696756921962e-17 
 1322       9.728101840230e-11       3.993210474643e-12      -6.115181812549e-12       1.127458506833e-14       1.947803485350e-15       4.987142434904e-16      -9.674804985540e-17 
 1323       9.733004210210e-11       3.982247248932e-12      -6.192295568746e-12       1.126811211998e-14       1.942035194324e-15       4.997348932846e-16      -9.651821956689e-17 
 1324       9.738497993413e-11       3.970851468572e-12      -6.268326820643e-12       1.126173231367e-14       1.936288088805e-15       5.006908464285e-16      -9.627813918505e-17 
 1325       9.744571428247e-11       3.959028654063e-12      -6.343247036851e-12       1.125544523042e-14       1.930562080497e-15       5.015878802878e-16      -9.602787010742e-17 
 1326       9.751212669796e-11       3.946784367503e-12      -6.417027538880e-12       1.124925044612e-14       1.924857079823e-15       5.024318084608e-16      -9.576747429930e-17 
 1327       9.758409789649e-11       3.934124212672e-12      -6.489639500880e-12       1.124314753150e-14       1.919172995918e-15       5.032284808476e-16      -9.549701429491e-17 
 1328       9.766150775737e-11       3.921053835116e-12      -6.561053949377e-12       1.123713605211e-14       1.913509736631e-15       5.039837837189e-16      -9.521655319862e-17 
 1329       9.774423532171e-11       3.907578922226e-12      -6.631241763019e-12       1.123121556833e-14       1.907867208518e-15       5.047036397858e-16      -9.492615468611e-17 
 1330       9.783215879072e-11       3.893705203328e-12      -6.700173672306e-12       1.122538563532e-14       1.902245316840e-15       5.053940082683e-16      -9.462588300559e-17 
 1331       9.792515552412e-11       3.879438449763e-12      -6.767820259337e-12       1.121964580306e-14       1.896643965561e-15       5.060608849651e-16      -9.431580297896e-17 
 1332       9.802310203842e-11       3.864784474968e-12      -6.834151957547e-12       1.121399561627e-14       1.891063057345e-15       5.067103023222e-16      -9.399598000301e-17 
 1333       9.812587400534e-11       3.849749134564e-12      -6.899139051444e-12       1.120843461449e-14       1.885502493550e-15       5.073483295024e-16      -9.366648005061e-17 
 1334       9.823334625011e-11       3.834338326437e-12      -6.962751676353e-12       1.120296233198e-14       1.879962174230e-15       5.079810724543e-16      -9.332736967190e-17 
 1335       9.834539274983e-11       3.818557990821e-12      -7.024959818150e-12       1.119757829776e-14       1.874441998128e-15       5.086146739817e-16      -9.297871599547e-17 
 1336       9.846188663185e-11       3.802414110384e-12      -7.085733313007e-12       1.119228203558e-14       1.868941862675e-15       5.092553138124e-16      -9.262058672958e-17 
 1337       9.858270017210e-11       3.785912710308e-12      -7.145041847127e-12       1.118707306391e-14       1.863461663985e-15       5.099092086677e-16      -9.225305016330e-17 
 1338       9.870770479340e-11       3.769059858373e-12      -7.202854956484e-12       1.118195089593e-14       1.858001296856e-15       5.105826123314e-16      -9.187617516775e-17 
 1339       9.883677106391e-11       3.751861665045e-12      -7.259142026564e-12       1.117691503953e-14       1.852560654761e-15       5.112818157190e-16      -9.149003119726e-17 
 1340       9.896976869536e-11       3.734324283552e-12      -7.313872292105e-12       1.117196499727e-14       1.847139629851e-15       5.120131469467e-16      -9.109468829055e-17 
 1341       9.910656654150e-11       3.716453909972e-12      -7.367014836832e-12       1.116710026640e-14       1.841738112948e-15       5.127829714009e-16      -9.069021707195e-17 
 1342       9.924703259639e-11       3.698256783318e-12      -7.418538593202e-12       1.116232033883e-14       1.836355993544e-15       5.135976918073e-16      -9.027668875258e-17 
 1343       9.939103399279e-11       3.679739185616e-12      -7.468412342139e-12       1.115762470111e-14       1.830993159797e-15       5.144637482995e-16      -8.985417513151e-17 
 1344       9.953843700047e-11       3.660907441993e-12      -7.516604712776e-12       1.115301283446e-14       1.825649498528e-15       5.153876184890e-16      -8.942274859699e-17 
 1345       9.968910702459e-11       3.641767920757e-12      -7.563084182193e-12       1.114848421469e-14       1.820324895219e-15       5.163758175340e-16      -8.898248212763e-17 
 1346       9.984290948808e-11       3.622327324016e-12      -7.607824182047e-12       1.114403814751e-14       1.815019244233e-15       5.174331000474e-16      -8.853345396576e-17 
 1347       9.999971249266e-11       3.602593562797e-12      -7.650818479693e-12       1.113967327234e-14       1.809732479605e-15       5.185570443098e-16      -8.807576169079e-17 
 1348       1.001593841834e-10       3.582574891600e-12      -7.692065963639e-12       1.113538805304e-14       1.804464544581e-15       5.197434093603e-16      -8.760950830111e-17 
 1349       1.003217918659e-10       3.562279618827e-12      -7.731565551887e-12       1.113118094218e-14       1.799215381419e-15       5.209879277705e-16      -8.713479755727e-17 
 1350       1.004868020043e-10       3.541716106886e-12      -7.769316192011e-12       1.112705038099e-14       1.793984931389e-15       5.222863055939e-16      -8.665173398349e-17 
 1351       1.006542802202e-10       3.520892772296e-12      -7.805316861237e-12       1.112299479935e-14       1.788773134772e-15       5.236342223168e-16      -8.616042286913e-17 
 1352       1.008240912907e-10       3.499818085787e-12      -7.839566566520e-12       1.111901261577e-14       1.783579930855e-15       5.250273308078e-16      -8.566097027021e-17 
 1353       1.009960991469e-10       3.478500572402e-12      -7.872064344620e-12       1.111510223735e-14       1.778405257927e-15       5.264612572682e-16      -8.515348301091e-17 
 1354       1.011701668725e-10       3.456948811605e-12      -7.902809262178e-12       1.111126205979e-14       1.773249053283e-15       5.279316011822e-16      -8.463806868505e-17 
 1355       1.013461567018e-10       3.435171437375e-12      -7.931800415797e-12       1.110749046732e-14       1.768111253216e-15       5.294339352672e-16      -8.411483565762e-17 
 1356       1.015239300185e-10       3.413177138318e-12      -7.959036932117e-12       1.110378583273e-14       1.762991793017e-15       5.309638054234e-16      -8.358389306623e-17 
 1357       1.017033473540e-10       3.390974657761e-12      -7.984517967893e-12       1.110014651729e-14       1.757890606972e-15       5.325167306845e-16      -8.304535082267e-17 
 1358       1.018842683856e-10       3.368572793861e-12      -8.008242710072e-12       1.109657087079e-14       1.752807628360e-15       5.340882031678e-16      -8.249931961435e-17 
 1359       1.020665519353e-10       3.345980399705e-12      -8.030210375871e-12       1.109305723148e-14       1.747742789451e-15       5.356736880239e-16      -8.194591090585e-17 
 1360       1.022500559678e-10       3.323206383412e-12      -8.050420212853e-12       1.108960392604e-14       1.742696021504e-15       5.372686233874e-16      -8.138523694037e-17 
 1361       1.024346375892e-10       3.300259708238e-12      -8.068871499006e-12       1.108620926958e-14       1.737667254761e-15       5.388684203268e-16      -8.081741074127e-17 
 1362       1.026201530453e-10       3.277149392675e-12      -8.085563542820e-12       1.108287156561e-14       1.732656418450e-15       5.404684627944e-16      -8.024254611354e-17 
 1363       1.028064577199e-10       3.253884510558e-12      -8.100495683365e-12       1.107958910602e-14       1.727663440781e-15       5.420641075771e-16      -7.966075764531e-17 
 1364       1.029934061335e-10       3.230474191165e-12      -8.113667290364e-12       1.107636017104e-14       1.722688248942e-15       5.436506842458e-16      -7.907216070935e-17 
 1365       1.031808519414e-10       3.206927619319e-12      -8.125077764278e-12       1.107318302925e-14       1.717730769096e-15       5.452234951061e-16      -7.847687146458e-17 
 1366       1.033686479322e-10       3.183254035492e-12      -8.134726536376e-12       1.107005593751e-14       1.712790926383e-15       5.467778151483e-16      -7.787500685753e-17 
 1367       1.035566460265e-10       3.159462735908e-12      -8.142613068817e-12       1.106697714101e-14       1.707868644914e-15       5.483088919974e-16      -7.726668462388e-17 
 1368       1.037446972748e-10       3.135563072645e-12      -8.148736854726e-12       1.106394487316e-14       1.702963847769e-15       5.498119458633e-16      -7.665202328995e-17 
 1369       1.039326518562e-10       3.111564453737e-12      -8.153097418271e-12       1.106095735563e-14       1.698076456997e-15       5.512821694913e-16      -7.603114217418e-17 
 1370       1.041203590769e-10       3.087476343277e-12      -8.155694314739e-12       1.105801279831e-14       1.693206393609e-15       5.527147281115e-16      -7.540416138863e-17 
 1371       1.043076673684e-10       3.063308261521e-12      -8.156527130618e-12       1.105510939928e-14       1.688353577583e-15       5.541047593899e-16      -7.477120184051e-17 
 1372       1.044944242860e-10       3.039069784988e-12      -8.155595483669e-12       1.105224534480e-14       1.683517927853e-15       5.554473733777e-16      -7.413238523364e-17 
 1373       1.046804765073e-10       3.014770546565e-12      -8.152899023007e-12       1.104941880927e-14       1.678699362314e-15       5.567376524620e-16      -7.348783406998e-17 
 1374       1.048656698303e-10       2.990420235610e-12      -8.148437429177e-12       1.104662795523e-14       1.673897797815e-15       5.579706513157e-16      -7.283767165110e-17 
 1375       1.050498491722e-10       2.966028598050e-12      -8.142210414230e-12       1.104387093332e-14       1.669113150161e-15       5.591413968476e-16      -7.218202207971e-17 
 1376       1.052328585675e-10       2.941605436490e-12      -8.134217721804e-12       1.104114588226e-14       1.664345334105e-15       5.602448881530e-16      -7.152101026111e-17 
 1377       1.054145411667e-10       2.917160610312e-12      -8.124459127196e-12       1.103845092884e-14       1.659594263350e-15       5.612760964631e-16      -7.085476190477e-17 
 1378       1.055947392344e-10       2.892704035777e-12      -8.112934437448e-12       1.103578418786e-14       1.654859850546e-15       5.622299650958e-16      -7.018340352573e-17 
 1379       1.057732941479e-10       2.868245686131e-12      -8.099643491412e-12       1.103314376218e-14       1.650142007286e-15       5.631014094056e-16      -6.950706244617e-17 
 1380       1.059500463956e-10       2.843795591704e-12      -8.084586159840e-12       1.103052774261e-14       1.645440644105e-15       5.638853167337e-16      -6.882586679689e-17 
 1381       1.061248355754e-10       2.819363840014e-12      -8.067762345453e-12       1.102793420797e-14       1.640755670479e-15       5.645765463581e-16      -6.813994551879e-17 
 1382       1.062975003929e-10       2.794960575871e-12      -8.049171983020e-12       1.102536122498e-14       1.636086994819e-15       5.651699294442e-16      -6.744942836440e-17 
 1383       1.064678786602e-10       2.770596001477e-12      -8.028815039440e-12       1.102280684833e-14       1.631434524471e-15       5.656602689943e-16      -6.675444589934e-17 
 1384       1.066358072940e-10       2.746280376532e-12      -8.006691513812e-12       1.102026912059e-14       1.626798165715e-15       5.660423397981e-16      -6.605512950387e-17 
 1385       1.068011362581e-10       2.722023381640e-12      -7.982804957013e-12       1.101774612414e-14       1.622177832031e-15       5.663121993157e-16      -6.535160724780e-17 
 1386       1.069637705547e-10       2.697832200984e-12      -7.957173070921e-12       1.101523613757e-14       1.617573469004e-15       5.664711355701e-16      -6.464399146469e-17 
 1387       1.071236286735e-10       2.673713419610e-12      -7.929817221252e-12       1.101273748086e-14       1.612985029677e-15       5.665217608386e-16      -6.393239104947e-17 
 1388       1.072806286867e-10       2.649673658351e-12      -7.900758928522e-12       1.101024846362e-14       1.608412466305e-15       5.664667045346e-16      -6.321691557430e-17 
 1389       1.074346882489e-10       2.625719573888e-12      -7.870019868338e-12       1.100776738508e-14       1.603855730351e-15       5.663086132388e-16      -6.249767528982e-17 
 1390       1.075857245957e-10       2.601857858813e-12      -7.837621871699e-12       1.100529253402e-14       1.599314772485e-15       5.660501507323e-16      -6.177478112635e-17 
 1391       1.077336545439e-10       2.578095241690e-12      -7.803586925295e-12       1.100282218878e-14       1.594789542583e-15       5.656939980280e-16      -6.104834469519e-17 
 1392       1.078783944896e-10       2.554438487121e-12      -7.767937171798e-12       1.100035461724e-14       1.590279989721e-15       5.652428534030e-16      -6.031847828981e-17 
 1393       1.080198604086e-10       2.530894395805e-12      -7.730694910167e-12       1.099788807682e-14       1.585786062181e-15       5.646994324307e-16      -5.958529488715e-17 
 1394       1.081579678550e-10       2.507469804604e-12      -7.691882595939e-12       1.099542081442e-14       1.581307707443e-15       5.640664680127e-16      -5.884890814878e-17 
 1395       1.082926319606e-10       2.484171586606e-12      -7.651522841531e-12       1.099295106642e-14       1.576844872182e-15       5.633467104112e-16      -5.810943242222e-17 
 1396       1.084237674345e-10       2.461006651186e-12      -7.609638416535e-12       1.099047705868e-14       1.572397502273e-15       5.625429272808e-16      -5.736698274211e-17 
 1397       1.085512885619e-10       2.437981944067e-12      -7.566252248016e-12       1.098799700649e-14       1.567965542784e-15       5.616579037009e-16      -5.662167483153e-17 
 1398       1.086751092036e-10       2.415104447390e-12      -7.521387420809e-12       1.098550911456e-14       1.563548937974e-15       5.606944422075e-16      -5.587362510315e-17 
 1399       1.087951427956e-10       2.392381179767e-12      -7.475067177816e-12       1.098301157701e-14       1.559147631294e-15       5.596553628255e-16      -5.512295066055e-17 
 1400       1.089113023477e-10       2.369819196354e-12      -7.427314920305e-12       1.098050257735e-14       1.554761565385e-15       5.585435031007e-16      -5.436976929942e-17 
 1401       1.090235004434e-10       2.347425588904e-12      -7.378154208207e-12       1.097798028844e-14       1.550390682071e-15       5.573617181320e-16      -5.361419950880e-17 
 1402       1.091316492390e-10       2.325207485838e-12      -7.327608760411e-12       1.097544287250e-14       1.546034922365e-15       5.561128806035e-16      -5.285636047233e-17 
 1403       1.092356604624e-10       2.303172052302e-12      -7.275702455066e-12       1.097288848107e-14       1.541694226463e-15       5.547998808162e-16      -5.209637206951e-17 
 1404       1.093354454134e-10       2.281326490236e-12      -7.222459329872e-12       1.097031525501e-14       1.537368533740e-15       5.534256267210e-16      -5.133435487688e-17 
 1405       1.094309149618e-10       2.259678038428e-12      -7.167903582383e-12       1.096772132444e-14       1.533057782753e-15       5.519930439497e-16      -5.057043016935e-17 
 1406       1.095219795477e-10       2.238233972586e-12      -7.112059570302e-12       1.096510480878e-14       1.528761911237e-15       5.505050758480e-16      -4.980471992135e-17 
 1407       1.096085491801e-10       2.217001605395e-12      -7.054951811779e-12       1.096246381667e-14       1.524480856102e-15       5.489646835071e-16      -4.903734680814e-17 
 1408       1.096905334365e-10       2.195988286582e-12      -6.996604985708e-12       1.095979644602e-14       1.520214553434e-15       5.473748457960e-16      -4.826843420701e-17 
 1409       1.097678414622e-10       2.175201402979e-12      -6.937043932023e-12       1.095710078391e-14       1.515962938488e-15       5.457385593934e-16      -4.749810619853e-17 
 1410       1.098403819692e-10       2.154648378583e-12      -6.876293652000e-12       1.095437490663e-14       1.511725945694e-15       5.440588388201e-16      -4.672648756781e-17 
 1411       1.099080632360e-10       2.134336674623e-12      -6.814379308547e-12       1.095161687964e-14       1.507503508649e-15       5.423387164709e-16      -4.595370380570e-17 
 1412       1.099707931066e-10       2.114273789622e-12      -6.751326226509e-12       1.094882475756e-14       1.503295560117e-15       5.405812426467e-16      -4.517988111009e-17 
 1413       1.100284789897e-10       2.094467259456e-12      -6.687159892960e-12       1.094599658413e-14       1.499102032027e-15       5.387894855867e-16      -4.440514638708e-17 
 1414       1.100810278584e-10       2.074924657421e-12      -6.621905957504e-12       1.094313039222e-14       1.494922855472e-15       5.369665315004e-16      -4.362962725229e-17 
 1415       1.101283462489e-10       2.055653594295e-12      -6.555590232570e-12       1.094022420377e-14       1.490757960706e-15       5.351154845998e-16      -4.285345203204e-17 
 1416       1.101703402601e-10       2.036661718399e-12      -6.488238693708e-12       1.093727602983e-14       1.486607277145e-15       5.332394671313e-16      -4.207674976462e-17 
 1417       1.102069155530e-10       2.017956715662e-12      -6.419877479892e-12       1.093428387048e-14       1.482470733361e-15       5.313416194080e-16      -4.129965020156e-17 
 1418       1.102379773497e-10       1.999546309682e-12      -6.350532893811e-12       1.093124571484e-14       1.478348257083e-15       5.294250998420e-16      -4.052228380881e-17 
 1419       1.102634304328e-10       1.981438261789e-12      -6.280231402171e-12       1.092815954106e-14       1.474239775193e-15       5.274930849758e-16      -3.974478176801e-17 
 1420       1.102831791447e-10       1.963640371112e-12      -6.208999635991e-12       1.092502331627e-14       1.470145213729e-15       5.255487695152e-16      -3.896727597775e-17 
 1421       1.102971273869e-10       1.946160474635e-12      -6.136864390897e-12       1.092183499661e-14       1.466064497875e-15       5.235953663608e-16      -3.818989905477e-17 
 1422       1.103051786194e-10       1.929006447265e-12      -6.063852627425e-12       1.091859252714e-14       1.461997551969e-15       5.216361066405e-16      -3.741278433524e-17 
 1423       1.103072358594e-10       1.912186201891e-12      -5.989991471316e-12       1.091529384189e-14       1.457944299493e-15       5.196742397414e-16      -3.663606587596e-17 
 1424       1.103032189375e-10       1.895706597044e-12      -5.915308437422e-12       1.091193707530e-14       1.453904669787e-15       5.177125164196e-16      -3.585986608295e-17 
 1425       1.102931164581e-10       1.879570147463e-12      -5.839832103354e-12       1.090852119906e-14       1.449878618263e-15       5.157516322572e-16      -3.508425845549e-17 
 1426       1.102769343710e-10       1.863778279869e-12      -5.763591443347e-12       1.090504539182e-14       1.445866106393e-15       5.137917682833e-16      -3.430930446191e-17 
 1427       1.102546787635e-10       1.848332422306e-12      -5.686615605584e-12       1.090150882819e-14       1.441867095014e-15       5.118331064476e-16      -3.353506587805e-17 
 1428       1.102263558614e-10       1.833234004138e-12      -5.608933912511e-12       1.089791067883e-14       1.437881544332e-15       5.098758296219e-16      -3.276160478783e-17 
 1429       1.101919720287e-10       1.818484456047e-12      -5.530575861143e-12       1.089425011036e-14       1.433909413915e-15       5.079201216014e-16      -3.198898358369e-17 
 1430       1.101515337683e-10       1.804085210033e-12      -5.451571123380e-12       1.089052628541e-14       1.429950662694e-15       5.059661671066e-16      -3.121726496714e-17 
 1431       1.101050477220e-10       1.790037699410e-12      -5.371949546312e-12       1.088673836258e-14       1.426005248960e-15       5.040141517844e-16      -3.044651194927e-17 
 1432       1.100525206711e-10       1.776343358806e-12      -5.291741152534e-12       1.088288549646e-14       1.422073130366e-15       5.020642622099e-16      -2.967678785124e-17 
 1433       1.099939595364e-10       1.763003624162e-12      -5.210976140454e-12       1.087896683759e-14       1.418154263921e-15       5.001166858880e-16      -2.890815630479e-17 
 1434       1.099293713788e-10       1.750019932726e-12      -5.129684884605e-12       1.087498153250e-14       1.414248605992e-15       4.981716112547e-16      -2.814068125276e-17 
 1435       1.098587633994e-10       1.737393723056e-12      -5.047897935953e-12       1.087092872364e-14       1.410356112303e-15       4.962292276789e-16      -2.737442694960e-17 
 1436       1.097821429397e-10       1.725126435015e-12      -4.965646022213e-12       1.086680754943e-14       1.406476737929e-15       4.942897254635e-16      -2.660945796187e-17 
 1437       1.096995174822e-10       1.713219509773e-12      -4.882960048154e-12       1.086261714424e-14       1.402610437299e-15       4.923532958475e-16      -2.584583916877e-17 
 1438       1.096108946506e-10       1.701674389799e-12      -4.799871095912e-12       1.085835663835e-14       1.398757164195e-15       4.904201310070e-16      -2.508363576260e-17 
 1439       1.095162822100e-10       1.690492518866e-12      -4.716410425300e-12       1.085402515798e-14       1.394916871746e-15       4.884904240572e-16      -2.432291324932e-17 
 1440       1.094156880672e-10       1.679675342045e-12      -4.632609474122e-12       1.084962182528e-14       1.391089512432e-15       4.865643690536e-16      -2.356373744905e-17 
 1441       1.093091202711e-10       1.669224305704e-12      -4.548499858476e-12       1.084514575831e-14       1.387275038077e-15       4.846421609935e-16      -2.280617449655e-17 
 1442       1.091965870129e-10       1.659140857508e-12      -4.464113373072e-12       1.084059607102e-14       1.383473399854e-15       4.827239958178e-16      -2.205029084175e-17 
 1443       1.090780966266e-10       1.649426446415e-12      -4.379481991541e-12       1.083597187328e-14       1.379684548278e-15       4.808100704125e-16      -2.129615325026e-17 
 1444       1.089536575889e-10       1.640082522675e-12      -4.294637866742e-12       1.083127227085e-14       1.375908433208e-15       4.789005826099e-16      -2.054382880390e-17 
 1445       1.088232785202e-10       1.631110537827e-12      -4.209613331075e-12       1.082649636538e-14       1.372145003843e-15       4.769957311904e-16      -1.979338490114e-17 
 1446       1.086869681840e-10       1.622511944703e-12      -4.124440896795e-12       1.082164325440e-14       1.368394208723e-15       4.750957158841e-16      -1.904488925768e-17 
 1447       1.085447354878e-10       1.614288197416e-12      -4.039153256314e-12       1.081671203129e-14       1.364655995727e-15       4.732007373722e-16      -1.829840990694e-17 
 1448       1.083965894835e-10       1.606440751369e-12      -3.953783282522e-12       1.081170178533e-14       1.360930312069e-15       4.713109972885e-16      -1.755401520055e-17 
 1449       1.082425393672e-10       1.598971063245e-12      -3.868364029089e-12       1.080661160165e-14       1.357217104302e-15       4.694266982210e-16      -1.681177380886e-17 
 1450       1.080825944797e-10       1.591880591010e-12      -3.782928730781e-12       1.080144056121e-14       1.353516318310e-15       4.675480437133e-16      -1.607175472149e-17 
 1451       1.079167643072e-10       1.585170793909e-12      -3.697510803767e-12       1.079618774086e-14       1.349827899312e-15       4.656752382665e-16      -1.533402724777e-17 
 1452       1.077450584810e-10       1.578843132465e-12      -3.612143845933e-12       1.079085221325e-14       1.346151791859e-15       4.638084873402e-16      -1.459866101732e-17 
 1453       1.075674867782e-10       1.572899068478e-12      -3.526861637189e-12       1.078543304689e-14       1.342487939829e-15       4.619479973544e-16      -1.386572598052e-17 
 1454       1.073840591217e-10       1.567340065022e-12      -3.441698139782e-12       1.077992930609e-14       1.338836286432e-15       4.600939756911e-16      -1.313529240901e-17 
 1455       1.071947855808e-10       1.562167586442e-12      -3.356687498609e-12       1.077434005099e-14       1.335196774204e-15       4.582466306954e-16      -1.240743089623e-17 
 1456       1.069996763714e-10       1.557383098357e-12      -3.271864041519e-12       1.076866433756e-14       1.331569345007e-15       4.564061716775e-16      -1.168221235791e-17 
 1457       1.067987418562e-10       1.552988067653e-12      -3.187262279635e-12       1.076290121755e-14       1.327953940026e-15       4.545728089138e-16      -1.095970803257e-17 
 1458       1.065919925450e-10       1.548983962483e-12      -3.102916907655e-12       1.075704973852e-14       1.324350499771e-15       4.527467536490e-16      -1.023998948207e-17 
 1459       1.063794390954e-10       1.545372252266e-12      -3.018862804168e-12       1.075110894383e-14       1.320758964073e-15       4.509282180970e-16      -9.523128592067e-18 
 1460       1.061610923123e-10       1.542154407686e-12      -2.935135031963e-12       1.074507787260e-14       1.317179272083e-15       4.491174154429e-16      -8.809197572549e-18 
 1461       1.059369631490e-10       1.539331900686e-12      -2.851768838338e-12       1.073895555975e-14       1.313611362271e-15       4.473145598442e-16      -8.098268958350e-18 
 1462       1.057070627072e-10       1.536906204474e-12      -2.768799655416e-12       1.073274103596e-14       1.310055172424e-15       4.455198664325e-16      -7.390415609647e-18 
 1463       1.054714130561e-10       1.534877910368e-12      -2.686260418838e-12       1.072643355854e-14       1.306510644923e-15       4.437332929533e-16      -6.685711468080e-18 
 1464       1.052300798093e-10       1.533244068712e-12      -2.604173493917e-12       1.072003330647e-14       1.302977742630e-15       4.419537618557e-16      -5.984233832332e-18 
 1465       1.049831398743e-10       1.532000821380e-12      -2.522558669391e-12       1.071354069227e-14       1.299456433159e-15       4.401799304288e-16      -5.286061106309e-18 
 1466       1.047306706639e-10       1.531144282452e-12      -2.441435831871e-12       1.070695613180e-14       1.295946683607e-15       4.384104484452e-16      -4.591272046150e-18 
 1467       1.044727500974e-10       1.530670538167e-12      -2.360824965997e-12       1.070028004428e-14       1.292448460557e-15       4.366439581476e-16      -3.899945760779e-18 
 1468       1.042094566013e-10       1.530575646868e-12      -2.280746154605e-12       1.069351285225e-14       1.288961730072e-15       4.348790942360e-16      -3.212161712456e-18 
 1469       1.039408691101e-10       1.530855638956e-12      -2.201219578881e-12       1.068665498164e-14       1.285486457701e-15       4.331144838551e-16      -2.527999717327e-18 
 1470       1.036670670673e-10       1.531506516833e-12      -2.122265518523e-12       1.067970686171e-14       1.282022608470e-15       4.313487465809e-16      -1.847539945978e-18 
 1471       1.033881304265e-10       1.532524254854e-12      -2.043904351907e-12       1.067266892509e-14       1.278570146888e-15       4.295804944081e-16      -1.170862923984e-18 
 1472       1.031041396520e-10       1.533904799275e-12      -1.966156556237e-12       1.066554160780e-14       1.275129036941e-15       4.278083317368e-16      -4.980495324632e-19 
 1473       1.028151757200e-10       1.535644068201e-12      -1.889042707716e-12       1.065832534924e-14       1.271699242091e-15       4.260308553599e-16       1.708189913767e-19 
 1474       1.025213201191e-10       1.537737951539e-12      -1.812583481697e-12       1.065102059216e-14       1.268280725280e-15       4.242466544500e-16       8.356610536824e-19 
 1475       1.022226548518e-10       1.540182310938e-12      -1.736799652853e-12       1.064362778274e-14       1.264873448923e-15       4.224543105466e-16       1.496394703406e-18 
 1476       1.019192624347e-10       1.542972979747e-12      -1.661712095327e-12       1.063614737055e-14       1.261477374908e-15       4.206523975427e-16       2.152937631753e-18 
 1477       1.016112259001e-10       1.546105762958e-12      -1.587341782900e-12       1.062857980855e-14       1.258092464598e-15       4.188394816724e-16       2.805207171631e-18 
 1478       1.012986287964e-10       1.549576437158e-12      -1.513709789150e-12       1.062092555311e-14       1.254718678828e-15       4.170141214978e-16       3.453120297099e-18 
 1479       1.009815551892e-10       1.553380750475e-12      -1.440837287609e-12       1.061318506403e-14       1.251355977902e-15       4.151748678959e-16       4.096593622816e-18 
 1480       1.006600896623e-10       1.557514422527e-12      -1.368745551927e-12       1.060535880453e-14       1.248004321596e-15       4.133202640457e-16       4.735543403489e-18 
 1481       1.003343173184e-10       1.561973144375e-12      -1.297455956031e-12       1.059744724124e-14       1.244663669152e-15       4.114488454155e-16       5.369885533321e-18 
 1482       1.000043237801e-10       1.566752578466e-12      -1.226989974283e-12       1.058945084425e-14       1.241333979281e-15       4.095591397494e-16       5.999535545463e-18 
 1483       9.967019519097e-11       1.571848358584e-12      -1.157369181646e-12       1.058137008706e-14       1.238015210161e-15       4.076496670552e-16       6.624408611459e-18 
 1484       9.933201821612e-11       1.577256089802e-12      -1.088615253839e-12       1.057320544665e-14       1.234707319434e-15       4.057189395906e-16       7.244419540696e-18 
 1485       9.898988004342e-11       1.582971348424e-12      -1.020749967500e-12       1.056495740344e-14       1.231410264205e-15       4.037654618508e-16       7.859482779854e-18 
 1486       9.864386838421e-11       1.588989681940e-12      -9.537952003467e-13       1.055662644128e-14       1.228124001045e-15       4.017877305552e-16       8.469512412352e-18 
 1487       9.829407147432e-11       1.595306608971e-12      -8.877729313337e-13       1.054821304754e-14       1.224848485984e-15       3.997842346350e-16       9.074422157800e-18 
 1488       9.794057807491e-11       1.601917619221e-12      -8.227052408168e-13       1.053971771301e-14       1.221583674515e-15       3.977534552196e-16       9.674125371444e-18 
 1489       9.758347747341e-11       1.608818173421e-12      -7.586143107112e-13       1.053114093198e-14       1.218329521588e-15       3.956938656240e-16       1.026853504362e-17 
 1490       9.722285948441e-11       1.616003703283e-12      -6.955224246522e-13       1.052248320222e-14       1.215085981615e-15       3.936039313359e-16       1.085756379919e-17 
 1491       9.685881445060e-11       1.623469611444e-12      -6.334519681558e-13       1.051374502500e-14       1.211853008462e-15       3.914821100025e-16       1.144112389702e-17 
 1492       9.649143324363e-11       1.631211271419e-12      -5.724254287788e-13       1.050492690507e-14       1.208630555453e-15       3.893268514180e-16       1.201912722939e-17 
 1493       9.612080726503e-11       1.639224027546e-12      -5.124653962793e-13       1.049602935068e-14       1.205418575367e-15       3.871365975101e-16       1.259148532146e-17 
 1494       9.574702844717e-11       1.647503194939e-12      -4.535945627772e-13       1.048705287361e-14       1.202217020438e-15       3.849097823275e-16       1.315810933073e-17 
 1495       9.537018925407e-11       1.656044059432e-12      -3.958357229140e-13       1.047799798913e-14       1.199025842350e-15       3.826448320266e-16       1.371891004649e-17 
 1496       9.499038268241e-11       1.664841877531e-12      -3.392117740141e-13       1.046886521603e-14       1.195844992241e-15       3.803401648591e-16       1.427379788922e-17 
 1497       9.460770226235e-11       1.673891876361e-12      -2.837457162442e-13       1.045965507664e-14       1.192674420700e-15       3.779941911583e-16       1.482268291012e-17 
 1498       9.422224205849e-11       1.683189253616e-12      -2.294606527742e-13       1.045036809683e-14       1.189514077765e-15       3.756053133269e-16       1.536547479049e-17 
 1499       9.383409667079e-11       1.692729177508e-12      -1.763797899375e-13       1.044100480597e-14       1.186363912923e-15       3.731719258234e-16       1.590208284120e-17 
 1500       9.344336123539e-11       1.702506786713e-12      -1.245264373912e-13       1.043156573702e-14       1.183223875106e-15       3.706924151496e-16       1.643241600216e-17 
 1501       9.305013142564e-11       1.712517190325e-12      -7.392400827662e-14       1.042205142646e-14       1.180093912695e-15       3.681651598376e-16       1.695638284174e-17 
 1502       9.265450311378e-11       1.722755249016e-12      -2.459231437781e-14       1.041246253357e-14       1.176973977827e-15       3.655891094594e-16       1.747391499569e-17 
 1503       9.225657135097e-11       1.733214916312e-12       2.346358819035e-14       1.040280019940e-14       1.173864039378e-15       3.629655278500e-16       1.798503773464e-17 
 1504       9.185643137918e-11       1.743889890802e-12       7.024235297348e-14       1.039306569127e-14       1.170764070104e-15       3.602962668342e-16       1.848980008272e-17 
 1505       9.145417897027e-11       1.754773834278e-12       1.157426480695e-13       1.038326028393e-14       1.167674042343e-15       3.575831887624e-16       1.898825144109e-17 
 1506       9.104991042692e-11       1.765860371669e-12       1.599631561651e-13       1.037338525951e-14       1.164593928010e-15       3.548281665287e-16       1.948044158873e-17 
 1507       9.064372258351e-11       1.777143090982e-12       2.029025745727e-13       1.036344190758e-14       1.161523698600e-15       3.520330835882e-16       1.996642068306e-17 
 1508       9.023571280697e-11       1.788615543237e-12       2.445596152666e-13       1.035343152511e-14       1.158463325184e-15       3.491998339752e-16       2.044623926065e-17 
 1509       8.982597899774e-11       1.800271242404e-12       2.849330049198e-13       1.034335541656e-14       1.155412778408e-15       3.463303223207e-16       2.091994823792e-17 
 1510       8.941461959057e-11       1.812103665338e-12       3.240214849405e-13       1.033321489380e-14       1.152372028498e-15       3.434264638709e-16       2.138759891187e-17 
 1511       8.900173355550e-11       1.824106251722e-12       3.618238115088e-13       1.032301127620e-14       1.149341045249e-15       3.404901845043e-16       2.184924296071e-17 
 1512       8.858742039869e-11       1.836272403999e-12       3.983387556131e-13       1.031274589059e-14       1.146319798033e-15       3.375234207497e-16       2.230493244459e-17 
 1513       8.817178016332e-11       1.848595487310e-12       4.335651030868e-13       1.030242007132e-14       1.143308255795e-15       3.345281198046e-16       2.275471980630e-17 
 1514       8.775491343048e-11       1.861068829433e-12       4.675016546450e-13       1.029203516023e-14       1.140306387050e-15       3.315062395522e-16       2.319865787196e-17 
 1515       8.733692132010e-11       1.873685720719e-12       5.001472259207e-13       1.028159250668e-14       1.137314159885e-15       3.284597485797e-16       2.363679985170e-17 
 1516       8.691790549175e-11       1.886439414028e-12       5.315006475018e-13       1.027109346755e-14       1.134331541957e-15       3.253906261963e-16       2.406919934037e-17 
 1517       8.649796814562e-11       1.899323124668e-12       5.615607649676e-13       1.026053940729e-14       1.131358500494e-15       3.223008624506e-16       2.449591031822e-17 
 1518       8.607721202336e-11       1.912330030332e-12       5.903264389251e-13       1.024993169788e-14       1.128395002289e-15       3.191924581487e-16       2.491698715162e-17 
 1519       8.565574040898e-11       1.925453271033e-12       6.177965450459e-13       1.023927171889e-14       1.125441013705e-15       3.160674248720e-16       2.533248459373e-17 
 1520       8.523365712973e-11       1.938685949043e-12       6.439699741027e-13       1.022856085746e-14       1.122496500670e-15       3.129277849948e-16       2.574245778521e-17 
 1521       8.481106655702e-11       1.952021128830e-12       6.688456320057e-13       1.021780050832e-14       1.119561428680e-15       3.097755717026e-16       2.614696225489e-17 
 1522       8.438807360727e-11       1.965451836994e-12       6.924224398394e-13       1.020699207382e-14       1.116635762793e-15       3.066128290097e-16       2.654605392051e-17 
 1523       8.396478374281e-11       1.978971062207e-12       7.146993338993e-13       1.019613696391e-14       1.113719467633e-15       3.034416117767e-16       2.693978908937e-17 
 1524       8.354130297280e-11       1.992571755145e-12       7.356752657281e-13       1.018523659618e-14       1.110812507386e-15       3.002639857289e-16       2.732822445905e-17 
 1525       8.311773785408e-11       2.006246828431e-12       7.553492021524e-13       1.017429239588e-14       1.107914845800e-15       2.970820274739e-16       2.771141711809e-17 
 1526       8.269419549207e-11       2.019989156567e-12       7.737201253197e-13       1.016330579589e-14       1.105026446185e-15       2.938978245191e-16       2.808942454669e-17 
 1527       8.227078354166e-11       2.033791575875e-12       7.907870327344e-13       1.015227823676e-14       1.102147271412e-15       2.907134752903e-16       2.846230461741e-17 
 1528       8.184761020813e-11       2.047646884431e-12       8.065489372947e-13       1.014121116674e-14       1.099277283909e-15       2.875310891488e-16       2.883011559587e-17 
 1529       8.142478424797e-11       2.061547842006e-12       8.210048673291e-13       1.013010604177e-14       1.096416445665e-15       2.843527864094e-16       2.919291614143e-17 
 1530       8.100241496985e-11       2.075487169998e-12       8.341538666330e-13       1.011896432547e-14       1.093564718225e-15       2.811806983587e-16       2.955076530788e-17 
 1531       8.058061223543e-11       2.089457551374e-12       8.459949945054e-13       1.010778748921e-14       1.090722062694e-15       2.780169672723e-16       2.990372254415e-17 
 1532       8.015948646033e-11       2.103451630603e-12       8.565273257852e-13       1.009657701207e-14       1.087888439728e-15       2.748637464330e-16       3.025184769501e-17 
 1533       7.973914861493e-11       2.117462013598e-12       8.657499508880e-13       1.008533438089e-14       1.085063809542e-15       2.717232001486e-16       3.059520100174e-17 
 1534       7.931971022536e-11       2.131481267647e-12       8.736619758429e-13       1.007406109025e-14       1.082248131904e-15       2.685975037697e-16       3.093384310284e-17 
 1535       7.890128337429e-11       2.145501921355e-12       8.802625223283e-13       1.006275864250e-14       1.079441366135e-15       2.654888437075e-16       3.126783503473e-17 
 1536       7.848398070188e-11       2.159516464579e-12       8.855507277096e-13       1.005142854778e-14       1.076643471108e-15       2.623994174514e-16       3.159723823244e-17 
 1537       7.806791540667e-11       2.173517348367e-12       8.895257450747e-13       1.004007232402e-14       1.073854405249e-15       2.593314335876e-16       3.192211453030e-17 
 1538       7.765320124643e-11       2.187496984892e-12       8.921867432713e-13       1.002869149694e-14       1.071074126533e-15       2.562871118160e-16       3.224252616262e-17 
 1539       7.723995253909e-11       2.201447747391e-12       8.935329069434e-13       1.001728760011e-14       1.068302592485e-15       2.532686829686e-16       3.255853576444e-17 
 1540       7.682828416359e-11       2.215361970102e-12       8.935634365673e-13       1.000586217490e-14       1.065539760180e-15       2.502783890273e-16       3.287020637214e-17 
 1541       7.641830226785e-11       2.229232418599e-12       8.922801291820e-13       9.994416729507e-15       1.062785589745e-15       2.473180882790e-16       3.317758650034e-17 
 1542       7.601007629426e-11       2.243053705797e-12       8.896951472990e-13       9.982952615486e-15       1.060040054903e-15       2.443880666466e-16       3.348066521595e-17 
 1543       7.560366669040e-11       2.256820889262e-12       8.858233238101e-13       9.971471150049e-15       1.057303132532e-15       2.414882151106e-16       3.377941663902e-17 
 1544       7.519913417832e-11       2.270529001997e-12       8.806795881536e-13       9.959973657012e-15       1.054574799161e-15       2.386184235450e-16       3.407381482782e-17 
 1545       7.479653975495e-11       2.284173052398e-12       8.742789664813e-13       9.948461466800e-15       1.051855030975e-15       2.357785807157e-16       3.436383377887e-17 
 1546       7.439594469253e-11       2.297748024218e-12       8.666365818253e-13       9.936935916460e-15       1.049143803812e-15       2.329685742782e-16       3.464944742677e-17 
 1547       7.399741053904e-11       2.311248876530e-12       8.577676542649e-13       9.925398349670e-15       1.046441093161e-15       2.301882907753e-16       3.493062964422e-17 
 1548       7.360099911858e-11       2.324670543682e-12       8.476875010937e-13       9.913850116746e-15       1.043746874166e-15       2.274376156354e-16       3.520735424194e-17 
 1549       7.320677253184e-11       2.338007935263e-12       8.364115369862e-13       9.902292574659e-15       1.041061121618e-15       2.247164331701e-16       3.547959496859e-17 
 1550       7.281479315649e-11       2.351255936062e-12       8.239552741648e-13       9.890727087040e-15       1.038383809962e-15       2.220246265719e-16       3.574732551076e-17 
 1551       7.242512364761e-11       2.364409406029e-12       8.103343225672e-13       9.879155024193e-15       1.035714913291e-15       2.193620779128e-16       3.601051949283e-17 
 1552       7.203782693809e-11       2.377463180236e-12       7.955643900124e-13       9.867577763104e-15       1.033054405347e-15       2.167286681415e-16       3.626915047699e-17 
 1553       7.165296623908e-11       2.390412068837e-12       7.796612823683e-13       9.855996687452e-15       1.030402259521e-15       2.141242770815e-16       3.652319196317e-17 
 1554       7.127060504039e-11       2.403250857029e-12       7.626409037185e-13       9.844413187620e-15       1.027758448851e-15       2.115487834291e-16       3.677261738891e-17 
 1555       7.089080711092e-11       2.415974305017e-12       7.445192565291e-13       9.832828660704e-15       1.025122946023e-15       2.090020647512e-16       3.701740012940e-17 
 1556       7.051363649907e-11       2.428577147966e-12       7.253124418154e-13       9.821244510526e-15       1.022495723367e-15       2.064839974835e-16       3.725751349735e-17 
 1557       7.013915753318e-11       2.441054095973e-12       7.050366593093e-13       9.809662147640e-15       1.019876752861e-15       2.039944569276e-16       3.749293074297e-17 
 1558       6.976743482191e-11       2.453399834017e-12       6.837082076259e-13       9.798082989346e-15       1.017266006126e-15       2.015333172498e-16       3.772362505386e-17 
 1559       6.939853325469e-11       2.465609021928e-12       6.613434844304e-13       9.786508459701e-15       1.014663454427e-15       1.991004514786e-16       3.794956955504e-17 
 1560       6.903251800216e-11       2.477676294343e-12       6.379589866051e-13       9.774939989526e-15       1.012069068673e-15       1.966957315023e-16       3.817073730880e-17 
 1561       6.866945451654e-11       2.489596260672e-12       6.135713104161e-13       9.763379016417e-15       1.009482819416e-15       1.943190280675e-16       3.838710131468e-17 
 1562       6.830940853207e-11       2.501363505051e-12       5.881971516808e-13       9.751826984759e-15       1.006904676849e-15       1.919702107766e-16       3.859863450943e-17 
 1563       6.795244606545e-11       2.512972586312e-12       5.618533059340e-13       9.740285345734e-15       1.004334610807e-15       1.896491480857e-16       3.880530976692e-17 
 1564       6.759863341624e-11       2.524418037935e-12       5.345566685953e-13       9.728755557328e-15       1.001772590764e-15       1.873557073027e-16       3.900709989808e-17 
 1565       6.724803716727e-11       2.535694368017e-12       5.063242351361e-13       9.717239084349e-15       9.992185858366e-16       1.850897545849e-16       3.920397765088e-17 
 1566       6.690072418509e-11       2.546796059227e-12       4.771731012462e-13       9.705737398429e-15       9.966725647775e-16       1.828511549372e-16       3.939591571021e-17 
 1567       6.655676162037e-11       2.557717568770e-12       4.471204630007e-13       9.694251978042e-15       9.941344959793e-16       1.806397722098e-16       3.958288669788e-17 
 1568       6.621621690831e-11       2.568453328345e-12       4.161836170272e-13       9.682784308509e-15       9.916043474719e-16       1.784554690962e-16       3.976486317253e-17 
 1569       6.587915776909e-11       2.578997744110e-12       3.843799606726e-13       9.671335882010e-15       9.890820869221e-16       1.762981071309e-16       3.994181762956e-17 
 1570       6.554565220825e-11       2.589345196640e-12       3.517269921699e-13       9.659908197595e-15       9.865676816332e-16       1.741675466877e-16       4.011372250112e-17 
 1571       6.521576851716e-11       2.599490040887e-12       3.182423108050e-13       9.648502761195e-15       9.840610985437e-16       1.720636469771e-16       4.028055015599e-17 
 1572       6.488957527339e-11       2.609426606145e-12       2.839436170842e-13       9.637121085630e-15       9.815623042270e-16       1.699862660444e-16       4.044227289956e-17 
 1573       6.456714134116e-11       2.619149196006e-12       2.488487129002e-13       9.625764690622e-15       9.790712648907e-16       1.679352607678e-16       4.059886297376e-17 
 1574       6.424853587176e-11       2.628652088323e-12       2.129755016998e-13       9.614435102804e-15       9.765879463757e-16       1.659104868560e-16       4.075029255700e-17 
 1575       6.393382830393e-11       2.637929535173e-12       1.763419886504e-13       9.603133855729e-15       9.741123141556e-16       1.639117988462e-16       4.089653376411e-17 
 1576       6.362308836435e-11       2.646975762814e-12       1.389662808072e-13       9.591862489883e-15       9.716443333360e-16       1.619390501021e-16       4.103755864630e-17 
 1577       6.331638606801e-11       2.655784971649e-12       1.008665872798e-13       9.580622552696e-15       9.691839686536e-16       1.599920928115e-16       4.117333919105e-17 
 1578       6.301379171861e-11       2.664351336183e-12       6.206121939903e-14       9.569415598548e-15       9.667311844759e-16       1.580707779846e-16       4.130384732213e-17 
 1579       6.271537590906e-11       2.672669004991e-12       2.256859088443e-14       9.558243188784e-15       9.642859448001e-16       1.561749554515e-16       4.142905489946e-17 
 1580       6.242119785220e-11       2.680732902009e-12      -1.759251546861e-14       9.547106738160e-15       9.618482161265e-16       1.543043741308e-16       4.154894317193e-17 
 1581       6.213127025432e-11       2.688541138629e-12      -5.840214536033e-14       9.536007052616e-15       9.594179761089e-16       1.524583818289e-16       4.166353123157e-17 
 1582       6.184559411725e-11       2.696092623863e-12      -9.983996765323e-14       9.524944787242e-15       9.569952049830e-16       1.506362226569e-16       4.177284782268e-17 
 1583       6.156417037840e-11       2.703386265030e-12      -1.418855400391e-13       9.513920599461e-15       9.545798826988e-16       1.488371365013e-16       4.187692191332e-17 
 1584       6.128699991055e-11       2.710420967755e-12      -1.845183088592e-13       9.502935149026e-15       9.521719889205e-16       1.470603590166e-16       4.197578269572e-17 
 1585       6.101408352174e-11       2.717195635972e-12      -2.277176089247e-13       9.491989098025e-15       9.497715030256e-16       1.453051216189e-16       4.206945958665e-17 
 1586       6.074542195511e-11       2.723709171917e-12      -2.714626633368e-13       9.481083110886e-15       9.473784041041e-16       1.435706514786e-16       4.215798222784e-17 
 1587       6.048101588880e-11       2.729960476131e-12      -3.157325833072e-13       9.470217854376e-15       9.449926709585e-16       1.418561715140e-16       4.224138048634e-17 
 1588       6.022086593575e-11       2.735948447462e-12      -3.605063679783e-13       9.459393997607e-15       9.426142821029e-16       1.401609003837e-16       4.231968445495e-17 
 1589       5.996497264361e-11       2.741671983059e-12      -4.057629042433e-13       9.448612212041e-15       9.402432157625e-16       1.384840524806e-16       4.239292445260e-17 
 1590       5.971333649457e-11       2.747129978375e-12      -4.514809665668e-13       9.437873171486e-15       9.378794498728e-16       1.368248379240e-16       4.246113102475e-17 
 1591       5.946595790523e-11       2.752321327164e-12      -4.976392168050e-13       9.427177552105e-15       9.355229620795e-16       1.351824625536e-16       4.252433494376e-17 
 1592       5.922283722648e-11       2.757244921483e-12      -5.442162040259e-13       9.416526032419e-15       9.331737297374e-16       1.335561279219e-16       4.258256720934e-17 
 1593       5.898397474330e-11       2.761899651691e-12      -5.911903643295e-13       9.405919293307e-15       9.308317299103e-16       1.319450312880e-16       4.263585904888e-17 
 1594       5.874937067467e-11       2.766284406444e-12      -6.385400206684e-13       9.395358018008e-15       9.284969393701e-16       1.303483656100e-16       4.268424191790e-17 
 1595       5.851902517344e-11       2.770398072701e-12      -6.862433826678e-13       9.384842892131e-15       9.261693345963e-16       1.287653195384e-16       4.272774750041e-17 
 1596       5.829293832613e-11       2.774239535718e-12      -7.342785464459e-13       9.374374603650e-15       9.238488917756e-16       1.271950774095e-16       4.276640770932e-17 
 1597       5.807111015284e-11       2.777807679052e-12      -7.826234944341e-13       9.363953842911e-15       9.215355868011e-16       1.256368192380e-16       4.280025468682e-17 
 1598       5.785354060709e-11       2.781101384554e-12      -8.312560951976e-13       9.353581302635e-15       9.192293952718e-16       1.240897207104e-16       4.282932080482e-17 
 1599       5.764022957568e-11       2.784119532376e-12      -8.801541032552e-13       9.343257677920e-15       9.169302924921e-16       1.225529531781e-16       4.285363866527e-17 
 1600       5.743117687857e-11       2.786861000965e-12      -9.292951588999e-13       9.332983666245e-15       9.146382534713e-16       1.210256836503e-16       4.287324110062e-17 
 1601       5.722638226870e-11       2.789324667063e-12      -9.786567880192e-13       9.322759967471e-15       9.123532529226e-16       1.195070747873e-16       4.288816117420e-17 
 1602       5.702584543187e-11       2.791509405709e-12      -1.028216401915e-12       9.312587283847e-15       9.100752652632e-16       1.179962848935e-16       4.289843218060e-17 
 1603       5.682956598661e-11       2.793414090237e-12      -1.077951297125e-12       9.302466320011e-15       9.078042646131e-16       1.164924679108e-16       4.290408764605e-17 
 1604       5.663754348403e-11       2.795037592273e-12      -1.127838655242e-12       9.292397782993e-15       9.055402247948e-16       1.149947734110e-16       4.290516132887e-17 
 1605       5.644977740766e-11       2.796378781739e-12      -1.177855542732e-12       9.282382382218e-15       9.032831193329e-16       1.135023465898e-16       4.290168721981e-17 
 1606       5.626626717333e-11       2.797436526847e-12      -1.227978910761e-12       9.272420829511e-15       9.010329214532e-16       1.120143282591e-16       4.289369954249e-17 
 1607       5.608701212906e-11       2.798209694103e-12      -1.278185595009e-12       9.262513839098e-15       8.987896040824e-16       1.105298548406e-16       4.288123275375e-17 
 1608       5.591201155484e-11       2.798697148305e-12      -1.328452315491e-12       9.252662127609e-15       8.965531398472e-16       1.090480583588e-16       4.286432154408e-17 
 1609       5.574126466256e-11       2.798897752540e-12      -1.378755676380e-12       9.242866414081e-15       8.943235010741e-16       1.075680664340e-16       4.284300083801e-17 
 1610       5.557477059583e-11       2.798810368188e-12      -1.429072165828e-12       9.233127419963e-15       8.921006597887e-16       1.060890022755e-16       4.281730579447e-17 
 1611       5.541252842987e-11       2.798433854916e-12      -1.479378155782e-12       9.223445869116e-15       8.898845877148e-16       1.046099846747e-16       4.278727180724e-17 
 1612       5.525453717133e-11       2.797767070681e-12      -1.529649901806e-12       9.213822487820e-15       8.876752562746e-16       1.031301279980e-16       4.275293450532e-17 
 1613       5.510079575819e-11       2.796808871730e-12      -1.579863542904e-12       9.204258004771e-15       8.854726365872e-16       1.016485421802e-16       4.271432975330e-17 
 1614       5.495130305960e-11       2.795558112595e-12      -1.629995101337e-12       9.194753151090e-15       8.832766994686e-16       1.001643327175e-16       4.267149365179e-17 
 1615       5.480605787572e-11       2.794013646097e-12      -1.680020482443e-12       9.185308660324e-15       8.810874154312e-16       9.867660066060e-17       4.262446253782e-17 
 1616       5.466505893761e-11       2.792174323344e-12      -1.729915474463e-12       9.175925268447e-15       8.789047546827e-16       9.718444260764e-17       4.257327298519e-17 
 1617       5.452830490709e-11       2.790038993727e-12      -1.779655748351e-12       9.166603713865e-15       8.767286871261e-16       9.568695069756e-17       4.251796180491e-17 
 1618       5.439579437657e-11       2.787606504926e-12      -1.829216857607e-12       9.157344737420e-15       8.745591823588e-16       9.418321260303e-17       4.245856604558e-17 
 1619       5.426751831030e-11       2.784876358289e-12      -1.878576021437e-12       9.148148917426e-15       8.723962120426e-16       9.267256375842e-17       4.239512180524e-17 
 1620       5.414343729363e-11       2.781850681465e-12      -1.927717492267e-12       9.139016173153e-15       8.702397570377e-16       9.115534654984e-17       4.232766065447e-17 
 1621       5.402350407787e-11       2.778532273598e-12      -1.976627236376e-12       9.129946256864e-15       8.680898003323e-16       8.963215797155e-17       4.225621318174e-17 
 1622       5.390767111981e-11       2.774923951587e-12      -2.025291154852e-12       9.120938918370e-15       8.659463246767e-16       8.810359801837e-17       4.218081017939e-17 
 1623       5.379589058119e-11       2.771028550116e-12      -2.073695083491e-12       9.111993905018e-15       8.638093125839e-16       8.657026969039e-17       4.210148264395e-17 
 1624       5.368811432827e-11       2.766848921684e-12      -2.121824792702e-12       9.103110961696e-15       8.616787463283e-16       8.503277899755e-17       4.201826177651e-17 
 1625       5.358429393130e-11       2.762387936632e-12      -2.169665987405e-12       9.094289830819e-15       8.595546079457e-16       8.349173496432e-17       4.193117898300e-17 
 1626       5.348438066402e-11       2.757648483175e-12      -2.217204306937e-12       9.085530252333e-15       8.574368792324e-16       8.194774963434e-17       4.184026587460e-17 
 1627       5.338832550324e-11       2.752633467431e-12      -2.264425324950e-12       9.076831963705e-15       8.553255417453e-16       8.040143807506e-17       4.174555426804e-17 
 1628       5.329607912828e-11       2.747345813447e-12      -2.311314549316e-12       9.068194699920e-15       8.532205768011e-16       7.885341838238e-17       4.164707618593e-17 
 1629       5.320759192053e-11       2.741788463235e-12      -2.357857422026e-12       9.059618193477e-15       8.511219654758e-16       7.730431168529e-17       4.154486385714e-17 
 1630       5.312281396296e-11       2.735964376794e-12      -2.404039319096e-12       9.051102174383e-15       8.490296886042e-16       7.575474215054e-17       4.143894971713e-17 
 1631       5.304169503960e-11       2.729876532144e-12      -2.449845550464e-12       9.042646370150e-15       8.469437267799e-16       7.420533698724e-17       4.132936640826e-17 
 1632       5.296418463508e-11       2.723527925355e-12      -2.495261359894e-12       9.034250505791e-15       8.448640603541e-16       7.265672645154e-17       4.121614678016e-17 
 1633       5.289023193416e-11       2.716921570574e-12      -2.540271924881e-12       9.025914303813e-15       8.427906694359e-16       7.110954385124e-17       4.109932389007e-17 
 1634       5.281978582119e-11       2.710060500056e-12      -2.584862356547e-12       9.017637484214e-15       8.407235338912e-16       6.956442555047e-17       4.097893100317e-17 
 1635       5.275279487967e-11       2.702947764194e-12      -2.629017699547e-12       9.009419764479e-15       8.386626333425e-16       6.802201097432e-17       4.085500159293e-17 
 1636       5.268920739177e-11       2.695586431547e-12      -2.672722931969e-12       9.001260859574e-15       8.366079471687e-16       6.648294261346e-17       4.072756934142e-17 
 1637       5.262897133779e-11       2.687979588869e-12      -2.715962965239e-12       8.993160481943e-15       8.345594545041e-16       6.494786602881e-17       4.059666813971e-17 
 1638       5.257203439573e-11       2.680130341141e-12      -2.758722644017e-12       8.985118341503e-15       8.325171342383e-16       6.341742985618e-17       4.046233208817e-17 
 1639       5.251834394076e-11       2.672041811599e-12      -2.800986746105e-12       8.977134145637e-15       8.304809650157e-16       6.189228581092e-17       4.032459549679e-17 
 1640       5.246784704476e-11       2.663717141759e-12      -2.842739982346e-12       8.969207599194e-15       8.284509252350e-16       6.037308869251e-17       4.018349288558e-17 
 1641       5.242049047584e-11       2.655159491455e-12      -2.883966996524e-12       8.961338404480e-15       8.264269930485e-16       5.886049638930e-17       4.003905898486e-17 
 1642       5.237622069782e-11       2.646372038860e-12      -2.924652365271e-12       8.953526261259e-15       8.244091463621e-16       5.735516988306e-17       3.989132873563e-17 
 1643       5.233498386976e-11       2.637357980523e-12      -2.964780597964e-12       8.945770866742e-15       8.223973628346e-16       5.585777325367e-17       3.974033728990e-17 
 1644       5.229672584550e-11       2.628120531389e-12      -3.004336136629e-12       8.938071915585e-15       8.203916198771e-16       5.436897368377e-17       3.958612001102e-17 
 1645       5.226139217313e-11       2.618662924840e-12      -3.043303355843e-12       8.930429099888e-15       8.183918946526e-16       5.288944146337e-17       3.942871247405e-17 
 1646       5.222892809453e-11       2.608988412712e-12      -3.081666562635e-12       8.922842109184e-15       8.163981640759e-16       5.141984999452e-17       3.926815046606e-17 
 1647       5.219927854488e-11       2.599100265335e-12      -3.119409996390e-12       8.915310630441e-15       8.144104048126e-16       4.996087579595e-17       3.910446998651e-17 
 1648       5.217238815215e-11       2.589001771555e-12      -3.156517828748e-12       8.907834348053e-15       8.124285932788e-16       4.851319850770e-17       3.893770724757e-17 
 1649       5.214820123665e-11       2.578696238767e-12      -3.192974163506e-12       8.900412943836e-15       8.104527056410e-16       4.707750089577e-17       3.876789867446e-17 
 1650       5.212666181053e-11       2.568186992945e-12      -3.228763036524e-12       8.893046097025e-15       8.084827178151e-16       4.565446885677e-17       3.859508090581e-17 
 1651       5.210771357729e-11       2.557477378668e-12      -3.263868415622e-12       8.885733484270e-15       8.065186054663e-16       4.424479142256e-17       3.841929079396e-17 
 1652       5.209129993126e-11       2.546570759151e-12      -3.298274200484e-12       8.878474779627e-15       8.045603440086e-16       4.284916076490e-17       3.824056540535e-17 
 1653       5.207736395720e-11       2.535470516276e-12      -3.331964222560e-12       8.871269654560e-15       8.026079086040e-16       4.146827220006e-17       3.805894202082e-17 
 1654       5.206584842972e-11       2.524180050619e-12      -3.364922244967e-12       8.864117777932e-15       8.006612741626e-16       4.010282419350e-17       3.787445813598e-17 
 1655       5.205669581284e-11       2.512702781481e-12      -3.397131962393e-12       8.857018816000e-15       7.987204153417e-16       3.875351836452e-17       3.768715146155e-17 
 1656       5.204984825952e-11       2.501042146916e-12      -3.428577000996e-12       8.849972432415e-15       7.967853065453e-16       3.742105949086e-17       3.749705992365e-17 
 1657       5.204524761111e-11       2.489201603760e-12      -3.459240918307e-12       8.842978288213e-15       7.948559219240e-16       3.610615551337e-17       3.730422166422e-17 
 1658       5.204283518009e-11       2.477184805130e-12      -3.489109727271e-12       8.836035956680e-15       7.929322373442e-16       3.480940696071e-17       3.710867413714e-17 
 1659       5.204255109689e-11       2.464996134559e-12      -3.518179492916e-12       8.829144667141e-15       7.910142363152e-16       3.353097414705e-17       3.691045138736e-17 
 1660       5.204433495632e-11       2.452640176630e-12      -3.546448802524e-12       8.822303558900e-15       7.891019041138e-16       3.227090704688e-17       3.670958674843e-17 
 1661       5.204812603336e-11       2.440121539977e-12      -3.573916247585e-12       8.815511766160e-15       7.871952258181e-16       3.102925560829e-17       3.650611374484e-17 
 1662       5.205386328270e-11       2.427444857318e-12      -3.600580423811e-12       8.808768418015e-15       7.852941863078e-16       2.980606975275e-17       3.630006609228e-17 
 1663       5.206148533823e-11       2.414614785495e-12      -3.626439931150e-12       8.802072638441e-15       7.833987702634e-16       2.860139937497e-17       3.609147769797e-17 
 1664       5.207093051255e-11       2.401636005511e-12      -3.651493373794e-12       8.795423546288e-15       7.815089621660e-16       2.741529434266e-17       3.588038266091e-17 
 1665       5.208213679644e-11       2.388513222565e-12      -3.675739360194e-12       8.788820255271e-15       7.796247462969e-16       2.624780449641e-17       3.566681527225e-17 
 1666       5.209504185844e-11       2.375251166091e-12      -3.699176503072e-12       8.782261873963e-15       7.777461067372e-16       2.509897964949e-17       3.545081001555e-17 
 1667       5.210958304425e-11       2.361854589795e-12      -3.721803419429e-12       8.775747505787e-15       7.758730273675e-16       2.396886958763e-17       3.523240156708e-17 
 1668       5.212569737633e-11       2.348328271692e-12      -3.743618730565e-12       8.769276249004e-15       7.740054918671e-16       2.285752406890e-17       3.501162479614e-17 
 1669       5.214332155335e-11       2.334677014141e-12      -3.764621062081e-12       8.762847196710e-15       7.721434837146e-16       2.176499282350e-17       3.478851476535e-17 
 1670       5.216239194970e-11       2.320905643885e-12      -3.784809043899e-12       8.756459436826e-15       7.702869861863e-16       2.069132555355e-17       3.456310673095e-17 
 1671       5.218284461502e-11       2.307019012088e-12      -3.804181310270e-12       8.750112052086e-15       7.684359823567e-16       1.963657193297e-17       3.433543614310e-17 
 1672       5.220461527367e-11       2.293021994370e-12      -3.822736499788e-12       8.743804120036e-15       7.665904550979e-16       1.860078160726e-17       3.410553864620e-17 
 1673       5.222763932426e-11       2.278919490845e-12      -3.840473255400e-12       8.737534713017e-15       7.647503870790e-16       1.758400419332e-17       3.387345007916e-17 
 1674       5.225185183912e-11       2.264716426158e-12      -3.857390224421e-12       8.731302898166e-15       7.629157607660e-16       1.658628927927e-17       3.363920647574e-17 
 1675       5.227718756386e-11       2.250417749523e-12      -3.873486058541e-12       8.725107737400e-15       7.610865584213e-16       1.560768642430e-17       3.340284406479e-17 
 1676       5.230358091682e-11       2.236028434759e-12      -3.888759413842e-12       8.718948287412e-15       7.592627621032e-16       1.464824515843e-17       3.316439927064e-17 
 1677       5.233096598860e-11       2.221553480329e-12      -3.903208950808e-12       8.712823599661e-15       7.574443536658e-16       1.370801498239e-17       3.292390871332e-17 
 1678       5.235927654155e-11       2.206997909374e-12      -3.916833334338e-12       8.706732720366e-15       7.556313147585e-16       1.278704536741e-17       3.268140920890e-17 
 1679       5.238844600931e-11       2.192366769752e-12      -3.929631233754e-12       8.700674690494e-15       7.538236268254e-16       1.188538575501e-17       3.243693776978e-17 
 1680       5.241840749625e-11       2.177665134075e-12      -3.941601322819e-12       8.694648545756e-15       7.520212711054e-16       1.100308555690e-17       3.219053160501e-17 
 1681       5.244909377703e-11       2.162898099747e-12      -3.952742279746e-12       8.688653316594e-15       7.502242286313e-16       1.014019415471e-17       3.194222812057e-17 
 1682       5.248043729609e-11       2.148070788998e-12      -3.963052787208e-12       8.682688028178e-15       7.484324802297e-16       9.296760899860e-18       3.169206491967e-17 
 1683       5.251237016714e-11       2.133188348925e-12      -3.972531532354e-12       8.676751700394e-15       7.466460065208e-16       8.472835113374e-18       3.144007980306e-17 
 1684       5.254482417266e-11       2.118255951526e-12      -3.981177206817e-12       8.670843347837e-15       7.448647879176e-16       7.668466085685e-18       3.118631076934e-17 
 1685       5.257773076344e-11       2.103278793739e-12      -3.988988506732e-12       8.664961979802e-15       7.430888046258e-16       6.883703076464e-18       3.093079601526e-17 
 1686       5.261102105805e-11       2.088262097479e-12      -3.995964132738e-12       8.659106600277e-15       7.413180366434e-16       6.118595314438e-18       3.067357393598e-17 
 1687       5.264462584235e-11       2.073211109672e-12      -4.002102790003e-12       8.653276207934e-15       7.395524637601e-16       5.373191997204e-18       3.041468312545e-17 
 1688       5.267847556900e-11       2.058131102299e-12      -4.007403188223e-12       8.647469796123e-15       7.377920655574e-16       4.647542291056e-18       3.015416237662e-17 
 1689       5.271250035697e-11       2.043027372424e-12      -4.011864041645e-12       8.641686352857e-15       7.360368214076e-16       3.941695330798e-18       2.989205068183e-17 
 1690       5.274662999101e-11       2.027905242239e-12      -4.015484069070e-12       8.635924860812e-15       7.342867104740e-16       3.255700219564e-18       2.962838723302e-17 
 1691       5.278079392121e-11       2.012770059097e-12      -4.018261993872e-12       8.630184297315e-15       7.325417117101e-16       2.589606028639e-18       2.936321142213e-17 
 1692       5.281492126246e-11       1.997627195550e-12      -4.020196544005e-12       8.624463634334e-15       7.308018038595e-16       1.943461797277e-18       2.909656284131e-17 
 1693       5.284894079397e-11       1.982482049385e-12      -4.021286452018e-12       8.618761838473e-15       7.290669654554e-16       1.317316532521e-18       2.882848128330e-17 
 1694       5.288278095877e-11       1.967340043665e-12      -4.021530455067e-12       8.613077870962e-15       7.273371748202e-16       7.112192090196e-19       2.855900674165e-17 
 1695       5.291636986321e-11       1.952206626761e-12      -4.020927294925e-12       8.607410687650e-15       7.256124100651e-16       1.252187688492e-19       2.828817941110e-17 
 1696       5.294963527647e-11       1.937087272392e-12      -4.019475717996e-12       8.601759238995e-15       7.238926490900e-16      -4.406358786694e-19       2.801603968782e-17 
 1697       5.298251032762e-11       1.921987167762e-12      -4.017176273739e-12       8.596122497877e-15       7.221778712297e-16      -9.862957345792e-19       2.774262650456e-17 
 1698       5.301495065144e-11       1.906910274964e-12      -4.014036726891e-12       8.590499543322e-15       7.204680622114e-16      -1.511711341600e-18       2.746797231954e-17 
 1699       5.304691738943e-11       1.891860261558e-12      -4.010066691931e-12       8.584889477481e-15       7.187632092394e-16      -2.016833149998e-18       2.719210808496e-17 
 1700       5.307837150542e-11       1.876840811756e-12      -4.005275838992e-12       8.579291397872e-15       7.170632993514e-16      -2.501611640043e-18       2.691506490845e-17 
 1701       5.310927378532e-11       1.861855626455e-12      -3.999673893944e-12       8.573704397371e-15       7.153683194189e-16      -2.965997322185e-18       2.663687405335e-17 
 1702       5.313958483686e-11       1.846908423252e-12      -3.993270638482e-12       8.568127564207e-15       7.136782561460e-16      -3.409940737230e-18       2.635756693895e-17 
 1703       5.316926508932e-11       1.832002936473e-12      -3.986075910213e-12       8.562559981951e-15       7.119930960700e-16      -3.833392456516e-18       2.607717514064e-17 
 1704       5.319827479327e-11       1.817142917196e-12      -3.978099602746e-12       8.557000729512e-15       7.103128255602e-16      -4.236303082087e-18       2.579573039027e-17 
 1705       5.322657402033e-11       1.802332133274e-12      -3.969351665771e-12       8.551448881129e-15       7.086374308182e-16      -4.618623246872e-18       2.551326457626e-17 
 1706       5.325412266289e-11       1.787574369363e-12      -3.959842105155e-12       8.545903506363e-15       7.069668978774e-16      -4.980303614858e-18       2.522980974390e-17 
 1707       5.328088043389e-11       1.772873426939e-12      -3.949580983024e-12       8.540363670092e-15       7.053012126027e-16      -5.321294881268e-18       2.494539809558e-17 
 1708       5.330680686649e-11       1.758233124330e-12      -3.938578417848e-12       8.534828432503e-15       7.036403606901e-16      -5.641547772735e-18       2.466006199099e-17 
 1709       5.333186131388e-11       1.743657296735e-12      -3.926844584534e-12       8.529296849083e-15       7.019843276666e-16      -5.941013047480e-18       2.437383394738e-17 
 1710       5.335600294900e-11       1.729149796250e-12      -3.914389714509e-12       8.523767970616e-15       7.003330988896e-16      -6.219641495483e-18       2.408674663978e-17 
 1711       5.337919076425e-11       1.714714491892e-12      -3.901224095804e-12       8.518240843170e-15       6.986866595471e-16      -6.477383938666e-18       2.379883290124e-17 
 1712       5.340138357128e-11       1.700355269621e-12      -3.887358073148e-12       8.512714508097e-15       6.970449946565e-16      -6.714191231063e-18       2.351012572304e-17 
 1713       5.342254000071e-11       1.686076032368e-12      -3.872802048049e-12       8.507188002021e-15       6.954080890654e-16      -6.930014258999e-18       2.322065825495e-17 
 1714       5.344261850185e-11       1.671880700056e-12      -3.857566478885e-12       8.501660356830e-15       6.937759274503e-16      -7.124803941264e-18       2.293046380545e-17 
 1715       5.346157734248e-11       1.657773209627e-12      -3.841661880986e-12       8.496130599674e-15       6.921484943171e-16      -7.298511229289e-18       2.263957584196e-17 
 1716       5.347937460856e-11       1.643757515060e-12      -3.825098826727e-12       8.490597752955e-15       6.905257740001e-16      -7.451087107324e-18       2.234802799107e-17 
 1717       5.349596820398e-11       1.629837587404e-12      -3.807887945610e-12       8.485060834317e-15       6.889077506621e-16      -7.582482592610e-18       2.205585403877e-17 
 1718       5.351131585033e-11       1.616017414795e-12      -3.790039924352e-12       8.479518856644e-15       6.872944082940e-16      -7.692648735558e-18       2.176308793071e-17 
 1719       5.352537508658e-11       1.602301002483e-12      -3.771565506974e-12       8.473970828052e-15       6.856857307147e-16      -7.781536619925e-18       2.146976377238e-17 
 1720       5.353810326889e-11       1.588692372856e-12      -3.752475494886e-12       8.468415751878e-15       6.840817015702e-16      -7.849097362988e-18       2.117591582940e-17 
 1721       5.354945757029e-11       1.575195565464e-12      -3.732780746973e-12       8.462852626676e-15       6.824823043339e-16      -7.895282115718e-18       2.088157852769e-17 
 1722       5.355939498046e-11       1.561814637041e-12      -3.712492179685e-12       8.457280446212e-15       6.808875223060e-16      -7.920042062962e-18       2.058678645377e-17 
 1723       5.356787230547e-11       1.548553661534e-12      -3.691620767121e-12       8.451698199450e-15       6.792973386133e-16      -7.923328423613e-18       2.029157435494e-17 
 1724       5.357484616750e-11       1.535416730123e-12      -3.670177541118e-12       8.446104870554e-15       6.777117362088e-16      -7.905092450787e-18       1.999597713952e-17 
 1725       5.358027300460e-11       1.522407951244e-12      -3.648173591335e-12       8.440499438873e-15       6.761306978714e-16      -7.865285432002e-18       1.970002987711e-17 
 1726       5.358410907041e-11       1.509531450619e-12      -3.625620065344e-12       8.434880878938e-15       6.745542062057e-16      -7.803858689351e-18       1.940376779879e-17 
 1727       5.358631043393e-11       1.496791371274e-12      -3.602528168713e-12       8.429248160454e-15       6.729822436416e-16      -7.720763579678e-18       1.910722629736e-17 
 1728       5.358683297924e-11       1.484191873566e-12      -3.578909165095e-12       8.423600248293e-15       6.714147924339e-16      -7.615951494752e-18       1.881044092759e-17 
 1729       5.358563240525e-11       1.471737135207e-12      -3.554774376315e-12       8.417936102487e-15       6.698518346623e-16      -7.489373861449e-18       1.851344740644e-17 
 1730       5.358266422543e-11       1.459431351288e-12      -3.530135182456e-12       8.412254678221e-15       6.682933522306e-16      -7.340982141922e-18       1.821628161327e-17 
 1731       5.357788376758e-11       1.447278734303e-12      -3.505003021946e-12       8.406554925825e-15       6.667393268670e-16      -7.170727833778e-18       1.791897959011e-17 
 1732       5.357124617353e-11       1.435283514171e-12      -3.479389391646e-12       8.400835790766e-15       6.651897401232e-16      -6.978562470254e-18       1.762157754188e-17 
 1733       5.356270639891e-11       1.423449938265e-12      -3.453305846934e-12       8.395096213647e-15       6.636445733745e-16      -6.764437620396e-18       1.732411183659e-17 
 1734       5.355221921288e-11       1.411782271432e-12      -3.426764001796e-12       8.389335130191e-15       6.621038078194e-16      -6.528304889230e-18       1.702661900561e-17 
 1735       5.353973919788e-11       1.400284796018e-12      -3.399775528911e-12       8.383551471239e-15       6.605674244792e-16      -6.270115917940e-18       1.672913574391e-17 
 1736       5.352522817806e-11       1.388961248782e-12      -3.372352410981e-12       8.377744271467e-15       6.590354055851e-16      -5.989962117889e-18       1.643169651397e-17 
 1737       5.350867757363e-11       1.377813126400e-12      -3.344507696872e-12       8.371912996536e-15       6.575077387538e-16      -5.688495160197e-18       1.613432633505e-17 
 1738       5.349008623440e-11       1.366841365727e-12      -3.316254752024e-12       8.366057218686e-15       6.559844128465e-16      -5.366510030658e-18       1.583704793367e-17 
 1739       5.346945302823e-11       1.356046905612e-12      -3.287607007874e-12       8.360176508256e-15       6.544654165846e-16      -5.024805623319e-18       1.553988413444e-17 
 1740       5.344677684108e-11       1.345430686901e-12      -3.258577961959e-12       8.354270433684e-15       6.529507385491e-16      -4.664184746222e-18       1.524285786022e-17 
 1741       5.342205657704e-11       1.334993652438e-12      -3.229181178012e-12       8.348338561504e-15       6.514403671806e-16      -4.285454127133e-18       1.494599213228e-17 
 1742       5.339529115838e-11       1.324736747065e-12      -3.199430286058e-12       8.342380456341e-15       6.499342907792e-16      -3.889424419286e-18       1.464931007039e-17 
 1743       5.336647952554e-11       1.314660917626e-12      -3.169338982508e-12       8.336395680912e-15       6.484324975037e-16      -3.476910207113e-18       1.435283489300e-17 
 1744       5.333562063722e-11       1.304767112970e-12      -3.138921030263e-12       8.330383796021e-15       6.469349753719e-16      -3.048730011987e-18       1.405658991737e-17 
 1745       5.330271347039e-11       1.295056283949e-12      -3.108190258802e-12       8.324344360556e-15       6.454417122602e-16      -2.605706297953e-18       1.376059855968e-17 
 1746       5.326775702035e-11       1.285529383420e-12      -3.077160564288e-12       8.318276931486e-15       6.439526959029e-16      -2.148665477468e-18       1.346488433518e-17 
 1747       5.323075030071e-11       1.276187366251e-12      -3.045845909657e-12       8.312181063861e-15       6.424679138928e-16      -1.678437917135e-18       1.316947085834e-17 
 1748       5.319169234351e-11       1.267031189318e-12      -3.014260324720e-12       8.306056310806e-15       6.409873536801e-16      -1.195857943442e-18       1.287438184299e-17 
 1749       5.315058219919e-11       1.258061811509e-12      -2.982417906258e-12       8.299902223518e-15       6.395110025726e-16      -7.017638484978e-19       1.257964110241e-17 
 1750       5.310741893665e-11       1.249280193725e-12      -2.950332818119e-12       8.293718351267e-15       6.380388477356e-16      -1.969978957685e-19       1.228527254951e-17 
 1751       5.306220164329e-11       1.240687298884e-12      -2.918019291316e-12       8.287504241391e-15       6.365708761910e-16       3.175936741870e-19       1.199130019698e-17 
 1752       5.301492942505e-11       1.232284091916e-12      -2.885491624120e-12       8.281259439291e-15       6.351070748178e-16       8.411606379790e-19       1.169774815738e-17 
 1753       5.296560140643e-11       1.224071539774e-12      -2.852764182162e-12       8.274983488432e-15       6.336474303513e-16       1.372848783651e-18       1.140464064330e-17 
 1754       5.291421673054e-11       1.216050611428e-12      -2.819851398528e-12       8.268675930339e-15       6.321919293831e-16       1.911799904943e-18       1.111200196749e-17 
 1755       5.286077455914e-11       1.208222277871e-12      -2.786767773855e-12       8.262336304593e-15       6.307405583608e-16       2.457151795555e-18       1.081985654303e-17 
 1756       5.280527407266e-11       1.200587512120e-12      -2.753527876428e-12       8.255964148828e-15       6.292933035877e-16       3.008038243411e-18       1.052822888340e-17 
 1757       5.274771447027e-11       1.193147289216e-12      -2.720146342278e-12       8.249558998732e-15       6.278501512226e-16       3.563589024921e-18       1.023714360269e-17 
 1758       5.268809496986e-11       1.185902586226e-12      -2.686637875277e-12       8.243120388040e-15       6.264110872797e-16       4.122929899246e-18       9.946625415684e-18 
 1759       5.262641480814e-11       1.178854382249e-12      -2.653017247238e-12       8.236647848532e-15       6.249760976278e-16       4.685182602560e-18       9.656699138011e-18 
 1760       5.256267324064e-11       1.172003658410e-12      -2.619299298009e-12       8.230140910034e-15       6.235451679908e-16       5.249464842315e-18       9.367389686294e-18 
 1761       5.249686954175e-11       1.165351397868e-12      -2.585498935572e-12       8.223599100408e-15       6.221182839467e-16       5.814890291503e-18       9.078722078275e-18 
 1762       5.242900300476e-11       1.158898585816e-12      -2.551631136136e-12       8.217021945557e-15       6.206954309281e-16       6.380568582920e-18       8.790721432952e-18 
 1763       5.235907294191e-11       1.152646209482e-12      -2.517710944239e-12       8.210408969418e-15       6.192765942214e-16       6.945605303430e-18       8.503412970719e-18 
 1764       5.228707868441e-11       1.146595258130e-12      -2.483753472843e-12       8.203759693959e-15       6.178617589665e-16       7.509101988227e-18       8.216822013502e-18 
 1765       5.221301958248e-11       1.140746723064e-12      -2.449773903430e-12       8.197073639178e-15       6.164509101570e-16       8.070156115101e-18       7.930973984893e-18 
 1766       5.213689500538e-11       1.135101597627e-12      -2.415787486098e-12       8.190350323099e-15       6.150440326398e-16       8.627861098698e-18       7.645894410288e-18 
 1767       5.205870434147e-11       1.129660877206e-12      -2.381809539661e-12       8.183589261770e-15       6.136411111143e-16       9.181306284786e-18       7.361608917026e-18 
 1768       5.197844699824e-11       1.124425559230e-12      -2.347855451744e-12       8.176789969260e-15       6.122421301331e-16       9.729576944516e-18       7.078143234520e-18 
 1769       5.189612240231e-11       1.119396643175e-12      -2.313940678879e-12       8.169951957657e-15       6.108470741008e-16       1.027175426869e-17       6.795523194399e-18 
 1770       5.181172999952e-11       1.114575130563e-12      -2.280080746604e-12       8.163074737062e-15       6.094559272746e-16       1.080691536202e-17       6.513774730643e-18 
 1771       5.172526925494e-11       1.109962024966e-12      -2.246291249558e-12       8.156157815591e-15       6.080686737633e-16       1.133413323739e-17       6.232923879718e-18 
 1772       5.163673965291e-11       1.105558332006e-12      -2.212587851579e-12       8.149200699369e-15       6.066852975275e-16       1.185247681013e-17       5.952996780712e-18 
 1773       5.154614069706e-11       1.101365059357e-12      -2.178986285802e-12       8.142202892528e-15       6.053057823792e-16       1.236101089226e-17       5.674019675475e-18 
 1774       5.145347191039e-11       1.097383216748e-12      -2.145502354754e-12       8.135163897204e-15       6.039301119817e-16       1.285879618678e-17       5.396018908753e-18 
 1775       5.135873768381e-11       1.093613344212e-12      -2.112150793570e-12       8.128083331621e-15       6.025582710517e-16       1.334513652201e-17       5.119018799987e-18 
 1776       5.126196186559e-11       1.090054092590e-12      -2.078941849211e-12       8.120961285407e-15       6.011902489788e-16       1.382032279481e-17       4.843035239238e-18 
 1777       5.116317329227e-11       1.086703631330e-12      -2.045884673239e-12       8.113797967199e-15       5.998260362352e-16       1.428489514892e-17       4.568082038742e-18 
 1778       5.106240095126e-11       1.083560119157e-12      -2.012988456195e-12       8.106593586829e-15       5.984656231763e-16       1.473939629518e-17       4.294173056506e-18 
 1779       5.095967398106e-11       1.080621704060e-12      -1.980262427645e-12       8.099348355322e-15       5.971090000396e-16       1.518437151525e-17       4.021322196369e-18 
 1780       5.085502167146e-11       1.077886523272e-12      -1.947715856242e-12       8.092062484902e-15       5.957561569452e-16       1.562036866526e-17       3.749543408056e-18 
 1781       5.074847346381e-11       1.075352703257e-12      -1.915358049772e-12       8.084736188987e-15       5.944070838952e-16       1.604793817949e-17       3.478850687230e-18 
 1782       5.064005895118e-11       1.073018359692e-12      -1.883198355214e-12       8.077369682198e-15       5.930617707738e-16       1.646763307402e-17       3.209258075552e-18 
 1783       5.052980787862e-11       1.070881597453e-12      -1.851246158789e-12       8.069963180356e-15       5.917202073466e-16       1.688000895047e-17       2.940779660736e-18 
 1784       5.041775014339e-11       1.068940510594e-12      -1.819510886018e-12       8.062516900486e-15       5.903823832609e-16       1.728562399960e-17       2.673429576603e-18 
 1785       5.030391579514e-11       1.067193182335e-12      -1.788002001769e-12       8.055031060818e-15       5.890482880453e-16       1.768503900504e-17       2.407222003134e-18 
 1786       5.018833503618e-11       1.065637685045e-12      -1.756729010319e-12       8.047505880788e-15       5.877179111094e-16       1.807881734694e-17       2.142171166534e-18 
 1787       5.007103822166e-11       1.064272080225e-12      -1.725701455401e-12       8.039941581041e-15       5.863912417437e-16       1.846752500564e-17       1.878291339277e-18 
 1788       4.995205585981e-11       1.063094418491e-12      -1.694928920260e-12       8.032338383432e-15       5.850682691192e-16       1.885173056535e-17       1.615596840170e-18 
 1789       4.983141861216e-11       1.062102739560e-12      -1.664421027707e-12       8.024696511029e-15       5.837489822878e-16       1.923200521786e-17       1.354102034403e-18 
 1790       4.970915729378e-11       1.061295072230e-12      -1.634187440172e-12       8.017016188111e-15       5.824333701811e-16       1.960892276615e-17       1.093821333609e-18 
 1791       4.958530287345e-11       1.060669434370e-12      -1.604237859757e-12       8.009297640176e-15       5.811214216111e-16       1.998305962810e-17       8.347691959146e-19 
 1792       4.945988647395e-11       1.060223832897e-12      -1.574582028293e-12       8.001541093935e-15       5.798131252695e-16       2.035499484020e-17       5.769601260004e-19 
 1793       4.933293937221e-11       1.059956263763e-12      -1.545229727388e-12       7.993746777322e-15       5.785084697277e-16       2.072531006113e-17       3.204086751531e-19 
 1794       4.920449299960e-11       1.059864711938e-12      -1.516190778484e-12       7.985914919488e-15       5.772074434364e-16       2.109458957556e-17       6.512944132264e-20 
 1795       4.907457894209e-11       1.059947151396e-12      -1.487475042913e-12       7.978045750809e-15       5.759100347257e-16       2.146342029769e-17      -1.888629308229e-19 
 1796       4.894322894053e-11       1.060201545095e-12      -1.459092421945e-12       7.970139502883e-15       5.746162318044e-16       2.183239177506e-17      -4.415537498413e-19 
 1797       4.881047489080e-11       1.060625844964e-12      -1.431052856846e-12       7.962196408536e-15       5.733260227604e-16       2.220209619210e-17      -6.929282774610e-19 
 1798       4.867634884412e-11       1.061217991883e-12      -1.403366328929e-12       7.954216701818e-15       5.720393955600e-16       2.257312837390e-17      -9.429717285255e-19 
 1799       4.854088300718e-11       1.061975915672e-12      -1.376042859608e-12       7.946200618013e-15       5.707563380480e-16       2.294608578984e-17      -1.191669270938e-18 
 1800       4.840410974244e-11       1.062897535071e-12      -1.349092510456e-12       7.938148393631e-15       5.694768379472e-16       2.332156855726e-17      -1.439006025604e-18 
 1801       4.826606156830e-11       1.063980757723e-12      -1.322525383251e-12       7.930060266418e-15       5.682008828584e-16       2.370017944517e-17      -1.684967066381e-18 
 1802       4.812677115933e-11       1.065223480160e-12      -1.296351620036e-12       7.921936475353e-15       5.669284602604e-16       2.408252387788e-17      -1.929537420015e-18 
 1803       4.798627134652e-11       1.066623587787e-12      -1.270581403168e-12       7.913777260653e-15       5.656595575092e-16       2.446920993871e-17      -2.172702066094e-18 
 1804       4.784459511746e-11       1.068178954865e-12      -1.245224955376e-12       7.905582863770e-15       5.643941618383e-16       2.486084837366e-17      -2.414445936982e-18 
 1805       4.770177561659e-11       1.069887444492e-12      -1.220292539811e-12       7.897353527397e-15       5.631322603584e-16       2.525805259505e-17      -2.654753917776e-18 
 1806       4.755784614543e-11       1.071746908592e-12      -1.195794460102e-12       7.889089495470e-15       5.618738400570e-16       2.566143868526e-17      -2.893610846238e-18 
 1807       4.741284016277e-11       1.073755187895e-12      -1.171741060408e-12       7.880791013165e-15       5.606188877982e-16       2.607162540035e-17      -3.131001512748e-18 
 1808       4.726679128489e-11       1.075910111922e-12      -1.148142725472e-12       7.872458326904e-15       5.593673903229e-16       2.648923417373e-17      -3.366910660245e-18 
 1809       4.711973328582e-11       1.078209498968e-12      -1.125009880676e-12       7.864091684358e-15       5.581193342482e-16       2.691488911990e-17      -3.601322984174e-18 
 1810       4.697170009754e-11       1.080651156086e-12      -1.102352992091e-12       7.855691334441e-15       5.568747060670e-16       2.734921703805e-17      -3.834223132425e-18 
 1811       4.682272581019e-11       1.083232879072e-12      -1.080182566537e-12       7.847257527323e-15       5.556334921486e-16       2.779284741577e-17      -4.065595705284e-18 
 1812       4.667284467230e-11       1.085952452447e-12      -1.058509151630e-12       7.838790514421e-15       5.543956787374e-16       2.824641243275e-17      -4.295425255373e-18 
 1813       4.652209109102e-11       1.088807649442e-12      -1.037343335838e-12       7.830290548408e-15       5.531612519538e-16       2.871054696440e-17      -4.523696287597e-18 
 1814       4.637049989075e-11       1.091796086937e-12      -1.016694097352e-12       7.821757945105e-15       5.519301987430e-16       2.918573011420e-17      -4.750394417526e-18 
 1815       4.621810709083e-11       1.094914789028e-12      -9.965638360163e-13       7.813193269708e-15       5.507025097335e-16       2.967180840556e-17      -4.975509856877e-18 
 1816       4.606494913459e-11       1.098160619910e-12      -9.769533014250e-13       7.804597152070e-15       5.494781764018e-16       3.016846875086e-17      -5.199033956037e-18 
 1817       4.591106263170e-11       1.101530428575e-12      -9.578632404638e-13       7.795970224942e-15       5.482571901240e-16       3.067539657156e-17      -5.420958048170e-18 
 1818       4.575648435839e-11       1.105021048794e-12      -9.392943973025e-13       7.787313123983e-15       5.470395421758e-16       3.119227579606e-17      -5.641273449193e-18 
 1819       4.560125125772e-11       1.108629299092e-12      -9.212475133885e-13       7.778626487761e-15       5.458252237327e-16       3.171878885768e-17      -5.859971457774e-18 
 1820       4.544540043980e-11       1.112351982729e-12      -9.037233274400e-13       7.769910957755e-15       5.446142258692e-16       3.225461669246e-17      -6.077043355310e-18 
 1821       4.528896918199e-11       1.116185887679e-12      -8.867225754401e-13       7.761167178363e-15       5.434065395590e-16       3.279943873714e-17      -6.292480405919e-18 
 1822       4.513199492917e-11       1.120127786607e-12      -8.702459906296e-13       7.752395796904e-15       5.422021556747e-16       3.335293292702e-17      -6.506273856423e-18 
 1823       4.497451529394e-11       1.124174436847e-12      -8.542943035008e-13       7.743597463623e-15       5.410010649879e-16       3.391477569386e-17      -6.718414936337e-18 
 1824       4.481656805688e-11       1.128322580380e-12      -8.388682417908e-13       7.734772831693e-15       5.398032581685e-16       3.448464196380e-17      -6.928894857855e-18 
 1825       4.465819116677e-11       1.132568943817e-12      -8.239685304750e-13       7.725922557220e-15       5.386087257850e-16       3.506220515523e-17      -7.137704815839e-18 
 1826       4.449942274079e-11       1.136910238372e-12      -8.095958917603e-13       7.717047299249e-15       5.374174583042e-16       3.564713717670e-17      -7.344835987799e-18 
 1827       4.434030106479e-11       1.141343159843e-12      -7.957510450790e-13       7.708147719763e-15       5.362294460908e-16       3.623910842485e-17      -7.550279533888e-18 
 1828       4.418086459354e-11       1.145864388589e-12      -7.824347070819e-13       7.699224483693e-15       5.350446794076e-16       3.683778778225e-17      -7.754026596884e-18 
 1829       4.402115195087e-11       1.150470589511e-12      -7.696475916315e-13       7.690278258919e-15       5.338631484150e-16       3.744284261534e-17      -7.956068302175e-18 
 1830       4.386120193001e-11       1.155158412028e-12      -7.573904097962e-13       7.681309716271e-15       5.326848431711e-16       3.805393877234e-17      -8.156395757752e-18 
 1831       4.370105349374e-11       1.159924490058e-12      -7.456638698429e-13       7.672319529541e-15       5.315097536313e-16       3.867074058111e-17      -8.355000054189e-18 
 1832       4.354074577468e-11       1.164765441992e-12      -7.344686772311e-13       7.663308375478e-15       5.303378696481e-16       3.929291084707e-17      -8.551872264634e-18 
 1833       4.338031807545e-11       1.169677870679e-12      -7.238055346057e-13       7.654276933798e-15       5.291691809714e-16       3.992011085109e-17      -8.747003444794e-18 
 1834       4.321980986899e-11       1.174658363397e-12      -7.136751417911e-13       7.645225887185e-15       5.280036772475e-16       4.055200034741e-17      -8.940384632922e-18 
 1835       4.305926079871e-11       1.179703491837e-12      -7.040781957841e-13       7.636155921297e-15       5.268413480198e-16       4.118823756152e-17      -9.132006849802e-18 
 1836       4.289871067877e-11       1.184809812081e-12      -6.950153907477e-13       7.627067724769e-15       5.256821827280e-16       4.182847918807e-17      -9.321861098741e-18 
 1837       4.273819949430e-11       1.189973864577e-12      -6.864874180042e-13       7.617961989216e-15       5.245261707083e-16       4.247238038875e-17      -9.509938365549e-18 
 1838       4.257776740160e-11       1.195192174121e-12      -6.784949660289e-13       7.608839409239e-15       5.233733011928e-16       4.311959479021e-17      -9.696229618528e-18 
 1839       4.241745472843e-11       1.200461249832e-12      -6.710387204436e-13       7.599700682429e-15       5.222235633100e-16       4.376977448196e-17      -9.880725808463e-18 
 1840       4.225730197419e-11       1.205777585135e-12      -6.641193640096e-13       7.590546509367e-15       5.210769460839e-16       4.442257001424e-17      -1.006341786860e-17 
 1841       4.209734981017e-11       1.211137657736e-12      -6.577375766216e-13       7.581377593634e-15       5.199334384343e-16       4.507763039595e-17      -1.024429671465e-17 
 1842       4.193763907978e-11       1.216537929601e-12      -6.518940353010e-13       7.572194641809e-15       5.187930291765e-16       4.573460309256e-17      -1.042335324474e-17 
 1843       4.177821079879e-11       1.221974846935e-12      -6.465894141891e-13       7.562998363479e-15       5.176557070210e-16       4.639313402394e-17      -1.060057833945e-17 
 1844       4.161910615552e-11       1.227444840161e-12      -6.418243845410e-13       7.553789471238e-15       5.165214605736e-16       4.705286756235e-17      -1.077596286175e-17 
 1845       4.146036651115e-11       1.232944323898e-12      -6.375996147184e-13       7.544568680694e-15       5.153902783349e-16       4.771344653028e-17      -1.094949765702e-17 
 1846       4.130203339986e-11       1.238469696937e-12      -6.339157701838e-13       7.535336710471e-15       5.142621487003e-16       4.837451219836e-17      -1.112117355304e-17 
 1847       4.114414852912e-11       1.244017342224e-12      -6.307735134931e-13       7.526094282214e-15       5.131370599601e-16       4.903570428327e-17      -1.129098135993e-17 
 1848       4.098675377991e-11       1.249583626836e-12      -6.281735042899e-13       7.516842120593e-15       5.120150002986e-16       4.969666094562e-17      -1.145891187020e-17 
 1849       4.082989120693e-11       1.255164901959e-12      -6.261163992983e-13       7.507580953307e-15       5.108959577946e-16       5.035701878789e-17      -1.162495585870e-17 
 1850       4.067360303887e-11       1.260757502866e-12      -6.246028523164e-13       7.498311511088e-15       5.097799204212e-16       5.101641285228e-17      -1.178910408259e-17 
 1851       4.051793167859e-11       1.266357748898e-12      -6.236335142101e-13       7.489034527705e-15       5.086668760450e-16       5.167447661862e-17      -1.195134728138e-17 
 1852       4.036291970339e-11       1.271961943441e-12      -6.232090329061e-13       7.479750739967e-15       5.075568124266e-16       5.233084200231e-17      -1.211167617687e-17 
 1853       4.020860638592e-11       1.277566573374e-12      -6.233288680534e-13       7.470460870114e-15       5.064497180770e-16       5.298520299318e-17      -1.227008109435e-17 
 1854       4.005501722648e-11       1.283168909180e-12      -6.239877247838e-13       7.461165572817e-15       5.053455848353e-16       5.363750712604e-17      -1.242655082290e-17 
 1855       3.990217433852e-11       1.288766409533e-12      -6.251790917735e-13       7.451865487771e-15       5.042444053109e-16       5.428776551809e-17      -1.258107374607e-17 
 1856       3.975009992051e-11       1.294356522243e-12      -6.268964239707e-13       7.442561257265e-15       5.031461720285e-16       5.493598936537e-17      -1.273363821982e-17 
 1857       3.959881625612e-11       1.299936684240e-12      -6.291331425475e-13       7.433253526196e-15       5.020508774282e-16       5.558218994283e-17      -1.288423257251e-17 
 1858       3.944834571427e-11       1.305504321560e-12      -6.318826348521e-13       7.423942942064e-15       5.009585138648e-16       5.622637860446e-17      -1.303284510487e-17 
 1859       3.929871074927e-11       1.311056849333e-12      -6.351382543611e-13       7.414630154980e-15       4.998690736080e-16       5.686856678342e-17      -1.317946408997e-17 
 1860       3.914993390092e-11       1.316591671763e-12      -6.388933206307e-13       7.405315817668e-15       4.987825488425e-16       5.750876599215e-17      -1.332407777320e-17 
 1861       3.900203779461e-11       1.322106182120e-12      -6.431411192497e-13       7.396000585468e-15       4.976989316673e-16       5.814698782251e-17      -1.346667437224e-17 
 1862       3.885504514145e-11       1.327597762721e-12      -6.478749017909e-13       7.386685116340e-15       4.966182140958e-16       5.878324394590e-17      -1.360724207702e-17 
 1863       3.870897873835e-11       1.333063784916e-12      -6.530878857633e-13       7.377370070868e-15       4.955403880560e-16       5.941754611336e-17      -1.374576904972e-17 
 1864       3.856386146817e-11       1.338501609074e-12      -6.587732545643e-13       7.368056112261e-15       4.944654453897e-16       6.004990615572e-17      -1.388224342472e-17 
 1865       3.841971629979e-11       1.343908584569e-12      -6.649241574315e-13       7.358743906360e-15       4.933933778529e-16       6.068033598369e-17      -1.401665330860e-17 
 1866       3.827656628824e-11       1.349282049766e-12      -6.715337093947e-13       7.349434121637e-15       4.923241771155e-16       6.130884758802e-17      -1.414898678007e-17 
 1867       3.813443457481e-11       1.354619332001e-12      -6.785949912283e-13       7.340127429203e-15       4.912578347608e-16       6.193545303960e-17      -1.427923189000e-17 
 1868       3.799334438714e-11       1.359917747577e-12      -6.861010494029e-13       7.330824502808e-15       4.901943422861e-16       6.256016448956e-17      -1.440737666133e-17 
 1869       3.785331903935e-11       1.365174601737e-12      -6.940448960376e-13       7.321526018844e-15       4.891336911019e-16       6.318299416947e-17      -1.453340908912e-17 
 1870       3.771438193215e-11       1.370387188660e-12      -7.024195088519e-13       7.312232656352e-15       4.880758725319e-16       6.380395439134e-17      -1.465731714043e-17 
 1871       3.757655655293e-11       1.375552791439e-12      -7.112178311178e-13       7.302945097022e-15       4.870208778132e-16       6.442305754788e-17      -1.477908875439e-17 
 1872       3.743986647589e-11       1.380668682072e-12      -7.204327716118e-13       7.293664025198e-15       4.859686980957e-16       6.504031611249e-17      -1.489871184209e-17 
 1873       3.730433536215e-11       1.385732121442e-12      -7.300572045669e-13       7.284390127882e-15       4.849193244421e-16       6.565574263950e-17      -1.501617428662e-17 
 1874       3.716998695981e-11       1.390740359307e-12      -7.400839696249e-13       7.275124094733e-15       4.838727478281e-16       6.626934976419e-17      -1.513146394300e-17 
 1875       3.703684510415e-11       1.395690634284e-12      -7.505058717879e-13       7.265866618076e-15       4.828289591417e-16       6.688115020300e-17      -1.524456863816e-17 
 1876       3.690493371764e-11       1.400580173832e-12      -7.613156813707e-13       7.256618392905e-15       4.817879491834e-16       6.749115675358e-17      -1.535547617094e-17 
 1877       3.677427681014e-11       1.405406194243e-12      -7.725061339530e-13       7.247380116879e-15       4.807497086660e-16       6.809938229495e-17      -1.546417431204e-17 
 1878       3.664489847894e-11       1.410165900619e-12      -7.840699303309e-13       7.238152490336e-15       4.797142282145e-16       6.870583978764e-17      -1.557065080398e-17 
 1879       3.651682290890e-11       1.414856486867e-12      -7.959997364694e-13       7.228936216289e-15       4.786814983658e-16       6.931054227375e-17      -1.567489336111e-17 
 1880       3.639007437256e-11       1.419475135678e-12      -8.082881834542e-13       7.219732000430e-15       4.776515095686e-16       6.991350287712e-17      -1.577688966956e-17 
 1881       3.626467723024e-11       1.424019018513e-12      -8.209278674440e-13       7.210540551139e-15       4.766242521834e-16       7.051473480347e-17      -1.587662738721e-17 
 1882       3.614065593016e-11       1.428485295591e-12      -8.339113496219e-13       7.201362579478e-15       4.755997164824e-16       7.111425134045e-17      -1.597409414370e-17 
 1883       3.601803500853e-11       1.432871115873e-12      -8.472311561483e-13       7.192198799204e-15       4.745778926489e-16       7.171206585783e-17      -1.606927754034e-17 
 1884       3.589683908969e-11       1.437173617047e-12      -8.608797781122e-13       7.183049926766e-15       4.735587707778e-16       7.230819180760e-17      -1.616216515013e-17 
 1885       3.577709288619e-11       1.441389925514e-12      -8.748496714838e-13       7.173916681310e-15       4.725423408749e-16       7.290264272408e-17      -1.625274451774e-17 
 1886       3.565882119891e-11       1.445517156373e-12      -8.891332570658e-13       7.164799784685e-15       4.715285928571e-16       7.349543222404e-17      -1.634100315945e-17 
 1887       3.554204891718e-11       1.449552413408e-12      -9.037229204464e-13       7.155699961441e-15       4.705175165521e-16       7.408657400686e-17      -1.642692856313e-17 
 1888       3.542680101886e-11       1.453492789070e-12      -9.186110119504e-13       7.146617938838e-15       4.695091016983e-16       7.467608185461e-17      -1.651050818824e-17 
 1889       3.531310257049e-11       1.457335364467e-12      -9.337898465920e-13       7.137554446845e-15       4.685033379448e-16       7.526396963218e-17      -1.659172946578e-17 
 1890       3.520097872736e-11       1.461077209345e-12      -9.492517040262e-13       7.128510218148e-15       4.675002148509e-16       7.585025128742e-17      -1.667057979827e-17 
 1891       3.509045473365e-11       1.464715382077e-12      -9.649888285013e-13       7.119485988146e-15       4.664997218864e-16       7.643494085125e-17      -1.674704655972e-17 
 1892       3.498155138039e-11       1.468247306460e-12      -9.809932545657e-13       7.110482422669e-15       4.655018491523e-16       7.701802764362e-17      -1.682111864727e-17 
 1893       3.487427134074e-11       1.471671905334e-12      -9.972562828114e-13       7.101499900480e-15       4.645065895516e-16       7.759940168144e-17      -1.689279114926e-17 
 1894       3.476861272925e-11       1.474988475705e-12      -1.013768999980e-12       7.092538729092e-15       4.635139366350e-16       7.817892769393e-17      -1.696206071321e-17 
 1895       3.466457363433e-11       1.478196312722e-12      -1.030522452785e-12       7.083599216911e-15       4.625238838813e-16       7.875646986365e-17      -1.702892399747e-17 
 1896       3.456215211821e-11       1.481294709678e-12      -1.047507647860e-12       7.074681673241e-15       4.615364246974e-16       7.933189182584e-17      -1.709337767124e-17 
 1897       3.446134621690e-11       1.484282958006e-12      -1.064715551702e-12       7.065786408278e-15       4.605515524178e-16       7.990505666769e-17      -1.715541841459e-17 
 1898       3.436215394016e-11       1.487160347278e-12      -1.082137090619e-12       7.056913733115e-15       4.595692603047e-16       8.047582692763e-17      -1.721504291850e-17 
 1899       3.426457327143e-11       1.489926165202e-12      -1.099763150678e-12       7.048063959744e-15       4.585895415479e-16       8.104406459461e-17      -1.727224788488e-17 
 1900       3.416860216782e-11       1.492579697622e-12      -1.117584577647e-12       7.039237401053e-15       4.576123892646e-16       8.160963110744e-17      -1.732703002656e-17 
 1901       3.407423856003e-11       1.495120228513e-12      -1.135592176945e-12       7.030434370833e-15       4.566377964995e-16       8.217238735400e-17      -1.737938606740e-17 
 1902       3.398148035233e-11       1.497547039985e-12      -1.153776713588e-12       7.021655183770e-15       4.556657562243e-16       8.273219367063e-17      -1.742931274222e-17 
 1903       3.389032542255e-11       1.499859412271e-12      -1.172128912131e-12       7.012900155456e-15       4.546962613377e-16       8.328890984132e-17      -1.747680679689e-17 
 1904       3.380077162194e-11       1.502056623736e-12      -1.190639456620e-12       7.004169602383e-15       4.537293046656e-16       8.384239509709e-17      -1.752186498832e-17 
 1905       3.371281677523e-11       1.504137950868e-12      -1.209298990535e-12       6.995463841945e-15       4.527648789607e-16       8.439250811521e-17      -1.756448408453e-17 
 1906       3.362645868054e-11       1.506102668277e-12      -1.228098116734e-12       6.986783192442e-15       4.518029769023e-16       8.493910701854e-17      -1.760466086460e-17 
 1907       3.354169510933e-11       1.507950048697e-12      -1.247027397406e-12       6.978127973078e-15       4.508435910963e-16       8.548204937481e-17      -1.764239211878e-17 
 1908       3.345852380638e-11       1.509679362979e-12      -1.266077354009e-12       6.969498503963e-15       4.498867140753e-16       8.602119219589e-17      -1.767767464845e-17 
 1909       3.337694248972e-11       1.511289880092e-12      -1.285238467222e-12       6.960895106114e-15       4.489323382980e-16       8.655639193711e-17      -1.771050526619e-17 
 1910       3.329694885063e-11       1.512780867120e-12      -1.304501176891e-12       6.952318101457e-15       4.479804561495e-16       8.708750449654e-17      -1.774088079577e-17 
 1911       3.321854055354e-11       1.514151589261e-12      -1.323855881970e-12       6.943767812823e-15       4.470310599410e-16       8.761438521425e-17      -1.776879807221e-17 
 1912       3.314171523604e-11       1.515401309823e-12      -1.343292940474e-12       6.935244563958e-15       4.460841419098e-16       8.813688887167e-17      -1.779425394176e-17 
 1913       3.306647050881e-11       1.516529290225e-12      -1.362802669420e-12       6.926748679514e-15       4.451396942188e-16       8.865486969082e-17      -1.781724526199e-17 
 1914       3.299280395558e-11       1.517534789992e-12      -1.382375344775e-12       6.918280485058e-15       4.441977089570e-16       8.916818133362e-17      -1.783776890176e-17 
 1915       3.292071313308e-11       1.518417066757e-12      -1.402001201405e-12       6.909840307066e-15       4.432581781388e-16       8.967667690121e-17      -1.785582174125e-17 
 1916       3.285019557101e-11       1.519175376253e-12      -1.421670433015e-12       6.901428472932e-15       4.423210937044e-16       9.018020893319e-17      -1.787140067202e-17 
 1917       3.278124877201e-11       1.519808972318e-12      -1.441373192102e-12       6.893045310962e-15       4.413864475191e-16       9.067862940695e-17      -1.788450259700e-17 
 1918       3.271387021158e-11       1.520317106888e-12      -1.461099589894e-12       6.884691150376e-15       4.404542313737e-16       9.117178973694e-17      -1.789512443056e-17 
 1919       3.264805733806e-11       1.520699029996e-12      -1.480839696305e-12       6.876366321312e-15       4.395244369842e-16       9.165954077398e-17      -1.790326309847e-17 
 1920       3.258380757258e-11       1.520953989774e-12      -1.500583539872e-12       6.868071154826e-15       4.385970559914e-16       9.214173280452e-17      -1.790891553797e-17 
 1921       3.252111830904e-11       1.521081232443e-12      -1.520321107708e-12       6.859805982892e-15       4.376720799614e-16       9.261821554999e-17      -1.791207869780e-17 
 1922       3.245998691404e-11       1.521080002319e-12      -1.540042345444e-12       6.851571138401e-15       4.367495003848e-16       9.308883816602e-17      -1.791274953821e-17 
 1923       3.240041072683e-11       1.520949541809e-12      -1.559737157180e-12       6.843366955167e-15       4.358293086770e-16       9.355344924178e-17      -1.791092503098e-17 
 1924       3.234238705930e-11       1.520689091405e-12      -1.579395405424e-12       6.835193767924e-15       4.349114961782e-16       9.401189679926e-17      -1.790660215944e-17 
 1925       3.228591319591e-11       1.520297889686e-12      -1.599006911045e-12       6.827051912328e-15       4.339960541526e-16       9.446402829254e-17      -1.789977791854e-17 
 1926       3.223098639367e-11       1.519775173316e-12      -1.618561453215e-12       6.818941724957e-15       4.330829737891e-16       9.490969060710e-17      -1.789044931482e-17 
 1927       3.217760388206e-11       1.519120177041e-12      -1.638048769359e-12       6.810863543315e-15       4.321722462007e-16       9.534873005915e-17      -1.787861336647e-17 
 1928       3.212576286303e-11       1.518332133687e-12      -1.657458555096e-12       6.802817705829e-15       4.312638624246e-16       9.578099239482e-17      -1.786426710335e-17 
 1929       3.207546051094e-11       1.517410274156e-12      -1.676780464189e-12       6.794804551853e-15       4.303578134218e-16       9.620632278957e-17      -1.784740756698e-17 
 1930       3.202669397250e-11       1.516353827430e-12      -1.696004108491e-12       6.786824421669e-15       4.294540900773e-16       9.662456584738e-17      -1.782803181064e-17 
 1931       3.197945744346e-11       1.515162343153e-12      -1.715119797017e-12       6.778877579620e-15       4.285526838137e-16       9.703559821263e-17      -1.780614042167e-17 
 1932       3.193373337444e-11       1.513836662081e-12      -1.734120759389e-12       6.770963982894e-15       4.276535884382e-16       9.743942667716e-17      -1.778174811786e-17 
 1933       3.188950119838e-11       1.512377952984e-12      -1.753000939138e-12       6.763083510991e-15       4.267567983096e-16       9.783609081535e-17      -1.775487323144e-17 
 1934       3.184674024759e-11       1.510787390736e-12      -1.771754256074e-12       6.755236042428e-15       4.258623077250e-16       9.822563043945e-17      -1.772553419417e-17 
 1935       3.180542975365e-11       1.509066156320e-12      -1.790374606258e-12       6.747421454738e-15       4.249701109205e-16       9.860808559991e-17      -1.769374953750e-17 
 1936       3.176554884725e-11       1.507215436838e-12      -1.808855861968e-12       6.739639624466e-15       4.240802020703e-16       9.898349658574e-17      -1.765953789269e-17 
 1937       3.172707655807e-11       1.505236425519e-12      -1.827191871677e-12       6.731890427170e-15       4.231925752873e-16       9.935190392482e-17      -1.762291799092e-17 
 1938       3.168999181466e-11       1.503130321727e-12      -1.845376460015e-12       6.724173737417e-15       4.223072246224e-16       9.971334838427e-17      -1.758390866350e-17 
 1939       3.165427344424e-11       1.500898330971e-12      -1.863403427742e-12       6.716489428785e-15       4.214241440650e-16       1.000678709708e-16      -1.754252884195e-17 
 1940       3.161990017263e-11       1.498541664911e-12      -1.881266551720e-12       6.708837373858e-15       4.205433275421e-16       1.004155129309e-16      -1.749879755814e-17 
 1941       3.158685062409e-11       1.496061541370e-12      -1.898959584878e-12       6.701217444226e-15       4.196647689192e-16       1.007563157516e-16      -1.745273394447e-17 
 1942       3.155510332117e-11       1.493459184338e-12      -1.916476256188e-12       6.693629510483e-15       4.187884619994e-16       1.010903211601e-16      -1.740435723397e-17 
 1943       3.152463668458e-11       1.490735823984e-12      -1.933810270629e-12       6.686073442228e-15       4.179144005235e-16       1.014175711250e-16      -1.735368676046e-17 
 1944       3.149542903307e-11       1.487892696661e-12      -1.950955309163e-12       6.678549108057e-15       4.170425781701e-16       1.017381078557e-16      -1.730074195866e-17 
 1945       3.146745858326e-11       1.484931044920e-12      -1.967905028699e-12       6.671056375570e-15       4.161729885554e-16       1.020519738036e-16      -1.724554236438e-17 
 1946       3.144070344953e-11       1.481852117512e-12      -1.984653062068e-12       6.663595111364e-15       4.153056252332e-16       1.023592116619e-16      -1.718810761461e-17 
 1947       3.141514164389e-11       1.478657169399e-12      -2.001193017989e-12       6.656165181031e-15       4.144404816943e-16       1.026598643659e-16      -1.712845744768e-17 
 1948       3.139075107581e-11       1.475347461766e-12      -2.017518481042e-12       6.648766449160e-15       4.135775513672e-16       1.029539750939e-16      -1.706661170340e-17 
 1949       3.136750955210e-11       1.471924262023e-12      -2.033623011636e-12       6.641398779333e-15       4.127168276172e-16       1.032415872668e-16      -1.700259032319e-17 
 1950       3.134539477679e-11       1.468388843818e-12      -2.049500145981e-12       6.634062034124e-15       4.118583037471e-16       1.035227445492e-16      -1.693641335023e-17 
 1951       3.132438435097e-11       1.464742487044e-12      -2.065143396054e-12       6.626756075099e-15       4.110019729963e-16       1.037974908490e-16      -1.686810092958e-17 
 1952       3.130445577266e-11       1.460986477847e-12      -2.080546249574e-12       6.619480762811e-15       4.101478285413e-16       1.040658703182e-16      -1.679767330833e-17 
 1953       3.128558643667e-11       1.457122108635e-12      -2.095702169969e-12       6.612235956801e-15       4.092958634953e-16       1.043279273533e-16      -1.672515083577e-17 
 1954       3.126775363446e-11       1.453150678086e-12      -2.110604596347e-12       6.605021515598e-15       4.084460709082e-16       1.045837065952e-16      -1.665055396347e-17 
 1955       3.125093455403e-11       1.449073491159e-12      -2.125246943463e-12       6.597837296714e-15       4.075984437665e-16       1.048332529301e-16      -1.657390324544e-17 
 1956       3.123510627976e-11       1.444891859096e-12      -2.139622601696e-12       6.590683156644e-15       4.067529749932e-16       1.050766114893e-16      -1.649521933830e-17 
 1957       3.122024579224e-11       1.440607099438e-12      -2.153724937010e-12       6.583558950864e-15       4.059096574477e-16       1.053138276499e-16      -1.641452300139e-17 
 1958       3.120632996823e-11       1.436220536028e-12      -2.167547290931e-12       6.576464533831e-15       4.050684839256e-16       1.055449470350e-16      -1.633183509689e-17 
 1959       3.119333558040e-11       1.431733499024e-12      -2.181082980513e-12       6.569399758980e-15       4.042294471587e-16       1.057700155142e-16      -1.624717659002e-17 
 1960       3.118123929730e-11       1.427147324902e-12      -2.194325298311e-12       6.562364478724e-15       4.033925398149e-16       1.059890792037e-16      -1.616056854911e-17 
 1961       3.117001768315e-11       1.422463356468e-12      -2.207267512348e-12       6.555358544448e-15       4.025577544982e-16       1.062021844667e-16      -1.607203214577e-17 
 1962       3.115964719775e-11       1.417682942867e-12      -2.219902866088e-12       6.548381806516e-15       4.017250837484e-16       1.064093779139e-16      -1.598158865506e-17 
 1963       3.115010419631e-11       1.412807439589e-12      -2.232224578401e-12       6.541434114259e-15       4.008945200410e-16       1.066107064037e-16      -1.588925945556e-17 
 1964       3.114136492934e-11       1.407838208479e-12      -2.244225843539e-12       6.534515315983e-15       4.000660557873e-16       1.068062170427e-16      -1.579506602957e-17 
 1965       3.113340554249e-11       1.402776617743e-12      -2.255899831102e-12       6.527625258961e-15       3.992396833342e-16       1.069959571855e-16      -1.569902996321e-17 
 1966       3.112620207642e-11       1.397624041963e-12      -2.267239686011e-12       6.520763789435e-15       3.984153949640e-16       1.071799744360e-16      -1.560117294658e-17 
 1967       3.111973046668e-11       1.392381862096e-12      -2.278238528474e-12       6.513930752612e-15       3.975931828945e-16       1.073583166469e-16      -1.550151677389e-17 
 1968       3.111396654354e-11       1.387051465490e-12      -2.288889453959e-12       6.507125992666e-15       3.967730392787e-16       1.075310319203e-16      -1.540008334361e-17 
 1969       3.110888603190e-11       1.381634245888e-12      -2.299185533162e-12       6.500349352730e-15       3.959549562049e-16       1.076981686083e-16      -1.529689465858e-17 
 1970       3.110446452563e-11       1.376131713208e-12      -2.309120896783e-12       6.493600635621e-15       3.951389262427e-16       1.078597600645e-16      -1.519197591133e-17 
 1971       3.110067741090e-11       1.370545823746e-12      -2.318693998707e-12       6.486879485664e-15       3.943249440872e-16       1.080157787768e-16      -1.508536476465e-17 
 1972       3.109749994203e-11       1.364878652439e-12      -2.327904377006e-12       6.480185505981e-15       3.935130049269e-16       1.081661818944e-16      -1.497710214021e-17 
 1973       3.109490726675e-11       1.359132283336e-12      -2.336751571339e-12       6.473518297696e-15       3.927031038985e-16       1.083109264456e-16      -1.486722913996e-17 
 1974       3.109287442611e-11       1.353308809607e-12      -2.345235122957e-12       6.466877459925e-15       3.918952360867e-16       1.084499693378e-16      -1.475578704631e-17 
 1975       3.109137635431e-11       1.347410333556e-12      -2.353354574706e-12       6.460262589779e-15       3.910893965241e-16       1.085832673566e-16      -1.464281732238e-17 
 1976       3.109038787858e-11       1.341438966630e-12      -2.361109471027e-12       6.453673282358e-15       3.902855801914e-16       1.087107771666e-16      -1.452836161228e-17 
 1977       3.108988371902e-11       1.335396829434e-12      -2.368499357965e-12       6.447109130750e-15       3.894837820169e-16       1.088324553104e-16      -1.441246174127e-17 
 1978       3.108983848848e-11       1.329286051743e-12      -2.375523783172e-12       6.440569726026e-15       3.886839968766e-16       1.089482582094e-16      -1.429515971603e-17 
 1979       3.109022669240e-11       1.323108772511e-12      -2.382182295904e-12       6.434054657240e-15       3.878862195943e-16       1.090581421626e-16      -1.417649772490e-17 
 1980       3.109102272872e-11       1.316867139886e-12      -2.388474447033e-12       6.427563511427e-15       3.870904449413e-16       1.091620633475e-16      -1.405651813813e-17 
 1981       3.109220088769e-11       1.310563311217e-12      -2.394399789044e-12       6.421095873594e-15       3.862966676362e-16       1.092599778192e-16      -1.393526350806e-17 
 1982       3.109373535174e-11       1.304199453073e-12      -2.399957876043e-12       6.414651326727e-15       3.855048823453e-16       1.093518415108e-16      -1.381277656939e-17 
 1983       3.109560019540e-11       1.297777741248e-12      -2.405148263756e-12       6.408229451777e-15       3.847150836820e-16       1.094376102328e-16      -1.368910023943e-17 
 1984       3.109776938507e-11       1.291300360778e-12      -2.409970509539e-12       6.401829827669e-15       3.839272662069e-16       1.095172396734e-16      -1.356427761829e-17 
 1985       3.110021677896e-11       1.284769505947e-12      -2.414424172374e-12       6.395452031288e-15       3.831414244278e-16       1.095906853981e-16      -1.343835198915e-17 
 1986       3.110291612692e-11       1.278187380307e-12      -2.418508812877e-12       6.389095637486e-15       3.823575527996e-16       1.096579028496e-16      -1.331136681849e-17 
 1987       3.110584107028e-11       1.271556196681e-12      -2.422223993302e-12       6.382760219074e-15       3.815756457240e-16       1.097188473478e-16      -1.318336575630e-17 
 1988       3.110896514177e-11       1.264878177180e-12      -2.425569277540e-12       6.376445346817e-15       3.807956975499e-16       1.097734740895e-16      -1.305439263633e-17 
 1989       3.111226176533e-11       1.258155553216e-12      -2.428544231129e-12       6.370150589439e-15       3.800177025728e-16       1.098217381485e-16      -1.292449147635e-17 
 1990       3.111570425600e-11       1.251390565508e-12      -2.431148421251e-12       6.363875513613e-15       3.792416550348e-16       1.098635944752e-16      -1.279370647832e-17 
 1991       3.111926581976e-11       1.244585464100e-12      -2.433381416741e-12       6.357619683962e-15       3.784675491250e-16       1.098989978965e-16      -1.266208202870e-17 
 1992       3.112291955342e-11       1.237742508370e-12      -2.435242788087e-12       6.351382663055e-15       3.776953789788e-16       1.099279031160e-16      -1.252966269862e-17 
 1993       3.112663844447e-11       1.230863967041e-12      -2.436732107434e-12       6.345164011404e-15       3.769251386780e-16       1.099502647134e-16      -1.239649324414e-17 
 1994       3.113039537093e-11       1.223952118193e-12      -2.437848948587e-12       6.338963287463e-15       3.761568222512e-16       1.099660371447e-16      -1.226261860651e-17 
 1995       3.113416310122e-11       1.217009249278e-12      -2.438592887019e-12       6.332780047623e-15       3.753904236728e-16       1.099751747421e-16      -1.212808391235e-17 
 1996       3.113791429404e-11       1.210037657129e-12      -2.438963499867e-12       6.326613846210e-15       3.746259368639e-16       1.099776317135e-16      -1.199293447394e-17 
 1997       3.114162149820e-11       1.203039647970e-12      -2.438960365943e-12       6.320464235485e-15       3.738633556913e-16       1.099733621427e-16      -1.185721578941e-17 
 1998       3.114525715253e-11       1.196017537433e-12      -2.438583065731e-12       6.314330765635e-15       3.731026739683e-16       1.099623199892e-16      -1.172097354298e-17 
 1999       3.114879358567e-11       1.188973650565e-12      -2.437831181395e-12       6.308212984778e-15       3.723438854540e-16       1.099444590881e-16      -1.158425360523e-17 
 2000       3.115220301600e-11       1.181910321842e-12      -2.436704296781e-12       6.302110438953e-15       3.715869838532e-16       1.099197331496e-16      -1.144710203330e-17 
 2001       3.115545755148e-11       1.174829895182e-12      -2.435201997419e-12       6.296022672124e-15       3.708319628168e-16       1.098880957597e-16      -1.130956507112e-17 
 2002       3.115852918949e-11       1.167734723953e-12      -2.433323870531e-12       6.289949226171e-15       3.700788159413e-16       1.098495003791e-16      -1.117168914969e-17 
 2003       3.116138981672e-11       1.160627170990e-12      -2.431069505027e-12       6.283889640891e-15       3.693275367690e-16       1.098039003438e-16      -1.103352088725e-17 
 2004       3.116401120903e-11       1.153509608601e-12      -2.428438491517e-12       6.277843453996e-15       3.685781187876e-16       1.097512488644e-16      -1.089510708955e-17 
 2005       3.116636503130e-11       1.146384418584e-12      -2.425430422309e-12       6.271810201106e-15       3.678305554303e-16       1.096914990266e-16      -1.075649475009e-17 
 2006       3.116842283730e-11       1.139253992235e-12      -2.422044891413e-12       6.265789415751e-15       3.670848400758e-16       1.096246037905e-16      -1.061773105035e-17 
 2007       3.117015606953e-11       1.132120730364e-12      -2.418281494546e-12       6.259780629366e-15       3.663409660481e-16       1.095505159907e-16      -1.047886335999e-17 
 2008       3.117153605914e-11       1.124987043301e-12      -2.414139829136e-12       6.253783371287e-15       3.655989266164e-16       1.094691883363e-16      -1.033993923715e-17 
 2009       3.117253637562e-11       1.117855230886e-12      -2.409620288505e-12       6.247797180360e-15       3.648587154731e-16       1.093805992558e-16      -1.020100282522e-17 
 2010       3.117313989513e-11       1.110727121437e-12      -2.404726450753e-12       6.241821639857e-15       3.641203281720e-16       1.092848306387e-16      -1.006208401424e-17 
 2011       3.117333178340e-11       1.103604430174e-12      -2.399462707284e-12       6.235856342809e-15       3.633837607003e-16       1.091819906602e-16      -9.923209201032e-18 
 2012       3.117309715049e-11       1.096488879014e-12      -2.393833470238e-12       6.229900880414e-15       3.626490090017e-16       1.090721879880e-16      -9.784404885560e-18 
 2013       3.117242105069e-11       1.089382196579e-12      -2.387843172512e-12       6.223954842038e-15       3.619160689760e-16       1.089555317826e-16      -9.645697671038e-18 
 2014       3.117128848245e-11       1.082286118207e-12      -2.381496267788e-12       6.218017815213e-15       3.611849364794e-16       1.088321316985e-16      -9.507114264073e-18 
 2015       3.116968438831e-11       1.075202385958e-12      -2.374797230562e-12       6.212089385630e-15       3.604556073242e-16       1.087020978843e-16      -9.368681474788e-18 
 2016       3.116759365488e-11       1.068132748622e-12      -2.367750556173e-12       6.206169137144e-15       3.597280772787e-16       1.085655409837e-16      -9.230426216947e-18 
 2017       3.116500111269e-11       1.061078961730e-12      -2.360360760822e-12       6.200256651764e-15       3.590023420672e-16       1.084225721361e-16      -9.092375508085e-18 
 2018       3.116189153620e-11       1.054042787558e-12      -2.352632381611e-12       6.194351509655e-15       3.582783973702e-16       1.082733029768e-16      -8.954556469632e-18 
 2019       3.115824964368e-11       1.047025995139e-12      -2.344569976557e-12       6.188453289135e-15       3.575562388236e-16       1.081178456384e-16      -8.816996327043e-18 
 2020       3.115406009716e-11       1.040030360268e-12      -2.336178124631e-12       6.182561566673e-15       3.568358620196e-16       1.079563127507e-16      -8.679722409921e-18 
 2021       3.114930750239e-11       1.033057665515e-12      -2.327461425776e-12       6.176675916884e-15       3.561172625058e-16       1.077888174419e-16      -8.542762152150e-18 
 2022       3.114397640870e-11       1.026109700228e-12      -2.318424500941e-12       6.170795912529e-15       3.554004357856e-16       1.076154733388e-16      -8.406143092015e-18 
 2023       3.113805130902e-11       1.019188260544e-12      -2.309071992103e-12       6.164921124514e-15       3.546853773181e-16       1.074363945677e-16      -8.269892872334e-18 
 2024       3.113151663974e-11       1.012295149396e-12      -2.299408562296e-12       6.159051121882e-15       3.539720825176e-16       1.072516957551e-16      -8.134039240585e-18 
 2025       3.112435678068e-11       1.005432176525e-12      -2.289438895639e-12       6.153185471819e-15       3.532605467542e-16       1.070614920279e-16      -7.998610049028e-18 
 2026       3.111655605502e-11       9.986011584811e-13      -2.279167697362e-12       6.147323739642e-15       3.525507653533e-16       1.068658990147e-16      -7.863633254839e-18 
 2027       3.110809872922e-11       9.918039186392e-13      -2.268599693833e-12       6.141465488805e-15       3.518427335956e-16       1.066650328459e-16      -7.729136920231e-18 
 2028       3.109896901296e-11       9.850422872026e-13      -2.257739632586e-12       6.135610280892e-15       3.511364467170e-16       1.064590101544e-16      -7.595149212586e-18 
 2029       3.108915105906e-11       9.783181012128e-13      -2.246592282348e-12       6.129757675614e-15       3.504318999086e-16       1.062479480765e-16      -7.461698404576e-18 
 2030       3.107862896343e-11       9.716332045576e-13      -2.235162433063e-12       6.123907230812e-15       3.497290883167e-16       1.060319642525e-16      -7.328812874298e-18 
 2031       3.106738676499e-11       9.649894479794e-13      -2.223454895926e-12       6.118058502448e-15       3.490280070427e-16       1.058111768270e-16      -7.196521105392e-18 
 2032       3.105540844562e-11       9.583886890833e-13      -2.211474503401e-12       6.112211044606e-15       3.483286511429e-16       1.055857044499e-16      -7.064851687176e-18 
 2033       3.104267793006e-11       9.518327923455e-13      -2.199226109258e-12       6.106364409490e-15       3.476310156284e-16       1.053556662769e-16      -6.933833314767e-18 
 2034       3.102917908587e-11       9.453236291215e-13      -2.186714588590e-12       6.100518147421e-15       3.469350954653e-16       1.051211819701e-16      -6.803494789214e-18 
 2035       3.101489572333e-11       9.388630776541e-13      -2.173944837848e-12       6.094671806832e-15       3.462408855746e-16       1.048823716986e-16      -6.673865017617e-18 
 2036       3.099981159544e-11       9.324530230823e-13      -2.160921774865e-12       6.088824934270e-15       3.455483808316e-16       1.046393561393e-16      -6.544973013262e-18 
 2037       3.098391039776e-11       9.260953574488e-13      -2.147650338884e-12       6.082977074392e-15       3.448575760667e-16       1.043922564776e-16      -6.416847895744e-18 
 2038       3.096717576841e-11       9.197919797087e-13      -2.134135490581e-12       6.077127769961e-15       3.441684660645e-16       1.041411944076e-16      -6.289518891094e-18 
 2039       3.094959128799e-11       9.135447957375e-13      -2.120382212100e-12       6.071276561845e-15       3.434810455645e-16       1.038862921332e-16      -6.163015331906e-18 
 2040       3.093114047948e-11       9.073557183397e-13      -2.106395507072e-12       6.065422989015e-15       3.427953092602e-16       1.036276723686e-16      -6.037366657466e-18 
 2041       3.091180680820e-11       9.012266672567e-13      -2.092180400648e-12       6.059566588541e-15       3.421112517998e-16       1.033654583387e-16      -5.912602413876e-18 
 2042       3.089157368176e-11       8.951595691752e-13      -2.077741939522e-12       6.053706895591e-15       3.414288677856e-16       1.030997737802e-16      -5.788752254185e-18 
 2043       3.087042444993e-11       8.891563577355e-13      -2.063085191961e-12       6.047843443429e-15       3.407481517743e-16       1.028307429417e-16      -5.665845938512e-18 
 2044       3.084834240465e-11       8.832189735395e-13      -2.048215247831e-12       6.041975763410e-15       3.400690982766e-16       1.025584905848e-16      -5.543913334173e-18 
 2045       3.082531077989e-11       8.773493641592e-13      -2.033137218623e-12       6.036103384982e-15       3.393917017575e-16       1.022831419846e-16      -5.422984415814e-18 
 2046       3.080131275165e-11       8.715494841452e-13      -2.017856237482e-12       6.030225835680e-15       3.387159566357e-16       1.020048229300e-16      -5.303089265529e-18 
 2047       3.077633143781e-11       8.658212950341e-13      -2.002377459234e-12       6.024342641123e-15       3.380418572842e-16       1.017236597248e-16      -5.184258072995e-18 
 2048       3.075035292034e-11       8.601665219525e-13      -1.986706197224e-12       6.018453371932e-15       3.373693983357e-16       1.014397544716e-16      -5.066513007013e-18 
 2049       3.072337533524e-11       8.545859215079e-13      -1.970848334856e-12       6.012557784848e-15       3.366985756033e-16       1.011531107288e-16      -4.949843766384e-18 
 2050       3.069539984741e-11       8.490800086813e-13      -1.954809917049e-12       6.006655682613e-15       3.360293851663e-16       1.008637073235e-16      -4.834231854546e-18 
 2051       3.066642763434e-11       8.436492997587e-13      -1.938597013724e-12       6.000746867150e-15       3.353618230651e-16       1.005715230196e-16      -4.719658692188e-18 
 2052       3.063645988616e-11       8.382943123325e-13      -1.922215719833e-12       5.994831139555e-15       3.346958853006e-16       1.002765365182e-16      -4.606105617140e-18 
 2053       3.060549780564e-11       8.330155653026e-13      -1.905672155390e-12       5.988908300102e-15       3.340315678348e-16       9.997872645697e-17      -4.493553884270e-18 
 2054       3.057354260821e-11       8.278135788776e-13      -1.888972465503e-12       5.982978148240e-15       3.333688665901e-16       9.967807141054e-17      -4.381984665378e-18 
 2055       3.054059552199e-11       8.226888745764e-13      -1.872122820407e-12       5.977040482590e-15       3.327077774496e-16       9.937454989016e-17      -4.271379049093e-18 
 2056       3.050665778780e-11       8.176419752292e-13      -1.855129415489e-12       5.971095100944e-15       3.320482962572e-16       9.906814034374e-17      -4.161718040762e-18 
 2057       3.047173065917e-11       8.126734049792e-13      -1.837998471326e-12       5.965141800268e-15       3.313904188169e-16       9.875882115575e-17      -4.052982562351e-18 
 2058       3.043581540239e-11       8.077836892833e-13      -1.820736233709e-12       5.959180376698e-15       3.307341408935e-16       9.844657064714e-17      -3.945153452335e-18 
 2059       3.039891329649e-11       8.029733549138e-13      -1.803348973682e-12       5.953210625537e-15       3.300794582120e-16       9.813136707530e-17      -3.838211465594e-18 
 2060       3.036102563327e-11       7.982429299595e-13      -1.785842987565e-12       5.947232341257e-15       3.294263664579e-16       9.781318863397e-17      -3.732137273308e-18 
 2061       3.032215371735e-11       7.935929438274e-13      -1.768224596991e-12       5.941245317500e-15       3.287748612768e-16       9.749201345318e-17      -3.626911462853e-18 
 2062       3.028229886613e-11       7.890239272432e-13      -1.750500148934e-12       5.935249347069e-15       3.281249382746e-16       9.716781959917e-17      -3.522514537690e-18 
 2063       3.024146240986e-11       7.845364122534e-13      -1.732676015742e-12       5.929244221935e-15       3.274765930173e-16       9.684058507433e-17      -3.418926917266e-18 
 2064       3.019964569165e-11       7.801309322261e-13      -1.714758595163e-12       5.923229733234e-15       3.268298210311e-16       9.651028781713e-17      -3.316128936906e-18 
 2065       3.015685006745e-11       7.758080218525e-13      -1.696754310385e-12       5.917205671261e-15       3.261846178021e-16       9.617690570204e-17      -3.214100847707e-18 
 2066       3.011307690611e-11       7.715682171481e-13      -1.678669610057e-12       5.911171825478e-15       3.255409787765e-16       9.584041653946e-17      -3.112822816431e-18 
 2067       3.006832758939e-11       7.674120554540e-13      -1.660510968328e-12       5.905127984503e-15       3.248988993603e-16       9.550079807568e-17      -3.012274925405e-18 
 2068       3.002260351198e-11       7.633400754382e-13      -1.642284884874e-12       5.899073936116e-15       3.242583749194e-16       9.515802799276e-17      -2.912437172410e-18 
 2069       2.997590608148e-11       7.593528170969e-13      -1.623997884928e-12       5.893009467256e-15       3.236194007795e-16       9.481208390851e-17      -2.813289470578e-18 
 2070       2.992823671849e-11       7.554508217558e-13      -1.605656519316e-12       5.886934364019e-15       3.229819722261e-16       9.446294337639e-17      -2.714811648287e-18 
 2071       2.987959685657e-11       7.516346320713e-13      -1.587267364482e-12       5.880848411657e-15       3.223460845043e-16       9.411058388544e-17      -2.616983449054e-18 
 2072       2.982998794227e-11       7.479047920320e-13      -1.568837022522e-12       5.874751394579e-15       3.217117328188e-16       9.375498286023e-17      -2.519784531431e-18 
 2073       2.977941143517e-11       7.442618469597e-13      -1.550372121217e-12       5.868643096346e-15       3.210789123339e-16       9.339611766078e-17      -2.423194468897e-18 
 2074       2.972786880789e-11       7.407063435109e-13      -1.531879314061e-12       5.862523299677e-15       3.204476181733e-16       9.303396558248e-17      -2.327192749758e-18 
 2075       2.967536154607e-11       7.372388296781e-13      -1.513365280290e-12       5.856391786437e-15       3.198178454204e-16       9.266850385604e-17      -2.231758777036e-18 
 2076       2.962189114847e-11       7.338598547910e-13      -1.494836724921e-12       5.850248337649e-15       3.191895891176e-16       9.229970964740e-17      -2.136871868365e-18 
 2077       2.956745912690e-11       7.305699695177e-13      -1.476300378772e-12       5.844092733480e-15       3.185628442670e-16       9.192756005767e-17      -2.042511255886e-18 
 2078       2.951206700630e-11       7.273697258662e-13      -1.457762998504e-12       5.837924753252e-15       3.179376058296e-16       9.155203212307e-17      -1.948656086145e-18 
 2079       2.945571632472e-11       7.242596771855e-13      -1.439231366645e-12       5.831744175431e-15       3.173138687259e-16       9.117310281484e-17      -1.855285419981e-18 
 2080       2.939840863339e-11       7.212403781672e-13      -1.420712291620e-12       5.825550777632e-15       3.166916278354e-16       9.079074903919e-17      -1.762378232424e-18 
 2081       2.934014549666e-11       7.183123848462e-13      -1.402212607790e-12       5.819344336615e-15       3.160708779966e-16       9.040494763722e-17      -1.669913412591e-18 
 2082       2.928092849210e-11       7.154762546026e-13      -1.383739175474e-12       5.813124628287e-15       3.154516140072e-16       9.001567538484e-17      -1.577869763578e-18 
 2083       2.922075921045e-11       7.127325461629e-13      -1.365298880986e-12       5.806891427696e-15       3.148338306238e-16       8.962290899273e-17      -1.486226002356e-18 
 2084       2.915963925570e-11       7.100818196007e-13      -1.346898636662e-12       5.800644509037e-15       3.142175225618e-16       8.922662510624e-17      -1.394960759665e-18 
 2085       2.909757024505e-11       7.075246363389e-13      -1.328545380895e-12       5.794383645642e-15       3.136026844955e-16       8.882680030533e-17      -1.304052579908e-18 
 2086       2.903455380898e-11       7.050615591501e-13      -1.310246078162e-12       5.788108609987e-15       3.129893110581e-16       8.842341110452e-17      -1.213479921047e-18 
 2087       2.897059355841e-11       7.026929360694e-13      -1.292007252172e-12       5.781819225624e-15       3.123773972004e-16       8.801645590608e-17      -1.123221146397e-18 
 2088       2.890570100130e-11       7.004182504707e-13      -1.273833581653e-12       5.775515523385e-15       3.117669392713e-16       8.760602102824e-17      -1.033254500160e-18 
 2089       2.883988966759e-11       6.982367664342e-13      -1.255729294778e-12       5.769197586273e-15       3.111579339449e-16       8.719221513997e-17      -9.435581315097e-19 
 2090       2.877317314589e-11       6.961477444174e-13      -1.237698635172e-12       5.762865497622e-15       3.105503778622e-16       8.677514735027e-17      -8.541101025694e-19 
 2091       2.870556508350e-11       6.941504412497e-13      -1.219745861933e-12       5.756519341102e-15       3.099442676309e-16       8.635492720870e-17      -7.648883883068e-19 
 2092       2.863707918655e-11       6.922441101284e-13      -1.201875249648e-12       5.750159200716e-15       3.093395998255e-16       8.593166470591e-17      -6.758708764280e-19 
 2093       2.856772922003e-11       6.904280006138e-13      -1.184091088414e-12       5.743785160800e-15       3.087363709870e-16       8.550547027418e-17      -5.870353672721e-19 
 2094       2.849752900785e-11       6.887013586246e-13      -1.166397683854e-12       5.737397306027e-15       3.081345776232e-16       8.507645478797e-17      -4.983595737053e-19 
 2095       2.842649243295e-11       6.870634264330e-13      -1.148799357132e-12       5.730995721402e-15       3.075342162084e-16       8.464472956442e-17      -4.098211210153e-19 
 2096       2.835463343738e-11       6.855134426605e-13      -1.131300444980e-12       5.724580492268e-15       3.069352831832e-16       8.421040636392e-17      -3.213975468060e-19 
 2097       2.828196602230e-11       6.840506422726e-13      -1.113905299708e-12       5.718151704303e-15       3.063377749552e-16       8.377359739061e-17      -2.330663008910e-19 
 2098       2.820850424814e-11       6.826742565749e-13      -1.096618289224e-12       5.711709443521e-15       3.057416878978e-16       8.333441529296e-17      -1.448047451889e-19 
 2099       2.813426223463e-11       6.813835132078e-13      -1.079443797056e-12       5.705253796272e-15       3.051470183512e-16       8.289297316426e-17      -5.659015361700e-20 
 2100       2.805925416087e-11       6.801776361422e-13      -1.062386222364e-12       5.698784849245e-15       3.045537626217e-16       8.244938454318e-17       3.160028801420e-20 
 2101       2.798349426541e-11       6.790558456746e-13      -1.045449979964e-12       5.692302689463e-15       3.039619169820e-16       8.200376341431e-17       1.197894821066e-19 
 2102       2.790699684632e-11       6.780173584227e-13      -1.028639500343e-12       5.685807404290e-15       3.033714776710e-16       8.155622420866e-17       2.080004193801e-19 
 2103       2.782977626127e-11       6.770613873205e-13      -1.011959229676e-12       5.679299081426e-15       3.027824408937e-16       8.110688180423e-17       2.962561789785e-19 
 2104       2.775184692761e-11       6.761871416138e-13      -9.954136298475e-13       5.672777808910e-15       3.021948028212e-16       8.065585152654e-17       3.845799285750e-19 
 2105       2.767322332241e-11       6.753938268554e-13      -9.790071784684e-13       5.666243675121e-15       3.016085595907e-16       8.020324914916e-17       4.729949244778e-19 
 2106       2.759391998257e-11       6.746806449007e-13      -9.627443688926e-13       5.659696768774e-15       3.010237073056e-16       7.974919089422e-17       5.615245117360e-19 
 2107       2.751395150487e-11       6.740467939027e-13      -9.466297102367e-13       5.653137178927e-15       3.004402420349e-16       7.929379343299e-17       6.501921242450e-19 
 2108       2.743333254605e-11       6.734914683074e-13      -9.306677273978e-13       5.646564994976e-15       2.998581598139e-16       7.883717388639e-17       7.390212848522e-19 
 2109       2.735207782288e-11       6.730138588496e-13      -9.148629610717e-13       5.639980306659e-15       2.992774566435e-16       7.837944982553e-17       8.280356054629e-19 
 2110       2.727020211224e-11       6.726131525474e-13      -8.992199677708e-13       5.633383204053e-15       2.986981284905e-16       7.792073927221e-17       9.172587871459e-19 
 2111       2.718772025118e-11       6.722885326984e-13      -8.837433198424e-13       5.626773777576e-15       2.981201712876e-16       7.746116069954e-17       1.006714620239e-18 
 2112       2.710464713701e-11       6.720391788745e-13      -8.684376054871e-13       5.620152117990e-15       2.975435809331e-16       7.700083303238e-17       1.096426984454e-18 
 2113       2.702099772734e-11       6.718642669173e-13      -8.533074287763e-13       5.613518316396e-15       2.969683532909e-16       7.653987564793e-17       1.186419848984e-18 
 2114       2.693678704021e-11       6.717629689337e-13      -8.383574096712e-13       5.606872464239e-15       2.963944841906e-16       7.607840837627e-17       1.276717272609e-18 
 2115       2.685203015410e-11       6.717344532911e-13      -8.235921840402e-13       5.600214653306e-15       2.958219694275e-16       7.561655150084e-17       1.367343403798e-18 
 2116       2.676674220804e-11       6.717778846124e-13      -8.090164036775e-13       5.593544975727e-15       2.952508047622e-16       7.515442575903e-17       1.458322480819e-18 
 2117       2.668093840168e-11       6.718924237719e-13      -7.946347363211e-13       5.586863523974e-15       2.946809859209e-16       7.469215234272e-17       1.549678831845e-18 
 2118       2.659463399534e-11       6.720772278905e-13      -7.804518656708e-13       5.580170390867e-15       2.941125085952e-16       7.422985289875e-17       1.641436875054e-18 
 2119       2.650784431011e-11       6.723314503306e-13      -7.664724914068e-13       5.573465669564e-15       2.935453684420e-16       7.376764952951e-17       1.733621118740e-18 
 2120       2.642058472792e-11       6.726542406920e-13      -7.527013292074e-13       5.566749453574e-15       2.929795610837e-16       7.330566479348e-17       1.826256161418e-18 
 2121       2.633287069159e-11       6.730447448069e-13      -7.391431107672e-13       5.560021836745e-15       2.924150821078e-16       7.284402170571e-17       1.919366691928e-18 
 2122       2.624471770492e-11       6.735021047354e-13      -7.258025838155e-13       5.553282913275e-15       2.918519270671e-16       7.238284373843e-17       2.012977489541e-18 
 2123       2.615614133275e-11       6.740254587608e-13      -7.126845121342e-13       5.546532777705e-15       2.912900914796e-16       7.192225482151e-17       2.107113424065e-18 
 2124       2.606715720106e-11       6.746139413848e-13      -6.997936755763e-13       5.539771524923e-15       2.907295708283e-16       7.146237934304e-17       2.201799455950e-18 
 2125       2.597778099703e-11       6.752666833230e-13      -6.871348700836e-13       5.532999250162e-15       2.901703605614e-16       7.100334214988e-17       2.297060636397e-18 
 2126       2.588802855582e-11       6.759827304938e-13      -6.747122002371e-13       5.526216078406e-15       2.896124563870e-16       7.054524326156e-17       2.392909694447e-18 
 2127       2.579791612163e-11       6.767608003844e-13      -6.625269515477e-13       5.519422252816e-15       2.890558551602e-16       7.008808182079e-17       2.489309704634e-18 
 2128       2.570746008860e-11       6.775995239980e-13      -6.505797035515e-13       5.512618046911e-15       2.885005540019e-16       6.963183162043e-17       2.586211162499e-18 
 2129       2.561667691429e-11       6.784975267009e-13      -6.388710359468e-13       5.505803735223e-15       2.879465500048e-16       6.917646634237e-17       2.683564374033e-18 
 2130       2.552558311984e-11       6.794534282161e-13      -6.274015285938e-13       5.498979593297e-15       2.873938402329e-16       6.872195955739e-17       2.781319455460e-18 
 2131       2.543419528993e-11       6.804658426159e-13      -6.161717615140e-13       5.492145897695e-15       2.868424217216e-16       6.826828472504e-17       2.879426333008e-18 
 2132       2.534253007296e-11       6.815333783158e-13      -6.051823148892e-13       5.485302925996e-15       2.862922914780e-16       6.781541519349e-17       2.977834742688e-18 
 2133       2.525060418104e-11       6.826546380671e-13      -5.944337690612e-13       5.478450956793e-15       2.857434464804e-16       6.736332419939e-17       3.076494230072e-18 
 2134       2.515843439012e-11       6.838282189505e-13      -5.839267045310e-13       5.471590269701e-15       2.851958836783e-16       6.691198486777e-17       3.175354150063e-18 
 2135       2.506603754005e-11       6.850527123688e-13      -5.736617019582e-13       5.464721145353e-15       2.846495999928e-16       6.646137021185e-17       3.274363666678e-18 
 2136       2.497343053465e-11       6.863267040409e-13      -5.636393421607e-13       5.457843865404e-15       2.841045923161e-16       6.601145313294e-17       3.373471752821e-18 
 2137       2.488063034179e-11       6.876487739939e-13      -5.538602061136e-13       5.450958712531e-15       2.835608575114e-16       6.556220642030e-17       3.472627190060e-18 
 2138       2.478765399344e-11       6.890174965574e-13      -5.443248749486e-13       5.444065970433e-15       2.830183924135e-16       6.511360275100e-17       3.571778568402e-18 
 2139       2.469451858580e-11       6.904314403558e-13      -5.350339299539e-13       5.437165923835e-15       2.824771938281e-16       6.466561468976e-17       3.670874286072e-18 
 2140       2.460124127932e-11       6.918891683020e-13      -5.259879525730e-13       5.430258858488e-15       2.819372585318e-16       6.421821468887e-17       3.769862549285e-18 
 2141       2.450783929881e-11       6.933892375904e-13      -5.171875244043e-13       5.423345061168e-15       2.813985832725e-16       6.377137508798e-17       3.868691372027e-18 
 2142       2.441432993350e-11       6.949301996903e-13      -5.086332272007e-13       5.416424819679e-15       2.808611647690e-16       6.332506811404e-17       3.967308575829e-18 
 2143       2.432073053711e-11       6.965106003387e-13      -5.003256428685e-13       5.409498422857e-15       2.803249997112e-16       6.287926588111e-17       4.065661789542e-18 
 2144       2.422705852794e-11       6.981289795337e-13      -4.922653534670e-13       5.402566160564e-15       2.797900847597e-16       6.243394039024e-17       4.163698449115e-18 
 2145       2.413333138893e-11       6.997838715280e-13      -4.844529412083e-13       5.395628323698e-15       2.792564165461e-16       6.198906352934e-17       4.261365797373e-18 
 2146       2.403956666775e-11       7.014738048215e-13      -4.768889884559e-13       5.388685204185e-15       2.787239916728e-16       6.154460707303e-17       4.358610883787e-18 
 2147       2.394578197687e-11       7.031973021549e-13      -4.695740777245e-13       5.381737094988e-15       2.781928067129e-16       6.110054268253e-17       4.455380564257e-18 
 2148       2.385199499361e-11       7.049528805027e-13      -4.625087916794e-13       5.374784290104e-15       2.776628582105e-16       6.065684190548e-17       4.551621500887e-18 
 2149       2.375822346028e-11       7.067390510665e-13      -4.556937131359e-13       5.367827084566e-15       2.771341426801e-16       6.021347617586e-17       4.647280161756e-18 
 2150       2.366448518416e-11       7.085543192682e-13      -4.491294250586e-13       5.360865774443e-15       2.766066566071e-16       5.977041681380e-17       4.742302820702e-18 
 2151       2.357079803767e-11       7.103971847431e-13      -4.428165105604e-13       5.353900656845e-15       2.760803964474e-16       5.932763502548e-17       4.836635557092e-18 
 2152       2.347717995837e-11       7.122661413330e-13      -4.367555529028e-13       5.346932029919e-15       2.755553586275e-16       5.888510190297e-17       4.930224255601e-18 
 2153       2.338364894911e-11       7.141596770798e-13      -4.309471354941e-13       5.339960192854e-15       2.750315395445e-16       5.844278842413e-17       5.023014605990e-18 
 2154       2.329022307801e-11       7.160762742181e-13      -4.253918418900e-13       5.332985445881e-15       2.745089355660e-16       5.800066545242e-17       5.114952102877e-18 
 2155       2.319692047862e-11       7.180144091689e-13      -4.200902557919e-13       5.326008090273e-15       2.739875430298e-16       5.755870373680e-17       5.205982045518e-18 
 2156       2.310375934996e-11       7.199725525325e-13      -4.150429610470e-13       5.319028428348e-15       2.734673582445e-16       5.711687391161e-17       5.296049537582e-18 
 2157       2.301075795659e-11       7.219491690818e-13      -4.102505416473e-13       5.312046763470e-15       2.729483774889e-16       5.667514649638e-17       5.385099486927e-18 
 2158       2.291793462869e-11       7.239427177555e-13      -4.057135817290e-13       5.305063400048e-15       2.724305970119e-16       5.623349189573e-17       5.473076605375e-18 
 2159       2.282530776215e-11       7.259516516511e-13      -4.014326655723e-13       5.298078643539e-15       2.719140130332e-16       5.579188039925e-17       5.559925408492e-18 
 2160       2.273289581861e-11       7.279744180184e-13      -3.974083776002e-13       5.291092800450e-15       2.713986217422e-16       5.535028218132e-17       5.645590215359e-18 
 2161       2.264071732559e-11       7.300094582525e-13      -3.936413023781e-13       5.284106178336e-15       2.708844192988e-16       5.490866730100e-17       5.730015148352e-18 
 2162       2.254879087650e-11       7.320552078870e-13      -3.901320246132e-13       5.277119085805e-15       2.703714018331e-16       5.446700570189e-17       5.813144132918e-18 
 2163       2.245713513076e-11       7.341100965872e-13      -3.868811291541e-13       5.270131832517e-15       2.698595654452e-16       5.402526721200e-17       5.894920897350e-18 
 2164       2.236576881387e-11       7.361725481433e-13      -3.838892009896e-13       5.263144729184e-15       2.693489062053e-16       5.358342154360e-17       5.975288972563e-18 
 2165       2.227470928944e-11       7.382410515668e-13      -3.811562914876e-13       5.256158082789e-15       2.688394204402e-16       5.314145823401e-17       6.054201917663e-18 
 2166       2.218396826460e-11       7.403143749187e-13      -3.786803131658e-13       5.249172182196e-15       2.683311055951e-16       5.269944661555e-17       6.131654072664e-18 
 2167       2.209355605571e-11       7.423913529136e-13      -3.764586340655e-13       5.242187312443e-15       2.678239593775e-16       5.225747625083e-17       6.207650013261e-18 
 2168       2.200348301380e-11       7.444708159427e-13      -3.744886105130e-13       5.235203759521e-15       2.673179794713e-16       5.181563702898e-17       6.282194343961e-18 
 2169       2.191375952460e-11       7.465515900687e-13      -3.727675871053e-13       5.228221810372e-15       2.668131635366e-16       5.137401916606e-17       6.355291698113e-18 
 2170       2.182439600856e-11       7.486324970213e-13      -3.712928966958e-13       5.221241752894e-15       2.663095092096e-16       5.093271320542e-17       6.426946737957e-18 
 2171       2.173540292092e-11       7.507123541915e-13      -3.700618603799e-13       5.214263875938e-15       2.658070141028e-16       5.049181001809e-17       6.497164154652e-18 
 2172       2.164679075173e-11       7.527899746271e-13      -3.690717874810e-13       5.207288469313e-15       2.653056758046e-16       5.005140080313e-17       6.565948668318e-18 
 2173       2.155857002589e-11       7.548641670276e-13      -3.683199755359e-13       5.200315823782e-15       2.648054918799e-16       4.961157708801e-17       6.633305028077e-18 
 2174       2.147075130319e-11       7.569337357390e-13      -3.678037102808e-13       5.193346231071e-15       2.643064598693e-16       4.917243072899e-17       6.699238012084e-18 
 2175       2.138334517835e-11       7.589974807492e-13      -3.675202656369e-13       5.186379983860e-15       2.638085772896e-16       4.873405391151e-17       6.763752427570e-18 
 2176       2.129636228108e-11       7.610541976827e-13      -3.674669036959e-13       5.179417375791e-15       2.633118416336e-16       4.829653915052e-17       6.826853110880e-18 
 2177       2.120981327605e-11       7.631026777958e-13      -3.676408747061e-13       5.172458701469e-15       2.628162503700e-16       4.785997929092e-17       6.888544927508e-18 
 2178       2.112370886302e-11       7.651417079713e-13      -3.680394170579e-13       5.165504256459e-15       2.623218009434e-16       4.742446750785e-17       6.948832772138e-18 
 2179       2.103805977680e-11       7.671700707140e-13      -3.686597572695e-13       5.158554337290e-15       2.618284907744e-16       4.699009730714e-17       7.007721568678e-18 
 2180       2.095287678734e-11       7.691865441451e-13      -3.694991099728e-13       5.151609241456e-15       2.613363172594e-16       4.655696252564e-17       7.065216270302e-18 
 2181       2.086817069975e-11       7.711899019980e-13      -3.705546778988e-13       5.144669267414e-15       2.608452777707e-16       4.612515733163e-17       7.121321859487e-18 
 2182       2.078395235434e-11       7.731789136123e-13      -3.718236518636e-13       5.137734714590e-15       2.603553696562e-16       4.569477622514e-17       7.176043348049e-18 
 2183       2.070023262663e-11       7.751523439298e-13      -3.733032107542e-13       5.130805883376e-15       2.598665902397e-16       4.526591403838e-17       7.229385777183e-18 
 2184       2.061702242746e-11       7.771089534889e-13      -3.749905215136e-13       5.123883075132e-15       2.593789368207e-16       4.483866593607e-17       7.281354217499e-18 
 2185       2.053433270294e-11       7.790474984197e-13      -3.768827391275e-13       5.116966592190e-15       2.588924066744e-16       4.441312741585e-17       7.331953769063e-18 
 2186       2.045217443457e-11       7.809667304392e-13      -3.789770066090e-13       5.110056737850e-15       2.584069970516e-16       4.398939430864e-17       7.381189561430e-18 
 2187       2.037055863921e-11       7.828653968462e-13      -3.812704549850e-13       5.103153816384e-15       2.579227051787e-16       4.356756277899e-17       7.429066753688e-18 
 2188       2.028949636917e-11       7.847422405162e-13      -3.837602032818e-13       5.096258133038e-15       2.574395282578e-16       4.314772932551e-17       7.475590534491e-18 
 2189       2.020899871222e-11       7.865959998966e-13      -3.864433585106e-13       5.089369994029e-15       2.569574634665e-16       4.272999078119e-17       7.520766122099e-18 
 2190       2.012907679163e-11       7.884254090016e-13      -3.893170156533e-13       5.082489706551e-15       2.564765079577e-16       4.231444431378e-17       7.564598764417e-18 
 2191       2.004974176623e-11       7.902291974072e-13      -3.923782576484e-13       5.075617578774e-15       2.559966588602e-16       4.190118742621e-17       7.607093739030e-18 
 2192       1.997100483042e-11       7.920060902462e-13      -3.956241553765e-13       5.068753919842e-15       2.555179132778e-16       4.149031795692e-17       7.648256353243e-18 
 2193       1.989287721421e-11       7.937548082034e-13      -3.990517676460e-13       5.061899039879e-15       2.550402682900e-16       4.108193408024e-17       7.688091944120e-18 
 2194       1.981537018331e-11       7.954740675103e-13      -4.026581411792e-13       5.055053249987e-15       2.545637209516e-16       4.067613430677e-17       7.726605878518e-18 
 2195       1.973849503909e-11       7.971625799404e-13      -4.064403105973e-13       5.048216862249e-15       2.540882682926e-16       4.027301748376e-17       7.763803553130e-18 
 2196       1.966226311867e-11       7.988190528039e-13      -4.103952984070e-13       5.041390189728e-15       2.536139073186e-16       3.987268279550e-17       7.799690394518e-18 
 2197       1.958668579495e-11       8.004421889430e-13      -4.145201149854e-13       5.034573546468e-15       2.531406350102e-16       3.947522976362e-17       7.834271859155e-18 
 2198       1.951177447663e-11       8.020306867267e-13      -4.188117585662e-13       5.027767247498e-15       2.526684483233e-16       3.908075824758e-17       7.867553433460e-18 
 2199       1.943754060828e-11       8.035832400462e-13      -4.232672152255e-13       5.020971608829e-15       2.521973441891e-16       3.868936844494e-17       7.899540633837e-18 
 2200       1.936399567035e-11       8.050985383091e-13      -4.278834588670e-13       5.014186947459e-15       2.517273195138e-16       3.830116089178e-17       7.930239006715e-18 
 2201       1.929115117922e-11       8.065752664354e-13      -4.326574512083e-13       5.007413581370e-15       2.512583711790e-16       3.791623646308e-17       7.959654128583e-18 
 2202       1.921901868723e-11       8.080121048517e-13      -4.375861417660e-13       5.000651829533e-15       2.507904960410e-16       3.753469637308e-17       7.987791606027e-18 
 2203       1.914760978274e-11       8.094077294867e-13      -4.426664678422e-13       4.993902011905e-15       2.503236909316e-16       3.715664217566e-17       8.014657075773e-18 
 2204       1.907693420822e-11       8.107609684780e-13      -4.478952360336e-13       4.987164419178e-15       2.498579527813e-16       3.678214462784e-17       8.040255897394e-18 
 2205       1.900699420079e-11       8.120712734414e-13      -4.532687659305e-13       4.980439221780e-15       2.493932789930e-16       3.641115005352e-17       8.064592229147e-18 
 2206       1.893779011419e-11       8.133382513219e-13      -4.587832440227e-13       4.973726560270e-15       2.489296670711e-16       3.604357335852e-17       8.087669946073e-18 
 2207       1.886932229726e-11       8.145615079647e-13      -4.644348419440e-13       4.967026575540e-15       2.484671144976e-16       3.567932911064e-17       8.109492946799e-18 
 2208       1.880159109392e-11       8.157406481147e-13      -4.702197164543e-13       4.960339408813e-15       2.480056187319e-16       3.531833153919e-17       8.130065153568e-18 
 2209       1.873459684322e-11       8.168752754143e-13      -4.761340094229e-13       4.953665201645e-15       2.475451772112e-16       3.496049453465e-17       8.149390512267e-18 
 2210       1.866833987926e-11       8.179649924034e-13      -4.821738478108e-13       4.947004095927e-15       2.470857873503e-16       3.460573164825e-17       8.167472992460e-18 
 2211       1.860282053124e-11       8.190094005176e-13      -4.883353436541e-13       4.940356233882e-15       2.466274465412e-16       3.425395609158e-17       8.184316587418e-18 
 2212       1.853803912341e-11       8.200081000871e-13      -4.946145940462e-13       4.933721758066e-15       2.461701521537e-16       3.390508073620e-17       8.199925314147e-18 
 2213       1.847399597511e-11       8.209606903359e-13      -5.010076811211e-13       4.927100811370e-15       2.457139015347e-16       3.355901811324e-17       8.214303213421e-18 
 2214       1.841069140070e-11       8.218667693805e-13      -5.075106720356e-13       4.920493537020e-15       2.452586920089e-16       3.321568041301e-17       8.227454349810e-18 
 2215       1.834812570960e-11       8.227259342286e-13      -5.141196189529e-13       4.913900078576e-15       2.448045208780e-16       3.287497948460e-17       8.239382811714e-18 
 2216       1.828629920627e-11       8.235377807785e-13      -5.208305590245e-13       4.907320579933e-15       2.443513854213e-16       3.253682683550e-17       8.250092711389e-18 
 2217       1.822521219018e-11       8.243019038172e-13      -5.276395143736e-13       4.900755185319e-15       2.438992828954e-16       3.220113363117e-17       8.259588184979e-18 
 2218       1.816486495585e-11       8.250178970202e-13      -5.345424920777e-13       4.894204039302e-15       2.434482105340e-16       3.186781069468e-17       8.267873392549e-18 
 2219       1.810525779279e-11       8.256853529494e-13      -5.415354841516e-13       4.887667286782e-15       2.429981655482e-16       3.153676850631e-17       8.274952518111e-18 
 2220       1.804639098551e-11       8.263038630529e-13      -5.486144675296e-13       4.881145072996e-15       2.425491451263e-16       3.120791720315e-17       8.280829769658e-18 
 2221       1.798826481355e-11       8.268730176632e-13      -5.557754040489e-13       4.874637543518e-15       2.421011464337e-16       3.088116657868e-17       8.285509379191e-18 
 2222       1.793087955139e-11       8.273924059965e-13      -5.630142404324e-13       4.868144844259e-15       2.416541666132e-16       3.055642608243e-17       8.288995602752e-18 
 2223       1.787423546853e-11       8.278616161511e-13      -5.703269082708e-13       4.861667121465e-15       2.412082027845e-16       3.023360481953e-17       8.291292720453e-18 
 2224       1.781833282943e-11       8.282802351071e-13      -5.777093240062e-13       4.855204521722e-15       2.407632520444e-16       2.991261155036e-17       8.292405036507e-18 
 2225       1.776317189350e-11       8.286478487242e-13      -5.851573889145e-13       4.848757191950e-15       2.403193114668e-16       2.959335469012e-17       8.292336879260e-18 
 2226       1.770875291514e-11       8.289640417416e-13      -5.926669890882e-13       4.842325279410e-15       2.398763781027e-16       2.927574230846e-17       8.291092601215e-18 
 2227       1.765507614365e-11       8.292283977761e-13      -6.002339954192e-13       4.835908931700e-15       2.394344489800e-16       2.895968212907e-17       8.288676579072e-18 
 2228       1.760214182332e-11       8.294404993216e-13      -6.078542635818e-13       4.829508296756e-15       2.389935211036e-16       2.864508152929e-17       8.285093213749e-18 
 2229       1.754995019334e-11       8.295999277474e-13      -6.155236340151e-13       4.823123522854e-15       2.385535914554e-16       2.833184753972e-17       8.280346930419e-18 
 2230       1.749850148783e-11       8.297062632975e-13      -6.232379319062e-13       4.816754758605e-15       2.381146569942e-16       2.801988684382e-17       8.274442178536e-18 
 2231       1.744779593584e-11       8.297590850894e-13      -6.309929671726e-13       4.810402152965e-15       2.376767146555e-16       2.770910577751e-17       8.267383431869e-18 
 2232       1.739783376132e-11       8.297579711127e-13      -6.387845344455e-13       4.804065855226e-15       2.372397613518e-16       2.739941032880e-17       8.259175188530e-18 
 2233       1.734861518310e-11       8.297024982284e-13      -6.466084130519e-13       4.797746015020e-15       2.368037939725e-16       2.709070613736e-17       8.249821971004e-18 
 2234       1.730014041494e-11       8.295922421675e-13      -6.544603669982e-13       4.791442782321e-15       2.363688093834e-16       2.678289849414e-17       8.239328326181e-18 
 2235       1.725240966546e-11       8.294267775299e-13      -6.623361449522e-13       4.785156307440e-15       2.359348044276e-16       2.647589234099e-17       8.227698825386e-18 
 2236       1.720542313816e-11       8.292056777834e-13      -6.702314802265e-13       4.778886741032e-15       2.355017759244e-16       2.616959227024e-17       8.214938064408e-18 
 2237       1.715918103140e-11       8.289285152626e-13      -6.781420907610e-13       4.772634234092e-15       2.350697206701e-16       2.586390252434e-17       8.201050663531e-18 
 2238       1.711368353842e-11       8.285948611674e-13      -6.860636791057e-13       4.766398937956e-15       2.346386354375e-16       2.555872699541e-17       8.186041267565e-18 
 2239       1.706893084731e-11       8.282042855625e-13      -6.939919324036e-13       4.760181004301e-15       2.342085169761e-16       2.525396922491e-17       8.169914545878e-18 
 2240       1.702492314097e-11       8.277563573756e-13      -7.019225223733e-13       4.753980585148e-15       2.337793620119e-16       2.494953240320e-17       8.152675192421e-18 
 2241       1.698166059718e-11       8.272506443969e-13      -7.098511052922e-13       4.747797832857e-15       2.333511672476e-16       2.464531936915e-17       8.134327925764e-18 
 2242       1.693914338852e-11       8.266867132776e-13      -7.177733219787e-13       4.741632900134e-15       2.329239293624e-16       2.434123260977e-17       8.114877489122e-18 
 2243       1.689737039838e-11       8.260642727848e-13      -7.256850654594e-13       4.735485906258e-15       2.324976452162e-16       2.403721861526e-17       8.094329150898e-18 
 2244       1.685633535969e-11       8.253836045906e-13      -7.335832859126e-13       4.729356835549e-15       2.320723124647e-16       2.373340126146e-17       8.072690209801e-18 
 2245       1.681603069095e-11       8.246451352922e-13      -7.414651909443e-13       4.723245638239e-15       2.316479289485e-16       2.342994929719e-17       8.049968499609e-18 
 2246       1.677644877794e-11       8.238492934142e-13      -7.493279783703e-13       4.717152264182e-15       2.312244924887e-16       2.312703206851e-17       8.026171889600e-18 
 2247       1.673758197368e-11       8.229965094104e-13      -7.571688362052e-13       4.711076662849e-15       2.308020008876e-16       2.282481951935e-17       8.001308284585e-18 
 2248       1.669942259839e-11       8.220872156662e-13      -7.649849426520e-13       4.705018783332e-15       2.303804519277e-16       2.252348219221e-17       7.975385624958e-18 
 2249       1.666196293943e-11       8.211218465010e-13      -7.727734660909e-13       4.698978574340e-15       2.299598433726e-16       2.222319122882e-17       7.948411886737e-18 
 2250       1.662519525131e-11       8.201008381705e-13      -7.805315650686e-13       4.692955984201e-15       2.295401729665e-16       2.192411837076e-17       7.920395081602e-18 
 2251       1.658911175559e-11       8.190246288688e-13      -7.882563882878e-13       4.686950960860e-15       2.291214384341e-16       2.162643596018e-17       7.891343256943e-18 
 2252       1.655370464090e-11       8.178936587309e-13      -7.959450745956e-13       4.680963451877e-15       2.287036374809e-16       2.133031694041e-17       7.861264495898e-18 
 2253       1.651896606286e-11       8.167083698349e-13      -8.035947529735e-13       4.674993404432e-15       2.282867677928e-16       2.103593485667e-17       7.830166917398e-18 
 2254       1.648488814406e-11       8.154692062044e-13      -8.112025425262e-13       4.669040765316e-15       2.278708270364e-16       2.074346385669e-17       7.798058676206e-18 
 2255       1.645146297401e-11       8.141766138105e-13      -8.187655524705e-13       4.663105480940e-15       2.274558128589e-16       2.045307869142e-17       7.764947962965e-18 
 2256       1.641868260913e-11       8.128310405745e-13      -8.262808821250e-13       4.657187497326e-15       2.270417228878e-16       2.016495471564e-17       7.730843004233e-18 
 2257       1.638653907266e-11       8.114329363700e-13      -8.337456208990e-13       4.651286760112e-15       2.266285547314e-16       1.987926788867e-17       7.695752062531e-18 
 2258       1.635502435468e-11       8.099827530249e-13      -8.411568482818e-13       4.645403214551e-15       2.262163059781e-16       1.959619477499e-17       7.659683436384e-18 
 2259       1.632413041203e-11       8.084809443243e-13      -8.485116338316e-13       4.639536805506e-15       2.258049741970e-16       1.931591254494e-17       7.622645460359e-18 
 2260       1.629384916827e-11       8.069279660124e-13      -8.558070371650e-13       4.633687477456e-15       2.253945569375e-16       1.903859897536e-17       7.584646505116e-18 
 2261       1.626417251368e-11       8.053242757947e-13      -8.630401079459e-13       4.627855174489e-15       2.249850517295e-16       1.876443245027e-17       7.545694977441e-18 
 2262       1.623509230519e-11       8.036703333406e-13      -8.702078858750e-13       4.622039840307e-15       2.245764560830e-16       1.849359196150e-17       7.505799320293e-18 
 2263       1.620660036633e-11       8.019666002857e-13      -8.773074006785e-13       4.616241418223e-15       2.241687674886e-16       1.822625710941e-17       7.464968012848e-18 
 2264       1.617868848724e-11       8.002135402336e-13      -8.843356720978e-13       4.610459851159e-15       2.237619834170e-16       1.796260810348e-17       7.423209570535e-18 
 2265       1.615134842457e-11       7.984116187588e-13      -8.912897098784e-13       4.604695081648e-15       2.233561013193e-16       1.770282576304e-17       7.380532545087e-18 
 2266       1.612457190150e-11       7.965613034087e-13      -8.981665137589e-13       4.598947051833e-15       2.229511186269e-16       1.744709151790e-17       7.336945524575e-18 
 2267       1.609835060766e-11       7.946630637058e-13      -9.049630734607e-13       4.593215703467e-15       2.225470327512e-16       1.719558740898e-17       7.292457133455e-18 
 2268       1.607267619909e-11       7.927173711503e-13      -9.116763686765e-13       4.587500977909e-15       2.221438410839e-16       1.694849608907e-17       7.247076032607e-18 
 2269       1.604754029826e-11       7.907246992222e-13      -9.183033690601e-13       4.581802816128e-15       2.217415409971e-16       1.670600082338e-17       7.200810919384e-18 
 2270       1.602293449394e-11       7.886855233834e-13      -9.248410342152e-13       4.576121158700e-15       2.213401298426e-16       1.646828549027e-17       7.153670527645e-18 
 2271       1.599885034123e-11       7.866003210805e-13      -9.312863136845e-13       4.570455945808e-15       2.209396049527e-16       1.623553458192e-17       7.105663627804e-18 
 2272       1.597527936151e-11       7.844695717466e-13      -9.376361469393e-13       4.564807117242e-15       2.205399636395e-16       1.600793320493e-17       7.056799026870e-18 
 2273       1.595221304237e-11       7.822937568038e-13      -9.438874633683e-13       4.559174612396e-15       2.201412031955e-16       1.578566708106e-17       7.007085568489e-18 
 2274       1.592964283762e-11       7.800733596656e-13      -9.500371822668e-13       4.553558370272e-15       2.197433208928e-16       1.556892254783e-17       6.956532132987e-18 
 2275       1.590756016720e-11       7.778088657391e-13      -9.560822128262e-13       4.547958329477e-15       2.193463139839e-16       1.535788655921e-17       6.905147637413e-18 
 2276       1.588595641718e-11       7.755007624270e-13      -9.620194541227e-13       4.542374428220e-15       2.189501797011e-16       1.515274668630e-17       6.852941035577e-18 
 2277       1.586482293970e-11       7.731495391305e-13      -9.678457951069e-13       4.536806604316e-15       2.185549152566e-16       1.495369111796e-17       6.799921318100e-18 
 2278       1.584415105295e-11       7.707556872512e-13      -9.735581145926e-13       4.531254795182e-15       2.181605178426e-16       1.476090866147e-17       6.746097512448e-18 
 2279       1.582393204109e-11       7.683197001932e-13      -9.791532812462e-13       4.525718937840e-15       2.177669846313e-16       1.457458874325e-17       6.691478682981e-18 
 2280       1.580415715429e-11       7.658420733659e-13      -9.846281535761e-13       4.520198968912e-15       2.173743127747e-16       1.439492140944e-17       6.636073930991e-18 
 2281       1.578481760860e-11       7.633233041860e-13      -9.899795799212e-13       4.514694824624e-15       2.169824994045e-16       1.422209732662e-17       6.579892394745e-18 
 2282       1.576590440667e-11       7.607639509039e-13      -9.952048313097e-13       4.509206423491e-15       2.165915418738e-16       1.405625066609e-17       6.522951109073e-18 
 2283       1.574740779849e-11       7.581648094908e-13      -1.000302903090e-12       4.503733614268e-15       2.162014384829e-16       1.389728735482e-17       6.465298639140e-18 
 2284       1.572931781708e-11       7.555267378911e-13      -1.005273221630e-12       4.498276227665e-15       2.158121877579e-16       1.374505572396e-17       6.406991598381e-18 
 2285       1.571162445748e-11       7.528505973048e-13      -1.010115212202e-12       4.492834093626e-15       2.154237882099e-16       1.359940352449e-17       6.348086802950e-18 
 2286       1.569431767663e-11       7.501372521913e-13      -1.014828298987e-12       4.487407041333e-15       2.150362383345e-16       1.346017792656e-17       6.288641271939e-18 
 2287       1.567738739343e-11       7.473875702731e-13      -1.019411905067e-12       4.481994899197e-15       2.146495366123e-16       1.332722551888e-17       6.228712227606e-18 
 2288       1.566082348860e-11       7.446024225394e-13      -1.023865452431e-12       4.476597494864e-15       2.142636815087e-16       1.320039230802e-17       6.168357095596e-18 
 2289       1.564461580470e-11       7.417826832496e-13      -1.028188361972e-12       4.471214655211e-15       2.138786714736e-16       1.307952371777e-17       6.107633505162e-18 
 2290       1.562875414607e-11       7.389292299373e-13      -1.032380053481e-12       4.465846206345e-15       2.134945049418e-16       1.296446458850e-17       6.046599289394e-18 
 2291       1.561322827877e-11       7.360429434135e-13      -1.036439945655e-12       4.460491973603e-15       2.131111803329e-16       1.285505917650e-17       5.985312485437e-18 
 2292       1.559802793056e-11       7.331247077706e-13      -1.040367456090e-12       4.455151781551e-15       2.127286960510e-16       1.275115115334e-17       5.923831334718e-18 
 2293       1.558314279085e-11       7.301754103858e-13      -1.044162001280e-12       4.449825453983e-15       2.123470504849e-16       1.265258360518e-17       5.862214283167e-18 
 2294       1.556856251066e-11       7.271959419250e-13      -1.047822996621e-12       4.444512813920e-15       2.119662420080e-16       1.255919903215e-17       5.800519981442e-18 
 2295       1.555427670255e-11       7.241871963463e-13      -1.051349856405e-12       4.439213683607e-15       2.115862689785e-16       1.247083934770e-17       5.738807285149e-18 
 2296       1.554027494063e-11       7.211500709036e-13      -1.054741993821e-12       4.433927884517e-15       2.112071297389e-16       1.238734587793e-17       5.677135255070e-18 
 2297       1.552654676048e-11       7.180854661505e-13      -1.057998820956e-12       4.428655237346e-15       2.108288226166e-16       1.230855936093e-17       5.615563157383e-18 
 2298       1.551308165910e-11       7.149942859434e-13      -1.061119748791e-12       4.423395562013e-15       2.104513459233e-16       1.223431994615e-17       5.554150463887e-18 
 2299       1.549986909489e-11       7.118774374459e-13      -1.064104187202e-12       4.418148677660e-15       2.100746979553e-16       1.216446719375e-17       5.492956852225e-18 
 2300       1.548689848762e-11       7.087358311319e-13      -1.066951544959e-12       4.412914402649e-15       2.096988769935e-16       1.209884007391e-17       5.432042206104e-18 
 2301       1.547415921832e-11       7.055703807894e-13      -1.069661229725e-12       4.407692554565e-15       2.093238813031e-16       1.203727696622e-17       5.371466615526e-18 
 2302       1.546164062934e-11       7.023820035242e-13      -1.072232648055e-12       4.402482950210e-15       2.089497091341e-16       1.197961565899e-17       5.311290377003e-18 
 2303       1.544933202421e-11       6.991716197634e-13      -1.074665205395e-12       4.397285405606e-15       2.085763587206e-16       1.192569334864e-17       5.251573993784e-18 
 2304       1.543722266766e-11       6.959401532593e-13      -1.076958306081e-12       4.392099735993e-15       2.082038282812e-16       1.187534663899e-17       5.192378176080e-18 
 2305       1.542530178553e-11       6.926885310930e-13      -1.079111353339e-12       4.386925755829e-15       2.078321160191e-16       1.182841154068e-17       5.133763841285e-18 
 2306       1.541355856479e-11       6.894176836776e-13      -1.081123749283e-12       4.381763278784e-15       2.074612201217e-16       1.178472347045e-17       5.075792114200e-18 
 2307       1.540198215343e-11       6.861285447626e-13      -1.082994894917e-12       4.376612117747e-15       2.070911387608e-16       1.174411725052e-17       5.018524327253e-18 
 2308       1.539056166046e-11       6.828220514368e-13      -1.084724190129e-12       4.371472084821e-15       2.067218700926e-16       1.170642710793e-17       4.962022020731e-18 
 2309       1.537928615585e-11       6.794991441326e-13      -1.086311033694e-12       4.366342991319e-15       2.063534122575e-16       1.167148667390e-17       4.906346942993e-18 
 2310       1.536814467050e-11       6.761607666293e-13      -1.087754823273e-12       4.361224647769e-15       2.059857633803e-16       1.163912898314e-17       4.851561050701e-18 
 2311       1.535712619619e-11       6.728078660566e-13      -1.089054955410e-12       4.356116863910e-15       2.056189215702e-16       1.160918647325e-17       4.797726509039e-18 
 2312       1.534621968551e-11       6.694413928985e-13      -1.090210825535e-12       4.351019448692e-15       2.052528849203e-16       1.158149098403e-17       4.744905691937e-18 
 2313       1.533541405187e-11       6.660623009972e-13      -1.091221827958e-12       4.345932210272e-15       2.048876515083e-16       1.155587375683e-17       4.693161182297e-18 
 2314       1.532469816943e-11       6.626715475561e-13      -1.092087355871e-12       4.340854956019e-15       2.045232193958e-16       1.153216543391e-17       4.642555772212e-18 
 2315       1.531406087304e-11       6.592700931440e-13      -1.092806801349e-12       4.335787492508e-15       2.041595866290e-16       1.151019605779e-17       4.593152463195e-18 
 2316       1.530349095825e-11       6.558589016983e-13      -1.093379555345e-12       4.330729625520e-15       2.037967512378e-16       1.148979507057e-17       4.545014466395e-18 
 2317       1.529297718118e-11       6.524389405292e-13      -1.093805007692e-12       4.325681160045e-15       2.034347112366e-16       1.147079131332e-17       4.498205202827e-18 
 2318       1.528250825858e-11       6.490111803228e-13      -1.094082547101e-12       4.320641900274e-15       2.030734646238e-16       1.145301302537e-17       4.452788303591e-18 
 2319       1.527207286771e-11       6.455765951452e-13      -1.094211561162e-12       4.315611649606e-15       2.027130093819e-16       1.143628784373e-17       4.408827610098e-18 
 2320       1.526165964632e-11       6.421361624457e-13      -1.094191436340e-12       4.310590210640e-15       2.023533434775e-16       1.142044280236e-17       4.366387174291e-18 
 2321       1.525125797685e-11       6.386908254493e-13      -1.094021900241e-12       4.305577390170e-15       2.019944649070e-16       1.140534055381e-17       4.325508161665e-18 
 2322       1.524086034435e-11       6.352413800655e-13      -1.093704050770e-12       4.300573014191e-15       2.016363718341e-16       1.139098828500e-17       4.286139400645e-18 
 2323       1.523045999336e-11       6.317885872735e-13      -1.093239333464e-12       4.295576912984e-15       2.012790624531e-16       1.137742948714e-17       4.248206395559e-18 
 2324       1.522005014494e-11       6.283332106713e-13      -1.092629199819e-12       4.290588916132e-15       2.009225349433e-16       1.136470779606e-17       4.211634383776e-18 
 2325       1.520962399674e-11       6.248760164787e-13      -1.091875107303e-12       4.285608852522e-15       2.005667874687e-16       1.135286699233e-17       4.176348335412e-18 
 2326       1.519917472288e-11       6.214177735403e-13      -1.090978519358e-12       4.280636550341e-15       2.002118181784e-16       1.134195100147e-17       4.142272953039e-18 
 2327       1.518869547401e-11       6.179592533280e-13      -1.089940905411e-12       4.275671837076e-15       1.998576252065e-16       1.133200389405e-17       4.109332671399e-18 
 2328       1.517817937720e-11       6.145012299442e-13      -1.088763740875e-12       4.270714539516e-15       1.995042066718e-16       1.132306988584e-17       4.077451657105e-18 
 2329       1.516761953600e-11       6.110444801242e-13      -1.087448507161e-12       4.265764483746e-15       1.991515606780e-16       1.131519333803e-17       4.046553808355e-18 
 2330       1.515700903035e-11       6.075897832392e-13      -1.085996691683e-12       4.260821495151e-15       1.987996853135e-16       1.130841875732e-17       4.016562754643e-18 
 2331       1.514634091659e-11       6.041379212991e-13      -1.084409787863e-12       4.255885398413e-15       1.984485786518e-16       1.130279079607e-17       3.987401856463e-18 
 2332       1.513560822741e-11       6.006896789553e-13      -1.082689295141e-12       4.250956017510e-15       1.980982387509e-16       1.129835425251e-17       3.958994205020e-18 
 2333       1.512480397186e-11       5.972458435037e-13      -1.080836718979e-12       4.246033175716e-15       1.977486636537e-16       1.129515407086e-17       3.931262621940e-18 
 2334       1.511392113528e-11       5.938072048872e-13      -1.078853570869e-12       4.241116695600e-15       1.973998513879e-16       1.129323534145e-17       3.904129658980e-18 
 2335       1.510295267930e-11       5.903745556986e-13      -1.076741368340e-12       4.236206399024e-15       1.970517999659e-16       1.129264330095e-17       3.877517597731e-18 
 2336       1.509189154183e-11       5.869486911836e-13      -1.074501634964e-12       4.231302107145e-15       1.967045073847e-16       1.129342333246e-17       3.851348449337e-18 
 2337       1.508073063700e-11       5.835304092432e-13      -1.072135900363e-12       4.226403640412e-15       1.963579716261e-16       1.129562096568e-17       3.825543954194e-18 
 2338       1.506946285515e-11       5.801205104372e-13      -1.069645700218e-12       4.221510818565e-15       1.960121906566e-16       1.129928187708e-17       3.800025581665e-18 
 2339       1.505808106282e-11       5.767197979863e-13      -1.067032576270e-12       4.216623460636e-15       1.956671624272e-16       1.130445189005e-17       3.774714529788e-18 
 2340       1.504657810270e-11       5.733290777751e-13      -1.064298076332e-12       4.211741384944e-15       1.953228848737e-16       1.131117697502e-17       3.749531724985e-18 
 2341       1.503494679362e-11       5.699491583555e-13      -1.061443754297e-12       4.206864409103e-15       1.949793559164e-16       1.131950324967e-17       3.724397821769e-18 
 2342       1.502317993051e-11       5.665808509484e-13      -1.058471170138e-12       4.201992350009e-15       1.946365734602e-16       1.132947697904e-17       3.699233202454e-18 
 2343       1.501127028440e-11       5.632249694477e-13      -1.055381889920e-12       4.197125023850e-15       1.942945353946e-16       1.134114457568e-17       3.673957976868e-18 
 2344       1.499921060238e-11       5.598823304222e-13      -1.052177485806e-12       4.192262246100e-15       1.939532395937e-16       1.135455259986e-17       3.648491982055e-18 
 2345       1.498699360755e-11       5.565537531188e-13      -1.048859536064e-12       4.187403831518e-15       1.936126839160e-16       1.136974775966e-17       3.622754781990e-18 
 2346       1.497461199905e-11       5.532400594654e-13      -1.045429625071e-12       4.182549594150e-15       1.932728662046e-16       1.138677691113e-17       3.596665667285e-18 
 2347       1.496205845198e-11       5.499420740736e-13      -1.041889343324e-12       4.177699347324e-15       1.929337842871e-16       1.140568705851e-17       3.570143654897e-18 
 2348       1.494932561742e-11       5.466606242413e-13      -1.038240287442e-12       4.172852903653e-15       1.925954359754e-16       1.142652535430e-17       3.543107487842e-18 
 2349       1.493640612235e-11       5.433965399559e-13      -1.034484060178e-12       4.168010075034e-15       1.922578190662e-16       1.144933909946e-17       3.515475634898e-18 
 2350       1.492329256970e-11       5.401506538968e-13      -1.030622270422e-12       4.163170672645e-15       1.919209313403e-16       1.147417574355e-17       3.487166290318e-18 
 2351       1.490997753825e-11       5.369238014384e-13      -1.026656533207e-12       4.158334506944e-15       1.915847705630e-16       1.150108288488e-17       3.458097373538e-18 
 2352       1.489645358264e-11       5.337168206528e-13      -1.022588469722e-12       4.153501387671e-15       1.912493344840e-16       1.153010827070e-17       3.428186528885e-18 
 2353       1.488271323336e-11       5.305305523126e-13      -1.018419707309e-12       4.148671123846e-15       1.909146208374e-16       1.156129979728e-17       3.397351125288e-18 
 2354       1.486874899670e-11       5.273658398939e-13      -1.014151879480e-12       4.143843523767e-15       1.905806273417e-16       1.159470551015e-17       3.365508255985e-18 
 2355       1.485455335472e-11       5.242235295788e-13      -1.009786625917e-12       4.139018395010e-15       1.902473516996e-16       1.163037360419e-17       3.332574738234e-18 
 2356       1.484011876525e-11       5.211044702587e-13      -1.005325592478e-12       4.134195544428e-15       1.899147915982e-16       1.166835242380e-17       3.298467113019e-18 
 2357       1.482543766183e-11       5.180095135363e-13      -1.000770431212e-12       4.129374778151e-15       1.895829447088e-16       1.170869046306e-17       3.263101644762e-18 
 2358       1.481050245373e-11       5.149395137294e-13      -9.961228003550e-13       4.124555901585e-15       1.892518086870e-16       1.175143636591e-17       3.226394321032e-18 
 2359       1.479530552589e-11       5.118953278729e-13      -9.913843643453e-13       4.119738719409e-15       1.889213811728e-16       1.179663892624e-17       3.188260852252e-18 
 2360       1.477984039269e-11       5.088777228394e-13      -9.865568943731e-13       4.114923054352e-15       1.885916599195e-16       1.184432706243e-17       3.148636406828e-18 
 2361       1.476410516712e-11       5.058870960639e-13      -9.816425707146e-13       4.110108803633e-15       1.882626431836e-16       1.189444960475e-17       3.107534950909e-18 
 2362       1.474809911308e-11       5.029237530919e-13      -9.766436822881e-13       4.105295882867e-15       1.879343293374e-16       1.194693513467e-17       3.064990276184e-18 
 2363       1.473182149355e-11       4.999880003057e-13      -9.715625262865e-13       4.100484207322e-15       1.876067167400e-16       1.200171197638e-17       3.021036298028e-18 
 2364       1.471527157061e-11       4.970801449252e-13      -9.664014081853e-13       4.095673691922e-15       1.872798037372e-16       1.205870819648e-17       2.975707055635e-18 
 2365       1.469844860540e-11       4.942004950084e-13      -9.611626417522e-13       4.090864251243e-15       1.869535886619e-16       1.211785160370e-17       2.929036712148e-18 
 2366       1.468135185814e-11       4.913493594527e-13      -9.558485490558e-13       4.086055799513e-15       1.866280698334e-16       1.217906974865e-17       2.881059554800e-18 
 2367       1.466398058814e-11       4.885270479954e-13      -9.504614604744e-13       4.081248250613e-15       1.863032455579e-16       1.224228992352e-17       2.831809995045e-18 
 2368       1.464633405376e-11       4.857338712145e-13      -9.450037147054e-13       4.076441518078e-15       1.859791141283e-16       1.230743916180e-17       2.781322568690e-18 
 2369       1.462841151248e-11       4.829701405296e-13      -9.394776587734e-13       4.071635515090e-15       1.856556738242e-16       1.237444423800e-17       2.729631936031e-18 
 2370       1.461021222083e-11       4.802361682030e-13      -9.338856480401e-13       4.066830154487e-15       1.853329229119e-16       1.244323166742e-17       2.676772881987e-18 
 2371       1.459173543441e-11       4.775322673396e-13      -9.282300462124e-13       4.062025348756e-15       1.850108596443e-16       1.251372770580e-17       2.622780316236e-18 
 2372       1.457298040793e-11       4.748587518890e-13      -9.225132253519e-13       4.057221010033e-15       1.846894822609e-16       1.258585834909e-17       2.567689273345e-18 
 2373       1.455394639514e-11       4.722159366451e-13      -9.167375658834e-13       4.052417050106e-15       1.843687889881e-16       1.265954933315e-17       2.511534912906e-18 
 2374       1.453463264888e-11       4.696041372478e-13      -9.109054566044e-13       4.047613380412e-15       1.840487780387e-16       1.273472613349e-17       2.454352519671e-18 
 2375       1.451503842107e-11       4.670236701833e-13      -9.050192946932e-13       4.042809912037e-15       1.837294476120e-16       1.281131396498e-17       2.396177503685e-18 
 2376       1.449516296269e-11       4.644748527849e-13      -8.990814857188e-13       4.038006555716e-15       1.834107958941e-16       1.288923778159e-17       2.337045400420e-18 
 2377       1.447500552382e-11       4.619580032344e-13      -8.930944436491e-13       4.033203221832e-15       1.830928210575e-16       1.296842227609e-17       2.276991870910e-18 
 2378       1.445456535359e-11       4.594734405621e-13      -8.870605908599e-13       4.028399820418e-15       1.827755212614e-16       1.304879187976e-17       2.216052701883e-18 
 2379       1.443384170020e-11       4.570214846482e-13      -8.809823581443e-13       4.023596261152e-15       1.824588946514e-16       1.313027076217e-17       2.154263805898e-18 
 2380       1.441283381095e-11       4.546024562233e-13      -8.748621847211e-13       4.018792453361e-15       1.821429393596e-16       1.321278283084e-17       2.091661221477e-18 
 2381       1.439154093218e-11       4.522166768695e-13      -8.687025182442e-13       4.013988306017e-15       1.818276535048e-16       1.329625173100e-17       2.028281113239e-18 
 2382       1.436996230933e-11       4.498644690207e-13      -8.625058148111e-13       4.009183727741e-15       1.815130351920e-16       1.338060084530e-17       1.964159772035e-18 
 2383       1.434809718689e-11       4.475461559641e-13      -8.562745389721e-13       4.004378626799e-15       1.811990825127e-16       1.346575329353e-17       1.899333615081e-18 
 2384       1.432594480843e-11       4.452620618404e-13      -8.500111637390e-13       3.999572911101e-15       1.808857935451e-16       1.355163193234e-17       1.833839186095e-18 
 2385       1.430350441660e-11       4.430125116451e-13      -8.437181705944e-13       3.994766488204e-15       1.805731663535e-16       1.363815935499e-17       1.767713155426e-18 
 2386       1.428077525310e-11       4.407978312289e-13      -8.373980495004e-13       3.989959265311e-15       1.802611989888e-16       1.372525789102e-17       1.700992320192e-18 
 2387       1.425775655871e-11       4.386183472986e-13      -8.310532989073e-13       3.985151149266e-15       1.799498894882e-16       1.381284960603e-17       1.633713604414e-18 
 2388       1.423444757329e-11       4.364743874182e-13      -8.246864257631e-13       3.980342046560e-15       1.796392358754e-16       1.390085630136e-17       1.565914059147e-18 
 2389       1.421084753574e-11       4.343662800095e-13      -8.182999455218e-13       3.975531863327e-15       1.793292361602e-16       1.398919951382e-17       1.497630862616e-18 
 2390       1.418695568406e-11       4.322943543527e-13      -8.118963821528e-13       3.970720505343e-15       1.790198883390e-16       1.407780051545e-17       1.428901320352e-18 
 2391       1.416277125529e-11       4.302589405878e-13      -8.054782681496e-13       3.965907878029e-15       1.787111903945e-16       1.416658031318e-17       1.359762865323e-18 
 2392       1.413829348556e-11       4.282603697146e-13      -7.990481445390e-13       3.961093886446e-15       1.784031402954e-16       1.425545964860e-17       1.290253058069e-18 
 2393       1.411352161006e-11       4.262989735942e-13      -7.926085608895e-13       3.956278435300e-15       1.780957359971e-16       1.434435899766e-17       1.220409586837e-18 
 2394       1.408845486304e-11       4.243750849496e-13      -7.861620753208e-13       3.951461428936e-15       1.777889754410e-16       1.443319857041e-17       1.150270267713e-18 
 2395       1.406309247781e-11       4.224890373665e-13      -7.797112545124e-13       3.946642771341e-15       1.774828565547e-16       1.452189831071e-17       1.079873044758e-18 
 2396       1.403743368677e-11       4.206411652938e-13      -7.732586737125e-13       3.941822366144e-15       1.771773772524e-16       1.461037789595e-17       1.009255990142e-18 
 2397       1.401147772136e-11       4.188318040449e-13      -7.668069167473e-13       3.937000116613e-15       1.768725354340e-16       1.469855673677e-17       9.384573042775e-19 
 2398       1.398522381210e-11       4.170612897985e-13      -7.603585760295e-13       3.932175925657e-15       1.765683289861e-16       1.478635397680e-17       8.675153159521e-19 
 2399       1.395867202386e-11       4.153298674507e-13      -7.539160995977e-13       3.927349715693e-15       1.762647559667e-16       1.487370596726e-17       7.964713511149e-19 
 2400       1.393182576728e-11       4.136374135579e-13      -7.474813311963e-13       3.922521488379e-15       1.759618151633e-16       1.496061880789e-17       7.253783580899e-19 
 2401       1.390468930269e-11       4.119837117048e-13      -7.410559674064e-13       3.917691265245e-15       1.756595055388e-16       1.504711612615e-17       6.542923352703e-19 
 2402       1.387726690622e-11       4.103685444982e-13      -7.346417103661e-13       3.912859067857e-15       1.753578260457e-16       1.513322163152e-17       5.832694674426e-19 
 2403       1.384956286980e-11       4.087916935655e-13      -7.282402677768e-13       3.908024917820e-15       1.750567756262e-16       1.521895911557e-17       5.123661259806e-19 
 2404       1.382158150123e-11       4.072529395540e-13      -7.218533529087e-13       3.903188836772e-15       1.747563532128e-16       1.530435245209e-17       4.416388690390e-19 
 2405       1.379332712411e-11       4.057520621296e-13      -7.154826846062e-13       3.898350846390e-15       1.744565577273e-16       1.538942559713e-17       3.711444417476e-19 
 2406       1.376480407796e-11       4.042888399756e-13      -7.091299872941e-13       3.893510968387e-15       1.741573880815e-16       1.547420258913e-17       3.009397764048e-19 
 2407       1.373601671815e-11       4.028630507917e-13      -7.027969909833e-13       3.888669224513e-15       1.738588431772e-16       1.555870754898e-17       2.310819926715e-19 
 2408       1.370696941597e-11       4.014744712930e-13      -6.964854312763e-13       3.883825636554e-15       1.735609219055e-16       1.564296468008e-17       1.616283977653e-19 
 2409       1.367766655860e-11       4.001228772085e-13      -6.901970493730e-13       3.878980226334e-15       1.732636231476e-16       1.572699826852e-17       9.263648665387e-20 
 2410       1.364811254919e-11       3.988080432805e-13      -6.839335920765e-13       3.874133015712e-15       1.729669457744e-16       1.581083268304e-17       2.416394224916e-20 
 2411       1.361831180683e-11       3.975297432631e-13      -6.776968117990e-13       3.869284026585e-15       1.726708886464e-16       1.589449237522e-17      -4.373136439900e-20 
 2412       1.358826876657e-11       3.962877499214e-13      -6.714884665674e-13       3.864433280887e-15       1.723754506139e-16       1.597800187951e-17      -1.109913739089e-19 
 2413       1.355798787946e-11       3.950818350301e-13      -6.653103200288e-13       3.859580800586e-15       1.720806305168e-16       1.606138581337e-17      -1.775578383733e-19 
 2414       1.352747361254e-11       3.939117693724e-13      -6.591641414566e-13       3.854726607691e-15       1.717864271849e-16       1.614466887726e-17      -2.433723211653e-19 
 2415       1.349673044889e-11       3.927773227393e-13      -6.530517057563e-13       3.849870724245e-15       1.714928394375e-16       1.622787585485e-17      -3.083761967446e-19 
 2416       1.346576288760e-11       3.916782639280e-13      -6.469747934708e-13       3.845013172329e-15       1.711998660836e-16       1.631103161300e-17      -3.725106504638e-19 
 2417       1.343457544383e-11       3.906143607410e-13      -6.409351907865e-13       3.840153974060e-15       1.709075059218e-16       1.639416110191e-17      -4.357166783746e-19 
 2418       1.340317264882e-11       3.895853799850e-13      -6.349346895390e-13       3.835293151591e-15       1.706157577403e-16       1.647728935519e-17      -4.979350870334e-19 
 2419       1.337155904988e-11       3.885910874697e-13      -6.289750872186e-13       3.830430727115e-15       1.703246203172e-16       1.656044148994e-17      -5.591064933083e-19 
 2420       1.333973921043e-11       3.876312480070e-13      -6.230581869765e-13       3.825566722859e-15       1.700340924198e-16       1.664364270683e-17      -6.191713241845e-19 
 2421       1.330771771002e-11       3.867056254093e-13      -6.171857976300e-13       3.820701161088e-15       1.697441728053e-16       1.672691829022e-17      -6.780698165709e-19 
 2422       1.327549914434e-11       3.858139824891e-13      -6.113597336687e-13       3.815834064103e-15       1.694548602204e-16       1.681029360821e-17      -7.357420171061e-19 
 2423       1.324308812521e-11       3.849560810571e-13      -6.055818152601e-13       3.810965454244e-15       1.691661534012e-16       1.689379411274e-17      -7.921277819646e-19 
 2424       1.321048928066e-11       3.841316819220e-13      -5.998538682550e-13       3.806095353886e-15       1.688780510735e-16       1.697744533967e-17      -8.471667766629e-19 
 2425       1.317770725489e-11       3.833405448886e-13      -5.941777241939e-13       3.801223785441e-15       1.685905519528e-16       1.706127290890e-17      -9.007984758656e-19 
 2426       1.314474670831e-11       3.825824287570e-13      -5.885552203122e-13       3.796350771360e-15       1.683036547437e-16       1.714530252441e-17      -9.529621631919e-19 
 2427       1.311161231754e-11       3.818570913216e-13      -5.829881995461e-13       3.791476334128e-15       1.680173581407e-16       1.722955997437e-17      -1.003596931021e-18 
 2428       1.307830877546e-11       3.811642893699e-13      -5.774785105384e-13       3.786600496270e-15       1.677316608276e-16       1.731407113121e-17      -1.052641680300e-18 
 2429       1.304484079121e-11       3.805037786813e-13      -5.720280076443e-13       3.781723280346e-15       1.674465614778e-16       1.739886195176e-17      -1.100035120347e-18 
 2430       1.301121309018e-11       3.798753140261e-13      -5.666385509369e-13       3.776844708953e-15       1.671620587540e-16       1.748395847726e-17      -1.145715768660e-18 
 2431       1.297743041408e-11       3.792786491642e-13      -5.613120062131e-13       3.771964804726e-15       1.668781513086e-16       1.756938683349e-17      -1.189621950722e-18 
 2432       1.294349752090e-11       3.787135368444e-13      -5.560502449996e-13       3.767083590337e-15       1.665948377832e-16       1.765517323087e-17      -1.231691799807e-18 
 2433       1.290941918499e-11       3.781797288029e-13      -5.508551445581e-13       3.762201088496e-15       1.663121168090e-16       1.774134396450e-17      -1.271863256788e-18 
 2434       1.287520019701e-11       3.776769757623e-13      -5.457285878914e-13       3.757317321947e-15       1.660299870065e-16       1.782792541429e-17      -1.310074069940e-18 
 2435       1.284084536400e-11       3.772050274305e-13      -5.406724637490e-13       3.752432313474e-15       1.657484469857e-16       1.791494404502e-17      -1.346261794747e-18 
 2436       1.280635950937e-11       3.767636324997e-13      -5.356886666331e-13       3.747546085897e-15       1.654674953459e-16       1.800242640645e-17      -1.380363793710e-18 
 2437       1.277174747291e-11       3.763525386451e-13      -5.307790968039e-13       3.742658662074e-15       1.651871306759e-16       1.809039913338e-17      -1.412317236153e-18 
 2438       1.273701422752e-11       3.759714543687e-13      -5.259454282620e-13       3.737770075589e-15       1.649073516096e-16       1.817887828319e-17      -1.442084719474e-18 
 2439       1.270216522998e-11       3.756199342813e-13      -5.211884111594e-13       3.732880402895e-15       1.646281569940e-16       1.826783727821e-17      -1.469731301438e-18 
 2440       1.266720607229e-11       3.752974931294e-13      -5.165085652105e-13       3.727989731366e-15       1.643495457222e-16       1.835723877098e-17      -1.495347930139e-18 
 2441       1.263214236524e-11       3.750036438858e-13      -5.119064113358e-13       3.723098148622e-15       1.640715166777e-16       1.844704528923e-17      -1.519025864881e-18 
 2442       1.259697973836e-11       3.747378977478e-13      -5.073824716637e-13       3.718205742533e-15       1.637940687347e-16       1.853721923570e-17      -1.540856676504e-18 
 2443       1.256172384003e-11       3.744997641352e-13      -5.029372695312e-13       3.713312601218e-15       1.635172007575e-16       1.862772288809e-17      -1.560932247706e-18 
 2444       1.252638033739e-11       3.742887506887e-13      -4.985713294848e-13       3.708418813042e-15       1.632409116008e-16       1.871851839883e-17      -1.579344773370e-18 
 2445       1.249095491648e-11       3.741043632676e-13      -4.942851772819e-13       3.703524466622e-15       1.629652001098e-16       1.880956779506e-17      -1.596186760881e-18 
 2446       1.245545328215e-11       3.739461059485e-13      -4.900793398917e-13       3.698629650821e-15       1.626900651201e-16       1.890083297840e-17      -1.611551030455e-18 
 2447       1.241988115815e-11       3.738134810227e-13      -4.859543454963e-13       3.693734454755e-15       1.624155054574e-16       1.899227572490e-17      -1.625530715458e-18 
 2448       1.238424428712e-11       3.737059889951e-13      -4.819107234916e-13       3.688838967786e-15       1.621415199380e-16       1.908385768487e-17      -1.638219262733e-18 
 2449       1.234854843062e-11       3.736231285817e-13      -4.779490044887e-13       3.683943279529e-15       1.618681073685e-16       1.917554038276e-17      -1.649710432918e-18 
 2450       1.231279936915e-11       3.735643967079e-13      -4.740697203146e-13       3.679047479847e-15       1.615952665456e-16       1.926728521705e-17      -1.660098300776e-18 
 2451       1.227700290216e-11       3.735292885069e-13      -4.702734040134e-13       3.674151658854e-15       1.613229962564e-16       1.935905346008e-17      -1.669477255511e-18 
 2452       1.224116484806e-11       3.735172973173e-13      -4.665605898475e-13       3.669255906914e-15       1.610512952786e-16       1.945080625796e-17      -1.677942001099e-18 
 2453       1.220529104427e-11       3.735279146817e-13      -4.629318132984e-13       3.664360314642e-15       1.607801623796e-16       1.954250463043e-17      -1.685587556603e-18 
 2454       1.216938734722e-11       3.735606303447e-13      -4.593876110679e-13       3.659464972906e-15       1.605095963175e-16       1.963410947072e-17      -1.692509256503e-18 
 2455       1.213345963238e-11       3.736149322507e-13      -4.559285210794e-13       3.654569972822e-15       1.602395958405e-16       1.972558154544e-17      -1.698802751015e-18 
 2456       1.209751379424e-11       3.736903065424e-13      -4.525550824784e-13       3.649675405760e-15       1.599701596872e-16       1.981688149444e-17      -1.704564006416e-18 
 2457       1.206155574640e-11       3.737862375589e-13      -4.492678356339e-13       3.644781363339e-15       1.597012865860e-16       1.990796983067e-17      -1.709889305367e-18 
 2458       1.202559142152e-11       3.739022078335e-13      -4.460673221397e-13       3.639887937434e-15       1.594329752560e-16       1.999880694009e-17      -1.714875247236e-18 
 2459       1.198962677138e-11       3.740376980923e-13      -4.429540848149e-13       3.634995220168e-15       1.591652244063e-16       2.008935308150e-17      -1.719618748422e-18 
 2460       1.195366776690e-11       3.741921872517e-13      -4.399286677053e-13       3.630103303918e-15       1.588980327361e-16       2.017956838642e-17      -1.724217042676e-18 
 2461       1.191772039813e-11       3.743651524172e-13      -4.369916160847e-13       3.625212281315e-15       1.586313989350e-16       2.026941285899e-17      -1.728767681427e-18 
 2462       1.188179067429e-11       3.745560688810e-13      -4.341434764553e-13       3.620322245241e-15       1.583653216825e-16       2.035884637581e-17      -1.733368534103e-18 
 2463       1.184588462379e-11       3.747644101204e-13      -4.313847965492e-13       3.615433288832e-15       1.580997996484e-16       2.044782868582e-17      -1.738117788456e-18 
 2464       1.181000829426e-11       3.749896477957e-13      -4.287161253297e-13       3.610545505477e-15       1.578348314927e-16       2.053631941017e-17      -1.743113950885e-18 
 2465       1.177416775252e-11       3.752312517488e-13      -4.261380129916e-13       3.605658988819e-15       1.575704158655e-16       2.062427804211e-17      -1.748455846756e-18 
 2466       1.173836908466e-11       3.754886900004e-13      -4.236510109631e-13       3.600773832754e-15       1.573065514068e-16       2.071166394683e-17      -1.754242620731e-18 
 2467       1.170261839604e-11       3.757614287493e-13      -4.212556719062e-13       3.595890131432e-15       1.570432367470e-16       2.079843636136e-17      -1.760573737085e-18 
 2468       1.166692181128e-11       3.760489323695e-13      -4.189525497182e-13       3.591007979258e-15       1.567804705064e-16       2.088455439442e-17      -1.767548980034e-18 
 2469       1.163128547432e-11       3.763506634090e-13      -4.167421995325e-13       3.586127470892e-15       1.565182512956e-16       2.096997702630e-17      -1.775268454057e-18 
 2470       1.159571554840e-11       3.766660825873e-13      -4.146251777198e-13       3.581248701247e-15       1.562565777149e-16       2.105466310874e-17      -1.783832584216e-18 
 2471       1.156021821614e-11       3.769946487944e-13      -4.126020418891e-13       3.576371765493e-15       1.559954483550e-16       2.113857136479e-17      -1.793342116485e-18 
 2472       1.152479967947e-11       3.773358190879e-13      -4.106733508887e-13       3.571496759053e-15       1.557348617965e-16       2.122166038868e-17      -1.803898118068e-18 
 2473       1.148946615975e-11       3.776890486919e-13      -4.088396648075e-13       3.566623777606e-15       1.554748166100e-16       2.130388864571e-17      -1.815601977725e-18 
 2474       1.145422389769e-11       3.780537909947e-13      -4.071015449757e-13       3.561752917088e-15       1.552153113562e-16       2.138521447209e-17      -1.828555406094e-18 
 2475       1.141907915346e-11       3.784294975471e-13      -4.054595539661e-13       3.556884273690e-15       1.549563445857e-16       2.146559607484e-17      -1.842860436016e-18 
 2476       1.138403820664e-11       3.788156180607e-13      -4.039142555953e-13       3.552017943859e-15       1.546979148392e-16       2.154499153165e-17      -1.858619422855e-18 
 2477       1.134910686651e-11       3.792115930990e-13      -4.024658819960e-13       3.547154027820e-15       1.544400205220e-16       2.162337144891e-17      -1.875906612530e-18 
 2478       1.131428899959e-11       3.796168321103e-13      -4.011133326833e-13       3.542292640173e-15       1.541826595265e-16       2.170075701786e-17      -1.894682661296e-18 
 2479       1.127958799339e-11       3.800307352616e-13      -3.998551695737e-13       3.537433899356e-15       1.539258296078e-16       2.177718218315e-17      -1.914879611305e-18 
 2480       1.124500724547e-11       3.804527007310e-13      -3.986899493712e-13       3.532577924134e-15       1.536695285083e-16       2.185268100523e-17      -1.936429276777e-18 
 2481       1.121055016340e-11       3.808821247060e-13      -3.976162235612e-13       3.527724833598e-15       1.534137539580e-16       2.192728766045e-17      -1.959263243773e-18 
 2482       1.117622016476e-11       3.813184013813e-13      -3.966325384055e-13       3.522874747166e-15       1.531585036742e-16       2.200103644121e-17      -1.983312869956e-18 
 2483       1.114202067718e-11       3.817609229568e-13      -3.957374349367e-13       3.518027784580e-15       1.529037753618e-16       2.207396175606e-17      -2.008509284363e-18 
 2484       1.110795513836e-11       3.822090796357e-13      -3.949294489528e-13       3.513184065910e-15       1.526495667131e-16       2.214609812983e-17      -2.034783387173e-18 
 2485       1.107402699603e-11       3.826622596221e-13      -3.942071110116e-13       3.508343711553e-15       1.523958754080e-16       2.221748020371e-17      -2.062065849469e-18 
 2486       1.104023970800e-11       3.831198491195e-13      -3.935689464255e-13       3.503506842232e-15       1.521426991135e-16       2.228814273542e-17      -2.090287113010e-18 
 2487       1.100659674216e-11       3.835812323284e-13      -3.930134752559e-13       3.498673578999e-15       1.518900354843e-16       2.235812059933e-17      -2.119377389999e-18 
 2488       1.097310157648e-11       3.840457914444e-13      -3.925392123076e-13       3.493844043234e-15       1.516378821624e-16       2.242744878652e-17      -2.149266662845e-18 
 2489       1.093975769905e-11       3.845129066561e-13      -3.921446671238e-13       3.489018356642e-15       1.513862367772e-16       2.249616240495e-17      -2.179884683937e-18 
 2490       1.090656860804e-11       3.849819561434e-13      -3.918283439800e-13       3.484196641261e-15       1.511350969452e-16       2.256429667958e-17      -2.211160975405e-18 
 2491       1.087353781175e-11       3.854523160749e-13      -3.915887418794e-13       3.479379019454e-15       1.508844602707e-16       2.263188695244e-17      -2.243024828893e-18 
 2492       1.084066882861e-11       3.859233606065e-13      -3.914243545465e-13       3.474565613915e-15       1.506343243450e-16       2.269896868283e-17      -2.275405305323e-18 
 2493       1.080796518718e-11       3.863944618789e-13      -3.913336704225e-13       3.469756547667e-15       1.503846867468e-16       2.276557744734e-17      -2.308231234662e-18 
 2494       1.077543042617e-11       3.868649900158e-13      -3.913151726593e-13       3.464951944061e-15       1.501355450422e-16       2.283174894007e-17      -2.341431215693e-18 
 2495       1.074306809445e-11       3.873343131218e-13      -3.913673391141e-13       3.460151926780e-15       1.498868967844e-16       2.289751897266e-17      -2.374933615777e-18 
 2496       1.071088175104e-11       3.878017972806e-13      -3.914886423443e-13       3.455356619837e-15       1.496387395141e-16       2.296292347447e-17      -2.408666570626e-18 
 2497       1.067887496517e-11       3.882668065526e-13      -3.916775496017e-13       3.450566147575e-15       1.493910707591e-16       2.302799849267e-17      -2.442557984065e-18 
 2498       1.064705131622e-11       3.887287029731e-13      -3.919325228274e-13       3.445780634667e-15       1.491438880345e-16       2.309278019237e-17      -2.476535527804e-18 
 2499       1.061541439378e-11       3.891868465503e-13      -3.922520186457e-13       3.441000206118e-15       1.488971888425e-16       2.315730485673e-17      -2.510526641201e-18 
 2500       1.058396779764e-11       3.896405952633e-13      -3.926344883595e-13       3.436224987264e-15       1.486509706728e-16       2.322160888709e-17      -2.544458531035e-18 
