    2       1.376690466137e-10       4.193985795910e-15       3.531916745831e-13       0.000000000000e+00       8.326523700028e-09       4.531927477635e-10      -1.844740525589e-12 
    3       1.302539290372e-10       5.369134149340e-15       3.962998765748e-13       0.000000000000e+00       5.091551092868e-09       3.205991498671e-10      -1.396759238090e-12 
    4       1.232626008153e-10       4.639679698986e-15       3.703232149484e-13       0.000000000000e+00       3.524932698712e-09       2.424521701798e-10      -9.138430610732e-13 
    5       1.180274592027e-10       3.091901295142e-15       3.151922935493e-13       0.000000000000e+00       2.623395228895e-09       1.913199618104e-10      -5.074153709091e-13 
    6       1.144382310305e-10       1.726885887295e-15       2.537064830385e-13       0.000000000000e+00       2.044558927573e-09       1.555248308649e-10      -2.081781294372e-13 
    7       1.121169669590e-10       9.323883997849e-16       1.990886064015e-13       0.000000000000e+00       1.646180717333e-09       1.292962748957e-10      -1.753345577727e-14 
    8       1.107673906052e-10       6.014883995897e-16       1.571020343835e-13       0.000000000000e+00       1.358126518123e-09       1.094348933952e-10       7.955289142249e-14 
    9       1.101385582456e-10       4.826149525805e-16       1.290185869365e-13       0.000000000000e+00       1.141893108464e-09       9.401159052730e-11       1.065110961329e-13 
   10       1.100212179146e-10       4.107438415759e-16       1.134868335028e-13       0.000000000000e+00       9.747051906074e-10       8.177801570097e-11       8.926000399330e-14 
   11       1.103333198314e-10       3.445149703729e-16       1.078115935153e-13       0.000000000000e+00       8.346143257323e-10       7.262542948148e-11       5.192305850710e-14 
   12       1.109555288196e-10       2.996057369771e-16       1.089794469617e-13       0.000000000000e+00       7.294152806168e-10       6.426236398341e-11       1.215515671955e-14 
   13       1.118218745469e-10       2.868946448206e-16       1.142798989456e-13       0.000000000000e+00       6.430341261881e-10       5.744098266061e-11      -1.811958894838e-14 
   14       1.128644479717e-10       2.983138101850e-16       1.216507635194e-13       0.000000000000e+00       5.711508586020e-10       5.146932404424e-11      -3.462487668459e-14 
   15       1.140883512088e-10       3.221778425285e-16       1.298229433373e-13       0.000000000000e+00       5.106362669879e-10       4.644952994093e-11      -3.756759702189e-14 
   16       1.154483251506e-10       3.560373004509e-16       1.381872049978e-13       0.000000000000e+00       4.591750509316e-10       4.214708351960e-11      -3.092189685697e-14 
   17       1.169215104058e-10       4.053138868456e-16       1.465076894226e-13       0.000000000000e+00       4.150217868335e-10       3.840651553422e-11      -1.988607352437e-14 
   18       1.184731362844e-10       4.755351117653e-16       1.549778263453e-13       0.000000000000e+00       3.766969220374e-10       3.511086966013e-11      -9.398627057528e-15 
   19       1.201155677396e-10       5.670563827288e-16       1.638530976285e-13       0.000000000000e+00       3.435818286607e-10       3.223031548882e-11      -2.069412677563e-15 
   20       1.218249004349e-10       6.778435621606e-16       1.733374461447e-13       0.000000000000e+00       3.144146666688e-10       2.969336844809e-11       4.121761755896e-16 
   21       1.236088781283e-10       8.071808917845e-16       1.833522613513e-13       0.000000000000e+00       2.887368402682e-10       2.745329131591e-11      -1.353720161230e-15 
   22       1.254540667064e-10       9.545042157683e-16       1.936515546023e-13       0.000000000000e+00       2.659302198416e-10       2.543554794270e-11      -5.583765457569e-15 
   23       1.273597326363e-10       1.120068104346e-15       2.039228613701e-13       0.000000000000e+00       2.456896597362e-10       2.361775496419e-11      -1.053978554246e-14 
   24       1.293081350512e-10       1.304215055074e-15       2.137851384217e-13       0.000000000000e+00       2.275532226602e-10       2.197341510771e-11      -1.438663825011e-14 
   25       1.312992970196e-10       1.507125678546e-15       2.229292653942e-13       0.000000000000e+00       2.112749930753e-10       2.049255148777e-11      -1.631358751661e-14 
   26       1.333256961714e-10       1.729081289625e-15       2.310822288439e-13       0.000000000000e+00       1.965364819045e-10       1.915666371846e-11      -1.598632590891e-14 
   27       1.353967207781e-10       1.971671049250e-15       2.381822220641e-13       0.000000000000e+00       1.832613356865e-10       1.795590440708e-11      -1.391850538110e-14 
   28       1.375108019515e-10       2.237119969773e-15       2.442596720226e-13       0.000000000000e+00       1.712887445278e-10       1.686683441668e-11      -1.111936457490e-14 
   29       1.396527766143e-10       2.527694401190e-15       2.493728753097e-13       0.000000000000e+00       1.603280673500e-10       1.585493418364e-11      -8.713327769882e-15 
   30       1.418300474642e-10       2.844569074632e-15       2.535540982767e-13       0.000000000000e+00       1.503189064263e-10       1.491998500293e-11      -7.084033727831e-15 
   31       1.440471738602e-10       3.188504922377e-15       2.568459690383e-13       0.000000000000e+00       1.411869798338e-10       1.406643292639e-11      -6.401994749046e-15 
   32       1.462989980298e-10       3.560196991886e-15       2.592851929768e-13       0.000000000000e+00       1.327878308218e-10       1.329162127451e-11      -6.746480691714e-15 
   33       1.485852052311e-10       3.960530043788e-15       2.607910995555e-13       0.000000000000e+00       1.250757331220e-10       1.258835057063e-11      -7.772636046590e-15 
   34       1.508986891378e-10       4.390404906160e-15       2.612347053433e-13       0.000000000000e+00       1.179824144143e-10       1.194180455979e-11      -8.907260695171e-15 
   35       1.532270627578e-10       4.850674358477e-15       2.604811939270e-13       0.000000000000e+00       1.114023295621e-10       1.133374804023e-11      -9.573229648687e-15 
   36       1.555755181281e-10       5.342168684599e-15       2.584425487074e-13       0.000000000000e+00       1.053184207472e-10       1.076223711358e-11      -9.705310003735e-15 
   37       1.579503632825e-10       5.865671306402e-15       2.550418182427e-13       0.000000000000e+00       9.971164175025e-11       1.022791929740e-11      -9.409312941644e-15 
   38       1.603520980656e-10       6.421906526757e-15       2.501988176314e-13       0.000000000000e+00       9.452293639128e-11       9.728438217320e-12      -8.829054190521e-15 
   39       1.627776048060e-10       7.011566068206e-15       2.438466346440e-13       0.000000000000e+00       8.967454276398e-11       9.259825058871e-12      -8.128269495483e-15 
   40       1.652292755150e-10       7.635410035571e-15       2.359886013472e-13       0.000000000000e+00       8.515162340064e-11       8.821957595659e-12      -7.422108113222e-15 
   41       1.677078566966e-10       8.294193180231e-15       2.266602794397e-13       0.000000000000e+00       8.094228994147e-11       8.414471231135e-12      -6.826983848392e-15 
   42       1.702093896605e-10       8.988635106199e-15       2.159153374487e-13       0.000000000000e+00       7.701324577357e-11       8.035071641296e-12      -6.480655668196e-15 
   43       1.727282125663e-10       9.719410142644e-15       2.038022922601e-13       0.000000000000e+00       7.332210256290e-11       7.680441008546e-12      -6.500032378563e-15 
   44       1.752681886814e-10       1.048711785218e-14       1.902836866472e-13       0.000000000000e+00       6.986318088494e-11       7.349688508562e-12      -6.835977847587e-15 
   45       1.778341939255e-10       1.129230000814e-14       1.752934050125e-13       0.000000000000e+00       6.663295797140e-11       7.041695270246e-12      -7.375287375595e-15 
   46       1.804287146391e-10       1.213544554256e-14       1.587582296744e-13       0.000000000000e+00       6.361631618504e-11       6.754039856483e-12      -7.978679556696e-15 
   47       1.830516016661e-10       1.301698806430e-14       1.405973104307e-13       0.000000000000e+00       6.078563900277e-11       6.482899948919e-12      -8.479268296824e-15 
   48       1.857011733764e-10       1.393727218196e-14       1.207355269167e-13       0.000000000000e+00       5.810931312846e-11       6.224181115734e-12      -8.728399472594e-15 
   49       1.883784662150e-10       1.489644703787e-14       9.914926748293e-14       0.000000000000e+00       5.558217824118e-11       5.977508773068e-12      -8.752005085378e-15 
   50       1.910837598169e-10       1.589453849850e-14       7.583264347351e-14       0.000000000000e+00       5.320210745582e-11       5.743192592055e-12      -8.635698184218e-15 
   51       1.938151599451e-10       1.693147375614e-14       5.078489710284e-14       0.000000000000e+00       5.096093693013e-11       5.521062833484e-12      -8.482123031595e-15 
   52       1.965684213962e-10       1.800707725549e-14       2.401057983535e-14       0.000000000000e+00       4.884404175251e-11       5.310434638854e-12      -8.411843684787e-15 
   53       1.993389977117e-10       1.912118360176e-14      -4.487693690453e-15       0.000000000000e+00       4.683492844281e-11       5.110407349590e-12      -8.532155050672e-15 
   54       2.021292167412e-10       2.027401974727e-14      -3.473358199422e-14       0.000000000000e+00       4.493137512841e-11       4.920935023170e-12      -8.832055105873e-15 
   55       2.049426415746e-10       2.146591398196e-14      -6.675862744542e-14       0.000000000000e+00       4.313270253210e-11       4.741968956985e-12      -9.261814203575e-15 
   56       2.077819234038e-10       2.269718836670e-14      -1.005955094975e-13       0.000000000000e+00       4.143491168222e-11       4.573125581307e-12      -9.762242514838e-15 
   57       2.106487177960e-10       2.396815956474e-14      -1.362781776060e-13       0.000000000000e+00       3.983047014065e-11       4.413664797645e-12      -1.026423364028e-14 
   58       2.135436009668e-10       2.527913967309e-14      -1.738419841474e-13       0.000000000000e+00       3.830809823066e-11       4.262468317105e-12      -1.068830822176e-14 
   59       2.164665997126e-10       2.663028297614e-14      -2.133132513428e-13       0.000000000000e+00       3.685587374797e-11       4.118342087803e-12      -1.096384462427e-14 
   60       2.194191150763e-10       2.802108275972e-14      -2.546748408397e-13       0.000000000000e+00       3.547187356544e-11       3.981054788955e-12      -1.109302262463e-14 
   61       2.224022982330e-10       2.945075890400e-14      -2.978928090666e-13       0.000000000000e+00       3.415562990610e-11       3.850502650767e-12      -1.110094914027e-14 
   62       2.254164144707e-10       3.091839738498e-14      -3.429260495458e-13       0.000000000000e+00       3.290492993626e-11       3.726396112640e-12      -1.101748347772e-14 
   63       2.284607802654e-10       3.242294588291e-14      -3.897260676428e-13       0.000000000000e+00       3.171571448441e-11       3.608249147592e-12      -1.087744830256e-14 
   64       2.315337003569e-10       3.396320939074e-14      -4.382367553150e-13       0.000000000000e+00       3.058197676013e-11       3.495368586687e-12      -1.072084060951e-14 
   65       2.346333766204e-10       3.553799977172e-14      -4.884063836950e-13       0.000000000000e+00       2.949741969066e-11       3.387045202509e-12      -1.058391791906e-14 
   66       2.377609997442e-10       3.714663111057e-14      -5.402270388089e-13       0.000000000000e+00       2.846106338351e-11       3.283197974489e-12      -1.046978882973e-14 
   67       2.409182017670e-10       3.878852172874e-14      -5.937031596811e-13       0.000000000000e+00       2.747264768701e-11       3.183847587407e-12      -1.037195277897e-14 
   68       2.441061069833e-10       4.046304940847e-14      -6.488401717853e-13       0.000000000000e+00       2.653092724657e-11       3.088921774146e-12      -1.028283178541e-14 
   69       2.473252962024e-10       4.216955130749e-14      -7.056446035514e-13       0.000000000000e+00       2.563361941567e-11       2.998250283720e-12      -1.019372618047e-14 
   70       2.505757710067e-10       4.390732387371e-14      -7.641242028720e-13       0.000000000000e+00       2.477735216684e-11       2.911559849318e-12      -1.009477033991e-14 
   71       2.538569180098e-10       4.567562275995e-14      -8.242880536090e-13       0.000000000000e+00       2.395761200264e-11       2.828469156334e-12      -9.974888415459e-15 
   72       2.571680156521e-10       4.747361244060e-14      -8.861385086249e-13       0.000000000000e+00       2.316990489512e-11       2.748590374821e-12      -9.824895078680e-15 
   73       2.605099466313e-10       4.930020405496e-14      -9.496449373128e-13       0.000000000000e+00       2.241361284409e-11       2.671867501743e-12      -9.647585181207e-15 
   74       2.638837511126e-10       5.115418613885e-14      -1.014765125990e-12       0.000000000000e+00       2.168878689861e-11       2.598294172332e-12      -9.449509821452e-15 
   75       2.672900903589e-10       5.303427095213e-14      -1.081452945747e-12       0.000000000000e+00       2.099497573996e-11       2.527810295278e-12      -9.238030000494e-15 
   76       2.707292233764e-10       5.493909324504e-14      -1.149658282117e-12       0.000000000000e+00       2.033120128733e-11       2.460299453749e-12      -9.021344157603e-15 
   77       2.742009835593e-10       5.686720902455e-14      -1.219326964746e-12       0.000000000000e+00       1.969593430351e-11       2.395586306400e-12      -8.808515705755e-15 
   78       2.777047553353e-10       5.881709432071e-14      -1.290400697059e-12       0.000000000000e+00       1.908707000061e-11       2.333433988389e-12      -8.609500567152e-15 
   79       2.812394508108e-10       6.078714395298e-14      -1.362816985934e-12       0.000000000000e+00       1.850190364573e-11       2.273541512386e-12      -8.435174708735e-15 
   80       2.848040136723e-10       6.277572731226e-14      -1.436514487860e-12       0.000000000000e+00       1.793780233904e-11       2.215619157808e-12      -8.294776517429e-15 
   81       2.883990830532e-10       6.478136957714e-14      -1.511450271380e-12       0.000000000000e+00       1.739440837108e-11       2.159635434117e-12      -8.187661822754e-15 
   82       2.920255773421e-10       6.680259986403e-14      -1.587585438193e-12       0.000000000000e+00       1.687177577308e-11       2.105608462969e-12      -8.110160564088e-15 
   83       2.956841792109e-10       6.883789683174e-14      -1.664880002452e-12       0.000000000000e+00       1.636969680641e-11       2.053530662432e-12      -8.058014748781e-15 
   84       2.993753220232e-10       7.088568850367e-14      -1.743292920734e-12       0.000000000000e+00       1.588769046033e-11       2.003367592228e-12      -8.026358114334e-15 
   85       3.030991762442e-10       7.294435209003e-14      -1.822782122013e-12       0.000000000000e+00       1.542499094982e-11       1.955056798976e-12      -8.009695790575e-15 
   86       3.068556358496e-10       7.501221380998e-14      -1.903304537641e-12       0.000000000000e+00       1.498053621328e-11       1.908506661423e-12      -8.001883961844e-15 
   87       3.106443047347e-10       7.708754871390e-14      -1.984816131317e-12       0.000000000000e+00       1.455295641037e-11       1.863595235692e-12      -7.996109529168e-15 
   88       3.144644831237e-10       7.916858050553e-14      -2.067271929065e-12       0.000000000000e+00       1.414056241978e-11       1.820169100519e-12      -7.984869772440e-15 
   89       3.183154594992e-10       8.125350415593e-14      -2.150624346245e-12       0.000000000000e+00       1.374174810493e-11       1.778081174816e-12      -7.961578080966e-15 
   90       3.221974684964e-10       8.334055819823e-14      -2.234817802486e-12       0.000000000000e+00       1.335629450089e-11       1.737313486150e-12      -7.925714147631e-15 
   91       3.261108589304e-10       8.542796349873e-14      -2.319793313308e-12       0.000000000000e+00       1.298424997191e-11       1.697871622700e-12      -7.878447960314e-15 
   92       3.300557927649e-10       8.751390163610e-14      -2.405490122286e-12       0.000000000000e+00       1.262552942640e-11       1.659746912392e-12      -7.821089619978e-15 
   93       3.340322360984e-10       8.959651506503e-14      -2.491845705508e-12       0.000000000000e+00       1.227990901349e-11       1.622915852000e-12      -7.755093363414e-15 
   94       3.380399501503e-10       9.167390727987e-14      -2.578795776040e-12       0.000000000000e+00       1.194702081955e-11       1.587339536235e-12      -7.682061586006e-15 
   95       3.420784822477e-10       9.374414297827e-14      -2.666274288389e-12       0.000000000000e+00       1.162634756478e-11       1.552963086842e-12      -7.603748864477e-15 
   96       3.461471568110e-10       9.580524822484e-14      -2.754213442962e-12       0.000000000000e+00       1.131721729972e-11       1.519715081697e-12      -7.522065979648e-15 
   97       3.502450663406e-10       9.785521061480e-14      -2.842543690531e-12       0.000000000000e+00       1.101879810183e-11       1.487506983897e-12      -7.439083939188e-15 
   98       3.543710624032e-10       9.989197943759e-14      -2.931193736694e-12       0.000000000000e+00       1.073009277201e-11       1.456232570858e-12      -7.357038000372e-15 
   99       3.585240401954e-10       1.019135133824e-13      -3.020092094453e-12       0.000000000000e+00       1.045016737991e-11       1.425793188028e-12      -7.277884487852e-15 
  100       3.627038577087e-10       1.039179310107e-13      -3.109171983220e-12       0.000000000000e+00       1.017888530031e-11       1.396178825512e-12      -7.201890925919e-15 
  101       3.669105306174e-10       1.059033820000e-13      -3.198367135231e-12       0.000000000000e+00       9.916267778131e-12       1.367397518110e-12      -7.128852754682e-15 
  102       3.711439449295e-10       1.078680022339e-13      -3.287610332271e-12       0.000000000000e+00       9.662266917466e-12       1.339450290577e-12      -7.058521339279e-15 
  103       3.754038515316e-10       1.098099145424e-13      -3.376833428897e-12       0.000000000000e+00       9.416763212692e-12       1.312330899752e-12      -6.990602571966e-15 
  104       3.796898607336e-10       1.117272294410e-13      -3.465967375667e-12       0.000000000000e+00       9.179563079531e-12       1.286025576673e-12      -6.924755474206e-15 
  105       3.840014368138e-10       1.136180458716e-13      -3.554942242370e-12       0.000000000000e+00       8.950396386133e-12       1.260512768698e-12      -6.860590798752e-15 
  106       3.883378925632e-10       1.154804519416e-13      -3.643687241249e-12       0.000000000000e+00       8.728913984152e-12       1.235762881628e-12      -6.797669631739e-15 
  107       3.926983838306e-10       1.173125256643e-13      -3.732130750231e-12       0.000000000000e+00       8.514685239831e-12       1.211738021825e-12      -6.735501994769e-15 
  108       3.970819040675e-10       1.191123356986e-13      -3.820200336152e-12       0.000000000000e+00       8.307195565076e-12       1.188391738331e-12      -6.673545447001e-15 
  109       4.014872788726e-10       1.208779420889e-13      -3.907822777986e-12       0.000000000000e+00       8.105843948536e-12       1.165668764992e-12      -6.611203687236e-15 
  110       4.059133664945e-10       1.226074445350e-13      -3.994924541625e-12       0.000000000000e+00       7.910078445740e-12       1.143517983613e-12      -6.547952606569e-15 
  111       4.103597002074e-10       1.242991326340e-13      -4.081433223441e-12       0.000000000000e+00       7.719827654113e-12       1.121933752251e-12      -6.483739780422e-15 
  112       4.148259183187e-10       1.259513563407e-13      -4.167276335795e-12       0.000000000000e+00       7.535120093880e-12       1.100919408048e-12      -6.418633724576e-15 
  113       4.193115621688e-10       1.275624813489e-13      -4.252380899349e-12       0.000000000000e+00       7.355950084847e-12       1.080474392523e-12      -6.352700871216e-15 
  114       4.238160727000e-10       1.291308902990e-13      -4.336673470729e-12       0.000000000000e+00       7.182276633347e-12       1.060594123623e-12      -6.286005423602e-15 
  115       4.283387870249e-10       1.306549839849e-13      -4.420080170193e-12       0.000000000000e+00       7.014022319180e-12       1.041269867786e-12      -6.218609210745e-15 
  116       4.328789349960e-10       1.321331825609e-13      -4.502526709292e-12       0.000000000000e+00       6.851072182553e-12       1.022488611991e-12      -6.150571542076e-15 
  117       4.374356357745e-10       1.335639267491e-13      -4.583938418540e-12       0.000000000000e+00       6.693272611026e-12       1.004232935823e-12      -6.081949062125e-15 
  118       4.420078943990e-10       1.349456790460e-13      -4.664240275074e-12       0.000000000000e+00       6.540430226452e-12       9.864808835222e-13      -6.012795605189e-15 
  119       4.465945983546e-10       1.362769249297e-13      -4.743356930322e-12       0.000000000000e+00       6.392310771919e-12       9.692058360446e-13      -5.943162050005e-15 
  120       4.511945141420e-10       1.375561740671e-13      -4.821212737669e-12       0.000000000000e+00       6.248637998692e-12       9.523763831187e-13      -5.873096174427e-15 
  121       4.558062838461e-10       1.387819615207e-13      -4.897731780118e-12       0.000000000000e+00       6.109092553154e-12       9.359561953014e-13      -5.802642510094e-15 
  122       4.604284217053e-10       1.399528489556e-13      -4.972837897959e-12       0.000000000000e+00       5.973310863752e-12       9.199038960354e-13      -5.731842197108e-15 
  123       4.650594909884e-10       1.410674737091e-13      -5.046455687169e-12       0.000000000000e+00       5.840963602409e-12       9.041825574579e-13      -5.660744547095e-15 
  124       4.696986649428e-10       1.421246998098e-13      -5.118513565564e-12       0.000000000000e+00       5.712003646061e-12       8.887896955854e-13      -5.589443546107e-15 
  125       4.743452241230e-10       1.431234866633e-13      -5.188941112669e-12       0.000000000000e+00       5.586444636408e-12       8.737304959588e-13      -5.518045290890e-15 
  126       4.789983798630e-10       1.440628443110e-13      -5.257668165473e-12       0.000000000000e+00       5.464283474942e-12       8.590084468477e-13      -5.446656603438e-15 
  127       4.836572722638e-10       1.449418350142e-13      -5.324624853728e-12       0.000000000000e+00       5.345499835969e-12       8.446252870251e-13      -5.375384977789e-15 
  128       4.883209681809e-10       1.457595748370e-13      -5.389741635255e-12       0.000000000000e+00       5.230055679627e-12       8.305809535421e-13      -5.304338526812e-15 
  129       4.929884592120e-10       1.465152352306e-13      -5.452949331247e-12       0.000000000000e+00       5.117894764902e-12       8.168735295028e-13      -5.233625929003e-15 
  130       4.976586596842e-10       1.472080446164e-13      -5.514179161566e-12       0.000000000000e+00       5.008942162656e-12       8.034991918387e-13      -5.163356375277e-15 
  131       5.023304046424e-10       1.478372899700e-13      -5.573362780054e-12       0.000000000000e+00       4.903103768639e-12       7.904521590841e-13      -5.093639515761e-15 
  132       5.070024478359e-10       1.484023184045e-13      -5.630432309828e-12       0.000000000000e+00       4.800265816513e-12       7.777246391501e-13      -5.024585406584e-15 
  133       5.116734597067e-10       1.489025387542e-13      -5.685320378588e-12       0.000000000000e+00       4.700294390869e-12       7.653067771002e-13      -4.956304456672e-15 
  134       5.163420253769e-10       1.493374231582e-13      -5.737960153916e-12       0.000000000000e+00       4.603034940250e-12       7.531866029241e-13      -4.888907374541e-15 
  135       5.210066426359e-10       1.497065086441e-13      -5.788285378582e-12       0.000000000000e+00       4.508311790166e-12       7.413499793133e-13      -4.822505115087e-15 
  136       5.256657199287e-10       1.500093987115e-13      -5.836230405843e-12       0.000000000000e+00       4.415927656119e-12       7.297805494354e-13      -4.757208826380e-15 
  137       5.303177147012e-10       1.502457928027e-13      -5.881730851968e-12       0.000000000000e+00       4.325705507188e-12       7.184631393570e-13      -4.693100760757e-15 
  138       5.349615688551e-10       1.504155748047e-13      -5.924725555289e-12       0.000000000000e+00       4.237620076806e-12       7.073944732244e-13      -4.630143723495e-15 
  139       5.395963147483e-10       1.505187367506e-13      -5.965154887746e-12       0.000000000000e+00       4.151679100629e-12       6.965734730215e-13      -4.568262109456e-15 
  140       5.442209377675e-10       1.505553534984e-13      -6.002960194718e-12       0.000000000000e+00       4.067881970869e-12       6.859978733934e-13      -4.507369862743e-15 
  141       5.488343752079e-10       1.505255844917e-13      -6.038083834240e-12       0.000000000000e+00       3.986219518114e-12       6.756641913482e-13      -4.447370239193e-15 
  142       5.534355151506e-10       1.504296755200e-13      -6.070469216223e-12       0.000000000000e+00       3.906673793164e-12       6.655676959595e-13      -4.388155568879e-15 
  143       5.580231953415e-10       1.502679604798e-13      -6.100060841675e-12       0.000000000000e+00       3.829217848849e-12       6.557023780678e-13      -4.329607018607e-15 
  144       5.625962020701e-10       1.500408631350e-13      -6.126804341924e-12       0.000000000000e+00       3.753815521864e-12       6.460609199834e-13      -4.271594354409e-15 
  145       5.671532690472e-10       1.497488988773e-13      -6.150646517833e-12       0.000000000000e+00       3.680421214590e-12       6.366346651879e-13      -4.213975704044e-15 
  146       5.716930762839e-10       1.493926764871e-13      -6.171535379025e-12       0.000000000000e+00       3.608979676921e-12       6.274135880362e-13      -4.156597319495e-15 
  147       5.762142489701e-10       1.489728998938e-13      -6.189420183098e-12       0.000000000000e+00       3.539425788096e-12       6.183862634591e-13      -4.099293339467e-15 
  148       5.807153563526e-10       1.484903699370e-13      -6.204251474853e-12       0.000000000000e+00       3.471684338521e-12       6.095398366650e-13      -4.041885551880e-15 
  149       5.851949106138e-10       1.479459861262e-13      -6.215981125504e-12       0.000000000000e+00       3.405669811597e-12       6.008599928419e-13      -3.984183156374e-15 
  150       5.896513657503e-10       1.473407484024e-13      -6.224562371910e-12       0.000000000000e+00       3.341286165547e-12       5.923309268597e-13      -3.925982526800e-15 
  151       5.940831164509e-10       1.466757588979e-13      -6.229949855785e-12       0.000000000000e+00       3.278426615244e-12       5.839353129723e-13      -3.867066973718e-15 
  152       5.984884969755e-10       1.459522236975e-13      -6.232099662923e-12       0.000000000000e+00       3.216973414037e-12       5.756542745194e-13      -3.807206506897e-15 
  153       6.028659026295e-10       1.451714396135e-13      -6.230969610584e-12       0.000000000000e+00       3.156822198204e-12       5.674717571286e-13      -3.746216711028e-15 
  154       6.072141692507e-10       1.443347494243e-13      -6.226520057162e-12       0.000000000000e+00       3.097958025301e-12       5.593881694144e-13      -3.684142029638e-15 
  155       6.115322270167e-10       1.434435858134e-13      -6.218713242895e-12       0.000000000000e+00       3.040386019526e-12       5.514079581411e-13      -3.621089141525e-15 
  156       6.158189805256e-10       1.424994876510e-13      -6.207513088603e-12       0.000000000000e+00       2.984107351915e-12       5.435353108551e-13      -3.557169441492e-15 
  157       6.200733082986e-10       1.415041016783e-13      -6.192885236181e-12       0.000000000000e+00       2.929119147268e-12       5.357741480137e-13      -3.492499103904e-15 
  158       6.242940622831e-10       1.404591841914e-13      -6.174797089072e-12       0.000000000000e+00       2.875414391071e-12       5.281281151135e-13      -3.427199146246e-15 
  159       6.284800673555e-10       1.393666027263e-13      -6.153217852763e-12       0.000000000000e+00       2.822981836418e-12       5.206005748201e-13      -3.361395492680e-15 
  160       6.326301208237e-10       1.382283377425e-13      -6.128118575259e-12       0.000000000000e+00       2.771805910937e-12       5.131945990959e-13      -3.295219037606e-15 
  161       6.367429919306e-10       1.370464843076e-13      -6.099472187573e-12       0.000000000000e+00       2.721866623710e-12       5.059129613301e-13      -3.228805709213e-15 
  162       6.408174213561e-10       1.358232537817e-13      -6.067253544210e-12       0.000000000000e+00       2.673139472197e-12       4.987581284666e-13      -3.162296533045e-15 
  163       6.448521207209e-10       1.345609755016e-13      -6.031439463646e-12       0.000000000000e+00       2.625595349161e-12       4.917322531335e-13      -3.095837695553e-15 
  164       6.488457720884e-10       1.332620984648e-13      -5.992008768820e-12       0.000000000000e+00       2.579200449587e-12       4.848371657714e-13      -3.029580607656e-15 
  165       6.527970274680e-10       1.319291930143e-13      -5.948942327611e-12       0.000000000000e+00       2.533916177608e-12       4.780743667629e-13      -2.963681968295e-15 
  166       6.567045083183e-10       1.305649525226e-13      -5.902223093326e-12       0.000000000000e+00       2.489699053427e-12       4.714450185609e-13      -2.898303827996e-15 
  167       6.605668050490e-10       1.291721950758e-13      -5.851836145185e-12       0.000000000000e+00       2.446500620240e-12       4.649499378180e-13      -2.833613652424e-15 
  168       6.643824765245e-10       1.277538651584e-13      -5.797768728800e-12       0.000000000000e+00       2.404267351160e-12       4.585895875147e-13      -2.769784385941e-15 
  169       6.681500495667e-10       1.263130353372e-13      -5.740010296665e-12       0.000000000000e+00       2.362940556138e-12       4.523640690888e-13      -2.706994515167e-15 
  170       6.718680184573e-10       1.248529079457e-13      -5.678552548637e-12       0.000000000000e+00       2.322456288887e-12       4.462731145642e-13      -2.645428132534e-15 
  171       6.755349427529e-10       1.233767205162e-13      -5.613388769249e-12       0.000000000000e+00       2.282758284407e-12       4.403160162674e-13      -2.585235790652e-15 
  172       6.791497509217e-10       1.218874497015e-13      -5.544511692878e-12       0.000000000000e+00       2.243838176940e-12       4.344914258811e-13      -2.526413269600e-15 
  173       6.827114611890e-10       1.203880857784e-13      -5.471915537323e-12       0.000000000000e+00       2.205698472687e-12       4.287975234747e-13      -2.468912775845e-15 
  174       6.862190854098e-10       1.188817279595e-13      -5.395596728282e-12       0.000000000000e+00       2.168339781445e-12       4.232320703434e-13      -2.412681145851e-15 
  175       6.896716289723e-10       1.173715856850e-13      -5.315553936972e-12       0.000000000000e+00       2.131760776695e-12       4.177924008825e-13      -2.357659749664e-15 
  176       6.930680907017e-10       1.158609799143e-13      -5.231788117743e-12       0.000000000000e+00       2.095958155691e-12       4.124754144613e-13      -2.303784394492e-15 
  177       6.964074627645e-10       1.143533444173e-13      -5.144302545689e-12       0.000000000000e+00       2.060926599542e-12       4.072775672978e-13      -2.250985228297e-15 
  178       6.996887305724e-10       1.128522270663e-13      -5.053102854271e-12       0.000000000000e+00       2.026658733307e-12       4.021948643325e-13      -2.199186643377e-15 
  179       7.029108726859e-10       1.113612911273e-13      -4.958197072926e-12       0.000000000000e+00       1.993145086076e-12       3.972228511028e-13      -2.148307179952e-15 
  180       7.060728607189e-10       1.098843165519e-13      -4.859595664684e-12       0.000000000000e+00       1.960374051063e-12       3.923566056172e-13      -2.098259429751e-15 
  181       7.091736592417e-10       1.084252012685e-13      -4.757311563784e-12       0.000000000000e+00       1.928331845686e-12       3.875907302296e-13      -2.048949939596e-15 
  182       7.122122256860e-10       1.069879624744e-13      -4.651360213287e-12       0.000000000000e+00       1.897002471664e-12       3.829193435134e-13      -2.000279114990e-15 
  183       7.151875102480e-10       1.055767379269e-13      -4.541759602697e-12       0.000000000000e+00       1.866367675094e-12       3.783360721357e-13      -1.952141123697e-15 
  184       7.180984557928e-10       1.041957872350e-13      -4.428530305567e-12       0.000000000000e+00       1.836406906549e-12       3.738340427319e-13      -1.904423799336e-15 
  185       7.209439977582e-10       1.028494931512e-13      -4.311695517123e-12       0.000000000000e+00       1.807097281155e-12       3.694058737793e-13      -1.857008544958e-15 
  186       7.237230640588e-10       1.015423628629e-13      -4.191281091873e-12       0.000000000000e+00       1.778413538688e-12       3.650436674717e-13      -1.809770236638e-15 
  187       7.264345749896e-10       1.002790292841e-13      -4.067315581228e-12       0.000000000000e+00       1.750328003654e-12       3.607390015936e-13      -1.762577127057e-15 
  188       7.290774431304e-10       9.906425234675e-14      -3.939830271110e-12       0.000000000000e+00       1.722810545381e-12       3.564829213945e-13      -1.715290749089e-15 
  189       7.316505732492e-10       9.790292029270e-14      -3.808859219573e-12       0.000000000000e+00       1.695828538103e-12       3.522659314628e-13      -1.667765819386e-15 
  190       7.341528622068e-10       9.680005096497e-14      -3.674439294417e-12       0.000000000000e+00       1.669346821051e-12       3.480779876004e-13      -1.619850141964e-15 
  191       7.365832733893e-10       9.576058628432e-14      -3.536608039220e-12       0.000000000000e+00       1.643334648772e-12       3.439106267897e-13      -1.571418608935e-15 
  192       7.389410664431e-10       9.478875577058e-14      -3.395397014290e-12       0.000000000000e+00       1.617787207494e-12       3.397635524545e-13      -1.522478251837e-15 
  193       7.412255846268e-10       9.388866765668e-14      -3.250838027486e-12       0.000000000000e+00       1.592705639542e-12       3.356385286410e-13      -1.473070902522e-15 
  194       7.434361819785e-10       9.306451202122e-14      -3.102965291188e-12       0.000000000000e+00       1.568090181320e-12       3.315372852223e-13      -1.423239819670e-15 
  195       7.455722234635e-10       9.232056140333e-14      -2.951815452803e-12       0.000000000000e+00       1.543940146270e-12       3.274615167692e-13      -1.373029703946e-15 
  196       7.476330851224e-10       9.166117141752e-14      -2.797427625278e-12       0.000000000000e+00       1.520253907831e-12       3.234128814205e-13      -1.322486713165e-15 
  197       7.496181542188e-10       9.109078136846e-14      -2.639843417607e-12       0.000000000000e+00       1.497028882404e-12       3.193929997540e-13      -1.271658477445e-15 
  198       7.515268293870e-10       9.061391486588e-14      -2.479106965342e-12       0.000000000000e+00       1.474261512311e-12       3.154034536565e-13      -1.220594114372e-15 
  199       7.533585207799e-10       9.023518043937e-14      -2.315264961098e-12       0.000000000000e+00       1.451947248755e-12       3.114457851951e-13      -1.169344244161e-15 
  200       7.551126502170e-10       8.995927215319e-14      -2.148366685069e-12       0.000000000000e+00       1.430080534783e-12       3.075214954874e-13      -1.117961004809e-15 
  201       7.567886513320e-10       8.979097022117e-14      -1.978464035531e-12       0.000000000000e+00       1.408654788249e-12       3.036320435720e-13      -1.066498067265e-15 
  202       7.583859697206e-10       8.973514162148e-14      -1.805611559354e-12       0.000000000000e+00       1.387662384772e-12       2.997788452795e-13      -1.015010650581e-15 
  203       7.599040630886e-10       8.979674071150e-14      -1.629866482513e-12       0.000000000000e+00       1.367094640697e-12       2.959632721026e-13      -9.635555370770e-16 
  204       7.613424013994e-10       8.998080984265e-14      -1.451288740594e-12       0.000000000000e+00       1.346941796060e-12       2.921866500671e-13      -9.121910875000e-16 
  205       7.627004670221e-10       9.029247997521e-14      -1.269941009305e-12       0.000000000000e+00       1.327192997545e-12       2.884502586025e-13      -8.609772561835e-16 
  206       7.639777548789e-10       9.073697129316e-14      -1.085888734983e-12       0.000000000000e+00       1.307836281449e-12       2.847553294122e-13      -8.099756062077e-16 
  207       7.651737725937e-10       9.131959381905e-14      -8.992001651084e-13       0.000000000000e+00       1.288858556638e-12       2.811030453445e-13      -7.592493245597e-16 
  208       7.662880406389e-10       9.204574802875e-14      -7.099463788081e-13       0.000000000000e+00       1.270245587516e-12       2.774945392632e-13      -7.088632372934e-16 
  209       7.673200924843e-10       9.292092546638e-14      -5.182013173691e-13       0.000000000000e+00       1.251981976978e-12       2.739308929177e-13      -6.588838246893e-16 
  210       7.682694747440e-10       9.395070935910e-14      -3.240418147459e-13       0.000000000000e+00       1.234051149376e-12       2.704131358143e-13      -6.093792364150e-16 
  211       7.691357473247e-10       9.514077523191e-14      -1.275476280700e-13       0.000000000000e+00       1.216435333481e-12       2.669422440863e-13      -5.604193066846e-16 
  212       7.699184835735e-10       9.649689152255e-14       7.119853184051e-14       0.000000000000e+00       1.199115545440e-12       2.635191393649e-13      -5.120755694193e-16 
  213       7.706173087379e-10       9.802459152090e-14       2.721152225535e-13       0.000000000000e+00       1.182075294194e-12       2.601445982628e-13      -4.644082811081e-16 
  214       7.712320179278e-10       9.972816326833e-14       4.751353166999e-13       0.000000000000e+00       1.165312011422e-12       2.568189763706e-13      -4.174264831239e-16 
  215       7.717624664088e-10       1.016115926033e-13       6.801937777834e-13       0.000000000000e+00       1.148826360885e-12       2.535424634309e-13      -3.711252704808e-16 
  216       7.722085322532e-10       1.036788854571e-13       8.872234675860e-13       0.000000000000e+00       1.132618578150e-12       2.503151696938e-13      -3.254985228124e-16 
  217       7.725701165884e-10       1.059340676036e-13       1.096155126854e-12       0.000000000000e+00       1.116688463351e-12       2.471371245517e-13      -2.805388853281e-16 
  218       7.728471438457e-10       1.083811844090e-13       1.306917355986e-12       0.000000000000e+00       1.101035373949e-12       2.440082751748e-13      -2.362377497694e-16 
  219       7.730395620092e-10       1.110243005807e-13       1.519436595714e-12       0.000000000000e+00       1.085658217497e-12       2.409284851464e-13      -1.925852353662e-16 
  220       7.731473428642e-10       1.138674999175e-13       1.733637107798e-12       0.000000000000e+00       1.070555444393e-12       2.378975330982e-13      -1.495701697928e-16 
  221       7.731704822460e-10       1.169148850591e-13       1.949440955702e-12       0.000000000000e+00       1.055725040650e-12       2.349151113455e-13      -1.071800701245e-16 
  222       7.731090002885e-10       1.201705772353e-13       2.166767985290e-12       0.000000000000e+00       1.041164520652e-12       2.319808245226e-13      -6.540112379336e-17 
  223       7.729629416732e-10       1.236387160157e-13       2.385535805505e-12       0.000000000000e+00       1.026870919915e-12       2.290941882178e-13      -2.421816954501e-17 
  224       7.727323758775e-10       1.273234590597e-13       2.605659769058e-12       0.000000000000e+00       1.012840787850e-12       2.262546276091e-13       1.638532160550e-17 
  225       7.724173974234e-10       1.312289818651e-13       2.827052953115e-12       0.000000000000e+00       9.990701805220e-13       2.234614760989e-13       5.642726541734e-17 
  226       7.720181261265e-10       1.353594775189e-13       3.049626139980e-12       0.000000000000e+00       9.855546534131e-13       2.207139739501e-13       9.592698346763e-17 
  227       7.715347073446e-10       1.397191564456e-13       3.273287797786e-12       0.000000000000e+00       9.722892541820e-13       2.180112669204e-13       1.349052221952e-16 
  228       7.709673122260e-10       1.443122461577e-13       3.497944061176e-12       0.000000000000e+00       9.592685154256e-13       2.153524048986e-13       1.733841719444e-16 
  229       7.703161379587e-10       1.491429910049e-13       3.723498711993e-12       0.000000000000e+00       9.464864474398e-13       2.127363405389e-13       2.113874860088e-16 
  230       7.695814080189e-10       1.542156519234e-13       3.949853159966e-12       0.000000000000e+00       9.339365309809e-13       2.101619278969e-13       2.489402996749e-16 
  231       7.687633724194e-10       1.595345061861e-13       4.176906423391e-12       0.000000000000e+00       9.216117100260e-13       2.076279210647e-13       2.860692492661e-16 
  232       7.678623079588e-10       1.651038471515e-13       4.404555109825e-12       0.000000000000e+00       9.095043845347e-13       2.051329728057e-13       3.228024911860e-16 
  233       7.668785184696e-10       1.709279840137e-13       4.632693396766e-12       0.000000000000e+00       8.976064032097e-13       2.026756331908e-13       3.591697209628e-16 
  234       7.658123350677e-10       1.770112415516e-13       4.861213012343e-12       0.000000000000e+00       8.859090562579e-13       2.002543482327e-13       3.952021922925e-16 
  235       7.646641164000e-10       1.833579598789e-13       5.090003215999e-12       0.000000000000e+00       8.744030681514e-13       1.978674585219e-13       4.309327360829e-16 
  236       7.634342488942e-10       1.899724941932e-13       5.318950779181e-12       0.000000000000e+00       8.630785903888e-13       1.955131978618e-13       4.663957794973e-16 
  237       7.621231470066e-10       1.968592145260e-13       5.547939966021e-12       0.000000000000e+00       8.519251942557e-13       1.931896919035e-13       5.016273649983e-16 
  238       7.607312496384e-10       2.040221128613e-13       5.776859119099e-12       0.000000000000e+00       8.409338777332e-13       1.908952949205e-13       5.366568896696e-16 
  239       7.592590086274e-10       2.114635985987e-13       6.005620899384e-12       0.000000000000e+00       8.301032361044e-13       1.886296255913e-13       5.714817284738e-16 
  240       7.577069000416e-10       2.191856296300e-13       6.234143235037e-12       0.000000000000e+00       8.194336511450e-13       1.863925913208e-13       6.060911105172e-16 
  241       7.560754281880e-10       2.271900973329e-13       6.462342821275e-12       0.000000000000e+00       8.089253076255e-13       1.841840550981e-13       6.404742620662e-16 
  242       7.543651258536e-10       2.354788254928e-13       6.690135114995e-12       0.000000000000e+00       7.985781903210e-13       1.820038348447e-13       6.746204081244e-16 
  243       7.525765545462e-10       2.440535692242e-13       6.917434329387e-12       0.000000000000e+00       7.883920810216e-13       1.798517027632e-13       7.085187740089e-16 
  244       7.507103047344e-10       2.529160138911e-13       7.144153428560e-12       0.000000000000e+00       7.783665555424e-13       1.777273846862e-13       7.421585869270e-16 
  245       7.487669960888e-10       2.620677740292e-13       7.370204122161e-12       0.000000000000e+00       7.685009807338e-13       1.756305594246e-13       7.755290775528e-16 
  246       7.467472777222e-10       2.715103922667e-13       7.595496859993e-12       0.000000000000e+00       7.587945114913e-13       1.735608581163e-13       8.086194816038e-16 
  247       7.446518284304e-10       2.812453382454e-13       7.819940826641e-12       0.000000000000e+00       7.492460877659e-13       1.715178635751e-13       8.414190414174e-16 
  248       7.424813569328e-10       2.912740075424e-13       8.043443936086e-12       0.000000000000e+00       7.398544315740e-13       1.695011096388e-13       8.739170075277e-16 
  249       7.402366021128e-10       3.015977205911e-13       8.265912826330e-12       0.000000000000e+00       7.306180440080e-13       1.675100805183e-13       9.061026402419e-16 
  250       7.379183332587e-10       3.122177216022e-13       8.487252854015e-12       0.000000000000e+00       7.215352022458e-13       1.655442101462e-13       9.379652112171e-16 
  251       7.355273503040e-10       3.231351774854e-13       8.707368089043e-12       0.000000000000e+00       7.126039565612e-13       1.636028815250e-13       9.694940050367e-16 
  252       7.330644840682e-10       3.343511767706e-13       8.926161309195e-12       0.000000000000e+00       7.038221273343e-13       1.616854260762e-13       1.000678320787e-15 
  253       7.305305964974e-10       3.458667285288e-13       9.143533994756e-12       0.000000000000e+00       6.951873020612e-13       1.597911229886e-13       1.031507473634e-15 
  254       7.279265809047e-10       3.576827612936e-13       9.359386323132e-12       0.000000000000e+00       6.866968323643e-13       1.579191985672e-13       1.061970796401e-15 
  255       7.252533622110e-10       3.698001219826e-13       9.573617163468e-12       0.000000000000e+00       6.783478310026e-13       1.560688255818e-13       1.092057641141e-15 
  256       7.225118971856e-10       3.822195748183e-13       9.786124071276e-12       0.000000000000e+00       6.701371688814e-13       1.542391226151e-13       1.121757380720e-15 
  257       7.197031746868e-10       3.949418002495e-13       9.996803283049e-12       0.000000000000e+00       6.620614720629e-13       1.524291534121e-13       1.151059410388e-15 
  258       7.168282159020e-10       4.079673938727e-13       1.020554971088e-11       0.000000000000e+00       6.541171187762e-13       1.506379262284e-13       1.179953149357e-15 
  259       7.138880745894e-10       4.212968653532e-13       1.041225693709e-11       0.000000000000e+00       6.463002364270e-13       1.488643931785e-13       1.208428042381e-15 
  260       7.108838373174e-10       4.349306373465e-13       1.061681720885e-11       0.000000000000e+00       6.386066986083e-13       1.471074495849e-13       1.236473561327e-15 
  261       7.078166237059e-10       4.488690444191e-13       1.081912143278e-11       0.000000000000e+00       6.310321221105e-13       1.453659333267e-13       1.264079206755e-15 
  262       7.046875866668e-10       4.631123319705e-13       1.101905916959e-11       0.000000000000e+00       6.235718639308e-13       1.436386241877e-13       1.291234509495e-15 
  263       7.014979126445e-10       4.776606551537e-13       1.121651862871e-11       0.000000000000e+00       6.162210182844e-13       1.419242432059e-13       1.317929032222e-15 
  264       6.982488218564e-10       4.925140777971e-13       1.141138666288e-11       0.000000000000e+00       6.089744136138e-13       1.402214520211e-13       1.344152371033e-15 
  265       6.949415685339e-10       5.076725713251e-13       1.160354876279e-11       0.000000000000e+00       6.018266095992e-13       1.385288522244e-13       1.369894157025e-15 
  266       6.915773827312e-10       5.231357512220e-13       1.179289695455e-11       0.000000000000e+00       5.947729288452e-13       1.368452989333e-13       1.395146158596e-15 
  267       6.881572917580e-10       5.389020727917e-13       1.197935397816e-11       0.000000000000e+00       5.878126201562e-13       1.351708617220e-13       1.419908711569e-15 
  268       6.846822895183e-10       5.549695896265e-13       1.216285041156e-11       0.000000000000e+00       5.809458612174e-13       1.335059146048e-13       1.444184641311e-15 
  269       6.811533942102e-10       5.713362106184e-13       1.234331689385e-11       0.000000000000e+00       5.741727381482e-13       1.318508263871e-13       1.467977198541e-15 
  270       6.775716484675e-10       5.879996984370e-13       1.252068413332e-11       0.000000000000e+00       5.674932442606e-13       1.302059605456e-13       1.491290064456e-15 
  271       6.739381195019e-10       6.049576680069e-13       1.269488291540e-11       0.000000000000e+00       5.609072788175e-13       1.285716751071e-13       1.514127355859e-15 
  272       6.702538992442e-10       6.222075849859e-13       1.286584411065e-11       0.000000000000e+00       5.544146457909e-13       1.269483225286e-13       1.536493630286e-15 
  273       6.665201044870e-10       6.397467642428e-13       1.303349868271e-11       0.000000000000e+00       5.480150526207e-13       1.253362495765e-13       1.558393891128e-15 
  274       6.627378770261e-10       6.575723683349e-13       1.319777769628e-11       0.000000000000e+00       5.417081089725e-13       1.237357972066e-13       1.579833592760e-15 
  275       6.589083838024e-10       6.756814059860e-13       1.335861232512e-11       0.000000000000e+00       5.354933254962e-13       1.221473004430e-13       1.600818645666e-15 
  276       6.550328170437e-10       6.940707305642e-13       1.351593385997e-11       0.000000000000e+00       5.293701125842e-13       1.205710882582e-13       1.621355421567e-15 
  277       6.511123944071e-10       7.127370385596e-13       1.366967371658e-11       0.000000000000e+00       5.233377791301e-13       1.190074834524e-13       1.641450758543e-15 
  278       6.471483591201e-10       7.316768680623e-13       1.381976344365e-11       0.000000000000e+00       5.173955312865e-13       1.174568025331e-13       1.661111966162e-15 
  279       6.431419801230e-10       7.508865972398e-13       1.396613473082e-11       0.000000000000e+00       5.115424712236e-13       1.159193555947e-13       1.680346830607e-15 
  280       6.390945522107e-10       7.703624428154e-13       1.410871941661e-11       0.000000000000e+00       5.057775958877e-13       1.143954461979e-13       1.699163619798e-15 
  281       6.350073961743e-10       7.901004585453e-13       1.424744949644e-11       0.000000000000e+00       5.000997957592e-13       1.128853712494e-13       1.717571088524e-15 
  282       6.308818589433e-10       8.100965336970e-13       1.438225713057e-11       0.000000000000e+00       4.945078536111e-13       1.113894208814e-13       1.735578483561e-15 
  283       6.267193137274e-10       8.303463915268e-13       1.451307465208e-11       0.000000000000e+00       4.890004432676e-13       1.099078783312e-13       1.753195548806e-15 
  284       6.225211601582e-10       8.508455877576e-13       1.463983457487e-11       0.000000000000e+00       4.835761283619e-13       1.084410198206e-13       1.770432530397e-15 
  285       6.182888244312e-10       8.715895090568e-13       1.476246960159e-11       0.000000000000e+00       4.782333610948e-13       1.069891144357e-13       1.787300181845e-15 
  286       6.140237594478e-10       8.925733715141e-13       1.488091263163e-11       0.000000000000e+00       4.729704809932e-13       1.055524240061e-13       1.803809769153e-15 
  287       6.097274449567e-10       9.137922191191e-13       1.499509676911e-11       0.000000000000e+00       4.677857136681e-13       1.041312029848e-13       1.819973075948e-15 
  288       6.054013876966e-10       9.352409222394e-13       1.510495533084e-11       0.000000000000e+00       4.626771695733e-13       1.027256983275e-13       1.835802408604e-15 
  289       6.010471215371e-10       9.569141760981e-13       1.521042185427e-11       0.000000000000e+00       4.576428427634e-13       1.013361493723e-13       1.851310601368e-15 
  290       5.966662076213e-10       9.788064992519e-13       1.531143010552e-11       0.000000000000e+00       4.526806096523e-13       9.996278771928e-14       1.866511021487e-15 
  291       5.922602345075e-10       1.000912232069e-12       1.540791408729e-11       0.000000000000e+00       4.477882277716e-13       9.860583710977e-14       1.881417574334e-15 
  292       5.878308183108e-10       1.023225535205e-12       1.549980804689e-11       0.000000000000e+00       4.429633345287e-13       9.726551330624e-14       1.896044708534e-15 
  293       5.833796028452e-10       1.045740388085e-12       1.558704648417e-11       0.000000000000e+00       4.382034459655e-13       9.594202397168e-14       1.910407421090e-15 
  294       5.789082597656e-10       1.068450587377e-12       1.566956415950e-11       0.000000000000e+00       4.335059555163e-13       9.463556854915e-14       1.924521262509e-15 
  295       5.744184887093e-10       1.091349745472e-12       1.574729610177e-11       0.000000000000e+00       4.288681327665e-13       9.334633814137e-14       1.938402341925e-15 
  296       5.699120174383e-10       1.114431288961e-12       1.582017761635e-11       0.000000000000e+00       4.242871222108e-13       9.207451539026e-14       1.952067332232e-15 
  297       5.653904973380e-10       1.137688625803e-12       1.588815086187e-11       0.000000000000e+00       4.197604802506e-13       9.082023570696e-14       1.965529770340e-15 
  298       5.608551839928e-10       1.161115658961e-12       1.595118491866e-11       0.000000000000e+00       4.152878176666e-13       8.958346912070e-14       1.978788748122e-15 
  299       5.563072413281e-10       1.184706294816e-12       1.600925671343e-11       0.000000000000e+00       4.108692347308e-13       8.836413243960e-14       1.991839680595e-15 
  300       5.517478448505e-10       1.208454275445e-12       1.606234455539e-11       0.000000000000e+00       4.065047896674e-13       8.716212720943e-14       2.004677961235e-15 
  301       5.471781816479e-10       1.232353177325e-12       1.611042815307e-11       0.000000000000e+00       4.021944981413e-13       8.597733954075e-14       2.017298962083e-15 
  302       5.425994503898e-10       1.256396410039e-12       1.615348863124e-11       0.000000000000e+00       3.979383327460e-13       8.480963993604e-14       2.029698033848e-15 
  303       5.380128613268e-10       1.280577214987e-12       1.619150854776e-11       0.000000000000e+00       3.937362224918e-13       8.365888311689e-14       2.041870506009e-15 
  304       5.334196362910e-10       1.304888664089e-12       1.622447191051e-11       0.000000000000e+00       3.895880522940e-13       8.252490785110e-14       2.053811686918e-15 
  305       5.288210086956e-10       1.329323658492e-12       1.625236419420e-11       0.000000000000e+00       3.854936624607e-13       8.140753677986e-14       2.065516863901e-15 
  306       5.242182235353e-10       1.353874927276e-12       1.627517235731e-11       0.000000000000e+00       3.814528481811e-13       8.030657624488e-14       2.076981303365e-15 
  307       5.196125373862e-10       1.378535026163e-12       1.629288485892e-11       0.000000000000e+00       3.774653590138e-13       7.922181611556e-14       2.088200250898e-15 
  308       5.150052184055e-10       1.403296336219e-12       1.630549167565e-11       0.000000000000e+00       3.735308983744e-13       7.815302961609e-14       2.099168931370e-15 
  309       5.103975463319e-10       1.428151062568e-12       1.631298431848e-11       0.000000000000e+00       3.696491230240e-13       7.709997315266e-14       2.109882549042e-15 
  310       5.057908124852e-10       1.453091233089e-12       1.631535584964e-11       0.000000000000e+00       3.658196425572e-13       7.606238614055e-14       2.120336287660e-15 
  311       5.011863197666e-10       1.478108697130e-12       1.631260089954e-11       0.000000000000e+00       3.620420188902e-13       7.503999083131e-14       2.130525310566e-15 
  312       4.965853826587e-10       1.503195124211e-12       1.630471568359e-11       0.000000000000e+00       3.583157657489e-13       7.403249213991e-14       2.140444760798e-15 
  313       4.919893272253e-10       1.528342002732e-12       1.629169801910e-11       0.000000000000e+00       3.546403481568e-13       7.303957747185e-14       2.150089761190e-15 
  314       4.873994911112e-10       1.553540638678e-12       1.627354734216e-11       0.000000000000e+00       3.510151819235e-13       7.206091655035e-14       2.159455414479e-15 
  315       4.828172235429e-10       1.578782154328e-12       1.625026472454e-11       0.000000000000e+00       3.474396331327e-13       7.109616124348e-14       2.168536803404e-15 
  316       4.782438853279e-10       1.604057486958e-12       1.622185289052e-11       0.000000000000e+00       3.439130176298e-13       7.014494539130e-14       2.177328990813e-15 
  317       4.736808488551e-10       1.629357387550e-12       1.618831623384e-11       0.000000000000e+00       3.404346005107e-13       6.920688463303e-14       2.185827019763e-15 
  318       4.691294980944e-10       1.654672419500e-12       1.614966083450e-11       0.000000000000e+00       3.370035956096e-13       6.828157623415e-14       2.194025913623e-15 
  319       4.645912285973e-10       1.679992957319e-12       1.610589447570e-11       0.000000000000e+00       3.336191649870e-13       6.736859891361e-14       2.201920676176e-15 
  320       4.600674474963e-10       1.705309185346e-12       1.605702666070e-11       0.000000000000e+00       3.302804184178e-13       6.646751267094e-14       2.209506291727e-15 
  321       4.555595735050e-10       1.730611096450e-12       1.600306862968e-11       0.000000000000e+00       3.269864128798e-13       6.557785861338e-14       2.216777725198e-15 
  322       4.510690369187e-10       1.755888490738e-12       1.594403337666e-11       0.000000000000e+00       3.237361520411e-13       6.469915878307e-14       2.223729922236e-15 
  323       4.465972796133e-10       1.781130974262e-12       1.587993566635e-11       0.000000000000e+00       3.205285857491e-13       6.383091598417e-14       2.230357809316e-15 
  324       4.421457550465e-10       1.806327957725e-12       1.581079205103e-11       0.000000000000e+00       3.173626095176e-13       6.297261361003e-14       2.236656293840e-15 
  325       4.377159282568e-10       1.831468655188e-12       1.573662088743e-11       0.000000000000e+00       3.142370640159e-13       6.212371547028e-14       2.242620264245e-15 
  326       4.333092758640e-10       1.856542082775e-12       1.565744235364e-11       0.000000000000e+00       3.111507345559e-13       6.128366561807e-14       2.248244590100e-15 
  327       4.289272860692e-10       1.881537057381e-12       1.557327846594e-11       0.000000000000e+00       3.081023505811e-13       6.045188817712e-14       2.253524122214e-15 
  328       4.245714586545e-10       1.906442195379e-12       1.548415309572e-11       0.000000000000e+00       3.050905851541e-13       5.962778716895e-14       2.258453692737e-15 
  329       4.202433049834e-10       1.931245911325e-12       1.539009198634e-11       0.000000000000e+00       3.021140544451e-13       5.881074633996e-14       2.263028115260e-15 
  330       4.159443480004e-10       1.955936416665e-12       1.529112277000e-11       0.000000000000e+00       2.991713172197e-13       5.800012898861e-14       2.267242184923e-15 
  331       4.116761222312e-10       1.980501718441e-12       1.518727498467e-11       0.000000000000e+00       2.962608743270e-13       5.719527779259e-14       2.271090678513e-15 
  332       4.074400557660e-10       2.004930489095e-12       1.507858058183e-11       0.000000000000e+00       2.933814486186e-13       5.639564897970e-14       2.274569720293e-15 
  333       4.032371105219e-10       2.029214720441e-12       1.496507543993e-11       0.000000000000e+00       2.905328392424e-13       5.560122166079e-14       2.277680945078e-15 
  334       3.990681262819e-10       2.053347182976e-12       1.484679795003e-11       0.000000000000e+00       2.877151036274e-13       5.481210602138e-14       2.280427517032e-15 
  335       3.949339371682e-10       2.077320564884e-12       1.472378854816e-11       0.000000000000e+00       2.849282802088e-13       5.402841056211e-14       2.282812781905e-15 
  336       3.908353715140e-10       2.101127471691e-12       1.459608973276e-11       0.000000000000e+00       2.821723882207e-13       5.325024207174e-14       2.284840268623e-15 
  337       3.867732517357e-10       2.124760425913e-12       1.446374608205e-11       0.000000000000e+00       2.794474274884e-13       5.247770560007e-14       2.286513690873e-15 
  338       3.827483942041e-10       2.148211866712e-12       1.432680427147e-11       0.000000000000e+00       2.767533782211e-13       5.171090443098e-14       2.287836948684e-15 
  339       3.787616091172e-10       2.171474149544e-12       1.418531309109e-11       0.000000000000e+00       2.740902008043e-13       5.094994005533e-14       2.288814130020e-15 
  340       3.748137003712e-10       2.194539545814e-12       1.403932346303e-11       0.000000000000e+00       2.714578355922e-13       5.019491214396e-14       2.289449512355e-15 
  341       3.709054654331e-10       2.217400242529e-12       1.388888845885e-11       0.000000000000e+00       2.688562027003e-13       4.944591852065e-14       2.289747564267e-15 
  342       3.670376952123e-10       2.240048341944e-12       1.373406331697e-11       0.000000000000e+00       2.662852017977e-13       4.870305513508e-14       2.289712947020e-15 
  343       3.632111739324e-10       2.262475861221e-12       1.357490546009e-11       0.000000000000e+00       2.637447118999e-13       4.796641603581e-14       2.289350516148e-15 
  344       3.594266790032e-10       2.284674732078e-12       1.341147451261e-11       0.000000000000e+00       2.612345911611e-13       4.723609334324e-14       2.288665323041e-15 
  345       3.556849808928e-10       2.306636800441e-12       1.324383231801e-11       0.000000000000e+00       2.587546766667e-13       4.651217722257e-14       2.287662616532e-15 
  346       3.519868429990e-10       2.328353826096e-12       1.307204295630e-11       0.000000000000e+00       2.563047842256e-13       4.579475585678e-14       2.286347844478e-15 
  347       3.483330215219e-10       2.349817482339e-12       1.289617276141e-11       0.000000000000e+00       2.538847081632e-13       4.508391541960e-14       2.284726655352e-15 
  348       3.447242653349e-10       2.371019355635e-12       1.271629033862e-11       0.000000000000e+00       2.514942211133e-13       4.437974004844e-14       2.282804899821e-15 
  349       3.411613158576e-10       2.391950945262e-12       1.253246658194e-11       0.000000000000e+00       2.491330738110e-13       4.368231181742e-14       2.280588632334e-15 
  350       3.376449069267e-10       2.412603662966e-12       1.234477469156e-11       0.000000000000e+00       2.468009948850e-13       4.299171071027e-14       2.278084112710e-15 
  351       3.341757646688e-10       2.432968832615e-12       1.215329019123e-11       0.000000000000e+00       2.444976906501e-13       4.230801459334e-14       2.275297807719e-15 
  352       3.307546073716e-10       2.453037689849e-12       1.195809094571e-11       0.000000000000e+00       2.422228448998e-13       4.163129918858e-14       2.272236392670e-15 
  353       3.273821453562e-10       2.472801381731e-12       1.175925717814e-11       0.000000000000e+00       2.399761186985e-13       4.096163804643e-14       2.268906752994e-15 
  354       3.240590808487e-10       2.492250966401e-12       1.155687148749e-11       0.000000000000e+00       2.377571501745e-13       4.029910251889e-14       2.265315985831e-15 
  355       3.207861078526e-10       2.511377412729e-12       1.135101886593e-11       0.000000000000e+00       2.355655543119e-13       3.964376173241e-14       2.261471401615e-15 
  356       3.175639120200e-10       2.530171599964e-12       1.114178671630e-11       0.000000000000e+00       2.334009227434e-13       3.899568256089e-14       2.257380525659e-15 
  357       3.143931705241e-10       2.548624317386e-12       1.092926486946e-11       0.000000000000e+00       2.312628235430e-13       3.835492959863e-14       2.253051099737e-15 
  358       3.112745519306e-10       2.566726263963e-12       1.071354560176e-11       0.000000000000e+00       2.291508010179e-13       3.772156513333e-14       2.248491083678e-15 
  359       3.082087160702e-10       2.584468047996e-12       1.049472365240e-11       0.000000000000e+00       2.270643755015e-13       3.709564911900e-14       2.243708656939e-15 
  360       3.051963139097e-10       2.601840186777e-12       1.027289624088e-11       0.000000000000e+00       2.250030431458e-13       3.647723914900e-14       2.238712220201e-15 
  361       3.022379874248e-10       2.618833106237e-12       1.004816308440e-11       0.000000000000e+00       2.229662757136e-13       3.586639042893e-14       2.233510396949e-15 
  362       2.993343694712e-10       2.635437140601e-12       9.820626415270e-12       0.000000000000e+00       2.209535203713e-13       3.526315574966e-14       2.228112035056e-15 
  363       2.964860836569e-10       2.651642532037e-12       9.590390998320e-12       0.000000000000e+00       2.189641994812e-13       3.466758546027e-14       2.222526208373e-15 
  364       2.936937442141e-10       2.667439430310e-12       9.357564148323e-12       0.000000000000e+00       2.169977103942e-13       3.407972744100e-14       2.216762218310e-15 
  365       2.909579558710e-10       2.682817892435e-12       9.122255747398e-12       0.000000000000e+00       2.150534252420e-13       3.349962707625e-14       2.210829595423e-15 
  366       2.882793137237e-10       2.697767882325e-12       8.884578262425e-12       0.000000000000e+00       2.131306907298e-13       3.292732722753e-14       2.204738100998e-15 
  367       2.856584031080e-10       2.712279270449e-12       8.644646762462e-12       0.000000000000e+00       2.112288279287e-13       3.236286820642e-14       2.198497728639e-15 
  368       2.830957994716e-10       2.726341833478e-12       8.402578936148e-12       0.000000000000e+00       2.093471320683e-13       3.180628774757e-14       2.192118705850e-15 
  369       2.805920682457e-10       2.739945253941e-12       8.158495109123e-12       0.000000000000e+00       2.074848723289e-13       3.125762098162e-14       2.185611495621e-15 
  370       2.781477647170e-10       2.753079119875e-12       7.912518261441e-12       0.000000000000e+00       2.056412916344e-13       3.071690040820e-14       2.178986798015e-15 
  371       2.757633726408e-10       2.765734206404e-12       7.664765294173e-12       0.000000000000e+00       2.038157441419e-13       3.018414615372e-14       2.172253688041e-15 
  372       2.734391176948e-10       2.777906376452e-12       7.415320417033e-12       0.000000000000e+00       2.020081140652e-13       2.965933637988e-14       2.165413945734e-15 
  373       2.711751464798e-10       2.789592831871e-12       7.164260754326e-12       0.000000000000e+00       2.002184128211e-13       2.914243566512e-14       2.158467507484e-15 
  374       2.689715869394e-10       2.800790846045e-12       6.911665011588e-12       0.000000000000e+00       1.984466427226e-13       2.863340457994e-14       2.151414309699e-15 
  375       2.668285481791e-10       2.811497764656e-12       6.657613485385e-12       0.000000000000e+00       1.966927968912e-13       2.813219965143e-14       2.144254288767e-15 
  376       2.647461202839e-10       2.821711006455e-12       6.402188073123e-12       0.000000000000e+00       1.949568591688e-13       2.763877332779e-14       2.136987381023e-15 
  377       2.627243741381e-10       2.831428064023e-12       6.145472282847e-12       0.000000000000e+00       1.932388040307e-13       2.715307394287e-14       2.129613522714e-15 
  378       2.607633612429e-10       2.840646504544e-12       5.887551243044e-12       0.000000000000e+00       1.915385964970e-13       2.667504568066e-14       2.122132649962e-15 
  379       2.588631135359e-10       2.849363970564e-12       5.628511712453e-12       0.000000000000e+00       1.898561920450e-13       2.620462853981e-14       2.114544698731e-15 
  380       2.570236432091e-10       2.857578180765e-12       5.368442089860e-12       0.000000000000e+00       1.881915365219e-13       2.574175829819e-14       2.106849604787e-15 
  381       2.552449425278e-10       2.865286930727e-12       5.107432423910e-12       0.000000000000e+00       1.865445660564e-13       2.528636647735e-14       2.099047303670e-15 
  382       2.535269836493e-10       2.872488093696e-12       4.845574422903e-12       0.000000000000e+00       1.849152069711e-13       2.483838030711e-14       2.091137730652e-15 
  383       2.518697184413e-10       2.879179621352e-12       4.582961464604e-12       0.000000000000e+00       1.833033756951e-13       2.439772268999e-14       2.083120820707e-15 
  384       2.502730783009e-10       2.885359544572e-12       4.319688606043e-12       0.000000000000e+00       1.817089786757e-13       2.396431216583e-14       2.074996508471e-15 
  385       2.487369739726e-10       2.891025974201e-12       4.055852593319e-12       0.000000000000e+00       1.801319122906e-13       2.353806287623e-14       2.066764728211e-15 
  386       2.472612953678e-10       2.896177101816e-12       3.791551871406e-12       0.000000000000e+00       1.785720627607e-13       2.311888452910e-14       2.058425413785e-15 
  387       2.458459113825e-10       2.900811200493e-12       3.526886593954e-12       0.000000000000e+00       1.770293060617e-13       2.270668236320e-14       2.049978498613e-15 
  388       2.444906697168e-10       2.904926625574e-12       3.261958633094e-12       0.000000000000e+00       1.755035078367e-13       2.230135711262e-14       2.041423915635e-15 
  389       2.431953966928e-10       2.908521815434e-12       2.996871589240e-12       0.000000000000e+00       1.739945233080e-13       2.190280497133e-14       2.032761597280e-15 
  390       2.419598970738e-10       2.911595292247e-12       2.731730800896e-12       0.000000000000e+00       1.725021971898e-13       2.151091755767e-14       2.023991475432e-15 
  391       2.407839538825e-10       2.914145662753e-12       2.466643354457e-12       0.000000000000e+00       1.710263636002e-13       2.112558187891e-14       2.015113481388e-15 
  392       2.396673282199e-10       2.916171619024e-12       2.201718094013e-12       0.000000000000e+00       1.695668459733e-13       2.074668029574e-14       2.006127545832e-15 
  393       2.386097590839e-10       2.917671939231e-12       1.937065631153e-12       0.000000000000e+00       1.681234569716e-13       2.037409048679e-14       1.997033598790e-15 
  394       2.376109631879e-10       2.918645488412e-12       1.672798354769e-12       0.000000000000e+00       1.666959983980e-13       2.000768541317e-14       1.987831569603e-15 
  395       2.366706347792e-10       2.919091219235e-12       1.409030440859e-12       0.000000000000e+00       1.652842611082e-13       1.964733328297e-14       1.978521386888e-15 
  396       2.357884454581e-10       2.919008172770e-12       1.145877862332e-12       0.000000000000e+00       1.638880249229e-13       1.929289751578e-14       1.969102978501e-15 
  397       2.349640439961e-10       2.918395479252e-12       8.834583988079e-13       0.000000000000e+00       1.625070585400e-13       1.894423670724e-14       1.959576271506e-15 
  398       2.341970561549e-10       2.917252358846e-12       6.218916464273e-13       0.000000000000e+00       1.611411194468e-13       1.860120459350e-14       1.949941192136e-15 
  399       2.334870845047e-10       2.915578122418e-12       3.612990276499e-13       0.000000000000e+00       1.597899538320e-13       1.826365001580e-14       1.940197665760e-15 
  400       2.328337082429e-10       2.913372172301e-12       1.018038010606e-13       0.000000000000e+00       1.584532964982e-13       1.793141688496e-14       1.930345616848e-15 
  401       2.322364830129e-10       2.910634003056e-12      -1.564689288276e-13       0.000000000000e+00       1.571308707743e-13       1.760434414592e-14       1.920384968932e-15 
  402       2.316949407228e-10       2.907363202248e-12      -4.133922017696e-13       0.000000000000e+00       1.558223884270e-13       1.728226574220e-14       1.910315644576e-15 
  403       2.312085893636e-10       2.903559451204e-12      -6.688371919847e-13       0.000000000000e+00       1.545275495738e-13       1.696501058052e-14       1.900137565337e-15 
  404       2.307769128283e-10       2.899222525784e-12      -9.226731983528e-13       0.000000000000e+00       1.532460425946e-13       1.665240249522e-14       1.889850651731e-15 
  405       2.303993707301e-10       2.894352297148e-12      -1.174767634611e-12       0.000000000000e+00       1.519775440444e-13       1.634426021284e-14       1.879454823198e-15 
  406       2.300753982215e-10       2.888948732520e-12      -1.424986019550e-12       0.000000000000e+00       1.507217185652e-13       1.604039731665e-14       1.868949998065e-15 
  407       2.298044058127e-10       2.883011895957e-12      -1.673191967209e-12       0.000000000000e+00       1.494782187983e-13       1.574062221108e-14       1.858336093515e-15 
  408       2.295857791900e-10       2.876541949115e-12      -1.919247177075e-12       0.000000000000e+00       1.482466852965e-13       1.544473808637e-14       1.847613025547e-15 
  409       2.294188790348e-10       2.869539152015e-12      -2.163011424276e-12       0.000000000000e+00       1.470267464364e-13       1.515254288298e-14       1.836780708941e-15 
  410       2.293030820750e-10       2.862004581256e-12      -2.404356771663e-12       0.000000000000e+00       1.458180835914e-13       1.486386606405e-14       1.825839349274e-15 
  411       2.292379062109e-10       2.853942311118e-12      -2.643210780664e-12       0.000000000000e+00       1.446206293734e-13       1.457868043996e-14       1.814790330420e-15 
  412       2.292228894648e-10       2.845357311217e-12      -2.879514811628e-12       0.000000000000e+00       1.434343762401e-13       1.429699423469e-14       1.803635358412e-15 
  413       2.292575489967e-10       2.836254737311e-12      -3.113209940513e-12       0.000000000000e+00       1.422593118271e-13       1.401881462649e-14       1.792376172405e-15 
  414       2.293413809528e-10       2.826639932574e-12      -3.344236959211e-12       0.000000000000e+00       1.410954189066e-13       1.374414773859e-14       1.781014544853e-15 
  415       2.294738603127e-10       2.816518428878e-12      -3.572536375865e-12       0.000000000000e+00       1.399426753462e-13       1.347299862994e-14       1.769552281678e-15 
  416       2.296544407381e-10       2.805895948069e-12      -3.798048415203e-12       0.000000000000e+00       1.388010540676e-13       1.320537128592e-14       1.757991222443e-15 
  417       2.298825544205e-10       2.794778403242e-12      -4.020713018854e-12       0.000000000000e+00       1.376705230051e-13       1.294126860911e-14       1.746333240524e-15 
  418       2.301576119291e-10       2.783171900023e-12      -4.240469845676e-12       0.000000000000e+00       1.365510450643e-13       1.268069240998e-14       1.734580243288e-15 
  419       2.304790020590e-10       2.771082737844e-12      -4.457258272079e-12       0.000000000000e+00       1.354425780811e-13       1.242364339767e-14       1.722734172258e-15 
  420       2.308460916792e-10       2.758517411218e-12      -4.671017392349e-12       0.000000000000e+00       1.343450747799e-13       1.217012117066e-14       1.710797003292e-15 
  421       2.312582255805e-10       2.745482611024e-12      -4.881686018972e-12       0.000000000000e+00       1.332584827329e-13       1.192012420757e-14       1.698770746752e-15 
  422       2.317147263233e-10       2.731985225776e-12      -5.089202682960e-12       0.000000000000e+00       1.321827443180e-13       1.167364985782e-14       1.686657447677e-15 
  423       2.322148940859e-10       2.718032342907e-12      -5.293505634172e-12       0.000000000000e+00       1.311177966783e-13       1.143069433242e-14       1.674459185959e-15 
  424       2.327580065126e-10       2.703631250042e-12      -5.494532841640e-12       0.000000000000e+00       1.300635716802e-13       1.119125269469e-14       1.662178076511e-15 
  425       2.333433185612e-10       2.688789436281e-12      -5.692221993893e-12       0.000000000000e+00       1.290199958725e-13       1.095531885094e-14       1.649816269444e-15 
  426       2.339700623515e-10       2.673514593468e-12      -5.886510499280e-12       0.000000000000e+00       1.279869904447e-13       1.072288554128e-14       1.637375950236e-15 
  427       2.346374470129e-10       2.657814617479e-12      -6.077335486295e-12       0.000000000000e+00       1.269644711859e-13       1.049394433031e-14       1.624859339907e-15 
  428       2.353446585326e-10       2.641697609491e-12      -6.264633803902e-12       0.000000000000e+00       1.259523484436e-13       1.026848559782e-14       1.612268695191e-15 
  429       2.360908596037e-10       2.625171877264e-12      -6.448342021856e-12       0.000000000000e+00       1.249505270821e-13       1.004649852961e-14       1.599606308710e-15 
  430       2.368751894729e-10       2.608245936417e-12      -6.628396431030e-12       0.000000000000e+00       1.239589064414e-13       9.827971108124e-15       1.586874509144e-15 
  431       2.376967637888e-10       2.590928511707e-12      -6.804733043738e-12       0.000000000000e+00       1.229773802959e-13       9.612890103245e-15       1.574075661405e-15 
  432       2.385546744497e-10       2.573228538303e-12      -6.977287594061e-12       0.000000000000e+00       1.220058368129e-13       9.401241063002e-15       1.561212166813e-15 
  433       2.394479894516e-10       2.555155163068e-12      -7.145995538165e-12       0.000000000000e+00       1.210441585115e-13       9.193008304309e-15       1.548286463262e-15 
  434       2.403757527363e-10       2.536717745836e-12      -7.310792054634e-12       0.000000000000e+00       1.200922222211e-13       8.988174903691e-15       1.535301025397e-15 
  435       2.413369840392e-10       2.517925860684e-12      -7.471612044787e-12       0.000000000000e+00       1.191498990402e-13       8.786722688019e-15       1.522258364789e-15 
  436       2.423306787376e-10       2.498789297218e-12      -7.628390133005e-12       0.000000000000e+00       1.182170542952e-13       8.588632225241e-15       1.509161030101e-15 
  437       2.433558076986e-10       2.479318061843e-12      -7.781060667054e-12       0.000000000000e+00       1.172935474987e-13       8.393882815112e-15       1.496011607266e-15 
  438       2.444113171266e-10       2.459522379047e-12      -7.929557718410e-12       0.000000000000e+00       1.163792323086e-13       8.202452479929e-15       1.482812719659e-15 
  439       2.454961284122e-10       2.439412692671e-12      -8.073815082584e-12       0.000000000000e+00       1.154739564867e-13       8.014317955257e-15       1.469567028268e-15 
  440       2.466091379794e-10       2.418999667196e-12      -8.213766279443e-12       0.000000000000e+00       1.145775618572e-13       7.829454680665e-15       1.456277231868e-15 
  441       2.477492171340e-10       2.398294189012e-12      -8.349344553537e-12       0.000000000000e+00       1.136898842654e-13       7.647836790455e-15       1.442946067192e-15 
  442       2.489152119115e-10       2.377307367700e-12      -8.480482874421e-12       0.000000000000e+00       1.128107535368e-13       7.469437104396e-15       1.429576309108e-15 
  443       2.501059429252e-10       2.356050537309e-12      -8.607113936981e-12       0.000000000000e+00       1.119399934352e-13       7.294227118451e-15       1.416170770785e-15 
  444       2.513202052138e-10       2.334535257632e-12      -8.729170161758e-12       0.000000000000e+00       1.110774216217e-13       7.122176995515e-15       1.402732303871e-15 
  445       2.525567680900e-10       2.312773315486e-12      -8.846583695269e-12       0.000000000000e+00       1.102228496136e-13       6.953255556139e-15       1.389263798666e-15 
  446       2.538143749880e-10       2.290776725987e-12      -8.959286410335e-12       0.000000000000e+00       1.093760827425e-13       6.787430269268e-15       1.375768184289e-15 
  447       2.550917433117e-10       2.268557733831e-12      -9.067209906402e-12       0.000000000000e+00       1.085369201135e-13       6.624667242967e-15       1.362248428858e-15 
  448       2.563875642826e-10       2.246128814567e-12      -9.170285509868e-12       0.000000000000e+00       1.077051545637e-13       6.464931215157e-15       1.348707539658e-15 
  449       2.577006247298e-10       2.223502209268e-12      -9.268456082113e-12       0.000000000000e+00       1.068806079218e-13       6.308189067513e-15       1.335148185107e-15 
  450       2.590301771081e-10       2.200688509351e-12      -9.361711863714e-12       0.000000000000e+00       1.060632381267e-13       6.154420511248e-15       1.321571546827e-15 
  451       2.603755811585e-10       2.177698028464e-12      -9.450055791136e-12       0.000000000000e+00       1.052530354952e-13       6.003607728990e-15       1.307978430759e-15 
  452       2.617361829685e-10       2.154541265946e-12      -9.533491801205e-12       0.000000000000e+00       1.044499877138e-13       5.855731875717e-15       1.294369641952e-15 
  453       2.631113148937e-10       2.131228907834e-12      -9.612024838440e-12       0.000000000000e+00       1.036540798186e-13       5.710773071582e-15       1.280745984519e-15 
  454       2.645002954774e-10       2.107771827859e-12      -9.685660862395e-12       0.000000000000e+00       1.028652941751e-13       5.568710394736e-15       1.267108261580e-15 
  455       2.659024293713e-10       2.084181088452e-12      -9.754406854991e-12       0.000000000000e+00       1.020836104576e-13       5.429521874155e-15       1.253457275212e-15 
  456       2.673170072558e-10       2.060467941736e-12      -9.818270827854e-12       0.000000000000e+00       1.013090056288e-13       5.293184482459e-15       1.239793826397e-15 
  457       2.687433057608e-10       2.036643830534e-12      -9.877261829656e-12       0.000000000000e+00       1.005414539197e-13       5.159674128740e-15       1.226118714972e-15 
  458       2.701805873856e-10       2.012720389367e-12      -9.931389953446e-12       0.000000000000e+00       9.978092680916e-14       5.028965651384e-15       1.212432739571e-15 
  459       2.716281004195e-10       1.988709445452e-12      -9.980666343990e-12       0.000000000000e+00       9.902739300349e-14       4.901032810896e-15       1.198736697581e-15 
  460       2.730850788624e-10       1.964623019707e-12      -1.002510320511e-11       0.000000000000e+00       9.828081841616e-14       4.775848282721e-15       1.185031385085e-15 
  461       2.745507423452e-10       1.940473327747e-12      -1.006471380701e-11       0.000000000000e+00       9.754116614744e-14       4.653383650073e-15       1.171317596809e-15 
  462       2.760242960497e-10       1.916272780888e-12      -1.009951249363e-11       0.000000000000e+00       9.680839646403e-14       4.533609396754e-15       1.157596126076e-15 
  463       2.775049306297e-10       1.892033987142e-12      -1.012951468997e-11       0.000000000000e+00       9.608246677877e-14       4.416494899982e-15       1.143867764749e-15 
  464       2.789918221312e-10       1.867769752227e-12      -1.015473690942e-11       0.000000000000e+00       9.536333163023e-14       4.302008423209e-15       1.130133303180e-15 
  465       2.804841319126e-10       1.843493080557e-12      -1.017519676114e-11       0.000000000000e+00       9.465094266241e-14       4.190117108954e-15       1.116393530159e-15 
  466       2.819810065653e-10       1.819217176249e-12      -1.019091295732e-11       0.000000000000e+00       9.394524860436e-14       4.080786971618e-15       1.102649232862e-15 
  467       2.834815778340e-10       1.794955444120e-12      -1.020190532060e-11       0.000000000000e+00       9.324619524985e-14       3.973982890312e-15       1.088901196799e-15 
  468       2.849849625375e-10       1.770721490692e-12      -1.020819479133e-11       0.000000000000e+00       9.255372543703e-14       3.869668601681e-15       1.075150205762e-15 
  469       2.864902624884e-10       1.746529125187e-12      -1.020980343499e-11       0.000000000000e+00       9.186777902807e-14       3.767806692729e-15       1.061397041772e-15 
  470       2.879965644142e-10       1.722392360529e-12      -1.020675444944e-11       0.000000000000e+00       9.118829288881e-14       3.668358593638e-15       1.047642485029e-15 
  471       2.895029398775e-10       1.698325414347e-12      -1.019907217231e-11       0.000000000000e+00       9.051520086842e-14       3.571284570598e-15       1.033887313858e-15 
  472       2.910084451963e-10       1.674342709973e-12      -1.018678208835e-11       0.000000000000e+00       8.984843377908e-14       3.476543718626e-15       1.020132304661e-15 
  473       2.925121213643e-10       1.650458877443e-12      -1.016991083671e-11       0.000000000000e+00       8.918791937556e-14       3.384093954395e-15       1.006378231859e-15 
  474       2.940129939718e-10       1.626688754497e-12      -1.014848621832e-11       0.000000000000e+00       8.853358233495e-14       3.293892009051e-15       9.926258678449e-16 
  475       2.955100731256e-10       1.603047387582e-12      -1.012253720321e-11       0.000000000000e+00       8.788534423629e-14       3.205893421044e-15       9.788759829306e-16 
  476       2.970023533699e-10       1.579550032848e-12      -1.009209393788e-11       0.000000000000e+00       8.724312354018e-14       3.120052528948e-15       9.651293452937e-16 
  477       2.984888136062e-10       1.556212157151e-12      -1.005718775256e-11       0.000000000000e+00       8.660683556850e-14       3.036322464285e-15       9.513867209268e-16 
  478       2.999684170141e-10       1.533049439055e-12      -1.001785116865e-11       0.000000000000e+00       8.597639248402e-14       2.954655144350e-15       9.376488735853e-16 
  479       3.014401109716e-10       1.510077769829e-12      -9.974117905959e-12       0.000000000000e+00       8.535170327006e-14       2.875001265034e-15       9.239165647352e-16 
  480       3.029028269754e-10       1.487313254448e-12      -9.926022890111e-12       0.000000000000e+00       8.473267371017e-14       2.797310293649e-15       9.101905535017e-16 
  481       3.043554805616e-10       1.464772212598e-12      -9.873602259847e-12       0.000000000000e+00       8.411920636773e-14       2.721530461751e-15       8.964715966167e-16 
  482       3.057969712258e-10       1.442471179671e-12      -9.816893374373e-12       0.000000000000e+00       8.351120056566e-14       2.647608757964e-15       8.827604483674e-16 
  483       3.072261823438e-10       1.420426907765e-12      -9.755934820696e-12       0.000000000000e+00       8.290855236602e-14       2.575490920806e-15       8.690578605440e-16 
  484       3.086419810917e-10       1.398656366692e-12      -9.690766420959e-12       0.000000000000e+00       8.231115454973e-14       2.505121431507e-15       8.553645823881e-16 
  485       3.100432183667e-10       1.377176744968e-12      -9.621429239779e-12       0.000000000000e+00       8.171889659614e-14       2.436443506842e-15       8.416813605404e-16 
  486       3.114287287071e-10       1.356005450821e-12      -9.547965591585e-12       0.000000000000e+00       8.113166466275e-14       2.369399091945e-15       8.280089389892e-16 
  487       3.127973302132e-10       1.335160113191e-12      -9.470419047951e-12       0.000000000000e+00       8.054934156484e-14       2.303928853141e-15       8.143480590183e-16 
  488       3.141479684118e-10       1.314656961391e-12      -9.388836906532e-12       0.000000000000e+00       7.997182597399e-14       2.239982479673e-15       8.006995016770e-16 
  489       3.154801527300e-10       1.294505908960e-12      -9.303277663895e-12       0.000000000000e+00       7.939909068451e-14       2.177549941242e-15       7.870642166889e-16 
  490       3.167935328737e-10       1.274715325260e-12      -9.213803779863e-12       0.000000000000e+00       7.883112604352e-14       2.116631147942e-15       7.734431972831e-16 
  491       3.180877560520e-10       1.255293643750e-12      -9.120479244613e-12       0.000000000000e+00       7.826792087842e-14       2.057225723597e-15       7.598374379889e-16 
  492       3.193624669702e-10       1.236249362167e-12      -9.023369587247e-12       0.000000000000e+00       7.770946248627e-14       1.999333003773e-15       7.462479346053e-16 
  493       3.206173078220e-10       1.217591042714e-12      -8.922541884369e-12       0.000000000000e+00       7.715573662305e-14       1.942952033782e-15       7.326756841705e-16 
  494       3.218519182831e-10       1.199327312247e-12      -8.818064768658e-12       0.000000000000e+00       7.660672749298e-14       1.888081566691e-15       7.191216849314e-16 
  495       3.230659355035e-10       1.181466862452e-12      -8.710008437445e-12       0.000000000000e+00       7.606241773788e-14       1.834720061333e-15       7.055869363130e-16 
  496       3.242589941006e-10       1.164018450041e-12      -8.598444661284e-12       0.000000000000e+00       7.552278842646e-14       1.782865680309e-15       6.920724388879e-16 
  497       3.254307261514e-10       1.146990896928e-12      -8.483446792532e-12       0.000000000000e+00       7.498781904363e-14       1.732516288001e-15       6.785791943458e-16 
  498       3.265807611863e-10       1.130393090420e-12      -8.365089773919e-12       0.000000000000e+00       7.445748747982e-14       1.683669448580e-15       6.651082054627e-16 
  499       3.277087261809e-10       1.114233983398e-12      -8.243450147123e-12       0.000000000000e+00       7.393177002031e-14       1.636322424008e-15       6.516604760710e-16 
  500       3.288142455495e-10       1.098522594506e-12      -8.118606061349e-12       0.000000000000e+00       7.341064133456e-14       1.590472172054e-15       6.382370110281e-16 
  501       3.298969411375e-10       1.083268008333e-12      -7.990637281898e-12       0.000000000000e+00       7.289407446549e-14       1.546115344296e-15       6.248388161866e-16 
  502       3.309564322144e-10       1.068479375599e-12      -7.859625198746e-12       0.000000000000e+00       7.238204081883e-14       1.503248284130e-15       6.114668983634e-16 
  503       3.319923354666e-10       1.054165913342e-12      -7.725652835116e-12       0.000000000000e+00       7.187451015240e-14       1.461867024781e-15       5.981222653093e-16 
  504       3.330042649901e-10       1.040336905098e-12      -7.588804856054e-12       0.000000000000e+00       7.137145056548e-14       1.421967287307e-15       5.848059256784e-16 
  505       3.339918322833e-10       1.027001701094e-12      -7.449167577004e-12       0.000000000000e+00       7.087282848810e-14       1.383544478609e-15       5.715188889976e-16 
  506       3.349546462400e-10       1.014169718426e-12      -7.306828972381e-12       0.000000000000e+00       7.037860867034e-14       1.346593689439e-15       5.582621656359e-16 
  507       3.358923131419e-10       1.001850441246e-12      -7.161878684147e-12       0.000000000000e+00       6.988875417168e-14       1.311109692407e-15       5.450367667743e-16 
  508       3.368044366516e-10       9.900534209517e-13      -7.014408030387e-12       0.000000000000e+00       6.940322635029e-14       1.277086939989e-15       5.318437043747e-16 
  509       3.376906178056e-10       9.787882763641e-13      -6.864510013879e-12       0.000000000000e+00       6.892198485238e-14       1.244519562535e-15       5.186839911499e-16 
  510       3.385504550065e-10       9.680646939181e-13      -6.712279330675e-12       0.000000000000e+00       6.844498760148e-14       1.213401366277e-15       5.055586405325e-16 
  511       3.393835440163e-10       9.578924278455e-13      -6.557812378670e-12       0.000000000000e+00       6.797219078779e-14       1.183725831340e-15       4.924686666450e-16 
  512       3.401894779492e-10       9.482813003607e-13      -6.401207266181e-12       0.000000000000e+00       6.750354885748e-14       1.155486109743e-15       4.794150842689e-16 
  513       3.409678472642e-10       9.392412018454e-13      -6.242563820518e-12       0.000000000000e+00       6.703901450200e-14       1.128675023412e-15       4.663989088139e-16 
  514       3.417182397579e-10       9.307820910341e-13      -6.081983596562e-12       0.000000000000e+00       6.657853864743e-14       1.103285062188e-15       4.534211562881e-16 
  515       3.424402405574e-10       9.229139951989e-13      -5.919569885337e-12       0.000000000000e+00       6.612207044375e-14       1.079308381832e-15       4.404828432668e-16 
  516       3.431334321131e-10       9.156470103349e-13      -5.755427722586e-12       0.000000000000e+00       6.566955725421e-14       1.056736802037e-15       4.275849868622e-16 
  517       3.437973941916e-10       9.089913013451e-13      -5.589663897346e-12       0.000000000000e+00       6.522094464461e-14       1.035561804431e-15       4.147286046931e-16 
  518       3.444317038681e-10       9.029571022256e-13      -5.422386960523e-12       0.000000000000e+00       6.477617637263e-14       1.015774530588e-15       4.019147148538e-16 
  519       3.450359355198e-10       8.975547162507e-13      -5.253707233464e-12       0.000000000000e+00       6.433519437715e-14       9.973657800361e-16       3.891443358842e-16 
  520       3.456096608182e-10       8.927945161581e-13      -5.083736816534e-12       0.000000000000e+00       6.389793876756e-14       9.803260082642e-16       3.764184867389e-16 
  521       3.461524487222e-10       8.886869443338e-13      -4.912589597692e-12       0.000000000000e+00       6.346434781309e-14       9.646453247304e-16       3.637381867567e-16 
  522       3.466638654706e-10       8.852425129974e-13      -4.740381261061e-12       0.000000000000e+00       6.303435793211e-14       9.503134908696e-16       3.511044556301e-16 
  523       3.471434745753e-10       8.824718043873e-13      -4.567229295508e-12       0.000000000000e+00       6.260790368146e-14       9.373199181020e-16       3.385183133748e-16 
  524       3.475908368138e-10       8.803854709455e-13      -4.393253003215e-12       0.000000000000e+00       6.218491774578e-14       9.256536658406e-16       3.259807802991e-16 
  525       3.480055102221e-10       8.789942355031e-13      -4.218573508255e-12       0.000000000000e+00       6.176533092680e-14       9.153034394990e-16       3.134928769735e-16 
  526       3.483870500877e-10       8.783088914649e-13      -4.043313765167e-12       0.000000000000e+00       6.134907213266e-14       9.062575884996e-16       3.010556242001e-16 
  527       3.487351061642e-10       8.783384496259e-13      -3.867590142917e-12       0.000000000000e+00       6.093607963868e-14       8.985036717049e-16       2.886700436415e-16 
  528       3.490497172841e-10       8.790845219791e-13      -3.691486903853e-12       0.000000000000e+00       6.052633523311e-14       8.920271445628e-16       2.763371597903e-16 
  529       3.493310248677e-10       8.805467831774e-13      -3.515081036883e-12       0.000000000000e+00       6.011983099324e-14       8.868126317765e-16       2.640579979938e-16 
  530       3.495791764722e-10       8.827248092613e-13      -3.338450623263e-12       0.000000000000e+00       5.971655809348e-14       8.828443544286e-16       2.518335837692e-16 
  531       3.497943258254e-10       8.856180770449e-13      -3.161674841543e-12       0.000000000000e+00       5.931650679954e-14       8.801061278027e-16       2.396649427735e-16 
  532       3.499766328613e-10       8.892259635016e-13      -2.984833972505e-12       0.000000000000e+00       5.891966646259e-14       8.785813592044e-16       2.275531007731e-16 
  533       3.501262637544e-10       8.935477451499e-13      -2.808009404109e-12       0.000000000000e+00       5.852602551346e-14       8.782530457826e-16       2.154990836135e-16 
  534       3.502433909543e-10       8.985825974394e-13      -2.631283636428e-12       0.000000000000e+00       5.813557145681e-14       8.791037723514e-16       2.035039171892e-16 
  535       3.503281932209e-10       9.043295941366e-13      -2.454740286595e-12       0.000000000000e+00       5.774829086530e-14       8.811157092108e-16       1.915686274135e-16 
  536       3.503808556587e-10       9.107877067104e-13      -2.278464093744e-12       0.000000000000e+00       5.736416937379e-14       8.842706099685e-16       1.796942401878e-16 
  537       3.504015697519e-10       9.179558037185e-13      -2.102540923946e-12       0.000000000000e+00       5.698319167348e-14       8.885498093610e-16       1.678817813720e-16 
  538       3.503905333986e-10       9.258326501928e-13      -1.927057775159e-12       0.000000000000e+00       5.660534150613e-14       8.939342210752e-16       1.561322767538e-16 
  539       3.503479509462e-10       9.344169070253e-13      -1.752102782162e-12       0.000000000000e+00       5.623060165824e-14       9.004043355696e-16       1.444467520186e-16 
  540       3.502740332255e-10       9.437071303543e-13      -1.577765221502e-12       0.000000000000e+00       5.585895395517e-14       9.079402178957e-16       1.328262327192e-16 
  541       3.501689975859e-10       9.537017709497e-13      -1.404135516431e-12       0.000000000000e+00       5.549037925539e-14       9.165215055194e-16       1.212717442457e-16 
  542       3.500330679299e-10       9.643991735990e-13      -1.231305241850e-12       0.000000000000e+00       5.512485744461e-14       9.261274061420e-16       1.097843117949e-16 
  543       3.498664747479e-10       9.757975764936e-13      -1.059367129252e-12       0.000000000000e+00       5.476236742999e-14       9.367366955223e-16       9.836496034049e-17 
  544       3.496694551529e-10       9.878951106139e-13      -8.884150716587e-13       0.000000000000e+00       5.440288713429e-14       9.483277152974e-16       8.701471460258e-17 
  545       3.494422529151e-10       1.000689799116e-12      -7.185441285671e-13       0.000000000000e+00       5.404639349008e-14       9.608783708039e-16       7.573459901741e-17 
  546       3.491851184969e-10       1.014179556716e-12      -5.498505308880e-13       0.000000000000e+00       5.369286243389e-14       9.743661288999e-16       6.452563770716e-17 
  547       3.488983090875e-10       1.028362189078e-12      -3.824316858882e-13       0.000000000000e+00       5.334226890039e-14       9.887680157859e-16       5.338885444972e-17 
  548       3.485820886377e-10       1.043235392198e-12      -2.163861821323e-13       0.000000000000e+00       5.299458681659e-14       1.004060614826e-15       4.232527264839e-17 
  549       3.482367278944e-10       1.058796751791e-12      -5.181379442384e-14       0.000000000000e+00       5.264978909603e-14       1.020220064370e-15       3.133591530170e-17 
  550       3.478625044355e-10       1.075043742676e-12       1.111845112530e-13       0.000000000000e+00       5.230784763288e-14       1.037222055574e-15       2.042180497308e-17 
  551       3.474597027048e-10       1.091973728163e-12       2.725065727918e-13       0.000000000000e+00       5.196873329623e-14       1.055041830223e-15       9.583963760676e-18 
  552       3.470286140463e-10       1.109583959437e-12       4.320490270229e-13       0.000000000000e+00       5.163241592418e-14       1.073654178548e-15      -1.176586732943e-18 
  553       3.465695367394e-10       1.127871574945e-12       5.897073047712e-13       0.000000000000e+00       5.129886431806e-14       1.093033437055e-15      -1.185882543101e-17 
  554       3.460827760332e-10       1.146833599784e-12       7.453756259152e-13       0.000000000000e+00       5.096804623660e-14       1.113153486340e-15      -2.246173181281e-17 
  555       3.455686441816e-10       1.166466945080e-12       8.989469944453e-13       0.000000000000e+00       5.063992839011e-14       1.133987748911e-15      -3.298428594394e-17 
  556       3.450274604779e-10       1.186768407383e-12       1.050313193522e-12       0.000000000000e+00       5.031447643465e-14       1.155509187013e-15      -4.342546850656e-17 
  557       3.444595512893e-10       1.207734668045e-12       1.199364780536e-12       0.000000000000e+00       4.999165496621e-14       1.177690300447e-15      -5.378426082962e-17 
  558       3.438652500920e-10       1.229362292610e-12       1.345991082163e-12       0.000000000000e+00       4.967142751492e-14       1.200503124390e-15      -6.405964491916e-17 
  559       3.432448975057e-10       1.251647730201e-12       1.490080189427e-12       0.000000000000e+00       4.935375653917e-14       1.223919227218e-15      -7.425060348848e-17 
  560       3.425988413284e-10       1.274587312900e-12       1.631518952755e-12       0.000000000000e+00       4.903860341984e-14       1.247909708328e-15      -8.435611998847e-17 
  561       3.419274365711e-10       1.298177255141e-12       1.770192977038e-12       0.000000000000e+00       4.872592845446e-14       1.272445195958e-15      -9.437517863780e-17 
  562       3.412310454927e-10       1.322413653090e-12       1.905986616688e-12       0.000000000000e+00       4.841569085138e-14       1.297495845010e-15      -1.043067644532e-16 
  563       3.405100376343e-10       1.347292484034e-12       2.038782970695e-12       0.000000000000e+00       4.810784872394e-14       1.323031334868e-15      -1.141498632797e-16 
  564       3.397647898544e-10       1.372809605766e-12       2.168463877691e-12       0.000000000000e+00       4.780235908471e-14       1.349020867224e-15      -1.239034618210e-16 
  565       3.389956863634e-10       1.398960755971e-12       2.294909911002e-12       0.000000000000e+00       4.749917783958e-14       1.375433163895e-15      -1.335665476693e-16 
  566       3.382031307558e-10       1.425740683391e-12       2.418014622663e-12       0.000000000000e+00       4.719826650996e-14       1.402239989342e-15      -1.431382848220e-16 
  567       3.373875823766e-10       1.453140517994e-12       2.537727688123e-12       0.000000000000e+00       4.689961260104e-14       1.429426822204e-15      -1.526185451301e-16 
  568       3.365495209591e-10       1.481150331937e-12       2.654012861748e-12       0.000000000000e+00       4.660320974602e-14       1.456982454006e-15      -1.620073905813e-16 
  569       3.356894347509e-10       1.509760000727e-12       2.766833828683e-12       0.000000000000e+00       4.630905102227e-14       1.484895488443e-15      -1.713048991473e-16 
  570       3.348078205537e-10       1.538959202283e-12       2.876154205242e-12       0.000000000000e+00       4.601712894803e-14       1.513154340518e-15      -1.805111648797e-16 
  571       3.339051837621e-10       1.568737415997e-12       2.981937539295e-12       0.000000000000e+00       4.572743547908e-14       1.541747235690e-15      -1.896262980054e-16 
  572       3.329820384031e-10       1.599083921794e-12       3.084147310652e-12       0.000000000000e+00       4.543996200547e-14       1.570662209001e-15      -1.986504250229e-16 
  573       3.320389071750e-10       1.629987799196e-12       3.182746931451e-12       0.000000000000e+00       4.515469934818e-14       1.599887104227e-15      -2.075836887980e-16 
  574       3.310763214868e-10       1.661437926380e-12       3.277699746545e-12       0.000000000000e+00       4.487163775585e-14       1.629409573009e-15      -2.164262486599e-16 
  575       3.300948214974e-10       1.693422979241e-12       3.368969033887e-12       0.000000000000e+00       4.459076690144e-14       1.659217073996e-15      -2.251782804965e-16 
  576       3.290949561549e-10       1.725931430454e-12       3.456518004917e-12       0.000000000000e+00       4.431207587893e-14       1.689296871985e-15      -2.338399768509e-16 
  577       3.280772832355e-10       1.758951548533e-12       3.540309804951e-12       0.000000000000e+00       4.403555320005e-14       1.719636037057e-15      -2.424115470168e-16 
  578       3.270423693832e-10       1.792471396893e-12       3.620307513562e-12       0.000000000000e+00       4.376118679092e-14       1.750221443720e-15      -2.508932171349e-16 
  579       3.259907901487e-10       1.826478832912e-12       3.696474144973e-12       0.000000000000e+00       4.348896398878e-14       1.781039770046e-15      -2.592852302881e-16 
  580       3.249231300285e-10       1.860961506992e-12       3.768772648438e-12       0.000000000000e+00       4.321887153868e-14       1.812077496812e-15      -2.675878465978e-16 
  581       3.238399825045e-10       1.895906861618e-12       3.837165908633e-12       0.000000000000e+00       4.295089559017e-14       1.843320906636e-15      -2.758013433197e-16 
  582       3.227419500828e-10       1.931302130424e-12       3.901616746038e-12       0.000000000000e+00       4.268502169399e-14       1.874756083121e-15      -2.839260149396e-16 
  583       3.216296443334e-10       1.967134337249e-12       3.962087917327e-12       0.000000000000e+00       4.242123479877e-14       1.906368909990e-15      -2.919621732695e-16 
  584       3.205036859289e-10       2.003390295201e-12       4.018542115754e-12       0.000000000000e+00       4.215951924772e-14       1.938145070231e-15      -2.999101475429e-16 
  585       3.193647046841e-10       2.040056605716e-12       4.070941971538e-12       0.000000000000e+00       4.189985877532e-14       1.970070045227e-15      -3.077702845113e-16 
  586       3.182133395949e-10       2.077119657624e-12       4.119250052251e-12       0.000000000000e+00       4.164223650405e-14       2.002129113906e-15      -3.155429485399e-16 
  587       3.170502388779e-10       2.114565626204e-12       4.163428863203e-12       0.000000000000e+00       4.138663494102e-14       2.034307351873e-15      -3.232285217030e-16 
  588       3.158760600092e-10       2.152380472250e-12       4.203440847830e-12       0.000000000000e+00       4.113303597472e-14       2.066589630551e-15      -3.308274038807e-16 
  589       3.146914697640e-10       2.190549941128e-12       4.239248388080e-12       0.000000000000e+00       4.088142087169e-14       2.098960616322e-15      -3.383400128539e-16 
  590       3.134971442556e-10       2.229059561843e-12       4.270813804799e-12       0.000000000000e+00       4.063177027321e-14       2.131404769665e-15      -3.457667844008e-16 
  591       3.122937689745e-10       2.267894646093e-12       4.298099358118e-12       0.000000000000e+00       4.038406419201e-14       2.163906344295e-15      -3.531081723926e-16 
  592       3.110820388280e-10       2.307040287337e-12       4.321067247840e-12       0.000000000000e+00       4.013828200896e-14       2.196449386305e-15      -3.603646488891e-16 
  593       3.098626581790e-10       2.346481359851e-12       4.339679613825e-12       0.000000000000e+00       3.989440246975e-14       2.229017733299e-15      -3.675367042350e-16 
  594       3.086363408854e-10       2.386202517792e-12       4.353898536379e-12       0.000000000000e+00       3.965240368160e-14       2.261595013541e-15      -3.746248471554e-16 
  595       3.074038103395e-10       2.426188194257e-12       4.363686036636e-12       0.000000000000e+00       3.941226310996e-14       2.294164645083e-15      -3.816296048518e-16 
  596       3.061657995069e-10       2.466422600349e-12       4.369004076950e-12       0.000000000000e+00       3.917395757517e-14       2.326709834915e-15      -3.885515230981e-16 
  597       3.049230509659e-10       2.506889724232e-12       4.369814561279e-12       0.000000000000e+00       3.893746324921e-14       2.359213578097e-15      -3.953911663363e-16 
  598       3.036763169466e-10       2.547573330195e-12       4.366079335570e-12       0.000000000000e+00       3.870275565233e-14       2.391658656901e-15      -4.021491177725e-16 
  599       3.024263593702e-10       2.588456957714e-12       4.357760188147e-12       0.000000000000e+00       3.846980964979e-14       2.424027639950e-15      -4.088259794724e-16 
  600       3.011739498883e-10       2.629523920513e-12       4.344818850100e-12       0.000000000000e+00       3.823859944854e-14       2.456302881359e-15      -4.154223724577e-16 
  601       2.999198699219e-10       2.670757305624e-12       4.327216995665e-12       0.000000000000e+00       3.800909859392e-14       2.488466519871e-15      -4.219389368018e-16 
  602       2.986649107008e-10       2.712139972448e-12       4.304916242617e-12       0.000000000000e+00       3.778127996634e-14       2.520500477998e-15      -4.283763317254e-16 
  603       2.974098733027e-10       2.753654551817e-12       4.277878152655e-12       0.000000000000e+00       3.755511577799e-14       2.552386461163e-15      -4.347352356925e-16 
  604       2.961555686925e-10       2.795283445057e-12       4.246064231784e-12       0.000000000000e+00       3.733057756953e-14       2.584105956833e-15      -4.410163465066e-16 
  605       2.949027554560e-10       2.837009623971e-12       4.209447360199e-12       0.000000000000e+00       3.710764041126e-14       2.615643803019e-15      -4.472201612080e-16 
  606       2.936519512750e-10       2.878819053867e-12       4.168046383403e-12       0.000000000000e+00       3.688629562445e-14       2.646998989867e-15      -4.533463097524e-16 
  607       2.924036169900e-10       2.920698327019e-12       4.121892354778e-12       0.000000000000e+00       3.666653835983e-14       2.678174116461e-15      -4.593942054777e-16 
  608       2.911582185139e-10       2.962633866353e-12       4.071017185603e-12       0.000000000000e+00       3.644836341887e-14       2.709171845311e-15      -4.653632638729e-16 
  609       2.899162268507e-10       3.004611924764e-12       4.015453649178e-12       0.000000000000e+00       3.623176525186e-14       2.739994902665e-15      -4.712529026028e-16 
  610       2.886781181141e-10       3.046618584443e-12       3.955235384953e-12       0.000000000000e+00       3.601673795597e-14       2.770646078816e-15      -4.770625415309e-16 
  611       2.874443735466e-10       3.088639756201e-12       3.890396902657e-12       0.000000000000e+00       3.580327527336e-14       2.801128228406e-15      -4.827916027439e-16 
  612       2.862154795383e-10       3.130661178788e-12       3.820973586423e-12       0.000000000000e+00       3.559137058918e-14       2.831444270740e-15      -4.884395105751e-16 
  613       2.849919276455e-10       3.172668418222e-12       3.747001698919e-12       0.000000000000e+00       3.538101692972e-14       2.861597190086e-15      -4.940056916283e-16 
  614       2.837742146098e-10       3.214646867106e-12       3.668518385468e-12       0.000000000000e+00       3.517220696043e-14       2.891590035991e-15      -4.994895748018e-16 
  615       2.825628423767e-10       3.256581743959e-12       3.585561678186e-12       0.000000000000e+00       3.496493298399e-14       2.921425923579e-15      -5.048905913117e-16 
  616       2.813583181147e-10       3.298458092532e-12       3.498170500101e-12       0.000000000000e+00       3.475918693841e-14       2.951108033868e-15      -5.102081747163e-16 
  617       2.801611542338e-10       3.340260781136e-12       3.406384669282e-12       0.000000000000e+00       3.455496039508e-14       2.980639614071e-15      -5.154417609393e-16 
  618       2.789718684044e-10       3.381974501963e-12       3.310244902972e-12       0.000000000000e+00       3.435224455683e-14       3.010023977908e-15      -5.205907882941e-16 
  619       2.777909835764e-10       3.423583770410e-12       3.209792821707e-12       0.000000000000e+00       3.415103025603e-14       3.039264505908e-15      -5.256546975074e-16 
  620       2.766190279976e-10       3.465072924403e-12       3.105070953450e-12       0.000000000000e+00       3.395130795265e-14       3.068364645723e-15      -5.306329317427e-16 
  621       2.754565352330e-10       3.506426123720e-12       2.996122737715e-12       0.000000000000e+00       3.375306773231e-14       3.097327912433e-15      -5.355249366248e-16 
  622       2.743040441831e-10       3.547627349315e-12       2.882992529697e-12       0.000000000000e+00       3.355629930437e-14       3.126157888850e-15      -5.403301602628e-16 
  623       2.731620991031e-10       3.588660402637e-12       2.765725604395e-12       0.000000000000e+00       3.336099199999e-14       3.154858225833e-15      -5.450480532745e-16 
  624       2.720312496216e-10       3.629508904961e-12       2.644368160746e-12       0.000000000000e+00       3.316713477024e-14       3.183432642587e-15      -5.496780688098e-16 
  625       2.709120507595e-10       3.670156296705e-12       2.518967325747e-12       0.000000000000e+00       3.297471618408e-14       3.211884926980e-15      -5.542196625749e-16 
  626       2.698050629486e-10       3.710585836756e-12       2.389571158583e-12       0.000000000000e+00       3.278372442654e-14       3.240218935841e-15      -5.586722928555e-16 
  627       2.687108520508e-10       3.750780601792e-12       2.256228654759e-12       0.000000000000e+00       3.259414729671e-14       3.268438595275e-15      -5.630354205412e-16 
  628       2.676299893766e-10       3.790723485607e-12       2.118989750221e-12       0.000000000000e+00       3.240597220584e-14       3.296547900967e-15      -5.673085091490e-16 
  629       2.665630517039e-10       3.830397198434e-12       1.977905325489e-12       0.000000000000e+00       3.221918617542e-14       3.324550918490e-15      -5.714910248472e-16 
  630       2.655106212971e-10       3.869784266266e-12       1.833027209781e-12       0.000000000000e+00       3.203377583523e-14       3.352451783613e-15      -5.755824364790e-16 
  631       2.644732859257e-10       3.908867030183e-12       1.684408185141e-12       0.000000000000e+00       3.184972742141e-14       3.380254702610e-15      -5.795822155864e-16 
  632       2.634516388833e-10       3.947627645673e-12       1.532101990567e-12       0.000000000000e+00       3.166702677457e-14       3.407963952565e-15      -5.834898364343e-16 
  633       2.624462790062e-10       3.986048081956e-12       1.376163326140e-12       0.000000000000e+00       3.148565933779e-14       3.435583881680e-15      -5.873047760337e-16 
  634       2.614578106924e-10       4.024110121305e-12       1.216647857148e-12       0.000000000000e+00       3.130561015477e-14       3.463118909585e-15      -5.910265141661e-16 
  635       2.604868439204e-10       4.061795358376e-12       1.053612218216e-12       0.000000000000e+00       3.112686386782e-14       3.490573527642e-15      -5.946545334067e-16 
  636       2.595339942680e-10       4.099085199522e-12       8.871140174319e-13       0.000000000000e+00       3.094940471602e-14       3.517952299257e-15      -5.981883191488e-16 
  637       2.585998829309e-10       4.135960862125e-12       7.172118404765e-13       0.000000000000e+00       3.077321653320e-14       3.545259860183e-15      -6.016273596272e-16 
  638       2.576851367420e-10       4.172403373912e-12       5.439652547477e-13       0.000000000000e+00       3.059828274607e-14       3.572500918831e-15      -6.049711459420e-16 
  639       2.567903881899e-10       4.208393572285e-12       3.674348134897e-13       0.000000000000e+00       3.042458637226e-14       3.599680256574e-15      -6.082191720827e-16 
  640       2.559162754378e-10       4.243912103640e-12       1.876820599206e-13       0.000000000000e+00       3.025211001843e-14       3.626802728061e-15      -6.113709349515e-16 
  641       2.550634423421e-10       4.278939422692e-12       4.769531358761e-15       0.000000000000e+00       3.008083587829e-14       3.653873261517e-15      -6.144259343878e-16 
  642       2.542325384716e-10       4.313455791795e-12      -1.812392366486e-13       0.000000000000e+00       2.991074573070e-14       3.680896859054e-15      -6.173836731911e-16 
  643       2.534242191263e-10       4.347441280272e-12      -3.702797061987e-13       0.000000000000e+00       2.974182093772e-14       3.707878596982e-15      -6.202436571457e-16 
  644       2.526390563549e-10       4.380877853883e-12      -5.622844779179e-13       0.000000000000e+00       2.957404509239e-14       3.734821648900e-15      -6.230055435614e-16 
  645       2.518772697597e-10       4.413755696520e-12      -7.571776757848e-13       0.000000000000e+00       2.940741203151e-14       3.761721305259e-15      -6.256695905404e-16 
  646       2.511389896376e-10       4.446067030242e-12      -9.548804270731e-13       0.000000000000e+00       2.924191800037e-14       3.788570819070e-15      -6.282362179245e-16 
  647       2.504243454218e-10       4.477804037995e-12      -1.155312701180e-12       0.000000000000e+00       2.907755901831e-14       3.815363370601e-15      -6.307058597649e-16 
  648       2.497334656757e-10       4.508958863545e-12      -1.358393304966e-12       0.000000000000e+00       2.891433087755e-14       3.842092067113e-15      -6.330789643890e-16 
  649       2.490664780854e-10       4.539523611404e-12      -1.564039878085e-12       0.000000000000e+00       2.875222914206e-14       3.868749942593e-15      -6.353559944663e-16 
  650       2.484235094531e-10       4.569490346756e-12      -1.772168888329e-12       0.000000000000e+00       2.859124914637e-14       3.895329957495e-15      -6.375374270762e-16 
  651       2.478046856905e-10       4.598851095386e-12      -1.982695626959e-12       0.000000000000e+00       2.843138599439e-14       3.921824998473e-15      -6.396237537740e-16 
  652       2.472101318112e-10       4.627597843606e-12      -2.195534204045e-12       0.000000000000e+00       2.827263455829e-14       3.948227878119e-15      -6.416154806575e-16 
  653       2.466399719244e-10       4.655722538181e-12      -2.410597543800e-12       0.000000000000e+00       2.811498947730e-14       3.974531334700e-15      -6.435131284344e-16 
  654       2.460943292278e-10       4.683217086260e-12      -2.627797379917e-12       0.000000000000e+00       2.795844515657e-14       4.000728031891e-15      -6.453172324882e-16 
  655       2.455733260007e-10       4.710073355298e-12      -2.847044250910e-12       0.000000000000e+00       2.780299576598e-14       4.026810558517e-15      -6.470283429456e-16 
  656       2.450770835973e-10       4.736283172988e-12      -3.068247495444e-12       0.000000000000e+00       2.764863523900e-14       4.052771428284e-15      -6.486470247426e-16 
  657       2.446057224394e-10       4.761838327185e-12      -3.291315247676e-12       0.000000000000e+00       2.749535727151e-14       4.078603079517e-15      -6.501738576916e-16 
  658       2.441593620101e-10       4.786730565834e-12      -3.516154432591e-12       0.000000000000e+00       2.734315532065e-14       4.104297874900e-15      -6.516094365480e-16 
  659       2.437381208461e-10       4.810951596898e-12      -3.742670761339e-12       0.000000000000e+00       2.719202260364e-14       4.129848101206e-15      -6.529543710767e-16 
  660       2.433421165318e-10       4.834493088283e-12      -3.970768726568e-12       0.000000000000e+00       2.704195209663e-14       4.155245969039e-15      -6.542092861191e-16 
  661       2.429714656916e-10       4.857346667769e-12      -4.200351597768e-12       0.000000000000e+00       2.689293653351e-14       4.180483612567e-15      -6.553748216599e-16 
  662       2.426262839833e-10       4.879503922934e-12      -4.431321416598e-12       0.000000000000e+00       2.674496840480e-14       4.205553089261e-15      -6.564516328931e-16 
  663       2.423066860915e-10       4.900956401080e-12      -4.663578992234e-12       0.000000000000e+00       2.659803995642e-14       4.230446379628e-15      -6.574403902895e-16 
  664       2.420127857202e-10       4.921695609164e-12      -4.897023896694e-12       0.000000000000e+00       2.645214318858e-14       4.255155386951e-15      -6.583417796631e-16 
  665       2.417446955862e-10       4.941713013724e-12      -5.131554460183e-12       0.000000000000e+00       2.630726985456e-14       4.279671937022e-15      -6.591565022377e-16 
  666       2.415025274122e-10       4.961000040804e-12      -5.367067766428e-12       0.000000000000e+00       2.616341145963e-14       4.303987777881e-15      -6.598852747136e-16 
  667       2.412863919198e-10       4.979548075883e-12      -5.603459648011e-12       0.000000000000e+00       2.602055925978e-14       4.328094579553e-15      -6.605288293344e-16 
  668       2.410963988227e-10       4.997348463802e-12      -5.840624681710e-12       0.000000000000e+00       2.587870426064e-14       4.351983933780e-15      -6.610879139538e-16 
  669       2.409326568200e-10       5.014392508691e-12      -6.078456183833e-12       0.000000000000e+00       2.573783721629e-14       4.375647353762e-15      -6.615632921022e-16 
  670       2.407952735887e-10       5.030671473895e-12      -6.316846205558e-12       0.000000000000e+00       2.559794862808e-14       4.399076273892e-15      -6.619557430533e-16 
  671       2.406843557777e-10       5.046176581904e-12      -6.555685528263e-12       0.000000000000e+00       2.545902874349e-14       4.422262049491e-15      -6.622660618909e-16 
  672       2.406000090001e-10       5.060899014279e-12      -6.794863658871e-12       0.000000000000e+00       2.532106755493e-14       4.445195956546e-15      -6.624950595754e-16 
  673       2.405423378267e-10       5.074829911575e-12      -7.034268825181e-12       0.000000000000e+00       2.518405479862e-14       4.467869191446e-15      -6.626435630112e-16 
  674       2.405114457792e-10       5.087960373275e-12      -7.273787971205e-12       0.000000000000e+00       2.504797995341e-14       4.490272870717e-15      -6.627124151123e-16 
  675       2.405074353229e-10       5.100281457713e-12      -7.513306752508e-12       0.000000000000e+00       2.491283223960e-14       4.512398030762e-15      -6.627024748700e-16 
  676       2.405304078604e-10       5.111784182002e-12      -7.752709531543e-12       0.000000000000e+00       2.477860061778e-14       4.534235627592e-15      -6.626146174191e-16 
  677       2.405804637242e-10       5.122459521962e-12      -7.991879372985e-12       0.000000000000e+00       2.464527378770e-14       4.555776536569e-15      -6.624497341045e-16 
  678       2.406577021699e-10       5.132298412045e-12      -8.230698039071e-12       0.000000000000e+00       2.451284018706e-14       4.577011552135e-15      -6.622087325484e-16 
  679       2.407622213698e-10       5.141291745265e-12      -8.469045984936e-12       0.000000000000e+00       2.438128799035e-14       4.597931387554e-15      -6.618925367164e-16 
  680       2.408941184052e-10       5.149430373122e-12      -8.706802353950e-12       0.000000000000e+00       2.425060510774e-14       4.618526674648e-15      -6.615020869848e-16 
  681       2.410534892601e-10       5.156705105533e-12      -8.943844973052e-12       0.000000000000e+00       2.412077918384e-14       4.638787963529e-15      -6.610383402066e-16 
  682       2.412404288143e-10       5.163106710756e-12      -9.180050348091e-12       0.000000000000e+00       2.399179759660e-14       4.658705722341e-15      -6.605022697791e-16 
  683       2.414549717166e-10       5.168628040956e-12      -9.415302275992e-12       0.000000000000e+00       2.386364920596e-14       4.678271998757e-15      -6.598947449070e-16 
  684       2.416969136350e-10       5.173270458846e-12      -9.649517892461e-12       0.000000000000e+00       2.373632964330e-14       4.697485443941e-15      -6.592161654314e-16 
  685       2.419659861774e-10       5.177037548081e-12      -9.882622171060e-12       0.000000000000e+00       2.360983613261e-14       4.716346395309e-15      -6.584668193385e-16 
  686       2.422619156437e-10       5.179933000521e-12      -1.011453935428e-11       0.000000000000e+00       2.348416575014e-14       4.734855224633e-15      -6.576470028919e-16 
  687       2.425844230039e-10       5.181960616697e-12      -1.034519295110e-11       0.000000000000e+00       2.335931542368e-14       4.753012338206e-15      -6.567570206678e-16 
  688       2.429332238758e-10       5.183124306290e-12      -1.057450573451e-11       0.000000000000e+00       2.323528193187e-14       4.770818177009e-15      -6.557971855917e-16 
  689       2.433080285031e-10       5.183428088598e-12      -1.080239973909e-11       0.000000000000e+00       2.311206190346e-14       4.788273216867e-15      -6.547678189731e-16 
  690       2.437085417329e-10       5.182876093017e-12      -1.102879625855e-11       0.000000000000e+00       2.298965181660e-14       4.805377968619e-15      -6.536692505415e-16 
  691       2.441344629945e-10       5.181472559508e-12      -1.125361584327e-11       0.000000000000e+00       2.286804799815e-14       4.822132978278e-15      -6.525018184825e-16 
  692       2.445854862762e-10       5.179221839071e-12      -1.147677829787e-11       0.000000000000e+00       2.274724662291e-14       4.838538827194e-15      -6.512658694727e-16 
  693       2.450613001043e-10       5.176128394222e-12      -1.169820267874e-11       0.000000000000e+00       2.262724371296e-14       4.854596132220e-15      -6.499617587160e-16 
  694       2.455615875202e-10       5.172196799461e-12      -1.191780729160e-11       0.000000000000e+00       2.250803513693e-14       4.870305545870e-15      -6.485898499789e-16 
  695       2.460860260587e-10       5.167431741749e-12      -1.213550968904e-11       0.000000000000e+00       2.238961660928e-14       4.885667756489e-15      -6.471505156264e-16 
  696       2.466342877262e-10       5.161838020979e-12      -1.235122666811e-11       0.000000000000e+00       2.227198368956e-14       4.900683488409e-15      -6.456441366575e-16 
  697       2.472060389779e-10       5.155420550450e-12      -1.256487426781e-11       0.000000000000e+00       2.215513178176e-14       4.915353502120e-15      -6.440711027410e-16 
  698       2.478009406964e-10       5.148184357342e-12      -1.277636776667e-11       0.000000000000e+00       2.203905613353e-14       4.929678594427e-15      -6.424318122511e-16 
  699       2.484186481691e-10       5.140134583184e-12      -1.298562168030e-11       0.000000000000e+00       2.192375183550e-14       4.943659598614e-15      -6.407266723031e-16 
  700       2.490588110668e-10       5.131276484332e-12      -1.319254975897e-11       0.000000000000e+00       2.180921382056e-14       4.957297384612e-15      -6.389560987891e-16 
  701       2.497210734209e-10       5.121615432443e-12      -1.339706498507e-11       0.000000000000e+00       2.169543686313e-14       4.970592859157e-15      -6.371205164136e-16 
  702       2.504050736016e-10       5.111156914941e-12      -1.359907957078e-11       0.000000000000e+00       2.158241557848e-14       4.983546965954e-15      -6.352203587291e-16 
  703       2.511104442961e-10       5.099906535498e-12      -1.379850495552e-11       0.000000000000e+00       2.147014442198e-14       4.996160685844e-15      -6.332560681720e-16 
  704       2.518368124862e-10       5.087870014504e-12      -1.399525180354e-11       0.000000000000e+00       2.135861768840e-14       5.008435036964e-15      -6.312280960981e-16 
  705       2.525837994262e-10       5.075053189540e-12      -1.418923000150e-11       0.000000000000e+00       2.124782951119e-14       5.020371074909e-15      -6.291369028184e-16 
  706       2.533510206212e-10       5.061462015851e-12      -1.438034865595e-11       0.000000000000e+00       2.113777386177e-14       5.031969892899e-15      -6.269829576346e-16 
  707       2.541380858045e-10       5.047102566820e-12      -1.456851609095e-11       0.000000000000e+00       2.102844454882e-14       5.043232621940e-15      -6.247667388748e-16 
  708       2.549445989159e-10       5.031981034439e-12      -1.475363984557e-11       0.000000000000e+00       2.091983521756e-14       5.054160430987e-15      -6.224887339294e-16 
  709       2.557701580796e-10       5.016103729788e-12      -1.493562667147e-11       0.000000000000e+00       2.081193934904e-14       5.064754527108e-15      -6.201494392864e-16 
  710       2.566143555820e-10       4.999477083499e-12      -1.511438253043e-11       0.000000000000e+00       2.070475025941e-14       5.075016155647e-15      -6.177493605675e-16 
  711       2.574767778496e-10       4.982107646238e-12      -1.528981259192e-11       0.000000000000e+00       2.059826109921e-14       5.084946600389e-15      -6.152890125634e-16 
  712       2.583570054272e-10       4.964002089174e-12      -1.546182123063e-11       0.000000000000e+00       2.049246485269e-14       5.094547183719e-15      -6.127689192696e-16 
  713       2.592546129553e-10       4.945167204451e-12      -1.563031202403e-11       0.000000000000e+00       2.038735433703e-14       5.103819266789e-15      -6.101896139222e-16 
  714       2.601691691486e-10       4.925609905662e-12      -1.579518774992e-11       0.000000000000e+00       2.028292220170e-14       5.112764249680e-15      -6.075516390333e-16 
  715       2.611002367737e-10       4.905337228327e-12      -1.595635038399e-11       0.000000000000e+00       2.017916092767e-14       5.121383571565e-15      -6.048555464269e-16 
  716       2.620473726269e-10       4.884356330358e-12      -1.611370109735e-11       0.000000000000e+00       2.007606282676e-14       5.129678710873e-15      -6.021018972746e-16 
  717       2.630101275122e-10       4.862674492538e-12      -1.626714025409e-11       0.000000000000e+00       1.997362004089e-14       5.137651185452e-15      -5.992912621310e-16 
  718       2.639880462194e-10       4.840299118992e-12      -1.641656740882e-11       0.000000000000e+00       1.987182454138e-14       5.145302552730e-15      -5.964242209696e-16 
  719       2.649806675017e-10       4.817237737660e-12      -1.656188130425e-11       0.000000000000e+00       1.977066812821e-14       5.152634409883e-15      -5.935013632186e-16 
  720       2.659875240541e-10       4.793498000773e-12      -1.670297986871e-11       0.000000000000e+00       1.967014242934e-14       5.159648393993e-15      -5.905232877961e-16 
  721       2.670081424906e-10       4.769087685320e-12      -1.683976021369e-11       0.000000000000e+00       1.957023889997e-14       5.166346182215e-15      -5.874906031461e-16 
  722       2.680420459640e-10       4.744015510560e-12      -1.697213223210e-11       0.000000000000e+00       1.947094996599e-14       5.172729268166e-15      -5.844039416279e-16 
  723       2.690887621249e-10       4.718293607686e-12      -1.710005969912e-11       0.000000000000e+00       1.937227248102e-14       5.178798285806e-15      -5.812640029303e-16 
  724       2.701478152795e-10       4.691935100980e-12      -1.722351999669e-11       0.000000000000e+00       1.927420433778e-14       5.184553672224e-15      -5.780715116048e-16 
  725       2.712187237414e-10       4.664953295958e-12      -1.734249058867e-11       0.000000000000e+00       1.917674332981e-14       5.189995890285e-15      -5.748272028303e-16 
  726       2.723009998103e-10       4.637361680034e-12      -1.745694902160e-11       0.000000000000e+00       1.907988715102e-14       5.195125428739e-15      -5.715318224521e-16 
  727       2.733941497508e-10       4.609173923178e-12      -1.756687292529e-11       0.000000000000e+00       1.898363339525e-14       5.199942802339e-15      -5.681861270208e-16 
  728       2.744976737705e-10       4.580403878579e-12      -1.767224001356e-11       0.000000000000e+00       1.888797955579e-14       5.204448551947e-15      -5.647908838314e-16 
  729       2.756110659986e-10       4.551065583305e-12      -1.777302808487e-11       0.000000000000e+00       1.879292302496e-14       5.208643244647e-15      -5.613468709622e-16 
  730       2.767338144647e-10       4.521173258965e-12      -1.786921502303e-11       0.000000000000e+00       1.869846109366e-14       5.212527473859e-15      -5.578548773138e-16 
  731       2.778654010770e-10       4.490741312368e-12      -1.796077879787e-11       0.000000000000e+00       1.860459095087e-14       5.216101859451e-15      -5.543157026478e-16 
  732       2.790053016013e-10       4.459784336185e-12      -1.804769746591e-11       0.000000000000e+00       1.851130968327e-14       5.219367047845e-15      -5.507301576263e-16 
  733       2.801529856390e-10       4.428317109612e-12      -1.812994917103e-11       0.000000000000e+00       1.841861427473e-14       5.222323712139e-15      -5.470990638505e-16 
  734       2.813079166058e-10       4.396354599028e-12      -1.820751214515e-11       0.000000000000e+00       1.832650160587e-14       5.224972552207e-15      -5.434232538996e-16 
  735       2.824695517105e-10       4.363911958657e-12      -1.828036470893e-11       0.000000000000e+00       1.823496845364e-14       5.227314294821e-15      -5.397035713701e-16 
  736       2.836373419333e-10       4.331004531230e-12      -1.834848527241e-11       0.000000000000e+00       1.814401149084e-14       5.229349693755e-15      -5.359408709146e-16 
  737       2.848107320042e-10       4.297647848644e-12      -1.841185233572e-11       0.000000000000e+00       1.805362728566e-14       5.231079529904e-15      -5.321360182806e-16 
  738       2.859891603820e-10       4.263857632625e-12      -1.847044448972e-11       0.000000000000e+00       1.796381230126e-14       5.232504611390e-15      -5.282898903498e-16 
  739       2.871720592322e-10       4.229649795388e-12      -1.852424041673e-11       0.000000000000e+00       1.787456289529e-14       5.233625773676e-15      -5.244033751768e-16 
  740       2.883588544061e-10       4.195040440298e-12      -1.857321889114e-11       0.000000000000e+00       1.778587531945e-14       5.234443879677e-15      -5.204773720282e-16 
  741       2.895489654190e-10       4.160045862530e-12      -1.861735878014e-11       0.000000000000e+00       1.769774571905e-14       5.234959819874e-15      -5.165127914215e-16 
  742       2.907418054289e-10       4.124682549733e-12      -1.865663904437e-11       0.000000000000e+00       1.761017013254e-14       5.235174512423e-15      -5.125105551643e-16 
  743       2.919367812149e-10       4.088967182688e-12      -1.869103873860e-11       0.000000000000e+00       1.752314449105e-14       5.235088903269e-15      -5.084715963928e-16 
  744       2.931332931559e-10       4.052916635971e-12      -1.872053701244e-11       0.000000000000e+00       1.743666461797e-14       5.234703966257e-15      -5.043968596114e-16 
  745       2.943307352088e-10       4.016547978610e-12      -1.874511311094e-11       0.000000000000e+00       1.735072622848e-14       5.234020703242e-15      -5.002873007310e-16 
  746       2.955284948876e-10       3.979878474754e-12      -1.876474637535e-11       0.000000000000e+00       1.726532492909e-14       5.233040144205e-15      -4.961438871085e-16 
  747       2.967259532414e-10       3.942925584324e-12      -1.877941624374e-11       0.000000000000e+00       1.718045621720e-14       5.231763347361e-15      -4.919675975855e-16 
  748       2.979224848331e-10       3.905706963682e-12      -1.878910225171e-11       0.000000000000e+00       1.709611548066e-14       5.230191399270e-15      -4.877594225274e-16 
  749       2.991174577180e-10       3.868240466287e-12      -1.879378403305e-11       0.000000000000e+00       1.701229799730e-14       5.228325414955e-15      -4.835203638623e-16 
  750       3.003102334224e-10       3.830544143361e-12      -1.879344132041e-11       0.000000000000e+00       1.692899893446e-14       5.226166538006e-15      -4.792514351198e-16 
  751       3.015001669220e-10       3.792636244545e-12      -1.878805394600e-11       0.000000000000e+00       1.684621334859e-14       5.223715940698e-15      -4.749536614704e-16 
  752       3.026866066203e-10       3.754535218560e-12      -1.877760184224e-11       0.000000000000e+00       1.676393618476e-14       5.220974824099e-15      -4.706280797642e-16 
  753       3.038688943275e-10       3.716259713873e-12      -1.876206504247e-11       0.000000000000e+00       1.668216227621e-14       5.217944418183e-15      -4.662757385697e-16 
  754       3.050463652387e-10       3.677828579354e-12      -1.874142368158e-11       0.000000000000e+00       1.660088634391e-14       5.214625981942e-15      -4.618976982132e-16 
  755       3.062183479127e-10       3.639260864937e-12      -1.871565799673e-11       0.000000000000e+00       1.652010299613e-14       5.211020803498e-15      -4.574950308173e-16 
  756       3.073841642503e-10       3.600575822282e-12      -1.868474832801e-11       0.000000000000e+00       1.643980672792e-14       5.207130200214e-15      -4.530688203403e-16 
  757       3.085431294729e-10       3.561792905438e-12      -1.864867511911e-11       0.000000000000e+00       1.635999192074e-14       5.202955518806e-15      -4.486201626150e-16 
  758       3.096945521011e-10       3.522931771498e-12      -1.860741891800e-11       0.000000000000e+00       1.628065284194e-14       5.198498135457e-15      -4.441501653875e-16 
  759       3.108377339333e-10       3.484012281268e-12      -1.856096037761e-11       0.000000000000e+00       1.620178364435e-14       5.193759455924e-15      -4.396599483563e-16 
  760       3.119719700239e-10       3.445054499920e-12      -1.850928025652e-11       0.000000000000e+00       1.612337836584e-14       5.188740915654e-15      -4.351506432114e-16 
  761       3.130966061215e-10       3.406077663492e-12      -1.845236976705e-11       0.000000000000e+00       1.604543170844e-14       5.183443789658e-15      -4.306232852405e-16 
  762       3.142112122327e-10       3.367097055301e-12      -1.839026183581e-11       0.000000000000e+00       1.596794139328e-14       5.177868617914e-15      -4.260784857893e-16 
  763       3.153154123427e-10       3.328127070957e-12      -1.832300044377e-11       0.000000000000e+00       1.589090584994e-14       5.172015769170e-15      -4.215167535998e-16 
  764       3.164088272480e-10       3.289182247555e-12      -1.825063033590e-11       0.000000000000e+00       1.581432344061e-14       5.165885630256e-15      -4.169386026904e-16 
  765       3.174910745466e-10       3.250277264123e-12      -1.817319702400e-11       0.000000000000e+00       1.573819245980e-14       5.159478606155e-15      -4.123445523723e-16 
  766       3.185617686288e-10       3.211426942065e-12      -1.809074678948e-11       0.000000000000e+00       1.566251113405e-14       5.152795120079e-15      -4.077351272666e-16 
  767       3.196205206673e-10       3.172646245610e-12      -1.800332668624e-11       0.000000000000e+00       1.558727762164e-14       5.145835613536e-15      -4.031108573201e-16 
  768       3.206669386078e-10       3.133950282261e-12      -1.791098454344e-11       0.000000000000e+00       1.551249001230e-14       5.138600546407e-15      -3.984722778224e-16 
  769       3.217006271592e-10       3.095354303237e-12      -1.781376896833e-11       0.000000000000e+00       1.543814632693e-14       5.131090397015e-15      -3.938199294222e-16 
  770       3.227211877844e-10       3.056873703925e-12      -1.771172934909e-11       0.000000000000e+00       1.536424451728e-14       5.123305662202e-15      -3.891543581438e-16 
  771       3.237282186904e-10       3.018524024325e-12      -1.760491585759e-11       0.000000000000e+00       1.529078246571e-14       5.115246857396e-15      -3.844761154039e-16 
  772       3.247213148188e-10       2.980320949497e-12      -1.749337945229e-11       0.000000000000e+00       1.521775798484e-14       5.106914516686e-15      -3.797857580276e-16 
  773       3.257000678363e-10       2.942280310006e-12      -1.737717188099e-11       0.000000000000e+00       1.514516881731e-14       5.098309192896e-15      -3.750838482655e-16 
  774       3.266640661251e-10       2.904418082374e-12      -1.725634568368e-11       0.000000000000e+00       1.507301263545e-14       5.089431457655e-15      -3.703709538099e-16 
  775       3.276128947733e-10       2.866750389520e-12      -1.713095419533e-11       0.000000000000e+00       1.500128704102e-14       5.080281901471e-15      -3.656476478115e-16 
  776       3.285461355653e-10       2.829293501215e-12      -1.700105154877e-11       0.000000000000e+00       1.492998956491e-14       5.070861133802e-15      -3.609145088958e-16 
  777       3.294633669722e-10       2.792063834522e-12      -1.686669267742e-11       0.000000000000e+00       1.485911766684e-14       5.061169783129e-15      -3.561721211796e-16 
  778       3.303641641423e-10       2.755077954246e-12      -1.672793331819e-11       0.000000000000e+00       1.478866873509e-14       5.051208497029e-15      -3.514210742877e-16 
  779       3.312480988916e-10       2.718352573382e-12      -1.658483001423e-11       0.000000000000e+00       1.471864008619e-14       5.040977942246e-15      -3.466619633694e-16 
  780       3.321147396940e-10       2.681904553560e-12      -1.643744011781e-11       0.000000000000e+00       1.464902896462e-14       5.030478804767e-15      -3.418953891149e-16 
  781       3.329636516719e-10       2.645750905493e-12      -1.628582179309e-11       0.000000000000e+00       1.457983254257e-14       5.019711789890e-15      -3.371219577719e-16 
  782       3.337943965865e-10       2.609908789423e-12      -1.613003401896e-11       0.000000000000e+00       1.451104791960e-14       5.008677622297e-15      -3.323422811622e-16 
  783       3.346065328284e-10       2.574395515570e-12      -1.597013659184e-11       0.000000000000e+00       1.444267212235e-14       4.997377046130e-15      -3.275569766982e-16 
  784       3.353996154079e-10       2.539228544576e-12      -1.580619012853e-11       0.000000000000e+00       1.437470210429e-14       4.985810825062e-15      -3.227666673993e-16 
  785       3.361731959453e-10       2.504425487954e-12      -1.563825606900e-11       0.000000000000e+00       1.430713474540e-14       4.973979742365e-15      -3.179719819087e-16 
  786       3.369268226616e-10       2.470004108536e-12      -1.546639667922e-11       0.000000000000e+00       1.423996685189e-14       4.961884600988e-15      -3.131735545096e-16 
  787       3.376600403688e-10       2.435982320917e-12      -1.529067505396e-11       0.000000000000e+00       1.417319515587e-14       4.949526223629e-15      -3.083720251419e-16 
  788       3.383723904602e-10       2.402378191904e-12      -1.511115511964e-11       0.000000000000e+00       1.410681631515e-14       4.936905452804e-15      -3.035680394190e-16 
  789       3.390634109010e-10       2.369209940963e-12      -1.492790163714e-11       0.000000000000e+00       1.404082691285e-14       4.924023150921e-15      -2.987622486437e-16 
  790       3.397326362187e-10       2.336495940665e-12      -1.474098020456e-11       0.000000000000e+00       1.397522345717e-14       4.910880200354e-15      -2.939553098254e-16 
  791       3.403795974933e-10       2.304254717134e-12      -1.455045726015e-11       0.000000000000e+00       1.391000238109e-14       4.897477503513e-15      -2.891478856962e-16 
  792       3.410038223481e-10       2.272504950493e-12      -1.435640008501e-11       0.000000000000e+00       1.384516004207e-14       4.883815982919e-15      -2.843406447275e-16 
  793       3.416048349399e-10       2.241265475311e-12      -1.415887680600e-11       0.000000000000e+00       1.378069272175e-14       4.869896581273e-15      -2.795342611467e-16 
  794       3.421821559494e-10       2.210555281051e-12      -1.395795639849e-11       0.000000000000e+00       1.371659662569e-14       4.855720261534e-15      -2.747294149535e-16 
  795       3.427353025716e-10       2.180393512517e-12      -1.375370868922e-11       0.000000000000e+00       1.365286788305e-14       4.841288006983e-15      -2.699267919369e-16 
  796       3.432637885065e-10       2.150799470298e-12      -1.354620435912e-11       0.000000000000e+00       1.358950254633e-14       4.826600821305e-15      -2.651270836909e-16 
  797       3.437671239491e-10       2.121792611221e-12      -1.333551494608e-11       0.000000000000e+00       1.352649659103e-14       4.811659728654e-15      -2.603309876318e-16 
  798       3.442448155803e-10       2.093392548790e-12      -1.312171284783e-11       0.000000000000e+00       1.346384591543e-14       4.796465773728e-15      -2.555392070145e-16 
  799       3.446963665567e-10       2.065619053642e-12      -1.290487132472e-11       0.000000000000e+00       1.340154634023e-14       4.781020021844e-15      -2.507524509488e-16 
  800       3.451213506173e-10       2.038489765846e-12      -1.268506560084e-11       0.000000000000e+00       1.333959414033e-14       4.765324225190e-15      -2.459713342428e-16 
  801       3.455196359019e-10       2.012013285180e-12      -1.246237618368e-11       0.000000000000e+00       1.327798765123e-14       4.749382834779e-15      -2.411960748954e-16 
  802       3.458911651958e-10       1.986195955707e-12      -1.223688561060e-11       0.000000000000e+00       1.321672569135e-14       4.733201025338e-15      -2.364267911188e-16 
  803       3.462358821883e-10       1.961044142523e-12      -1.200867735906e-11       0.000000000000e+00       1.315580703243e-14       4.716784032646e-15      -2.316636010096e-16 
  804       3.465537314774e-10       1.936564231768e-12      -1.177783584962e-11       0.000000000000e+00       1.309523039940e-14       4.700137153731e-15      -2.269066225468e-16 
  805       3.468446585736e-10       1.912762630646e-12      -1.154444644898e-11       0.000000000000e+00       1.303499447015e-14       4.683265747069e-15      -2.221559735896e-16 
  806       3.471086099045e-10       1.889645767446e-12      -1.130859547298e-11       0.000000000000e+00       1.297509787535e-14       4.666175232777e-15      -2.174117718748e-16 
  807       3.473455328191e-10       1.867220091560e-12      -1.107037018966e-11       0.000000000000e+00       1.291553919826e-14       4.648871092815e-15      -2.126741350151e-16 
  808       3.475553755918e-10       1.845492073498e-12      -1.082985882225e-11       0.000000000000e+00       1.285631697452e-14       4.631358871181e-15      -2.079431804964e-16 
  809       3.477380874274e-10       1.824468204910e-12      -1.058715055222e-11       0.000000000000e+00       1.279742969201e-14       4.613644174106e-15      -2.032190256758e-16 
  810       3.478936184644e-10       1.804154998602e-12      -1.034233552227e-11       0.000000000000e+00       1.273887579060e-14       4.595732670256e-15      -1.985017877797e-16 
  811       3.480219197802e-10       1.784558988559e-12      -1.009550483940e-11       0.000000000000e+00       1.268065366199e-14       4.577630090924e-15      -1.937915839006e-16 
  812       3.481229433949e-10       1.765686729958e-12      -9.846750577890e-12       0.000000000000e+00       1.262276164952e-14       4.559342230232e-15      -1.890885309961e-16 
  813       3.481966422759e-10       1.747544799188e-12      -9.596165782342e-12       0.000000000000e+00       1.256519804798e-14       4.540874945324e-15      -1.843927458856e-16 
  814       3.482429703420e-10       1.730139793873e-12      -9.343844470709e-12       0.000000000000e+00       1.250796110339e-14       4.522234156567e-15      -1.797043452489e-16 
  815       3.482618824676e-10       1.713478332882e-12      -9.089881637309e-12       0.000000000000e+00       1.245104901287e-14       4.503425847745e-15      -1.750234456234e-16 
  816       3.482533344874e-10       1.697567056355e-12      -8.834373255852e-12       0.000000000000e+00       1.239445992438e-14       4.484456066258e-15      -1.703501634022e-16 
  817       3.482172832002e-10       1.682412625720e-12      -8.577416282466e-12       0.000000000000e+00       1.233819193658e-14       4.465330923317e-15      -1.656846148317e-16 
  818       3.481536863738e-10       1.668021723708e-12      -8.319108658715e-12       0.000000000000e+00       1.228224309860e-14       4.446056594146e-15      -1.610269160093e-16 
  819       3.480625027486e-10       1.654401054374e-12      -8.059549314625e-12       0.000000000000e+00       1.222661140990e-14       4.426639318173e-15      -1.563771828817e-16 
  820       3.479436920426e-10       1.641557343116e-12      -7.798838171711e-12       0.000000000000e+00       1.217129482003e-14       4.407085399231e-15      -1.517355312418e-16 
  821       3.477972149552e-10       1.629497336693e-12      -7.537076145995e-12       0.000000000000e+00       1.211629122846e-14       4.387401205756e-15      -1.471020767274e-16 
  822       3.476230331718e-10       1.618227803241e-12      -7.274365151032e-12       0.000000000000e+00       1.206159848440e-14       4.367593170980e-15      -1.424769348181e-16 
  823       3.474211093677e-10       1.607755532298e-12      -7.010808100937e-12       0.000000000000e+00       1.200721438657e-14       4.347667793133e-15      -1.378602208338e-16 
  824       3.471914072131e-10       1.598087334812e-12      -6.746508913400e-12       0.000000000000e+00       1.195313668307e-14       4.327631635636e-15      -1.332520499321e-16 
  825       3.469338913766e-10       1.589230043172e-12      -6.481572512719e-12       0.000000000000e+00       1.189936307114e-14       4.307491327303e-15      -1.286525371061e-16 
  826       3.466485275302e-10       1.581190511217e-12      -6.216104832816e-12       0.000000000000e+00       1.184589119699e-14       4.287253562531e-15      -1.240617971821e-16 
  827       3.463352823531e-10       1.573975614256e-12      -5.950212820267e-12       0.000000000000e+00       1.179271865560e-14       4.266925101505e-15      -1.194799448178e-16 
  828       3.459941235362e-10       1.567592249092e-12      -5.684004437320e-12       0.000000000000e+00       1.173984299053e-14       4.246512770391e-15      -1.149070944995e-16 
  829       3.456250197866e-10       1.562047334034e-12      -5.417588664920e-12       0.000000000000e+00       1.168726169376e-14       4.226023461532e-15      -1.103433605402e-16 
  830       3.452279408314e-10       1.557347808918e-12      -5.151075505737e-12       0.000000000000e+00       1.163497220543e-14       4.205464133649e-15      -1.057888570774e-16 
  831       3.448028574226e-10       1.553500635127e-12      -4.884575987182e-12       0.000000000000e+00       1.158297191372e-14       4.184841812036e-15      -1.012436980706e-16 
  832       3.443497413409e-10       1.550512795608e-12      -4.618202164437e-12       0.000000000000e+00       1.153125815464e-14       4.164163588756e-15      -9.670799729932e-17 
  833       3.438685654003e-10       1.548391294889e-12      -4.352067123474e-12       0.000000000000e+00       1.147982821181e-14       4.143436622841e-15      -9.218186836094e-17 
  834       3.433593034523e-10       1.547143159099e-12      -4.086284984083e-12       0.000000000000e+00       1.142867931630e-14       4.122668140487e-15      -8.766542466817e-17 
  835       3.428219303903e-10       1.546775435990e-12      -3.820970902891e-12       0.000000000000e+00       1.137780864643e-14       4.101865435253e-15      -8.315877944707e-17 
  836       3.422564221536e-10       1.547295194947e-12      -3.556241076389e-12       0.000000000000e+00       1.132721332757e-14       4.081035868256e-15      -7.866204573471e-17 
  837       3.416627557321e-10       1.548709527015e-12      -3.292212743952e-12       0.000000000000e+00       1.127689043197e-14       4.060186868370e-15      -7.417533637700e-17 
  838       3.410409091705e-10       1.551025544913e-12      -3.029004190867e-12       0.000000000000e+00       1.122683697854e-14       4.039325932421e-15      -6.969876402641e-17 
  839       3.403909100139e-10       1.554248232891e-12      -2.766726382079e-12       0.000000000000e+00       1.117705030290e-14       4.018459041970e-15      -6.523254558287e-17 
  840       3.397129815615e-10       1.558373955256e-12      -2.505457697786e-12       0.000000000000e+00       1.112752917478e-14       3.997585883056e-15      -6.077731751245e-17 
  841       3.390073991658e-10       1.563396834959e-12      -2.245268764340e-12       0.000000000000e+00       1.107827269964e-14       3.976704543686e-15      -5.633382600954e-17 
  842       3.382744420340e-10       1.569310893171e-12      -1.986230785284e-12       0.000000000000e+00       1.102927995015e-14       3.955813089642e-15      -5.190282306641e-17 
  843       3.375143932412e-10       1.576110048943e-12      -1.728415542957e-12       0.000000000000e+00       1.098054996601e-14       3.934909564407e-15      -4.748506648874e-17 
  844       3.367275397419e-10       1.583788118850e-12      -1.471895400088e-12       0.000000000000e+00       1.093208175386e-14       3.913991989100e-15      -4.308131991119e-17 
  845       3.359141723836e-10       1.592338816651e-12      -1.216743301396e-12       0.000000000000e+00       1.088387428714e-14       3.893058362394e-15      -3.869235281296e-17 
  846       3.350745859187e-10       1.601755752937e-12      -9.630327751896e-13       0.000000000000e+00       1.083592650595e-14       3.872106660452e-15      -3.431894053334e-17 
  847       3.342090790172e-10       1.612032434782e-12      -7.108379349629e-13       0.000000000000e+00       1.078823731695e-14       3.851134836848e-15      -2.996186428725e-17 
  848       3.333179542794e-10       1.623162265402e-12      -4.602334809964e-13       0.000000000000e+00       1.074080559320e-14       3.830140822497e-15      -2.562191118083e-17 
  849       3.324015182482e-10       1.635138543799e-12      -2.112947019541e-13       0.000000000000e+00       1.069363017406e-14       3.809122525587e-15      -2.129987422698e-17 
  850       3.314600814218e-10       1.647954464421e-12       3.590252351718e-14       0.000000000000e+00       1.064670986506e-14       3.788077831497e-15      -1.699655236090e-17 
  851       3.304939582665e-10       1.661603116808e-12       2.812817251899e-13       0.000000000000e+00       1.060004343774e-14       3.767004602735e-15      -1.271275045568e-17 
  852       3.295034672286e-10       1.676077485250e-12       5.247658396571e-13       0.000000000000e+00       1.055362962955e-14       3.745900678858e-15      -8.449279337824e-18 
  853       3.284889307477e-10       1.691370448434e-12       7.662772087336e-13       0.000000000000e+00       1.050746714374e-14       3.724763876401e-15      -4.206955802826e-18 
  854       3.274506752686e-10       1.707474779100e-12       1.005737577858e-12       0.000000000000e+00       1.046155464920e-14       3.703591988810e-15       1.339736927685e-20 
  855       3.263890312544e-10       1.724383143694e-12       1.243068094494e-12       0.000000000000e+00       1.041589078033e-14       3.682382786361e-15       4.210951398354e-18 
  856       3.253043331985e-10       1.742088102015e-12       1.478189306532e-12       0.000000000000e+00       1.037047413693e-14       3.661134016095e-15       8.384871488618e-18 
  857       3.241969196377e-10       1.760582106876e-12       1.711021160690e-12       0.000000000000e+00       1.032530328408e-14       3.639843401740e-15       1.253431681307e-17 
  858       3.230671331645e-10       1.779857503747e-12       1.941483000917e-12       0.000000000000e+00       1.028037675199e-14       3.618508643644e-15       1.665844049796e-17 
  859       3.219153204395e-10       1.799906530414e-12       2.169493566790e-12       0.000000000000e+00       1.023569303589e-14       3.597127418697e-15       2.075638960719e-17 
  860       3.207418322041e-10       1.820721316630e-12       2.394970991921e-12       0.000000000000e+00       1.019125059589e-14       3.575697380263e-15       2.482730512680e-17 
  861       3.195470232932e-10       1.842293883765e-12       2.617832802356e-12       0.000000000000e+00       1.014704785685e-14       3.554216158105e-15       2.887032194940e-17 
  862       3.183312526475e-10       1.864616144461e-12       2.837995914977e-12       0.000000000000e+00       1.010308320827e-14       3.532681358313e-15       3.288456885859e-17 
  863       3.170948833261e-10       1.887679902283e-12       3.055376635902e-12       0.000000000000e+00       1.005935500414e-14       3.511090563233e-15       3.686916851343e-17 
  864       3.158382825194e-10       1.911476851372e-12       3.269890658886e-12       0.000000000000e+00       1.001586156285e-14       3.489441331393e-15       4.082323743288e-17 
  865       3.145618215609e-10       1.935998576096e-12       3.481453063729e-12       0.000000000000e+00       9.972601167006e-15       3.467731197431e-15       4.474588598024e-17 
  866       3.132658759405e-10       1.961236550706e-12       3.689978314668e-12       0.000000000000e+00       9.929572063350e-15       3.445957672023e-15       4.863621834758e-17 
  867       3.119508253167e-10       1.987182138984e-12       3.895380258784e-12       0.000000000000e+00       9.886772462611e-15       3.424118241810e-15       5.249333254022e-17 
  868       3.106170535294e-10       2.013826593896e-12       4.097572124405e-12       0.000000000000e+00       9.844200539381e-15       3.402210369327e-15       5.631632036113e-17 
  869       3.092649486118e-10       2.041161057250e-12       4.296466519503e-12       0.000000000000e+00       9.801854431991e-15       3.380231492927e-15       6.010426739540e-17 
  870       3.078949028038e-10       2.069176559339e-12       4.491975430098e-12       0.000000000000e+00       9.759732242377e-15       3.358179026713e-15       6.385625299467e-17 
  871       3.065073125641e-10       2.097864018602e-12       4.684010218659e-12       0.000000000000e+00       9.717832035958e-15       3.336050360462e-15       6.757135026161e-17 
  872       3.051025785827e-10       2.127214241271e-12       4.872481622506e-12       0.000000000000e+00       9.676151841506e-15       3.313842859556e-15       7.124862603429e-17 
  873       3.036811057936e-10       2.157217921026e-12       5.057299752212e-12       0.000000000000e+00       9.634689651016e-15       3.291553864907e-15       7.488714087071e-17 
  874       3.022433033874e-10       2.187865638645e-12       5.238374090002e-12       0.000000000000e+00       9.593443419585e-15       3.269180692884e-15       7.848594903318e-17 
  875       3.007895848237e-10       2.219147861660e-12       5.415613488157e-12       0.000000000000e+00       9.552411065277e-15       3.246720635244e-15       8.204409847279e-17 
  876       2.993203678437e-10       2.251054944007e-12       5.588926167414e-12       0.000000000000e+00       9.511590469000e-15       3.224170959055e-15       8.556063081385e-17 
  877       2.978360744829e-10       2.283577125676e-12       5.758219715369e-12       0.000000000000e+00       9.470979474376e-15       3.201528906629e-15       8.903458133833e-17 
  878       2.963371292616e-10       2.316703813842e-12       5.923413651106e-12       0.000000000000e+00       9.430576148031e-15       3.178792882732e-15       9.246519815444e-17 
  879       2.948239536995e-10       2.350421413838e-12       6.084477351273e-12       0.000000000000e+00       9.390379565453e-15       3.155966038018e-15       9.585260372764e-17 
  880       2.932969717350e-10       2.384715461424e-12       6.241392751433e-12       0.000000000000e+00       9.350389037946e-15       3.133052745038e-15       9.919714431801e-17 
  881       2.917566115509e-10       2.419571337590e-12       6.394141837339e-12       0.000000000000e+00       9.310603853314e-15       3.110057416459e-15       1.024991718115e-16 
  882       2.902033055865e-10       2.454974268092e-12       6.542706645292e-12       0.000000000000e+00       9.271023275769e-15       3.086984505180e-15       1.057590437385e-16 
  883       2.886374905503e-10       2.490909323000e-12       6.687069262494e-12       0.000000000000e+00       9.231646545847e-15       3.063838504441e-15       1.089771232924e-16 
  884       2.870596074317e-10       2.527361416228e-12       6.827211827407e-12       0.000000000000e+00       9.192472880323e-15       3.040623947940e-15       1.121537793478e-16 
  885       2.854701015136e-10       2.564315305086e-12       6.963116530103e-12       0.000000000000e+00       9.153501472119e-15       3.017345409940e-15       1.152893864795e-16 
  886       2.838694223850e-10       2.601755589812e-12       7.094765612626e-12       0.000000000000e+00       9.114731490219e-15       2.994007505384e-15       1.183843249807e-16 
  887       2.822580239523e-10       2.639666713118e-12       7.222141369342e-12       0.000000000000e+00       9.076162079583e-15       2.970614890005e-15       1.214389808817e-16 
  888       2.806363644526e-10       2.678032959727e-12       7.345226147296e-12       0.000000000000e+00       9.037792361059e-15       2.947172260444e-15       1.244537459684e-16 
  889       2.790049064654e-10       2.716838455917e-12       7.464002346569e-12       0.000000000000e+00       8.999621431295e-15       2.923684354353e-15       1.274290178005e-16 
  890       2.773641169250e-10       2.756067169058e-12       7.578452420632e-12       0.000000000000e+00       8.961648362653e-15       2.900155950516e-15       1.303651997307e-16 
  891       2.757144671327e-10       2.795702907156e-12       7.688558876702e-12       0.000000000000e+00       8.923872203122e-15       2.876591868954e-15       1.332627009224e-16 
  892       2.740564327692e-10       2.835729318392e-12       7.794304276096e-12       0.000000000000e+00       8.886291976229e-15       2.852996971044e-15       1.361219363690e-16 
  893       2.723904939068e-10       2.876129890662e-12       7.895671234588e-12       0.000000000000e+00       8.848906680954e-15       2.829376159624e-15       1.389433269119e-16 
  894       2.707171350217e-10       2.916887951121e-12       7.992642422764e-12       0.000000000000e+00       8.811715291642e-15       2.805734379111e-15       1.417272992593e-16 
  895       2.690368450061e-10       2.957986665719e-12       8.085200566376e-12       0.000000000000e+00       8.774716757915e-15       2.782076615612e-15       1.444742860044e-16 
  896       2.673501171808e-10       2.999409038743e-12       8.173328446702e-12       0.000000000000e+00       8.737910004589e-15       2.758407897032e-15       1.471847256444e-16 
  897       2.656574493071e-10       3.041137912362e-12       8.257008900894e-12       0.000000000000e+00       8.701293931578e-15       2.734733293193e-15       1.498590625987e-16 
  898       2.639593435993e-10       3.083155966161e-12       8.336224822339e-12       0.000000000000e+00       8.664867413817e-15       2.711057915941e-15       1.524977472273e-16 
  899       2.622563067370e-10       3.125445716687e-12       8.410959161015e-12       0.000000000000e+00       8.628629301169e-15       2.687386919258e-15       1.551012358498e-16 
  900       2.605488498771e-10       3.167989516985e-12       8.481194923841e-12       0.000000000000e+00       8.592578418339e-15       2.663725499378e-15       1.576699907636e-16 
  901       2.588374886663e-10       3.210769556143e-12       8.546915175037e-12       0.000000000000e+00       8.556713564787e-15       2.640078894898e-15       1.602044802622e-16 
  902       2.571227432535e-10       3.253767858832e-12       8.608103036479e-12       0.000000000000e+00       8.521033514639e-15       2.616452386888e-15       1.627051786543e-16 
  903       2.554051383017e-10       3.296966284841e-12       8.664741688053e-12       0.000000000000e+00       8.485537016606e-15       2.592851299004e-15       1.651725662818e-16 
  904       2.536852030004e-10       3.340346528628e-12       8.716814368010e-12       0.000000000000e+00       8.450222793889e-15       2.569280997601e-15       1.676071295386e-16 
  905       2.519634710780e-10       3.383890118849e-12       8.764304373324e-12       0.000000000000e+00       8.415089544097e-15       2.545746891845e-15       1.700093608893e-16 
  906       2.502404808140e-10       3.427578417909e-12       8.807195060043e-12       0.000000000000e+00       8.380135939156e-15       2.522254433826e-15       1.723797588871e-16 
  907       2.485167750512e-10       3.471392621495e-12       8.845469843650e-12       0.000000000000e+00       8.345360625229e-15       2.498809118669e-15       1.747188281929e-16 
  908       2.467929012081e-10       3.515313758121e-12       8.879112199414e-12       0.000000000000e+00       8.310762222618e-15       2.475416484645e-15       1.770270795937e-16 
  909       2.450694112911e-10       3.559322688668e-12       8.908105662748e-12       0.000000000000e+00       8.276339325688e-15       2.452082113285e-15       1.793050300210e-16 
  910       2.433468619065e-10       3.603400105923e-12       8.932433829563e-12       0.000000000000e+00       8.242090502771e-15       2.428811629494e-15       1.815532025692e-16 
  911       2.416258142733e-10       3.647526534120e-12       8.952080356621e-12       0.000000000000e+00       8.208014296084e-15       2.405610701658e-15       1.837721265147e-16 
  912       2.399068342351e-10       3.691682328483e-12       8.967028961899e-12       0.000000000000e+00       8.174109221642e-15       2.382485041760e-15       1.859623373337e-16 
  913       2.381904922725e-10       3.735847674763e-12       8.977263424933e-12       0.000000000000e+00       8.140373769166e-15       2.359440405493e-15       1.881243767211e-16 
  914       2.364773635152e-10       3.780002588784e-12       8.982767587182e-12       0.000000000000e+00       8.106806402002e-15       2.336482592369e-15       1.902587926092e-16 
  915       2.347680277545e-10       3.824126915976e-12       8.983525352379e-12       0.000000000000e+00       8.073405557029e-15       2.313617445833e-15       1.923661391858e-16 
  916       2.330630694556e-10       3.868200330924e-12       8.979520686888e-12       0.000000000000e+00       8.040169644574e-15       2.290850853375e-15       1.944469769129e-16 
  917       2.313630327688e-10       3.912203457390e-12       8.970747031568e-12       0.000000000000e+00       8.007097237273e-15       2.268187612701e-15       1.965017300989e-16 
  918       2.296682857556e-10       3.956121248879e-12       8.957235700859e-12       0.000000000000e+00       7.974187640114e-15       2.245628010240e-15       1.985302570921e-16 
  919       2.279791540253e-10       3.999939660993e-12       8.939027936596e-12       0.000000000000e+00       7.941440329297e-15       2.223171188381e-15       2.005322732797e-16 
  920       2.262959655456e-10       4.043644535522e-12       8.916165539188e-12       0.000000000000e+00       7.908854764049e-15       2.200816274424e-15       2.025074929127e-16 
  921       2.246190506481e-10       4.087221600147e-12       8.888690869314e-12       0.000000000000e+00       7.876430386564e-15       2.178562380530e-15       2.044556291040e-16 
  922       2.229487420348e-10       4.130656468137e-12       8.856646849617e-12       0.000000000000e+00       7.844166621943e-15       2.156408603674e-15       2.063763938263e-16 
  923       2.212853747833e-10       4.173934638051e-12       8.820076966404e-12       0.000000000000e+00       7.812062878132e-15       2.134354025593e-15       2.082694979108e-16 
  924       2.196292863529e-10       4.217041493439e-12       8.779025271344e-12       0.000000000000e+00       7.780118545867e-15       2.112397712741e-15       2.101346510449e-16 
  925       2.179808165908e-10       4.259962302540e-12       8.733536383161e-12       0.000000000000e+00       7.748332998608e-15       2.090538716233e-15       2.119715617710e-16 
  926       2.163403077373e-10       4.302682217987e-12       8.683655489335e-12       0.000000000000e+00       7.716705592479e-15       2.068776071800e-15       2.137799374840e-16 
  927       2.147081044322e-10       4.345186276500e-12       8.629428347798e-12       0.000000000000e+00       7.685235666214e-15       2.047108799739e-15       2.155594844303e-16 
  928       2.130845537203e-10       4.387459398595e-12       8.570901288627e-12       0.000000000000e+00       7.653922541090e-15       2.025535904862e-15       2.173099077055e-16 
  929       2.114700050574e-10       4.429486388279e-12       8.508121215749e-12       0.000000000000e+00       7.622765520870e-15       2.004056376448e-15       2.190309112526e-16 
  930       2.098648103163e-10       4.471251932749e-12       8.441135608631e-12       0.000000000000e+00       7.591763891742e-15       1.982669188194e-15       2.207221978607e-16 
  931       2.082693237924e-10       4.512740602099e-12       8.369992523979e-12       0.000000000000e+00       7.560916922258e-15       1.961373298163e-15       2.223834691626e-16 
  932       2.066839022096e-10       4.553936849012e-12       8.294740597437e-12       0.000000000000e+00       7.530223863277e-15       1.940167648737e-15       2.240144256334e-16 
  933       2.051089047263e-10       4.594825008468e-12       8.215429045282e-12       0.000000000000e+00       7.499683947900e-15       1.919051166566e-15       2.256147665888e-16 
  934       2.035446929411e-10       4.635389297441e-12       8.132107666121e-12       0.000000000000e+00       7.469296391415e-15       1.898022762521e-15       2.271841901829e-16 
  935       2.019916308988e-10       4.675613814596e-12       8.044826842590e-12       0.000000000000e+00       7.439060391232e-15       1.877081331641e-15       2.287223934069e-16 
  936       2.004500850959e-10       4.715482539997e-12       7.953637543049e-12       0.000000000000e+00       7.408975126825e-15       1.856225753086e-15       2.302290720868e-16 
  937       1.989204244871e-10       4.754979334800e-12       7.858591323279e-12       0.000000000000e+00       7.379039759673e-15       1.835454890086e-15       2.317039208822e-16 
  938       1.974030204906e-10       4.794087940958e-12       7.759740328179e-12       0.000000000000e+00       7.349253433197e-15       1.814767589894e-15       2.331466332841e-16 
  939       1.958982469939e-10       4.832791980921e-12       7.657137293467e-12       0.000000000000e+00       7.319615272703e-15       1.794162683734e-15       2.345569016132e-16 
  940       1.944064803604e-10       4.871074957333e-12       7.550835547370e-12       0.000000000000e+00       7.290124385319e-15       1.773638986751e-15       2.359344170182e-16 
  941       1.929280994341e-10       4.908920252737e-12       7.440889012327e-12       0.000000000000e+00       7.260779859935e-15       1.753195297967e-15       2.372788694740e-16 
  942       1.914634855467e-10       4.946311129270e-12       7.327352206682e-12       0.000000000000e+00       7.231580767145e-15       1.732830400222e-15       2.385899477798e-16 
  943       1.900130225223e-10       4.983230728370e-12       7.210280246386e-12       0.000000000000e+00       7.202526159185e-15       1.712543060136e-15       2.398673395577e-16 
  944       1.885770966841e-10       5.019662070471e-12       7.089728846687e-12       0.000000000000e+00       7.173615069873e-15       1.692332028048e-15       2.411107312502e-16 
  945       1.871560968600e-10       5.055588054705e-12       6.965754323832e-12       0.000000000000e+00       7.144846514549e-15       1.672196037977e-15       2.423198081192e-16 
  946       1.857504143881e-10       5.090991458604e-12       6.838413596765e-12       0.000000000000e+00       7.116219490015e-15       1.652133807565e-15       2.434942542438e-16 
  947       1.843604431231e-10       5.125854937797e-12       6.707764188819e-12       0.000000000000e+00       7.087732974475e-15       1.632144038031e-15       2.446337525184e-16 
  948       1.829865794417e-10       5.160161025714e-12       6.573864229418e-12       0.000000000000e+00       7.059385927474e-15       1.612225414119e-15       2.457379846514e-16 
  949       1.816292222490e-10       5.193892133284e-12       6.436772455770e-12       0.000000000000e+00       7.031177289837e-15       1.592376604054e-15       2.468066311629e-16 
  950       1.802887729836e-10       5.227030548636e-12       6.296548214569e-12       0.000000000000e+00       7.003105983612e-15       1.572596259486e-15       2.478393713832e-16 
  951       1.789656356241e-10       5.259558436800e-12       6.153251463685e-12       0.000000000000e+00       6.975170912006e-15       1.552883015443e-15       2.488358834510e-16 
  952       1.776602166946e-10       5.291457839407e-12       6.006942773867e-12       0.000000000000e+00       6.947370959329e-15       1.533235490285e-15       2.497958443116e-16 
  953       1.763729252708e-10       5.322710674389e-12       5.857683330440e-12       0.000000000000e+00       6.919704990927e-15       1.513652285649e-15       2.507189297151e-16 
  954       1.751041729856e-10       5.353298735679e-12       5.705534934996e-12       0.000000000000e+00       6.892171853130e-15       1.494131986402e-15       2.516048142145e-16 
  955       1.738543740351e-10       5.383203692913e-12       5.550560007098e-12       0.000000000000e+00       6.864770373187e-15       1.474673160593e-15       2.524531711642e-16 
  956       1.726238861481e-10       5.412409342519e-12       5.392822824941e-12       0.000000000000e+00       6.837499492718e-15       1.455274817264e-15       2.532637864231e-16 
  957       1.714128324943e-10       5.440908399265e-12       5.232393264689e-12       0.000000000000e+00       6.810358670428e-15       1.435937787656e-15       2.540369013714e-16 
  958       1.702212770674e-10       5.468695807866e-12       5.069343121629e-12       0.000000000000e+00       6.783347485426e-15       1.416663365005e-15       2.547728751306e-16 
  959       1.690492834724e-10       5.495766500994e-12       4.903744878240e-12       0.000000000000e+00       6.756465504229e-15       1.397452848606e-15       2.554720713460e-16 
  960       1.678969149241e-10       5.522115399276e-12       4.735671706052e-12       0.000000000000e+00       6.729712280716e-15       1.378307543815e-15       2.561348582001e-16 
  961       1.667642342450e-10       5.547737411285e-12       4.565197467505e-12       0.000000000000e+00       6.703087356091e-15       1.359228762070e-15       2.567616084259e-16 
  962       1.656513038637e-10       5.572627433540e-12       4.392396717808e-12       0.000000000000e+00       6.676590258834e-15       1.340217820893e-15       2.573526993195e-16 
  963       1.645581858125e-10       5.596780350500e-12       4.217344706801e-12       0.000000000000e+00       6.650220504664e-15       1.321276043906e-15       2.579085127538e-16 
  964       1.634849417262e-10       5.620191034559e-12       4.040117380812e-12       0.000000000000e+00       6.623977596492e-15       1.302404760839e-15       2.584294351913e-16 
  965       1.624316328395e-10       5.642854346045e-12       3.860791384516e-12       0.000000000000e+00       6.597861024381e-15       1.283605307542e-15       2.589158576975e-16 
  966       1.613983199856e-10       5.664765133210e-12       3.679444062800e-12       0.000000000000e+00       6.571870265500e-15       1.264879025993e-15       2.593681759536e-16 
  967       1.603850635942e-10       5.685918232230e-12       3.496153462613e-12       0.000000000000e+00       6.546004784086e-15       1.246227264314e-15       2.597867902701e-16 
  968       1.593919236893e-10       5.706308467201e-12       3.310998334836e-12       0.000000000000e+00       6.520264031399e-15       1.227651376774e-15       2.601721055996e-16 
  969       1.584189598880e-10       5.725930650131e-12       3.124058136134e-12       0.000000000000e+00       6.494647445676e-15       1.209152723807e-15       2.605245315502e-16 
  970       1.574662313977e-10       5.744779580940e-12       2.935413030818e-12       0.000000000000e+00       6.469154452095e-15       1.190732672017e-15       2.608444823982e-16 
  971       1.565337970150e-10       5.762850047452e-12       2.745143892706e-12       0.000000000000e+00       6.443784462726e-15       1.172392594193e-15       2.611323771020e-16 
  972       1.556217151235e-10       5.780136825393e-12       2.553332306979e-12       0.000000000000e+00       6.418536876494e-15       1.154133869316e-15       2.613886393142e-16 
  973       1.547300436917e-10       5.796634678386e-12       2.360060572046e-12       0.000000000000e+00       6.393411079130e-15       1.135957882571e-15       2.616136973958e-16 
  974       1.538588402715e-10       5.812338357946e-12       2.165411701396e-12       0.000000000000e+00       6.368406443135e-15       1.117866025359e-15       2.618079844284e-16 
  975       1.530081619960e-10       5.827242603476e-12       1.969469425465e-12       0.000000000000e+00       6.343522327731e-15       1.099859695304e-15       2.619719382281e-16 
  976       1.521780655779e-10       5.841342142265e-12       1.772318193491e-12       0.000000000000e+00       6.318758078822e-15       1.081940296268e-15       2.621060013580e-16 
  977       1.513686073073e-10       5.854631689480e-12       1.574043175376e-12       0.000000000000e+00       6.294113028953e-15       1.064109238359e-15       2.622106211418e-16 
  978       1.505798430500e-10       5.867105948164e-12       1.374730263541e-12       0.000000000000e+00       6.269586497261e-15       1.046367937941e-15       2.622862496767e-16 
  979       1.498118282456e-10       5.878759609230e-12       1.174466074793e-12       0.000000000000e+00       6.245177789439e-15       1.028717817646e-15       2.623333438465e-16 
  980       1.490646179054e-10       5.889587351458e-12       9.733379521776e-13       0.000000000000e+00       6.220886197689e-15       1.011160306386e-15       2.623523653350e-16 
  981       1.483382666110e-10       5.899583841492e-12       7.714339668424e-13       0.000000000000e+00       6.196711000682e-15       9.936968393596e-16       2.623437806388e-16 
  982       1.476328285119e-10       5.908743733832e-12       5.688429198952e-13       0.000000000000e+00       6.172651463513e-15       9.763288580655e-16       2.623080610805e-16 
  983       1.469483573238e-10       5.917061670833e-12       3.656543442638e-13       0.000000000000e+00       6.148706837659e-15       9.590578103128e-16       2.622456828222e-16 
  984       1.462849063267e-10       5.924532282698e-12       1.619585065555e-13       0.000000000000e+00       6.124876360938e-15       9.418851502308e-16       2.621571268780e-16 
  985       1.456425283630e-10       5.931150187477e-12      -4.215359108349e-14       0.000000000000e+00       6.101159257464e-15       9.248123382802e-16       2.620428791278e-16 
  986       1.450212758359e-10       5.936909991060e-12      -2.465902091083e-13       0.000000000000e+00       6.077554737606e-15       9.078408412635e-16       2.619034303298e-16 
  987       1.444212007069e-10       5.941806287173e-12      -4.512588687159e-13       0.000000000000e+00       6.054061997944e-15       8.909721323355e-16       2.617392761341e-16 
  988       1.438423544944e-10       5.945833657373e-12      -6.560663499858e-13       0.000000000000e+00       6.030680221226e-15       8.742076910141e-16       2.615509170958e-16 
  989       1.432847882717e-10       5.948986671048e-12      -8.609186900203e-13       0.000000000000e+00       6.007408576329e-15       8.575490031906e-16       2.613388586877e-16 
  990       1.427485526649e-10       5.951259885408e-12      -1.065721181085e-12       0.000000000000e+00       5.984246218210e-15       8.409975611407e-16       2.611036113141e-16 
  991       1.422336978514e-10       5.952647845480e-12      -1.270378368750e-12       0.000000000000e+00       5.961192287869e-15       8.245548635348e-16       2.608456903231e-16 
  992       1.417402735578e-10       5.953145084108e-12      -1.474794050027e-12       0.000000000000e+00       5.938245912303e-15       8.082224154486e-16       2.605656160207e-16 
  993       1.412683290576e-10       5.952746121948e-12      -1.678871271517e-12       0.000000000000e+00       5.915406204466e-15       7.920017283737e-16       2.602639136832e-16 
  994       1.408179131703e-10       5.951445467458e-12      -1.882512327542e-12       0.000000000000e+00       5.892672263223e-15       7.758943202284e-16       2.599411135705e-16 
  995       1.403890347820e-10       5.949239630316e-12      -2.085625620071e-12       0.000000000000e+00       5.870043273688e-15       7.599018219032e-16       2.595976290081e-16 
  996       1.399815437801e-10       5.946133194029e-12      -2.288146352532e-12       0.000000000000e+00       5.847518809936e-15       7.440262985895e-16       2.592333886462e-16 
  997       1.395952483674e-10       5.942132832455e-12      -2.490016136089e-12       0.000000000000e+00       5.825098536649e-15       7.282699331890e-16       2.588481988280e-16 
  998       1.392299543733e-10       5.937245304715e-12      -2.691176154375e-12       0.000000000000e+00       5.802782109111e-15       7.126349202296e-16       2.584418650304e-16 
  999       1.388854652475e-10       5.931477455427e-12      -2.891567162469e-12       0.000000000000e+00       5.780569173177e-15       6.971234658894e-16       2.580141918618e-16 
 1000       1.385615820531e-10       5.924836214948e-12      -3.091129485859e-12       0.000000000000e+00       5.758459365242e-15       6.817377880197e-16       2.575649830609e-16 
 1001       1.382581034598e-10       5.917328599613e-12      -3.289803019420e-12       0.000000000000e+00       5.736452312210e-15       6.664801161685e-16       2.570940414950e-16 
 1002       1.379748257376e-10       5.908961711976e-12      -3.487527226383e-12       0.000000000000e+00       5.714547631465e-15       6.513526916043e-16       2.566011691582e-16 
 1003       1.377115427498e-10       5.899742741047e-12      -3.684241137306e-12       0.000000000000e+00       5.692744930839e-15       6.363577673395e-16       2.560861671697e-16 
 1004       1.374680459463e-10       5.889678962532e-12      -3.879883349047e-12       0.000000000000e+00       5.671043808582e-15       6.214976081538e-16       2.555488357726e-16 
 1005       1.372441243573e-10       5.878777739075e-12      -4.074392023734e-12       0.000000000000e+00       5.649443853333e-15       6.067744906176e-16       2.549889743319e-16 
 1006       1.370395645864e-10       5.867046520494e-12      -4.267704887735e-12       0.000000000000e+00       5.627944644086e-15       5.921907031158e-16       2.544063813328e-16 
 1007       1.368541508037e-10       5.854492844022e-12      -4.459759230632e-12       0.000000000000e+00       5.606545750162e-15       5.777485458709e-16       2.538008543796e-16 
 1008       1.366876647396e-10       5.841124334549e-12      -4.650491904191e-12       0.000000000000e+00       5.585246731179e-15       5.634503309671e-16       2.531721901933e-16 
 1009       1.365398856778e-10       5.826948704855e-12      -4.839839321335e-12       0.000000000000e+00       5.564047137019e-15       5.492983823729e-16       2.525201846105e-16 
 1010       1.364105904487e-10       5.811973755857e-12      -5.027737455111e-12       0.000000000000e+00       5.542946507799e-15       5.352950359656e-16       2.518446325817e-16 
 1011       1.362995534227e-10       5.796207376843e-12      -5.214121837667e-12       0.000000000000e+00       5.521944373841e-15       5.214426395539e-16       2.511453281697e-16 
 1012       1.362065465037e-10       5.779657545714e-12      -5.398927559220e-12       0.000000000000e+00       5.501040255640e-15       5.077435529021e-16       2.504220645476e-16 
 1013       1.361313391222e-10       5.762332329223e-12      -5.582089267026e-12       0.000000000000e+00       5.480233663834e-15       4.942001477531e-16       2.496746339975e-16 
 1014       1.360736982289e-10       5.744239883215e-12      -5.763541164357e-12       0.000000000000e+00       5.459524099175e-15       4.808148078520e-16       2.489028279091e-16 
 1015       1.360333882876e-10       5.725388452864e-12      -5.943217009465e-12       0.000000000000e+00       5.438911052495e-15       4.675899289700e-16       2.481064367773e-16 
 1016       1.360101712691e-10       5.705786372917e-12      -6.121050114559e-12       0.000000000000e+00       5.418394004679e-15       4.545279189273e-16       2.472852502015e-16 
 1017       1.360038066440e-10       5.685442067929e-12      -6.296973344773e-12       0.000000000000e+00       5.397972426633e-15       4.416311976170e-16       2.464390568831e-16 
 1018       1.360140513763e-10       5.664364052504e-12      -6.470919117142e-12       0.000000000000e+00       5.377645779252e-15       4.289021970283e-16       2.455676446247e-16 
 1019       1.360406599168e-10       5.642560931537e-12      -6.642819399565e-12       0.000000000000e+00       5.357413513393e-15       4.163433612703e-16       2.446708003277e-16 
 1020       1.360833841962e-10       5.620041400448e-12      -6.812605709785e-12       0.000000000000e+00       5.337275069841e-15       4.039571465953e-16       2.437483099911e-16 
 1021       1.361419736185e-10       5.596814245428e-12      -6.980209114356e-12       0.000000000000e+00       5.317229879280e-15       3.917460214223e-16       2.427999587099e-16 
 1022       1.362161750546e-10       5.572888343673e-12      -7.145560227614e-12       0.000000000000e+00       5.297277362262e-15       3.797124663607e-16       2.418255306733e-16 
 1023       1.363057328351e-10       5.548272663627e-12      -7.308589210651e-12       0.000000000000e+00       5.277416929177e-15       3.678589742335e-16       2.408248091629e-16 
 1024       1.364103887442e-10       5.522976265220e-12      -7.469225770284e-12       0.000000000000e+00       5.257647980224e-15       3.561880501008e-16       2.397975765516e-16 
 1025       1.365298820126e-10       5.497008300106e-12      -7.627399158027e-12       0.000000000000e+00       5.237969905374e-15       3.447022112837e-16       2.387436143016e-16 
 1026       1.366639493110e-10       5.470378011906e-12      -7.783038169062e-12       0.000000000000e+00       5.218382084349e-15       3.334039873874e-16       2.376627029625e-16 
 1027       1.368123247435e-10       5.443094736446e-12      -7.936071141212e-12       0.000000000000e+00       5.198883886585e-15       3.222959203247e-16       2.365546221705e-16 
 1028       1.369747398409e-10       5.415167901994e-12      -8.086425953910e-12       0.000000000000e+00       5.179474671200e-15       3.113805643397e-16       2.354191506458e-16 
 1029       1.371509235538e-10       5.386607029503e-12      -8.234030027172e-12       0.000000000000e+00       5.160153786972e-15       3.006604860312e-16       2.342560661917e-16 
 1030       1.373406022461e-10       5.357421732850e-12      -8.378810320568e-12       0.000000000000e+00       5.140920572298e-15       2.901382643762e-16       2.330651456926e-16 
 1031       1.375434996886e-10       5.327621719071e-12      -8.520693332193e-12       0.000000000000e+00       5.121774355170e-15       2.798164907534e-16       2.318461651124e-16 
 1032       1.377593370519e-10       5.297216788609e-12      -8.659605097639e-12       0.000000000000e+00       5.102714453145e-15       2.696977689666e-16       2.305988994931e-16 
 1033       1.379878328999e-10       5.266216835543e-12      -8.795471188964e-12       0.000000000000e+00       5.083740173308e-15       2.597847152683e-16       2.293231229529e-16 
 1034       1.382287012294e-10       5.234632467989e-12      -8.928227086661e-12       0.000000000000e+00       5.064850888362e-15       2.500790275468e-16       2.280187876154e-16 
 1035       1.384816455727e-10       5.202476878379e-12      -9.057849458116e-12       0.000000000000e+00       5.046046266103e-15       2.405786784359e-16       2.266865631697e-16 
 1036       1.387463647982e-10       5.169764000079e-12      -9.184325319017e-12       0.000000000000e+00       5.027326043123e-15       2.312806825951e-16       2.253273049302e-16 
 1037       1.390225550501e-10       5.136507889939e-12      -9.307641700569e-12       0.000000000000e+00       5.008689948971e-15       2.221820238695e-16       2.239418756154e-16 
 1038       1.393099097413e-10       5.102722728604e-12      -9.427785649619e-12       0.000000000000e+00       4.990137706126e-15       2.132796552089e-16       2.225311453664e-16 
 1039       1.396081195466e-10       5.068422820820e-12      -9.544744228800e-12       0.000000000000e+00       4.971669029981e-15       2.045704985867e-16       2.210959917652e-16 
 1040       1.399168723956e-10       5.033622595749e-12      -9.658504516660e-12       0.000000000000e+00       4.953283628817e-15       1.960514449195e-16       2.196372998535e-16 
 1041       1.402358534660e-10       4.998336607270e-12      -9.769053607801e-12       0.000000000000e+00       4.934981203783e-15       1.877193539856e-16       2.181559621504e-16 
 1042       1.405647451769e-10       4.962579534296e-12      -9.876378613005e-12       0.000000000000e+00       4.916761448872e-15       1.795710543447e-16       2.166528786717e-16 
 1043       1.409032271814e-10       4.926366181077e-12      -9.980466659380e-12       0.000000000000e+00       4.898624050902e-15       1.716033432566e-16       2.151289569477e-16 
 1044       1.412509763600e-10       4.889711477512e-12      -1.008130489048e-11       0.000000000000e+00       4.880568689490e-15       1.638129866006e-16       2.135851120418e-16 
 1045       1.416076668140e-10       4.852630479457e-12      -1.017888046647e-11       0.000000000000e+00       4.862595037035e-15       1.561967187946e-16       2.120222665692e-16 
 1046       1.419729698579e-10       4.815138369035e-12      -1.027318056420e-11       0.000000000000e+00       4.844702758691e-15       1.487512427138e-16       2.104413507149e-16 
 1047       1.423465540133e-10       4.777250454944e-12      -1.036419237741e-11       0.000000000000e+00       4.826891512347e-15       1.414732296105e-16       2.088433022524e-16 
 1048       1.427280850015e-10       4.738982172765e-12      -1.045190311683e-11       0.000000000000e+00       4.809160948608e-15       1.343593190327e-16       2.072290665622e-16 
 1049       1.431172257365e-10       4.700349085275e-12      -1.053630001030e-11       0.000000000000e+00       4.791510710767e-15       1.274061187434e-16       2.055995966499e-16 
 1050       1.435136363187e-10       4.661366882751e-12      -1.061737030293e-11       0.000000000000e+00       4.773940434787e-15       1.206102046397e-16       2.039558531649e-16 
 1051       1.439169740276e-10       4.622051383282e-12      -1.069510125722e-11       0.000000000000e+00       4.756449749280e-15       1.139681206720e-16       2.022988044189e-16 
 1052       1.443268933148e-10       4.582418533079e-12      -1.076948015322e-11       0.000000000000e+00       4.739038275480e-15       1.074763787629e-16       2.006294264040e-16 
 1053       1.447430457974e-10       4.542484406781e-12      -1.084049428863e-11       0.000000000000e+00       4.721705627228e-15       1.011314587268e-16       1.989487028115e-16 
 1054       1.451650802511e-10       4.502265207764e-12      -1.090813097894e-11       0.000000000000e+00       4.704451410942e-15       9.492980818829e-17       1.972576250500e-16 
 1055       1.455926426030e-10       4.461777268455e-12      -1.097237755760e-11       0.000000000000e+00       4.687275225602e-15       8.886784250190e-17       1.955571922641e-16 
 1056       1.460253759251e-10       4.421037050634e-12      -1.103322137609e-11       0.000000000000e+00       4.670176662724e-15       8.294194467093e-17       1.938484113528e-16 
 1057       1.464629204272e-10       4.380061145750e-12      -1.109064980413e-11       0.000000000000e+00       4.653155306340e-15       7.714846526665e-17       1.921322969876e-16 
 1058       1.469049134498e-10       4.338866275222e-12      -1.114465022975e-11       0.000000000000e+00       4.636210732974e-15       7.148372234739e-17       1.904098716315e-16 
 1059       1.473509894578e-10       4.297469290756e-12      -1.119521005947e-11       0.000000000000e+00       4.619342511621e-15       6.594400137766e-17       1.886821655568e-16 
 1060       1.478007800331e-10       4.255887174650e-12      -1.124231671841e-11       0.000000000000e+00       4.602550203725e-15       6.052555514730e-17       1.869502168641e-16 
 1061       1.482539138678e-10       4.214137040102e-12      -1.128595765042e-11       0.000000000000e+00       4.585833363160e-15       5.522460369058e-17       1.852150715004e-16 
 1062       1.487100167574e-10       4.172236131523e-12      -1.132612031825e-11       0.000000000000e+00       4.569191536201e-15       5.003733420531e-17       1.834777832775e-16 
 1063       1.491687115942e-10       4.130201824841e-12      -1.136279220363e-11       0.000000000000e+00       4.552624261507e-15       4.495990097197e-17       1.817394138908e-16 
 1064       1.496296183596e-10       4.088051627814e-12      -1.139596080744e-11       0.000000000000e+00       4.536131070101e-15       3.998842527285e-17       1.800010329371e-16 
 1065       1.500923541180e-10       4.045803180337e-12      -1.142561364987e-11       0.000000000000e+00       4.519711485341e-15       3.511899531112e-17       1.782637179338e-16 
 1066       1.505565330097e-10       4.003474254753e-12      -1.145173827047e-11       0.000000000000e+00       4.503365022904e-15       3.034766613002e-17       1.765285543368e-16 
 1067       1.510217662437e-10       3.961082756160e-12      -1.147432222839e-11       0.000000000000e+00       4.487091190763e-15       2.567045953192e-17       1.747966355589e-16 
 1068       1.514876620913e-10       3.918646722718e-12      -1.149335310241e-11       0.000000000000e+00       4.470889489161e-15       2.108336399746e-17       1.730690629886e-16 
 1069       1.519538258786e-10       3.876184325965e-12      -1.150881849118e-11       0.000000000000e+00       4.454759410595e-15       1.658233460467e-17       1.713469460082e-16 
 1070       1.524198599804e-10       3.833713871118e-12      -1.152070601325e-11       0.000000000000e+00       4.438700439790e-15       1.216329294811e-17       1.696314020125e-16 
 1071       1.528853638125e-10       3.791253797389e-12      -1.152900330729e-11       0.000000000000e+00       4.422712053677e-15       7.822127057948e-18       1.679235564270e-16 
 1072       1.533499338255e-10       3.748822678287e-12      -1.153369803218e-11       0.000000000000e+00       4.406793721372e-15       3.554691319129e-18       1.662245427265e-16 
 1073       1.538131945757e-10       3.706438170812e-12      -1.153478562387e-11       0.000000000000e+00       4.390944958889e-15      -6.425878976941e-19       1.645352316051e-16 
 1074       1.542748924173e-10       3.664113846717e-12      -1.153229268139e-11       0.000000000000e+00       4.375165494129e-15      -4.770886149399e-18       1.628554144116e-16 
 1075       1.547348030726e-10       3.621862318708e-12      -1.152625389952e-11       0.000000000000e+00       4.359455104090e-15      -8.830782302377e-18       1.611846086318e-16 
 1076       1.551927006656e-10       3.579696287855e-12      -1.151670434196e-11       0.000000000000e+00       4.343813560325e-15      -1.282286200734e-17       1.595223277188e-16 
 1077       1.556483577183e-10       3.537628543789e-12      -1.150367944222e-11       0.000000000000e+00       4.328240628924e-15      -1.674771771710e-17       1.578680810830e-16 
 1078       1.561015451472e-10       3.495671964900e-12      -1.148721500457e-11       0.000000000000e+00       4.312736070498e-15      -2.060594870444e-17       1.562213740827e-16 
 1079       1.565520322597e-10       3.453839518543e-12      -1.146734720498e-11       0.000000000000e+00       4.297299640162e-15      -2.439816107984e-17       1.545817080141e-16 
 1080       1.569995867500e-10       3.412144261231e-12      -1.144411259208e-11       0.000000000000e+00       4.281931087519e-15      -2.812496780933e-17       1.529485801013e-16 
 1081       1.574439746960e-10       3.370599338837e-12      -1.141754808810e-11       0.000000000000e+00       4.266630156644e-15      -3.178698873231e-17       1.513214834871e-16 
 1082       1.578849605555e-10       3.329217986794e-12      -1.138769098979e-11       0.000000000000e+00       4.251396586066e-15      -3.538485057932e-17       1.496999072228e-16 
 1083       1.583223071621e-10       3.288013530294e-12      -1.135457896938e-11       0.000000000000e+00       4.236230108756e-15      -3.891918698986e-17       1.480833362584e-16 
 1084       1.587557757223e-10       3.246999384489e-12      -1.131825007551e-11       0.000000000000e+00       4.221130452105e-15      -4.239063853022e-17       1.464712514331e-16 
 1085       1.591851258113e-10       3.206189054686e-12      -1.127874273420e-11       0.000000000000e+00       4.206097337914e-15      -4.579985271124e-17       1.448631294653e-16 
 1086       1.596101153693e-10       3.165596136554e-12      -1.123609574975e-11       0.000000000000e+00       4.191130482370e-15      -4.914748400617e-17       1.432584429431e-16 
 1087       1.600305006983e-10       3.125234316317e-12      -1.119034830571e-11       0.000000000000e+00       4.176229596036e-15      -5.243419386844e-17       1.416566603141e-16 
 1088       1.604460364582e-10       3.085117370955e-12      -1.114153996583e-11       0.000000000000e+00       4.161394383834e-15      -5.566065074947e-17       1.400572458760e-16 
 1089       1.608564756630e-10       3.045259168407e-12      -1.108971067498e-11       0.000000000000e+00       4.146624545026e-15      -5.882753011651e-17       1.384596597668e-16 
 1090       1.612615696773e-10       3.005673667767e-12      -1.103490076010e-11       0.000000000000e+00       4.131919773198e-15      -6.193551447039e-17       1.368633579546e-16 
 1091       1.616610682127e-10       2.966374919483e-12      -1.097715093114e-11       0.000000000000e+00       4.117279756246e-15      -6.498529336339e-17       1.352677922286e-16 
 1092       1.620547193240e-10       2.927377065561e-12      -1.091650228201e-11       0.000000000000e+00       4.102704176358e-15      -6.797756341699e-17       1.336724101885e-16 
 1093       1.624422694057e-10       2.888694339760e-12      -1.085299629152e-11       0.000000000000e+00       4.088192709998e-15      -7.091302833972e-17       1.320766552354e-16 
 1094       1.628234631884e-10       2.850341067793e-12      -1.078667482431e-11       0.000000000000e+00       4.073745027890e-15      -7.379239894494e-17       1.304799665615e-16 
 1095       1.631980437346e-10       2.812331667529e-12      -1.071758013182e-11       0.000000000000e+00       4.059360795001e-15      -7.661639316866e-17       1.288817791408e-16 
 1096       1.635657524359e-10       2.774680649189e-12      -1.064575485319e-11       0.000000000000e+00       4.045039670525e-15      -7.938573608735e-17       1.272815237189e-16 
 1097       1.639263290088e-10       2.737402615546e-12      -1.057124201625e-11       0.000000000000e+00       4.030781307869e-15      -8.210115993574e-17       1.256786268034e-16 
 1098       1.642795114909e-10       2.700512262127e-12      -1.049408503842e-11       0.000000000000e+00       4.016585354631e-15      -8.476340412461e-17       1.240725106545e-16 
 1099       1.646250362379e-10       2.664024377411e-12      -1.041432772767e-11       0.000000000000e+00       4.002451452589e-15      -8.737321525864e-17       1.224625932744e-16 
 1100       1.649626379192e-10       2.627953843028e-12      -1.033201428349e-11       0.000000000000e+00       3.988379237684e-15      -8.993134715417e-17       1.208482883984e-16 
 1101       1.652920495149e-10       2.592315633959e-12      -1.024718929777e-11       0.000000000000e+00       3.974368340000e-15      -9.243856085703e-17       1.192290054845e-16 
 1102       1.656130023116e-10       2.557124818739e-12      -1.015989775580e-11       0.000000000000e+00       3.960418383753e-15      -9.489562466037e-17       1.176041497040e-16 
 1103       1.659252258992e-10       2.522396559648e-12      -1.007018503717e-11       0.000000000000e+00       3.946528987269e-15      -9.730331412242e-17       1.159731219315e-16 
 1104       1.662284481669e-10       2.488146112920e-12      -9.978096916761e-12       0.000000000000e+00       3.932699762974e-15      -9.966241208431e-17       1.143353187352e-16 
 1105       1.665223952996e-10       2.454388828938e-12      -9.883679565629e-12       0.000000000000e+00       3.918930317372e-15      -1.019737086879e-16       1.126901323673e-16 
 1106       1.668067917746e-10       2.421140152432e-12      -9.786979551989e-12       0.000000000000e+00       3.905220251032e-15      -1.042380013936e-16       1.110369507539e-16 
 1107       1.670813603575e-10       2.388415622682e-12      -9.688043842142e-12       0.000000000000e+00       3.891569158569e-15      -1.064560949981e-16       1.093751574856e-16 
 1108       1.673458220988e-10       2.356230873717e-12      -9.586919801418e-12       0.000000000000e+00       3.877976628633e-15      -1.086288016523e-16       1.077041318073e-16 
 1109       1.675998963300e-10       2.324601634512e-12      -9.483655195121e-12       0.000000000000e+00       3.864442243884e-15      -1.107569408788e-16       1.060232486087e-16 
 1110       1.678433006603e-10       2.293543729190e-12      -9.378298189468e-12       0.000000000000e+00       3.850965580987e-15      -1.128413395904e-16       1.043318784148e-16 
 1111       1.680757509728e-10       2.263073077222e-12      -9.270897352534e-12       0.000000000000e+00       3.837546210583e-15      -1.148828321071e-16       1.026293873754e-16 
 1112       1.682970035590e-10       2.233203684539e-12      -9.161502815694e-12       0.000000000000e+00       3.824183741672e-15      -1.168816319551e-16       1.009153159734e-16 
 1113       1.685069821363e-10       2.203941587577e-12      -9.050169772772e-12       0.000000000000e+00       3.810877955386e-15      -1.188354381878e-16       9.918991773890e-17 
 1114       1.687056524925e-10       2.175290830046e-12      -8.936955028746e-12       0.000000000000e+00       3.797628672939e-15      -1.207413042154e-16       9.745362759462e-17 
 1115       1.688929804993e-10       2.147255464809e-12      -8.821915844472e-12       0.000000000000e+00       3.784435711381e-15      -1.225962637240e-16       9.570688378815e-17 
 1116       1.690689321128e-10       2.119839553880e-12      -8.705109937737e-12       0.000000000000e+00       3.771298883593e-15      -1.243973306330e-16       9.395012789943e-17 
 1117       1.692334733738e-10       2.093047168434e-12      -8.586595484312e-12       0.000000000000e+00       3.758217998268e-15      -1.261414990516e-16       9.218380484831e-17 
 1118       1.693865704083e-10       2.066882388808e-12      -8.466431119012e-12       0.000000000000e+00       3.745192859905e-15      -1.278257432358e-16       9.040836290213e-17 
 1119       1.695281894278e-10       2.041349304510e-12      -8.344675936743e-12       0.000000000000e+00       3.732223268791e-15      -1.294470175454e-16       8.862425368328e-17 
 1120       1.696582967301e-10       2.016452014218e-12      -8.221389493566e-12       0.000000000000e+00       3.719309020995e-15      -1.310022564007e-16       8.683193217671e-17 
 1121       1.697768586992e-10       1.992194625790e-12      -8.096631807742e-12       0.000000000000e+00       3.706449908352e-15      -1.324883742397e-16       8.503185673753e-17 
 1122       1.698838418062e-10       1.968581256266e-12      -7.970463360794e-12       0.000000000000e+00       3.693645718453e-15      -1.339022654746e-16       8.322448909855e-17 
 1123       1.699792126095e-10       1.945616031873e-12      -7.842945098560e-12       0.000000000000e+00       3.680896234631e-15      -1.352408044491e-16       8.141029437783e-17 
 1124       1.700629377553e-10       1.923303088032e-12      -7.714138432244e-12       0.000000000000e+00       3.668201235950e-15      -1.365008453948e-16       7.958974108627e-17 
 1125       1.701349839779e-10       1.901646569358e-12      -7.584105239475e-12       0.000000000000e+00       3.655560497196e-15      -1.376792223888e-16       7.776330113511e-17 
 1126       1.701953181005e-10       1.880650629671e-12      -7.452907865361e-12       0.000000000000e+00       3.642973788858e-15      -1.387727493099e-16       7.593144984353e-17 
 1127       1.702439070352e-10       1.860319431995e-12      -7.320609123541e-12       0.000000000000e+00       3.630440877124e-15      -1.397782197959e-16       7.409466594618e-17 
 1128       1.702807177835e-10       1.840657148568e-12      -7.187272297243e-12       0.000000000000e+00       3.617961523863e-15      -1.406924072004e-16       7.225343160075e-17 
 1129       1.703057174371e-10       1.821667960840e-12      -7.052961140337e-12       0.000000000000e+00       3.605535486616e-15      -1.415120645496e-16       7.040823239554e-17 
 1130       1.703188731779e-10       1.803356059485e-12      -6.917739878390e-12       0.000000000000e+00       3.593162518581e-15      -1.422339244993e-16       6.855955735698e-17 
 1131       1.703201522786e-10       1.785725644403e-12      -6.781673209719e-12       0.000000000000e+00       3.580842368607e-15      -1.428546992918e-16       6.670789895721e-17 
 1132       1.703095221034e-10       1.768780924722e-12      -6.644826306450e-12       0.000000000000e+00       3.568574781175e-15      -1.433710807129e-16       6.485375312163e-17 
 1133       1.702869501077e-10       1.752526118806e-12      -6.507264815568e-12       0.000000000000e+00       3.556359496391e-15      -1.437797400485e-16       6.299761923645e-17 
 1134       1.702524038395e-10       1.736965454260e-12      -6.369054859975e-12       0.000000000000e+00       3.544196249971e-15      -1.440773280416e-16       6.114000015628e-17 
 1135       1.702058509390e-10       1.722103167932e-12      -6.230263039544e-12       0.000000000000e+00       3.532084773230e-15      -1.442604748495e-16       5.928140221162e-17 
 1136       1.701472591394e-10       1.707943505921e-12      -6.090956432170e-12       0.000000000000e+00       3.520024793071e-15      -1.443257900003e-16       5.742233521648e-17 
 1137       1.700765962676e-10       1.694490723579e-12      -5.951202594832e-12       0.000000000000e+00       3.508016031971e-15      -1.442698623499e-16       5.556331247591e-17 
 1138       1.699938302440e-10       1.681749085517e-12      -5.811069564640e-12       0.000000000000e+00       3.496058207972e-15      -1.440892600392e-16       5.370485079354e-17 
 1139       1.698989290833e-10       1.669722865610e-12      -5.670625859895e-12       0.000000000000e+00       3.484151034665e-15      -1.437805304504e-16       5.184747047916e-17 
 1140       1.697918608950e-10       1.658416347002e-12      -5.529940481141e-12       0.000000000000e+00       3.472294221181e-15      -1.433402001646e-16       4.999169535627e-17 
 1141       1.696725938839e-10       1.647833822109e-12      -5.389082912223e-12       0.000000000000e+00       3.460487472178e-15      -1.427647749180e-16       4.813805276964e-17 
 1142       1.695410963500e-10       1.637979592626e-12      -5.248123121336e-12       0.000000000000e+00       3.448730487830e-15      -1.420507395594e-16       4.628707359285e-17 
 1143       1.693973366894e-10       1.628857969531e-12      -5.107131562085e-12       0.000000000000e+00       3.437022963812e-15      -1.411945580068e-16       4.443929223586e-17 
 1144       1.692412833949e-10       1.620473273089e-12      -4.966179174536e-12       0.000000000000e+00       3.425364591291e-15      -1.401926732041e-16       4.259524665256e-17 
 1145       1.690729050558e-10       1.612829832857e-12      -4.825337386275e-12       0.000000000000e+00       3.413755056915e-15      -1.390415070784e-16       4.075547834832e-17 
 1146       1.688921703589e-10       1.605931987689e-12      -4.684678113458e-12       0.000000000000e+00       3.402194042795e-15      -1.377374604968e-16       3.892053238757e-17 
 1147       1.686990480887e-10       1.599784085743e-12      -4.544273761868e-12       0.000000000000e+00       3.390681226501e-15      -1.362769132232e-16       3.709095740133e-17 
 1148       1.684935071278e-10       1.594390484480e-12      -4.404197227971e-12       0.000000000000e+00       3.379216281045e-15      -1.346562238749e-16       3.526730559477e-17 
 1149       1.682755164574e-10       1.589755550674e-12      -4.264521899966e-12       0.000000000000e+00       3.367798874867e-15      -1.328717298803e-16       3.345013275479e-17 
 1150       1.680450451577e-10       1.585883660417e-12      -4.125321658847e-12       0.000000000000e+00       3.356428671830e-15      -1.309197474348e-16       3.163999825753e-17 
 1151       1.678020911996e-10       1.582777444239e-12      -3.986665593086e-12       0.000000000000e+00       3.345105365109e-15      -1.287979641426e-16       2.983741025974e-17 
 1152       1.675467682185e-10       1.580432498080e-12      -3.848602067117e-12       0.000000000000e+00       3.333828779373e-15      -1.265096363836e-16       2.804266049556e-17 
 1153       1.672792198432e-10       1.578842605174e-12      -3.711174452665e-12       0.000000000000e+00       3.322598769876e-15      -1.240594451558e-16       2.625598739711e-17 
 1154       1.669995910073e-10       1.578001484683e-12      -3.574426397336e-12       0.000000000000e+00       3.311415188666e-15      -1.214521083075e-16       2.447763072307e-17 
 1155       1.667080279528e-10       1.577902791545e-12      -3.438401825198e-12       0.000000000000e+00       3.300277884565e-15      -1.186923806204e-16       2.270783156125e-17 
 1156       1.664046782328e-10       1.578540116321e-12      -3.303144937354e-12       0.000000000000e+00       3.289186703173e-15      -1.157850538928e-16       2.094683233121e-17 
 1157       1.660896907143e-10       1.579906985036e-12      -3.168700212518e-12       0.000000000000e+00       3.278141486848e-15      -1.127349570217e-16       1.919487678684e-17 
 1158       1.657632155818e-10       1.581996859030e-12      -3.035112407595e-12       0.000000000000e+00       3.267142074702e-15      -1.095469560869e-16       1.745221001897e-17 
 1159       1.654254043400e-10       1.584803134802e-12      -2.902426558253e-12       0.000000000000e+00       3.256188302594e-15      -1.062259544329e-16       1.571907845794e-17 
 1160       1.650764098170e-10       1.588319143854e-12      -2.770687979500e-12       0.000000000000e+00       3.245280003116e-15      -1.027768927525e-16       1.399572987624e-17 
 1161       1.647163861670e-10       1.592538152543e-12      -2.639942266264e-12       0.000000000000e+00       3.234417005590e-15      -9.920474916945e-17       1.228241339103e-17 
 1162       1.643454888737e-10       1.597453361918e-12      -2.510235293963e-12       0.000000000000e+00       3.223599136051e-15      -9.551453932141e-17       1.057937946684e-17 
 1163       1.639638747533e-10       1.603057907575e-12      -2.381613219088e-12       0.000000000000e+00       3.212826217247e-15      -9.171131644293e-17       8.886879918047e-18 
 1164       1.635717019573e-10       1.609344859496e-12      -2.254122479775e-12       0.000000000000e+00       3.202098068624e-15      -8.780017144840e-17       7.205167911571e-18 
 1165       1.631691299758e-10       1.616307221900e-12      -2.127809796381e-12       0.000000000000e+00       3.191414506320e-15      -8.378623301493e-17       5.534497969409e-18 
 1166       1.627563196403e-10       1.623937933083e-12      -2.002722172063e-12       0.000000000000e+00       3.180775343155e-15      -7.967466766532e-17       3.875125971253e-18 
 1167       1.623334331270e-10       1.632229865272e-12      -1.878906893352e-12       0.000000000000e+00       3.170180388620e-15      -7.547067985101e-17       2.227309157081e-18 
 1168       1.619006339596e-10       1.641175824464e-12      -1.756411530732e-12       0.000000000000e+00       3.159629448873e-15      -7.117951203498e-17       5.913061297525e-19 
 1169       1.614580870126e-10       1.650768550275e-12      -1.635283939212e-12       0.000000000000e+00       3.149122326725e-15      -6.680644477468e-17      -1.032623142399e-18 
 1170       1.610059585139e-10       1.661000715785e-12      -1.515572258906e-12       0.000000000000e+00       3.138658821635e-15      -6.235679680503e-17      -2.644217322968e-18 
 1171       1.605444160484e-10       1.671864927386e-12      -1.397324915608e-12       0.000000000000e+00       3.128238729699e-15      -5.783592512128e-17      -4.243213704882e-18 
 1172       1.600736285605e-10       1.683353724625e-12      -1.280590621367e-12       0.000000000000e+00       3.117861843640e-15      -5.324922506200e-17      -5.829348207810e-18 
 1173       1.595937663577e-10       1.695459580051e-12      -1.165418375067e-12       0.000000000000e+00       3.107527952803e-15      -4.860213039197e-17      -7.402355375564e-18 
 1174       1.591050011130e-10       1.708174899062e-12      -1.051857462998e-12       0.000000000000e+00       3.097236843140e-15      -4.390011338516e-17      -8.961968373505e-18 
 1175       1.586075058686e-10       1.721492019750e-12      -9.399574594365e-13       0.000000000000e+00       3.086988297209e-15      -3.914868490764e-17      -1.050791898595e-17 
 1176       1.581014550382e-10       1.735403212748e-12      -8.297682272208e-13       0.000000000000e+00       3.076782094156e-15      -3.435339450052e-17      -1.203993761357e-17 
 1177       1.575870244108e-10       1.749900681073e-12      -7.213399183257e-13       0.000000000000e+00       3.066618009715e-15      -2.951983046288e-17      -1.355775327081e-17 
 1178       1.570643911532e-10       1.764976559976e-12      -6.147229744404e-13       0.000000000000e+00       3.056495816192e-15      -2.465361993472e-17      -1.506109358327e-17 
 1179       1.565337338134e-10       1.780622916784e-12      -5.099681275442e-13       0.000000000000e+00       3.046415282459e-15      -1.976042897989e-17      -1.654968478514e-17 
 1180       1.559952323231e-10       1.796831750751e-12      -4.071264004828e-13       0.000000000000e+00       3.036376173947e-15      -1.484596266902e-17      -1.802325171657e-17 
 1181       1.554490680015e-10       1.813594992899e-12      -3.062491075446e-13       0.000000000000e+00       3.026378252633e-15      -9.915965162460e-18      -1.948151782112e-17 
 1182       1.548954235578e-10       1.830904505864e-12      -2.073878550369e-13       0.000000000000e+00       3.016421277033e-15      -4.976219793209e-18      -2.092420514313e-17 
 1183       1.543344830941e-10       1.848752083748e-12      -1.105945418625e-13       0.000000000000e+00       3.006505002195e-15      -3.254914986756e-20      -2.235103432511e-17 
 1184       1.537664321091e-10       1.867129451956e-12      -1.592136009540e-14       0.000000000000e+00       2.996629179685e-15       4.909184840444e-18      -2.376172460520e-17 
 1185       1.531914575006e-10       1.886028267051e-12       7.657920444242e-14       0.000000000000e+00       2.986793557585e-15       9.843080829142e-18      -2.515599381453e-17 
 1186       1.526097475686e-10       1.905440116592e-12       1.668543716050e-13       0.000000000000e+00       2.976997880477e-15       1.476319796325e-17      -2.653355837464e-17 
 1187       1.520214920184e-10       1.925356518986e-12       2.548510663459e-13       0.000000000000e+00       2.967241889440e-15       1.966355580244e-17      -2.789413329490e-17 
 1188       1.514268819640e-10       1.945768923331e-12       3.405159181422e-13       0.000000000000e+00       2.957525322035e-15       2.453813423613e-17      -2.923743216987e-17 
 1189       1.508261099303e-10       1.966668709262e-12       4.237952604182e-13       0.000000000000e+00       2.947847912304e-15       2.938087340055e-17      -3.056316717677e-17 
 1190       1.502193720319e-10       1.988046658303e-12       5.046430953495e-13       0.000000000000e+00       2.938209415647e-15       3.418664799649e-17      -3.187112656088e-17 
 1191       1.496068745292e-10       2.009891361123e-12       5.830450965266e-13       0.000000000000e+00       2.928609683837e-15       3.895420350984e-17      -3.316140813913e-17 
 1192       1.489888273587e-10       2.032190790412e-12       6.589948999609e-13       0.000000000000e+00       2.919048590914e-15       4.368325589060e-17      -3.443418865937e-17 
 1193       1.483654419681e-10       2.054932827401e-12       7.324861655427e-13       0.000000000000e+00       2.909526008363e-15       4.837352042288e-17      -3.568964657650e-17 
 1194       1.477369313202e-10       2.078105261662e-12       8.035125771391e-13       0.000000000000e+00       2.900041805113e-15       5.302471172448e-17      -3.692796205634e-17 
 1195       1.471035098955e-10       2.101695790912e-12       8.720678426924e-13       0.000000000000e+00       2.890595847523e-15       5.763654374643e-17      -3.814931697967e-17 
 1196       1.464653936960e-10       2.125692020812e-12       9.381456943185e-13       0.000000000000e+00       2.881187999385e-15       6.220872977257e-17      -3.935389494616e-17 
 1197       1.458228002478e-10       2.150081464769e-12       1.001739888404e-12       0.000000000000e+00       2.871818121906e-15       6.674098241913e-17      -4.054188127833e-17 
 1198       1.451759486049e-10       2.174851543737e-12       1.062844205707e-12       0.000000000000e+00       2.862486073711e-15       7.123301363428e-17      -4.171346302554e-17 
 1199       1.445250593520e-10       2.199989586020e-12       1.121452451451e-12       0.000000000000e+00       2.853191710828e-15       7.568453469767e-17      -4.286882896794e-17 
 1200       1.438703546079e-10       2.225482827070e-12       1.177558455426e-12       0.000000000000e+00       2.843934886688e-15       8.009525622006e-17      -4.400816962045e-17 
 1201       1.432120580288e-10       2.251318409290e-12       1.231156072086e-12       0.000000000000e+00       2.834715452115e-15       8.446488814282e-17      -4.513167723669e-17 
 1202       1.425503948114e-10       2.277483381835e-12       1.282239180649e-12       0.000000000000e+00       2.825533255316e-15       8.879313973752e-17      -4.623954581301e-17 
 1203       1.418855916961e-10       2.303964700413e-12       1.330801685192e-12       0.000000000000e+00       2.816388141882e-15       9.307971960553e-17      -4.733197109237e-17 
 1204       1.412178769704e-10       2.330749227086e-12       1.376837514749e-12       0.000000000000e+00       2.807279954774e-15       9.732433567752e-17      -4.840915056840e-17 
 1205       1.405474804718e-10       2.357823730074e-12       1.420340623412e-12       0.000000000000e+00       2.798208534319e-15       1.015266952131e-16      -4.947128348929e-17 
 1206       1.398746335914e-10       2.385174883550e-12       1.461304990429e-12       0.000000000000e+00       2.789173718204e-15       1.056865048003e-16      -5.051857086179e-17 
 1207       1.391995692768e-10       2.412789267449e-12       1.499724620298e-12       0.000000000000e+00       2.780175341467e-15       1.098034703551e-16      -5.155121545518e-17 
 1208       1.385225220356e-10       2.440653367261e-12       1.535593542871e-12       0.000000000000e+00       2.771213236494e-15       1.138772971214e-16      -5.256942180520e-17 
 1209       1.378437279385e-10       2.468753573840e-12       1.568905813447e-12       0.000000000000e+00       2.762287233005e-15       1.179076896698e-16      -5.357339621808e-17 
 1210       1.371634246222e-10       2.497076183200e-12       1.599655512873e-12       0.000000000000e+00       2.753397158056e-15       1.218943518980e-16      -5.456334677444e-17 
 1211       1.364818512934e-10       2.525607396317e-12       1.627836747643e-12       0.000000000000e+00       2.744542836026e-15       1.258369870299e-16      -5.553948333330e-17 
 1212       1.357992487312e-10       2.554333318932e-12       1.653443649992e-12       0.000000000000e+00       2.735724088612e-15       1.297352976150e-16      -5.650201753602e-17 
 1213       1.351158592907e-10       2.583239961352e-12       1.676470377997e-12       0.000000000000e+00       2.726940734823e-15       1.335889855287e-16      -5.745116281027e-17 
 1214       1.344319269065e-10       2.612313238248e-12       1.696911115679e-12       0.000000000000e+00       2.718192590970e-15       1.373977519709e-16      -5.838713437401e-17 
 1215       1.337476970952e-10       2.641538968461e-12       1.714760073091e-12       0.000000000000e+00       2.709479470665e-15       1.411612974664e-16      -5.931014923946e-17 
 1216       1.330634169593e-10       2.670902874799e-12       1.730011486426e-12       0.000000000000e+00       2.700801184809e-15       1.448793218640e-16      -6.022042621703e-17 
 1217       1.323793351902e-10       2.700390583841e-12       1.742659618111e-12       0.000000000000e+00       2.692157541587e-15       1.485515243362e-16      -6.111818591932e-17 
 1218       1.316957020712e-10       2.729987625737e-12       1.752698756905e-12       0.000000000000e+00       2.683548346460e-15       1.521776033786e-16      -6.200365076507e-17 
 1219       1.310127694810e-10       2.759679434009e-12       1.760123217997e-12       0.000000000000e+00       2.674973402161e-15       1.557572568099e-16      -6.287704498313e-17 
 1220       1.303307908968e-10       2.789451345353e-12       1.764927343106e-12       0.000000000000e+00       2.666432508685e-15       1.592901817710e-16      -6.373859461644e-17 
 1221       1.296500213976e-10       2.819288599439e-12       1.767105500577e-12       0.000000000000e+00       2.657925463286e-15       1.627760747247e-16      -6.458852752596e-17 
 1222       1.289707176674e-10       2.849176338715e-12       1.766652085480e-12       0.000000000000e+00       2.649452060464e-15       1.662146314556e-16      -6.542707339468e-17 
 1223       1.282931379983e-10       2.879099608203e-12       1.763561519710e-12       0.000000000000e+00       2.641012091965e-15       1.696055470689e-16      -6.625446373155e-17 
 1224       1.276175422938e-10       2.909043355307e-12       1.757828252080e-12       0.000000000000e+00       2.632605346770e-15       1.729485159909e-16      -6.707093187545e-17 
 1225       1.269441920722e-10       2.938992429607e-12       1.749446758425e-12       0.000000000000e+00       2.624231611089e-15       1.762432319679e-16      -6.787671299919e-17 
 1226       1.262733504695e-10       2.968931582667e-12       1.738411541697e-12       0.000000000000e+00       2.615890668354e-15       1.794893880659e-16      -6.867204411344e-17 
 1227       1.256052822428e-10       2.998845467830e-12       1.724717132065e-12       0.000000000000e+00       2.607582299215e-15       1.826866766705e-16      -6.945716407070e-17 
 1228       1.249402537737e-10       3.028718640025e-12       1.708358087010e-12       0.000000000000e+00       2.599306281526e-15       1.858347894859e-16      -7.023231356928e-17 
 1229       1.242785119402e-10       3.058536441116e-12       1.689334876062e-12       0.000000000000e+00       2.591062412129e-15       1.889340140130e-16      -7.099769044444e-17 
 1230       1.236202204525e-10       3.088287667897e-12       1.667671611422e-12       0.000000000000e+00       2.582850572458e-15       1.919870307477e-16      -7.175331495187e-17 
 1231       1.229655227669e-10       3.117961935436e-12       1.643398528421e-12       0.000000000000e+00       2.574670663698e-15       1.949971373576e-16      -7.249916288973e-17 
 1232       1.223145631490e-10       3.147548794273e-12       1.616546120587e-12       0.000000000000e+00       2.566522585069e-15       1.979676541900e-16      -7.323521016660e-17 
 1233       1.216674866755e-10       3.177037730295e-12       1.587145140199e-12       0.000000000000e+00       2.558406233820e-15       2.009019243185e-16      -7.396143280183e-17 
 1234       1.210244392359e-10       3.206418164601e-12       1.555226598864e-12       0.000000000000e+00       2.550321505222e-15       2.038033135902e-16      -7.467780692603e-17 
 1235       1.203855675338e-10       3.235679453381e-12       1.520821768073e-12       0.000000000000e+00       2.542268292569e-15       2.066752106727e-16      -7.538430878142e-17 
 1236       1.197510190885e-10       3.264810887781e-12       1.483962179770e-12       0.000000000000e+00       2.534246487166e-15       2.095210271005e-16      -7.608091472228e-17 
 1237       1.191209422367e-10       3.293801693778e-12       1.444679626920e-12       0.000000000000e+00       2.526255978328e-15       2.123441973227e-16      -7.676760121535e-17 
 1238       1.184954861337e-10       3.322641032050e-12       1.403006164067e-12       0.000000000000e+00       2.518296653375e-15       2.151481787490e-16      -7.744434484027e-17 
 1239       1.178748007555e-10       3.351317997850e-12       1.358974107907e-12       0.000000000000e+00       2.510368397625e-15       2.179364517975e-16      -7.811112228998e-17 
 1240       1.172590368996e-10       3.379821620875e-12       1.312616037850e-12       0.000000000000e+00       2.502471094388e-15       2.207125199410e-16      -7.876791037112e-17 
 1241       1.166483461874e-10       3.408140865136e-12       1.263964796582e-12       0.000000000000e+00       2.494604624966e-15       2.234799097542e-16      -7.941468600449e-17 
 1242       1.160428810649e-10       3.436264628834e-12       1.213053490638e-12       0.000000000000e+00       2.486768868641e-15       2.262421709604e-16      -8.005142622543e-17 
 1243       1.154427948049e-10       3.464181744229e-12       1.159915490960e-12       0.000000000000e+00       2.478963702675e-15       2.290028764788e-16      -8.067810818424e-17 
 1244       1.148482415082e-10       3.491880977511e-12       1.104584433466e-12       0.000000000000e+00       2.471189002304e-15       2.317656224709e-16      -8.129470914661e-17 
 1245       1.142593761053e-10       3.519351028672e-12       1.047094219613e-12       0.000000000000e+00       2.463444640731e-15       2.345340283879e-16      -8.190120649404e-17 
 1246       1.136763543578e-10       3.546580531378e-12       9.874790169648e-13       0.000000000000e+00       2.455730489123e-15       2.373117370173e-16      -8.249757772424e-17 
 1247       1.130993328600e-10       3.573558052841e-12       9.257732597571e-13       0.000000000000e+00       2.448046416604e-15       2.401024145300e-16      -8.308380045154e-17 
 1248       1.125284690405e-10       3.600272093688e-12       8.620116494603e-13       0.000000000000e+00       2.440392290251e-15       2.429097505269e-16      -8.365985240734e-17 
 1249       1.119639211639e-10       3.626711087836e-12       7.962291553468e-13       0.000000000000e+00       2.432767975090e-15       2.457374580864e-16      -8.422571144050e-17 
 1250       1.114058483319e-10       3.652863402359e-12       7.284610150558e-13       0.000000000000e+00       2.425173334088e-15       2.485892738106e-16      -8.478135551775e-17 
 1251       1.108544104853e-10       3.678717337365e-12       6.587427351586e-13       0.000000000000e+00       2.417608228150e-15       2.514689578728e-16      -8.532676272413e-17 
 1252       1.103097684050e-10       3.704261125863e-12       5.871100917237e-13       0.000000000000e+00       2.410072516115e-15       2.543802940643e-16      -8.586191126340e-17 
 1253       1.097720837144e-10       3.729482933636e-12       5.135991308824e-13       0.000000000000e+00       2.402566054747e-15       2.573270898409e-16      -8.638677945845e-17 
 1254       1.092415188800e-10       3.754370859115e-12       4.382461693938e-13       0.000000000000e+00       2.395088698734e-15       2.603131763703e-16      -8.690134575171e-17 
 1255       1.087182372137e-10       3.778912933244e-12       3.610877952102e-13       0.000000000000e+00       2.387640300680e-15       2.633424085788e-16      -8.740558870557e-17 
 1256       1.082024028738e-10       3.803097119360e-12       2.821608680425e-13       0.000000000000e+00       2.380220711103e-15       2.664186651983e-16      -8.789948700282e-17 
 1257       1.076941808669e-10       3.826911313057e-12       2.015025199251e-13       0.000000000000e+00       2.372829778425e-15       2.695458488132e-16      -8.838301944703e-17 
 1258       1.071937370492e-10       3.850343342061e-12       1.191501557815e-13       0.000000000000e+00       2.365467348972e-15       2.727278859071e-16      -8.885616496299e-17 
 1259       1.067012381283e-10       3.873380966104e-12       3.514145398981e-14       0.000000000000e+00       2.358133266966e-15       2.759687269101e-16      -8.931890259713e-17 
 1260       1.062168516646e-10       3.896011876788e-12      -5.048563305266e-14       0.000000000000e+00       2.350827374522e-15       2.792723462454e-16      -8.977121151791e-17 
 1261       1.057407460727e-10       3.918223697466e-12      -1.376928783635e-13       0.000000000000e+00       2.343549511640e-15       2.826427423765e-16      -9.021307101626e-17 
 1262       1.052730906231e-10       3.940003983104e-12      -2.264417798103e-13       0.000000000000e+00       2.336299516201e-15       2.860839378536e-16      -9.064446050599e-17 
 1263       1.048140554440e-10       3.961340220161e-12      -3.166935595450e-13       0.000000000000e+00       2.329077223963e-15       2.895999793613e-16      -9.106535952421e-17 
 1264       1.043638115224e-10       3.982219826454e-12      -4.084091634390e-13       0.000000000000e+00       2.321882468557e-15       2.931949377648e-16      -9.147574773174e-17 
 1265       1.039225307057e-10       4.002630151034e-12      -5.015492605176e-13       0.000000000000e+00       2.314715081478e-15       2.968729081570e-16      -9.187560491351e-17 
 1266       1.034903857035e-10       4.022558474054e-12      -5.960742423949e-13       0.000000000000e+00       2.307574892083e-15       3.006380099058e-16      -9.226491097903e-17 
 1267       1.030675500892e-10       4.041992006642e-12      -6.919442227084e-13       0.000000000000e+00       2.300461727584e-15       3.044943867006e-16      -9.264364596274e-17 
 1268       1.026541695656e-10       4.060919559001e-12      -7.891182901507e-13       0.000000000000e+00       2.293375428992e-15       3.084445536051e-16      -9.301179023078e-17 
 1269       1.022502753976e-10       4.079336566008e-12      -8.875522592762e-13       0.000000000000e+00       2.286315899162e-15       3.124844172640e-16      -9.336932510291e-17 
 1270       1.018558699851e-10       4.097240119299e-12      -9.872008926387e-13       0.000000000000e+00       2.279283055287e-15       3.166081983752e-16      -9.371623223856e-17 
 1271       1.014709555066e-10       4.114627304296e-12      -1.088018644221e-12       0.000000000000e+00       2.272276813004e-15       3.208100793996e-16      -9.405249343163e-17 
 1272       1.010955339194e-10       4.131495200205e-12      -1.189959658815e-12       0.000000000000e+00       2.265297086386e-15       3.250842044843e-16      -9.437809061089e-17 
 1273       1.007296069583e-10       4.147840880006e-12      -1.292977771398e-12       0.000000000000e+00       2.258343787940e-15       3.294246793866e-16      -9.469300584046e-17 
 1274       1.003731761355e-10       4.163661410456e-12      -1.397026506518e-12       0.000000000000e+00       2.251416828601e-15       3.338255713975e-16      -9.499722132019e-17 
 1275       1.000262427398e-10       4.178953852079e-12      -1.502059077663e-12       0.000000000000e+00       2.244516117730e-15       3.382809092654e-16      -9.529071938613e-17 
 1276       9.968880783596e-11       4.193715259165e-12      -1.608028386651e-12       0.000000000000e+00       2.237641563110e-15       3.427846831195e-16      -9.557348251094e-17 
 1277       9.936087226427e-11       4.207942679766e-12      -1.714887023001e-12       0.000000000000e+00       2.230793070939e-15       3.473308443940e-16      -9.584549330434e-17 
 1278       9.904243663977e-11       4.221633155691e-12      -1.822587263315e-12       0.000000000000e+00       2.223970545832e-15       3.519133057509e-16      -9.610673451351e-17 
 1279       9.873350135175e-11       4.234783722500e-12      -1.931081070656e-12       0.000000000000e+00       2.217173890811e-15       3.565259410046e-16      -9.635718902356e-17 
 1280       9.843406656315e-11       4.247391409505e-12      -2.040320093929e-12       0.000000000000e+00       2.210403007305e-15       3.611625850447e-16      -9.659683985795e-17 
 1281       9.814413220991e-11       4.259453239762e-12      -2.150255667260e-12       0.000000000000e+00       2.203657795144e-15       3.658170337602e-16      -9.682567017889e-17 
 1282       9.786369800045e-11       4.270966230066e-12      -2.260838809372e-12       0.000000000000e+00       2.196938152557e-15       3.704830439628e-16      -9.704366328782e-17 
 1283       9.759276341498e-11       4.281927390951e-12      -2.372020222967e-12       0.000000000000e+00       2.190243976165e-15       3.751543333109e-16      -9.725080262581e-17 
 1284       9.733132770498e-11       4.292333726682e-12      -2.483750294104e-12       0.000000000000e+00       2.183575160982e-15       3.798245802329e-16      -9.744707177401e-17 
 1285       9.707938989257e-11       4.302182235254e-12      -2.595979091577e-12       0.000000000000e+00       2.176931600405e-15       3.844874238509e-16      -9.763245445408e-17 
 1286       9.683694876989e-11       4.311469908384e-12      -2.708656366297e-12       0.000000000000e+00       2.170313186216e-15       3.891364639044e-16      -9.780693452858e-17 
 1287       9.660400289855e-11       4.320193731512e-12      -2.821731550668e-12       0.000000000000e+00       2.163719808573e-15       3.937652606742e-16      -9.797049600148e-17 
 1288       9.638055060898e-11       4.328350683794e-12      -2.935153757968e-12       0.000000000000e+00       2.157151356011e-15       3.983673349056e-16      -9.812312301852e-17 
 1289       9.616658999988e-11       4.335937738095e-12      -3.048871781728e-12       0.000000000000e+00       2.150607715433e-15       4.029361677321e-16      -9.826479986769e-17 
 1290       9.596211893759e-11       4.342951860992e-12      -3.162834095109e-12       0.000000000000e+00       2.144088772111e-15       4.074652005994e-16      -9.839551097962e-17 
 1291       9.576713505548e-11       4.349390012764e-12      -3.276988850282e-12       0.000000000000e+00       2.137594409676e-15       4.119478351888e-16      -9.851524092806e-17 
 1292       9.558163575341e-11       4.355249147390e-12      -3.391283877810e-12       0.000000000000e+00       2.131124510123e-15       4.163774333408e-16      -9.862397443027e-17 
 1293       9.540561819708e-11       4.360526212544e-12      -3.505666686022e-12       0.000000000000e+00       2.124678953797e-15       4.207473169787e-16      -9.872169634747e-17 
 1294       9.523907931742e-11       4.365218149595e-12      -3.620084460397e-12       0.000000000000e+00       2.118257619397e-15       4.250507680325e-16      -9.880839168527e-17 
 1295       9.508201581004e-11       4.369321893594e-12      -3.734484062938e-12       0.000000000000e+00       2.111860383967e-15       4.292810283624e-16      -9.888404559410e-17 
 1296       9.493442413462e-11       4.372834373281e-12      -3.848812031557e-12       0.000000000000e+00       2.105487122897e-15       4.334312996822e-16      -9.894864336965e-17 
 1297       9.479630051428e-11       4.375752511073e-12      -3.963014579448e-12       0.000000000000e+00       2.099137709912e-15       4.374947434834e-16      -9.900217045329e-17 
 1298       9.466764093501e-11       4.378073223061e-12      -4.077037594469e-12       0.000000000000e+00       2.092812017077e-15       4.414644809585e-16      -9.904461243251e-17 
 1299       9.454844114506e-11       4.379793419010e-12      -4.190826638524e-12       0.000000000000e+00       2.086509914785e-15       4.453335929247e-16      -9.907595504134e-17 
 1300       9.443869665434e-11       4.380910002350e-12      -4.304326946936e-12       0.000000000000e+00       2.080231271758e-15       4.490951197477e-16      -9.909618416080e-17 
 1301       9.433840273384e-11       4.381419870174e-12      -4.417483427829e-12       0.000000000000e+00       2.073975955041e-15       4.527420612651e-16      -9.910528581933e-17 
 1302       9.424755441502e-11       4.381319913237e-12      -4.530240661508e-12       0.000000000000e+00       2.067743829999e-15       4.562673767103e-16      -9.910324619318e-17 
 1303       9.416614648920e-11       4.380607015944e-12      -4.642542899838e-12       0.000000000000e+00       2.061534760312e-15       4.596639846360e-16      -9.909005160691e-17 
 1304       9.409417350697e-11       4.379278056355e-12      -4.754334065620e-12       0.000000000000e+00       2.055348607972e-15       4.629247628378e-16      -9.906568853378e-17 
 1305       9.403162977760e-11       4.377329906175e-12      -4.865557751975e-12       0.000000000000e+00       2.049185233282e-15       4.660425482778e-16      -9.903014359618e-17 
 1306       9.397850936844e-11       4.374759430751e-12      -4.976157221718e-12       0.000000000000e+00       2.043044494843e-15       4.690101370085e-16      -9.898340356607e-17 
 1307       9.393478705260e-11       4.371564924035e-12      -5.086079555759e-12       0.000000000000e+00       2.036926262517e-15       4.718223572544e-16      -9.892546615813e-17 
 1308       9.390036091996e-11       4.367750431044e-12      -5.195288150336e-12       0.000000000000e+00       2.030830456437e-15       4.744823141890e-16      -9.885637254034e-17 
 1309       9.387510912300e-11       4.363321473745e-12      -5.303750358346e-12       0.000000000000e+00       2.024757008422e-15       4.769952148634e-16      -9.877617518792e-17 
 1310       9.385890886833e-11       4.358283620572e-12      -5.411433352681e-12       0.000000000000e+00       2.018705849055e-15       4.793663014547e-16      -9.868492712483e-17 
 1311       9.385163641477e-11       4.352642486522e-12      -5.518304125896e-12       0.000000000000e+00       2.012676907683e-15       4.816008513348e-16      -9.858268192491e-17 
 1312       9.385316707135e-11       4.346403733252e-12      -5.624329489884e-12       0.000000000000e+00       2.006670112410e-15       4.837041771401e-16      -9.846949371314e-17 
 1313       9.386337519548e-11       4.339573069176e-12      -5.729476075540e-12       0.000000000000e+00       2.000685390099e-15       4.856816268403e-16      -9.834541716678e-17 
 1314       9.388213419092e-11       4.332156249561e-12      -5.833710332437e-12       0.000000000000e+00       1.994722666365e-15       4.875385838079e-16      -9.821050751656e-17 
 1315       9.390931650589e-11       4.324159076624e-12      -5.936998528492e-12       0.000000000000e+00       1.988781865574e-15       4.892804668870e-16      -9.806482054789e-17 
 1316       9.394479363112e-11       4.315587399629e-12      -6.039306749640e-12       0.000000000000e+00       1.982862910839e-15       4.909127304625e-16      -9.790841260204e-17 
 1317       9.398843609794e-11       4.306447114983e-12      -6.140600899500e-12       0.000000000000e+00       1.976965724017e-15       4.924408645297e-16      -9.774134057733e-17 
 1318       9.404011347630e-11       4.296744166333e-12      -6.240846699050e-12       0.000000000000e+00       1.971090225708e-15       4.938703947629e-16      -9.756366193032e-17 
 1319       9.409969437287e-11       4.286484544663e-12      -6.340009686293e-12       0.000000000000e+00       1.965236335248e-15       4.952068825849e-16      -9.737543467699e-17 
 1320       9.416704642910e-11       4.275674288388e-12      -6.438055215930e-12       0.000000000000e+00       1.959403970710e-15       4.964559252361e-16      -9.717671739396e-17 
 1321       9.424203631926e-11       4.264319483456e-12      -6.534948459031e-12       0.000000000000e+00       1.953593048899e-15       4.976231558436e-16      -9.696756921962e-17 
 1322       9.432452974854e-11       4.252426263439e-12      -6.630654402702e-12       0.000000000000e+00       1.947803485350e-15       4.987142434904e-16      -9.674804985540e-17 
 1323       9.441439145107e-11       4.240000809633e-12      -6.725137849757e-12       0.000000000000e+00       1.942035194324e-15       4.997348932846e-16      -9.651821956689e-17 
 1324       9.451148518805e-11       4.227049351154e-12      -6.818363418390e-12       0.000000000000e+00       1.936288088805e-15       5.006908464285e-16      -9.627813918505e-17 
 1325       9.461567374573e-11       4.213578165032e-12      -6.910295541842e-12       0.000000000000e+00       1.930562080497e-15       5.015878802878e-16      -9.602787010742e-17 
 1326       9.472681893355e-11       4.199593576314e-12      -7.000898468074e-12       0.000000000000e+00       1.924857079823e-15       5.024318084608e-16      -9.576747429930e-17 
 1327       9.484478158217e-11       4.185101958153e-12      -7.090136259437e-12       0.000000000000e+00       1.919172995918e-15       5.032284808476e-16      -9.549701429491e-17 
 1328       9.496942154153e-11       4.170109731910e-12      -7.177972792339e-12       0.000000000000e+00       1.913509736631e-15       5.039837837189e-16      -9.521655319862e-17 
 1329       9.510059767891e-11       4.154623367248e-12      -7.264371756921e-12       0.000000000000e+00       1.907867208518e-15       5.047036397858e-16      -9.492615468611e-17 
 1330       9.523816787703e-11       4.138649382230e-12      -7.349296656722e-12       0.000000000000e+00       1.902245316840e-15       5.053940082683e-16      -9.462588300559e-17 
 1331       9.538198903209e-11       4.122194343415e-12      -7.432710808352e-12       0.000000000000e+00       1.896643965561e-15       5.060608849651e-16      -9.431580297896e-17 
 1332       9.553191705181e-11       4.105264865955e-12      -7.514577341162e-12       0.000000000000e+00       1.891063057345e-15       5.067103023222e-16      -9.399598000301e-17 
 1333       9.568780685355e-11       4.087867613691e-12      -7.594859196913e-12       0.000000000000e+00       1.885502493550e-15       5.073483295024e-16      -9.366648005061e-17 
 1334       9.584951236232e-11       4.070009299249e-12      -7.673519129450e-12       0.000000000000e+00       1.879962174230e-15       5.079810724543e-16      -9.332736967190e-17 
 1335       9.601688650888e-11       4.051696684141e-12      -7.750519704366e-12       0.000000000000e+00       1.874441998128e-15       5.086146739817e-16      -9.297871599547e-17 
 1336       9.618978122779e-11       4.032936578854e-12      -7.825823298679e-12       0.000000000000e+00       1.868941862675e-15       5.092553138124e-16      -9.262058672958e-17 
 1337       9.636804745549e-11       4.013735842953e-12      -7.899392100497e-12       0.000000000000e+00       1.863461663985e-15       5.099092086677e-16      -9.225305016330e-17 
 1338       9.655153512832e-11       3.994101385177e-12      -7.971188108691e-12       0.000000000000e+00       1.858001296856e-15       5.105826123314e-16      -9.187617516775e-17 
 1339       9.674009318064e-11       3.974040163532e-12      -8.041173132566e-12       0.000000000000e+00       1.852560654761e-15       5.112818157190e-16      -9.149003119726e-17 
 1340       9.693356954287e-11       3.953559185389e-12      -8.109308791529e-12       0.000000000000e+00       1.847139629851e-15       5.120131469467e-16      -9.109468829055e-17 
 1341       9.713181113955e-11       3.932665507585e-12      -8.175556514760e-12       0.000000000000e+00       1.841738112948e-15       5.127829714009e-16      -9.069021707195e-17 
 1342       9.733466388740e-11       3.911366236513e-12      -8.239877540883e-12       0.000000000000e+00       1.836355993544e-15       5.135976918073e-16      -9.027668875258e-17 
 1343       9.754197269340e-11       3.889668528222e-12      -8.302232917636e-12       0.000000000000e+00       1.830993159797e-15       5.144637482995e-16      -8.985417513151e-17 
 1344       9.775358145286e-11       3.867579588516e-12      -8.362583501542e-12       0.000000000000e+00       1.825649498528e-15       5.153876184890e-16      -8.942274859699e-17 
 1345       9.796933304745e-11       3.845106673044e-12      -8.420889957577e-12       0.000000000000e+00       1.820324895219e-15       5.163758175340e-16      -8.898248212763e-17 
 1346       9.818906923295e-11       3.822257511192e-12      -8.477118885881e-12       0.000000000000e+00       1.815019244233e-15       5.174331000474e-16      -8.853345396576e-17 
 1347       9.841263030492e-11       3.799041582586e-12      -8.531261275371e-12       0.000000000000e+00       1.809732479605e-15       5.185570443098e-16      -8.807576169079e-17 
 1348       9.863985542557e-11       3.775468854643e-12      -8.583314249939e-12       0.000000000000e+00       1.804464544581e-15       5.197434093603e-16      -8.760950830111e-17 
 1349       9.887058273175e-11       3.751549360168e-12      -8.633274959681e-12       0.000000000000e+00       1.799215381419e-15       5.209879277705e-16      -8.713479755727e-17 
 1350       9.910464933312e-11       3.727293197482e-12      -8.681140580966e-12       0.000000000000e+00       1.793984931389e-15       5.222863055939e-16      -8.665173398349e-17 
 1351       9.934189131010e-11       3.702710530538e-12      -8.726908316519e-12       0.000000000000e+00       1.788773134772e-15       5.236342223168e-16      -8.616042286913e-17 
 1352       9.958214371200e-11       3.677811589054e-12      -8.770575395489e-12       0.000000000000e+00       1.783579930855e-15       5.250273308078e-16      -8.566097027021e-17 
 1353       9.982524055504e-11       3.652606668633e-12      -8.812139073535e-12       0.000000000000e+00       1.778405257927e-15       5.264612572682e-16      -8.515348301091e-17 
 1354       1.000710148204e-10       3.627106130889e-12      -8.851596632892e-12       0.000000000000e+00       1.773249053283e-15       5.279316011822e-16      -8.463806868505e-17 
 1355       1.003192984524e-10       3.601320403573e-12      -8.888945382451e-12       0.000000000000e+00       1.768111253216e-15       5.294339352672e-16      -8.411483565762e-17 
 1356       1.005699223563e-10       3.575259980695e-12      -8.924182657838e-12       0.000000000000e+00       1.762991793017e-15       5.309638054234e-16      -8.358389306623e-17 
 1357       1.008227163966e-10       3.548935422650e-12      -8.957305821483e-12       0.000000000000e+00       1.757890606972e-15       5.325167306845e-16      -8.304535082267e-17 
 1358       1.010775093950e-10       3.522357356345e-12      -8.988312262702e-12       0.000000000000e+00       1.752807628360e-15       5.340882031678e-16      -8.249931961435e-17 
 1359       1.013341291285e-10       3.495536475318e-12      -9.017199397767e-12       0.000000000000e+00       1.747742789451e-15       5.356736880239e-16      -8.194591090585e-17 
 1360       1.015924023272e-10       3.468483539869e-12      -9.043964669990e-12       0.000000000000e+00       1.742696021504e-15       5.372686233874e-16      -8.138523694037e-17 
 1361       1.018521546730e-10       3.441209377180e-12      -9.068605549788e-12       0.000000000000e+00       1.737667254761e-15       5.388684203268e-16      -8.081741074127e-17 
 1362       1.021132107968e-10       3.413724881443e-12      -9.091119534769e-12       0.000000000000e+00       1.732656418450e-15       5.404684627944e-16      -8.024254611354e-17 
 1363       1.023753942773e-10       3.386041013982e-12      -9.111504149801e-12       0.000000000000e+00       1.727663440781e-15       5.420641075771e-16      -7.966075764531e-17 
 1364       1.026385276386e-10       3.358168803380e-12      -9.129756947092e-12       0.000000000000e+00       1.722688248942e-15       5.436506842458e-16      -7.907216070935e-17 
 1365       1.029024323484e-10       3.330119345600e-12      -9.145875506263e-12       0.000000000000e+00       1.717730769096e-15       5.452234951061e-16      -7.847687146458e-17 
 1366       1.031669288162e-10       3.301903804115e-12      -9.159857434426e-12       0.000000000000e+00       1.712790926383e-15       5.467778151483e-16      -7.787500685753e-17 
 1367       1.034318363909e-10       3.273533410030e-12      -9.171700366256e-12       0.000000000000e+00       1.707868644914e-15       5.483088919974e-16      -7.726668462388e-17 
 1368       1.036969733597e-10       3.245019462204e-12      -9.181401964073e-12       0.000000000000e+00       1.702963847769e-15       5.498119458633e-16      -7.665202328995e-17 
 1369       1.039621569451e-10       3.216373327379e-12      -9.188959917913e-12       0.000000000000e+00       1.698076456997e-15       5.512821694913e-16      -7.603114217418e-17 
 1370       1.042272033039e-10       3.187606440304e-12      -9.194371945604e-12       0.000000000000e+00       1.693206393609e-15       5.527147281115e-16      -7.540416138863e-17 
 1371       1.044919275246e-10       3.158730303856e-12      -9.197635792844e-12       0.000000000000e+00       1.688353577583e-15       5.541047593899e-16      -7.477120184051e-17 
 1372       1.047561436257e-10       3.129756489170e-12      -9.198749233277e-12       0.000000000000e+00       1.683517927853e-15       5.554473733777e-16      -7.413238523364e-17 
 1373       1.050196645540e-10       3.100696635758e-12      -9.197710068565e-12       0.000000000000e+00       1.678699362314e-15       5.567376524620e-16      -7.348783406998e-17 
 1374       1.052823021821e-10       3.071562451639e-12      -9.194516128468e-12       0.000000000000e+00       1.673897797815e-15       5.579706513157e-16      -7.283767165110e-17 
 1375       1.055438673071e-10       3.042365713462e-12      -9.189165270918e-12       0.000000000000e+00       1.669113150161e-15       5.591413968476e-16      -7.218202207971e-17 
 1376       1.058041696481e-10       3.013118266628e-12      -9.181655382097e-12       0.000000000000e+00       1.664345334105e-15       5.602448881530e-16      -7.152101026111e-17 
 1377       1.060630178446e-10       2.983832025416e-12      -9.171984376506e-12       0.000000000000e+00       1.659594263350e-15       5.612760964631e-16      -7.085476190477e-17 
 1378       1.063202194543e-10       2.954518973113e-12      -9.160150197051e-12       0.000000000000e+00       1.654859850546e-15       5.622299650958e-16      -7.018340352573e-17 
 1379       1.065755809516e-10       2.925191162128e-12      -9.146150815111e-12       0.000000000000e+00       1.650142007286e-15       5.631014094056e-16      -6.950706244617e-17 
 1380       1.068289077251e-10       2.895860714128e-12      -9.129984230615e-12       0.000000000000e+00       1.645440644105e-15       5.638853167337e-16      -6.882586679689e-17 
 1381       1.070800040760e-10       2.866539820154e-12      -9.111648472123e-12       0.000000000000e+00       1.640755670479e-15       5.645765463581e-16      -6.813994551879e-17 
 1382       1.073286732161e-10       2.837240740750e-12      -9.091141596894e-12       0.000000000000e+00       1.636086994819e-15       5.651699294442e-16      -6.744942836440e-17 
 1383       1.075747172657e-10       2.807975806089e-12      -9.068461690968e-12       0.000000000000e+00       1.631434524471e-15       5.656602689943e-16      -6.675444589934e-17 
 1384       1.078179372521e-10       2.778757416093e-12      -9.043606869238e-12       0.000000000000e+00       1.626798165715e-15       5.660423397981e-16      -6.605512950387e-17 
 1385       1.080581493091e-10       2.749597329050e-12      -9.016579746182e-12       0.000000000000e+00       1.622177832031e-15       5.663121993157e-16      -6.535160724780e-17 
 1386       1.082952334687e-10       2.720504518991e-12      -8.987400899534e-12       0.000000000000e+00       1.617573469004e-15       5.664711355701e-16      -6.464399146469e-17 
 1387       1.085290853810e-10       2.691487295937e-12      -8.956095548915e-12       0.000000000000e+00       1.612985029677e-15       5.665217608386e-16      -6.393239104947e-17 
 1388       1.087596001579e-10       2.662554015438e-12      -8.922689098437e-12       0.000000000000e+00       1.608412466305e-15       5.664667045346e-16      -6.321691557430e-17 
 1389       1.089866723723e-10       2.633713078656e-12      -8.887207137055e-12       0.000000000000e+00       1.603855730351e-15       5.663086132388e-16      -6.249767528982e-17 
 1390       1.092101960570e-10       2.604972932438e-12      -8.849675438922e-12       0.000000000000e+00       1.599314772485e-15       5.660501507323e-16      -6.177478112635e-17 
 1391       1.094300647040e-10       2.576342069405e-12      -8.810119963746e-12       0.000000000000e+00       1.594789542583e-15       5.656939980280e-16      -6.104834469519e-17 
 1392       1.096461712633e-10       2.547829028026e-12      -8.768566857146e-12       0.000000000000e+00       1.590279989721e-15       5.652428534030e-16      -6.031847828981e-17 
 1393       1.098584081421e-10       2.519442392701e-12      -8.725042451006e-12       0.000000000000e+00       1.585786062181e-15       5.646994324307e-16      -5.958529488715e-17 
 1394       1.100666672040e-10       2.491190793838e-12      -8.679573263829e-12       0.000000000000e+00       1.581307707443e-15       5.640664680127e-16      -5.884890814878e-17 
 1395       1.102708397678e-10       2.463082907938e-12      -8.632186001094e-12       0.000000000000e+00       1.576844872182e-15       5.633467104112e-16      -5.810943242222e-17 
 1396       1.104708166068e-10       2.435127457672e-12      -8.582907555613e-12       0.000000000000e+00       1.572397502273e-15       5.625429272808e-16      -5.736698274211e-17 
 1397       1.106664879477e-10       2.407333211963e-12      -8.531765007882e-12       0.000000000000e+00       1.567965542784e-15       5.616579037009e-16      -5.662167483153e-17 
 1398       1.108577434698e-10       2.379708986063e-12      -8.478785626439e-12       0.000000000000e+00       1.563548937974e-15       5.606944422075e-16      -5.587362510315e-17 
 1399       1.110444723040e-10       2.352263641637e-12      -8.423996868220e-12       0.000000000000e+00       1.559147631294e-15       5.596553628255e-16      -5.512295066055e-17 
 1400       1.112265630320e-10       2.325006086841e-12      -8.367426378911e-12       0.000000000000e+00       1.554761565385e-15       5.585435031007e-16      -5.436976929942e-17 
 1401       1.114039036851e-10       2.297945276403e-12      -8.309101993308e-12       0.000000000000e+00       1.550390682071e-15       5.573617181320e-16      -5.361419950880e-17 
 1402       1.115763817435e-10       2.271090211704e-12      -8.249051735668e-12       0.000000000000e+00       1.546034922365e-15       5.561128806035e-16      -5.285636047233e-17 
 1403       1.117438841353e-10       2.244449940854e-12      -8.187303820067e-12       0.000000000000e+00       1.541694226463e-15       5.547998808162e-16      -5.209637206951e-17 
 1404       1.119062972356e-10       2.218033558779e-12      -8.123886650752e-12       0.000000000000e+00       1.537368533740e-15       5.534256267210e-16      -5.133435487688e-17 
 1405       1.120635068654e-10       2.191850207295e-12      -8.058828822502e-12       0.000000000000e+00       1.533057782753e-15       5.519930439497e-16      -5.057043016935e-17 
 1406       1.122153982911e-10       2.165909075193e-12      -7.992159120978e-12       0.000000000000e+00       1.528761911237e-15       5.505050758480e-16      -4.980471992135e-17 
 1407       1.123618562229e-10       2.140219398316e-12      -7.923906523080e-12       0.000000000000e+00       1.524480856102e-15       5.489646835071e-16      -4.903734680814e-17 
 1408       1.125027648145e-10       2.114790459639e-12      -7.854100197302e-12       0.000000000000e+00       1.520214553434e-15       5.473748457960e-16      -4.826843420701e-17 
 1409       1.126380076619e-10       2.089631589352e-12      -7.782769504090e-12       0.000000000000e+00       1.515962938488e-15       5.457385593934e-16      -4.749810619853e-17 
 1410       1.127674678025e-10       2.064752164938e-12      -7.709943996193e-12       0.000000000000e+00       1.511725945694e-15       5.440588388201e-16      -4.672648756781e-17 
 1411       1.128910277140e-10       2.040161611254e-12      -7.635653419021e-12       0.000000000000e+00       1.507503508649e-15       5.423387164709e-16      -4.595370380570e-17 
 1412       1.130085693137e-10       2.015869400611e-12      -7.559927710999e-12       0.000000000000e+00       1.503295560117e-15       5.405812426467e-16      -4.517988111009e-17 
 1413       1.131199739577e-10       1.991885052855e-12      -7.482797003923e-12       0.000000000000e+00       1.499102032027e-15       5.387894855867e-16      -4.440514638708e-17 
 1414       1.132251224395e-10       1.968218135445e-12      -7.404291623317e-12       0.000000000000e+00       1.494922855472e-15       5.369665315004e-16      -4.362962725229e-17 
 1415       1.133238949895e-10       1.944878263535e-12      -7.324442088784e-12       0.000000000000e+00       1.490757960706e-15       5.351154845998e-16      -4.285345203204e-17 
 1416       1.134161712738e-10       1.921875100054e-12      -7.243279114365e-12       0.000000000000e+00       1.486607277145e-15       5.332394671313e-16      -4.207674976462e-17 
 1417       1.135018303934e-10       1.899218355787e-12      -7.160833608892e-12       0.000000000000e+00       1.482470733361e-15       5.313416194080e-16      -4.129965020156e-17 
 1418       1.135807508834e-10       1.876917789453e-12      -7.077136676347e-12       0.000000000000e+00       1.478348257083e-15       5.294250998420e-16      -4.052228380881e-17 
 1419       1.136528107117e-10       1.854983207786e-12      -6.992219616211e-12       0.000000000000e+00       1.474239775193e-15       5.274930849758e-16      -3.974478176801e-17 
 1420       1.137178872784e-10       1.833424465618e-12      -6.906113923825e-12       0.000000000000e+00       1.470145213729e-15       5.255487695152e-16      -3.896727597775e-17 
 1421       1.137758574147e-10       1.812251465954e-12      -6.818851290744e-12       0.000000000000e+00       1.466064497875e-15       5.235953663608e-16      -3.818989905477e-17 
 1422       1.138265973821e-10       1.791474160058e-12      -6.730463605090e-12       0.000000000000e+00       1.461997551969e-15       5.216361066405e-16      -3.741278433524e-17 
 1423       1.138699828715e-10       1.771102547527e-12      -6.640982951908e-12       0.000000000000e+00       1.457944299493e-15       5.196742397414e-16      -3.663606587596e-17 
 1424       1.139059102329e-10       1.751145348491e-12      -6.550442154555e-12       0.000000000000e+00       1.453904669787e-15       5.177125164196e-16      -3.585986608295e-17 
 1425       1.139343604070e-10       1.731606005111e-12      -6.458876404226e-12       0.000000000000e+00       1.449878618263e-15       5.157516322572e-16      -3.508425845549e-17 
 1426       1.139553356486e-10       1.712486639173e-12      -6.366321647867e-12       0.000000000000e+00       1.445866106393e-15       5.137917682833e-16      -3.430930446191e-17 
 1427       1.139688383555e-10       1.693789376250e-12      -6.272814049052e-12       0.000000000000e+00       1.441867095014e-15       5.118331064476e-16      -3.353506587805e-17 
 1428       1.139748710687e-10       1.675516345704e-12      -6.178389988368e-12       0.000000000000e+00       1.437881544332e-15       5.098758296219e-16      -3.276160478783e-17 
 1429       1.139734364729e-10       1.657669680687e-12      -6.083086063804e-12       0.000000000000e+00       1.433909413915e-15       5.079201216014e-16      -3.198898358369e-17 
 1430       1.139645373969e-10       1.640251518143e-12      -5.986939091138e-12       0.000000000000e+00       1.429950662694e-15       5.059661671066e-16      -3.121726496714e-17 
 1431       1.139481768136e-10       1.623263998810e-12      -5.889986104323e-12       0.000000000000e+00       1.426005248960e-15       5.040141517844e-16      -3.044651194927e-17 
 1432       1.139243578407e-10       1.606709267221e-12      -5.792264355874e-12       0.000000000000e+00       1.422073130366e-15       5.020642622099e-16      -2.967678785124e-17 
 1433       1.138930837406e-10       1.590589471705e-12      -5.693811317260e-12       0.000000000000e+00       1.418154263921e-15       5.001166858880e-16      -2.890815630479e-17 
 1434       1.138543579212e-10       1.574906764391e-12      -5.594664679285e-12       0.000000000000e+00       1.414248605992e-15       4.981716112547e-16      -2.814068125276e-17 
 1435       1.138081839359e-10       1.559663301209e-12      -5.494862352477e-12       0.000000000000e+00       1.410356112303e-15       4.962292276789e-16      -2.737442694960e-17 
 1436       1.137545654840e-10       1.544861241889e-12      -5.394442467480e-12       0.000000000000e+00       1.406476737929e-15       4.942897254635e-16      -2.660945796187e-17 
 1437       1.136935064110e-10       1.530502749967e-12      -5.293443375434e-12       0.000000000000e+00       1.402610437299e-15       4.923532958475e-16      -2.584583916877e-17 
 1438       1.136250107092e-10       1.516589992782e-12      -5.191903648368e-12       0.000000000000e+00       1.398757164195e-15       4.904201310070e-16      -2.508363576260e-17 
 1439       1.135490825174e-10       1.503125141481e-12      -5.089862079584e-12       0.000000000000e+00       1.394916871746e-15       4.884904240572e-16      -2.432291324932e-17 
 1440       1.134657261220e-10       1.490110371021e-12      -4.987357684046e-12       0.000000000000e+00       1.391089512432e-15       4.865643690536e-16      -2.356373744905e-17 
 1441       1.133749459568e-10       1.477547860168e-12      -4.884429698767e-12       0.000000000000e+00       1.387275038077e-15       4.846421609935e-16      -2.280617449655e-17 
 1442       1.132767466034e-10       1.465439791500e-12      -4.781117583194e-12       0.000000000000e+00       1.383473399854e-15       4.827239958178e-16      -2.205029084175e-17 
 1443       1.131711327917e-10       1.453788351409e-12      -4.677461019600e-12       0.000000000000e+00       1.379684548278e-15       4.808100704125e-16      -2.129615325026e-17 
 1444       1.130581094001e-10       1.442595730104e-12      -4.573499913468e-12       0.000000000000e+00       1.375908433208e-15       4.789005826099e-16      -2.054382880390e-17 
 1445       1.129376814557e-10       1.431864121610e-12      -4.469274393876e-12       0.000000000000e+00       1.372145003843e-15       4.769957311904e-16      -1.979338490114e-17 
 1446       1.128098541351e-10       1.421595723768e-12      -4.364824813891e-12       0.000000000000e+00       1.368394208723e-15       4.750957158841e-16      -1.904488925768e-17 
 1447       1.126746327640e-10       1.411792738245e-12      -4.260191750950e-12       0.000000000000e+00       1.364655995727e-15       4.732007373722e-16      -1.829840990694e-17 
 1448       1.125320228182e-10       1.402457370526e-12      -4.155416007250e-12       0.000000000000e+00       1.360930312069e-15       4.713109972885e-16      -1.755401520055e-17 
 1449       1.123820299237e-10       1.393591829921e-12      -4.050538610137e-12       0.000000000000e+00       1.357217104302e-15       4.694266982210e-16      -1.681177380886e-17 
 1450       1.122246598566e-10       1.385198329565e-12      -3.945600812488e-12       0.000000000000e+00       1.353516318310e-15       4.675480437133e-16      -1.607175472149e-17 
 1451       1.120599185443e-10       1.377279086422e-12      -3.840644093103e-12       0.000000000000e+00       1.349827899312e-15       4.656752382665e-16      -1.533402724777e-17 
 1452       1.118878120649e-10       1.369836321284e-12      -3.735710157092e-12       0.000000000000e+00       1.346151791859e-15       4.638084873402e-16      -1.459866101732e-17 
 1453       1.117083466481e-10       1.362872258771e-12      -3.630840936259e-12       0.000000000000e+00       1.342487939829e-15       4.619479973544e-16      -1.386572598052e-17 
 1454       1.115215286755e-10       1.356389127340e-12      -3.526078589493e-12       0.000000000000e+00       1.338836286432e-15       4.600939756911e-16      -1.313529240901e-17 
 1455       1.113273646807e-10       1.350389159278e-12      -3.421465503153e-12       0.000000000000e+00       1.335196774204e-15       4.582466306954e-16      -1.240743089623e-17 
 1456       1.111258613497e-10       1.344874590709e-12      -3.317044291457e-12       0.000000000000e+00       1.331569345007e-15       4.564061716775e-16      -1.168221235791e-17 
 1457       1.109170255212e-10       1.339847661594e-12      -3.212857796865e-12       0.000000000000e+00       1.327953940026e-15       4.545728089138e-16      -1.095970803257e-17 
 1458       1.107008641871e-10       1.335310615733e-12      -3.108949090474e-12       0.000000000000e+00       1.324350499771e-15       4.527467536490e-16      -1.023998948207e-17 
 1459       1.104773844928e-10       1.331265700767e-12      -3.005361472398e-12       0.000000000000e+00       1.320758964073e-15       4.509282180970e-16      -9.523128592067e-18 
 1460       1.102465937370e-10       1.327715168180e-12      -2.902138472158e-12       0.000000000000e+00       1.317179272083e-15       4.491174154429e-16      -8.809197572549e-18 
 1461       1.100084993730e-10       1.324661273297e-12      -2.799323849071e-12       0.000000000000e+00       1.313611362271e-15       4.473145598442e-16      -8.098268958350e-18 
 1462       1.097631090081e-10       1.322106275291e-12      -2.696961592633e-12       0.000000000000e+00       1.310055172424e-15       4.455198664325e-16      -7.390415609647e-18 
 1463       1.095104445428e-10       1.320051302383e-12      -2.595092777951e-12       0.000000000000e+00       1.306510644923e-15       4.437332929533e-16      -6.685711468080e-18 
 1464       1.092505847406e-10       1.318492935030e-12      -2.493746096843e-12       0.000000000000e+00       1.302977742630e-15       4.419537618557e-16      -5.984233832332e-18 
 1465       1.089836230844e-10       1.317426588584e-12      -2.392947232843e-12       0.000000000000e+00       1.299456433159e-15       4.401799304288e-16      -5.286061106309e-18 
 1466       1.087096536776e-10       1.316847644927e-12      -2.292721997789e-12       0.000000000000e+00       1.295946683607e-15       4.384104484452e-16      -4.591272046150e-18 
 1467       1.084287712454e-10       1.316751452410e-12      -2.193096332026e-12       0.000000000000e+00       1.292448460557e-15       4.366439581476e-16      -3.899945760779e-18 
 1468       1.081410711359e-10       1.317133325794e-12      -2.094096304625e-12       0.000000000000e+00       1.288961730072e-15       4.348790942360e-16      -3.212161712456e-18 
 1469       1.078466493215e-10       1.317988546182e-12      -1.995748113587e-12       0.000000000000e+00       1.285486457701e-15       4.331144838551e-16      -2.527999717327e-18 
 1470       1.075456023992e-10       1.319312360964e-12      -1.898078086060e-12       0.000000000000e+00       1.282022608470e-15       4.313487465809e-16      -1.847539945978e-18 
 1471       1.072380275927e-10       1.321099983750e-12      -1.801112678547e-12       0.000000000000e+00       1.278570146888e-15       4.295804944081e-16      -1.170862923984e-18 
 1472       1.069240227528e-10       1.323346594311e-12      -1.704878477115e-12       0.000000000000e+00       1.275129036941e-15       4.278083317368e-16      -4.980495324632e-19 
 1473       1.066036863590e-10       1.326047338515e-12      -1.609402197613e-12       0.000000000000e+00       1.271699242091e-15       4.260308553599e-16       1.708189913767e-19 
 1474       1.062771175201e-10       1.329197328266e-12      -1.514710685876e-12       0.000000000000e+00       1.268280725280e-15       4.242466544500e-16       8.356610536824e-19 
 1475       1.059444159759e-10       1.332791641444e-12      -1.420830917939e-12       0.000000000000e+00       1.264873448923e-15       4.224543105466e-16       1.496394703406e-18 
 1476       1.056056820979e-10       1.336825321840e-12      -1.327790000249e-12       0.000000000000e+00       1.261477374908e-15       4.206523975427e-16       2.152937631753e-18 
 1477       1.052610168905e-10       1.341293379096e-12      -1.235615169874e-12       0.000000000000e+00       1.258092464598e-15       4.188394816724e-16       2.805207171631e-18 
 1478       1.049105219924e-10       1.346190788641e-12      -1.144333794715e-12       0.000000000000e+00       1.254718678828e-15       4.170141214978e-16       3.453120297099e-18 
 1479       1.045542996773e-10       1.351512491632e-12      -1.053973373719e-12       0.000000000000e+00       1.251355977902e-15       4.151748678959e-16       4.096593622816e-18 
 1480       1.041924528552e-10       1.357253394891e-12      -9.645615370863e-13       0.000000000000e+00       1.248004321596e-15       4.133202640457e-16       4.735543403489e-18 
 1481       1.038250850735e-10       1.363408370842e-12      -8.761260464839e-13       0.000000000000e+00       1.244663669152e-15       4.114488454155e-16       5.369885533321e-18 
 1482       1.034523005183e-10       1.369972257451e-12      -7.886947952568e-13       0.000000000000e+00       1.241333979281e-15       4.095591397494e-16       5.999535545463e-18 
 1483       1.030742040152e-10       1.376939858161e-12      -7.022958086381e-13       0.000000000000e+00       1.238015210161e-15       4.076496670552e-16       6.624408611459e-18 
 1484       1.026909010307e-10       1.384305941833e-12      -6.169572439605e-13       0.000000000000e+00       1.234707319434e-15       4.057189395906e-16       7.244419540696e-18 
 1485       1.023024976731e-10       1.392065242685e-12      -5.327073908677e-13       0.000000000000e+00       1.231410264205e-15       4.037654618508e-16       7.859482779854e-18 
 1486       1.019091006937e-10       1.400212460227e-12      -4.495746715247e-13       0.000000000000e+00       1.228124001045e-15       4.017877305552e-16       8.469512412352e-18 
 1487       1.015108174880e-10       1.408742259198e-12      -3.675876408296e-13       0.000000000000e+00       1.224848485984e-15       3.997842346350e-16       9.074422157800e-18 
 1488       1.011077560967e-10       1.417649269511e-12      -2.867749866243e-13       0.000000000000e+00       1.221583674515e-15       3.977534552196e-16       9.674125371444e-18 
 1489       1.007000252069e-10       1.426928086183e-12      -2.071655299057e-13       0.000000000000e+00       1.218329521588e-15       3.956938656240e-16       1.026853504362e-17 
 1490       1.002877341531e-10       1.436573269279e-12      -1.287882250369e-13       0.000000000000e+00       1.215085981615e-15       3.936039313359e-16       1.085756379919e-17 
 1491       9.987099291849e-11       1.446579343846e-12      -5.167215995797e-14       0.000000000000e+00       1.211853008462e-15       3.914821100025e-16       1.144112389702e-17 
 1492       9.944991213596e-11       1.456940799855e-12       2.415344360271e-14       0.000000000000e+00       1.208630555453e-15       3.893268514180e-16       1.201912722939e-17 
 1493       9.902460308918e-11       1.467652092134e-12       9.865922991743e-14       0.000000000000e+00       1.205418575367e-15       3.871365975101e-16       1.259148532146e-17 
 1494       9.859517771381e-11       1.478707640312e-12       1.718157090481e-13       0.000000000000e+00       1.202217020438e-15       3.849097823275e-16       1.315810933073e-17 
 1495       9.816174859857e-11       1.490101828752e-12       2.435932566351e-13       0.000000000000e+00       1.199025842350e-15       3.826448320266e-16       1.371891004649e-17 
 1496       9.772442898637e-11       1.501829006494e-12       3.139621136864e-13       0.000000000000e+00       1.195844992241e-15       3.803401648591e-16       1.427379788922e-17 
 1497       9.728333277541e-11       1.513883487187e-12       3.828923863662e-13       0.000000000000e+00       1.192674420700e-15       3.779941911583e-16       1.482268291012e-17 
 1498       9.683857452032e-11       1.526259549033e-12       4.503540457839e-13       0.000000000000e+00       1.189514077765e-15       3.756053133269e-16       1.536547479049e-17 
 1499       9.639026943327e-11       1.538951434721e-12       5.163169277833e-13       0.000000000000e+00       1.186363912923e-15       3.731719258234e-16       1.590208284120e-17 
 1500       9.593853338509e-11       1.551953351368e-12       5.807507327312e-13       0.000000000000e+00       1.183223875106e-15       3.706924151496e-16       1.643241600216e-17 
 1501       9.548348290637e-11       1.565259470455e-12       6.436250253064e-13       0.000000000000e+00       1.180093912695e-15       3.681651598376e-16       1.695638284174e-17 
 1502       9.502523561208e-11       1.578863589809e-12       7.049138786051e-13       0.000000000000e+00       1.176973977827e-15       3.655891094594e-16       1.747391499569e-17 
 1503       9.456391147764e-11       1.592758116070e-12       7.646098563526e-13       0.000000000000e+00       1.173864039378e-15       3.629655278500e-16       1.798503773464e-17 
 1504       9.409963157746e-11       1.606935072189e-12       8.227101664319e-13       0.000000000000e+00       1.170764070104e-15       3.602962668342e-16       1.848980008272e-17 
 1505       9.363251766381e-11       1.621386434412e-12       8.792120289601e-13       0.000000000000e+00       1.167674042343e-15       3.575831887624e-16       1.898825144109e-17 
 1506       9.316269216785e-11       1.636104132195e-12       9.341126763233e-13       0.000000000000e+00       1.164593928010e-15       3.548281665287e-16       1.948044158873e-17 
 1507       9.269027820089e-11       1.651080048127e-12       9.874093532128e-13       0.000000000000e+00       1.161523698600e-15       3.520330835882e-16       1.996642068306e-17 
 1508       9.221539955541e-11       1.666306017849e-12       1.039099316661e-12       0.000000000000e+00       1.158463325184e-15       3.491998339752e-16       2.044623926065e-17 
 1509       9.173818070630e-11       1.681773829973e-12       1.089179836077e-12       0.000000000000e+00       1.155412778408e-15       3.463303223207e-16       2.091994823792e-17 
 1510       9.125874681195e-11       1.697475226005e-12       1.137648193282e-12       0.000000000000e+00       1.152372028498e-15       3.434264638709e-16       2.138759891187e-17 
 1511       9.077722371537e-11       1.713401900264e-12       1.184501682546e-12       0.000000000000e+00       1.149341045249e-15       3.404901845043e-16       2.184924296071e-17 
 1512       9.029373794541e-11       1.729545499800e-12       1.229737610623e-12       0.000000000000e+00       1.146319798033e-15       3.375234207497e-16       2.230493244459e-17 
 1513       8.980841671780e-11       1.745897624317e-12       1.273353296787e-12       0.000000000000e+00       1.143308255795e-15       3.345281198046e-16       2.275471980630e-17 
 1514       8.932138793637e-11       1.762449826092e-12       1.315346072867e-12       0.000000000000e+00       1.140306387050e-15       3.315062395522e-16       2.319865787196e-17 
 1515       8.883278019415e-11       1.779193609895e-12       1.355713283285e-12       0.000000000000e+00       1.137314159885e-15       3.284597485797e-16       2.363679985170e-17 
 1516       8.834272277452e-11       1.796120432908e-12       1.394452285088e-12       0.000000000000e+00       1.134331541957e-15       3.253906261963e-16       2.406919934037e-17 
 1517       8.785134565233e-11       1.813221704648e-12       1.431560447988e-12       0.000000000000e+00       1.131358500494e-15       3.223008624506e-16       2.449591031822e-17 
 1518       8.735877949510e-11       1.830488786886e-12       1.467035154396e-12       0.000000000000e+00       1.128395002289e-15       3.191924581487e-16       2.491698715162e-17 
 1519       8.686515566409e-11       1.847912993564e-12       1.500873799456e-12       0.000000000000e+00       1.125441013705e-15       3.160674248720e-16       2.533248459373e-17 
 1520       8.637060621546e-11       1.865485590721e-12       1.533073791084e-12       0.000000000000e+00       1.122496500670e-15       3.129277849948e-16       2.574245778521e-17 
 1521       8.587526390145e-11       1.883197796408e-12       1.563632550000e-12       0.000000000000e+00       1.119561428680e-15       3.097755717026e-16       2.614696225489e-17 
 1522       8.537926217147e-11       1.901040780610e-12       1.592547509770e-12       0.000000000000e+00       1.116635762793e-15       3.066128290097e-16       2.654605392051e-17 
 1523       8.488273517327e-11       1.919005665166e-12       1.619816116833e-12       0.000000000000e+00       1.113719467633e-15       3.034416117767e-16       2.693978908937e-17 
 1524       8.438581775405e-11       1.937083523692e-12       1.645435830545e-12       0.000000000000e+00       1.110812507386e-15       3.002639857289e-16       2.732822445905e-17 
 1525       8.388864546164e-11       1.955265381494e-12       1.669404123210e-12       0.000000000000e+00       1.107914845800e-15       2.970820274739e-16       2.771141711809e-17 
 1526       8.339135454561e-11       1.973542215497e-12       1.691718480119e-12       0.000000000000e+00       1.105026446185e-15       2.938978245191e-16       2.808942454669e-17 
 1527       8.289408195842e-11       1.991904954158e-12       1.712376399581e-12       0.000000000000e+00       1.102147271412e-15       2.907134752903e-16       2.846230461741e-17 
 1528       8.239696535657e-11       2.010344477390e-12       1.731375392964e-12       0.000000000000e+00       1.099277283909e-15       2.875310891488e-16       2.883011559587e-17 
 1529       8.190014310172e-11       2.028851616479e-12       1.748712984728e-12       0.000000000000e+00       1.096416445665e-15       2.843527864094e-16       2.919291614143e-17 
 1530       8.140375426184e-11       2.047417154010e-12       1.764386712461e-12       0.000000000000e+00       1.093564718225e-15       2.811806983587e-16       2.955076530788e-17 
 1531       8.090793861235e-11       2.066031823779e-12       1.778394126916e-12       0.000000000000e+00       1.090722062694e-15       2.780169672723e-16       2.990372254415e-17 
 1532       8.041283663726e-11       2.084686310721e-12       1.790732792045e-12       0.000000000000e+00       1.087888439728e-15       2.748637464330e-16       3.025184769501e-17 
 1533       7.991858953031e-11       2.103371250824e-12       1.801400285036e-12       0.000000000000e+00       1.085063809542e-15       2.717232001486e-16       3.059520100174e-17 
 1534       7.942533919612e-11       2.122077231052e-12       1.810394196348e-12       0.000000000000e+00       1.082248131904e-15       2.685975037697e-16       3.093384310284e-17 
 1535       7.893322825131e-11       2.140794789266e-12       1.817712129749e-12       0.000000000000e+00       1.079441366135e-15       2.654888437075e-16       3.126783503473e-17 
 1536       7.844240002565e-11       2.159514414143e-12       1.823351702349e-12       0.000000000000e+00       1.076643471108e-15       2.623994174514e-16       3.159723823244e-17 
 1537       7.795299856320e-11       2.178226545094e-12       1.827310544637e-12       0.000000000000e+00       1.073854405249e-15       2.593314335876e-16       3.192211453030e-17 
 1538       7.746516862346e-11       2.196921572189e-12       1.829586300516e-12       0.000000000000e+00       1.071074126533e-15       2.562871118160e-16       3.224252616262e-17 
 1539       7.697905568249e-11       2.215589836071e-12       1.830176627341e-12       0.000000000000e+00       1.068302592485e-15       2.532686829686e-16       3.255853576444e-17 
 1540       7.649480593406e-11       2.234221627883e-12       1.829079195952e-12       0.000000000000e+00       1.065539760180e-15       2.502783890273e-16       3.287020637214e-17 
 1541       7.601255498712e-11       2.252807737768e-12       1.826295115702e-12       0.000000000000e+00       1.062785589745e-15       2.473180882790e-16       3.317758650034e-17 
 1542       7.553239383850e-11       2.271341106247e-12       1.821839245028e-12       0.000000000000e+00       1.060040054903e-15       2.443880666466e-16       3.348066521595e-17 
 1543       7.505440257949e-11       2.289815188359e-12       1.815729978822e-12       0.000000000000e+00       1.057303132532e-15       2.414882151106e-16       3.377941663902e-17 
 1544       7.457866167074e-11       2.308223406447e-12       1.807985832530e-12       0.000000000000e+00       1.054574799161e-15       2.386184235450e-16       3.407381482782e-17 
 1545       7.410525194285e-11       2.326559150106e-12       1.798625442365e-12       0.000000000000e+00       1.051855030975e-15       2.357785807157e-16       3.436383377887e-17 
 1546       7.363425459694e-11       2.344815776128e-12       1.787667565509e-12       0.000000000000e+00       1.049143803812e-15       2.329685742782e-16       3.464944742677e-17 
 1547       7.316575120522e-11       2.362986608456e-12       1.775131080330e-12       0.000000000000e+00       1.046441093161e-15       2.301882907753e-16       3.493062964422e-17 
 1548       7.269982371155e-11       2.381064938122e-12       1.761034986582e-12       0.000000000000e+00       1.043746874166e-15       2.274376156354e-16       3.520735424194e-17 
 1549       7.223655443200e-11       2.399044023207e-12       1.745398405620e-12       0.000000000000e+00       1.041061121618e-15       2.247164331701e-16       3.547959496859e-17 
 1550       7.177602605546e-11       2.416917088777e-12       1.728240580608e-12       0.000000000000e+00       1.038383809962e-15       2.220246265719e-16       3.574732551076e-17 
 1551       7.131832164417e-11       2.434677326840e-12       1.709580876724e-12       0.000000000000e+00       1.035714913291e-15       2.193620779128e-16       3.601051949283e-17 
 1552       7.086352463428e-11       2.452317896288e-12       1.689438781374e-12       0.000000000000e+00       1.033054405347e-15       2.167286681415e-16       3.626915047699e-17 
 1553       7.041171883647e-11       2.469831922849e-12       1.667833904396e-12       0.000000000000e+00       1.030402259521e-15       2.141242770815e-16       3.652319196317e-17 
 1554       6.996298843649e-11       2.487212499031e-12       1.644785978271e-12       0.000000000000e+00       1.027758448851e-15       2.115487834291e-16       3.677261738891e-17 
 1555       6.951741799570e-11       2.504452684073e-12       1.620314858334e-12       0.000000000000e+00       1.025122946023e-15       2.090020647512e-16       3.701740012940e-17 
 1556       6.907509245170e-11       2.521545503890e-12       1.594440522977e-12       0.000000000000e+00       1.022495723367e-15       2.064839974835e-16       3.725751349735e-17 
 1557       6.863609711885e-11       2.538483951024e-12       1.567183073863e-12       0.000000000000e+00       1.019876752861e-15       2.039944569276e-16       3.749293074297e-17 
 1558       6.820051768885e-11       2.555260984589e-12       1.538562736132e-12       0.000000000000e+00       1.017266006126e-15       2.015333172498e-16       3.772362505386e-17 
 1559       6.776844023135e-11       2.571869530221e-12       1.508599858612e-12       0.000000000000e+00       1.014663454427e-15       1.991004514786e-16       3.794956955504e-17 
 1560       6.733995119444e-11       2.588302480024e-12       1.477314914026e-12       0.000000000000e+00       1.012069068673e-15       1.966957315023e-16       3.817073730880e-17 
 1561       6.691513740529e-11       2.604552692518e-12       1.444728499198e-12       0.000000000000e+00       1.009482819416e-15       1.943190280675e-16       3.838710131468e-17 
 1562       6.649408607070e-11       2.620612992591e-12       1.410861335271e-12       0.000000000000e+00       1.006904676849e-15       1.919702107766e-16       3.859863450943e-17 
 1563       6.607688477764e-11       2.636476171439e-12       1.375734267903e-12       0.000000000000e+00       1.004334610807e-15       1.896491480857e-16       3.880530976692e-17 
 1564       6.566362149387e-11       2.652134986522e-12       1.339368267487e-12       0.000000000000e+00       1.001772590764e-15       1.873557073027e-16       3.900709989808e-17 
 1565       6.525438456845e-11       2.667582161504e-12       1.301784429353e-12       0.000000000000e+00       9.992185858366e-16       1.850897545849e-16       3.920397765088e-17 
 1566       6.484926273236e-11       2.682810386209e-12       1.263003973981e-12       0.000000000000e+00       9.966725647775e-16       1.828511549372e-16       3.939591571021e-17 
 1567       6.444834509904e-11       2.697812316561e-12       1.223048247204e-12       0.000000000000e+00       9.941344959793e-16       1.806397722098e-16       3.958288669788e-17 
 1568       6.405172116499e-11       2.712580574539e-12       1.181938720424e-12       0.000000000000e+00       9.916043474719e-16       1.784554690962e-16       3.976486317253e-17 
 1569       6.365948081029e-11       2.727107748120e-12       1.139696990816e-12       0.000000000000e+00       9.890820869221e-16       1.762981071309e-16       3.994181762956e-17 
 1570       6.327171429921e-11       2.741386391227e-12       1.096344781537e-12       0.000000000000e+00       9.865676816332e-16       1.741675466877e-16       4.011372250112e-17 
 1571       6.288851228078e-11       2.755409023679e-12       1.051903941936e-12       0.000000000000e+00       9.840610985437e-16       1.720636469771e-16       4.028055015599e-17 
 1572       6.250996578931e-11       2.769168131139e-12       1.006396447763e-12       0.000000000000e+00       9.815623042270e-16       1.699862660444e-16       4.044227289956e-17 
 1573       6.213616624503e-11       2.782656165059e-12       9.598444013772e-13       0.000000000000e+00       9.790712648907e-16       1.679352607678e-16       4.059886297376e-17 
 1574       6.176720545460e-11       2.795865542631e-12       9.122700319556e-13       0.000000000000e+00       9.765879463757e-16       1.659104868560e-16       4.075029255700e-17 
 1575       6.140317561173e-11       2.808788646732e-12       8.636956957017e-13       0.000000000000e+00       9.741123141556e-16       1.639117988462e-16       4.089653376411e-17 
 1576       6.104416929770e-11       2.821417825875e-12       8.141438760544e-13       0.000000000000e+00       9.716443333360e-16       1.619390501021e-16       4.103755864630e-17 
 1577       6.069027948196e-11       2.833745394154e-12       7.636371838970e-13       0.000000000000e+00       9.691839686536e-16       1.599920928115e-16       4.117333919105e-17 
 1578       6.034159952268e-11       2.845763631192e-12       7.121983577658e-13       0.000000000000e+00       9.667311844759e-16       1.580707779846e-16       4.130384732213e-17 
 1579       5.999822316735e-11       2.857464782092e-12       6.598502640585e-13       0.000000000000e+00       9.642859448001e-16       1.561749554515e-16       4.142905489946e-17 
 1580       5.966022951557e-11       2.868842077721e-12       6.066164342257e-13       0.000000000000e+00       9.618482161265e-16       1.543043741308e-16       4.154894317193e-17 
 1581       5.932763775410e-11       2.879892806010e-12       5.525226813631e-13       0.000000000000e+00       9.594179761089e-16       1.524583818289e-16       4.166353123157e-17 
 1582       5.900045200388e-11       2.890615268990e-12       4.975954990022e-13       0.000000000000e+00       9.569952049830e-16       1.506362226569e-16       4.177284782268e-17 
 1583       5.867867631956e-11       2.901007765025e-12       4.418615257204e-13       0.000000000000e+00       9.545798826988e-16       1.488371365013e-16       4.187692191332e-17 
 1584       5.836231468936e-11       2.911068588812e-12       3.853475453761e-13       0.000000000000e+00       9.521719889205e-16       1.470603590166e-16       4.197578269572e-17 
 1585       5.805137103492e-11       2.920796031377e-12       3.280804873431e-13       0.000000000000e+00       9.497715030256e-16       1.453051216189e-16       4.206945958665e-17 
 1586       5.774584921114e-11       2.930188380074e-12       2.700874267449e-13       0.000000000000e+00       9.473784041041e-16       1.435706514786e-16       4.215798222784e-17 
 1587       5.744575300603e-11       2.939243918576e-12       2.113955846895e-13       0.000000000000e+00       9.449926709585e-16       1.418561715140e-16       4.224138048634e-17 
 1588       5.715108614056e-11       2.947960926878e-12       1.520323285039e-13       0.000000000000e+00       9.426142821029e-16       1.401609003837e-16       4.231968445495e-17 
 1589       5.686185226851e-11       2.956337681293e-12       9.202517196864e-14       0.000000000000e+00       9.402432157625e-16       1.384840524806e-16       4.239292445260e-17 
 1590       5.657805497630e-11       2.964372454444e-12       3.140177555234e-14       0.000000000000e+00       9.378794498728e-16       1.368248379240e-16       4.246113102475e-17 
 1591       5.629969778285e-11       2.972063515265e-12      -2.981005335374e-14       0.000000000000e+00       9.355229620795e-16       1.351824625536e-16       4.252433494376e-17 
 1592       5.602678413942e-11       2.979409129001e-12      -9.158236020116e-14       0.000000000000e+00       9.331737297374e-16       1.335561279219e-16       4.258256720934e-17 
 1593       5.575931742947e-11       2.986407557195e-12      -1.538870430498e-13       0.000000000000e+00       9.308317299103e-16       1.319450312880e-16       4.263585904888e-17 
 1594       5.549730096849e-11       2.993057057694e-12      -2.166958523330e-13       0.000000000000e+00       9.284969393701e-16       1.303483656100e-16       4.268424191790e-17 
 1595       5.524073800386e-11       2.999355884644e-12      -2.799803906237e-13       0.000000000000e+00       9.261693345963e-16       1.287653195384e-16       4.272774750041e-17 
 1596       5.498963171469e-11       3.005302288483e-12      -3.437121123990e-13       0.000000000000e+00       9.238488917756e-16       1.271950774095e-16       4.276640770932e-17 
 1597       5.474398521167e-11       3.010894515940e-12      -4.078623238064e-13       0.000000000000e+00       9.215355868011e-16       1.256368192380e-16       4.280025468682e-17 
 1598       5.450380153691e-11       3.016130810035e-12      -4.724021824286e-13       0.000000000000e+00       9.192293952718e-16       1.240897207104e-16       4.282932080482e-17 
 1599       5.426908366379e-11       3.021009410070e-12      -5.373026970495e-13       0.000000000000e+00       9.169302924921e-16       1.225529531781e-16       4.285363866527e-17 
 1600       5.403983449683e-11       3.025528551632e-12      -6.025347274193e-13       0.000000000000e+00       9.146382534713e-16       1.210256836503e-16       4.287324110062e-17 
 1601       5.381605687148e-11       3.029686466583e-12      -6.680689840200e-13       0.000000000000e+00       9.123532529226e-16       1.195070747873e-16       4.288816117420e-17 
 1602       5.359775355403e-11       3.033481383065e-12      -7.338760278310e-13       0.000000000000e+00       9.100752652632e-16       1.179962848935e-16       4.289843218060e-17 
 1603       5.338492724143e-11       3.036911525488e-12      -7.999262700944e-13       0.000000000000e+00       9.078042646131e-16       1.164924679108e-16       4.290408764605e-17 
 1604       5.317758056111e-11       3.039975114535e-12      -8.661899720806e-13       0.000000000000e+00       9.055402247948e-16       1.149947734110e-16       4.290516132887e-17 
 1605       5.297571607088e-11       3.042670367153e-12      -9.326372448534e-13       0.000000000000e+00       9.032831193329e-16       1.135023465898e-16       4.290168721981e-17 
 1606       5.277933625874e-11       3.044995496553e-12      -9.992380490359e-13       0.000000000000e+00       9.010329214532e-16       1.120143282591e-16       4.289369954249e-17 
 1607       5.258844354273e-11       3.046948712205e-12      -1.065962194576e-12       0.000000000000e+00       8.987896040824e-16       1.105298548406e-16       4.288123275375e-17 
 1608       5.240304027079e-11       3.048528219837e-12      -1.132779340511e-12       0.000000000000e+00       8.965531398472e-16       1.090480583588e-16       4.286432154408e-17 
 1609       5.222312872061e-11       3.049732221429e-12      -1.199658994733e-12       0.000000000000e+00       8.943235010741e-16       1.075680664340e-16       4.284300083801e-17 
 1610       5.204871109944e-11       3.050558915213e-12      -1.266570513758e-12       0.000000000000e+00       8.921006597887e-16       1.060890022755e-16       4.281730579447e-17 
 1611       5.187978954400e-11       3.051006495668e-12      -1.333483102484e-12       0.000000000000e+00       8.898845877148e-16       1.046099846747e-16       4.278727180724e-17 
 1612       5.171636612025e-11       3.051073153517e-12      -1.400365813965e-12       0.000000000000e+00       8.876752562746e-16       1.031301279980e-16       4.275293450532e-17 
 1613       5.155844282331e-11       3.050757075722e-12      -1.467187549169e-12       0.000000000000e+00       8.854726365872e-16       1.016485421802e-16       4.271432975330e-17 
 1614       5.140602157726e-11       3.050056445487e-12      -1.533917056749e-12       0.000000000000e+00       8.832766994686e-16       1.001643327175e-16       4.267149365179e-17 
 1615       5.125910423501e-11       3.048969442246e-12      -1.600522932804e-12       0.000000000000e+00       8.810874154312e-16       9.867660066060e-17       4.262446253782e-17 
 1616       5.111769257812e-11       3.047494241668e-12      -1.666973620649e-12       0.000000000000e+00       8.789047546827e-16       9.718444260764e-17       4.257327298519e-17 
 1617       5.098178831668e-11       3.045629015650e-12      -1.733237410575e-12       0.000000000000e+00       8.767286871261e-16       9.568695069756e-17       4.251796180491e-17 
 1618       5.085139308915e-11       3.043371932313e-12      -1.799282439621e-12       0.000000000000e+00       8.745591823588e-16       9.418321260303e-17       4.245856604558e-17 
 1619       5.072649814834e-11       3.040722039942e-12      -1.865078884202e-12       0.000000000000e+00       8.723962120426e-16       9.267256375842e-17       4.239512180524e-17 
 1620       5.060705331788e-11       3.037681927543e-12      -1.930605560161e-12       0.000000000000e+00       8.702397570377e-16       9.115534654984e-17       4.232766065447e-17 
 1621       5.049299775498e-11       3.034255088319e-12      -1.995843381892e-12       0.000000000000e+00       8.680898003323e-16       8.963215797155e-17       4.225621318174e-17 
 1622       5.038427023811e-11       3.030445037953e-12      -2.060773174748e-12       0.000000000000e+00       8.659463246767e-16       8.810359801837e-17       4.218081017939e-17 
 1623       5.028080916646e-11       3.026255314637e-12      -2.125375674910e-12       0.000000000000e+00       8.638093125839e-16       8.657026969039e-17       4.210148264395e-17 
 1624       5.018255255925e-11       3.021689479117e-12      -2.189631529252e-12       0.000000000000e+00       8.616787463283e-16       8.503277899755e-17       4.201826177651e-17 
 1625       5.008943805514e-11       3.016751114726e-12      -2.253521295205e-12       0.000000000000e+00       8.595546079457e-16       8.349173496432e-17       4.193117898300e-17 
 1626       5.000140291159e-11       3.011443827424e-12      -2.317025440624e-12       0.000000000000e+00       8.574368792324e-16       8.194774963434e-17       4.184026587460e-17 
 1627       4.991838400424e-11       3.005771245832e-12      -2.380124343654e-12       0.000000000000e+00       8.553255417453e-16       8.040143807506e-17       4.174555426804e-17 
 1628       4.984031782629e-11       2.999737021271e-12      -2.442798292596e-12       0.000000000000e+00       8.532205768011e-16       7.885341838238e-17       4.164707618593e-17 
 1629       4.976714048785e-11       2.993344827801e-12      -2.505027485771e-12       0.000000000000e+00       8.511219654758e-16       7.730431168529e-17       4.154486385714e-17 
 1630       4.969878771536e-11       2.986598362256e-12      -2.566792031388e-12       0.000000000000e+00       8.490296886042e-16       7.575474215054e-17       4.143894971713e-17 
 1631       4.963519485092e-11       2.979501344282e-12      -2.628071947408e-12       0.000000000000e+00       8.469437267799e-16       7.420533698724e-17       4.132936640826e-17 
 1632       4.957629685169e-11       2.972057516374e-12      -2.688847161412e-12       0.000000000000e+00       8.448640603541e-16       7.265672645154e-17       4.121614678016e-17 
 1633       4.952202828926e-11       2.964270643914e-12      -2.749097510464e-12       0.000000000000e+00       8.427906694359e-16       7.110954385124e-17       4.109932389007e-17 
 1634       4.947232334903e-11       2.956144515207e-12      -2.808802740978e-12       0.000000000000e+00       8.407235338912e-16       6.956442555047e-17       4.097893100317e-17 
 1635       4.942711582956e-11       2.947682941521e-12      -2.867942508584e-12       0.000000000000e+00       8.386626333425e-16       6.802201097432e-17       4.085500159293e-17 
 1636       4.938633914197e-11       2.938889757121e-12      -2.926496377996e-12       0.000000000000e+00       8.366079471687e-16       6.648294261346e-17       4.072756934142e-17 
 1637       4.934992630933e-11       2.929768819307e-12      -2.984443822871e-12       0.000000000000e+00       8.345594545041e-16       6.494786602881e-17       4.059666813971e-17 
 1638       4.931780996599e-11       2.920324008455e-12      -3.041764225685e-12       0.000000000000e+00       8.325171342383e-16       6.341742985618e-17       4.046233208817e-17 
 1639       4.928992235697e-11       2.910559228048e-12      -3.098436877587e-12       0.000000000000e+00       8.304809650157e-16       6.189228581092e-17       4.032459549679e-17 
 1640       4.926619533738e-11       2.900478404720e-12      -3.154440978276e-12       0.000000000000e+00       8.284509252350e-16       6.037308869251e-17       4.018349288558e-17 
 1641       4.924656037173e-11       2.890085488286e-12      -3.209755635858e-12       0.000000000000e+00       8.264269930485e-16       5.886049638930e-17       4.003905898486e-17 
 1642       4.923094853333e-11       2.879384451788e-12      -3.264359866717e-12       0.000000000000e+00       8.244091463621e-16       5.735516988306e-17       3.989132873563e-17 
 1643       4.921929050369e-11       2.868379291523e-12      -3.318232595378e-12       0.000000000000e+00       8.223973628346e-16       5.585777325367e-17       3.974033728990e-17 
 1644       4.921151657185e-11       2.857074027087e-12      -3.371352654377e-12       0.000000000000e+00       8.203916198771e-16       5.436897368377e-17       3.958612001102e-17 
 1645       4.920755663379e-11       2.845472701412e-12      -3.423698784119e-12       0.000000000000e+00       8.183918946526e-16       5.288944146337e-17       3.942871247405e-17 
 1646       4.920734019180e-11       2.833579380797e-12      -3.475249632752e-12       0.000000000000e+00       8.163981640759e-16       5.141984999452e-17       3.926815046606e-17 
 1647       4.921079635383e-11       2.821398154954e-12      -3.525983756028e-12       0.000000000000e+00       8.144104048126e-16       4.996087579595e-17       3.910446998651e-17 
 1648       4.921785383289e-11       2.808933137038e-12      -3.575879617171e-12       0.000000000000e+00       8.124285932788e-16       4.851319850770e-17       3.893770724757e-17 
 1649       4.922844094643e-11       2.796188463689e-12      -3.624915586740e-12       0.000000000000e+00       8.104527056410e-16       4.707750089577e-17       3.876789867446e-17 
 1650       4.924248561569e-11       2.783168295068e-12      -3.673069942498e-12       0.000000000000e+00       8.084827178151e-16       4.565446885677e-17       3.859508090581e-17 
 1651       4.925991536509e-11       2.769876814891e-12      -3.720320869277e-12       0.000000000000e+00       8.065186054663e-16       4.424479142256e-17       3.841929079396e-17 
 1652       4.928065732159e-11       2.756318230474e-12      -3.766646458841e-12       0.000000000000e+00       8.045603440086e-16       4.284916076490e-17       3.824056540535e-17 
 1653       4.930463821411e-11       2.742496772761e-12      -3.812024709756e-12       0.000000000000e+00       8.026079086040e-16       4.146827220006e-17       3.805894202082e-17 
 1654       4.933178437283e-11       2.728416696369e-12      -3.856433527252e-12       0.000000000000e+00       8.006612741626e-16       4.010282419350e-17       3.787445813598e-17 
 1655       4.936202172865e-11       2.714082279619e-12      -3.899850723092e-12       0.000000000000e+00       7.987204153417e-16       3.875351836452e-17       3.768715146155e-17 
 1656       4.939527581248e-11       2.699497824580e-12      -3.942254015436e-12       0.000000000000e+00       7.967853065453e-16       3.742105949086e-17       3.749705992365e-17 
 1657       4.943147175470e-11       2.684667657100e-12      -3.983621028706e-12       0.000000000000e+00       7.948559219240e-16       3.610615551337e-17       3.730422166422e-17 
 1658       4.947053345218e-11       2.669596407669e-12      -4.023932618730e-12       0.000000000000e+00       7.929322373442e-16       3.480940696071e-17       3.710867413714e-17 
 1659       4.951238106279e-11       2.654289856637e-12      -4.063182880525e-12       0.000000000000e+00       7.910142363152e-16       3.353097414705e-17       3.691045138736e-17 
 1660       4.955693348757e-11       2.638754096525e-12      -4.101369228553e-12       0.000000000000e+00       7.891019041138e-16       3.227090704688e-17       3.670958674843e-17 
 1661       4.960410920035e-11       2.622995251935e-12      -4.138489079479e-12       0.000000000000e+00       7.871952258181e-16       3.102925560829e-17       3.650611374484e-17 
 1662       4.965382624707e-11       2.607019479595e-12      -4.174539852171e-12       0.000000000000e+00       7.852941863078e-16       2.980606975275e-17       3.630006609228e-17 
 1663       4.970600224513e-11       2.590832968411e-12      -4.209518967720e-12       0.000000000000e+00       7.833987702634e-16       2.860139937497e-17       3.609147769797e-17 
 1664       4.976055438273e-11       2.574441939513e-12      -4.243423849447e-12       0.000000000000e+00       7.815089621660e-16       2.741529434266e-17       3.588038266091e-17 
 1665       4.981739941819e-11       2.557852646312e-12      -4.276251922913e-12       0.000000000000e+00       7.796247462969e-16       2.624780449641e-17       3.566681527225e-17 
 1666       4.987645367933e-11       2.541071374540e-12      -4.308000615933e-12       0.000000000000e+00       7.777461067372e-16       2.509897964949e-17       3.545081001555e-17 
 1667       4.993763306277e-11       2.524104442307e-12      -4.338667358582e-12       0.000000000000e+00       7.758730273675e-16       2.396886958763e-17       3.523240156708e-17 
 1668       5.000085303326e-11       2.506958200147e-12      -4.368249583213e-12       0.000000000000e+00       7.740054918671e-16       2.285752406890e-17       3.501162479614e-17 
 1669       5.006602862308e-11       2.489639031069e-12      -4.396744724458e-12       0.000000000000e+00       7.721434837146e-16       2.176499282350e-17       3.478851476535e-17 
 1670       5.013307443131e-11       2.472153350604e-12      -4.424150219251e-12       0.000000000000e+00       7.702869861863e-16       2.069132555355e-17       3.456310673095e-17 
 1671       5.020190462321e-11       2.454507606860e-12      -4.450463506826e-12       0.000000000000e+00       7.684359823567e-16       1.963657193297e-17       3.433543614310e-17 
 1672       5.027243292953e-11       2.436708280565e-12      -4.475682028738e-12       0.000000000000e+00       7.665904550979e-16       1.860078160726e-17       3.410553864620e-17 
 1673       5.034457264590e-11       2.418761885121e-12      -4.499803228870e-12       0.000000000000e+00       7.647503870790e-16       1.758400419332e-17       3.387345007916e-17 
 1674       5.041823663209e-11       2.400674966651e-12      -4.522824553442e-12       0.000000000000e+00       7.629157607660e-16       1.658628927927e-17       3.363920647574e-17 
 1675       5.049333731141e-11       2.382454104051e-12      -4.544743451025e-12       0.000000000000e+00       7.610865584213e-16       1.560768642430e-17       3.340284406479e-17 
 1676       5.056978667004e-11       2.364105909037e-12      -4.565557372550e-12       0.000000000000e+00       7.592627621032e-16       1.464824515843e-17       3.316439927064e-17 
 1677       5.064749625634e-11       2.345637026197e-12      -4.585263771320e-12       0.000000000000e+00       7.574443536658e-16       1.370801498239e-17       3.292390871332e-17 
 1678       5.072637718023e-11       2.327054133038e-12      -4.603860103019e-12       0.000000000000e+00       7.556313147585e-16       1.278704536741e-17       3.268140920890e-17 
 1679       5.080634011249e-11       2.308363940038e-12      -4.621343825726e-12       0.000000000000e+00       7.538236268254e-16       1.188538575501e-17       3.243693776978e-17 
 1680       5.088729528412e-11       2.289573190694e-12      -4.637712399923e-12       0.000000000000e+00       7.520212711054e-16       1.100308555690e-17       3.219053160501e-17 
 1681       5.096915248566e-11       2.270688661571e-12      -4.652963288506e-12       0.000000000000e+00       7.502242286313e-16       1.014019415471e-17       3.194222812057e-17 
 1682       5.105182106656e-11       2.251717162355e-12      -4.667093956797e-12       0.000000000000e+00       7.484324802297e-16       9.296760899860e-18       3.169206491967e-17 
 1683       5.113520993451e-11       2.232665535897e-12      -4.680101872557e-12       0.000000000000e+00       7.466460065208e-16       8.472835113374e-18       3.144007980306e-17 
 1684       5.121922755473e-11       2.213540658268e-12      -4.691984505990e-12       0.000000000000e+00       7.448647879176e-16       7.668466085685e-18       3.118631076934e-17 
 1685       5.130378194938e-11       2.194349438805e-12      -4.702739329763e-12       0.000000000000e+00       7.430888046258e-16       6.883703076464e-18       3.093079601526e-17 
 1686       5.138878069687e-11       2.175098820162e-12      -4.712363819007e-12       0.000000000000e+00       7.413180366434e-16       6.118595314438e-18       3.067357393598e-17 
 1687       5.147413093117e-11       2.155795778359e-12      -4.720855451336e-12       0.000000000000e+00       7.395524637601e-16       5.373191997204e-18       3.041468312545e-17 
 1688       5.155973934119e-11       2.136447322832e-12      -4.728211706856e-12       0.000000000000e+00       7.377920655574e-16       4.647542291056e-18       3.015416237662e-17 
 1689       5.164551217011e-11       2.117060496482e-12      -4.734430068170e-12       0.000000000000e+00       7.360368214076e-16       3.941695330798e-18       2.989205068183e-17 
 1690       5.173135521468e-11       2.097642375725e-12      -4.739508020399e-12       0.000000000000e+00       7.342867104740e-16       3.255700219564e-18       2.962838723302e-17 
 1691       5.181717382463e-11       2.078200070543e-12      -4.743443051183e-12       0.000000000000e+00       7.325417117101e-16       2.589606028639e-18       2.936321142213e-17 
 1692       5.190287290195e-11       2.058740724529e-12      -4.746232650698e-12       0.000000000000e+00       7.308018038595e-16       1.943461797277e-18       2.909656284131e-17 
 1693       5.198835690023e-11       2.039271514942e-12      -4.747874311665e-12       0.000000000000e+00       7.290669654554e-16       1.317316532521e-18       2.882848128330e-17 
 1694       5.207352982403e-11       2.019799652752e-12      -4.748365529361e-12       0.000000000000e+00       7.273371748202e-16       7.112192090196e-19       2.855900674165e-17 
 1695       5.215829522822e-11       2.000332382695e-12      -4.747703801627e-12       0.000000000000e+00       7.256124100651e-16       1.252187688492e-19       2.828817941110e-17 
 1696       5.224255621729e-11       1.980876983315e-12      -4.745886628887e-12       0.000000000000e+00       7.238926490900e-16      -4.406358786694e-19       2.801603968782e-17 
 1697       5.232622272661e-11       1.961440388606e-12      -4.742914023282e-12       0.000000000000e+00       7.221778712297e-16      -9.862957345792e-19       2.774262650456e-17 
 1698       5.240923343628e-11       1.942028049252e-12      -4.738796059748e-12       0.000000000000e+00       7.204680622114e-16      -1.511711341600e-18       2.746797231954e-17 
 1699       5.249153404488e-11       1.922645061660e-12      -4.733545390068e-12       0.000000000000e+00       7.187632092394e-16      -2.016833149998e-18       2.719210808496e-17 
 1700       5.257307000439e-11       1.903296545527e-12      -4.727174739765e-12       0.000000000000e+00       7.170632993514e-16      -2.501611640043e-18       2.691506490845e-17 
 1701       5.265378651983e-11       1.883987643866e-12      -4.719696908214e-12       0.000000000000e+00       7.153683194189e-16      -2.965997322185e-18       2.663687405335e-17 
 1702       5.273362854886e-11       1.864723523042e-12      -4.711124768761e-12       0.000000000000e+00       7.136782561460e-16      -3.409940737230e-18       2.635756693895e-17 
 1703       5.281254080147e-11       1.845509372808e-12      -4.701471268836e-12       0.000000000000e+00       7.119930960700e-16      -3.833392456516e-18       2.607717514064e-17 
 1704       5.289046773958e-11       1.826350406335e-12      -4.690749430068e-12       0.000000000000e+00       7.103128255602e-16      -4.236303082087e-18       2.579573039027e-17 
 1705       5.296735357672e-11       1.807251860250e-12      -4.678972348404e-12       0.000000000000e+00       7.086374308182e-16      -4.618623246872e-18       2.551326457626e-17 
 1706       5.304314227764e-11       1.788218994665e-12      -4.666153194218e-12       0.000000000000e+00       7.069668978774e-16      -4.980303614858e-18       2.522980974390e-17 
 1707       5.311777755798e-11       1.769257093215e-12      -4.652305212434e-12       0.000000000000e+00       7.053012126027e-16      -5.321294881268e-18       2.494539809558e-17 
 1708       5.319120288389e-11       1.750371463089e-12      -4.637441722634e-12       0.000000000000e+00       7.036403606901e-16      -5.641547772735e-18       2.466006199099e-17 
 1709       5.326336147167e-11       1.731567435066e-12      -4.621576119178e-12       0.000000000000e+00       7.019843276666e-16      -5.941013047480e-18       2.437383394738e-17 
 1710       5.333419628745e-11       1.712850363547e-12      -4.604721871318e-12       0.000000000000e+00       7.003330988896e-16      -6.219641495483e-18       2.408674663978e-17 
 1711       5.340365004677e-11       1.694225626589e-12      -4.586892523314e-12       0.000000000000e+00       6.986866595471e-16      -6.477383938666e-18       2.379883290124e-17 
 1712       5.347166521427e-11       1.675698625940e-12      -4.568101694547e-12       0.000000000000e+00       6.970449946565e-16      -6.714191231063e-18       2.351012572304e-17 
 1713       5.353818400333e-11       1.657274787072e-12      -4.548363079639e-12       0.000000000000e+00       6.954080890654e-16      -6.930014258999e-18       2.322065825495e-17 
 1714       5.360314837567e-11       1.638959559214e-12      -4.527690448562e-12       0.000000000000e+00       6.937759274503e-16      -7.124803941264e-18       2.293046380545e-17 
 1715       5.366650004105e-11       1.620758415389e-12      -4.506097646759e-12       0.000000000000e+00       6.921484943171e-16      -7.298511229289e-18       2.263957584196e-17 
 1716       5.372818045687e-11       1.602676852442e-12      -4.483598595257e-12       0.000000000000e+00       6.905257740001e-16      -7.451087107324e-18       2.234802799107e-17 
 1717       5.378813082781e-11       1.584720391079e-12      -4.460207290780e-12       0.000000000000e+00       6.889077506621e-16      -7.582482592610e-18       2.205585403877e-17 
 1718       5.384629210553e-11       1.566894575899e-12      -4.435937805870e-12       0.000000000000e+00       6.872944082940e-16      -7.692648735558e-18       2.176308793071e-17 
 1719       5.390260498821e-11       1.549204975428e-12      -4.410804288998e-12       0.000000000000e+00       6.856857307147e-16      -7.781536619926e-18       2.146976377238e-17 
 1720       5.395700992030e-11       1.531657182152e-12      -4.384820964679e-12       0.000000000000e+00       6.840817015702e-16      -7.849097362988e-18       2.117591582940e-17 
 1721       5.400944709208e-11       1.514256812551e-12      -4.358002133591e-12       0.000000000000e+00       6.824823043339e-16      -7.895282115718e-18       2.088157852769e-17 
 1722       5.405985643936e-11       1.497009507134e-12      -4.330362172687e-12       0.000000000000e+00       6.808875223060e-16      -7.920042062962e-18       2.058678645377e-17 
 1723       5.410817764307e-11       1.479920930471e-12      -4.301915535311e-12       0.000000000000e+00       6.792973386133e-16      -7.923328423613e-18       2.029157435494e-17 
 1724       5.415435012895e-11       1.462996771229e-12      -4.272676751314e-12       0.000000000000e+00       6.777117362088e-16      -7.905092450787e-18       1.999597713952e-17 
 1725       5.419831306715e-11       1.446242742203e-12      -4.242660427171e-12       0.000000000000e+00       6.761306978714e-16      -7.865285432002e-18       1.970002987711e-17 
 1726       5.424000537191e-11       1.429664580352e-12      -4.211881246092e-12       0.000000000000e+00       6.745542062057e-16      -7.803858689351e-18       1.940376779879e-17 
 1727       5.427936570118e-11       1.413268046832e-12      -4.180353968142e-12       0.000000000000e+00       6.729822436416e-16      -7.720763579678e-18       1.910722629736e-17 
 1728       5.431633245625e-11       1.397058927031e-12      -4.148093430351e-12       0.000000000000e+00       6.714147924339e-16      -7.615951494752e-18       1.881044092759e-17 
 1729       5.435084378142e-11       1.381043030599e-12      -4.115114546837e-12       0.000000000000e+00       6.698518346623e-16      -7.489373861449e-18       1.851344740644e-17 
 1730       5.438283756363e-11       1.365226191487e-12      -4.081432308914e-12       0.000000000000e+00       6.682933522306e-16      -7.340982141922e-18       1.821628161327e-17 
 1731       5.441225143209e-11       1.349614267977e-12      -4.047061785209e-12       0.000000000000e+00       6.667393268670e-16      -7.170727833778e-18       1.791897959011e-17 
 1732       5.443902275796e-11       1.334213142717e-12      -4.012018121782e-12       0.000000000000e+00       6.651897401232e-16      -6.978562470254e-18       1.762157754188e-17 
 1733       5.446308865393e-11       1.319028722756e-12      -3.976316542236e-12       0.000000000000e+00       6.636445733745e-16      -6.764437620396e-18       1.732411183659e-17 
 1734       5.448438597391e-11       1.304066939574e-12      -3.939972347834e-12       0.000000000000e+00       6.621038078194e-16      -6.528304889230e-18       1.702661900561e-17 
 1735       5.450285131267e-11       1.289333749121e-12      -3.903000917615e-12       0.000000000000e+00       6.605674244792e-16      -6.270115917940e-18       1.672913574391e-17 
 1736       5.451843111931e-11       1.274834377167e-12      -3.865418186378e-12       0.000000000000e+00       6.590354055851e-16      -5.989962117889e-18       1.643169651397e-17 
 1737       5.453111213168e-11       1.260571048345e-12      -3.827242082803e-12       0.000000000000e+00       6.575077387538e-16      -5.688495160197e-18       1.613432633505e-17 
 1738       5.454089119776e-11       1.246545238032e-12      -3.788491103682e-12       0.000000000000e+00       6.559844128465e-16      -5.366510030658e-18       1.583704793367e-17 
 1739       5.454776518519e-11       1.232758425302e-12      -3.749183837282e-12       0.000000000000e+00       6.544654165846e-16      -5.024805623319e-18       1.553988413444e-17 
 1740       5.455173098126e-11       1.219212092926e-12      -3.709338963484e-12       0.000000000000e+00       6.529507385491e-16      -4.664184746222e-18       1.524285786022e-17 
 1741       5.455278549296e-11       1.205907727375e-12      -3.668975253910e-12       0.000000000000e+00       6.514403671806e-16      -4.285454127133e-18       1.494599213228e-17 
 1742       5.455092564705e-11       1.192846818826e-12      -3.628111572065e-12       0.000000000000e+00       6.499342907792e-16      -3.889424419286e-18       1.464931007039e-17 
 1743       5.454614839012e-11       1.180030861165e-12      -3.586766873467e-12       0.000000000000e+00       6.484324975037e-16      -3.476910207113e-18       1.435283489300e-17 
 1744       5.453845068856e-11       1.167461351989e-12      -3.544960205780e-12       0.000000000000e+00       6.469349753719e-16      -3.048730011987e-18       1.405658991737e-17 
 1745       5.452782952868e-11       1.155139792614e-12      -3.502710708954e-12       0.000000000000e+00       6.454417122602e-16      -2.605706297953e-18       1.376059855968e-17 
 1746       5.451428191671e-11       1.143067688073e-12      -3.460037615354e-12       0.000000000000e+00       6.439526959029e-16      -2.148665477468e-18       1.346488433518e-17 
 1747       5.449780487888e-11       1.131246547126e-12      -3.416960249898e-12       0.000000000000e+00       6.424679138928e-16      -1.678437917135e-18       1.316947085834e-17 
 1748       5.447839546144e-11       1.119677882257e-12      -3.373498030188e-12       0.000000000000e+00       6.409873536801e-16      -1.195857943442e-18       1.287438184299e-17 
 1749       5.445605073068e-11       1.108363209685e-12      -3.329670466647e-12       0.000000000000e+00       6.395110025726e-16      -7.017638484978e-19       1.257964110241e-17 
 1750       5.443076777304e-11       1.097304049361e-12      -3.285497162653e-12       0.000000000000e+00       6.380388477356e-16      -1.969978957684e-19       1.228527254951e-17 
 1751       5.440254369511e-11       1.086501924977e-12      -3.240997814671e-12       0.000000000000e+00       6.365708761910e-16       3.175936741871e-19       1.199130019698e-17 
 1752       5.437137562365e-11       1.075958363966e-12      -3.196192212391e-12       0.000000000000e+00       6.351070748178e-16       8.411606379791e-19       1.169774815738e-17 
 1753       5.433726070571e-11       1.065674897509e-12      -3.151100238860e-12       0.000000000000e+00       6.336474303513e-16       1.372848783651e-18       1.140464064330e-17 
 1754       5.430019610861e-11       1.055653060535e-12      -3.105741870617e-12       0.000000000000e+00       6.321919293831e-16       1.911799904943e-18       1.111200196749e-17 
 1755       5.426017902000e-11       1.045894391729e-12      -3.060137177827e-12       0.000000000000e+00       6.307405583608e-16       2.457151795555e-18       1.081985654303e-17 
 1756       5.421720664792e-11       1.036400433532e-12      -3.014306324415e-12       0.000000000000e+00       6.292933035877e-16       3.008038243411e-18       1.052822888340e-17 
 1757       5.417127622082e-11       1.027172732148e-12      -2.968269568202e-12       0.000000000000e+00       6.278501512226e-16       3.563589024921e-18       1.023714360269e-17 
 1758       5.412238498764e-11       1.018212837544e-12      -2.922047261039e-12       0.000000000000e+00       6.264110872797e-16       4.122929899246e-18       9.946625415684e-18 
 1759       5.407053021781e-11       1.009522303457e-12      -2.875659848938e-12       0.000000000000e+00       6.249760976278e-16       4.685182602560e-18       9.656699138011e-18 
 1760       5.401570920133e-11       1.001102687398e-12      -2.829127872212e-12       0.000000000000e+00       6.235451679908e-16       5.249464842315e-18       9.367389686294e-18 
 1761       5.395791924881e-11       9.929555506526e-13      -2.782471965604e-12       0.000000000000e+00       6.221182839467e-16       5.814890291503e-18       9.078722078274e-18 
 1762       5.389715769147e-11       9.850824582864e-13      -2.735712858426e-12       0.000000000000e+00       6.206954309281e-16       6.380568582920e-18       8.790721432952e-18 
 1763       5.383342188125e-11       9.774849791498e-13      -2.688871374690e-12       0.000000000000e+00       6.192765942214e-16       6.945605303430e-18       8.503412970719e-18 
 1764       5.376670919083e-11       9.701646858807e-13      -2.641968433244e-12       0.000000000000e+00       6.178617589665e-16       7.509101988228e-18       8.216822013502e-18 
 1765       5.369701701364e-11       9.631231549084e-13      -2.595025047904e-12       0.000000000000e+00       6.164509101570e-16       8.070156115101e-18       7.930973984893e-18 
 1766       5.362434276396e-11       9.563619664571e-13      -2.548062327592e-12       0.000000000000e+00       6.150440326398e-16       8.627861098698e-18       7.645894410288e-18 
 1767       5.354868387691e-11       9.498827045502e-13      -2.501101476469e-12       0.000000000000e+00       6.136411111143e-16       9.181306284786e-18       7.361608917026e-18 
 1768       5.347003780856e-11       9.436869570137e-13      -2.454163794068e-12       0.000000000000e+00       6.122421301331e-16       9.729576944516e-18       7.078143234520e-18 
 1769       5.338840203589e-11       9.377763154801e-13      -2.407270675429e-12       0.000000000000e+00       6.108470741008e-16       1.027175426869e-17       6.795523194399e-18 
 1770       5.330377405693e-11       9.321523753920e-13      -2.360443611233e-12       0.000000000000e+00       6.094559272746e-16       1.080691536202e-17       6.513774730643e-18 
 1771       5.321615139070e-11       9.268167360059e-13      -2.313704187940e-12       0.000000000000e+00       6.080686737633e-16       1.133413323739e-17       6.232923879717e-18 
 1772       5.312553157736e-11       9.217710003963e-13      -2.267074087917e-12       0.000000000000e+00       6.066852975275e-16       1.185247681013e-17       5.952996780711e-18 
 1773       5.303191217817e-11       9.170167754588e-13      -2.220575089578e-12       0.000000000000e+00       6.053057823792e-16       1.236101089226e-17       5.674019675475e-18 
 1774       5.293529077558e-11       9.125556719144e-13      -2.174229067515e-12       0.000000000000e+00       6.039301119817e-16       1.285879618678e-17       5.396018908753e-18 
 1775       5.283567196310e-11       9.083886347539e-13      -2.128056515741e-12       0.000000000000e+00       6.025582710517e-16       1.334513652201e-17       5.119018799987e-18 
 1776       5.273308837783e-11       9.045139285277e-13      -2.082072103837e-12       0.000000000000e+00       6.011902489788e-16       1.382032279481e-17       4.843035239238e-18 
 1777       5.262757984141e-11       9.009291354546e-13      -2.036289084436e-12       0.000000000000e+00       5.998260362352e-16       1.428489514892e-17       4.568082038742e-18 
 1778       5.251918638624e-11       8.976318234516e-13      -1.990720766872e-12       0.000000000000e+00       5.984656231763e-16       1.473939629518e-17       4.294173056506e-18 
 1779       5.240794825575e-11       8.946195461120e-13      -1.945380517256e-12       0.000000000000e+00       5.971090000396e-16       1.518437151525e-17       4.021322196369e-18 
 1780       5.229390590476e-11       8.918898426839e-13      -1.900281758556e-12       0.000000000000e+00       5.957561569452e-16       1.562036866526e-17       3.749543408056e-18 
 1781       5.217709999978e-11       8.894402380483e-13      -1.855437970670e-12       0.000000000000e+00       5.944070838952e-16       1.604793817949e-17       3.478850687230e-18 
 1782       5.205757141929e-11       8.872682426975e-13      -1.810862690513e-12       0.000000000000e+00       5.930617707738e-16       1.646763307402e-17       3.209258075552e-18 
 1783       5.193536125407e-11       8.853713527133e-13      -1.766569512085e-12       0.000000000000e+00       5.917202073466e-16       1.688000895047e-17       2.940779660737e-18 
 1784       5.181051080752e-11       8.837470497453e-13      -1.722572086559e-12       0.000000000000e+00       5.903823832609e-16       1.728562399960e-17       2.673429576603e-18 
 1785       5.168306159597e-11       8.823928009890e-13      -1.678884122349e-12       0.000000000000e+00       5.890482880453e-16       1.768503900504e-17       2.407222003134e-18 
 1786       5.155305534897e-11       8.813060591644e-13      -1.635519385198e-12       0.000000000000e+00       5.877179111094e-16       1.807881734694e-17       2.142171166534e-18 
 1787       5.142053400961e-11       8.804842624940e-13      -1.592491698248e-12       0.000000000000e+00       5.863912417437e-16       1.846752500564e-17       1.878291339277e-18 
 1788       5.128553973484e-11       8.799248346810e-13      -1.549814942126e-12       0.000000000000e+00       5.850682691192e-16       1.885173056535e-17       1.615596840170e-18 
 1789       5.114811489578e-11       8.796251848881e-13      -1.507503055013e-12       0.000000000000e+00       5.837489822878e-16       1.923200521786e-17       1.354102034403e-18 
 1790       5.100830207800e-11       8.795827077150e-13      -1.465570032731e-12       0.000000000000e+00       5.824333701811e-16       1.960892276615e-17       1.093821333609e-18 
 1791       5.086614408189e-11       8.797947831772e-13      -1.424029928814e-12       0.000000000000e+00       5.811214216111e-16       1.998305962810e-17       8.347691959149e-19 
 1792       5.072168392290e-11       8.802587766841e-13      -1.382896854591e-12       0.000000000000e+00       5.798131252695e-16       2.035499484020e-17       5.769601260008e-19 
 1793       5.057496483190e-11       8.809720390174e-13      -1.342184979263e-12       0.000000000000e+00       5.785084697277e-16       2.072531006113e-17       3.204086751535e-19 
 1794       5.042603025548e-11       8.819319063092e-13      -1.301908529978e-12       0.000000000000e+00       5.772074434364e-16       2.109458957556e-17       6.512944132304e-20 
 1795       5.027492385626e-11       8.831357000201e-13      -1.262081791915e-12       0.000000000000e+00       5.759100347257e-16       2.146342029769e-17      -1.888629308225e-19 
 1796       5.012168951318e-11       8.845807269181e-13      -1.222719108356e-12       0.000000000000e+00       5.746162318044e-16       2.183239177506e-17      -4.415537498409e-19 
 1797       4.996637132183e-11       8.862642790561e-13      -1.183834880768e-12       0.000000000000e+00       5.733260227604e-16       2.220209619210e-17      -6.929282774606e-19 
 1798       4.980901359477e-11       8.881836337508e-13      -1.145443568881e-12       0.000000000000e+00       5.720393955600e-16       2.257312837390e-17      -9.429717285251e-19 
 1799       4.964966086182e-11       8.903360535605e-13      -1.107559690764e-12       0.000000000000e+00       5.707563380480e-16       2.294608578984e-17      -1.191669270937e-18 
 1800       4.948835787038e-11       8.927187862636e-13      -1.070197822905e-12       0.000000000000e+00       5.694768379472e-16       2.332156855726e-17      -1.439006025604e-18 
 1801       4.932514958573e-11       8.953290648370e-13      -1.033372600287e-12       0.000000000000e+00       5.682008828584e-16       2.370017944517e-17      -1.684967066381e-18 
 1802       4.916008119136e-11       8.981641074340e-13      -9.970987164704e-13       0.000000000000e+00       5.669284602604e-16       2.408252387788e-17      -1.929537420015e-18 
 1803       4.899319808928e-11       9.012211173629e-13      -9.613909236665e-13       0.000000000000e+00       5.656595575092e-16       2.446920993871e-17      -2.172702066093e-18 
 1804       4.882454590029e-11       9.044972830650e-13      -9.262640328178e-13       0.000000000000e+00       5.643941618383e-16       2.486084837366e-17      -2.414445936982e-18 
 1805       4.865417046434e-11       9.079897780932e-13      -8.917329136762e-13       0.000000000000e+00       5.631322603584e-16       2.525805259505e-17      -2.654753917775e-18 
 1806       4.848211784081e-11       9.116957610899e-13      -8.578124948806e-13       0.000000000000e+00       5.618738400570e-16       2.566143868526e-17      -2.893610846237e-18 
 1807       4.830843430886e-11       9.156123757656e-13      -8.245177640353e-13       0.000000000000e+00       5.606188877982e-16       2.607162540035e-17      -3.131001512747e-18 
 1808       4.813316636768e-11       9.197367508769e-13      -7.918637677882e-13       0.000000000000e+00       5.593673903229e-16       2.648923417373e-17      -3.366910660245e-18 
 1809       4.795636073684e-11       9.240660002048e-13      -7.598656119085e-13       0.000000000000e+00       5.581193342482e-16       2.691488911990e-17      -3.601322984174e-18 
 1810       4.777806435660e-11       9.285972225333e-13      -7.285384613655e-13       0.000000000000e+00       5.568747060670e-16       2.734921703805e-17      -3.834223132425e-18 
 1811       4.759832438820e-11       9.333275016273e-13      -6.978975404062e-13       0.000000000000e+00       5.556334921486e-16       2.779284741577e-17      -4.065595705284e-18 
 1812       4.741718821421e-11       9.382539062107e-13      -6.679581326339e-13       0.000000000000e+00       5.543956787374e-16       2.824641243275e-17      -4.295425255373e-18 
 1813       4.723470343878e-11       9.433734899455e-13      -6.387355810858e-13       0.000000000000e+00       5.531612519538e-16       2.871054696440e-17      -4.523696287597e-18 
 1814       4.705091860815e-11       9.486830543056e-13      -6.102429782155e-13       0.000000000000e+00       5.519301987430e-16       2.918573011420e-17      -4.750394417526e-18 
 1815       4.686588537765e-11       9.541784351543e-13      -5.824842153067e-13       0.000000000000e+00       5.507025097335e-16       2.967180840556e-17      -4.975509856877e-18 
 1816       4.667965636280e-11       9.598552103684e-13      -5.554608771445e-13       0.000000000000e+00       5.494781764018e-16       3.016846875086e-17      -5.199033956038e-18 
 1817       4.649228442106e-11       9.657089363897e-13      -5.291745470159e-13       0.000000000000e+00       5.482571901240e-16       3.067539657156e-17      -5.420958048170e-18 
 1818       4.630382265215e-11       9.717351481939e-13      -5.036268067033e-13       0.000000000000e+00       5.470395421758e-16       3.119227579606e-17      -5.641273449194e-18 
 1819       4.611432439845e-11       9.779293592606e-13      -4.788192364790e-13       0.000000000000e+00       5.458252237327e-16       3.171878885768e-17      -5.859971457774e-18 
 1820       4.592384324527e-11       9.842870615430e-13      -4.547534150987e-13       0.000000000000e+00       5.446142258692e-16       3.225461669246e-17      -6.077043355311e-18 
 1821       4.573243302122e-11       9.908037254370e-13      -4.314309197956e-13       0.000000000000e+00       5.434065395590e-16       3.279943873714e-17      -6.292480405919e-18 
 1822       4.554014779855e-11       9.974747997515e-13      -4.088533262745e-13       0.000000000000e+00       5.422021556747e-16       3.335293292702e-17      -6.506273856423e-18 
 1823       4.534704189347e-11       1.004295711678e-12      -3.870222087054e-13       0.000000000000e+00       5.410010649879e-16       3.391477569386e-17      -6.718414936337e-18 
 1824       4.515316986650e-11       1.011261866759e-12      -3.659391397176e-13       0.000000000000e+00       5.398032581685e-16       3.448464196380e-17      -6.928894857856e-18 
 1825       4.495858652279e-11       1.018368648859e-12      -3.456056903940e-13       0.000000000000e+00       5.386087257850e-16       3.506220515523e-17      -7.137704815840e-18 
 1826       4.476334691249e-11       1.025611420135e-12      -3.260234302642e-13       0.000000000000e+00       5.374174583042e-16       3.564713717670e-17      -7.344835987800e-18 
 1827       4.456750633104e-11       1.032985521002e-12      -3.071939272995e-13       0.000000000000e+00       5.362294460908e-16       3.623910842485e-17      -7.550279533890e-18 
 1828       4.437112031955e-11       1.040486270109e-12      -2.891187479059e-13       0.000000000000e+00       5.350446794076e-16       3.683778778225e-17      -7.754026596885e-18 
 1829       4.417424466511e-11       1.048108964302e-12      -2.717994569186e-13       0.000000000000e+00       5.338631484150e-16       3.744284261535e-17      -7.956068302177e-18 
 1830       4.397693540113e-11       1.055848878599e-12      -2.552376175957e-13       0.000000000000e+00       5.326848431711e-16       3.805393877235e-17      -8.156395757753e-18 
 1831       4.377924880769e-11       1.063701266155e-12      -2.394347916124e-13       0.000000000000e+00       5.315097536313e-16       3.867074058111e-17      -8.355000054191e-18 
 1832       4.358124141187e-11       1.071661358236e-12      -2.243925390545e-13       0.000000000000e+00       5.303378696481e-16       3.929291084707e-17      -8.551872264636e-18 
 1833       4.338296998807e-11       1.079724364185e-12      -2.101124184129e-13       0.000000000000e+00       5.291691809714e-16       3.992011085109e-17      -8.747003444796e-18 
 1834       4.318449155839e-11       1.087885471396e-12      -1.965959865769e-13       0.000000000000e+00       5.280036772475e-16       4.055200034741e-17      -8.940384632923e-18 
 1835       4.298586339290e-11       1.096139845277e-12      -1.838447988289e-13       0.000000000000e+00       5.268413480198e-16       4.118823756152e-17      -9.132006849804e-18 
 1836       4.278714301004e-11       1.104482629226e-12      -1.718604088376e-13       0.000000000000e+00       5.256821827280e-16       4.182847918807e-17      -9.321861098743e-18 
 1837       4.258838817693e-11       1.112908944597e-12      -1.606443686524e-13       0.000000000000e+00       5.245261707083e-16       4.247238038875e-17      -9.509938365550e-18 
 1838       4.238965690971e-11       1.121413890672e-12      -1.501982286972e-13       0.000000000000e+00       5.233733011928e-16       4.311959479021e-17      -9.696229618530e-18 
 1839       4.219100747385e-11       1.129992544627e-12      -1.405235377645e-13       0.000000000000e+00       5.222235633100e-16       4.376977448196e-17      -9.880725808465e-18 
 1840       4.199249838456e-11       1.138639961508e-12      -1.316218430089e-13       0.000000000000e+00       5.210769460839e-16       4.442257001424e-17      -1.006341786860e-17 
 1841       4.179418840703e-11       1.147351174192e-12      -1.234946899416e-13       0.000000000000e+00       5.199334384343e-16       4.507763039595e-17      -1.024429671465e-17 
 1842       4.159613655683e-11       1.156121193363e-12      -1.161436224239e-13       0.000000000000e+00       5.187930291765e-16       4.573460309256e-17      -1.042335324474e-17 
 1843       4.139840210026e-11       1.164945007482e-12      -1.095701826616e-13       0.000000000000e+00       5.176557070210e-16       4.639313402394e-17      -1.060057833945e-17 
 1844       4.120104455461e-11       1.173817582752e-12      -1.037759111984e-13       0.000000000000e+00       5.165214605736e-16       4.705286756235e-17      -1.077596286175e-17 
 1845       4.100412368859e-11       1.182733863089e-12      -9.876234691014e-14       0.000000000000e+00       5.153902783349e-16       4.771344653028e-17      -1.094949765702e-17 
 1846       4.080769952259e-11       1.191688770097e-12      -9.453102699886e-14       0.000000000000e+00       5.142621487003e-16       4.837451219836e-17      -1.112117355304e-17 
 1847       4.061183232906e-11       1.200677203029e-12      -9.108348698649e-14       0.000000000000e+00       5.131370599601e-16       4.903570428327e-17      -1.129098135993e-17 
 1848       4.041658263284e-11       1.209694038764e-12      -8.842126070892e-14       0.000000000000e+00       5.120150002986e-16       4.969666094562e-17      -1.145891187020e-17 
 1849       4.022201121148e-11       1.218734131771e-12      -8.654588030990e-14       0.000000000000e+00       5.108959577946e-16       5.035701878789e-17      -1.162495585870e-17 
 1850       4.002817909561e-11       1.227792314084e-12      -8.545887623502e-14       0.000000000000e+00       5.097799204212e-16       5.101641285228e-17      -1.178910408259e-17 
 1851       3.983514756922e-11       1.236863395267e-12      -8.516177722564e-14       0.000000000000e+00       5.086668760450e-16       5.167447661862e-17      -1.195134728138e-17 
 1852       3.964297817008e-11       1.245942162385e-12      -8.565611031280e-14       0.000000000000e+00       5.075568124266e-16       5.233084200231e-17      -1.211167617687e-17 
 1853       3.945172792296e-11       1.255023634344e-12      -8.694163976159e-14       0.000000000000e+00       5.064497180770e-16       5.298520299318e-17      -1.227008109435e-17 
 1854       3.926143499786e-11       1.264103827150e-12      -8.901106871017e-14       0.000000000000e+00       5.053455848353e-16       5.363750712604e-17      -1.242655082290e-17 
 1855       3.907213293923e-11       1.273178994633e-12      -9.185529567434e-14       0.000000000000e+00       5.042444053109e-16       5.428776551809e-17      -1.258107374607e-17 
 1856       3.888385542287e-11       1.282245374604e-12      -9.546517173111e-14       0.000000000000e+00       5.031461720285e-16       5.493598936537e-17      -1.273363821982e-17 
 1857       3.869663625612e-11       1.291299188834e-12      -9.983150045116e-14       0.000000000000e+00       5.020508774282e-16       5.558218994283e-17      -1.288423257251e-17 
 1858       3.851050937802e-11       1.300336643031e-12      -1.049450378313e-13       0.000000000000e+00       5.009585138648e-16       5.622637860446e-17      -1.303284510487e-17 
 1859       3.832550885947e-11       1.309353926823e-12      -1.107964922267e-13       0.000000000000e+00       4.998690736080e-16       5.686856678341e-17      -1.317946408997e-17 
 1860       3.814166890344e-11       1.318347213731e-12      -1.173765242837e-13       0.000000000000e+00       4.987825488425e-16       5.750876599214e-17      -1.332407777320e-17 
 1861       3.795902384508e-11       1.327312661151e-12      -1.246757468719e-13       0.000000000000e+00       4.976989316673e-16       5.814698782251e-17      -1.346667437224e-17 
 1862       3.777760815195e-11       1.336246410333e-12      -1.326847250167e-13       0.000000000000e+00       4.966182140958e-16       5.878324394590e-17      -1.360724207701e-17 
 1863       3.759745642413e-11       1.345144586355e-12      -1.413939758317e-13       0.000000000000e+00       4.955403880560e-16       5.941754611336e-17      -1.374576904971e-17 
 1864       3.741860339446e-11       1.354003298107e-12      -1.507939684512e-13       0.000000000000e+00       4.944654453897e-16       6.004990615571e-17      -1.388224342472e-17 
 1865       3.724108392865e-11       1.362818638267e-12      -1.608751239628e-13       0.000000000000e+00       4.933933778529e-16       6.068033598369e-17      -1.401665330859e-17 
 1866       3.706493302548e-11       1.371586683280e-12      -1.716278153391e-13       0.000000000000e+00       4.923241771155e-16       6.130884758802e-17      -1.414898678006e-17 
 1867       3.689018581694e-11       1.380303493333e-12      -1.830423673712e-13       0.000000000000e+00       4.912578347608e-16       6.193545303959e-17      -1.427923188999e-17 
 1868       3.671687756847e-11       1.388965112341e-12      -1.951090566003e-13       0.000000000000e+00       4.901943422861e-16       6.256016448956e-17      -1.440737666133e-17 
 1869       3.654504367904e-11       1.397567567918e-12      -2.078181112505e-13       0.000000000000e+00       4.891336911019e-16       6.318299416946e-17      -1.453340908911e-17 
 1870       3.637471968139e-11       1.406106871361e-12      -2.211597111609e-13       0.000000000000e+00       4.880758725319e-16       6.380395439134e-17      -1.465731714043e-17 
 1871       3.620594124216e-11       1.414579017624e-12      -2.351239877186e-13       0.000000000000e+00       4.870208778132e-16       6.442305754787e-17      -1.477908875438e-17 
 1872       3.603874416207e-11       1.422979985300e-12      -2.497010237907e-13       0.000000000000e+00       4.859686980957e-16       6.504031611249e-17      -1.489871184209e-17 
 1873       3.587316437612e-11       1.431305736599e-12      -2.648808536566e-13       0.000000000000e+00       4.849193244421e-16       6.565574263949e-17      -1.501617428662e-17 
 1874       3.570923795370e-11       1.439552217324e-12      -2.806534629410e-13       0.000000000000e+00       4.838727478281e-16       6.626934976419e-17      -1.513146394299e-17 
 1875       3.554700109881e-11       1.447715356852e-12      -2.970087885456e-13       0.000000000000e+00       4.828289591417e-16       6.688115020299e-17      -1.524456863816e-17 
 1876       3.538649015023e-11       1.455791068112e-12      -3.139367185823e-13       0.000000000000e+00       4.817879491834e-16       6.749115675357e-17      -1.535547617094e-17 
 1877       3.522774158165e-11       1.463775247563e-12      -3.314270923049e-13       0.000000000000e+00       4.807497086660e-16       6.809938229495e-17      -1.546417431203e-17 
 1878       3.507079200188e-11       1.471663775172e-12      -3.494697000422e-13       0.000000000000e+00       4.797142282145e-16       6.870583978763e-17      -1.557065080397e-17 
 1879       3.491567815499e-11       1.479452514396e-12      -3.680542831297e-13       0.000000000000e+00       4.786814983658e-16       6.931054227374e-17      -1.567489336110e-17 
 1880       3.476243692052e-11       1.487137312154e-12      -3.871705338427e-13       0.000000000000e+00       4.776515095686e-16       6.991350287712e-17      -1.577688966955e-17 
 1881       3.461110531360e-11       1.494713998812e-12      -4.068080953284e-13       0.000000000000e+00       4.766242521834e-16       7.051473480346e-17      -1.587662738721e-17 
 1882       3.446172048516e-11       1.502178388158e-12      -4.269565615383e-13       0.000000000000e+00       4.755997164824e-16       7.111425134044e-17      -1.597409414369e-17 
 1883       3.431431972208e-11       1.509526277382e-12      -4.476054771609e-13       0.000000000000e+00       4.745778926489e-16       7.171206585783e-17      -1.606927754033e-17 
 1884       3.416894044737e-11       1.516753447052e-12      -4.687443375538e-13       0.000000000000e+00       4.735587707778e-16       7.230819180760e-17      -1.616216515013e-17 
 1885       3.402562022034e-11       1.523855661097e-12      -4.903625886762e-13       0.000000000000e+00       4.725423408749e-16       7.290264272407e-17      -1.625274451774e-17 
 1886       3.388439673676e-11       1.530828666781e-12      -5.124496270216e-13       0.000000000000e+00       4.715285928571e-16       7.349543222404e-17      -1.634100315944e-17 
 1887       3.374530782903e-11       1.537668194683e-12      -5.349947995498e-13       0.000000000000e+00       4.705175165521e-16       7.408657400686e-17      -1.642692856312e-17 
 1888       3.360839146637e-11       1.544369958678e-12      -5.579874036197e-13       0.000000000000e+00       4.695091016983e-16       7.467608185460e-17      -1.651050818824e-17 
 1889       3.347368575498e-11       1.550929655911e-12      -5.814166869215e-13       0.000000000000e+00       4.685033379448e-16       7.526396963217e-17      -1.659172946578e-17 
 1890       3.334122893817e-11       1.557342966780e-12      -6.052718474094e-13       0.000000000000e+00       4.675002148509e-16       7.585025128742e-17      -1.667057979827e-17 
 1891       3.321105939663e-11       1.563605554912e-12      -6.295420332336e-13       0.000000000000e+00       4.664997218864e-16       7.643494085125e-17      -1.674704655972e-17 
 1892       3.308320901204e-11       1.569713602626e-12      -6.542159916788e-13       0.000000000000e+00       4.655018491523e-16       7.701802764362e-17      -1.682111864727e-17 
 1893       3.295768320193e-11       1.575665421907e-12      -6.792810131456e-13       0.000000000000e+00       4.645065895516e-16       7.759940168145e-17      -1.689279114926e-17 
 1894       3.283448073075e-11       1.581459855850e-12      -7.047239788658e-13       0.000000000000e+00       4.635139366350e-16       7.817892769393e-17      -1.696206071321e-17 
 1895       3.271360033228e-11       1.587095744303e-12      -7.305317110761e-13       0.000000000000e+00       4.625238838813e-16       7.875646986366e-17      -1.702892399748e-17 
 1896       3.259504070958e-11       1.592571923868e-12      -7.566909729385e-13       0.000000000000e+00       4.615364246974e-16       7.933189182585e-17      -1.709337767125e-17 
 1897       3.247880053493e-11       1.597887227890e-12      -7.831884684612e-13       0.000000000000e+00       4.605515524178e-16       7.990505666770e-17      -1.715541841460e-17 
 1898       3.236487844974e-11       1.603040486460e-12      -8.100108424191e-13       0.000000000000e+00       4.595692603047e-16       8.047582692764e-17      -1.721504291851e-17 
 1899       3.225327306457e-11       1.608030526406e-12      -8.371446802748e-13       0.000000000000e+00       4.585895415479e-16       8.104406459462e-17      -1.727224788489e-17 
 1900       3.214398295902e-11       1.612856171295e-12      -8.645765080988e-13       0.000000000000e+00       4.576123892646e-16       8.160963110745e-17      -1.732703002657e-17 
 1901       3.203700668170e-11       1.617516241425e-12      -8.922927924903e-13       0.000000000000e+00       4.566377964995e-16       8.217238735402e-17      -1.737938606741e-17 
 1902       3.193234275018e-11       1.622009553822e-12      -9.202799404982e-13       0.000000000000e+00       4.556657562243e-16       8.273219367064e-17      -1.742931274223e-17 
 1903       3.182998965093e-11       1.626334922241e-12      -9.485242995413e-13       0.000000000000e+00       4.546962613377e-16       8.328890984134e-17      -1.747680679690e-17 
 1904       3.172994583926e-11       1.630491157155e-12      -9.770121573295e-13       0.000000000000e+00       4.537293046656e-16       8.384239509710e-17      -1.752186498834e-17 
 1905       3.163220973930e-11       1.634477065758e-12      -1.005729741784e-12       0.000000000000e+00       4.527648789607e-16       8.439250811522e-17      -1.756448408455e-17 
 1906       3.153677974392e-11       1.638291451958e-12      -1.034663220958e-12       0.000000000000e+00       4.518029769023e-16       8.493910701856e-17      -1.760466086462e-17 
 1907       3.144365421466e-11       1.641933116374e-12      -1.063798702957e-12       0.000000000000e+00       4.508435910963e-16       8.548204937483e-17      -1.764239211880e-17 
 1908       3.135283148174e-11       1.645400856333e-12      -1.093122235862e-12       0.000000000000e+00       4.498867140753e-16       8.602119219592e-17      -1.767767464847e-17 
 1909       3.126430984395e-11       1.648693465867e-12      -1.122619807645e-12       0.000000000000e+00       4.489323382980e-16       8.655639193714e-17      -1.771050526621e-17 
 1910       3.117808756862e-11       1.651809735707e-12      -1.152277346096e-12       0.000000000000e+00       4.479804561495e-16       8.708750449656e-17      -1.774088079579e-17 
 1911       3.109416289155e-11       1.654748453283e-12      -1.182080718739e-12       0.000000000000e+00       4.470310599410e-16       8.761438521427e-17      -1.776879807223e-17 
 1912       3.101253401701e-11       1.657508402716e-12      -1.212015732753e-12       0.000000000000e+00       4.460841419098e-16       8.813688887169e-17      -1.779425394179e-17 
 1913       3.093319911762e-11       1.660088364821e-12      -1.242068134895e-12       0.000000000000e+00       4.451396942188e-16       8.865486969084e-17      -1.781724526202e-17 
 1914       3.085615633434e-11       1.662487117096e-12      -1.272223611421e-12       0.000000000000e+00       4.441977089570e-16       8.916818133365e-17      -1.783776890178e-17 
 1915       3.078140377640e-11       1.664703433723e-12      -1.302467788002e-12       0.000000000000e+00       4.432581781388e-16       8.967667690124e-17      -1.785582174127e-17 
 1916       3.070893952127e-11       1.666736085564e-12      -1.332786229650e-12       0.000000000000e+00       4.423210937044e-16       9.018020893322e-17      -1.787140067204e-17 
 1917       3.063876161458e-11       1.668583840156e-12      -1.363164440637e-12       0.000000000000e+00       4.413864475191e-16       9.067862940697e-17      -1.788450259703e-17 
 1918       3.057086807009e-11       1.670245461709e-12      -1.393587864412e-12       0.000000000000e+00       4.404542313737e-16       9.117178973696e-17      -1.789512443058e-17 
 1919       3.050525686961e-11       1.671719711101e-12      -1.424041883528e-12       0.000000000000e+00       4.395244369842e-16       9.165954077400e-17      -1.790326309849e-17 
 1920       3.044192596298e-11       1.673005345875e-12      -1.454511819559e-12       0.000000000000e+00       4.385970559914e-16       9.214173280455e-17      -1.790891553799e-17 
 1921       3.038087326801e-11       1.674101120238e-12      -1.484982933019e-12       0.000000000000e+00       4.376720799614e-16       9.261821555001e-17      -1.791207869783e-17 
 1922       3.032209667041e-11       1.675005785051e-12      -1.515440423288e-12       0.000000000000e+00       4.367495003848e-16       9.308883816604e-17      -1.791274953823e-17 
 1923       3.026559402375e-11       1.675718087834e-12      -1.545869428528e-12       0.000000000000e+00       4.358293086770e-16       9.355344924180e-17      -1.791092503099e-17 
 1924       3.021136314941e-11       1.676236772754e-12      -1.576255025603e-12       0.000000000000e+00       4.349114961782e-16       9.401189679928e-17      -1.790660215946e-17 
 1925       3.015940183653e-11       1.676560580629e-12      -1.606582230006e-12       0.000000000000e+00       4.339960541526e-16       9.446402829255e-17      -1.789977791856e-17 
 1926       3.010970784194e-11       1.676688248918e-12      -1.636835995772e-12       0.000000000000e+00       4.330829737891e-16       9.490969060712e-17      -1.789044931483e-17 
 1927       3.006227889014e-11       1.676618511723e-12      -1.667001215405e-12       0.000000000000e+00       4.321722462007e-16       9.534873005916e-17      -1.787861336648e-17 
 1928       3.001711267321e-11       1.676350099780e-12      -1.697062719794e-12       0.000000000000e+00       4.312638624246e-16       9.578099239483e-17      -1.786426710335e-17 
 1929       2.997420685078e-11       1.675881740461e-12      -1.727005278135e-12       0.000000000000e+00       4.303578134218e-16       9.620632278957e-17      -1.784740756698e-17 
 1930       2.993355904998e-11       1.675212157766e-12      -1.756813597854e-12       0.000000000000e+00       4.294540900773e-16       9.662456584738e-17      -1.782803181064e-17 
 1931       2.989516232385e-11       1.674340558605e-12      -1.786473343629e-12       0.000000000000e+00       4.285526838137e-16       9.703559821263e-17      -1.780614042167e-17 
 1932       2.985899148900e-11       1.673268095677e-12      -1.815974203068e-12       0.000000000000e+00       4.276535884382e-16       9.743942667715e-17      -1.778174811785e-17 
 1933       2.982501668428e-11       1.671996415673e-12      -1.845306844110e-12       0.000000000000e+00       4.267567983096e-16       9.783609081534e-17      -1.775487323143e-17 
 1934       2.979320790276e-11       1.670527174007e-12      -1.874461897982e-12       0.000000000000e+00       4.258623077250e-16       9.822563043943e-17      -1.772553419415e-17 
 1935       2.976353499147e-11       1.668862034832e-12      -1.903429959154e-12       0.000000000000e+00       4.249701109205e-16       9.860808559989e-17      -1.769374953748e-17 
 1936       2.973596765126e-11       1.667002671049e-12      -1.932201585294e-12       0.000000000000e+00       4.240802020703e-16       9.898349658571e-17      -1.765953789266e-17 
 1937       2.971047543655e-11       1.664950764321e-12      -1.960767297217e-12       0.000000000000e+00       4.231925752873e-16       9.935190392479e-17      -1.762291799089e-17 
 1938       2.968702775516e-11       1.662708005087e-12      -1.989117578842e-12       0.000000000000e+00       4.223072246224e-16       9.971334838424e-17      -1.758390866347e-17 
 1939       2.966559386813e-11       1.660276092568e-12      -2.017242877146e-12       0.000000000000e+00       4.214241440650e-16       1.000678709707e-16      -1.754252884191e-17 
 1940       2.964614288947e-11       1.657656734786e-12      -2.045133602113e-12       0.000000000000e+00       4.205433275421e-16       1.004155129309e-16      -1.749879755809e-17 
 1941       2.962864378602e-11       1.654851648570e-12      -2.072780126692e-12       0.000000000000e+00       4.196647689192e-16       1.007563157515e-16      -1.745273394442e-17 
 1942       2.961306537719e-11       1.651862559575e-12      -2.100172786749e-12       0.000000000000e+00       4.187884619994e-16       1.010903211601e-16      -1.740435723391e-17 
 1943       2.959937633482e-11       1.648691202285e-12      -2.127301881020e-12       0.000000000000e+00       4.179144005234e-16       1.014175711249e-16      -1.735368676039e-17 
 1944       2.958754518296e-11       1.645339320035e-12      -2.154157671064e-12       0.000000000000e+00       4.170425781701e-16       1.017381078557e-16      -1.730074195859e-17 
 1945       2.957754029765e-11       1.641808665015e-12      -2.180730381219e-12       0.000000000000e+00       4.161729885554e-16       1.020519738036e-16      -1.724554236431e-17 
 1946       2.956932990674e-11       1.638100998288e-12      -2.207010198552e-12       0.000000000000e+00       4.153056252332e-16       1.023592116618e-16      -1.718810761453e-17 
 1947       2.956288208972e-11       1.634218089798e-12      -2.232987272813e-12       0.000000000000e+00       4.144404816943e-16       1.026598643658e-16      -1.712845744760e-17 
 1948       2.955816477745e-11       1.630161718384e-12      -2.258651716393e-12       0.000000000000e+00       4.135775513672e-16       1.029539750938e-16      -1.706661170332e-17 
 1949       2.955514575205e-11       1.625933671790e-12      -2.283993604271e-12       0.000000000000e+00       4.127168276172e-16       1.032415872667e-16      -1.700259032310e-17 
 1950       2.955379264662e-11       1.621535746682e-12      -2.309002973971e-12       0.000000000000e+00       4.118583037471e-16       1.035227445491e-16      -1.693641335014e-17 
 1951       2.955407294511e-11       1.616969748655e-12      -2.333669825515e-12       0.000000000000e+00       4.110019729963e-16       1.037974908489e-16      -1.686810092948e-17 
 1952       2.955595398207e-11       1.612237492246e-12      -2.357984121378e-12       0.000000000000e+00       4.101478285413e-16       1.040658703181e-16      -1.679767330824e-17 
 1953       2.955940294247e-11       1.607340800950e-12      -2.381935786437e-12       0.000000000000e+00       4.092958634953e-16       1.043279273532e-16      -1.672515083568e-17 
 1954       2.956438686152e-11       1.602281507227e-12      -2.405514707928e-12       0.000000000000e+00       4.084460709082e-16       1.045837065951e-16      -1.665055396337e-17 
 1955       2.957087262444e-11       1.597061452516e-12      -2.428710735400e-12       0.000000000000e+00       4.075984437665e-16       1.048332529300e-16      -1.657390324534e-17 
 1956       2.957882696629e-11       1.591682487249e-12      -2.451513680666e-12       0.000000000000e+00       4.067529749932e-16       1.050766114892e-16      -1.649521933821e-17 
 1957       2.958821647176e-11       1.586146470860e-12      -2.473913317757e-12       0.000000000000e+00       4.059096574477e-16       1.053138276498e-16      -1.641452300129e-17 
 1958       2.959900757495e-11       1.580455271800e-12      -2.495899382878e-12       0.000000000000e+00       4.050684839256e-16       1.055449470349e-16      -1.633183509680e-17 
 1959       2.961116655922e-11       1.574610767545e-12      -2.517461574357e-12       0.000000000000e+00       4.042294471586e-16       1.057700155141e-16      -1.624717658993e-17 
 1960       2.962465955695e-11       1.568614844614e-12      -2.538589552602e-12       0.000000000000e+00       4.033925398149e-16       1.059890792036e-16      -1.616056854902e-17 
 1961       2.963945254936e-11       1.562469398576e-12      -2.559272940054e-12       0.000000000000e+00       4.025577544982e-16       1.062021844666e-16      -1.607203214569e-17 
 1962       2.965551136631e-11       1.556176334064e-12      -2.579501321140e-12       0.000000000000e+00       4.017250837484e-16       1.064093779139e-16      -1.598158865499e-17 
 1963       2.967280168608e-11       1.549737564787e-12      -2.599264242223e-12       0.000000000000e+00       4.008945200410e-16       1.066107064037e-16      -1.588925945550e-17 
 1964       2.969128903523e-11       1.543155013543e-12      -2.618551211563e-12       0.000000000000e+00       4.000660557873e-16       1.068062170426e-16      -1.579506602951e-17 
 1965       2.971093878832e-11       1.536430612229e-12      -2.637351699264e-12       0.000000000000e+00       3.992396833342e-16       1.069959571855e-16      -1.569902996316e-17 
 1966       2.973171616779e-11       1.529566301856e-12      -2.655655137229e-12       0.000000000000e+00       3.984153949640e-16       1.071799744360e-16      -1.560117294654e-17 
 1967       2.975358624370e-11       1.522564032557e-12      -2.673450919116e-12       0.000000000000e+00       3.975931828945e-16       1.073583166469e-16      -1.550151677386e-17 
 1968       2.977651393358e-11       1.515425763604e-12      -2.690728400287e-12       0.000000000000e+00       3.967730392787e-16       1.075310319203e-16      -1.540008334360e-17 
 1969       2.980046400221e-11       1.508153463415e-12      -2.707476897767e-12       0.000000000000e+00       3.959549562049e-16       1.076981686083e-16      -1.529689465858e-17 
 1970       2.982540074348e-11       1.500749296632e-12      -2.723687301436e-12       0.000000000000e+00       3.951389262427e-16       1.078597600645e-16      -1.519197591135e-17 
 1971       2.985128702394e-11       1.493216186829e-12      -2.739356920811e-12       0.000000000000e+00       3.943249440872e-16       1.080157787768e-16      -1.508536476468e-17 
 1972       2.987808523175e-11       1.485557258008e-12      -2.754484674184e-12       0.000000000000e+00       3.935130049269e-16       1.081661818944e-16      -1.497710214026e-17 
 1973       2.990575759379e-11       1.477775647932e-12      -2.769069480648e-12       0.000000000000e+00       3.927031038985e-16       1.083109264457e-16      -1.486722914003e-17 
 1974       2.993426617542e-11       1.469874508147e-12      -2.783110260103e-12       0.000000000000e+00       3.918952360867e-16       1.084499693379e-16      -1.475578704639e-17 
 1975       2.996357288028e-11       1.461857003996e-12      -2.796605933255e-12       0.000000000000e+00       3.910893965242e-16       1.085832673567e-16      -1.464281732249e-17 
 1976       2.999363945008e-11       1.453726314638e-12      -2.809555421625e-12       0.000000000000e+00       3.902855801914e-16       1.087107771667e-16      -1.452836161241e-17 
 1977       3.002442746439e-11       1.445485633069e-12      -2.821957647547e-12       0.000000000000e+00       3.894837820169e-16       1.088324553106e-16      -1.441246174141e-17 
 1978       3.005589834046e-11       1.437138166134e-12      -2.833811534176e-12       0.000000000000e+00       3.886839968766e-16       1.089482582095e-16      -1.429515971620e-17 
 1979       3.008801333297e-11       1.428687134550e-12      -2.845116005485e-12       0.000000000000e+00       3.878862195943e-16       1.090581421628e-16      -1.417649772509e-17 
 1980       3.012073353384e-11       1.420135772922e-12      -2.855869986275e-12       0.000000000000e+00       3.870904449413e-16       1.091620633477e-16      -1.405651813834e-17 
 1981       3.015401987204e-11       1.411487329761e-12      -2.866072402174e-12       0.000000000000e+00       3.862966676363e-16       1.092599778194e-16      -1.393526350829e-17 
 1982       3.018783311333e-11       1.402745067501e-12      -2.875722179641e-12       0.000000000000e+00       3.855048823454e-16       1.093518415110e-16      -1.381277656964e-17 
 1983       3.022213386012e-11       1.393912262517e-12      -2.884818245971e-12       0.000000000000e+00       3.847150836820e-16       1.094376102331e-16      -1.368910023969e-17 
 1984       3.025688255122e-11       1.384992205146e-12      -2.893359529295e-12       0.000000000000e+00       3.839272662069e-16       1.095172396737e-16      -1.356427761857e-17 
 1985       3.029203946163e-11       1.375988199700e-12      -2.901344958587e-12       0.000000000000e+00       3.831414244278e-16       1.095906853984e-16      -1.343835198945e-17 
 1986       3.032756470236e-11       1.366903564487e-12      -2.908773463664e-12       0.000000000000e+00       3.823575527996e-16       1.096579028499e-16      -1.331136681881e-17 
 1987       3.036341822017e-11       1.357741631829e-12      -2.915643975192e-12       0.000000000000e+00       3.815756457241e-16       1.097188473481e-16      -1.318336575663e-17 
 1988       3.039955979744e-11       1.348505748078e-12      -2.921955424686e-12       0.000000000000e+00       3.807956975500e-16       1.097734740899e-16      -1.305439263668e-17 
 1989       3.043594905190e-11       1.339199273635e-12      -2.927706744518e-12       0.000000000000e+00       3.800177025728e-16       1.098217381489e-16      -1.292449147671e-17 
 1990       3.047254543641e-11       1.329825582969e-12      -2.932896867914e-12       0.000000000000e+00       3.792416550349e-16       1.098635944755e-16      -1.279370647869e-17 
 1991       3.050930823884e-11       1.320388064630e-12      -2.937524728962e-12       0.000000000000e+00       3.784675491251e-16       1.098989978968e-16      -1.266208202907e-17 
 1992       3.054619658175e-11       1.310890121276e-12      -2.941589262615e-12       0.000000000000e+00       3.776953789788e-16       1.099279031163e-16      -1.252966269899e-17 
 1993       3.058316942226e-11       1.301335169680e-12      -2.945089404692e-12       0.000000000000e+00       3.769251386781e-16       1.099502647137e-16      -1.239649324452e-17 
 1994       3.062018555183e-11       1.291726640758e-12      -2.948024091882e-12       0.000000000000e+00       3.761568222512e-16       1.099660371451e-16      -1.226261860689e-17 
 1995       3.065720359601e-11       1.282067979578e-12      -2.950392261749e-12       0.000000000000e+00       3.753904236729e-16       1.099751747425e-16      -1.212808391273e-17 
 1996       3.069418201428e-11       1.272362645386e-12      -2.952192852732e-12       0.000000000000e+00       3.746259368639e-16       1.099776317139e-16      -1.199293447431e-17 
 1997       3.073107909982e-11       1.262614111615e-12      -2.953424804151e-12       0.000000000000e+00       3.738633556914e-16       1.099733621431e-16      -1.185721578976e-17 
 1998       3.076785297930e-11       1.252825865913e-12      -2.954087056210e-12       0.000000000000e+00       3.731026739684e-16       1.099623199896e-16      -1.172097354332e-17 
 1999       3.080446161269e-11       1.243001410153e-12      -2.954178549998e-12       0.000000000000e+00       3.723438854540e-16       1.099444590884e-16      -1.158425360556e-17 
 2000       3.084086279302e-11       1.233144260452e-12      -2.953698227495e-12       0.000000000000e+00       3.715869838532e-16       1.099197331499e-16      -1.144710203361e-17 
 2001       3.087701414621e-11       1.223257947194e-12      -2.952645031574e-12       0.000000000000e+00       3.708319628168e-16       1.098880957600e-16      -1.130956507141e-17 
 2002       3.091287313082e-11       1.213346015041e-12      -2.951017906005e-12       0.000000000000e+00       3.700788159414e-16       1.098495003794e-16      -1.117168914995e-17 
 2003       3.094839703790e-11       1.203412022957e-12      -2.948815795454e-12       0.000000000000e+00       3.693275367691e-16       1.098039003440e-16      -1.103352088747e-17 
 2004       3.098354299071e-11       1.193459544220e-12      -2.946037645495e-12       0.000000000000e+00       3.685781187876e-16       1.097512488646e-16      -1.089510708974e-17 
 2005       3.101826794456e-11       1.183492166446e-12      -2.942682402603e-12       0.000000000000e+00       3.678305554303e-16       1.096914990267e-16      -1.075649475024e-17 
 2006       3.105252868661e-11       1.173513491601e-12      -2.938749014167e-12       0.000000000000e+00       3.670848400758e-16       1.096246037906e-16      -1.061773105045e-17 
 2007       3.108628183562e-11       1.163527136023e-12      -2.934236428485e-12       0.000000000000e+00       3.663409660481e-16       1.095505159907e-16      -1.047886336005e-17 
 2008       3.111948384177e-11       1.153536730439e-12      -2.929143594772e-12       0.000000000000e+00       3.655989266164e-16       1.094691883363e-16      -1.033993923715e-17 
 2009       3.115209436507e-11       1.143545756951e-12      -2.923470713922e-12       0.000000000000e+00       3.648587154731e-16       1.093805992557e-16      -1.020100282516e-17 
 2010       3.118408643800e-11       1.133557058657e-12      -2.917223000757e-12       0.000000000000e+00       3.641203281719e-16       1.092848306386e-16      -1.006208401411e-17 
 2011       3.121543637649e-11       1.123573326498e-12      -2.910406949192e-12       0.000000000000e+00       3.633837607002e-16       1.091819906600e-16      -9.923209200838e-18 
 2012       3.124612040790e-11       1.113597261968e-12      -2.903029084011e-12       0.000000000000e+00       3.626490090016e-16       1.090721879877e-16      -9.784404885293e-18 
 2013       3.127611467095e-11       1.103631577136e-12      -2.895095960897e-12       0.000000000000e+00       3.619160689759e-16       1.089555317823e-16      -9.645697670696e-18 
 2014       3.130539521560e-11       1.093678994652e-12      -2.886614166485e-12       0.000000000000e+00       3.611849364793e-16       1.088321316981e-16      -9.507114263654e-18 
 2015       3.133393800290e-11       1.083742247765e-12      -2.877590318390e-12       0.000000000000e+00       3.604556073241e-16       1.087020978838e-16      -9.368681474290e-18 
 2016       3.136171890495e-11       1.073824080334e-12      -2.868031065257e-12       0.000000000000e+00       3.597280772786e-16       1.085655409832e-16      -9.230426216369e-18 
 2017       3.138871370473e-11       1.063927246841e-12      -2.857943086796e-12       0.000000000000e+00       3.590023420671e-16       1.084225721354e-16      -9.092375507427e-18 
 2018       3.141489809605e-11       1.054054512402e-12      -2.847333093825e-12       0.000000000000e+00       3.582783973701e-16       1.082733029761e-16      -8.954556468895e-18 
 2019       3.144024768337e-11       1.044208652787e-12      -2.836207828308e-12       0.000000000000e+00       3.575562388235e-16       1.081178456376e-16      -8.816996326226e-18 
 2020       3.146473798179e-11       1.034392454423e-12      -2.824574063398e-12       0.000000000000e+00       3.568358620195e-16       1.079563127498e-16      -8.679722409027e-18 
 2021       3.148834441684e-11       1.024608714416e-12      -2.812438603476e-12       0.000000000000e+00       3.561172625057e-16       1.077888174409e-16      -8.542762151181e-18 
 2022       3.151104232445e-11       1.014860240558e-12      -2.799808284192e-12       0.000000000000e+00       3.554004357855e-16       1.076154733378e-16      -8.406143090973e-18 
 2023       3.153280695079e-11       1.005149851345e-12      -2.786689972504e-12       0.000000000000e+00       3.546853773179e-16       1.074363945666e-16      -8.269892871224e-18 
 2024       3.155361345220e-11       9.954803759851e-13      -2.773090566721e-12       0.000000000000e+00       3.539720825174e-16       1.072516957539e-16      -8.134039239410e-18 
 2025       3.157343689505e-11       9.858546544140e-13      -2.759016996541e-12       0.000000000000e+00       3.532605467540e-16       1.070614920267e-16      -7.998610047793e-18 
 2026       3.159225225568e-11       9.762755373087e-13      -2.744476223093e-12       0.000000000000e+00       3.525507653531e-16       1.068658990135e-16      -7.863633253550e-18 
 2027       3.161003442023e-11       9.667458860993e-13      -2.729475238976e-12       0.000000000000e+00       3.518427335954e-16       1.066650328445e-16      -7.729136918894e-18 
 2028       3.162675818457e-11       9.572685729824e-13      -2.714021068300e-12       0.000000000000e+00       3.511364467167e-16       1.064590101530e-16      -7.595149211207e-18 
 2029       3.164239825420e-11       9.478464809340e-13      -2.698120766728e-12       0.000000000000e+00       3.504318999084e-16       1.062479480751e-16      -7.461698403163e-18 
 2030       3.165692924412e-11       9.384825037231e-13      -2.681781421513e-12       0.000000000000e+00       3.497290883165e-16       1.060319642511e-16      -7.328812872858e-18 
 2031       3.167032567872e-11       9.291795459238e-13      -2.665010151543e-12       0.000000000000e+00       3.490280070425e-16       1.058111768256e-16      -7.196521103935e-18 
 2032       3.168256199170e-11       9.199405229290e-13      -2.647814107376e-12       0.000000000000e+00       3.483286511427e-16       1.055857044485e-16      -7.064851685711e-18 
 2033       3.169361252593e-11       9.107683609634e-13      -2.630200471285e-12       0.000000000000e+00       3.476310156282e-16       1.053556662755e-16      -6.933833313305e-18 
 2034       3.170345153337e-11       9.016659970963e-13      -2.612176457296e-12       0.000000000000e+00       3.469350954651e-16       1.051211819686e-16      -6.803494787764e-18 
 2035       3.171205317495e-11       8.926363792546e-13      -2.593749311229e-12       0.000000000000e+00       3.462408855743e-16       1.048823716972e-16      -6.673865016191e-18 
 2036       3.171939152045e-11       8.836824662361e-13      -2.574926310740e-12       0.000000000000e+00       3.455483808314e-16       1.046393561379e-16      -6.544973011873e-18 
 2037       3.172544054842e-11       8.748072277223e-13      -2.555714765358e-12       0.000000000000e+00       3.448575760665e-16       1.043922564763e-16      -6.416847894404e-18 
 2038       3.173017414603e-11       8.660136442916e-13      -2.536122016527e-12       0.000000000000e+00       3.441684660643e-16       1.041411944064e-16      -6.289518889816e-18 
 2039       3.173356610903e-11       8.573047074321e-13      -2.516155437649e-12       0.000000000000e+00       3.434810455643e-16       1.038862921321e-16      -6.163015330704e-18 
 2040       3.173559014156e-11       8.486834195548e-13      -2.495822434119e-12       0.000000000000e+00       3.427953092600e-16       1.036276723675e-16      -6.037366656355e-18 
 2041       3.173621985611e-11       8.401527940068e-13      -2.475130443373e-12       0.000000000000e+00       3.421112517996e-16       1.033654583378e-16      -5.912602412873e-18 
 2042       3.173542877338e-11       8.317158550839e-13      -2.454086934919e-12       0.000000000000e+00       3.414288677855e-16       1.030997737793e-16      -5.788752253304e-18 
 2043       3.173319032217e-11       8.233756380439e-13      -2.432699410385e-12       0.000000000000e+00       3.407481517742e-16       1.028307429410e-16      -5.665845937770e-18 
 2044       3.172947783930e-11       8.151351891198e-13      -2.410975403558e-12       0.000000000000e+00       3.400690982765e-16       1.025584905843e-16      -5.543913333589e-18 
 2045       3.172426456946e-11       8.069975655323e-13      -2.388922480420e-12       0.000000000000e+00       3.393917017574e-16       1.022831419842e-16      -5.422984415405e-18 
 2046       3.171752366514e-11       7.989658355034e-13      -2.366548239193e-12       0.000000000000e+00       3.387159566357e-16       1.020048229298e-16      -5.303089265315e-18 
 2047       3.170922818650e-11       7.910430782691e-13      -2.343860310380e-12       0.000000000000e+00       3.380418572842e-16       1.017236597248e-16      -5.184258072995e-18 
 2048       3.169935573831e-11       7.832320147742e-13      -2.320866635121e-12       0.000000000000e+00       3.373693983358e-16       1.014397544719e-16      -5.066513007247e-18 
 2049       3.168790241714e-11       7.755338968443e-13      -2.297576302377e-12       0.000000000000e+00       3.366985756034e-16       1.011531107293e-16      -4.949843766869e-18 
 2050       3.167486896364e-11       7.679496101009e-13      -2.273998717813e-12       0.000000000000e+00       3.360293851664e-16       1.008637073242e-16      -4.834231855299e-18 
 2051       3.166025613457e-11       7.604800425606e-13      -2.250143326068e-12       0.000000000000e+00       3.353618230652e-16       1.005715230206e-16      -4.719658693222e-18 
 2052       3.164406470283e-11       7.531260846382e-13      -2.226019610806e-12       0.000000000000e+00       3.346958853008e-16       1.002765365195e-16      -4.606105618466e-18 
 2053       3.162629545747e-11       7.458886291490e-13      -2.201637094761e-12       0.000000000000e+00       3.340315678351e-16       9.997872645857e-17      -4.493553885895e-18 
 2054       3.160694920375e-11       7.387685713110e-13      -2.177005339787e-12       0.000000000000e+00       3.333688665904e-16       9.967807141244e-17      -4.381984667310e-18 
 2055       3.158602676313e-11       7.317668087480e-13      -2.152133946909e-12       0.000000000000e+00       3.327077774500e-16       9.937454989237e-17      -4.271379051334e-18 
 2056       3.156352897330e-11       7.248842414912e-13      -2.127032556366e-12       0.000000000000e+00       3.320482962576e-16       9.906814034626e-17      -4.161718043314e-18 
 2057       3.153945668822e-11       7.181217719824e-13      -2.101710847664e-12       0.000000000000e+00       3.313904188173e-16       9.875882115857e-17      -4.052982565213e-18 
 2058       3.151381077814e-11       7.114803050763e-13      -2.076178539621e-12       0.000000000000e+00       3.307341408940e-16       9.844657065026e-17      -3.945153455502e-18 
 2059       3.148659212963e-11       7.049607480427e-13      -2.050445390418e-12       0.000000000000e+00       3.300794582126e-16       9.813136707871e-17      -3.838211469061e-18 
 2060       3.145780164557e-11       6.985640105693e-13      -2.024521197647e-12       0.000000000000e+00       3.294263664585e-16       9.781318863767e-17      -3.732137277067e-18 
 2061       3.142744024524e-11       6.922910047637e-13      -1.998415798357e-12       0.000000000000e+00       3.287748612775e-16       9.749201345716e-17      -3.626911466891e-18 
 2062       3.139550886426e-11       6.861426451567e-13      -1.972139069105e-12       0.000000000000e+00       3.281249382753e-16       9.716781960341e-17      -3.522514541995e-18 
 2063       3.136200845472e-11       6.801198487037e-13      -1.945700926004e-12       0.000000000000e+00       3.274765930181e-16       9.684058507882e-17      -3.418926921822e-18 
 2064       3.132693998509e-11       6.742235347883e-13      -1.919111324769e-12       0.000000000000e+00       3.268298210319e-16       9.651028782185e-17      -3.316128941693e-18 
 2065       3.129030444034e-11       6.684546252236e-13      -1.892380260769e-12       0.000000000000e+00       3.261846178029e-16       9.617690570697e-17      -3.214100852705e-18 
 2066       3.125210282191e-11       6.628140442558e-13      -1.865517769073e-12       0.000000000000e+00       3.255409787773e-16       9.584041654457e-17      -3.112822821616e-18 
 2067       3.121233614776e-11       6.573027185659e-13      -1.838533924499e-12       0.000000000000e+00       3.248988993611e-16       9.550079808095e-17      -3.012274930751e-18 
 2068       3.117100545238e-11       6.519215772723e-13      -1.811438841661e-12       0.000000000000e+00       3.242583749203e-16       9.515802799816e-17      -2.912437177888e-18 
 2069       3.112811178682e-11       6.466715519335e-13      -1.784242675021e-12       0.000000000000e+00       3.236194007804e-16       9.481208391401e-17      -2.813289476158e-18 
 2070       3.108365621873e-11       6.415535765505e-13      -1.756955618933e-12       0.000000000000e+00       3.229819722270e-16       9.446294338195e-17      -2.714811653934e-18 
 2071       3.103763983235e-11       6.365685875691e-13      -1.729587907694e-12       0.000000000000e+00       3.223460845052e-16       9.411058389104e-17      -2.616983454732e-18 
 2072       3.099006372858e-11       6.317175238825e-13      -1.702149815593e-12       0.000000000000e+00       3.217117328197e-16       9.375498286582e-17      -2.519784537100e-18 
 2073       3.094092902496e-11       6.270013268339e-13      -1.674651656956e-12       0.000000000000e+00       3.210789123347e-16       9.339611766632e-17      -2.423194474517e-18 
 2074       3.089023685572e-11       6.224209402186e-13      -1.647103786199e-12       0.000000000000e+00       3.204476181742e-16       9.303396558793e-17      -2.327192755285e-18 
 2075       3.083798837183e-11       6.179773102869e-13      -1.619516597871e-12       0.000000000000e+00       3.198178454212e-16       9.266850386135e-17      -2.231758782422e-18 
 2076       3.078418474095e-11       6.136713857462e-13      -1.591900526708e-12       0.000000000000e+00       3.191895891184e-16       9.229970965252e-17      -2.136871873561e-18 
 2077       3.072882714753e-11       6.095041177638e-13      -1.564266047678e-12       0.000000000000e+00       3.185628442677e-16       9.192756006255e-17      -2.042511260841e-18 
 2078       3.067191679281e-11       6.054764599690e-13      -1.536623676028e-12       0.000000000000e+00       3.179376058303e-16       9.155203212766e-17      -1.948656090803e-18 
 2079       3.061345489481e-11       6.015893684558e-13      -1.508983967337e-12       0.000000000000e+00       3.173138687266e-16       9.117310281908e-17      -1.855285424285e-18 
 2080       3.055344268842e-11       5.978438017856e-13      -1.481357517560e-12       0.000000000000e+00       3.166916278360e-16       9.079074904303e-17      -1.762378236314e-18 
 2081       3.049188142537e-11       5.942407209891e-13      -1.453754963080e-12       0.000000000000e+00       3.160708779972e-16       9.040494764059e-17      -1.669913416005e-18 
 2082       3.042877237428e-11       5.907810895693e-13      -1.426186980752e-12       0.000000000000e+00       3.154516140077e-16       9.001567538768e-17      -1.577869766451e-18 
 2083       3.036411682069e-11       5.874658735036e-13      -1.398664287955e-12       0.000000000000e+00       3.148338306242e-16       8.962290899496e-17      -1.486226004619e-18 
 2084       3.029791606707e-11       5.842960412464e-13      -1.371197642641e-12       0.000000000000e+00       3.142175225621e-16       8.922662510780e-17      -1.394960761248e-18 
 2085       3.023017143283e-11       5.812725637318e-13      -1.343797843379e-12       0.000000000000e+00       3.136026844956e-16       8.882680030615e-17      -1.304052580738e-18 
 2086       3.016088425439e-11       5.783964143757e-13      -1.316475729408e-12       0.000000000000e+00       3.129893110581e-16       8.842341110452e-17      -1.213479921047e-18 
 2087       3.009005911221e-11       5.756682233968e-13      -1.289241501469e-12       0.000000000000e+00       3.123773972002e-16       8.801645590518e-17      -1.123221145491e-18 
 2088       3.001771353664e-11       5.730872381244e-13      -1.262102679014e-12       0.000000000000e+00       3.117669392710e-16       8.760602102638e-17      -1.033254498278e-18 
 2089       2.994386837021e-11       5.706523554035e-13      -1.235066128766e-12       0.000000000000e+00       3.111579339444e-16       8.719221513709e-17      -9.435581285906e-19 
 2090       2.986854454686e-11       5.683624666067e-13      -1.208138742664e-12       0.000000000000e+00       3.105503778616e-16       8.677514734632e-17      -8.541100985626e-19 
 2091       2.979176309209e-11       5.662164576280e-13      -1.181327437888e-12       0.000000000000e+00       3.099442676301e-16       8.635492720363e-17      -7.648883831702e-19 
 2092       2.971354512304e-11       5.642132088751e-13      -1.154639156892e-12       0.000000000000e+00       3.093395998245e-16       8.593166469970e-17      -6.758708701289e-19 
 2093       2.963391184865e-11       5.623515952624e-13      -1.128080867434e-12       0.000000000000e+00       3.087363709859e-16       8.550547026680e-17      -5.870353597873e-19 
 2094       2.955288456972e-11       5.606304862043e-13      -1.101659562602e-12       0.000000000000e+00       3.081345776219e-16       8.507645477941e-17      -4.983595650207e-19 
 2095       2.947048467904e-11       5.590487456079e-13      -1.075382260849e-12       0.000000000000e+00       3.075342162068e-16       8.464472955467e-17      -4.098211111265e-19 
 2096       2.938673366155e-11       5.576052318661e-13      -1.049256006017e-12       0.000000000000e+00       3.069352831815e-16       8.421040635298e-17      -3.213975357177e-19 
 2097       2.930165309438e-11       5.562987978502e-13      -1.023287867370e-12       0.000000000000e+00       3.063377749532e-16       8.377359737851e-17      -2.330662886177e-19 
 2098       2.921526464701e-11       5.551282909033e-13      -9.974849396256e-13       0.000000000000e+00       3.057416878957e-16       8.333441527971e-17      -1.448047317544e-19 
 2099       2.912759008138e-11       5.540925528331e-13      -9.718543429785e-13       0.000000000000e+00       3.051470183489e-16       8.289297314990e-17      -5.659013905466e-20 
 2100       2.903865125200e-11       5.531904199046e-13      -9.464032231363e-13       0.000000000000e+00       3.045537626192e-16       8.244938452776e-17       3.160030366131e-20 
 2101       2.894847010605e-11       5.524207228334e-13      -9.211387513457e-13       0.000000000000e+00       3.039619169794e-16       8.200376339786e-17       1.197894987858e-19 
 2102       2.885706868350e-11       5.517822867784e-13      -8.960681244236e-13       0.000000000000e+00       3.033714776682e-16       8.155622419126e-17       2.080004370292e-19 
 2103       2.876446911725e-11       5.512739313351e-13      -8.711985647860e-13       0.000000000000e+00       3.027824408908e-16       8.110688178594e-17       2.962561975254e-19 
 2104       2.867069363321e-11       5.508944705279e-13      -8.465373204783e-13       0.000000000000e+00       3.021948028181e-16       8.065585150745e-17       3.845799479381e-19 
 2105       2.857576455041e-11       5.506427128038e-13      -8.220916652044e-13       0.000000000000e+00       3.016085595875e-16       8.020324912935e-17       4.729949445655e-19 
 2106       2.847970428117e-11       5.505174610248e-13      -7.978688983568e-13       0.000000000000e+00       3.010237073023e-16       7.974919087380e-17       5.615245324470e-19 
 2107       2.838253533114e-11       5.505175124612e-13      -7.738763450461e-13       0.000000000000e+00       3.004402420315e-16       7.929379341207e-17       6.501921454682e-19 
 2108       2.828428029945e-11       5.506416587843e-13      -7.501213561307e-13       0.000000000000e+00       2.998581598105e-16       7.883717386508e-17       7.390213064666e-19 
 2109       2.818496187884e-11       5.508886860596e-13      -7.266113082462e-13       0.000000000000e+00       2.992774566400e-16       7.837944980396e-17       8.280356273377e-19 
 2110       2.808460285575e-11       5.512573747393e-13      -7.033536038356e-13       0.000000000000e+00       2.986981284871e-16       7.792073925053e-17       9.172588091400e-19 
 2111       2.798322611041e-11       5.517464996559e-13      -6.803556711786e-13       0.000000000000e+00       2.981201712842e-16       7.746116067788e-17       1.006714642201e-18 
 2112       2.788085461703e-11       5.523548300146e-13      -6.576249644212e-13       0.000000000000e+00       2.975435809296e-16       7.700083301091e-17       1.096427006224e-18 
 2113       2.777751144383e-11       5.530811293866e-13      -6.351689636058e-13       0.000000000000e+00       2.969683532875e-16       7.653987562683e-17       1.186419870391e-18 
 2114       2.767321975321e-11       5.539241557017e-13      -6.129951747004e-13       0.000000000000e+00       2.963944841873e-16       7.607840835570e-17       1.276717293471e-18 
 2115       2.756800280183e-11       5.548826612417e-13      -5.911111296284e-13       0.000000000000e+00       2.958219694243e-16       7.561655148099e-17       1.367343423925e-18 
 2116       2.746188394075e-11       5.559553926329e-13      -5.695243862984e-13       0.000000000000e+00       2.952508047592e-16       7.515442574011e-17       1.458322500009e-18 
 2117       2.735488661552e-11       5.571410908393e-13      -5.482425286338e-13       0.000000000000e+00       2.946809859180e-16       7.469215232493e-17       1.549678849886e-18 
 2118       2.724703436632e-11       5.584384911557e-13      -5.272731666024e-13       0.000000000000e+00       2.941125085925e-16       7.422985288231e-17       1.641436891725e-18 
 2119       2.713835082805e-11       5.598463232002e-13      -5.066239362463e-13       0.000000000000e+00       2.935453684396e-16       7.376764951465e-17       1.733621133809e-18 
 2120       2.702885973045e-11       5.613633109075e-13      -4.863024997112e-13       0.000000000000e+00       2.929795610816e-16       7.330566478044e-17       1.826256174643e-18 
 2121       2.691858489822e-11       5.629881725218e-13      -4.663165452762e-13       0.000000000000e+00       2.924150821060e-16       7.284402169474e-17       1.919366703055e-18 
 2122       2.680755025113e-11       5.647196205898e-13      -4.466737873838e-13       0.000000000000e+00       2.918519270657e-16       7.238284372978e-17       2.012977498307e-18 
 2123       2.669577980414e-11       5.665563619533e-13      -4.273819666692e-13       0.000000000000e+00       2.912900914786e-16       7.192225481546e-17       2.107113430196e-18 
 2124       2.658329766751e-11       5.684970977426e-13      -4.084488499898e-13       0.000000000000e+00       2.907295708278e-16       7.146237933988e-17       2.201799459163e-18 
 2125       2.647012804689e-11       5.705405233692e-13      -3.898822304556e-13       0.000000000000e+00       2.901703605614e-16       7.100334214988e-17       2.297060636397e-18 
 2126       2.635629558308e-11       5.726851848020e-13      -3.716888137333e-13       0.000000000000e+00       2.896124563875e-16       7.054524326502e-17       2.392909690936e-18 
 2127       2.624182637344e-11       5.749290463277e-13      -3.538708685207e-13       0.000000000000e+00       2.890558551613e-16       7.008808182798e-17       2.489309697344e-18 
 2128       2.612674695771e-11       5.772699198003e-13      -3.364295530689e-13       0.000000000000e+00       2.885005540037e-16       6.963183163158e-17       2.586211151194e-18 
 2129       2.601108397918e-11       5.797056080766e-13      -3.193660268133e-13       0.000000000000e+00       2.879465500072e-16       6.917646635767e-17       2.683564358516e-18 
 2130       2.589486418481e-11       5.822339050057e-13      -3.026814503734e-13       0.000000000000e+00       2.873938402360e-16       6.872195957700e-17       2.781319435568e-18 
 2131       2.577811442535e-11       5.848525954176e-13      -2.863769855533e-13       0.000000000000e+00       2.868424217255e-16       6.826828474909e-17       2.879426308615e-18 
 2132       2.566086165548e-11       5.875594551129e-13      -2.704537953414e-13       0.000000000000e+00       2.862922914826e-16       6.781541522206e-17       2.977834713704e-18 
 2133       2.554313293389e-11       5.903522508515e-13      -2.549130439111e-13       0.000000000000e+00       2.857434464857e-16       6.736332423255e-17       3.076494196442e-18 
 2134       2.542495542346e-11       5.932287403421e-13      -2.397558966202e-13       0.000000000000e+00       2.851958836844e-16       6.691198490552e-17       3.175354111770e-18 
 2135       2.530635639132e-11       5.961866722310e-13      -2.249835200116e-13       0.000000000000e+00       2.846495999996e-16       6.646137025418e-17       3.274363623742e-18 
 2136       2.518736320905e-11       5.992237860914e-13      -2.105970818131e-13       0.000000000000e+00       2.841045923236e-16       6.601145317980e-17       3.373471705297e-18 
 2137       2.506800335273e-11       6.023378124127e-13      -1.965977509375e-13       0.000000000000e+00       2.835608575197e-16       6.556220647159e-17       3.472627138041e-18 
 2138       2.494830440309e-11       6.055264725893e-13      -1.829866974830e-13       0.000000000000e+00       2.830183924225e-16       6.511360280659e-17       3.571778512017e-18 
 2139       2.482829404564e-11       6.087874789099e-13      -1.697650927330e-13       0.000000000000e+00       2.824771938376e-16       6.466561474950e-17       3.670874225487e-18 
 2140       2.470800007081e-11       6.121185345467e-13      -1.569341091564e-13       0.000000000000e+00       2.819372585420e-16       6.421821475254e-17       3.769862484705e-18 
 2141       2.458745037401e-11       6.155173335446e-13      -1.444949204076e-13       0.000000000000e+00       2.813985832833e-16       6.377137515536e-17       3.868691303694e-18 
 2142       2.446667295583e-11       6.189815608099e-13      -1.324487013266e-13       0.000000000000e+00       2.808611647804e-16       6.332506818484e-17       3.967308504021e-18 
 2143       2.434569592211e-11       6.225088921000e-13      -1.207966279394e-13       0.000000000000e+00       2.803249997231e-16       6.287926595503e-17       4.065661714575e-18 
 2144       2.422454748407e-11       6.260969940122e-13      -1.095398774577e-13       0.000000000000e+00       2.797900847720e-16       6.243394046692e-17       4.163698371344e-18 
 2145       2.410325595846e-11       6.297435239730e-13      -9.867962827920e-14       0.000000000000e+00       2.792564165588e-16       6.198906360840e-17       4.261365717189e-18 
 2146       2.398184976765e-11       6.334461302269e-13      -8.821705998783e-14       0.000000000000e+00       2.787239916857e-16       6.154460715404e-17       4.358610801622e-18 
 2147       2.386035743977e-11       6.372024518262e-13      -7.815335335368e-14       0.000000000000e+00       2.781928067261e-16       6.110054276503e-17       4.455380480579e-18 
 2148       2.373880760884e-11       6.410101186194e-13      -6.848969033321e-14       0.000000000000e+00       2.776628582238e-16       6.065684198898e-17       4.551621416203e-18 
 2149       2.361722901488e-11       6.448667512407e-13      -5.922725406931e-14       0.000000000000e+00       2.771341426935e-16       6.021347625981e-17       4.647280076611e-18 
 2150       2.349565050402e-11       6.487699610994e-13      -5.036722889147e-14       0.000000000000e+00       2.766066566205e-16       5.977041689763e-17       4.742302735681e-18 
 2151       2.337410102866e-11       6.527173503683e-13      -4.191080031585e-14       0.000000000000e+00       2.760803964607e-16       5.932763510857e-17       4.836635472817e-18 
 2152       2.325260964755e-11       6.567065119736e-13      -3.385915504541e-14       0.000000000000e+00       2.755553586406e-16       5.888510198468e-17       4.930224172734e-18 
 2153       2.313120552596e-11       6.607350295836e-13      -2.621348097003e-14       0.000000000000e+00       2.750315395573e-16       5.844278850375e-17       5.023014525231e-18 
 2154       2.300991793575e-11       6.648004775980e-13      -1.897496716661e-14       0.000000000000e+00       2.745089355783e-16       5.800066552923e-17       5.114952024966e-18 
 2155       2.288877625553e-11       6.689004211369e-13      -1.214480389918e-14       0.000000000000e+00       2.739875430416e-16       5.755870381004e-17       5.205981971236e-18 
 2156       2.276780997079e-11       6.730324160301e-13      -5.724182619036e-15       0.000000000000e+00       2.734673582556e-16       5.711687398046e-17       5.296049467747e-18 
 2157       2.264704867398e-11       6.771940088061e-13       2.857040351654e-16       0.000000000000e+00       2.729483774991e-16       5.667514656000e-17       5.385099422397e-18 
 2158       2.252652206467e-11       6.813827366813e-13       5.883662237289e-15       0.000000000000e+00       2.724305970212e-16       5.623349195324e-17       5.473076547049e-18 
 2159       2.240625994965e-11       6.855961275492e-13       1.106849697361e-14       0.000000000000e+00       2.719140130412e-16       5.579188044971e-17       5.559925357307e-18 
 2160       2.228629224309e-11       6.898316999693e-13       1.583901204269e-14       0.000000000000e+00       2.713986217490e-16       5.535028222378e-17       5.645590172293e-18 
 2161       2.216664896660e-11       6.940869631568e-13       2.019401005527e-14       0.000000000000e+00       2.708844193042e-16       5.490866733445e-17       5.730015114424e-18 
 2162       2.204736024941e-11       6.983594169708e-13       2.413229243418e-14       0.000000000000e+00       2.703714018369e-16       5.446700572529e-17       5.813144109187e-18 
 2163       2.192845632848e-11       7.026465519043e-13       2.765265941417e-14       0.000000000000e+00       2.698595654472e-16       5.402526722426e-17       5.894920884914e-18 
 2164       2.180996754860e-11       7.069458490731e-13       3.075391004186e-14       0.000000000000e+00       2.693489062053e-16       5.358342154360e-17       5.975288972563e-18 
 2165       2.169192216915e-11       7.112548807848e-13       3.343573632330e-14       0.000000000000e+00       2.688394204380e-16       5.314145822062e-17       6.054201931249e-18 
 2166       2.157433976783e-11       7.155716130122e-13       3.570141227507e-14       0.000000000000e+00       2.683311055906e-16       5.269944658773e-17       6.131654100879e-18 
 2167       2.145723779256e-11       7.198941049436e-13       3.755512305531e-14       0.000000000000e+00       2.678239593706e-16       5.225747620769e-17       6.207650057011e-18 
 2168       2.134063375092e-11       7.242204085803e-13       3.900107248967e-14       0.000000000000e+00       2.673179794618e-16       5.181563696977e-17       6.282194404011e-18 
 2169       2.122454521016e-11       7.285485687280e-13       4.004348309402e-14       0.000000000000e+00       2.668131635245e-16       5.137401909016e-17       6.355291775093e-18 
 2170       2.110898979728e-11       7.328766229886e-13       4.068659609726e-14       0.000000000000e+00       2.663095091947e-16       5.093271311235e-17       6.426946832354e-18 
 2171       2.099398519914e-11       7.372026017521e-13       4.093467146405e-14       0.000000000000e+00       2.658070140850e-16       5.049180990751e-17       6.497164266815e-18 
 2172       2.087954916246e-11       7.415245281880e-13       4.079198791764e-14       0.000000000000e+00       2.653056757841e-16       5.005140067482e-17       6.565948798456e-18 
 2173       2.076569949396e-11       7.458404182372e-13       4.026284296256e-14       0.000000000000e+00       2.648054918565e-16       4.961157694191e-17       6.633305176256e-18 
 2174       2.065245406035e-11       7.501482806037e-13       3.935155290744e-14       0.000000000000e+00       2.643064598430e-16       4.917243056518e-17       6.699238178229e-18 
 2175       2.053983078846e-11       7.544461167465e-13       3.806245288777e-14       0.000000000000e+00       2.638085772606e-16       4.873405373020e-17       6.763752611466e-18 
 2176       2.042784766527e-11       7.587319208707e-13       3.639989688865e-14       0.000000000000e+00       2.633118416018e-16       4.829653895207e-17       6.826853312168e-18 
 2177       2.031652273799e-11       7.630036799198e-13       3.436825776756e-14       0.000000000000e+00       2.628162503355e-16       4.785997907581e-17       6.888545145686e-18 
 2178       2.020587411413e-11       7.672593735673e-13       3.197192727715e-14       0.000000000000e+00       2.623218009063e-16       4.742446727672e-17       6.948833006560e-18 
 2179       2.009591996156e-11       7.714969742083e-13       2.921531608799e-14       0.000000000000e+00       2.618284907349e-16       4.699009706077e-17       7.007721818555e-18 
 2180       1.998667850857e-11       7.757144469512e-13       2.610285381133e-14       0.000000000000e+00       2.613363172176e-16       4.655696226496e-17       7.065216534699e-18 
 2181       1.987816804396e-11       7.799097496093e-13       2.263898902190e-14       0.000000000000e+00       2.608452777268e-16       4.612515705770e-17       7.121322137326e-18 
 2182       1.977040691707e-11       7.840808326930e-13       1.882818928062e-14       0.000000000000e+00       2.603553696103e-16       4.569477593916e-17       7.176043638104e-18 
 2183       1.966341353788e-11       7.882256394008e-13       1.467494115744e-14       0.000000000000e+00       2.598665901921e-16       4.526591374171e-17       7.229386078083e-18 
 2184       1.955720637708e-11       7.923421056117e-13       1.018375025404e-14       0.000000000000e+00       2.593789367717e-16       4.483866563020e-17       7.281354527725e-18 
 2185       1.945180396609e-11       7.964281598765e-13       5.359141226650e-15       0.000000000000e+00       2.588924066241e-16       4.441312710243e-17       7.331954086950e-18 
 2186       1.934722489718e-11       8.004817234094e-13       2.056578087773e-16       0.000000000000e+00       2.584069970004e-16       4.398939398945e-17       7.381189885166e-18 
 2187       1.924348782351e-11       8.045007100801e-13      -5.272137165997e-15       0.000000000000e+00       2.579227051269e-16       4.356756245598e-17       7.429067081311e-18 
 2188       1.914061145920e-11       8.084830264054e-13      -1.106966174127e-14       0.000000000000e+00       2.574395282058e-16       4.314772900074e-17       7.475590863891e-18 
 2189       1.903861457940e-11       8.124265715407e-13      -1.718231481502e-14       0.000000000000e+00       2.569574634145e-16       4.272999045689e-17       7.520766451017e-18 
 2190       1.893751602035e-11       8.163292372718e-13      -2.360547611690e-14       0.000000000000e+00       2.564765079062e-16       4.231444399234e-17       7.564599090443e-18 
 2191       1.883733467946e-11       8.201889080067e-13      -3.033450618539e-14       0.000000000000e+00       2.559966588095e-16       4.190118711015e-17       7.607094059604e-18 
 2192       1.873808951535e-11       8.240034607675e-13      -3.736474634509e-14       0.000000000000e+00       2.555179132284e-16       4.149031764890e-17       7.648256665655e-18 
 2193       1.863979954797e-11       8.277707651814e-13      -4.469151868393e-14       0.000000000000e+00       2.550402682424e-16       4.108193378309e-17       7.688092245506e-18 
 2194       1.854248385859e-11       8.314886834733e-13      -5.231012603041e-14       0.000000000000e+00       2.545637209062e-16       4.067613402346e-17       7.726606165865e-18 
 2195       1.844616158994e-11       8.351550704569e-13      -6.021585193081e-14       0.000000000000e+00       2.540882682500e-16       4.027301721742e-17       7.763803823271e-18 
 2196       1.835085194622e-11       8.387677735267e-13      -6.840396062646e-14       0.000000000000e+00       2.536139072792e-16       3.987268254939e-17       7.799690644133e-18 
 2197       1.825657419321e-11       8.423246326494e-13      -7.686969703095e-14       0.000000000000e+00       2.531406349745e-16       3.947522954118e-17       7.834272084770e-18 
 2198       1.816334765832e-11       8.458234803562e-13      -8.560828670734e-14       0.000000000000e+00       2.526684482920e-16       3.908075805238e-17       7.867553631447e-18 
 2199       1.807119173063e-11       8.492621417338e-13      -9.461493584544e-14       0.000000000000e+00       2.521973441628e-16       3.868936828070e-17       7.899540800414e-18 
 2200       1.798012586101e-11       8.526384344166e-13      -1.038848312390e-13       0.000000000000e+00       2.517273194931e-16       3.830116076240e-17       7.930239137945e-18 
 2201       1.789016956215e-11       8.559501685783e-13      -1.134131402631e-13       0.000000000000e+00       2.512583711645e-16       3.791623637258e-17       7.959654220371e-18 
 2202       1.780134240862e-11       8.591951469233e-13      -1.231950108509e-13       0.000000000000e+00       2.507904960334e-16       3.753469632566e-17       7.987791654125e-18 
 2203       1.771366403696e-11       8.623711646791e-13      -1.332255714716e-13       0.000000000000e+00       2.503236909316e-16       3.715664217566e-17       8.014657075773e-18 
 2204       1.762715101396e-11       8.654762608229e-13      -1.434996900069e-13       0.000000000000e+00       2.498579527896e-16       3.678214467965e-17       8.040255844848e-18 
 2205       1.754180741861e-11       8.685094736051e-13      -1.540112486779e-13       0.000000000000e+00       2.493932790103e-16       3.641115016111e-17       8.064592120021e-18 
 2206       1.745763419771e-11       8.714700900279e-13      -1.647538642567e-13       0.000000000000e+00       2.489296670979e-16       3.604357352535e-17       8.087669776869e-18 
 2207       1.737463229197e-11       8.743573950631e-13      -1.757211287011e-13       0.000000000000e+00       2.484671145343e-16       3.567932933962e-17       8.109492714553e-18 
 2208       1.729280263601e-11       8.771706716505e-13      -1.869066091254e-13       0.000000000000e+00       2.480056187789e-16       3.531833183272e-17       8.130064855854e-18 
 2209       1.721214615835e-11       8.799092006953e-13      -1.983038477721e-13       0.000000000000e+00       2.475451772689e-16       3.496049489459e-17       8.149390147198e-18 
 2210       1.713266378139e-11       8.825722610662e-13      -2.099063619827e-13       0.000000000000e+00       2.470857874188e-16       3.460573207592e-17       8.167472558691e-18 
 2211       1.705435642138e-11       8.851591295933e-13      -2.217076441695e-13       0.000000000000e+00       2.466274466208e-16       3.425395658777e-17       8.184316084145e-18 
 2212       1.697722498845e-11       8.876690810662e-13      -2.337011617866e-13       0.000000000000e+00       2.461701522442e-16       3.390508130117e-17       8.199924741113e-18 
 2213       1.690127038658e-11       8.901013882315e-13      -2.458803573010e-13       0.000000000000e+00       2.457139016362e-16       3.355901874671e-17       8.214302570916e-18 
 2214       1.682649351359e-11       8.924553217911e-13      -2.582386481643e-13       0.000000000000e+00       2.452586921212e-16       3.321568111415e-17       8.227453638673e-18 
 2215       1.675289526112e-11       8.947301504001e-13      -2.707694267836e-13       0.000000000000e+00       2.448045210010e-16       3.287498025204e-17       8.239382033334e-18 
 2216       1.668047651463e-11       8.969251406642e-13      -2.834660604932e-13       0.000000000000e+00       2.443513855546e-16       3.253682766732e-17       8.250091867709e-18 
 2217       1.660923815339e-11       8.990395571384e-13      -2.963218915254e-13       0.000000000000e+00       2.438992830386e-16       3.220113452490e-17       8.259587278499e-18 
 2218       1.653918105047e-11       9.010726623244e-13      -3.093302369820e-13       0.000000000000e+00       2.434482106866e-16       3.186781164732e-17       8.267872426323e-18 
 2219       1.647030607273e-11       9.030237166684e-13      -3.224843888058e-13       0.000000000000e+00       2.429981657097e-16       3.153676951430e-17       8.274951495754e-18 
 2220       1.640261408078e-11       9.048919785596e-13      -3.357776137513e-13       0.000000000000e+00       2.425491452960e-16       3.120791826236e-17       8.280828695344e-18 
 2221       1.633610592902e-11       9.066767043275e-13      -3.492031533567e-13       0.000000000000e+00       2.421011466110e-16       3.088116768444e-17       8.285508257660e-18 
 2222       1.627078246560e-11       9.083771482403e-13      -3.627542239147e-13       0.000000000000e+00       2.416541667971e-16       3.055642722951e-17       8.288994439307e-18 
 2223       1.620664453242e-11       9.099925625022e-13      -3.764240164437e-13       0.000000000000e+00       2.412082029740e-16       3.023360600215e-17       8.291291520965e-18 
 2224       1.614369296508e-11       9.115221972521e-13      -3.902056966596e-13       0.000000000000e+00       2.407632522386e-16       2.991261276217e-17       8.292403807416e-18 
 2225       1.608192859294e-11       9.129653005609e-13      -4.040924049466e-13       0.000000000000e+00       2.403193116646e-16       2.959335592421e-17       8.292335627575e-18 
 2226       1.602135223905e-11       9.143211184297e-13      -4.180772563285e-13       0.000000000000e+00       2.398763783028e-16       2.927574355734e-17       8.291091334522e-18 
 2227       1.596196472017e-11       9.155888947875e-13      -4.321533404405e-13       0.000000000000e+00       2.394344491812e-16       2.895968338471e-17       8.288675305529e-18 
 2228       1.590376684675e-11       9.167678714896e-13      -4.463137214997e-13       0.000000000000e+00       2.389935213045e-16       2.864508278307e-17       8.285091942092e-18 
 2229       1.584675942291e-11       9.178572883147e-13      -4.605514382769e-13       0.000000000000e+00       2.385535916546e-16       2.833184878245e-17       8.280345669962e-18 
 2230       1.579094324644e-11       9.188563829637e-13      -4.748595040679e-13       0.000000000000e+00       2.381146571900e-16       2.801988806575e-17       8.274440939177e-18 
 2231       1.573631910881e-11       9.197643910569e-13      -4.892309066645e-13       0.000000000000e+00       2.376767148463e-16       2.770910696831e-17       8.267382224087e-18 
 2232       1.568288779511e-11       9.205805461324e-13      -5.036586083259e-13       0.000000000000e+00       2.372397615359e-16       2.739941147756e-17       8.259174023389e-18 
 2233       1.563065008408e-11       9.213040796436e-13      -5.181355457499e-13       0.000000000000e+00       2.368037941480e-16       2.709070723259e-17       8.249820860156e-18 
 2234       1.557960674808e-11       9.219342209576e-13      -5.326546300446e-13       0.000000000000e+00       2.363688095485e-16       2.678289952377e-17       8.239327281867e-18 
 2235       1.552975855310e-11       9.224701973527e-13      -5.472087466991e-13       0.000000000000e+00       2.359348045801e-16       2.647589329237e-17       8.227697860437e-18 
 2236       1.548110625871e-11       9.229112340166e-13      -5.617907555550e-13       0.000000000000e+00       2.355017760622e-16       2.616959313014e-17       8.214937192250e-18 
 2237       1.543365061809e-11       9.232565540439e-13      -5.763934907778e-13       0.000000000000e+00       2.350697207910e-16       2.586390327892e-17       8.201049898184e-18 
 2238       1.538739237800e-11       9.235053784345e-13      -5.910097608280e-13       0.000000000000e+00       2.346386355392e-16       2.555872763027e-17       8.186040623649e-18 
 2239       1.534233227879e-11       9.236569260914e-13      -6.056323484327e-13       0.000000000000e+00       2.342085170562e-16       2.525396972505e-17       8.169914038608e-18 
 2240       1.529847105434e-11       9.237104138182e-13      -6.202540105564e-13       0.000000000000e+00       2.337793620680e-16       2.494953275301e-17       8.152674837617e-18 
 2241       1.525580943210e-11       9.236650563177e-13      -6.348674783725e-13       0.000000000000e+00       2.333511672770e-16       2.464531955245e-17       8.134327739848e-18 
 2242       1.521434813306e-11       9.235200661892e-13      -6.494654572348e-13       0.000000000000e+00       2.329239293624e-16       2.434123260977e-17       8.114877489122e-18 
 2243       1.517408561841e-11       9.232748983301e-13      -6.640410452710e-13       0.000000000000e+00       2.324976451841e-16       2.403721841501e-17       8.094329354005e-18 
 2244       1.513501131341e-11       9.229299848869e-13      -6.785889922070e-13       0.000000000000e+00       2.320723123981e-16       2.373340084560e-17       8.072690631594e-18 
 2245       1.509711233929e-11       9.224860050971e-13      -6.931044487021e-13       0.000000000000e+00       2.316479288451e-16       2.342994865239e-17       8.049969153607e-18 
 2246       1.506037576247e-11       9.219436413247e-13      -7.075825484529e-13       0.000000000000e+00       2.312244923469e-16       2.312703118348e-17       8.026172787248e-18 
 2247       1.502478859451e-11       9.213035790645e-13      -7.220184081754e-13       0.000000000000e+00       2.308020007057e-16       2.282481838486e-17       8.001309435254e-18 
 2248       1.499033779203e-11       9.205665069453e-13      -7.364071275856e-13       0.000000000000e+00       2.303804517047e-16       2.252348080108e-17       7.975387035935e-18 
 2249       1.495701025669e-11       9.197331167341e-13      -7.507437893813e-13       0.000000000000e+00       2.299598431077e-16       2.222318957592e-17       7.948413563214e-18 
 2250       1.492479283506e-11       9.188041033395e-13      -7.650234592229e-13       0.000000000000e+00       2.295401726592e-16       2.192411645304e-17       7.920397026673e-18 
 2251       1.489367231860e-11       9.177801648156e-13      -7.792411857150e-13       0.000000000000e+00       2.291214380842e-16       2.162643377667e-17       7.891345471595e-18 
 2252       1.486363544361e-11       9.166620023657e-13      -7.933920003876e-13       0.000000000000e+00       2.287036370885e-16       2.133031449222e-17       7.861266979002e-18 
 2253       1.483466889110e-11       9.154503203462e-13      -8.074709176772e-13       0.000000000000e+00       2.282867673585e-16       2.103593214700e-17       7.830169665704e-18 
 2254       1.480675928680e-11       9.141458262699e-13      -8.214729349081e-13       0.000000000000e+00       2.278708265611e-16       2.074346089086e-17       7.798061684334e-18 
 2255       1.477989320104e-11       9.127492308103e-13      -8.353930322738e-13       0.000000000000e+00       2.274558123437e-16       2.045307547683e-17       7.764951223397e-18 
 2256       1.475405714873e-11       9.112612478051e-13      -8.492261728181e-13       0.000000000000e+00       2.270417223343e-16       2.016495126182e-17       7.730846507308e-18 
 2257       1.472923758925e-11       9.096825942597e-13      -8.629673024165e-13       0.000000000000e+00       2.266285541414e-16       1.987926420727e-17       7.695755796434e-18 
 2258       1.470542092643e-11       9.080139903512e-13      -8.766113497573e-13       0.000000000000e+00       2.262163053538e-16       1.959619087978e-17       7.659687387140e-18 
 2259       1.468259350844e-11       9.062561594323e-13      -8.901532263232e-13       0.000000000000e+00       2.258049735410e-16       1.931590845184e-17       7.622649611828e-18 
 2260       1.466074162778e-11       9.044098280347e-13      -9.035878263720e-13       0.000000000000e+00       2.253945562527e-16       1.903859470243e-17       7.584650838979e-18 
 2261       1.463985152116e-11       9.024757258729e-13      -9.169100269184e-13       0.000000000000e+00       2.249850510191e-16       1.876442801772e-17       7.545699473199e-18 
 2262       1.461990936949e-11       9.004545858481e-13      -9.301146877148e-13       0.000000000000e+00       2.245764553506e-16       1.849358739171e-17       7.505803955257e-18 
 2263       1.460090129774e-11       8.983471440521e-13      -9.431966512330e-13       0.000000000000e+00       2.241687667381e-16       1.822625242690e-17       7.464972762130e-18 
 2264       1.458281337498e-11       8.961541397703e-13      -9.561507426451e-13       0.000000000000e+00       2.237619826527e-16       1.796260333498e-17       7.423214407043e-18 
 2265       1.456563161422e-11       8.938763154864e-13      -9.689717698051e-13       0.000000000000e+00       2.233561005459e-16       1.770282093744e-17       7.380537439513e-18 
 2266       1.454934197240e-11       8.915144168855e-13      -9.816545232297e-13       0.000000000000e+00       2.229511178493e-16       1.744708666627e-17       7.336950445393e-18 
 2267       1.453393035030e-11       8.890691928580e-13      -9.941937760801e-13       0.000000000000e+00       2.225470319748e-16       1.719558256462e-17       7.292462046910e-18 
 2268       1.451938259249e-11       8.865413955034e-13      -1.006584284143e-12       0.000000000000e+00       2.221438403144e-16       1.694849128744e-17       7.247080902709e-18 
 2269       1.450568448726e-11       8.839317801340e-13      -1.018820785811e-12       0.000000000000e+00       2.217415402404e-16       1.670599610219e-17       7.200815707897e-18 
 2270       1.449282176656e-11       8.812411052787e-13      -1.030898002067e-12       0.000000000000e+00       2.213401291052e-16       1.646828088945e-17       7.153675194083e-18 
 2271       1.448078010593e-11       8.784701326866e-13      -1.042810636459e-12       0.000000000000e+00       2.209396042413e-16       1.623553014360e-17       7.105668129423e-18 
 2272       1.446954512443e-11       8.756196273309e-13      -1.054553375091e-12       0.000000000000e+00       2.205399629614e-16       1.600792897349e-17       7.056803318659e-18 
 2273       1.445910238461e-11       8.726903574125e-13      -1.066120886594e-12       0.000000000000e+00       2.201412025579e-16       1.578566310312e-17       7.007089603161e-18 
 2274       1.444943739237e-11       8.696830943640e-13      -1.077507822115e-12       0.000000000000e+00       2.197433203037e-16       1.556891887226e-17       6.956535860975e-18 
 2275       1.444053559700e-11       8.665986128530e-13      -1.088708815293e-12       0.000000000000e+00       2.193463134515e-16       1.535788323714e-17       6.905151006859e-18 
 2276       1.443238239102e-11       8.634376907862e-13      -1.099718482245e-12       0.000000000000e+00       2.189501792339e-16       1.515274377112e-17       6.852943992328e-18 
 2277       1.442496311018e-11       8.602011093131e-13      -1.110531421543e-12       0.000000000000e+00       2.185549148635e-16       1.495368866534e-17       6.799923805695e-18 
 2278       1.441826303336e-11       8.568896528296e-13      -1.121142214199e-12       0.000000000000e+00       2.181605175330e-16       1.476090672936e-17       6.746099472114e-18 
 2279       1.441226738250e-11       8.535041089818e-13      -1.131545423641e-12       0.000000000000e+00       2.177669844148e-16       1.457458739187e-17       6.691480053626e-18 
 2280       1.440696132260e-11       8.500452686698e-13      -1.141735595701e-12       0.000000000000e+00       2.173743126612e-16       1.439492070133e-17       6.636074649192e-18 
 2281       1.440232996155e-11       8.465139260513e-13      -1.151707258591e-12       0.000000000000e+00       2.169824994045e-16       1.422209732662e-17       6.579892394745e-18 
 2282       1.439835797911e-11       8.429109908622e-13      -1.161455661711e-12       0.000000000000e+00       2.165915419977e-16       1.405625143964e-17       6.522950324484e-18 
 2283       1.439502851090e-11       8.392378261572e-13      -1.170978997277e-12       0.000000000000e+00       2.162014387404e-16       1.389728896124e-17       6.465297009805e-18 
 2284       1.439232425712e-11       8.354959127431e-13      -1.180276192911e-12       0.000000000000e+00       2.158121881571e-16       1.374505821471e-17       6.406989072111e-18 
 2285       1.439022785279e-11       8.316867370656e-13      -1.189346174102e-12       0.000000000000e+00       2.154237887578e-16       1.359940694313e-17       6.348083335554e-18 
 2286       1.438872186777e-11       8.278117912155e-13      -1.198187864211e-12       0.000000000000e+00       2.150362390368e-16       1.346018230876e-17       6.288636827251e-18 
 2287       1.438778880663e-11       8.238725729350e-13      -1.206800184467e-12       0.000000000000e+00       2.146495374735e-16       1.332723089235e-17       6.228706777514e-18 
 2288       1.438741110860e-11       8.198705856241e-13      -1.215182053965e-12       0.000000000000e+00       2.142636825319e-16       1.320039869250e-17       6.168350620070e-18 
 2289       1.438757114750e-11       8.158073383468e-13      -1.223332389663e-12       0.000000000000e+00       2.138786726607e-16       1.307953112501e-17       6.107625992284e-18 
 2290       1.438825123163e-11       8.116843458376e-13      -1.231250106383e-12       0.000000000000e+00       2.134945062935e-16       1.296447302223e-17       6.046590735385e-18 
 2291       1.438943360375e-11       8.075031285076e-13      -1.238934116807e-12       0.000000000000e+00       2.131111818484e-16       1.285506863240e-17       5.985302894686e-18 
 2292       1.439110044099e-11       8.032652124511e-13      -1.246383331477e-12       0.000000000000e+00       2.127286977283e-16       1.275116161899e-17       5.923820719810e-18 
 2293       1.439323385475e-11       7.989721294517e-13      -1.253596658793e-12       0.000000000000e+00       2.123470523208e-16       1.265259506007e-17       5.862202664913e-18 
 2294       1.439581589065e-11       7.946254169887e-13      -1.260573005009e-12       0.000000000000e+00       2.119662439979e-16       1.255921144763e-17       5.800507388904e-18 
 2295       1.439882852846e-11       7.902266182437e-13      -1.267311274235e-12       0.000000000000e+00       2.115862711164e-16       1.247085268694e-17       5.738793755674e-18 
 2296       1.440225368204e-11       7.857772821063e-13      -1.273810368431e-12       0.000000000000e+00       2.112071320177e-16       1.238736009592e-17       5.677120834315e-18 
 2297       1.440607319920e-11       7.812789631810e-13      -1.280069187410e-12       0.000000000000e+00       2.108288250276e-16       1.230857440443e-17       5.615547899345e-18 
 2298       1.441026886173e-11       7.767332217933e-13      -1.286086628833e-12       0.000000000000e+00       2.104513484568e-16       1.223433575368e-17       5.554134430930e-18 
 2299       1.441482238523e-11       7.721416239961e-13      -1.291861588207e-12       0.000000000000e+00       2.100747006000e-16       1.216448369553e-17       5.492940115111e-18 
 2300       1.441971541911e-11       7.675057415760e-13      -1.297392958886e-12       0.000000000000e+00       2.096988797370e-16       1.209885719187e-17       5.432024844021e-18 
 2301       1.442492954646e-11       7.628271520594e-13      -1.302679632068e-12       0.000000000000e+00       2.093238841316e-16       1.203729461395e-17       5.371448716116e-18 
 2302       1.443044628402e-11       7.581074387193e-13      -1.307720496791e-12       0.000000000000e+00       2.089497120322e-16       1.197963374172e-17       5.311272036391e-18 
 2303       1.443624708209e-11       7.533481905813e-13      -1.312514439935e-12       0.000000000000e+00       2.085763616719e-16       1.192571176320e-17       5.251555316610e-18 
 2304       1.444231332446e-11       7.485510024299e-13      -1.317060346217e-12       0.000000000000e+00       2.082038312678e-16       1.187536527380e-17       5.192359275523e-18 
 2305       1.444862632833e-11       7.437174748150e-13      -1.321357098193e-12       0.000000000000e+00       2.078321190218e-16       1.182843027569e-17       5.133744839095e-18 
 2306       1.445516734423e-11       7.388492140582e-13      -1.325403576253e-12       0.000000000000e+00       2.074612231198e-16       1.178474217715e-17       5.075773140725e-18 
 2307       1.446191755598e-11       7.339478322590e-13      -1.329198658619e-12       0.000000000000e+00       2.070911417324e-16       1.174413579188e-17       5.018505521472e-18 
 2308       1.446885808059e-11       7.290149473012e-13      -1.332741221346e-12       0.000000000000e+00       2.067218730144e-16       1.170644533840e-17       4.962003530277e-18 
 2309       1.447596996818e-11       7.240521828592e-13      -1.336030138320e-12       0.000000000000e+00       2.063534151048e-16       1.167150443935e-17       4.906328924188e-18 
 2310       1.448323420195e-11       7.190611684046e-13      -1.339064281253e-12       0.000000000000e+00       2.059857661270e-16       1.163914612086e-17       4.851543668581e-18 
 2311       1.449063169804e-11       7.140435392120e-13      -1.341842519685e-12       0.000000000000e+00       2.056189241888e-16       1.160920281190e-17       4.797709937385e-18 
 2312       1.449814330551e-11       7.090009363658e-13      -1.344363720980e-12       0.000000000000e+00       2.052528873820e-16       1.158150634361e-17       4.744890113304e-18 
 2313       1.450574980627e-11       7.039350067662e-13      -1.346626750326e-12       0.000000000000e+00       2.048876537828e-16       1.155588794869e-17       4.693146788042e-18 
 2314       1.451343191497e-11       6.988474031359e-13      -1.348630470731e-12       0.000000000000e+00       2.045232214516e-16       1.153217826067e-17       4.642542762526e-18 
 2315       1.452117027893e-11       6.937397840259e-13      -1.350373743023e-12       0.000000000000e+00       2.041595884329e-16       1.151020731334e-17       4.593141047128e-18 
 2316       1.452894547812e-11       6.886138138224e-13      -1.351855425849e-12       0.000000000000e+00       2.037967527555e-16       1.148980454003e-17       4.545004861889e-18 
 2317       1.453673802503e-11       6.834711627527e-13      -1.353074375671e-12       0.000000000000e+00       2.034347124321e-16       1.147079877302e-17       4.498197636744e-18 
 2318       1.454452836460e-11       6.783135068917e-13      -1.354029446765e-12       0.000000000000e+00       2.030734654600e-16       1.145301824281e-17       4.452783011743e-18 
 2319       1.455229687419e-11       6.731425281684e-13      -1.354719491220e-12       0.000000000000e+00       2.027130098200e-16       1.143629057756e-17       4.408824837275e-18 
 2320       1.456002386348e-11       6.679599143718e-13      -1.355143358938e-12       0.000000000000e+00       2.023533434775e-16       1.142044280236e-17       4.366387174291e-18 
 2321       1.456769091631e-11       6.627673036916e-13      -1.355300513605e-12       0.000000000000e+00       2.019944644284e-16       1.140533756736e-17       4.325511190707e-18 
 2322       1.457528492569e-11       6.575661179447e-13      -1.355192884871e-12       0.000000000000e+00       2.016363708402e-16       1.139098208320e-17       4.286145690886e-18 
 2323       1.458279408408e-11       6.523577283090e-13      -1.354823027853e-12       0.000000000000e+00       2.012790609120e-16       1.137741987145e-17       4.248216148381e-18 
 2324       1.459020654380e-11       6.471435106995e-13      -1.354193508229e-12       0.000000000000e+00       2.009225328281e-16       1.136469459837e-17       4.211647769679e-18 
 2325       1.459751041693e-11       6.419248457727e-13      -1.353306902254e-12       0.000000000000e+00       2.005667847573e-16       1.135285007510e-17       4.176365493905e-18 
 2326       1.460469377529e-11       6.367031189322e-13      -1.352165796765e-12       0.000000000000e+00       2.002118148538e-16       1.134193025780e-17       4.142293992536e-18 
 2327       1.461174465039e-11       6.314797203337e-13      -1.350772789200e-12       0.000000000000e+00       1.998576212565e-16       1.133197924782e-17       4.109357669104e-18 
 2328       1.461865103341e-11       6.262560448899e-13      -1.349130487607e-12       0.000000000000e+00       1.995042020890e-16       1.132304129182e-17       4.077480658912e-18 
 2329       1.462540087512e-11       6.210334922757e-13      -1.347241510655e-12       0.000000000000e+00       1.991515554602e-16       1.131516078194e-17       4.046586828736e-18 
 2330       1.463198208586e-11       6.158134669333e-13      -1.345108487648e-12       0.000000000000e+00       1.987996794634e-16       1.130838225597e-17       4.016599776539e-18 
 2331       1.463838253549e-11       6.105973780774e-13      -1.342734058535e-12       0.000000000000e+00       1.984485721771e-16       1.130275039748e-17       3.987442831177e-18 
 2332       1.464459005335e-11       6.053866397001e-13      -1.340120873925e-12       0.000000000000e+00       1.980982316643e-16       1.129831003600e-17       3.959039052109e-18 
 2333       1.465059242820e-11       6.001826705762e-13      -1.337271595095e-12       0.000000000000e+00       1.977486559729e-16       1.129510614714e-17       3.931311229105e-18 
 2334       1.465637740824e-11       5.949868942681e-13      -1.334188894005e-12       0.000000000000e+00       1.973998431358e-16       1.129318385276e-17       3.904181881959e-18 
 2335       1.466193270096e-11       5.898007391308e-13      -1.330875453310e-12       0.000000000000e+00       1.970517911703e-16       1.129258842114e-17       3.877573260189e-18 
 2336       1.466724597319e-11       5.846256383174e-13      -1.327333966370e-12       0.000000000000e+00       1.967044980785e-16       1.129336526711e-17       3.851407342757e-18 
 2337       1.467230485103e-11       5.794630297839e-13      -1.323567137262e-12       0.000000000000e+00       1.963579618475e-16       1.129555995222e-17       3.825605837769e-18 
 2338       1.467709691977e-11       5.743143562943e-13      -1.319577680796e-12       0.000000000000e+00       1.960121804486e-16       1.129921818488e-17       3.800090182190e-18 
 2339       1.468160972391e-11       5.691810654258e-13      -1.315368322522e-12       0.000000000000e+00       1.956671518382e-16       1.130438582052e-17       3.774781541546e-18 
 2340       1.468583076707e-11       5.640646095737e-13      -1.310941798744e-12       0.000000000000e+00       1.953228739571e-16       1.131110886174e-17       3.749600809642e-18 
 2341       1.468974751194e-11       5.589664459568e-13      -1.306300856532e-12       0.000000000000e+00       1.949793447309e-16       1.131943345848e-17       3.724468608263e-18 
 2342       1.469334738031e-11       5.538880366223e-13      -1.301448253735e-12       0.000000000000e+00       1.946365620696e-16       1.132940590815e-17       3.699305286887e-18 
 2343       1.469661775292e-11       5.488308484507e-13      -1.296386758992e-12       0.000000000000e+00       1.942945238680e-16       1.134107265582e-17       3.674030922392e-18 
 2344       1.469954596950e-11       5.437963531613e-13      -1.291119151743e-12       0.000000000000e+00       1.939532280052e-16       1.135448029431e-17       3.648565318768e-18 
 2345       1.470211932871e-11       5.387860273171e-13      -1.285648222242e-12       0.000000000000e+00       1.936126723452e-16       1.136967556441e-17       3.622828006822e-18 
 2346       1.470432508806e-11       5.338013523297e-13      -1.279976771571e-12       0.000000000000e+00       1.932728547362e-16       1.138670535500e-17       3.596738243888e-18 
 2347       1.470615046390e-11       5.288438144649e-13      -1.274107611647e-12       0.000000000000e+00       1.929337730112e-16       1.140561670322e-17       3.570215013537e-18 
 2348       1.470758263139e-11       5.239149048473e-13      -1.268043565239e-12       0.000000000000e+00       1.925954249873e-16       1.142645679459e-17       3.543177025288e-18 
 2349       1.470860872440e-11       5.190161194654e-13      -1.261787465978e-12       0.000000000000e+00       1.922578084665e-16       1.144927296322e-17       3.515542714310e-18 
 2350       1.470921583554e-11       5.141489591771e-13      -1.255342158368e-12       0.000000000000e+00       1.919209212349e-16       1.147411269191e-17       3.487230241139e-18 
 2351       1.470939101606e-11       5.093149297145e-13      -1.248710497799e-12       0.000000000000e+00       1.915847610633e-16       1.150102361233e-17       3.458157491380e-18 
 2352       1.470912127584e-11       5.045155416889e-13      -1.241895350560e-12       0.000000000000e+00       1.912493257067e-16       1.153005350518e-17       3.428242075423e-18 
 2353       1.470839358332e-11       4.997523105964e-13      -1.234899593849e-12       0.000000000000e+00       1.909146129045e-16       1.156125030031e-17       3.397401328144e-18 
 2354       1.470719486548e-11       4.950267568222e-13      -1.227726115787e-12       0.000000000000e+00       1.905806203807e-16       1.159466207692e-17       3.365552308619e-18 
 2355       1.470551200779e-11       4.903404056463e-13      -1.220377815427e-12       0.000000000000e+00       1.902473458433e-16       1.163033706369e-17       3.332611799835e-18 
 2356       1.470333185416e-11       4.856947872486e-13      -1.212857602770e-12       0.000000000000e+00       1.899147869848e-16       1.166832363893e-17       3.298496308391e-18 
 2357       1.470064120691e-11       4.810914367135e-13      -1.205168398774e-12       0.000000000000e+00       1.895829414822e-16       1.170867033072e-17       3.263122064214e-18 
 2358       1.469742682672e-11       4.765318940355e-13      -1.197313135367e-12       0.000000000000e+00       1.892518069964e-16       1.175142581711e-17       3.226405020266e-18 
 2359       1.469367543257e-11       4.720177041241e-13      -1.189294755458e-12       0.000000000000e+00       1.889213811728e-16       1.179663892624e-17       3.188260852252e-18 
 2360       1.468937571830e-11       4.675502527739e-13      -1.181116407321e-12       0.000000000000e+00       1.885916617664e-16       1.184433858565e-17       3.148624719278e-18 
 2361       1.468452441591e-11       4.631302734535e-13      -1.172782029038e-12       0.000000000000e+00       1.882626470188e-16       1.189447353402e-17       3.107510680377e-18 
 2362       1.467912026974e-11       4.587583374671e-13      -1.164295767703e-12       0.000000000000e+00       1.879343352836e-16       1.194697223573e-17       3.064952646018e-18 
 2363       1.467316202340e-11       4.544350177129e-13      -1.155661785398e-12       0.000000000000e+00       1.876067249011e-16       1.200176289746e-17       3.020984650763e-18 
 2364       1.466664841969e-11       4.501608886849e-13      -1.146884259212e-12       0.000000000000e+00       1.872798141983e-16       1.205877346787e-17       2.975640853399e-18 
 2365       1.465957820062e-11       4.459365264743e-13      -1.137967381255e-12       0.000000000000e+00       1.869536014890e-16       1.211793163740e-17       2.928955537077e-18 
 2366       1.465195010745e-11       4.417625087711e-13      -1.128915358675e-12       0.000000000000e+00       1.866280850734e-16       1.217916483794e-17       2.880963109441e-18 
 2367       1.464376288065e-11       4.376394148656e-13      -1.119732413673e-12       0.000000000000e+00       1.863032632388e-16       1.224240024253e-17       2.831698102770e-18 
 2368       1.463501525991e-11       4.335678256502e-13      -1.110422783520e-12       0.000000000000e+00       1.859791342589e-16       1.230756476514e-17       2.781195174102e-18 
 2369       1.462570598412e-11       4.295483236204e-13      -1.100990720574e-12       0.000000000000e+00       1.856556963939e-16       1.237458506038e-17       2.729489105380e-18 
 2370       1.461583379144e-11       4.255814928773e-13      -1.091440492294e-12       0.000000000000e+00       1.853329478910e-16       1.244338752316e-17       2.676614803577e-18 
 2371       1.460539741921e-11       4.216679191280e-13      -1.081776381258e-12       0.000000000000e+00       1.850108869837e-16       1.251389828851e-17       2.622607300838e-18 
 2372       1.459439560402e-11       4.178081896883e-13      -1.072002685179e-12       0.000000000000e+00       1.846895118921e-16       1.258604323121e-17       2.567501754607e-18 
 2373       1.458282708167e-11       4.140028934834e-13      -1.062123716921e-12       0.000000000000e+00       1.843688208231e-16       1.265974796557e-17       2.511333447768e-18 
 2374       1.457069058719e-11       4.102526210498e-13      -1.052143804513e-12       0.000000000000e+00       1.840488119698e-16       1.273493784514e-17       2.454137788776e-18 
 2375       1.455798485482e-11       4.065579645369e-13      -1.042067291171e-12       0.000000000000e+00       1.837294835122e-16       1.281153796243e-17       2.395950311794e-18 
 2376       1.454470861805e-11       4.029195177085e-13      -1.031898535306e-12       0.000000000000e+00       1.834108336165e-16       1.288947314860e-17       2.336806676824e-18 
 2377       1.453086060958e-11       3.993378759444e-13      -1.021641910547e-12       0.000000000000e+00       1.830928604355e-16       1.296866797325e-17       2.276742669844e-18 
 2378       1.451643956132e-11       3.958136362419e-13      -1.011301805755e-12       0.000000000000e+00       1.827755621087e-16       1.304904674406e-17       2.215794202941e-18 
 2379       1.450144420445e-11       3.923473972172e-13      -1.000882625039e-12       0.000000000000e+00       1.824589367616e-16       1.313053350660e-17       2.153997314448e-18 
 2380       1.448587326933e-11       3.889397591075e-13      -9.903887877692e-13       0.000000000000e+00       1.821429825066e-16       1.321305204397e-17       2.091388169077e-18 
 2381       1.446972548557e-11       3.855913237719e-13      -9.798247285998e-13       0.000000000000e+00       1.818276974423e-16       1.329652587658e-17       2.028003058051e-18 
 2382       1.445299958200e-11       3.823026946934e-13      -9.691948974793e-13       0.000000000000e+00       1.815130796537e-16       1.338087826183e-17       1.963878399243e-18 
 2383       1.443569428669e-11       3.790744769803e-13      -9.585037596694e-13       0.000000000000e+00       1.811991272123e-16       1.346603219388e-17       1.899050737307e-18 
 2384       1.441780832692e-11       3.759072773677e-13      -9.477557957604e-13       0.000000000000e+00       1.808858381758e-16       1.355191040333e-17       1.833556743816e-18 
 2385       1.439934042921e-11       3.728017042192e-13      -9.369555016878e-13       0.000000000000e+00       1.805732105885e-16       1.363843535694e-17       1.767433217391e-18 
 2386       1.438028931930e-11       3.697583675284e-13      -9.261073887480e-13       0.000000000000e+00       1.802612424809e-16       1.372552925740e-17       1.700717083842e-18 
 2387       1.436065372216e-11       3.667778789206e-13      -9.152159836149e-13       0.000000000000e+00       1.799499318697e-16       1.381311404299e-17       1.633445396297e-18 
 2388       1.434043236200e-11       3.638608516539e-13      -9.042858283560e-13       0.000000000000e+00       1.796392767582e-16       1.390111138736e-17       1.565655335341e-18 
 2389       1.431962396225e-11       3.610079006214e-13      -8.933214804482e-13       0.000000000000e+00       1.793292751357e-16       1.398944269921e-17       1.497384209145e-18 
 2390       1.429822724558e-11       3.582196423523e-13      -8.823275127944e-13       0.000000000000e+00       1.790199249780e-16       1.407802912202e-17       1.428669453607e-18 
 2391       1.427624093386e-11       3.554966950136e-13      -8.713085137396e-13       0.000000000000e+00       1.787112242469e-16       1.416679153378e-17       1.359548632482e-18 
 2392       1.425366374824e-11       3.528396784116e-13      -8.602690870870e-13       0.000000000000e+00       1.784031708908e-16       1.425565054673e-17       1.290059437517e-18 
 2393       1.423049440905e-11       3.502492139938e-13      -8.492138521141e-13       0.000000000000e+00       1.780957628439e-16       1.434452650704e-17       1.220239688588e-18 
 2394       1.420673163590e-11       3.477259248498e-13      -8.381474435892e-13       0.000000000000e+00       1.777889980270e-16       1.443333949456e-17       1.150127333831e-18 
 2395       1.418237414759e-11       3.452704357134e-13      -8.270745117871e-13       0.000000000000e+00       1.774828743467e-16       1.452200932254e-17       1.079760449779e-18 
 2396       1.415742066217e-11       3.428833729642e-13      -8.159997225056e-13       0.000000000000e+00       1.771773896960e-16       1.461045553734e-17       1.009177241496e-18 
 2397       1.413186989693e-11       3.405653646286e-13      -8.049277570818e-13       0.000000000000e+00       1.768725419541e-16       1.469859741817e-17       9.384160427111e-19 
 2398       1.410572056839e-11       3.383170403821e-13      -7.938633124078e-13       0.000000000000e+00       1.765683289861e-16       1.478635397680e-17       8.675153159521e-19 
 2399       1.407897288726e-11       3.361388629699e-13      -7.828108490845e-13       0.000000000000e+00       1.762647488446e-16       1.487366152923e-17       7.965164228759e-19 
 2400       1.405163305335e-11       3.340306213444e-13      -7.717738341683e-13       0.000000000000e+00       1.759618003737e-16       1.496052652852e-17       7.254719534580e-19 
 2401       1.402370878809e-11       3.319919344375e-13      -7.607554938348e-13       0.000000000000e+00       1.756594826085e-16       1.504697305388e-17       6.544374479049e-19 
 2402       1.399520784212e-11       3.300224194581e-13      -7.497590648329e-13       0.000000000000e+00       1.753577945744e-16       1.513302526804e-17       5.834686312685e-19 
 2403       1.396613799528e-11       3.281216918904e-13      -7.387877944957e-13       0.000000000000e+00       1.750567352864e-16       1.521870741740e-17       5.126214136384e-19 
 2404       1.393650705668e-11       3.262893654916e-13      -7.278449407515e-13       0.000000000000e+00       1.747563037500e-16       1.530404383205e-17       4.419518903342e-19 
 2405       1.390632286471e-11       3.245250522899e-13      -7.169337721345e-13       0.000000000000e+00       1.744564989606e-16       1.538905892591e-17       3.715163420975e-19 
 2406       1.387559328708e-11       3.228283625830e-13      -7.060575677962e-13       0.000000000000e+00       1.741573199036e-16       1.547377719681e-17       3.013712352844e-19 
 2407       1.384432622083e-11       3.211989049358e-13      -6.952196175159e-13       0.000000000000e+00       1.738587655545e-16       1.555822322655e-17       2.315732220576e-19 
 2408       1.381252959240e-11       3.196362861784e-13      -6.844232217117e-13       0.000000000000e+00       1.735608348787e-16       1.564242168102e-17       1.621791405784e-19 
 2409       1.378021135764e-11       3.181401114043e-13      -6.736716914517e-13       0.000000000000e+00       1.732635268316e-16       1.572639731028e-17       9.324601519943e-20 
 2410       1.374737950182e-11       3.167099839685e-13      -6.629683484646e-13       0.000000000000e+00       1.729668403588e-16       1.581017494863e-17       2.483105665645e-20 
 2411       1.371404203970e-11       3.153455054854e-13      -6.523165251508e-13       0.000000000000e+00       1.726707743957e-16       1.589377951472e-17      -4.300833773923e-20 
 2412       1.368020701556e-11       3.140462758268e-13      -6.417195645934e-13       0.000000000000e+00       1.723753278677e-16       1.597723601162e-17      -1.102145839086e-19 
 2413       1.364588250319e-11       3.128118931202e-13      -6.311808205687e-13       0.000000000000e+00       1.720804996901e-16       1.606056952693e-17      -1.767299108126e-19 
 2414       1.361107660595e-11       3.116419537466e-13      -6.207036575579e-13       0.000000000000e+00       1.717862887681e-16       1.614380523286e-17      -2.424963602602e-19 
 2415       1.357579745683e-11       3.105360523388e-13      -6.102914507571e-13       0.000000000000e+00       1.714926939969e-16       1.622696838630e-17      -3.074557867157e-19 
 2416       1.354005321842e-11       3.094937817790e-13      -5.999475860893e-13       0.000000000000e+00       1.711997142617e-16       1.631008432893e-17      -3.715498571068e-19 
 2417       1.350385208298e-11       3.085147331973e-13      -5.896754602141e-13       0.000000000000e+00       1.709073484375e-16       1.639317848731e-17      -4.347200506326e-19 
 2418       1.346720227248e-11       3.075984959696e-13      -5.794784805398e-13       0.000000000000e+00       1.706155953890e-16       1.647627637295e-17      -4.969076585707e-19 
 2419       1.343011203860e-11       3.067446577156e-13      -5.693600652335e-13       0.000000000000e+00       1.703244539711e-16       1.655940358240e-17      -5.580537840857e-19 
 2420       1.339258966278e-11       3.059528042969e-13      -5.593236432324e-13       0.000000000000e+00       1.700339230283e-16       1.664258579735e-17      -6.180993420365e-19 
 2421       1.335464345625e-11       3.052225198148e-13      -5.493726542547e-13       0.000000000000e+00       1.697440013950e-16       1.672584878474e-17      -6.769850587842e-19 
 2422       1.331628176007e-11       3.045533866090e-13      -5.395105488105e-13       0.000000000000e+00       1.694546878955e-16       1.680921839678e-17      -7.346514720001e-19 
 2423       1.327751294514e-11       3.039449852548e-13      -5.297407882126e-13       0.000000000000e+00       1.691659813440e-16       1.689272057111e-17      -7.910389304729e-19 
 2424       1.323834541225e-11       3.033968945618e-13      -5.200668445877e-13       0.000000000000e+00       1.688778805441e-16       1.697638133084e-17      -8.460875939172e-19 
 2425       1.319878759211e-11       3.029086915716e-13      -5.104922008871e-13       0.000000000000e+00       1.685903842897e-16       1.706022678468e-17      -8.997374327807e-19 
 2426       1.315884794535e-11       3.024799515559e-13      -5.010203508977e-13       0.000000000000e+00       1.683034913642e-16       1.714428312698e-17      -9.519282280523e-19 
 2427       1.311853496262e-11       3.021102480148e-13      -4.916547992530e-13       0.000000000000e+00       1.680172005407e-16       1.722857663785e-17      -1.002599571070e-18 
 2428       1.307785716455e-11       3.017991526743e-13      -4.823990614439e-13       0.000000000000e+00       1.677315105822e-16       1.731313368326e-17      -1.051690863327e-18 
 2429       1.303682310183e-11       3.015462354852e-13      -4.732566638297e-13       0.000000000000e+00       1.674464202414e-16       1.739798071509e-17      -1.099141316284e-18 
 2430       1.299544135520e-11       3.013510646201e-13      -4.642311436491e-13       0.000000000000e+00       1.671619282607e-16       1.748314427123e-17      -1.144889951170e-18 
 2431       1.295372053553e-11       3.012132064723e-13      -4.553260490309e-13       0.000000000000e+00       1.668780333722e-16       1.756865097570e-17      -1.188875598797e-18 
 2432       1.291166928380e-11       3.011322256535e-13      -4.465449390053e-13       0.000000000000e+00       1.665947342977e-16       1.765452753869e-17      -1.231036899363e-18 
 2433       1.286929627119e-11       3.011076849918e-13      -4.378913835144e-13       0.000000000000e+00       1.663120297487e-16       1.774080075670e-17      -1.271312302262e-18 
 2434       1.282661019905e-11       3.011391455299e-13      -4.293689634235e-13       0.000000000000e+00       1.660299184264e-16       1.782749751258e-17      -1.309640065893e-18 
 2435       1.278361979897e-11       3.012261665229e-13      -4.209812705318e-13       0.000000000000e+00       1.657483990216e-16       1.791464477564e-17      -1.345958257462e-18 
 2436       1.274033383281e-11       3.013683054368e-13      -4.127319075833e-13       0.000000000000e+00       1.654674702147e-16       1.800226960174e-17      -1.380204752797e-18 
 2437       1.269676109272e-11       3.015651179461e-13      -4.046244882782e-13       0.000000000000e+00       1.651871306759e-16       1.809039913338e-17      -1.412317236153e-18 
 2438       1.265291069292e-11       3.018160729887e-13      -3.966621588525e-13       0.000000000000e+00       1.649073790608e-16       1.817904956306e-17      -1.442258441980e-18 
 2439       1.260879294695e-11       3.021202973777e-13      -3.888461596583e-13       0.000000000000e+00       1.646282139979e-16       1.826819295077e-17      -1.470092046280e-18 
 2440       1.256441849577e-11       3.024768296517e-13      -3.811772549669e-13       0.000000000000e+00       1.643496341012e-16       1.835779020741e-17      -1.495907230652e-18 
 2441       1.251979801648e-11       3.028847048757e-13      -3.736562106162e-13       0.000000000000e+00       1.640716379744e-16       1.844780211325e-17      -1.519793482038e-18 
 2442       1.247494222243e-11       3.033429546368e-13      -3.662837940119e-13       0.000000000000e+00       1.637942242104e-16       1.853818931782e-17      -1.541840593038e-18 
 2443       1.242986186318e-11       3.038506070410e-13      -3.590607741288e-13       0.000000000000e+00       1.635173913917e-16       1.862891233974e-17      -1.562138662228e-18 
 2444       1.238456772461e-11       3.044066867094e-13      -3.519879215122e-13       0.000000000000e+00       1.632411380901e-16       1.871993156664e-17      -1.580778094476e-18 
 2445       1.233907062890e-11       3.050102147743e-13      -3.450660082789e-13       0.000000000000e+00       1.629654628671e-16       1.881120725497e-17      -1.597849601260e-18 
 2446       1.229338143459e-11       3.056602088759e-13      -3.382958081188e-13       0.000000000000e+00       1.626903642735e-16       1.890269952989e-17      -1.613444200987e-18 
 2447       1.224751103662e-11       3.063556831584e-13      -3.316780962957e-13       0.000000000000e+00       1.624158408494e-16       1.899436838515e-17      -1.627653219307e-18 
 2448       1.220147036637e-11       3.070956482665e-13      -3.252136496494e-13       0.000000000000e+00       1.621418911246e-16       1.908617368293e-17      -1.640568289432e-18 
 2449       1.215527039169e-11       3.078791113414e-13      -3.189032465959e-13       0.000000000000e+00       1.618685136179e-16       1.917807515373e-17      -1.652281352452e-18 
 2450       1.210892211693e-11       3.087050760175e-13      -3.127476671297e-13       0.000000000000e+00       1.615957068378e-16       1.927003239619e-17      -1.662884657654e-18 
 2451       1.206243658299e-11       3.095725424186e-13      -3.067476928243e-13       0.000000000000e+00       1.613234692820e-16       1.936200487701e-17      -1.672470762839e-18 
 2452       1.201582486737e-11       3.104805071542e-13      -3.009041068339e-13       0.000000000000e+00       1.610517994376e-16       1.945395193080e-17      -1.681132534635e-18 
 2453       1.196909808417e-11       3.114279633158e-13      -2.952176938946e-13       0.000000000000e+00       1.607806957811e-16       1.954583275992e-17      -1.688963148821e-18 
 2454       1.192226738416e-11       3.124139004734e-13      -2.896892403255e-13       0.000000000000e+00       1.605101567782e-16       1.963760643437e-17      -1.696056090638e-18 
 2455       1.187534395480e-11       3.134373046716e-13      -2.843195340302e-13       0.000000000000e+00       1.602401808840e-16       1.972923189165e-17      -1.702505155111e-18 
 2456       1.182833902029e-11       3.144971584262e-13      -2.791093644980e-13       0.000000000000e+00       1.599707665428e-16       1.982066793663e-17      -1.708404447363e-18 
 2457       1.178126384160e-11       3.155924407201e-13      -2.740595228050e-13       0.000000000000e+00       1.597019121882e-16       1.991187324138e-17      -1.713848382932e-18 
 2458       1.173412971651e-11       3.167221270002e-13      -2.691708016159e-13       0.000000000000e+00       1.594336162433e-16       2.000280634511e-17      -1.718931688092e-18 
 2459       1.168694797964e-11       3.178851891734e-13      -2.644439951844e-13       0.000000000000e+00       1.591658771202e-16       2.009342565396e-17      -1.723749400165e-18 
 2460       1.163973000249e-11       3.190805956029e-13      -2.598798993553e-13       0.000000000000e+00       1.588986932203e-16       2.018368944090e-17      -1.728396867841e-18 
 2461       1.159248719349e-11       3.203073111046e-13      -2.554793115654e-13       0.000000000000e+00       1.586320629342e-16       2.027355584560e-17      -1.732969751496e-18 
 2462       1.154523099804e-11       3.215642969435e-13      -2.512430308448e-13       0.000000000000e+00       1.583659846418e-16       2.036298287428e-17      -1.737564023509e-18 
 2463       1.149797289850e-11       3.228505108300e-13      -2.471718578182e-13       0.000000000000e+00       1.581004567123e-16       2.045192839959e-17      -1.742275968574e-18 
 2464       1.145072441430e-11       3.241649069161e-13      -2.432665947062e-13       0.000000000000e+00       1.578354775037e-16       2.054035016046e-17      -1.747202184026e-18 
 2465       1.140349710192e-11       3.255064357920e-13      -2.395280453265e-13       0.000000000000e+00       1.575710453637e-16       2.062820576198e-17      -1.752439580150e-18 
 2466       1.135630255495e-11       3.268740444821e-13      -2.359570150953e-13       0.000000000000e+00       1.573071586288e-16       2.071545267525e-17      -1.758085380505e-18 
 2467       1.130915240413e-11       3.282666764416e-13      -2.325543110284e-13       0.000000000000e+00       1.570438156247e-16       2.080204823726e-17      -1.764237122236e-18 
 2468       1.126205831739e-11       3.296832715528e-13      -2.293207417427e-13       0.000000000000e+00       1.567810146664e-16       2.088794965075e-17      -1.770992656391e-18 
 2469       1.121503199986e-11       3.311227661212e-13      -2.262571174571e-13       0.000000000000e+00       1.565187540579e-16       2.097311398408e-17      -1.778450148245e-18 
 2470       1.116808519394e-11       3.325840928722e-13      -2.233642499944e-13       0.000000000000e+00       1.562570320922e-16       2.105749817108e-17      -1.786708077609e-18 
 2471       1.112122967933e-11       3.340661809471e-13      -2.206429527819e-13       0.000000000000e+00       1.559958470517e-16       2.114105901093e-17      -1.795865239151e-18 
 2472       1.107447727306e-11       3.355679558996e-13      -2.180940408531e-13       0.000000000000e+00       1.557351972076e-16       2.122375316803e-17      -1.806020742714e-18 
 2473       1.102783982951e-11       3.370883396921e-13      -2.157183308488e-13       0.000000000000e+00       1.554750808204e-16       2.130553717185e-17      -1.817274013630e-18 
 2474       1.098132924050e-11       3.386262506921e-13      -2.135166410184e-13       0.000000000000e+00       1.552154961394e-16       2.138636741680e-17      -1.829724793041e-18 
 2475       1.093495743528e-11       3.401806036683e-13      -2.114897912212e-13       0.000000000000e+00       1.549564414032e-16       2.146620016210e-17      -1.843473138213e-18 
 2476       1.088873638056e-11       3.417503097873e-13      -2.096386029278e-13       0.000000000000e+00       1.546979148392e-16       2.154499153165e-17      -1.858619422855e-18 
 2477       1.084267725809e-11       3.433343037225e-13      -2.079634876390e-13       0.000000000000e+00       1.544399147697e-16       2.162271161341e-17      -1.875237367058e-18 
 2478       1.079678799169e-11       3.449316251648e-13      -2.064632094834e-13       0.000000000000e+00       1.541824399286e-16       2.169938684892e-17      -1.893292952268e-18 
 2479       1.075107570568e-11       3.465413377867e-13      -2.051361153078e-13       0.000000000000e+00       1.539254891466e-16       2.177505789413e-17      -1.912725027621e-18 
 2480       1.070554754602e-11       3.481625021696e-13      -2.039805455881e-13       0.000000000000e+00       1.536690612452e-16       2.184976554269e-17      -1.933472236591e-18 
 2481       1.066021068037e-11       3.497941758011e-13      -2.029948344228e-13       0.000000000000e+00       1.534131550371e-16       2.192355072617e-17      -1.955473016771e-18 
 2482       1.061507229809e-11       3.514354130718e-13      -2.021773095262e-13       0.000000000000e+00       1.531577693257e-16       2.199645451416e-17      -1.978665599670e-18 
 2483       1.057013961030e-11       3.530852652718e-13      -2.015262922214e-13       0.000000000000e+00       1.529029029057e-16       2.206851811441e-17      -2.002988010499e-18 
 2484       1.052541984985e-11       3.547427805880e-13      -2.010400974337e-13       0.000000000000e+00       1.526485545627e-16       2.213978287300e-17      -2.028378067962e-18 
 2485       1.048092027139e-11       3.564070041008e-13      -2.007170336837e-13       0.000000000000e+00       1.523947230732e-16       2.221029027444e-17      -2.054773384045e-18 
 2486       1.043664815134e-11       3.580769777809e-13      -2.005554030809e-13       0.000000000000e+00       1.521414072048e-16       2.228008194184e-17      -2.082111363809e-18 
 2487       1.039261078798e-11       3.597517404861e-13      -2.005535013163e-13       0.000000000000e+00       1.518886057158e-16       2.234919963706e-17      -2.110329205175e-18 
 2488       1.034881550138e-11       3.614303279583e-13      -2.007096176562e-13       0.000000000000e+00       1.516363173557e-16       2.241768526081e-17      -2.139363898719e-18 
 2489       1.030526963351e-11       3.631117728206e-13      -2.010220349351e-13       0.000000000000e+00       1.513845408648e-16       2.248558085283e-17      -2.169152227459e-18 
 2490       1.026198054822e-11       3.647951045736e-13      -2.014890295490e-13       0.000000000000e+00       1.511332749743e-16       2.255292859202e-17      -2.199630766643e-18 
 2491       1.021895563125e-11       3.664793495927e-13      -2.021088714489e-13       0.000000000000e+00       1.508825184064e-16       2.261977079656e-17      -2.230735883543e-18 
 2492       1.017620229027e-11       3.681635311246e-13      -2.028798241335e-13       0.000000000000e+00       1.506322698740e-16       2.268614992409e-17      -2.262403737245e-18 
 2493       1.013372795491e-11       3.698466692847e-13      -2.038001446427e-13       0.000000000000e+00       1.503825280812e-16       2.275210857183e-17      -2.294570278433e-18 
 2494       1.009154007676e-11       3.715277810535e-13      -2.048680835511e-13       0.000000000000e+00       1.501332917227e-16       2.281768947669e-17      -2.327171249186e-18 
 2495       1.004964612940e-11       3.732058802736e-13      -2.060818849609e-13       0.000000000000e+00       1.498845594841e-16       2.288293551549e-17      -2.360142182763e-18 
 2496       1.000805360841e-11       3.748799776465e-13      -2.074397864949e-13       0.000000000000e+00       1.496363300420e-16       2.294788970503e-17      -2.393418403396e-18 
 2497       9.966770031435e-12       3.765490807296e-13      -2.089400192904e-13       0.000000000000e+00       1.493886020636e-16       2.301259520224e-17      -2.426935026079e-18 
 2498       9.925802938143e-12       3.782121939330e-13      -2.105808079918e-13       0.000000000000e+00       1.491413742071e-16       2.307709530436e-17      -2.460626956355e-18 
 2499       9.885159890292e-12       3.798683185165e-13      -2.123603707443e-13       0.000000000000e+00       1.488946451215e-16       2.314143344905e-17      -2.494428890110e-18 
 2500       9.844848471734e-12       3.815164525859e-13      -2.142769191867e-13       0.000000000000e+00       1.486484134466e-16       2.320565321454e-17      -2.528275313362e-18 
 2501       9.804876288442e-12       3.831555910908e-13      -2.163286584450e-13       0.000000000000e+00       1.484026778129e-16       2.326979831977e-17      -2.562100502049e-18 
 2502       9.765250968525e-12       3.847847258206e-13      -2.185137871252e-13       0.000000000000e+00       1.481574368418e-16       2.333391262451e-17      -2.595838521820e-18 
 2503       9.725980162255e-12       3.864028454018e-13      -2.208304973072e-13       0.000000000000e+00       1.479126891454e-16       2.339804012956e-17      -2.629423227825e-18 
 2504       9.687071542087e-12       3.880089352948e-13      -2.232769745373e-13       0.000000000000e+00       1.476684333266e-16       2.346222497682e-17      -2.662788264507e-18 
 2505       9.648532802678e-12       3.896019777906e-13      -2.258513978218e-13       0.000000000000e+00       1.474246679790e-16       2.352651144948e-17      -2.695867065386e-18 
 2506       9.610371660912e-12       3.911809520080e-13      -2.285519396203e-13       0.000000000000e+00       1.471813916869e-16       2.359094397214e-17      -2.728592852855e-18 
 2507       9.572595855918e-12       3.927448338901e-13      -2.313767658387e-13       0.000000000000e+00       1.469386030255e-16       2.365556711095e-17      -2.760898637968e-18 
 2508       9.535213149093e-12       3.942925962013e-13      -2.343240358225e-13       0.000000000000e+00       1.466963005606e-16       2.372042557378e-17      -2.792717220227e-18 
 2509       9.498231324123e-12       3.958232085244e-13      -2.373919023501e-13       0.000000000000e+00       1.464544828486e-16       2.378556421032e-17      -2.823981187377e-18 
 2510       9.461658187006e-12       3.973356372569e-13      -2.405785116261e-13       0.000000000000e+00       1.462131484367e-16       2.385102801223e-17      -2.854622915191e-18 
 2511       9.425501566070e-12       3.988288456086e-13      -2.438820032743e-13       0.000000000000e+00       1.459722958629e-16       2.391686211331e-17      -2.884574567264e-18 
 2512       9.389769311998e-12       4.003017935977e-13      -2.473005103309e-13       0.000000000000e+00       1.457319236556e-16       2.398311178962e-17      -2.913768094799e-18 
 2513       9.354469297844e-12       4.017534380482e-13      -2.508321592382e-13       0.000000000000e+00       1.454920303341e-16       2.404982245961e-17      -2.942135236400e-18 
 2514       9.319609419062e-12       4.031827325867e-13      -2.544750698373e-13       0.000000000000e+00       1.452526144082e-16       2.411703968429e-17      -2.969607517862e-18 
 2515       9.285197593521e-12       4.045886276389e-13      -2.582273553614e-13       0.000000000000e+00       1.450136743784e-16       2.418480916734e-17      -2.996116251956e-18 
 2516       9.251240484995e-12       4.059701746638e-13      -2.620869812876e-13       0.000000000000e+00       1.447752088849e-16       2.425316283935e-17      -3.021603279232e-18 
 2517       9.217739665461e-12       4.073268395244e-13      -2.660513410065e-13       0.000000000000e+00       1.445372171555e-16       2.432207702168e-17      -3.046053259121e-18 
 2518       9.184695430510e-12       4.086581909341e-13      -2.701176776694e-13       0.000000000000e+00       1.442996985604e-16       2.439151401937e-17      -3.069461566339e-18 
 2519       9.152108073848e-12       4.099637963846e-13      -2.742832250963e-13       0.000000000000e+00       1.440626524632e-16       2.446143601488e-17      -3.091823566944e-18 
 2520       9.119977887291e-12       4.112432221447e-13      -2.785452077662e-13       0.000000000000e+00       1.438260782210e-16       2.453180506792e-17      -3.113134618326e-18 
 2521       9.088305160767e-12       4.124960332590e-13      -2.829008408083e-13       0.000000000000e+00       1.435899751841e-16       2.460258311537e-17      -3.133390069201e-18 
 2522       9.057090182310e-12       4.137217935469e-13      -2.873473299918e-13       0.000000000000e+00       1.433543426964e-16       2.467373197111e-17      -3.152585259608e-18 
 2523       9.026333238056e-12       4.149200656011e-13      -2.918818717172e-13       0.000000000000e+00       1.431191800952e-16       2.474521332594e-17      -3.170715520899e-18 
 2524       8.996034612244e-12       4.160904107870e-13      -2.965016530061e-13       0.000000000000e+00       1.428844867111e-16       2.481698874744e-17      -3.187776175730e-18 
 2525       8.966194587209e-12       4.172323892410e-13      -3.012038514923e-13       0.000000000000e+00       1.426502618682e-16       2.488901967985e-17      -3.203762538061e-18 
 2526       8.936813443384e-12       4.183455598696e-13      -3.059856354121e-13       0.000000000000e+00       1.424165048838e-16       2.496126744395e-17      -3.218669913145e-18 
 2527       8.907891459291e-12       4.194294803481e-13      -3.108441635952e-13       0.000000000000e+00       1.421832150689e-16       2.503369323690e-17      -3.232493597522e-18 
 2528       8.879428911544e-12       4.204837071199e-13      -3.157765854545e-13       0.000000000000e+00       1.419503917275e-16       2.510625813220e-17      -3.245228879013e-18 
 2529       8.851426074843e-12       4.215077953945e-13      -3.207800409776e-13       0.000000000000e+00       1.417180341572e-16       2.517892307948e-17      -3.256871036715e-18 
 2530       8.823883221971e-12       4.225012991470e-13      -3.258516607166e-13       0.000000000000e+00       1.414861416488e-16       2.525164890443e-17      -3.267415340988e-18 
 2531       8.796800623792e-12       4.234637711169e-13      -3.309885657790e-13       0.000000000000e+00       1.412547134865e-16       2.532439630868e-17      -3.276857053459e-18 
 2532       8.770178549249e-12       4.243947628065e-13      -3.361878678184e-13       0.000000000000e+00       1.410237489478e-16       2.539712586962e-17      -3.285191427005e-18 
 2533       8.744017265361e-12       4.252938244802e-13      -3.414466690244e-13       0.000000000000e+00       1.407932473036e-16       2.546979804035e-17      -3.292413705754e-18 
 2534       8.718317037216e-12       4.261605051630e-13      -3.467620621142e-13       0.000000000000e+00       1.405632078181e-16       2.554237314952e-17      -3.298519125073e-18 
 2535       8.693078127976e-12       4.269943526398e-13      -3.521311303220e-13       0.000000000000e+00       1.403336297487e-16       2.561481140121e-17      -3.303502911565e-18 
 2536       8.668300798866e-12       4.277949134535e-13      -3.575509473905e-13       0.000000000000e+00       1.401045123462e-16       2.568707287479e-17      -3.307360283061e-18 
 2537       8.643985309177e-12       4.285617329047e-13      -3.630185775608e-13       0.000000000000e+00       1.398758548545e-16       2.575911752486e-17      -3.310086448615e-18 
 2538       8.620131916260e-12       4.292943550497e-13      -3.685310755633e-13       0.000000000000e+00       1.396476565112e-16       2.583090518105e-17      -3.311676608493e-18 
 2539       8.596740875525e-12       4.299923227001e-13      -3.740854866084e-13       0.000000000000e+00       1.394199165466e-16       2.590239554794e-17      -3.312125954172e-18 
 2540       8.573812440437e-12       4.306551774210e-13      -3.796788463764e-13       0.000000000000e+00       1.391926341848e-16       2.597354820493e-17      -3.311429668331e-18 
 2541       8.551346862513e-12       4.312824595304e-13      -3.853081810088e-13       0.000000000000e+00       1.389658086428e-16       2.604432260613e-17      -3.309582924843e-18 
 2542       8.529344391320e-12       4.318737080974e-13      -3.909705070984e-13       0.000000000000e+00       1.387394391309e-16       2.611467808021e-17      -3.306580888770e-18 
 2543       8.507805274472e-12       4.324284609417e-13      -3.966628316801e-13       0.000000000000e+00       1.385135248528e-16       2.618457383030e-17      -3.302418716358e-18 
 2544       8.486729757627e-12       4.329462546321e-13      -4.023821522211e-13       0.000000000000e+00       1.382880650053e-16       2.625396893386e-17      -3.297091555026e-18 
 2545       8.466118084484e-12       4.334266244851e-13      -4.081254566119e-13       0.000000000000e+00       1.380630587785e-16       2.632282234253e-17      -3.290594543363e-18 
 2546       8.445970496779e-12       4.338691045643e-13      -4.138897231566e-13       0.000000000000e+00       1.378385053555e-16       2.639109288209e-17      -3.282922811122e-18 
 2547       8.426287234285e-12       4.342732276788e-13      -4.196719205634e-13       0.000000000000e+00       1.376144039129e-16       2.645873925222e-17      -3.274071479210e-18 
 2548       8.407068534808e-12       4.346385253822e-13      -4.254690079354e-13       0.000000000000e+00       1.373907536203e-16       2.652572002649e-17      -3.264035659684e-18 
 2549       8.388314634182e-12       4.349645279716e-13      -4.312779347609e-13       0.000000000000e+00       1.371675536406e-16       2.659199365215e-17      -3.252810455744e-18 
 2550       8.370025766268e-12       4.352507644859e-13      -4.370956409041e-13       0.000000000000e+00       1.369448031298e-16       2.665751845006e-17      -3.240390961726e-18 
 2551       8.352202162953e-12       4.354967627052e-13      -4.429190565955e-13       0.000000000000e+00       1.367225012370e-16       2.672225261456e-17      -3.226772263096e-18 
 2552       8.334844054144e-12       4.357020491495e-13      -4.487451024228e-13       0.000000000000e+00       1.365006471047e-16       2.678615421333e-17      -3.211949436441e-18 
 2553       8.317951667765e-12       4.358661490774e-13      -4.545706893210e-13       0.000000000000e+00       1.362792398684e-16       2.684918118726e-17      -3.195917549468e-18 
 2554       8.301525229757e-12       4.359885864850e-13      -4.603927185632e-13       0.000000000000e+00       1.360582786566e-16       2.691129135037e-17      -3.178671660990e-18 
 2555       8.285564007136e-12       4.360689971007e-13      -4.662082363361e-13       0.000000000000e+00       1.358377625408e-16       2.697245251602e-17      -3.160219174097e-18 
 2556       8.270063431188e-12       4.361074680808e-13      -4.720148984530e-13       0.000000000000e+00       1.356176903833e-16       2.703267293928e-17      -3.140616973012e-18 
 2557       8.255017957780e-12       4.361042002580e-13      -4.778105082851e-13       0.000000000000e+00       1.353980609883e-16       2.709197104880e-17      -3.119934499055e-18 
 2558       8.240422022781e-12       4.360593953241e-13      -4.835928624121e-13       0.000000000000e+00       1.351788731522e-16       2.715036533635e-17      -3.098241417025e-18 
 2559       8.226270042042e-12       4.359732558302e-13      -4.893597506155e-13       0.000000000000e+00       1.349601256635e-16       2.720787435688e-17      -3.075607615416e-18 
 2560       8.212556411374e-12       4.358459851877e-13      -4.951089558719e-13       0.000000000000e+00       1.347418173029e-16       2.726451672857e-17      -3.052103206641e-18 
 2561       8.199275506529e-12       4.356777876696e-13      -5.008382543467e-13       0.000000000000e+00       1.345239468431e-16       2.732031113292e-17      -3.027798527250e-18 
 2562       8.186421683181e-12       4.354688684109e-13      -5.065454153869e-13       0.000000000000e+00       1.343065130491e-16       2.737527631478e-17      -3.002764138150e-18 
 2563       8.173989276899e-12       4.352194334099e-13      -5.122282015153e-13       0.000000000000e+00       1.340895146779e-16       2.742943108245e-17      -2.977070824830e-18 
 2564       8.161972603136e-12       4.349296895289e-13      -5.178843684231e-13       0.000000000000e+00       1.338729504786e-16       2.748279430771e-17      -2.950789597574e-18 
 2565       8.150365957201e-12       4.345998444951e-13      -5.235116649638e-13       0.000000000000e+00       1.336568191925e-16       2.753538492593e-17      -2.923991691688e-18 
 2566       8.139163614242e-12       4.342301069019e-13      -5.291078331465e-13       0.000000000000e+00       1.334411195529e-16       2.758722193606e-17      -2.896748567718e-18 
 2567       8.128359829226e-12       4.338206862092e-13      -5.346706081291e-13       0.000000000000e+00       1.332258502852e-16       2.763832440076e-17      -2.869131911670e-18 
 2568       8.117948836916e-12       4.333717927447e-13      -5.401977182121e-13       0.000000000000e+00       1.330110101068e-16       2.768871144644e-17      -2.841213635229e-18 
 2569       8.107924851853e-12       4.328836377049e-13      -5.456868848314e-13       0.000000000000e+00       1.327965977274e-16       2.773840226332e-17      -2.813065875984e-18 
 2570       8.098282068333e-12       4.323564331557e-13      -5.511358225522e-13       0.000000000000e+00       1.325826118485e-16       2.778741610551e-17      -2.784760997643e-18 
 2571       8.089014660391e-12       4.317903920335e-13      -5.565422390622e-13       0.000000000000e+00       1.323690511636e-16       2.783577229102e-17      -2.756371590257e-18 
 2572       8.080116781776e-12       4.311857281461e-13      -5.619038351651e-13       0.000000000000e+00       1.321559143586e-16       2.788349020192e-17      -2.727970470441e-18 
 2573       8.071582565933e-12       4.305426561735e-13      -5.672183047737e-13       0.000000000000e+00       1.319432001111e-16       2.793058928430e-17      -2.699630681590e-18 
 2574       8.063406125980e-12       4.298613916691e-13      -5.724833349037e-13       0.000000000000e+00       1.317309070907e-16       2.797708904840e-17      -2.671425494104e-18 
 2575       8.055581554693e-12       4.291421510602e-13      -5.776966056668e-13       0.000000000000e+00       1.315190339592e-16       2.802300906866e-17      -2.643428405605e-18 
 2576       8.048102924479e-12       4.283851516494e-13      -5.828557902641e-13       0.000000000000e+00       1.313075793702e-16       2.806836898377e-17      -2.615713141162e-18 
 2577       8.040964287360e-12       4.275906116151e-13      -5.879585549798e-13       0.000000000000e+00       1.310965419695e-16       2.811318849675e-17      -2.588353653507e-18 
 2578       8.034159674951e-12       4.267587500124e-13      -5.930025591743e-13       0.000000000000e+00       1.308859203947e-16       2.815748737498e-17      -2.561424123254e-18 
 2579       8.027683098439e-12       4.258897867745e-13      -5.979854552774e-13       0.000000000000e+00       1.306757132754e-16       2.820128545032e-17      -2.534998959127e-18 
 2580       8.021528548565e-12       4.249839427131e-13      -6.029048887824e-13       0.000000000000e+00       1.304659192333e-16       2.824460261913e-17      -2.509152798173e-18 
 2581       8.015689995601e-12       4.240414395196e-13      -6.077584982388e-13       0.000000000000e+00       1.302565368818e-16       2.828745884232e-17      -2.483960505986e-18 
 2582       8.010161389331e-12       4.230624997658e-13      -6.125439152459e-13       0.000000000000e+00       1.300475648265e-16       2.832987414549e-17      -2.459497176926e-18 
 2583       8.004936659027e-12       4.220473469050e-13      -6.172587644465e-13       0.000000000000e+00       1.298390016647e-16       2.837186861890e-17      -2.435838134340e-18 
 2584       8.000009713437e-12       4.209962052729e-13      -6.219006635197e-13       0.000000000000e+00       1.296308459857e-16       2.841346241759e-17      -2.413058930783e-18 
 2585       7.995374440755e-12       4.199093000885e-13      -6.264672231749e-13       0.000000000000e+00       1.294230963709e-16       2.845467576143e-17      -2.391235348237e-18 
 2586       7.991024708606e-12       4.187868574547e-13      -6.309560471448e-13       0.000000000000e+00       1.292157513932e-16       2.849552893518e-17      -2.370443398333e-18 
 2587       7.986954364025e-12       4.176291043598e-13      -6.353647321791e-13       0.000000000000e+00       1.290088096179e-16       2.853604228857e-17      -2.350759322570e-18 
 2588       7.983157233435e-12       4.164362686780e-13      -6.396908680374e-13       0.000000000000e+00       1.288022696017e-16       2.857623623632e-17      -2.332259592537e-18 
 2589       7.979627122627e-12       4.152085791704e-13      -6.439320374831e-13       0.000000000000e+00       1.285961298935e-16       2.861613125826e-17      -2.315020910131e-18 
 2590       7.976357816743e-12       4.139462654858e-13      -6.480858162766e-13       0.000000000000e+00       1.283903890340e-16       2.865574789936e-17      -2.299120207780e-18 
 2591       7.973343080248e-12       4.126495581621e-13      -6.521497731687e-13       0.000000000000e+00       1.281850455556e-16       2.869510676980e-17      -2.284634648661e-18 
 2592       7.970576656918e-12       4.113186886266e-13      -6.561214698940e-13       0.000000000000e+00       1.279800979827e-16       2.873422854502e-17      -2.271641626924e-18 
 2593       7.968052269814e-12       4.099538891971e-13      -6.599984611642e-13       0.000000000000e+00       1.277755448315e-16       2.877313396582e-17      -2.260218767908e-18 
 2594       7.965763444020e-12       4.085554550847e-13      -6.637786088429e-13       0.000000000000e+00       1.275713847648e-16       2.881182878489e-17      -2.250416296107e-18 
 2595       7.963702973797e-12       4.071239307824e-13      -6.674610264210e-13       0.000000000000e+00       1.273676170571e-16       2.885025851356e-17      -2.242173968185e-18 
 2596       7.961863452380e-12       4.056599247301e-13      -6.710451398595e-13       0.000000000000e+00       1.271642411322e-16       2.888835341971e-17      -2.235403671474e-18 
 2597       7.960237448924e-12       4.041640474109e-13      -6.745303738921e-13       0.000000000000e+00       1.269612564087e-16       2.892604355790e-17      -2.230017013374e-18 
 2598       7.958817508482e-12       4.026369113529e-13      -6.779161520233e-13       0.000000000000e+00       1.267586622995e-16       2.896325876915e-17      -2.225925321085e-18 
 2599       7.957596151982e-12       4.010791311315e-13      -6.812018965283e-13       0.000000000000e+00       1.265564582124e-16       2.899992868072e-17      -2.223039641330e-18 
 2600       7.956565876198e-12       3.994913233711e-13      -6.843870284514e-13       0.000000000000e+00       1.263546435499e-16       2.903598270592e-17      -2.221270740086e-18 
 2601       7.955719153735e-12       3.978741067472e-13      -6.874709676051e-13       0.000000000000e+00       1.261532177089e-16       2.907135004390e-17      -2.220529102308e-18 
 2602       7.955048432998e-12       3.962281019886e-13      -6.904531325692e-13       0.000000000000e+00       1.259521800812e-16       2.910595967946e-17      -2.220724931661e-18 
 2603       7.954546138173e-12       3.945539318792e-13      -6.933329406899e-13       0.000000000000e+00       1.257515300530e-16       2.913974038282e-17      -2.221768150247e-18 
 2604       7.954204669201e-12       3.928522212602e-13      -6.961098080785e-13       0.000000000000e+00       1.255512670053e-16       2.917262070944e-17      -2.223568398331e-18 
 2605       7.954016401755e-12       3.911235970318e-13      -6.987831496104e-13       0.000000000000e+00       1.253513903137e-16       2.920452899980e-17      -2.226035034070e-18 
 2606       7.953973687216e-12       3.893686881556e-13      -7.013523789247e-13       0.000000000000e+00       1.251518993483e-16       2.923539337918e-17      -2.229077133239e-18 
 2607       7.954068852652e-12       3.875881256566e-13      -7.038169084222e-13       0.000000000000e+00       1.249527934738e-16       2.926514175750e-17      -2.232603488963e-18 
 2608       7.954294200790e-12       3.857825426249e-13      -7.061761492653e-13       0.000000000000e+00       1.247540720496e-16       2.929370182907e-17      -2.236522611441e-18 
 2609       7.954642009996e-12       3.839525742178e-13      -7.084295113764e-13       0.000000000000e+00       1.245557344296e-16       2.932100107242e-17      -2.240742727675e-18 
 2610       7.955104534250e-12       3.820988576622e-13      -7.105764034373e-13       0.000000000000e+00       1.243577799624e-16       2.934696675007e-17      -2.245171781198e-18 
 2611       7.955674003123e-12       3.802220322561e-13      -7.126162328880e-13       0.000000000000e+00       1.241602079911e-16       2.937152590832e-17      -2.249717431802e-18 
 2612       7.956342621751e-12       3.783227393711e-13      -7.145484059255e-13       0.000000000000e+00       1.239630178533e-16       2.939460537708e-17      -2.254287055265e-18 
 2613       7.957102570817e-12       3.764016224539e-13      -7.163723275032e-13       0.000000000000e+00       1.237662088812e-16       2.941613176965e-17      -2.258787743080e-18 
 2614       7.957946006521e-12       3.744593270287e-13      -7.180874013296e-13       0.000000000000e+00       1.235697804017e-16       2.943603148248e-17      -2.263126302182e-18 
 2615       7.958865060559e-12       3.724965006993e-13      -7.196930298674e-13       0.000000000000e+00       1.233737317361e-16       2.945423069502e-17      -2.267209254675e-18 
 2616       7.959851840102e-12       3.705137931507e-13      -7.211886143326e-13       0.000000000000e+00       1.231780622002e-16       2.947065536948e-17      -2.270942837561e-18 
 2617       7.960898427769e-12       3.685118561515e-13      -7.225735546933e-13       0.000000000000e+00       1.229827711046e-16       2.948523125064e-17      -2.274233002470e-18 
 2618       7.961996881602e-12       3.664913435556e-13      -7.238472496687e-13       0.000000000000e+00       1.227878577540e-16       2.949788386563e-17      -2.276985415383e-18 
 2619       7.963139235050e-12       3.644529113046e-13      -7.250090967282e-13       0.000000000000e+00       1.225933214481e-16       2.950853852375e-17      -2.279105456363e-18 
 2620       7.964317496935e-12       3.623972174295e-13      -7.260584920905e-13       0.000000000000e+00       1.223991614807e-16       2.951712031623e-17      -2.280498219281e-18 
 2621       7.965523651437e-12       3.603249220528e-13      -7.269948307223e-13       0.000000000000e+00       1.222053771404e-16       2.952355411607e-17      -2.281068511547e-18 
 2622       7.966749658066e-12       3.582366873907e-13      -7.278175063375e-13       0.000000000000e+00       1.220119677102e-16       2.952776457779e-17      -2.280720853835e-18 
 2623       7.967987451640e-12       3.561331777548e-13      -7.285259113962e-13       0.000000000000e+00       1.218189324676e-16       2.952967613726e-17      -2.279359479810e-18 
 2624       7.969228942260e-12       3.540150595543e-13      -7.291194371037e-13       0.000000000000e+00       1.216262706846e-16       2.952921301147e-17      -2.276888335860e-18 
 2625       7.970466015289e-12       3.518830012982e-13      -7.295974734092e-13       0.000000000000e+00       1.214339816277e-16       2.952629919834e-17      -2.273211080818e-18 
 2626       7.971690531324e-12       3.497376735969e-13      -7.299594090052e-13       0.000000000000e+00       1.212420645577e-16       2.952085847652e-17      -2.268231085697e-18 
 2627       7.972894326178e-12       3.475797491646e-13      -7.302046313264e-13       0.000000000000e+00       1.210505187302e-16       2.951281440516e-17      -2.261851433409e-18 
 2628       7.974069210853e-12       3.454099028211e-13      -7.303325265485e-13       0.000000000000e+00       1.208593433950e-16       2.950209032374e-17      -2.253974918503e-18 
 2629       7.975206971515e-12       3.432288114938e-13      -7.303424795873e-13       0.000000000000e+00       1.206685377965e-16       2.948860935182e-17      -2.244504046883e-18 
 2630       7.976299369474e-12       3.410371542200e-13      -7.302338740978e-13       0.000000000000e+00       1.204781011735e-16       2.947229438890e-17      -2.233341035542e-18 
 2631       7.977338141159e-12       3.388356121486e-13      -7.300060924731e-13       0.000000000000e+00       1.202880327591e-16       2.945306811414e-17      -2.220387812289e-18 
 2632       7.978314998094e-12       3.366248685422e-13      -7.296585158433e-13       0.000000000000e+00       1.200983317812e-16       2.943085298622e-17      -2.205546015474e-18 
 2633       7.979222185977e-12       3.344055972848e-13      -7.291908039557e-13       0.000000000000e+00       1.199089974778e-16       2.940559640398e-17      -2.188744780664e-18 
 2634       7.980054165364e-12       3.321784283302e-13      -7.286037365179e-13       0.000000000000e+00       1.197200291453e-16       2.937734634191e-17      -2.170024270051e-18 
 2635       7.980805940285e-12       3.299439820654e-13      -7.278983765314e-13       0.000000000000e+00       1.195314260911e-16       2.934617613492e-17      -2.149452607060e-18 
 2636       7.981472499979e-12       3.277028807893e-13      -7.270757908404e-13       0.000000000000e+00       1.193431876168e-16       2.931215935587e-17      -2.127098131806e-18 
 2637       7.982048818876e-12       3.254557487146e-13      -7.261370501348e-13       0.000000000000e+00       1.191553130191e-16       2.927536981586e-17      -2.103029401298e-18 
 2638       7.982529856586e-12       3.232032119699e-13      -7.250832289542e-13       0.000000000000e+00       1.189678015894e-16       2.923588156440e-17      -2.077315189651e-18 
 2639       7.982910557883e-12       3.209458986008e-13      -7.239154056921e-13       0.000000000000e+00       1.187806526134e-16       2.919376888965e-17      -2.050024488293e-18 
 2640       7.983185852694e-12       3.186844385727e-13      -7.226346625992e-13       0.000000000000e+00       1.185938653718e-16       2.914910631868e-17      -2.021226506175e-18 
 2641       7.983350656082e-12       3.164194637716e-13      -7.212420857879e-13       0.000000000000e+00       1.184074391399e-16       2.910196861767e-17      -1.990990669977e-18 
 2642       7.983399868236e-12       3.141516080068e-13      -7.197387652355e-13       0.000000000000e+00       1.182213731878e-16       2.905243079216e-17      -1.959386624319e-18 
 2643       7.983328374450e-12       3.118815070120e-13      -7.181257947882e-13       0.000000000000e+00       1.180356667799e-16       2.900056808727e-17      -1.926484231970e-18 
 2644       7.983131045117e-12       3.096097984479e-13      -7.164042721654e-13       0.000000000000e+00       1.178503191756e-16       2.894645598794e-17      -1.892353574055e-18 
 2645       7.982802735711e-12       3.073371219031e-13      -7.145752989627e-13       0.000000000000e+00       1.176653296289e-16       2.889017021914e-17      -1.857064950262e-18 
 2646       7.982338286774e-12       3.050641188966e-13      -7.126399806567e-13       0.000000000000e+00       1.174806973882e-16       2.883178674612e-17      -1.820688879056e-18 
 2647       7.981732523901e-12       3.027914328796e-13      -7.105994266079e-13       0.000000000000e+00       1.172964216967e-16       2.877138177464e-17      -1.783296097882e-18 
 2648       7.980980257728e-12       3.005197092368e-13      -7.084547500654e-13       0.000000000000e+00       1.171125017924e-16       2.870903175119e-17      -1.744957563378e-18 
 2649       7.980076283915e-12       2.982495952888e-13      -7.062070681699e-13       0.000000000000e+00       1.169289369076e-16       2.864481336323e-17      -1.705744451578e-18 
 2650       7.979015383137e-12       2.959817402936e-13      -7.038575019583e-13       0.000000000000e+00       1.167457262695e-16       2.857880353942e-17      -1.665728158129e-18 
 2651       7.977792321065e-12       2.937167954484e-13      -7.014071763671e-13       0.000000000000e+00       1.165628690996e-16       2.851107944982e-17      -1.624980298491e-18 
 2652       7.976401848355e-12       2.914554138918e-13      -6.988572202362e-13       0.000000000000e+00       1.163803646143e-16       2.844171850619e-17      -1.583572708150e-18 
 2653       7.974838700634e-12       2.891982507050e-13      -6.962087663131e-13       0.000000000000e+00       1.161982120245e-16       2.837079836215e-17      -1.541577442828e-18 
 2654       7.973097598484e-12       2.869459629142e-13      -6.934629512562e-13       0.000000000000e+00       1.160164105356e-16       2.829839691344e-17      -1.499066778688e-18 
 2655       7.971173247431e-12       2.846992094920e-13      -6.906209156393e-13       0.000000000000e+00       1.158349593477e-16       2.822459229815e-17      -1.456113212544e-18 
 2656       7.969060337929e-12       2.824586513596e-13      -6.876838039549e-13       0.000000000000e+00       1.156538576555e-16       2.814946289697e-17      -1.412789462071e-18 
 2657       7.966753545347e-12       2.802249513883e-13      -6.846527646182e-13       0.000000000000e+00       1.154731046480e-16       2.807308733336e-17      -1.369168466012e-18 
 2658       7.964247529953e-12       2.779987744014e-13      -6.815289499709e-13       0.000000000000e+00       1.152926995092e-16       2.799554447386e-17      -1.325323384385e-18 
 2659       7.961536936905e-12       2.757807871761e-13      -6.783135162853e-13       0.000000000000e+00       1.151126414173e-16       2.791691342825e-17      -1.281327598698e-18 
 2660       7.958616396231e-12       2.735716584453e-13      -6.750076237679e-13       0.000000000000e+00       1.149329295452e-16       2.783727354983e-17      -1.237254712149e-18 
 2661       7.955480522820e-12       2.713720588995e-13      -6.716124365630e-13       0.000000000000e+00       1.147535630604e-16       2.775670443563e-17      -1.193178549841e-18 
 2662       7.952123916405e-12       2.691826611884e-13      -6.681291227572e-13       0.000000000000e+00       1.145745411248e-16       2.767528592664e-17      -1.149173158988e-18 
 2663       7.948541161552e-12       2.670041399228e-13      -6.645588543825e-13       0.000000000000e+00       1.143958628949e-16       2.759309810803e-17      -1.105312809126e-18 
 2664       7.944726827642e-12       2.648371716765e-13      -6.609028074207e-13       0.000000000000e+00       1.142175275219e-16       2.751022130941e-17      -1.061671992315e-18 
 2665       7.940675468860e-12       2.626824349882e-13      -6.571621618069e-13       0.000000000000e+00       1.140395341511e-16       2.742673610505e-17      -1.018325423358e-18 
 2666       7.936381624181e-12       2.605406103630e-13      -6.533381014336e-13       0.000000000000e+00       1.138618819228e-16       2.734272331408e-17      -9.753480399994e-19 
 2667       7.931839817356e-12       2.584123802746e-13      -6.494318141542e-13       0.000000000000e+00       1.136845699715e-16       2.725826400076e-17      -9.328150031409e-19 
 2668       7.927044556897e-12       2.562984291669e-13      -6.454444917872e-13       0.000000000000e+00       1.135075974263e-16       2.717343947469e-17      -8.908016970461e-19 
 2669       7.921990336062e-12       2.541994434558e-13      -6.413773301198e-13       0.000000000000e+00       1.133309634108e-16       2.708833129106e-17      -8.493837295508e-19 
 2670       7.916671632847e-12       2.521161115311e-13      -6.372315289119e-13       0.000000000000e+00       1.131546670431e-16       2.700302125085e-17      -8.086369322710e-19 
 2671       7.911082909964e-12       2.500491237584e-13      -6.330082918996e-13       0.000000000000e+00       1.129787074357e-16       2.691759140107e-17      -7.686373608117e-19 
 2672       7.905219477711e-12       2.479991077881e-13      -6.287089327354e-13       0.000000000000e+00       1.128030837102e-16       2.683210819266e-17      -7.294482089111e-19 
 2673       7.899080087761e-12       2.459664340923e-13      -6.243351934336e-13       0.000000000000e+00       1.126277950411e-16       2.674657485872e-17      -6.910804720956e-19 
 2674       7.892664353559e-12       2.439514093657e-13      -6.198889276773e-13       0.000000000000e+00       1.124528406120e-16       2.666097877571e-17      -6.535320688542e-19 
 2675       7.885971888735e-12       2.419543411224e-13      -6.153719950473e-13       0.000000000000e+00       1.122782196013e-16       2.657530728211e-17      -6.168009071120e-19 
 2676       7.879002307107e-12       2.399755376968e-13      -6.107862610272e-13       0.000000000000e+00       1.121039311821e-16       2.648954767833e-17      -5.808848842199e-19 
 2677       7.871755222677e-12       2.380153082437e-13      -6.061335970090e-13       0.000000000000e+00       1.119299745224e-16       2.640368722671e-17      -5.457818869428e-19 
 2678       7.864230249634e-12       2.360739627397e-13      -6.014158802992e-13       0.000000000000e+00       1.117563487845e-16       2.631771315149e-17      -5.114897914483e-19 
 2679       7.856427002357e-12       2.341518119835e-13      -5.966349941237e-13       0.000000000000e+00       1.115830531257e-16       2.623161263874e-17      -4.780064632957e-19 
 2680       7.848345095411e-12       2.322491675968e-13      -5.917928276341e-13       0.000000000000e+00       1.114100866980e-16       2.614537283635e-17      -4.453297574247e-19 
 2681       7.839984143551e-12       2.303663420252e-13      -5.868912759130e-13       0.000000000000e+00       1.112374486480e-16       2.605898085399e-17      -4.134575181439e-19 
 2682       7.831343761721e-12       2.285036485384e-13      -5.819322399796e-13       0.000000000000e+00       1.110651381168e-16       2.597242376308e-17      -3.823875791199e-19 
 2683       7.822423565056e-12       2.266614012317e-13      -5.769176267953e-13       0.000000000000e+00       1.108931542406e-16       2.588568859674e-17      -3.521177633659e-19 
 2684       7.813223168880e-12       2.248399150261e-13      -5.718493492694e-13       0.000000000000e+00       1.107214961498e-16       2.579876234976e-17      -3.226458832303e-19 
 2685       7.803742188709e-12       2.230395056692e-13      -5.667293262649e-13       0.000000000000e+00       1.105501629699e-16       2.571163197856e-17      -2.939697403856e-19 
 2686       7.793980240250e-12       2.212604897360e-13      -5.615594826036e-13       0.000000000000e+00       1.103791538207e-16       2.562428440119e-17      -2.660871258172e-19 
 2687       7.783936939404e-12       2.195031846299e-13      -5.563417490723e-13       0.000000000000e+00       1.102084678168e-16       2.553670649723e-17      -2.389958198119e-19 
 2688       7.773611902263e-12       2.177679085829e-13      -5.510780624280e-13       0.000000000000e+00       1.100381040675e-16       2.544888510780e-17      -2.126935919469e-19 
 2689       7.763004745113e-12       2.160549806565e-13      -5.457703654037e-13       0.000000000000e+00       1.098680616766e-16       2.536080703552e-17      -1.871782010786e-19 
 2690       7.752115084435e-12       2.143647207427e-13      -5.404206067139e-13       0.000000000000e+00       1.096983397427e-16       2.527245904446e-17      -1.624473953309e-19 
 2691       7.740942536905e-12       2.126974495646e-13      -5.350307410606e-13       0.000000000000e+00       1.095289373588e-16       2.518382786012e-17      -1.384989120844e-19 
 2692       7.729486719391e-12       2.110534886770e-13      -5.296027291383e-13       0.000000000000e+00       1.093598536127e-16       2.509490016938e-17      -1.153304779652e-19 
 2693       7.717747248960e-12       2.094331604671e-13      -5.241385376400e-13       0.000000000000e+00       1.091910875869e-16       2.500566262047e-17      -9.293980883292e-20 
 2694       7.705723742875e-12       2.078367881556e-13      -5.186401392630e-13       0.000000000000e+00       1.090226383581e-16       2.491610182293e-17      -7.132460977045e-20 
 2695       7.693415818596e-12       2.062646957969e-13      -5.131095127138e-13       0.000000000000e+00       1.088545049981e-16       2.482620434760e-17      -5.048257507198e-20 
 2696       7.680823093778e-12       2.047172082805e-13      -5.075486427147e-13       0.000000000000e+00       1.086866865729e-16       2.473595672654e-17      -3.041138823200e-20 
 2697       7.667945186277e-12       2.031946513310e-13      -5.019595200086e-13       0.000000000000e+00       1.085191821434e-16       2.464534545302e-17      -1.110872193404e-20 
 2698       7.654781714147e-12       2.016973515094e-13      -4.963441413649e-13       0.000000000000e+00       1.083519907648e-16       2.455435698151e-17       7.427761960624e-21 
 2699       7.641332295642e-12       2.002256362136e-13      -4.907045095854e-13       0.000000000000e+00       1.081851114871e-16       2.446297772758e-17       2.520041242419e-20 
 2700       7.627596549214e-12       1.987798336789e-13      -4.850426335094e-13       0.000000000000e+00       1.080185433548e-16       2.437119406791e-17       4.221158927361e-20 
 2701       7.613574093516e-12       1.973602729794e-13      -4.793605280197e-13       0.000000000000e+00       1.078522854068e-16       2.427899234027e-17       5.846366318183e-20 
 2702       7.599264547404e-12       1.959672840281e-13      -4.736602140481e-13       0.000000000000e+00       1.076863366769e-16       2.418635884343e-17       7.395901568905e-20 
 2703       7.584667529933e-12       1.946011975778e-13      -4.679437185808e-13       0.000000000000e+00       1.075206961932e-16       2.409327983716e-17       8.870003921398e-20 
 2704       7.569782660362e-12       1.932623452220e-13      -4.622130746647e-13       0.000000000000e+00       1.073553629784e-16       2.399974154220e-17       1.026891370651e-19 
 2705       7.554609558151e-12       1.919510593954e-13      -4.564703214120e-13       0.000000000000e+00       1.071903360497e-16       2.390573014021e-17       1.159287234519e-19 
 2706       7.539147842967e-12       1.906676733750e-13      -4.507175040067e-13       0.000000000000e+00       1.070256144190e-16       2.381123177372e-17       1.284212234960e-19 
 2707       7.523397134676e-12       1.894125212804e-13      -4.449566737097e-13       0.000000000000e+00       1.068611970925e-16       2.371623254612e-17       1.401690732429e-19 
 2708       7.507357053353e-12       1.881859380746e-13      -4.391898878648e-13       0.000000000000e+00       1.066970830710e-16       2.362071852164e-17       1.511747196726e-19 
 2709       7.491027219275e-12       1.869882595652e-13      -4.334192099040e-13       0.000000000000e+00       1.065332713500e-16       2.352467572524e-17       1.614406207110e-19 
 2710       7.474407252927e-12       1.858198224045e-13      -4.276467093532e-13       0.000000000000e+00       1.063697609193e-16       2.342809014267e-17       1.709692452417e-19 
 2711       7.457497444020e-12       1.846808896199e-13      -4.218743711345e-13       0.000000000000e+00       1.062065508897e-16       2.333094845841e-17       1.797698747084e-19 
 2712       7.440300762511e-12       1.835714267632e-13      -4.161038229269e-13       0.000000000000e+00       1.060436408729e-16       2.323324027410e-17       1.878790480441e-19 
 2713       7.422820858449e-12       1.824913245531e-13      -4.103366063441e-13       0.000000000000e+00       1.058810306036e-16       2.313495590209e-17       1.953402272060e-19 
 2714       7.405061393953e-12       1.814404732363e-13      -4.045742675079e-13       0.000000000000e+00       1.057187198131e-16       2.303608562837e-17       2.021970057353e-19 
 2715       7.387026043220e-12       1.804187625866e-13      -3.988183570529e-13       0.000000000000e+00       1.055567082297e-16       2.293661971262e-17       2.084931088797e-19 
 2716       7.368718492541e-12       1.794260819044e-13      -3.930704301303e-13       0.000000000000e+00       1.053949955781e-16       2.283654838815e-17       2.142723937160e-19 
 2717       7.350142440308e-12       1.784623200165e-13      -3.873320464119e-13       0.000000000000e+00       1.052335815800e-16       2.273586186187e-17       2.195788492719e-19 
 2718       7.331301597031e-12       1.775273652752e-13      -3.816047700945e-13       0.000000000000e+00       1.050724659536e-16       2.263455031430e-17       2.244565966484e-19 
 2719       7.312199685344e-12       1.766211055583e-13      -3.758901699041e-13       0.000000000000e+00       1.049116484139e-16       2.253260389953e-17       2.289498891424e-19 
 2720       7.292840440018e-12       1.757434282684e-13      -3.701898190997e-13       0.000000000000e+00       1.047511286726e-16       2.243001274517e-17       2.331031123682e-19 
 2721       7.273227607977e-12       1.748942203320e-13      -3.645052954778e-13       0.000000000000e+00       1.045909064381e-16       2.232676695238e-17       2.369607843807e-19 
 2722       7.253364948301e-12       1.740733681999e-13      -3.588381813760e-13       0.000000000000e+00       1.044309814155e-16       2.222285659579e-17       2.405675557971e-19 
 2723       7.233256232245e-12       1.732807578459e-13      -3.531900636780e-13       0.000000000000e+00       1.042713533065e-16       2.211827172352e-17       2.439682099191e-19 
 2724       7.212905243249e-12       1.725162747669e-13      -3.475625338169e-13       0.000000000000e+00       1.041120218097e-16       2.201300235714e-17       2.472076628555e-19 
 2725       7.192315776946e-12       1.717798039818e-13      -3.419571877798e-13       0.000000000000e+00       1.039529866202e-16       2.190703849163e-17       2.503309636444e-19 
 2726       7.171491641176e-12       1.710712300319e-13      -3.363756261117e-13       0.000000000000e+00       1.037942474297e-16       2.180037009539e-17       2.533832943753e-19 
 2727       7.150436655999e-12       1.703904369794e-13      -3.308194539199e-13       0.000000000000e+00       1.036358039270e-16       2.169298711018e-17       2.564099703113e-19 
 2728       7.129154653702e-12       1.697373084077e-13      -3.252902808779e-13       0.000000000000e+00       1.034776557970e-16       2.158487945113e-17       2.594564400119e-19 
 2729       7.107649478817e-12       1.691117274206e-13      -3.197897212296e-13       0.000000000000e+00       1.033198027217e-16       2.147603700669e-17       2.625682854544e-19 
 2730       7.085924988126e-12       1.685135766418e-13      -3.143193937934e-13       0.000000000000e+00       1.031622443796e-16       2.136644963864e-17       2.657912221570e-19 
 2731       7.063985050676e-12       1.679427382145e-13      -3.088809219667e-13       0.000000000000e+00       1.030049804458e-16       2.125610718201e-17       2.691710993007e-19 
 2732       7.041833547790e-12       1.673990938009e-13      -3.034759337293e-13       0.000000000000e+00       1.028480105923e-16       2.114499944512e-17       2.727538998515e-19 
 2733       7.019474373078e-12       1.668825245818e-13      -2.981060616482e-13       0.000000000000e+00       1.026913344874e-16       2.103311620950e-17       2.765857406827e-19 
 2734       6.996911432451e-12       1.663929112558e-13      -2.927729428816e-13       0.000000000000e+00       1.025349517964e-16       2.092044722992e-17       2.807128726973e-19 
 2735       6.974148644126e-12       1.659301340392e-13      -2.874782191827e-13       0.000000000000e+00       1.023788621810e-16       2.080698223431e-17       2.851816809502e-19 
 2736       6.951189938645e-12       1.654940726654e-13      -2.822235369043e-13       0.000000000000e+00       1.022230652997e-16       2.069271092380e-17       2.900386847704e-19 
 2737       6.928039258883e-12       1.650846063842e-13      -2.770105470026e-13       0.000000000000e+00       1.020675608074e-16       2.057762297264e-17       2.953305378835e-19 
 2738       6.904700560059e-12       1.647016139618e-13      -2.718409050415e-13       0.000000000000e+00       1.019123483559e-16       2.046170802819e-17       3.011040285334e-19 
 2739       6.881177809749e-12       1.643449736797e-13      -2.667162711965e-13       0.000000000000e+00       1.017574275936e-16       2.034495571093e-17       3.074060796054e-19 
 2740       6.857474987897e-12       1.640145633347e-13      -2.616383102594e-13       0.000000000000e+00       1.016027981653e-16       2.022735561440e-17       3.142837487478e-19 
 2741       6.833596086825e-12       1.637102602382e-13      -2.566086916417e-13       0.000000000000e+00       1.014484597126e-16       2.010889730517e-17       3.217842284943e-19 
 2742       6.809545111247e-12       1.634319412159e-13      -2.516290893792e-13       0.000000000000e+00       1.012944118738e-16       1.998957032286e-17       3.299548463865e-19 
 2743       6.785326078279e-12       1.631794826070e-13      -2.467011821363e-13       0.000000000000e+00       1.011406542835e-16       1.986936418008e-17       3.388430650961e-19 
 2744       6.760943017451e-12       1.629527602639e-13      -2.418266532096e-13       0.000000000000e+00       1.009871865733e-16       1.974826836241e-17       3.484964825469e-19 
 2745       6.736399970718e-12       1.627516495519e-13      -2.370071905322e-13       0.000000000000e+00       1.008340083711e-16       1.962627232839e-17       3.589628320373e-19 
 2746       6.711700992473e-12       1.625760253485e-13      -2.322444866783e-13       0.000000000000e+00       1.006811193016e-16       1.950336550950e-17       3.702899823627e-19 
 2747       6.686850149555e-12       1.624257620429e-13      -2.275402388667e-13       0.000000000000e+00       1.005285189860e-16       1.937953731011e-17       3.825259379374e-19 
 2748       6.661851521266e-12       1.623007335354e-13      -2.228961489654e-13       0.000000000000e+00       1.003762070420e-16       1.925477710747e-17       3.957188389170e-19 
 2749       6.636709199375e-12       1.622008132376e-13      -2.183139234954e-13       0.000000000000e+00       1.002241830842e-16       1.912907425170e-17       4.099169613210e-19 
 2750       6.611427439385e-12       1.621258303822e-13      -2.137950700998e-13       0.000000000000e+00       1.000724466484e-16       1.900242823717e-17       4.251520408723e-19 
 2751       6.586011115151e-12       1.620754387032e-13      -2.093402857568e-13       0.000000000000e+00       9.992099696751e-17       1.887487927597e-17       4.413891472478e-19 
 2752       6.560465266704e-12       1.620492470558e-13      -2.049500653170e-13       0.000000000000e+00       9.976983319454e-17       1.874647788722e-17       4.585765431329e-19 
 2753       6.534794949234e-12       1.620468630408e-13      -2.006249047436e-13       0.000000000000e+00       9.961895447791e-17       1.861727474055e-17       4.766623361186e-19 
 2754       6.509005233107e-12       1.620678930029e-13      -1.963653011130e-13       0.000000000000e+00       9.946835996128e-17       1.848732065626e-17       4.955944785590e-19 
 2755       6.483101203876e-12       1.621119420298e-13      -1.921717526163e-13       0.000000000000e+00       9.931804878356e-17       1.835666660548e-17       5.153207674291e-19 
 2756       6.457087962296e-12       1.621786139511e-13      -1.880447585596e-13       0.000000000000e+00       9.916802007892e-17       1.822536371025e-17       5.357888441827e-19 
 2757       6.430970624340e-12       1.622675113370e-13      -1.839848193655e-13       0.000000000000e+00       9.901827297675e-17       1.809346324369e-17       5.569461946099e-19 
 2758       6.404754321210e-12       1.623782354971e-13      -1.799924365734e-13       0.000000000000e+00       9.886880660170e-17       1.796101663016e-17       5.787401486950e-19 
 2759       6.378444199352e-12       1.625103864794e-13      -1.760681128410e-13       0.000000000000e+00       9.871962007366e-17       1.782807544534e-17       6.011178804744e-19 
 2760       6.352045420470e-12       1.626635630689e-13      -1.722123519448e-13       0.000000000000e+00       9.857071250772e-17       1.769469141643e-17       6.240264078939e-19 
 2761       6.325563161541e-12       1.628373627865e-13      -1.684256587809e-13       0.000000000000e+00       9.842208301423e-17       1.756091642225e-17       6.474125926669e-19 
 2762       6.299002614825e-12       1.630313818881e-13      -1.647085393667e-13       0.000000000000e+00       9.827373069872e-17       1.742680249338e-17       6.712231401320e-19 
 2763       6.272368987885e-12       1.632452153628e-13      -1.610615008407e-13       0.000000000000e+00       9.812565466196e-17       1.729240181231e-17       6.954045991106e-19 
 2764       6.245667503595e-12       1.634784569323e-13      -1.574850514643e-13       0.000000000000e+00       9.797785399993e-17       1.715776671357e-17       7.199033617648e-19 
 2765       6.218903400157e-12       1.637306990497e-13      -1.539797006221e-13       0.000000000000e+00       9.783032780380e-17       1.702294968388e-17       7.446656634552e-19 
 2766       6.192081931116e-12       1.640015328979e-13      -1.505459588234e-13       0.000000000000e+00       9.768307515993e-17       1.688800336226e-17       7.696375825984e-19 
 2767       6.165208365370e-12       1.642905483888e-13      -1.471843377026e-13       0.000000000000e+00       9.753609514990e-17       1.675298054020e-17       7.947650405250e-19 
 2768       6.138287987187e-12       1.645973341619e-13      -1.438953500201e-13       0.000000000000e+00       9.738938685046e-17       1.661793416177e-17       8.199938013373e-19 
 2769       6.111326096219e-12       1.649214775833e-13      -1.406795096639e-13       0.000000000000e+00       9.724294933354e-17       1.648291732379e-17       8.452694717670e-19 
 2770       6.084328007513e-12       1.652625647445e-13      -1.375373316495e-13       0.000000000000e+00       9.709678166625e-17       1.634798327593e-17       8.705375010328e-19 
 2771       6.057299051527e-12       1.656201804612e-13      -1.344693321216e-13       0.000000000000e+00       9.695088291089e-17       1.621318542088e-17       8.957431806984e-19 
 2772       6.030244574147e-12       1.659939082719e-13      -1.314760283547e-13       0.000000000000e+00       9.680525212489e-17       1.607857731445e-17       9.208316445303e-19 
 2773       6.003169936694e-12       1.663833304372e-13      -1.285579387540e-13       0.000000000000e+00       9.665988836088e-17       1.594421266577e-17       9.457478683552e-19 
 2774       5.976080515943e-12       1.667880279381e-13      -1.257155828563e-13       0.000000000000e+00       9.651479066663e-17       1.581014533736e-17       9.704366699179e-19 
 2775       5.948981704134e-12       1.672075804753e-13      -1.229494813310e-13       0.000000000000e+00       9.636995808505e-17       1.567642934529e-17       9.948427087392e-19 
 2776       5.921878908991e-12       1.676415664676e-13      -1.202601559809e-13       0.000000000000e+00       9.622538965421e-17       1.554311885937e-17       1.018910485974e-18 
 2777       5.894777553728e-12       1.680895630512e-13      -1.176481297433e-13       0.000000000000e+00       9.608108440734e-17       1.541026820318e-17       1.042584344267e-18 
 2778       5.867683077069e-12       1.685511460779e-13      -1.151139266907e-13       0.000000000000e+00       9.593704137276e-17       1.527793185432e-17       1.065808467614e-18 
 2779       5.840600933261e-12       1.690258901146e-13      -1.126580720317e-13       0.000000000000e+00       9.579325957396e-17       1.514616444448e-17       1.088526881217e-18 
 2780       5.813536592085e-12       1.695133684415e-13      -1.102810921122e-13       0.000000000000e+00       9.564973802955e-17       1.501502075959e-17       1.110683451342e-18 
 2781       5.786495538874e-12       1.700131530516e-13      -1.079835144158e-13       0.000000000000e+00       9.550647575324e-17       1.488455573997e-17       1.132221885177e-18 
 2782       5.759483274522e-12       1.705248146489e-13      -1.057658675654e-13       0.000000000000e+00       9.536347175387e-17       1.475482448047e-17       1.153085730693e-18 
 2783       5.732505315504e-12       1.710479226474e-13      -1.036286813234e-13       0.000000000000e+00       9.522072503540e-17       1.462588223057e-17       1.173218376495e-18 
 2784       5.705567193883e-12       1.715820451702e-13      -1.015724865930e-13       0.000000000000e+00       9.507823459688e-17       1.449778439457e-17       1.192563051686e-18 
 2785       5.678674457331e-12       1.721267490481e-13      -9.959781541912e-14       0.000000000000e+00       9.493599943246e-17       1.437058653171e-17       1.211062825723e-18 
 2786       5.651832669136e-12       1.726815998184e-13      -9.770520098917e-14       0.000000000000e+00       9.479401853139e-17       1.424434435628e-17       1.228660608271e-18 
 2787       5.625047408221e-12       1.732461617238e-13      -9.589517763402e-14       0.000000000000e+00       9.465229087803e-17       1.411911373779e-17       1.245299149067e-18 
 2788       5.598324269157e-12       1.738199977111e-13      -9.416828082890e-14       0.000000000000e+00       9.451081545178e-17       1.399495070110e-17       1.260921037772e-18 
 2789       5.571668525952e-12       1.744026731126e-13      -9.252485700631e-14       0.000000000000e+00       9.436959137140e-17       1.387190588062e-17       1.275483625585e-18 
 2790       5.545084121474e-12       1.749937667126e-13      -9.096449190189e-14       0.000000000000e+00       9.422861832848e-17       1.375000785082e-17       1.289003875949e-18 
 2791       5.518574672750e-12       1.755928597366e-13      -8.948657920858e-14       0.000000000000e+00       9.408789615623e-17       1.362927970846e-17       1.301513749070e-18 
 2792       5.492143806717e-12       1.761995321730e-13      -8.809051049000e-14       0.000000000000e+00       9.394742468539e-17       1.350974461066e-17       1.313045301646e-18 
 2793       5.465795160229e-12       1.768133627721e-13      -8.677567517841e-14       0.000000000000e+00       9.380720374423e-17       1.339142577487e-17       1.323630686951e-18 
 2794       5.439532380066e-12       1.774339290447e-13      -8.554146057267e-14       0.000000000000e+00       9.366723315860e-17       1.327434647903e-17       1.333302154927e-18 
 2795       5.413359122946e-12       1.780608072615e-13      -8.438725183625e-14       0.000000000000e+00       9.352751275186e-17       1.315853006152e-17       1.342092052267e-18 
 2796       5.387279055526e-12       1.786935724514e-13      -8.331243199516e-14       0.000000000000e+00       9.338804234493e-17       1.304399992130e-17       1.350032822507e-18 
 2797       5.361295854419e-12       1.793317984010e-13      -8.231638193597e-14       0.000000000000e+00       9.324882175625e-17       1.293077951788e-17       1.357157006113e-18 
 2798       5.335413206198e-12       1.799750576529e-13      -8.139848040376e-14       0.000000000000e+00       9.310985080181e-17       1.281889237145e-17       1.363497240569e-18 
 2799       5.309634807407e-12       1.806229215048e-13      -8.055810400010e-14       0.000000000000e+00       9.297112929510e-17       1.270836206286e-17       1.369086260460e-18 
 2800       5.283964364567e-12       1.812749600086e-13      -7.979462718103e-14       0.000000000000e+00       9.283265704717e-17       1.259921223375e-17       1.373956897569e-18 
 2801       5.258405594188e-12       1.819307419688e-13      -7.910742225503e-14       0.000000000000e+00       9.269443386657e-17       1.249146658652e-17       1.378142080956e-18 
 2802       5.232962222775e-12       1.825898349421e-13      -7.849585938100e-14       0.000000000000e+00       9.255645955937e-17       1.238514888444e-17       1.381674837053e-18 
 2803       5.207637986839e-12       1.832518052354e-13      -7.795930656622e-14       0.000000000000e+00       9.241873392918e-17       1.228028295169e-17       1.384588289747e-18 
 2804       5.182436632904e-12       1.839162179055e-13      -7.749712966436e-14       0.000000000000e+00       9.228125677710e-17       1.217689267340e-17       1.386915660468e-18 
 2805       5.157361917514e-12       1.845826367573e-13      -7.710869237342e-14       0.000000000000e+00       9.214402790175e-17       1.207500199569e-17       1.388690268282e-18 
 2806       5.132417607249e-12       1.852506243434e-13      -7.679335623372e-14       0.000000000000e+00       9.200704709927e-17       1.197463492577e-17       1.389945529971e-18 
 2807       5.107607478723e-12       1.859197419620e-13      -7.655048062587e-14       0.000000000000e+00       9.187031416329e-17       1.187581553196e-17       1.390714960128e-18 
 2808       5.082935318603e-12       1.865895496570e-13      -7.637942276877e-14       0.000000000000e+00       9.173382888496e-17       1.177856794372e-17       1.391032171241e-18 
 2809       5.058404923611e-12       1.872596062159e-13      -7.627953771753e-14       0.000000000000e+00       9.159759105290e-17       1.168291635174e-17       1.390930873782e-18 
 2810       5.034020100534e-12       1.879294691689e-13      -7.625017836153e-14       0.000000000000e+00       9.146160045326e-17       1.158888500800e-17       1.390444876295e-18 
 2811       5.009784666236e-12       1.885986947883e-13      -7.629069542229e-14       0.000000000000e+00       9.132585686967e-17       1.149649822577e-17       1.389608085481e-18 
 2812       4.985702447662e-12       1.892668380866e-13      -7.640043745155e-14       0.000000000000e+00       9.119036008325e-17       1.140578037971e-17       1.388454506293e-18 
 2813       4.961777281850e-12       1.899334528160e-13      -7.657875082916e-14       0.000000000000e+00       9.105510987262e-17       1.131675590591e-17       1.387018242015e-18 
 2814       4.938013015939e-12       1.905980914670e-13      -7.682497976112e-14       0.000000000000e+00       9.092010601386e-17       1.122944930193e-17       1.385333494357e-18 
 2815       4.914413507176e-12       1.912603052674e-13      -7.713846627752e-14       0.000000000000e+00       9.078534828055e-17       1.114388512685e-17       1.383434563537e-18 
 2816       4.890982622929e-12       1.919196441809e-13      -7.751855023051e-14       0.000000000000e+00       9.065083644376e-17       1.106008800135e-17       1.381355848375e-18 
 2817       4.867724240690e-12       1.925756569064e-13      -7.796456929230e-14       0.000000000000e+00       9.051657027202e-17       1.097808260775e-17       1.379131846375e-18 
 2818       4.844642248086e-12       1.932278908767e-13      -7.847585895311e-14       0.000000000000e+00       9.038254953133e-17       1.089789369003e-17       1.376797153819e-18 
 2819       4.821740542893e-12       1.938758922572e-13      -7.905175251920e-14       0.000000000000e+00       9.024877398519e-17       1.081954605393e-17       1.374386465847e-18 
 2820       4.799023033034e-12       1.945192059450e-13      -7.969158111074e-14       0.000000000000e+00       9.011524339452e-17       1.074306456698e-17       1.371934576554e-18 
 2821       4.776493636597e-12       1.951573755678e-13      -8.039467365992e-14       0.000000000000e+00       8.998195751776e-17       1.066847415855e-17       1.369476379068e-18 
 2822       4.754156281841e-12       1.957899434827e-13      -8.116035690879e-14       0.000000000000e+00       8.984891611076e-17       1.059579981989e-17       1.367046865648e-18 
 2823       4.732014907203e-12       1.964164507749e-13      -8.198795540736e-14       0.000000000000e+00       8.971611892687e-17       1.052506660423e-17       1.364681127764e-18 
 2824       4.710073461307e-12       1.970364372571e-13      -8.287679151146e-14       0.000000000000e+00       8.958356571688e-17       1.045629962677e-17       1.362414356189e-18 
 2825       4.688335902974e-12       1.976494414677e-13      -8.382618538082e-14       0.000000000000e+00       8.945125622902e-17       1.038952406478e-17       1.360281841084e-18 
 2826       4.666806201232e-12       1.982550006702e-13      -8.483545497697e-14       0.000000000000e+00       8.931919020900e-17       1.032476515763e-17       1.358318972089e-18 
 2827       4.645488335322e-12       1.988526508520e-13      -8.590391606124e-14       0.000000000000e+00       8.918736739995e-17       1.026204820684e-17       1.356561238409e-18 
 2828       4.624385728736e-12       1.994419666762e-13      -8.703080015951e-14       0.000000000000e+00       8.905578747768e-17       1.020138566884e-17       1.355036896683e-18 
 2829       4.603499548118e-12       2.000226815655e-13      -8.821500799627e-14       0.000000000000e+00       8.892444985596e-17       1.014273836010e-17       1.353744932930e-18 
 2830       4.582830395569e-12       2.005945682382e-13      -8.945535477961e-14       0.000000000000e+00       8.879335388019e-17       1.008605405120e-17       1.352676986651e-18 
 2831       4.562378873824e-12       2.011573988109e-13      -9.075065211523e-14       0.000000000000e+00       8.866249889214e-17       1.003128035571e-17       1.351824672657e-18 
 2832       4.542145586247e-12       2.017109447978e-13      -9.209970800321e-14       0.000000000000e+00       8.853188422988e-17       9.978364730093e-18       1.351179581050e-18 
 2833       4.522131136834e-12       2.022549771108e-13      -9.350132683474e-14       0.000000000000e+00       8.840150922783e-17       9.927254473553e-18       1.350733277200e-18 
 2834       4.502336130212e-12       2.027892660579e-13      -9.495430938886e-14       0.000000000000e+00       8.827137321671e-17       9.877896727874e-18       1.350477301724e-18 
 2835       4.482761171640e-12       2.033135813440e-13      -9.645745282920e-14       0.000000000000e+00       8.814147552358e-17       9.830238477296e-18       1.350403170460e-18 
 2836       4.463406867007e-12       2.038276920692e-13      -9.800955070076e-14       0.000000000000e+00       8.801181547180e-17       9.784226548369e-18       1.350502374450e-18 
 2837       4.444273822836e-12       2.043313667292e-13      -9.960939292661e-14       0.000000000000e+00       8.788239238105e-17       9.739807609811e-18       1.350766379914e-18 
 2838       4.425362646283e-12       2.048243732140e-13      -1.012557658047e-13       0.000000000000e+00       8.775320556733e-17       9.696928172365e-18       1.351186628230e-18 
 2839       4.406673945134e-12       2.053064788079e-13      -1.029474520044e-13       0.000000000000e+00       8.762425434291e-17       9.655534588661e-18       1.351754535912e-18 
 2840       4.388208327810e-12       2.057774501891e-13      -1.046832305637e-13       0.000000000000e+00       8.749553801640e-17       9.615573053075e-18       1.352461494586e-18 
 2841       4.369966403363e-12       2.062370534285e-13      -1.064618768854e-13       0.000000000000e+00       8.736705589267e-17       9.576989601583e-18       1.353298870970e-18 
 2842       4.351948781480e-12       2.066850539898e-13      -1.082821627341e-13       0.000000000000e+00       8.723880727291e-17       9.539730111622e-18       1.354258006849e-18 
 2843       4.334156072480e-12       2.071212167288e-13      -1.101428562333e-13       0.000000000000e+00       8.711079145458e-17       9.503740301951e-18       1.355330219057e-18 
 2844       4.316588887317e-12       2.075453058929e-13      -1.120427218614e-13       0.000000000000e+00       8.698300773143e-17       9.468965732507e-18       1.356506799451e-18 
 2845       4.299247837577e-12       2.079570851203e-13      -1.139805204490e-13       0.000000000000e+00       8.685545539349e-17       9.435351804261e-18       1.357779014892e-18 
 2846       4.282133535482e-12       2.083563174401e-13      -1.159550091757e-13       0.000000000000e+00       8.672813372708e-17       9.402843759084e-18       1.359138107222e-18 
 2847       4.265246593886e-12       2.087427652710e-13      -1.179649415662e-13       0.000000000000e+00       8.660104201477e-17       9.371386679598e-18       1.360575293238e-18 
 2848       4.248587626281e-12       2.091161904214e-13      -1.200090674880e-13       0.000000000000e+00       8.647417953541e-17       9.340925489038e-18       1.362081764677e-18 
 2849       4.232157246791e-12       2.094763540887e-13      -1.220861331471e-13       0.000000000000e+00       8.634754556412e-17       9.311404951113e-18       1.363648688189e-18 
 2850       4.215956070175e-12       2.098230168587e-13      -1.241948810858e-13       0.000000000000e+00       8.622113937227e-17       9.282769669858e-18       1.365267205314e-18 
 2851       4.199984711829e-12       2.101559387051e-13      -1.263340501785e-13       0.000000000000e+00       8.609496022750e-17       9.254964089498e-18       1.366928432464e-18 
 2852       4.184243787784e-12       2.104748789891e-13      -1.285023756290e-13       0.000000000000e+00       8.596900739368e-17       9.227932494308e-18       1.368623460899e-18 
 2853       4.168733914704e-12       2.107795964585e-13      -1.306985889673e-13       0.000000000000e+00       8.584328013096e-17       9.201619008463e-18       1.370343356703e-18 
 2854       4.153455709893e-12       2.110698492479e-13      -1.329214180459e-13       0.000000000000e+00       8.571777769572e-17       9.175967595907e-18       1.372079160766e-18 
 2855       4.138409791288e-12       2.113453948774e-13      -1.351695870369e-13       0.000000000000e+00       8.559249934057e-17       9.150922060204e-18       1.373821888756e-18 
 2856       4.123596777464e-12       2.116059902526e-13      -1.374418164286e-13       0.000000000000e+00       8.546744431438e-17       9.126426044402e-18       1.375562531104e-18 
 2857       4.109017287632e-12       2.118513916640e-13      -1.397368230224e-13       0.000000000000e+00       8.534261186224e-17       9.102423030885e-18       1.377292052976e-18 
 2858       4.094671941640e-12       2.120813547861e-13      -1.420533199293e-13       0.000000000000e+00       8.521800122548e-17       9.078856341239e-18       1.379001394253e-18 
 2859       4.080561359972e-12       2.122956346773e-13      -1.443900165669e-13       0.000000000000e+00       8.509361164163e-17       9.055669136106e-18       1.380681469511e-18 
 2860       4.066686163752e-12       2.124939857795e-13      -1.467456186559e-13       0.000000000000e+00       8.496944234448e-17       9.032804415043e-18       1.382323167994e-18 
 2861       4.053046974738e-12       2.126761619171e-13      -1.491188282171e-13       0.000000000000e+00       8.484549256401e-17       9.010205016383e-18       1.383917353597e-18 
 2862       4.039644415328e-12       2.128419162967e-13      -1.515083435679e-13       0.000000000000e+00       8.472176152643e-17       8.987813617089e-18       1.385454864840e-18 
 2863       4.026479108557e-12       2.129910015066e-13      -1.539128593192e-13       0.000000000000e+00       8.459824845415e-17       8.965572732619e-18       1.386926514851e-18 
 2864       4.013551678100e-12       2.131231695164e-13      -1.563310663722e-13       0.000000000000e+00       8.447495256579e-17       8.943424716777e-18       1.388323091335e-18 
 2865       4.000862748266e-12       2.132381716763e-13      -1.587616519149e-13       0.000000000000e+00       8.435187307618e-17       8.921311761579e-18       1.389635356562e-18 
 2866       3.988412944008e-12       2.133357587167e-13      -1.612032994191e-13       0.000000000000e+00       8.422900919633e-17       8.899175897107e-18       1.390854047338e-18 
 2867       3.976202435159e-12       2.134157301695e-13      -1.636547372838e-13       0.000000000000e+00       8.410636022322e-17       8.876963839606e-18       1.391970139684e-18 
 2868       3.964229566633e-12       2.134780829098e-13      -1.661148850448e-13       0.000000000000e+00       8.398392580954e-17       8.854641563110e-18       1.392975644386e-18 
 2869       3.952492221229e-12       2.135228633724e-13      -1.685827079053e-13       0.000000000000e+00       8.386170569531e-17       8.832179801975e-18       1.393862815467e-18 
 2870       3.940988274747e-12       2.135501181983e-13      -1.710571681550e-13       0.000000000000e+00       8.373969961823e-17       8.809549209324e-18       1.394623885834e-18 
 2871       3.929715595979e-12       2.135598942354e-13      -1.735372251668e-13       0.000000000000e+00       8.361790731369e-17       8.786720356984e-18       1.395251067263e-18 
 2872       3.918672046706e-12       2.135522385383e-13      -1.760218353950e-13       0.000000000000e+00       8.349632851475e-17       8.763663735407e-18       1.395736550382e-18 
 2873       3.907855481688e-12       2.135271983690e-13      -1.785099523720e-13       0.000000000000e+00       8.337496295218e-17       8.740349753608e-18       1.396072504649e-18 
 2874       3.897263748661e-12       2.134848211966e-13      -1.810005267066e-13       0.000000000000e+00       8.325381035438e-17       8.716748739088e-18       1.396251078337e-18 
 2875       3.886894688326e-12       2.134251546978e-13      -1.834925060806e-13       0.000000000000e+00       8.313287044748e-17       8.692830937767e-18       1.396264398515e-18 
 2876       3.876746134348e-12       2.133482467570e-13      -1.859848352469e-13       0.000000000000e+00       8.301214295524e-17       8.668566513910e-18       1.396104571028e-18 
 2877       3.866815913345e-12       2.132541454667e-13      -1.884764560267e-13       0.000000000000e+00       8.289162759910e-17       8.643925550061e-18       1.395763680480e-18 
 2878       3.857101844884e-12       2.131428991272e-13      -1.909663073067e-13       0.000000000000e+00       8.277132409818e-17       8.618878046966e-18       1.395233790218e-18 
 2879       3.847601741476e-12       2.130145562474e-13      -1.934533250372e-13       0.000000000000e+00       8.265123216926e-17       8.593393923509e-18       1.394506942310e-18 
 2880       3.838313408563e-12       2.128691655447e-13      -1.959364422289e-13       0.000000000000e+00       8.253135152676e-17       8.567443016636e-18       1.393575157527e-18 
 2881       3.829234644522e-12       2.127067759450e-13      -1.984145889508e-13       0.000000000000e+00       8.241168188279e-17       8.540995081289e-18       1.392430435328e-18 
 2882       3.820363240647e-12       2.125274365835e-13      -2.008866923273e-13       0.000000000000e+00       8.229222294711e-17       8.514019790331e-18       1.391064753839e-18 
 2883       3.811696981153e-12       2.123311968043e-13      -2.033516765361e-13       0.000000000000e+00       8.217297442711e-17       8.486486734478e-18       1.389470069836e-18 
 2884       3.803233643163e-12       2.121181061609e-13      -2.058084628051e-13       0.000000000000e+00       8.205393602786e-17       8.458365422227e-18       1.387638318727e-18 
 2885       3.794970996702e-12       2.118882144162e-13      -2.082559694105e-13       0.000000000000e+00       8.193510745207e-17       8.429625279787e-18       1.385561414531e-18 
 2886       3.786906804695e-12       2.116415715432e-13      -2.106931116735e-13       0.000000000000e+00       8.181648840009e-17       8.400235651006e-18       1.383231249862e-18 
 2887       3.779038822955e-12       2.113782277245e-13      -2.131188019585e-13       0.000000000000e+00       8.169807856992e-17       8.370165797302e-18       1.380639695914e-18 
 2888       3.771364800182e-12       2.110982333531e-13      -2.155319496700e-13       0.000000000000e+00       8.157987765720e-17       8.339384897593e-18       1.377778602434e-18 
 2889       3.763882477951e-12       2.108016390321e-13      -2.179314612504e-13       0.000000000000e+00       8.146188535521e-17       8.307862048223e-18       1.374639797714e-18 
 2890       3.756589590710e-12       2.104884955754e-13      -2.203162401772e-13       0.000000000000e+00       8.134410135486e-17       8.275566262897e-18       1.371215088565e-18 
 2891       3.749483865771e-12       2.101588540075e-13      -2.226851869608e-13       0.000000000000e+00       8.122652534470e-17       8.242466472603e-18       1.367496260302e-18 
 2892       3.742563023305e-12       2.098127655640e-13      -2.250371991415e-13       0.000000000000e+00       8.110915701090e-17       8.208531525548e-18       1.363475076725e-18 
 2893       3.735824776336e-12       2.094502816914e-13      -2.273711712873e-13       0.000000000000e+00       8.099199603729e-17       8.173730187083e-18       1.359143280103e-18 
 2894       3.729266830733e-12       2.090714540479e-13      -2.296859949912e-13       0.000000000000e+00       8.087504210529e-17       8.138031139636e-18       1.354492591151e-18 
 2895       3.722886885202e-12       2.086763345030e-13      -2.319805588687e-13       0.000000000000e+00       8.075829489395e-17       8.101402982637e-18       1.349514709016e-18 
 2896       3.716682631285e-12       2.082649751382e-13      -2.342537485554e-13       0.000000000000e+00       8.064175407995e-17       8.063814232451e-18       1.344201311258e-18 
 2897       3.710651753350e-12       2.078374282467e-13      -2.365044467041e-13       0.000000000000e+00       8.052541933759e-17       8.025233322306e-18       1.338544053830e-18 
 2898       3.704791928582e-12       2.073937463341e-13      -2.387315329826e-13       0.000000000000e+00       8.040929033878e-17       7.985628602221e-18       1.332534571060e-18 
 2899       3.699100826984e-12       2.069339821182e-13      -2.409338840709e-13       0.000000000000e+00       8.029336675303e-17       7.944968338937e-18       1.326164475636e-18 
 2900       3.693576111363e-12       2.064581885296e-13      -2.431103736589e-13       0.000000000000e+00       8.017764824749e-17       7.903220715848e-18       1.319425358584e-18 
 2901       3.688215437327e-12       2.059664187115e-13      -2.452598724437e-13       0.000000000000e+00       8.006213448690e-17       7.860353832925e-18       1.312308789250e-18 
 2902       3.683016453278e-12       2.054587260200e-13      -2.473812481271e-13       0.000000000000e+00       7.994682513359e-17       7.816335706652e-18       1.304806315284e-18 
 2903       3.677976800409e-12       2.049351640247e-13      -2.494733654129e-13       0.000000000000e+00       7.983171984752e-17       7.771134269949e-18       1.296909462621e-18 
 2904       3.673094112690e-12       2.043957865083e-13      -2.515350860046e-13       0.000000000000e+00       7.971681828623e-17       7.724717372106e-18       1.288609735461e-18 
 2905       3.668366016868e-12       2.038406474672e-13      -2.535652686027e-13       0.000000000000e+00       7.960212010488e-17       7.677052778710e-18       1.279898616252e-18 
 2906       3.663790006110e-12       2.032698304163e-13      -2.555628895751e-13       0.000000000000e+00       7.948762495170e-17       7.628127856898e-18       1.270772285273e-18 
 2907       3.659363060251e-12       2.026835364644e-13      -2.575274056364e-13       0.000000000000e+00       7.937333245452e-17       7.578008739639e-18       1.261245805390e-18 
 2908       3.655082023615e-12       2.020819966834e-13      -2.594583929912e-13       0.000000000000e+00       7.925924223416e-17       7.526781459494e-18       1.251339008754e-18 
 2909       3.650943731191e-12       2.014654428439e-13      -2.613554268267e-13       0.000000000000e+00       7.914535390898e-17       7.474532290583e-18       1.241071783738e-18 
 2910       3.646945008616e-12       2.008341074163e-13      -2.632180813118e-13       0.000000000000e+00       7.903166709485e-17       7.421347748796e-18       1.230464074991e-18 
 2911       3.643082672171e-12       2.001882235712e-13      -2.650459295960e-13       0.000000000000e+00       7.891818140513e-17       7.367314591999e-18       1.219535883486e-18 
 2912       3.639353528774e-12       1.995280251801e-13      -2.668385438089e-13       0.000000000000e+00       7.880489645070e-17       7.312519820245e-18       1.208307266564e-18 
 2913       3.635754375967e-12       1.988537468160e-13      -2.685954950594e-13       0.000000000000e+00       7.869181183994e-17       7.257050675984e-18       1.196798337988e-18 
 2914       3.632282001912e-12       1.981656237540e-13      -2.703163534346e-13       0.000000000000e+00       7.857892717871e-17       7.200994644270e-18       1.185029267991e-18 
 2915       3.628933185383e-12       1.974638919719e-13      -2.720006879990e-13       0.000000000000e+00       7.846624207040e-17       7.144439452969e-18       1.173020283323e-18 
 2916       3.625704695754e-12       1.967487881510e-13      -2.736480667940e-13       0.000000000000e+00       7.835375611586e-17       7.087473072971e-18       1.160791667300e-18 
 2917       3.622593292994e-12       1.960205496764e-13      -2.752580568367e-13       0.000000000000e+00       7.824146891347e-17       7.030183718398e-18       1.148363759854e-18 
 2918       3.619595727658e-12       1.952794146379e-13      -2.768302241191e-13       0.000000000000e+00       7.812938005905e-17       6.972659846811e-18       1.135756957582e-18 
 2919       3.616708740877e-12       1.945256218303e-13      -2.783641336077e-13       0.000000000000e+00       7.801748914595e-17       6.914990159421e-18       1.122991713793e-18 
 2920       3.613929064354e-12       1.937594107545e-13      -2.798593492419e-13       0.000000000000e+00       7.790579576498e-17       6.857263601297e-18       1.110088538558e-18 
 2921       3.611253420352e-12       1.929810216178e-13      -2.813154339341e-13       0.000000000000e+00       7.779429950445e-17       6.799569361576e-18       1.097067998760e-18 
 2922       3.608678521686e-12       1.921906953343e-13      -2.827319495680e-13       0.000000000000e+00       7.768299995011e-17       6.741996873672e-18       1.083950718138e-18 
 2923       3.606201071716e-12       1.913886735261e-13      -2.841084569984e-13       0.000000000000e+00       7.757189668524e-17       6.684635815481e-18       1.070757377344e-18 
 2924       3.603817764340e-12       1.905751985234e-13      -2.854445160499e-13       0.000000000000e+00       7.746098929054e-17       6.627576109598e-18       1.057508713982e-18 
 2925       3.601525283983e-12       1.897505133655e-13      -2.867396855165e-13       0.000000000000e+00       7.735027734422e-17       6.570907923517e-18       1.044225522665e-18 
 2926       3.599320305590e-12       1.889148618009e-13      -2.879935231603e-13       0.000000000000e+00       7.723976042193e-17       6.514721669847e-18       1.030928655061e-18 
 2927       3.597199494618e-12       1.880684882886e-13      -2.892055857113e-13       0.000000000000e+00       7.712943809681e-17       6.459108006516e-18       1.017639019938e-18 
 2928       3.595159507028e-12       1.872116379983e-13      -2.903754288659e-13       0.000000000000e+00       7.701930993944e-17       6.404157836983e-18       1.004377583220e-18 
 2929       3.593196989276e-12       1.863445568110e-13      -2.915026072864e-13       0.000000000000e+00       7.690937551787e-17       6.349962310447e-18       9.911653680296e-19 
 2930       3.591308578306e-12       1.854674913196e-13      -2.925866746003e-13       0.000000000000e+00       7.679963439760e-17       6.296612822053e-18       9.780234547395e-19 
 2931       3.589490901539e-12       1.845806888300e-13      -2.936271833991e-13       0.000000000000e+00       7.669008614160e-17       6.244201013106e-18       9.649729810213e-19 
 2932       3.587740576870e-12       1.836843973609e-13      -2.946236852378e-13       0.000000000000e+00       7.658073031028e-17       6.192818771273e-18       9.520351418939e-19 
 2933       3.586054212652e-12       1.827788656453e-13      -2.955757306339e-13       0.000000000000e+00       7.647156646151e-17       6.142558230798e-18       9.392311897721e-19 
 2934       3.584428407696e-12       1.818643431303e-13      -2.964828690666e-13       0.000000000000e+00       7.636259415057e-17       6.093511772711e-18       9.265824345159e-19 
 2935       3.582859751258e-12       1.809410799784e-13      -2.973446489761e-13       0.000000000000e+00       7.625381293024e-17       6.045772025030e-18       9.141102434787e-19 
 2936       3.581344823032e-12       1.800093270676e-13      -2.981606177625e-13       0.000000000000e+00       7.614522235070e-17       5.999431862980e-18       9.018360415565e-19 
 2937       3.579880193141e-12       1.790693359923e-13      -2.989303217851e-13       0.000000000000e+00       7.603682195958e-17       5.954584409192e-18       8.897813112366e-19 
 2938       3.578462422130e-12       1.781213590640e-13      -2.996533063618e-13       0.000000000000e+00       7.592861130195e-17       5.911323033920e-18       8.779675926465e-19 
 2939       3.577088060957e-12       1.771656493116e-13      -3.003291157678e-13       0.000000000000e+00       7.582058992031e-17       5.869741355246e-18       8.664164836022e-19 
 2940       3.575753650985e-12       1.762024604823e-13      -3.009572932352e-13       0.000000000000e+00       7.571275735459e-17       5.829933239289e-18       8.551496396578e-19 
 2941       3.574455723973e-12       1.752320470420e-13      -3.015373809520e-13       0.000000000000e+00       7.560511314215e-17       5.791992800415e-18       8.441887741535e-19 
 2942       3.573190802070e-12       1.742546641761e-13      -3.020689200610e-13       0.000000000000e+00       7.549765681777e-17       5.756014401446e-18       8.335556582649e-19 
 2943       3.571955397805e-12       1.732705677902e-13      -3.025514506596e-13       0.000000000000e+00       7.539038791367e-17       5.722092653867e-18       8.232721210517e-19 
 2944       3.570746014078e-12       1.722800145102e-13      -3.029845117984e-13       0.000000000000e+00       7.528330595946e-17       5.690322418039e-18       8.133600495061e-19 
 2945       3.569559291441e-12       1.712832694720e-13      -3.033677877528e-13       0.000000000000e+00       7.517641048893e-17       5.660776661110e-18       8.038355334397e-19 
 2946       3.568392450752e-12       1.702806297283e-13      -3.037015476327e-13       0.000000000000e+00       7.506970106030e-17       5.633439910045e-18       7.946912682322e-19 
 2947       3.567242852705e-12       1.692724009594e-13      -3.039862079578e-13       0.000000000000e+00       7.496317723604e-17       5.608274468063e-18       7.859140646644e-19 
 2948       3.566107850736e-12       1.682588896956e-13      -3.042221865844e-13       0.000000000000e+00       7.485683857613e-17       5.585242526766e-18       7.774906960992e-19 
 2949       3.564984791019e-12       1.672404033182e-13      -3.044099027071e-13       0.000000000000e+00       7.475068463809e-17       5.564306166048e-18       7.694078984496e-19 
 2950       3.563871012457e-12       1.662172500601e-13      -3.045497768599e-13       0.000000000000e+00       7.464471497693e-17       5.545427353999e-18       7.616523701469e-19 
 2951       3.562763846678e-12       1.651897390068e-13      -3.046422309173e-13       0.000000000000e+00       7.453892914519e-17       5.528567946799e-18       7.542107721082e-19 
 2952       3.561660618027e-12       1.641581800969e-13      -3.046876880955e-13       0.000000000000e+00       7.443332669290e-17       5.513689688631e-18       7.470697277042e-19 
 2953       3.560558643562e-12       1.631228841227e-13      -3.046865729536e-13       0.000000000000e+00       7.432790716761e-17       5.500754211576e-18       7.402158227269e-19 
 2954       3.559455233045e-12       1.620841627312e-13      -3.046393113950e-13       0.000000000000e+00       7.422267011439e-17       5.489723035522e-18       7.336356053577e-19 
 2955       3.558347688939e-12       1.610423284248e-13      -3.045463306683e-13       0.000000000000e+00       7.411761507577e-17       5.480557568061e-18       7.273155861353e-19 
 2956       3.557233306399e-12       1.599976945617e-13      -3.044080593686e-13       0.000000000000e+00       7.401274159182e-17       5.473219104395e-18       7.212422379227e-19 
 2957       3.556109373268e-12       1.589505753572e-13      -3.042249274388e-13       0.000000000000e+00       7.390804920008e-17       5.467668827237e-18       7.154019958762e-19 
 2958       3.554973170070e-12       1.579012858838e-13      -3.039973661705e-13       0.000000000000e+00       7.380353743560e-17       5.463867806717e-18       7.097812574122e-19 
 2959       3.553821970002e-12       1.568501420724e-13      -3.037258082056e-13       0.000000000000e+00       7.369920583091e-17       5.461777000279e-18       7.043663821755e-19 
 2960       3.552653038932e-12       1.557974607128e-13      -3.034106875371e-13       0.000000000000e+00       7.359505391603e-17       5.461357252591e-18       6.991436920071e-19 
 2961       3.551463635387e-12       1.547435594543e-13      -3.030524395106e-13       0.000000000000e+00       7.349108121848e-17       5.462569295440e-18       6.940994709117e-19 
 2962       3.550251010554e-12       1.536887568070e-13      -3.026515008254e-13       0.000000000000e+00       7.338728726325e-17       5.465373747641e-18       6.892199650258e-19 
 2963       3.549012408267e-12       1.526333721417e-13      -3.022083095355e-13       0.000000000000e+00       7.328367157281e-17       5.469731114935e-18       6.844913825856e-19 
 2964       3.547745065004e-12       1.515777256913e-13      -3.017233050510e-13       0.000000000000e+00       7.318023366712e-17       5.475601789897e-18       6.798998938945e-19 
 2965       3.546446209883e-12       1.505221385512e-13      -3.011969281393e-13       0.000000000000e+00       7.307697306360e-17       5.482946051832e-18       6.754316312909e-19 
 2966       3.545113064651e-12       1.494669326802e-13      -3.006296209262e-13       0.000000000000e+00       7.297388927717e-17       5.491724066685e-18       6.710726891163e-19 
 2967       3.543742843681e-12       1.484124309010e-13      -3.000218268971e-13       0.000000000000e+00       7.287098182018e-17       5.501895886936e-18       6.668091236830e-19 
 2968       3.542332753965e-12       1.473589569010e-13      -2.993739908982e-13       0.000000000000e+00       7.276825020249e-17       5.513421451510e-18       6.626269532418e-19 
 2969       3.540879995108e-12       1.463068352333e-13      -2.986865591379e-13       0.000000000000e+00       7.266569393140e-17       5.526260585674e-18       6.585121579498e-19 
 2970       3.539381759320e-12       1.452563913171e-13      -2.979599791874e-13       0.000000000000e+00       7.256331251169e-17       5.540373000945e-18       6.544506798383e-19 
 2971       3.537835231416e-12       1.442079514385e-13      -2.971946999827e-13       0.000000000000e+00       7.246110544558e-17       5.555718294987e-18       6.504284227807e-19 
 2972       3.536237588799e-12       1.431618427513e-13      -2.963911718253e-13       0.000000000000e+00       7.235907223277e-17       5.572255951518e-18       6.464312524601e-19 
 2973       3.534586001466e-12       1.421183932777e-13      -2.955498463832e-13       0.000000000000e+00       7.225721237040e-17       5.589945340211e-18       6.424449963371e-19 
 2974       3.532877631992e-12       1.410779319089e-13      -2.946711766927e-13       0.000000000000e+00       7.215552535307e-17       5.608745716597e-18       6.384554436179e-19 
 2975       3.531109635530e-12       1.400407884062e-13      -2.937556171591e-13       0.000000000000e+00       7.205401067283e-17       5.628616221967e-18       6.344483452217e-19 
 2976       3.529279159800e-12       1.390072934012e-13      -2.928036235580e-13       0.000000000000e+00       7.195266781918e-17       5.649515883276e-18       6.304094137490e-19 
 2977       3.527383345089e-12       1.379777783970e-13      -2.918156530368e-13       0.000000000000e+00       7.185149627907e-17       5.671403613046e-18       6.263243234488e-19 
 2978       3.525419324238e-12       1.369525757685e-13      -2.907921641154e-13       0.000000000000e+00       7.175049553687e-17       5.694238209266e-18       6.221787101869e-19 
 2979       3.523384222641e-12       1.359320187634e-13      -2.897336166876e-13       0.000000000000e+00       7.164966507441e-17       5.717978355297e-18       6.179581714136e-19 
 2980       3.521275158236e-12       1.349164415032e-13      -2.886404720226e-13       0.000000000000e+00       7.154900437096e-17       5.742582619775e-18       6.136482661313e-19 
 2981       3.519089241500e-12       1.339061789830e-13      -2.875131927656e-13       0.000000000000e+00       7.144851290322e-17       5.768009456513e-18       6.092345148626e-19 
 2982       3.516823575442e-12       1.329015670734e-13      -2.863522429395e-13       0.000000000000e+00       7.134819014531e-17       5.794217204402e-18       6.047023996178e-19 
 2983       3.514475255597e-12       1.319029425203e-13      -2.851580879458e-13       0.000000000000e+00       7.124803556881e-17       5.821164087317e-18       6.000373638629e-19 
 2984       3.512042261133e-12       1.309105382751e-13      -2.839310227298e-13       0.000000000000e+00       7.114804901065e-17       5.848822237058e-18       5.952294525626e-19 
 2985       3.509526132951e-12       1.299241689211e-13      -2.826706553515e-13       0.000000000000e+00       7.104823177902e-17       5.877219837568e-18       5.902872572525e-19 
 2986       3.506929308716e-12       1.289435437044e-13      -2.813764208820e-13       0.000000000000e+00       7.094858555291e-17       5.906399187380e-18       5.852240393501e-19 
 2987       3.504254232948e-12       1.279683710638e-13      -2.800477530088e-13       0.000000000000e+00       7.084911201465e-17       5.936402695456e-18       5.800530963264e-19 
 2988       3.501503357023e-12       1.269983586306e-13      -2.786840840342e-13       0.000000000000e+00       7.074981284994e-17       5.967272881279e-18       5.747877617364e-19 
 2989       3.498679139182e-12       1.260332132274e-13      -2.772848448743e-13       0.000000000000e+00       7.065068974779e-17       5.999052374946e-18       5.694414052495e-19 
 2990       3.495784044537e-12       1.250726408675e-13      -2.758494650582e-13       0.000000000000e+00       7.055174440060e-17       6.031783917256e-18       5.640274326796e-19 
 2991       3.492820545073e-12       1.241163467546e-13      -2.743773727262e-13       0.000000000000e+00       7.045297850412e-17       6.065510359806e-18       5.585592860159e-19 
 2992       3.489791119660e-12       1.231640352816e-13      -2.728679946295e-13       0.000000000000e+00       7.035439375743e-17       6.100274665079e-18       5.530504434526e-19 
 2993       3.486698254055e-12       1.222154100304e-13      -2.713207561285e-13       0.000000000000e+00       7.025599186301e-17       6.136119906538e-18       5.475144194195e-19 
 2994       3.483544440906e-12       1.212701737708e-13      -2.697350811918e-13       0.000000000000e+00       7.015777452668e-17       6.173089268716e-18       5.419647646124e-19 
 2995       3.480332179762e-12       1.203280284599e-13      -2.681103923951e-13       0.000000000000e+00       7.005974345762e-17       6.211226047310e-18       5.364150660234e-19 
 2996       3.477063977077e-12       1.193886752419e-13      -2.664461109203e-13       0.000000000000e+00       6.996190036839e-17       6.250573649268e-18       5.308789469711e-19 
 2997       3.473742346216e-12       1.184518144465e-13      -2.647416565540e-13       0.000000000000e+00       6.986424697491e-17       6.291175592887e-18       5.253700671310e-19 
 2998       3.470369807459e-12       1.175171455893e-13      -2.629964476865e-13       0.000000000000e+00       6.976678499648e-17       6.333075507900e-18       5.199021225657e-19 
 2999       3.466948888011e-12       1.165843673700e-13      -2.612099013110e-13       0.000000000000e+00       6.966951615578e-17       6.376317135567e-18       5.144888457554e-19 
 3000       3.463482122004e-12       1.156531776728e-13      -2.593814330219e-13       0.000000000000e+00       6.957244217885e-17       6.420944328772e-18       5.091440056282e-19 
