    2       1.369472065191e-10       4.164304196337e-15       3.530330019797e-13       0.000000000000e+00       8.346735799181e-09       4.488287279068e-10      -1.838692901127e-12 
    3       1.297036687675e-10       5.354814723994e-15       3.960279424135e-13       0.000000000000e+00       5.106437280420e-09       3.178215083315e-10      -1.396461217763e-12 
    4       1.228347213840e-10       4.652327237622e-15       3.704697492547e-13       0.000000000000e+00       3.537295216416e-09       2.404621931553e-10      -9.174497889371e-13 
    5       1.176881544778e-10       3.118142586282e-15       3.157453969862e-13       0.000000000000e+00       2.632626090469e-09       1.898418155906e-10      -5.130233158745e-13 
    6       1.141631496163e-10       1.749676338188e-15       2.545176232077e-13       0.000000000000e+00       2.051637865395e-09       1.543885694402e-10      -2.138943326033e-13 
    7       1.118698083036e-10       9.449086780874e-16       1.999852852012e-13       0.000000000000e+00       1.651733599365e-09       1.283550706854e-10      -2.201532307020e-14 
    8       1.105425077736e-10       6.066870331985e-16       1.579442237099e-13       0.000000000000e+00       1.362494196670e-09       1.086160740182e-10       7.697808172456e-14 
    9       1.099437533985e-10       4.858593935195e-16       1.296892968630e-13       0.000000000000e+00       1.145513232514e-09       9.332557262917e-11       1.058687291464e-13 
   10       1.098346098724e-10       4.145440278017e-16       1.139575670215e-13       0.000000000000e+00       9.779605744502e-10       8.122999560240e-11       9.009993163797e-14 
   11       1.101702538496e-10       3.483463415964e-16       1.081307191866e-13       0.000000000000e+00       8.375022106603e-10       7.218026548875e-11       5.356515940690e-14 
   12       1.107910993859e-10       3.023721818643e-16       1.091689057587e-13       0.000000000000e+00       7.319553755833e-10       6.381253045974e-11       1.384448204612e-14 
   13       1.116482782987e-10       2.885888975040e-16       1.143870412391e-13       0.000000000000e+00       6.452887231654e-10       5.702166551393e-11      -1.689385127652e-14 
   14       1.127094661874e-10       2.997209150143e-16       1.217516201560e-13       0.000000000000e+00       5.731676995655e-10       5.113622985099e-11      -3.411641276580e-14 
   15       1.139498304362e-10       3.237260803427e-16       1.299690675928e-13       0.000000000000e+00       5.124527756589e-10       4.617091758974e-11      -3.781083114343e-14 
   16       1.152887175469e-10       3.574386242002e-16       1.383368392092e-13       0.000000000000e+00       4.608210110161e-10       4.188279439458e-11      -3.170482344067e-14 
   17       1.167648717492e-10       4.062043354666e-16       1.466409080156e-13       0.000000000000e+00       4.165210599069e-10       3.813543657410e-11      -2.090092874442e-14 
   18       1.183130328449e-10       4.757341101704e-16       1.551237645421e-13       0.000000000000e+00       3.780685968101e-10       3.487866580395e-11      -1.030160200346e-14 
   19       1.199451670714e-10       5.665594811746e-16       1.639961672313e-13       0.000000000000e+00       3.448429757765e-10       3.206118247319e-11      -2.603351000808e-15 
   20       1.216567761537e-10       6.768243441813e-16       1.733980555366e-13       0.000000000000e+00       3.155781725734e-10       2.955525669496e-11       3.364886314755e-16 
   21       1.234454880335e-10       8.058467874224e-16       1.833131675779e-13       0.000000000000e+00       2.898141126074e-10       2.731302477698e-11      -1.038969900744e-15 
   22       1.252803358188e-10       9.530289085599e-16       1.935940348174e-13       0.000000000000e+00       2.669306401584e-10       2.528135989212e-11      -5.091969911102e-15 
   23       1.271711928769e-10       1.118554146985e-15       2.039082939182e-13       0.000000000000e+00       2.466216209856e-10       2.345967230096e-11      -1.007004055063e-14 
   24       1.291181138216e-10       1.302672065657e-15       2.138185552490e-13       0.000000000000e+00       2.284235883307e-10       2.183931373786e-11      -1.405870163250e-14 
   25       1.311143510728e-10       1.505512843079e-15       2.230196885018e-13       0.000000000000e+00       2.120898413972e-10       2.039185963430e-11      -1.618649759152e-14 
   26       1.331386108826e-10       1.727321359108e-15       2.312559626427e-13       0.000000000000e+00       1.973008579344e-10       1.907059528435e-11      -1.605835706365e-14 
   27       1.352005370024e-10       1.969678852312e-15       2.384428215110e-13       0.000000000000e+00       1.839800579924e-10       1.786719666317e-11      -1.415022315605e-14 
   28       1.373043309057e-10       2.234814055831e-15       2.445680317932e-13       0.000000000000e+00       1.719661055515e-10       1.677178632622e-11      -1.143554583414e-14 
   29       1.394405506782e-10       2.525003568045e-15       2.496534970617e-13       0.000000000000e+00       1.609673847207e-10       1.576363560461e-11      -9.009570302007e-15 
   30       1.416151254013e-10       2.841445571496e-15       2.537651221149e-13       0.000000000000e+00       1.509233131411e-10       1.484077834723e-11      -7.282389433127e-15 
   31       1.438282021515e-10       3.184934753389e-15       2.570122067468e-13       0.000000000000e+00       1.417593730038e-10       1.399981729469e-11      -6.478545013330e-15 
   32       1.460702410099e-10       3.556191590093e-15       2.594954244474e-13       0.000000000000e+00       1.333306273405e-10       1.323044176073e-11      -6.734330854997e-15 
   33       1.483409376754e-10       3.956056117565e-15       2.611220281454e-13       0.000000000000e+00       1.255912116797e-10       1.252657678176e-11      -7.717842243689e-15 
   34       1.506348453548e-10       4.385352128134e-15       2.617207514827e-13       0.000000000000e+00       1.184726356915e-10       1.187791984416e-11      -8.854857843257e-15 
   35       1.529417592350e-10       4.844874715750e-15       2.611124755365e-13       0.000000000000e+00       1.118690044145e-10       1.127072633864e-11      -9.563450039776e-15 
   36       1.552694521474e-10       5.335543115759e-15       2.591975035815e-13       0.000000000000e+00       1.057632135593e-10       1.070312076912e-11      -9.763332679096e-15 
   37       1.576273624617e-10       5.858294847370e-15       2.558966934425e-13       0.000000000000e+00       1.001361597768e-10       1.017429870534e-11      -9.538750421957e-15 
   38       1.600197541269e-10       6.414042610506e-15       2.511280408477e-13       0.000000000000e+00       9.492858682204e-11       9.680062278553e-12      -9.006700666843e-15 
   39       1.624463767813e-10       7.003625892169e-15       2.448251829938e-13       0.000000000000e+00       9.006246565778e-11       9.214702841749e-12      -8.306780451329e-15 
   40       1.649062754415e-10       7.627650924377e-15       2.370010720320e-13       0.000000000000e+00       8.552291577073e-11       8.778200659885e-12      -7.560589570532e-15 
   41       1.673942070556e-10       8.286592718957e-15       2.277056193722e-13       0.000000000000e+00       8.129801565165e-11       8.370943720748e-12      -6.902595617857e-15 
   42       1.698989166497e-10       8.980831182252e-15       2.170100094617e-13       0.000000000000e+00       7.735435835312e-11       7.991585856059e-12      -6.493024239026e-15 
   43       1.724081610610e-10       9.710738044705e-15       2.049782704619e-13       0.000000000000e+00       7.364941185243e-11       7.637725490988e-12      -6.470339878901e-15 
   44       1.749269448672e-10       1.047698336144e-14       1.915685508646e-13       0.000000000000e+00       7.017748309085e-11       7.308558920593e-12      -6.787433539584e-15 
   45       1.774640505807e-10       1.128031510112e-14       1.767030830560e-13       0.000000000000e+00       6.693504217440e-11       7.002795249600e-12      -7.326882617055e-15 
   46       1.800267764187e-10       1.212147513505e-14       1.602944793593e-13       0.000000000000e+00       6.390692158577e-11       6.717797932251e-12      -7.943968123608e-15 
   47       1.826207434579e-10       1.300119947330e-14       1.422450569605e-13       0.000000000000e+00       6.106540878541e-11       6.449483918054e-12      -8.465071472103e-15 
   48       1.852494969956e-10       1.392011176994e-14       1.224647400180e-13       0.000000000000e+00       5.837877948584e-11       6.193504891571e-12      -8.734639943190e-15 
   49       1.879136277240e-10       1.487836778882e-14       1.009323085357e-13       0.000000000000e+00       5.584185916327e-11       5.949420064947e-12      -8.775479079466e-15 
   50       1.906110714957e-10       1.587591112290e-14       7.765025494389e-14       0.000000000000e+00       5.345251744876e-11       5.717526365584e-12      -8.670890249860e-15 
   51       1.933370951482e-10       1.691256609405e-14       5.262798036519e-14       0.000000000000e+00       5.120256436258e-11       5.497644471349e-12      -8.520900235488e-15 
   52       1.960840931593e-10       1.798803254382e-14       2.588206735586e-14       0.000000000000e+00       4.907732458234e-11       5.289083369290e-12      -8.443136007933e-15 
   53       1.988444361181e-10       1.910201697372e-14      -2.573425604197e-15       0.000000000000e+00       4.706024695475e-11       5.090938714148e-12      -8.542855937965e-15 
   54       2.016203441341e-10       2.025467754686e-14      -3.275963842653e-14       0.000000000000e+00       4.514910456837e-11       4.903159556211e-12      -8.811982598866e-15 
   55       2.044161979037e-10       2.144628443631e-14      -6.470816171641e-14       0.000000000000e+00       4.334321842402e-11       4.725694145815e-12      -9.205631583249e-15 
   56       2.072356354351e-10       2.267709398795e-14      -9.845193631208e-14       0.000000000000e+00       4.163857704287e-11       4.558159180707e-12      -9.670273464475e-15 
   57       2.100814766622e-10       2.394734922819e-14      -1.340253989186e-13       0.000000000000e+00       4.002762185586e-11       4.399818360559e-12      -1.014331534350e-14 
   58       2.129556480586e-10       2.525728037168e-14      -1.714646277419e-13       0.000000000000e+00       3.849903259319e-11       4.249560941486e-12      -1.055268239574e-14 
   59       2.158594109538e-10       2.660697912899e-14      -2.107967603790e-13       0.000000000000e+00       3.704084382728e-11       4.106204775631e-12      -1.083393302579e-14 
   60       2.187942796163e-10       2.799598639063e-14      -2.520050470041e-13       0.000000000000e+00       3.565112718653e-11       3.969536316851e-12      -1.098719611457e-14 
   61       2.217611835210e-10       2.942360951811e-14      -2.950559244560e-13       0.000000000000e+00       3.432941498473e-11       3.839474662702e-12      -1.103274023871e-14 
   62       2.247601186312e-10       3.088903643168e-14      -3.399088168411e-13       0.000000000000e+00       3.307348757239e-11       3.715758072386e-12      -1.099477497021e-14 
   63       2.277900823070e-10       3.239133184009e-14      -3.865159175145e-13       0.000000000000e+00       3.187927164657e-11       3.597933520763e-12      -1.090162678296e-14 
   64       2.308490082142e-10       3.392943347029e-14      -4.348219710623e-13       0.000000000000e+00       3.074073856086e-11       3.485346252353e-12      -1.078591495916e-14 
   65       2.339347297865e-10       3.550227031296e-14      -4.847764406935e-13       0.000000000000e+00       2.965156815394e-11       3.377322366089e-12      -1.067735912442e-14 
   66       2.370482539777e-10       3.710915493412e-14      -5.363734951722e-13       0.000000000000e+00       2.861077820489e-11       3.273784976796e-12      -1.057903628739e-14 
   67       2.401910665255e-10       3.874946775412e-14      -5.896201257198e-13       0.000000000000e+00       2.761810894140e-11       3.174750258445e-12      -1.048639504371e-14 
   68       2.433641289350e-10       4.042254201269e-14      -6.445246338872e-13       0.000000000000e+00       2.667231139415e-11       3.080140975728e-12      -1.039415061269e-14 
   69       2.465678421581e-10       4.212766341173e-14      -7.010967599817e-13       0.000000000000e+00       2.577109509181e-11       2.989781437525e-12      -1.029625463543e-14 
   70       2.498020102727e-10       4.386406975803e-14      -7.593478114937e-13       0.000000000000e+00       2.491107575614e-11       2.903392450376e-12      -1.018586497301e-14 
   71       2.530658041630e-10       4.563095060611e-14      -8.192907915230e-13       0.000000000000e+00       2.408772299698e-11       2.820586271949e-12      -1.005531550462e-14 
   72       2.563583352718e-10       4.742741181884e-14      -8.809314169336e-13       0.000000000000e+00       2.329652588254e-11       2.740969602421e-12      -9.898441253619e-15 
   73       2.596805850728e-10       4.925236216789e-14      -9.442388914597e-13       0.000000000000e+00       2.253686489896e-11       2.664486660111e-12      -9.718137575604e-15 
   74       2.630337820484e-10       5.110460421935e-14      -1.009169728466e-12       0.000000000000e+00       2.180879215029e-11       2.591133145933e-12      -9.520204132268e-15 
   75       2.664188024206e-10       5.298286634866e-14      -1.075676285922e-12       0.000000000000e+00       2.111185525318e-11       2.520851504352e-12      -9.311141299092e-15 
   76       2.698361477594e-10       5.488580158247e-14      -1.143706686832e-12       0.000000000000e+00       2.044507283730e-11       2.453528343466e-12      -9.098173738104e-15 
   77       2.732859225909e-10       5.681198644042e-14      -1.213204739668e-12       0.000000000000e+00       1.980691004575e-11       2.388991855104e-12      -8.889273970643e-15 
   78       2.767678120057e-10       5.875991977695e-14      -1.284109858792e-12       0.000000000000e+00       1.919525403546e-11       2.327009234906e-12      -8.693185950122e-15 
   79       2.802810592666e-10       6.072802162311e-14      -1.356356984892e-12       0.000000000000e+00       1.860738947762e-11       2.267284102417e-12      -8.519448634792e-15 
   80       2.838248951557e-10       6.271468339412e-14      -1.429882408327e-12       0.000000000000e+00       1.804067314334e-11       2.209530929873e-12      -8.376164249862e-15 
   81       2.873999611459e-10       6.471843110150e-14      -1.504642578897e-12       0.000000000000e+00       1.749474647688e-11       2.153718890127e-12      -8.262804866212e-15 
   82       2.910070936661e-10       6.673778850377e-14      -1.580598432729e-12       0.000000000000e+00       1.696966434583e-11       2.099865845421e-12      -8.176193752101e-15 
   83       2.946468805055e-10       6.877122805443e-14      -1.657709808780e-12       0.000000000000e+00       1.646521870930e-11       2.047963964000e-12      -8.112631814274e-15 
   84       2.983196467867e-10       7.081717069502e-14      -1.735935478583e-12       0.000000000000e+00       1.598092706431e-11       1.997978566283e-12      -8.067879405716e-15 
   85       3.020254409399e-10       7.287398564814e-14      -1.815233175988e-12       0.000000000000e+00       1.551602089224e-11       1.949846971038e-12      -8.037138133405e-15 
   86       3.057640206764e-10       7.493999021051e-14      -1.895559626905e-12       0.000000000000e+00       1.506943410531e-11       1.903477341563e-12      -8.015032666058e-15 
   87       3.095348389622e-10       7.701344954593e-14      -1.976870579047e-12       0.000000000000e+00       1.463979149293e-11       1.858747531855e-12      -7.995592541888e-15 
   88       3.133370299918e-10       7.909257647838e-14      -2.059120831672e-12       0.000000000000e+00       1.422539716824e-11       1.815503932791e-12      -7.972233976352e-15 
   89       3.171697340058e-10       8.117555696310e-14      -2.142262697251e-12       0.000000000000e+00       1.382463855580e-11       1.773599272491e-12      -7.939172448472e-15 
   90       3.210331607118e-10       8.326063153032e-14      -2.226241045065e-12       0.000000000000e+00       1.343729616623e-11       1.733015328067e-12      -7.895954062915e-15 
   91       3.249276676134e-10       8.534602629553e-14      -2.310997531293e-12       0.000000000000e+00       1.306341895203e-11       1.693757427088e-12      -7.843604800318e-15 
   92       3.288534271917e-10       8.742992859391e-14      -2.396472104036e-12       0.000000000000e+00       1.270292180281e-11       1.655816644723e-12      -7.783266214264e-15 
   93       3.328104179550e-10       8.951048715808e-14      -2.482603009568e-12       0.000000000000e+00       1.235558021703e-11       1.619169233500e-12      -7.716198673919e-15 
   94       3.367984154892e-10       9.158581229577e-14      -2.569326798590e-12       0.000000000000e+00       1.202102497380e-11       1.583776053062e-12      -7.643784606667e-15 
   95       3.408169835074e-10       9.365397606760e-14      -2.656578332480e-12       0.000000000000e+00       1.169873680466e-11       1.549581999931e-12      -7.567531740747e-15 
   96       3.448654649002e-10       9.571301246476e-14      -2.744290789542e-12       0.000000000000e+00       1.138804106529e-11       1.516515437263e-12      -7.489076347889e-15 
   97       3.489429727855e-10       9.776091758673e-14      -2.832395671258e-12       0.000000000000e+00       1.108810240740e-11       1.484487624608e-12      -7.410186485953e-15 
   98       3.530483815587e-10       9.979564981903e-14      -2.920822808542e-12       0.000000000000e+00       1.079791945040e-11       1.453392147671e-12      -7.332765241560e-15 
   99       3.571806099238e-10       1.018151757973e-13      -3.009501695108e-12       0.000000000000e+00       1.051655435198e-11       1.423130170632e-12      -7.258465621819e-15 
  100       3.613395350758e-10       1.038176153438e-13      -3.098365689578e-12       0.000000000000e+00       1.024387013959e-11       1.393691506929e-12      -7.187465980450e-15 
  101       3.655251919802e-10       1.058011174858e-13      -3.187348422948e-12       0.000000000000e+00       9.979888403205e-12       1.365084025541e-12      -7.119526358250e-15 
  102       3.697374876018e-10       1.077638172238e-13      -3.276382546624e-12       0.000000000000e+00       9.724561264119e-12       1.337308598866e-12      -7.054359913779e-15 
  103       3.739761954931e-10       1.097038362642e-13      -3.365399754754e-12       0.000000000000e+00       9.477768893963e-12       1.310358845483e-12      -6.991631458707e-15 
  104       3.782409503840e-10       1.116192837524e-13      -3.454330806572e-12       0.000000000000e+00       9.239317033746e-12       1.284220872910e-12      -6.930955993169e-15 
  105       3.825312427710e-10       1.135082570050e-13      -3.543105548729e-12       0.000000000000e+00       9.008934512889e-12       1.258873020369e-12      -6.871897241121e-15 
  106       3.868464135059e-10       1.153688422430e-13      -3.631652937635e-12       0.000000000000e+00       8.786270768253e-12       1.234285601539e-12      -6.813966185685e-15 
  107       3.911856483856e-10       1.171991153239e-13      -3.719901061795e-12       0.000000000000e+00       8.570893363174e-12       1.210420647322e-12      -6.756619604507e-15 
  108       3.955479727407e-10       1.189971424752e-13      -3.807777164143e-12       0.000000000000e+00       8.362285506500e-12       1.187231648598e-12      -6.699258605110e-15 
  109       3.999322460251e-10       1.207609810263e-13      -3.895207664387e-12       0.000000000000e+00       8.159843571618e-12       1.164663298987e-12      -6.641227160242e-15 
  110       4.043373552653e-10       1.224887286043e-13      -3.982118736900e-12       0.000000000000e+00       7.963013217490e-12       1.142664200877e-12      -6.581942544826e-15 
  111       4.087628351559e-10       1.241786763026e-13      -4.068438080552e-12       0.000000000000e+00       7.771722873965e-12       1.121227383556e-12      -6.521308761791e-15 
  112       4.132083175661e-10       1.258291765769e-13      -4.154093418241e-12       0.000000000000e+00       7.586001348310e-12       1.100354513235e-12      -6.459353530933e-15 
  113       4.176733363566e-10       1.274385977299e-13      -4.239011989050e-12       0.000000000000e+00       7.405843076395e-12       1.080043264971e-12      -6.396100950607e-15 
  114       4.221573239229e-10       1.290053251207e-13      -4.323120576054e-12       0.000000000000e+00       7.231207003903e-12       1.060287192823e-12      -6.331571329410e-15 
  115       4.266596077394e-10       1.305277623731e-13      -4.406345534109e-12       0.000000000000e+00       7.062015467551e-12       1.041075600022e-12      -6.265781017864e-15 
  116       4.311794069023e-10       1.320043325855e-13      -4.488612817653e-12       0.000000000000e+00       6.898153076298e-12       1.022393409126e-12      -6.198742240099e-15 
  117       4.357158286739e-10       1.334334795391e-13      -4.569848008506e-12       0.000000000000e+00       6.739465592565e-12       1.004221032191e-12      -6.130462925533e-15 
  118       4.402678650254e-10       1.348136689074e-13      -4.649976343663e-12       0.000000000000e+00       6.585758813447e-12       9.865342409284e-13      -6.060946540559e-15 
  119       4.448343891813e-10       1.361433894649e-13      -4.728922743092e-12       0.000000000000e+00       6.436797451932e-12       9.693040368707e-13      -5.990191920221e-15 
  120       4.494141521622e-10       1.374211542962e-13      -4.806611837536e-12       0.000000000000e+00       6.292304018111e-12       9.524965215331e-13      -5.918193099907e-15 
  121       4.540057793290e-10       1.386455020053e-13      -4.882967996304e-12       0.000000000000e+00       6.151957700395e-12       9.360727665772e-13      -5.844939147018e-15 
  122       4.586077669262e-10       1.398149979238e-13      -4.957915355073e-12       0.000000000000e+00       6.015393246730e-12       9.199886839736e-13      -5.770413992665e-15 
  123       4.632186635801e-10       1.409282826615e-13      -5.031378785081e-12       0.000000000000e+00       5.882279812063e-12       9.042054345281e-13      -5.694633956659e-15 
  124       4.678376457669e-10       1.419842214952e-13      -5.103286867572e-12       0.000000000000e+00       5.752570140419e-12       8.887222839763e-13      -5.617765562361e-15 
  125       4.724640022495e-10       1.429817744999e-13      -5.173569315041e-12       0.000000000000e+00       5.626278034187e-12       8.735472943473e-13      -5.540021002444e-15 
  126       4.770969530637e-10       1.439199523106e-13      -5.242156095281e-12       0.000000000000e+00       5.503400467318e-12       8.586870772420e-13      -5.461621784795e-15 
  127       4.817356475164e-10       1.447978177038e-13      -5.308977466589e-12       0.000000000000e+00       5.383917095697e-12       8.441467469110e-13      -5.382798860757e-15 
  128       4.863791621851e-10       1.456144871788e-13      -5.373964012972e-12       0.000000000000e+00       5.267789767519e-12       8.299298733311e-13      -5.303792753382e-15 
  129       4.910264989163e-10       1.463691325392e-13      -5.437046679349e-12       0.000000000000e+00       5.154962033667e-12       8.160384352819e-13      -5.224853685671e-15 
  130       4.956765828240e-10       1.470609824746e-13      -5.498156806756e-12       0.000000000000e+00       5.045358658081e-12       8.024727734236e-13      -5.146241708827e-15 
  131       5.003282602890e-10       1.476893241417e-13      -5.557226167549e-12       0.000000000000e+00       4.938885128138e-12       7.892315433728e-13      -5.068226830498e-15 
  132       5.049802969574e-10       1.482535047461e-13      -5.614187000611e-12       0.000000000000e+00       4.835427165028e-12       7.763116687805e-13      -4.991089143025e-15 
  133       5.096313757393e-10       1.487529331234e-13      -5.668972046552e-12       0.000000000000e+00       4.734850234122e-12       7.637082944081e-13      -4.915118951691e-15 
  134       5.142800948079e-10       1.491870813211e-13      -5.721514582918e-12       0.000000000000e+00       4.636999055355e-12       7.514147392051e-13      -4.840616902963e-15 
  135       5.189249655976e-10       1.495554861797e-13      -5.771748459389e-12       0.000000000000e+00       4.541697113596e-12       7.394224493853e-13      -4.767894112744e-15 
  136       5.235644108036e-10       1.498577509143e-13      -5.819608132991e-12       0.000000000000e+00       4.448746169027e-12       7.277209515044e-13      -4.697272294618e-15 
  137       5.281969004375e-10       1.500935747745e-13      -5.865029324027e-12       0.000000000000e+00       4.357968337072e-12       7.162999711623e-13      -4.629007470799e-15 
  138       5.328213801215e-10       1.502628421411e-13      -5.907950985972e-12       0.000000000000e+00       4.269338279086e-12       7.051561358783e-13      -4.563051923851e-15 
  139       5.374368835259e-10       1.503655456902e-13      -5.948313607123e-12       0.000000000000e+00       4.182863825982e-12       6.942868800853e-13      -4.499267740417e-15 
  140       5.420423971739e-10       1.504017608858e-13      -5.986058646933e-12       0.000000000000e+00       4.098544418644e-12       6.836883088684e-13      -4.437500664814e-15 
  141       5.466368593160e-10       1.503716477392e-13      -6.021128575157e-12       0.000000000000e+00       4.016370888497e-12       6.733551647882e-13      -4.377579742250e-15 
  142       5.512191588059e-10       1.502754525688e-13      -6.053466910996e-12       0.000000000000e+00       3.936325238077e-12       6.632807947030e-13      -4.319316962030e-15 
  143       5.557881339751e-10       1.501135097596e-13      -6.083018262239e-12       0.000000000000e+00       3.858380421608e-12       6.534571165912e-13      -4.262506900774e-15 
  144       5.603425715077e-10       1.498862435231e-13      -6.109728364408e-12       0.000000000000e+00       3.782500125573e-12       6.438745863744e-13      -4.206926365621e-15 
  145       5.648812053161e-10       1.495941696571e-13      -6.133544119907e-12       0.000000000000e+00       3.708638549283e-12       6.345221647393e-13      -4.152334037447e-15 
  146       5.694027154154e-10       1.492378973050e-13      -6.154413637156e-12       0.000000000000e+00       3.636740185451e-12       6.253872839608e-13      -4.098470114074e-15 
  147       5.739057267990e-10       1.488181307156e-13      -6.172286269745e-12       0.000000000000e+00       3.566739600766e-12       6.164558147241e-13      -4.045055953482e-15 
  148       5.783888083131e-10       1.483356710029e-13      -6.187112655572e-12       0.000000000000e+00       3.498561216462e-12       6.077120329478e-13      -3.991793717022e-15 
  149       5.828504715322e-10       1.477914179060e-13      -6.198844755990e-12       0.000000000000e+00       3.432119088894e-12       5.991385866060e-13      -3.938366012626e-15 
  150       5.872891696339e-10       1.471863715481e-13      -6.207435894949e-12       0.000000000000e+00       3.367316690106e-12       5.907164625510e-13      -3.884435538017e-15 
  151       5.917032962740e-10       1.465216341970e-13      -6.212840798142e-12       0.000000000000e+00       3.304046688407e-12       5.824249533360e-13      -3.829644723926e-15 
  152       5.960911844616e-10       1.457984120241e-13      -6.215015632149e-12       0.000000000000e+00       3.242190728938e-12       5.742416240375e-13      -3.773615377300e-15 
  153       6.004512289870e-10       1.450180017733e-13      -6.213918298439e-12       0.000000000000e+00       3.181643911738e-12       5.661473939767e-13      -3.716037225666e-15 
  154       6.047822688765e-10       1.441817456690e-13      -6.209509263752e-12       0.000000000000e+00       3.122391247514e-12       5.581423831305e-13      -3.656943560663e-15 
  155       6.090832385026e-10       1.432910756528e-13      -6.201750881883e-12       0.000000000000e+00       3.064437922159e-12       5.502314820396e-13      -3.596460651023e-15 
  156       6.133530467337e-10       1.423475297667e-13      -6.190607185864e-12       0.000000000000e+00       3.007785145019e-12       5.424193622020e-13      -3.534721238977e-15 
  157       6.175905764390e-10       1.413527538363e-13      -6.176043928405e-12       0.000000000000e+00       2.952430055245e-12       5.347104689461e-13      -3.471864636235e-15 
  158       6.217946839920e-10       1.403085031531e-13      -6.158028622336e-12       0.000000000000e+00       2.898365628150e-12       5.271090143028e-13      -3.408036819964e-15 
  159       6.259641987753e-10       1.392166441579e-13      -6.136530581050e-12       0.000000000000e+00       2.845580581563e-12       5.196189698779e-13      -3.343390528772e-15 
  160       6.300979226849e-10       1.380791561232e-13      -6.111520958943e-12       0.000000000000e+00       2.794059282187e-12       5.122440597248e-13      -3.278085358686e-15 
  161       6.341946296342e-10       1.368981328361e-13      -6.082972791858e-12       0.000000000000e+00       2.743781651951e-12       5.049877532169e-13      -3.212287859135e-15 
  162       6.382530650585e-10       1.356757842812e-13      -6.050861037527e-12       0.000000000000e+00       2.694723074365e-12       4.978532579199e-13      -3.146171628926e-15 
  163       6.422719454195e-10       1.344144383236e-13      -6.015162616012e-12       0.000000000000e+00       2.646854300879e-12       4.908435124644e-13      -3.079917412229e-15 
  164       6.462499577091e-10       1.331165423913e-13      -5.975856450147e-12       0.000000000000e+00       2.600141357233e-12       4.839611794186e-13      -3.013713194556e-15 
  165       6.501857589539e-10       1.317846651583e-13      -5.932923505983e-12       0.000000000000e+00       2.554545449816e-12       4.772086381602e-13      -2.947754298741e-15 
  166       6.540779757197e-10       1.304214982275e-13      -5.886346833225e-12       0.000000000000e+00       2.510022872021e-12       4.705879777494e-13      -2.882243480921e-15 
  167       6.579252036157e-10       1.290298578133e-13      -5.836111605678e-12       0.000000000000e+00       2.466524910597e-12       4.641009898010e-13      -2.817391026514e-15 
  168       6.617260067985e-10       1.276126864246e-13      -5.782205161688e-12       0.000000000000e+00       2.423997752007e-12       4.577491613571e-13      -2.753414846207e-15 
  169       6.654789174768e-10       1.261730545474e-13      -5.724617044585e-12       0.000000000000e+00       2.382382388783e-12       4.515336677596e-13      -2.690540571926e-15 
  170       6.691824354154e-10       1.247141623281e-13      -5.663339043121e-12       0.000000000000e+00       2.341614525878e-12       4.454553655225e-13      -2.629001652824e-15 
  171       6.728351255176e-10       1.232392450870e-13      -5.598364521743e-12       0.000000000000e+00       2.301637593022e-12       4.395145053443e-13      -2.568990092401e-15 
  172       6.764359207397e-10       1.217512774969e-13      -5.529686264060e-12       0.000000000000e+00       2.262443195343e-12       4.337098592160e-13      -2.510503849529e-15 
  173       6.799838436015e-10       1.202532478490e-13      -5.457298526216e-12       0.000000000000e+00       2.224033871818e-12       4.280395065334e-13      -2.453486838244e-15 
  174       6.834779102870e-10       1.187482532817e-13      -5.381197768147e-12       0.000000000000e+00       2.186410253004e-12       4.225010991989e-13      -2.397877036670e-15 
  175       6.869171305488e-10       1.172395010710e-13      -5.301382691124e-12       0.000000000000e+00       2.149571020866e-12       4.170918533516e-13      -2.343606381624e-15 
  176       6.903005076127e-10       1.157303099215e-13      -5.217854275292e-12       0.000000000000e+00       2.113512868605e-12       4.118085410985e-13      -2.290600663212e-15 
  177       6.936270380822e-10       1.142241112563e-13      -5.130615817225e-12       0.000000000000e+00       2.078230460482e-12       4.066474822446e-13      -2.238779419426e-15 
  178       6.968957118427e-10       1.127244505077e-13      -5.039672967462e-12       0.000000000000e+00       2.043716391648e-12       4.016045360240e-13      -2.188055830744e-15 
  179       7.001055119660e-10       1.112349884076e-13      -4.945033768054e-12       0.000000000000e+00       2.009961147971e-12       3.966750928304e-13      -2.138336614724e-15 
  180       7.032554146149e-10       1.097595022781e-13      -4.846708690110e-12       0.000000000000e+00       1.976953065861e-12       3.918540659475e-13      -2.089521920606e-15 
  181       7.063443889477e-10       1.083018873218e-13      -4.744710671341e-12       0.000000000000e+00       1.944678292101e-12       3.871358832800e-13      -2.041505223910e-15 
  182       7.093713970223e-10       1.068661579124e-13      -4.639055153604e-12       0.000000000000e+00       1.913120743670e-12       3.825144790840e-13      -1.994173221030e-15 
  183       7.123353937009e-10       1.054564488848e-13      -4.529760120447e-12       0.000000000000e+00       1.882262067572e-12       3.779832856981e-13      -1.947405723837e-15 
  184       7.152353265546e-10       1.040770168261e-13      -4.416846134652e-12       0.000000000000e+00       1.852081600665e-12       3.735352252731e-13      -1.901075554271e-15 
  185       7.180701357676e-10       1.027322413658e-13      -4.300336375783e-12       0.000000000000e+00       1.822556329485e-12       3.691627015038e-13      -1.855048438946e-15 
  186       7.208387540414e-10       1.014266264660e-13      -4.180256677727e-12       0.000000000000e+00       1.793660850075e-12       3.648575913587e-13      -1.809182903741e-15 
  187       7.235401065000e-10       1.001648017124e-13      -4.056635566240e-12       0.000000000000e+00       1.765367327812e-12       3.606112368113e-13      -1.763330168405e-15 
  188       7.261731105936e-10       9.895152360429e-14      -3.929504296494e-12       0.000000000000e+00       1.737645457234e-12       3.564144365704e-13      -1.717334041148e-15 
  189       7.287366760035e-10       9.779167684520e-14      -3.798896890617e-12       0.000000000000e+00       1.710462421867e-12       3.522574378108e-13      -1.671030813245e-15 
  190       7.312297045464e-10       9.669027563340e-14      -3.664850175241e-12       0.000000000000e+00       1.683782854052e-12       3.481299279040e-13      -1.624249153628e-15 
  191       7.336511638817e-10       9.565225814004e-14      -3.527401651003e-12       0.000000000000e+00       1.657575828436e-12       3.440231653370e-13      -1.576847871599e-15 
  192       7.360003150068e-10       9.468185003822e-14      -3.386582844351e-12       0.000000000000e+00       1.631836511985e-12       3.399365682069e-13      -1.528832587953e-15 
  193       7.382765016815e-10       9.378315560773e-14      -3.242425528190e-12       0.000000000000e+00       1.606566064302e-12       3.358716051348e-13      -1.480247632353e-15 
  194       7.404790783037e-10       9.296036086365e-14      -3.094963875329e-12       0.000000000000e+00       1.581764732959e-12       3.318296992580e-13      -1.431138980585e-15 
  195       7.426074100563e-10       9.221773417013e-14      -2.944234488924e-12       0.000000000000e+00       1.557431836337e-12       3.278122269607e-13      -1.381554273074e-15 
  196       7.446608730525e-10       9.155962685406e-14      -2.790276432935e-12       0.000000000000e+00       1.533565746473e-12       3.238205166048e-13      -1.331542833393e-15 
  197       7.466388544819e-10       9.099047381883e-14      -2.633131262574e-12       0.000000000000e+00       1.510163871902e-12       3.198558472600e-13      -1.281155686774e-15 
  198       7.485407527568e-10       9.051479415801e-14      -2.472843054754e-12       0.000000000000e+00       1.487222640496e-12       3.159194474348e-13      -1.230445578622e-15 
  199       7.503659776575e-10       9.013719176909e-14      -2.309458438538e-12       0.000000000000e+00       1.464737482313e-12       3.120124938069e-13      -1.179466993028e-15 
  200       7.521139504788e-10       8.986235596718e-14      -2.143026625594e-12       0.000000000000e+00       1.442702812439e-12       3.081361099542e-13      -1.128276171277e-15 
  201       7.537841041758e-10       8.969506209876e-14      -1.973599440642e-12       0.000000000000e+00       1.421112013826e-12       3.042913650848e-13      -1.076931130363e-15 
  202       7.553758835098e-10       8.964017215536e-14      -1.801231351904e-12       0.000000000000e+00       1.399957420142e-12       3.004792727681e-13      -1.025491681500e-15 
  203       7.568887451940e-10       8.970263538730e-14      -1.625979501554e-12       0.000000000000e+00       1.379230298609e-12       2.967007896651e-13      -9.740194486336e-16 
  204       7.583221580401e-10       8.988748891741e-14      -1.447903736170e-12       0.000000000000e+00       1.358920832848e-12       2.929568142594e-13      -9.225778869547e-16 
  205       7.596756031036e-10       9.019985835472e-14      -1.267066637183e-12       0.000000000000e+00       1.339018105724e-12       2.892481855873e-13      -8.712323014089e-16 
  206       7.609485738300e-10       9.064495840821e-14      -1.083533551328e-12       0.000000000000e+00       1.319510082184e-12       2.855756819687e-13      -8.200498652100e-16 
  207       7.621405762010e-10       9.122809350053e-14      -8.973726210924e-13       0.000000000000e+00       1.300383592106e-12       2.819400197378e-13      -7.690996383515e-16 
  208       7.632511288799e-10       9.195465838168e-14      -7.086548151688e-13       0.000000000000e+00       1.281624313139e-12       2.783418519735e-13      -7.184525861187e-16 
  209       7.642797633581e-10       9.283013874276e-14      -5.174539589028e-13       0.000000000000e+00       1.263216753544e-12       2.747817672301e-13      -6.681815976003e-16 
  210       7.652260241006e-10       9.386011182967e-14      -3.238467647447e-13       0.000000000000e+00       1.245144235042e-12       2.712602882679e-13      -6.183615042008e-16 
  211       7.660894686923e-10       9.505024705686e-14      -1.279128626992e-13       0.000000000000e+00       1.227388875653e-12       2.677778707837e-13      -5.690690981521e-16 
  212       7.668696679837e-10       9.640630662100e-14       7.026516922455e-14       0.000000000000e+00       1.209931572543e-12       2.643349021417e-13      -5.203831510257e-16 
  213       7.675662452683e-10       9.793381764777e-14       2.706060218154e-13       0.000000000000e+00       1.192755731861e-12       2.609317745446e-13      -4.723702841979e-16 
  214       7.681789964537e-10       9.963706273111e-14       4.730426850124e-13       0.000000000000e+00       1.175858774050e-12       2.575691126783e-13      -4.250414804598e-16 
  215       7.687077782914e-10       1.015200223799e-13       6.775102390509e-13       0.000000000000e+00       1.159241372693e-12       2.542475589942e-13      -3.783926700697e-16 
  216       7.691524703219e-10       1.035866971090e-13       8.839416671421e-13       0.000000000000e+00       1.142903770093e-12       2.509676995831e-13      -3.324185962356e-16 
  217       7.695129751236e-10       1.058411071876e-13       1.092267836205e-12       0.000000000000e+00       1.126845769979e-12       2.477300631017e-13      -2.871127963814e-16 
  218       7.697892185614e-10       1.082872923891e-13       1.302417477595e-12       0.000000000000e+00       1.111066730219e-12       2.445351196994e-13      -2.424675834122e-16 
  219       7.699811500354e-10       1.109293117394e-13       1.514317167840e-12       0.000000000000e+00       1.095565555522e-12       2.413832799447e-13      -1.984740269798e-16 
  220       7.700887427298e-10       1.137712432662e-13       1.727891309365e-12       0.000000000000e+00       1.080340690146e-12       2.382748937516e-13      -1.551219347479e-16 
  221       7.701119938611e-10       1.168171837478e-13       1.943062111231e-12       0.000000000000e+00       1.065390110611e-12       2.352102493067e-13      -1.123998336584e-16 
  222       7.700509249275e-10       1.200712484625e-13       2.159749569860e-12       0.000000000000e+00       1.050711318398e-12       2.321895719954e-13      -7.029495119630e-17 
  223       7.699055819571e-10       1.235375709369e-13       2.377871449766e-12       0.000000000000e+00       1.036301332664e-12       2.292130233286e-13      -2.879319665536e-17 
  224       7.696760357567e-10       1.272203026955e-13       2.597343264292e-12       0.000000000000e+00       1.022156682946e-12       2.262806998691e-13       1.212085759622e-17 
  225       7.693623821605e-10       1.311236130097e-13       2.818078256338e-12       0.000000000000e+00       1.008273401868e-12       2.233926321586e-13       5.246399485037e-17 
  226       7.689647422792e-10       1.352516886461e-13       3.039987379087e-12       0.000000000000e+00       9.946470178510e-13       2.205487836437e-13       9.225437279362e-17 
  227       7.684832627478e-10       1.396087336163e-13       3.262979276747e-12       0.000000000000e+00       9.812725478173e-13       2.177490496032e-13       1.315115422415e-16 
  228       7.679181159754e-10       1.441989689255e-13       3.486960265272e-12       0.000000000000e+00       9.681444899012e-13       2.149932560739e-13       1.702564658732e-16 
  229       7.672695003931e-10       1.490266323214e-13       3.711834313100e-12       0.000000000000e+00       9.552568161543e-13       2.122811587779e-13       2.085115369658e-16 
  230       7.665376407030e-10       1.540959780434e-13       3.937503021880e-12       0.000000000000e+00       9.426029652541e-13       2.096124420486e-13       2.463005981288e-16 
  231       7.657227881269e-10       1.594112765716e-13       4.163865607205e-12       0.000000000000e+00       9.301758352110e-13       2.069867177577e-13       2.836489600386e-16 
  232       7.648252206550e-10       1.649768143756e-13       4.390818879344e-12       0.000000000000e+00       9.179677760761e-13       2.044035242414e-13       3.205834201733e-16 
  233       7.638452432945e-10       1.707968936637e-13       4.618257223972e-12       0.000000000000e+00       9.059705826484e-13       2.018623252276e-13       3.571322815465e-16 
  234       7.627831883184e-10       1.768758321316e-13       4.846072582899e-12       0.000000000000e+00       8.941754871827e-13       1.993625087617e-13       3.933253714423e-16 
  235       7.616394155143e-10       1.832179627117e-13       5.074154434807e-12       0.000000000000e+00       8.825731520968e-13       1.969033861338e-13       4.291940601496e-16 
  236       7.604143124330e-10       1.898276333221e-13       5.302389775977e-12       0.000000000000e+00       8.711536626790e-13       1.944841908048e-13       4.647712796966e-16 
  237       7.591082946370e-10       1.967092066151e-13       5.530663101018e-12       0.000000000000e+00       8.599065197960e-13       1.921040773336e-13       5.000915425853e-16 
  238       7.577218016379e-10       2.038666674784e-13       5.758862975343e-12       0.000000000000e+00       8.488226609461e-13       1.897622380253e-13       5.351832059767e-16 
  239       7.562552839203e-10       2.113024196682e-13       5.986902234253e-12       0.000000000000e+00       8.379006743652e-13       1.874582629394e-13       5.700447054648e-16 
  240       7.547092156138e-10       2.190184157849e-13       6.214698970212e-12       0.000000000000e+00       8.271409472504e-13       1.851917996105e-13       6.046669177960e-16 
  241       7.530840989725e-10       2.270165418917e-13       6.442170045831e-12       0.000000000000e+00       8.165436682753e-13       1.829624364672e-13       6.390407882827e-16 
  242       7.513804646144e-10       2.352986164368e-13       6.669231088513e-12       0.000000000000e+00       8.061088245778e-13       1.807697020072e-13       6.731573331786e-16 
  243       7.495988717612e-10       2.438663891741e-13       6.895796485083e-12       0.000000000000e+00       7.958361987453e-13       1.786130639716e-13       7.070076420540e-16 
  244       7.477399084780e-10       2.527215400851e-13       7.121779376431e-12       0.000000000000e+00       7.857253658026e-13       1.764919285208e-13       7.405828801708e-16 
  245       7.458041919125e-10       2.618656783005e-13       7.347091652145e-12       0.000000000000e+00       7.757756901976e-13       1.744056394086e-13       7.738742908581e-16 
  246       7.437923685348e-10       2.713003410213e-13       7.571643945151e-12       0.000000000000e+00       7.659863227879e-13       1.723534771574e-13       8.068731978872e-16 
  247       7.417051143773e-10       2.810269924406e-13       7.795345626350e-12       0.000000000000e+00       7.563561978279e-13       1.703346582333e-13       8.395710078466e-16 
  248       7.395431352739e-10       2.910470226651e-13       8.018104799253e-12       0.000000000000e+00       7.468840299549e-13       1.683483342209e-13       8.719592125178e-16 
  249       7.373071670998e-10       3.013617466361e-13       8.239828294621e-12       0.000000000000e+00       7.375683111760e-13       1.663935909983e-13       9.040293912502e-16 
  250       7.349979760110e-10       3.119724030520e-13       8.460421665103e-12       0.000000000000e+00       7.284073078542e-13       1.644694479116e-13       9.357732133362e-16 
  251       7.326163586842e-10       3.228801532885e-13       8.679789179870e-12       0.000000000000e+00       7.193990576954e-13       1.625748569508e-13       9.671824403870e-16 
  252       7.301631425559e-10       3.340860803214e-13       8.897833819255e-12       0.000000000000e+00       7.105413667350e-13       1.607087019235e-13       9.982489287069e-16 
  253       7.276391860625e-10       3.455911876468e-13       9.114457269388e-12       0.000000000000e+00       7.018318063240e-13       1.588697976311e-13       1.028964631670e-15 
  254       7.250453788796e-10       3.573963982038e-13       9.329559916836e-12       0.000000000000e+00       6.932677101160e-13       1.570568890426e-13       1.059321602093e-15 
  255       7.223826421619e-10       3.695025532951e-13       9.543040843239e-12       0.000000000000e+00       6.848461710537e-13       1.552686504704e-13       1.089311994613e-15 
  256       7.196519287823e-10       3.819104115089e-13       9.754797819947e-12       0.000000000000e+00       6.765640383554e-13       1.535036847445e-13       1.118928068062e-15 
  257       7.168542235722e-10       3.946206476404e-13       9.964727302658e-12       0.000000000000e+00       6.684179145014e-13       1.517605223882e-13       1.148162187842e-15 
  258       7.139905435605e-10       4.076338516130e-13       1.017272442605e-11       0.000000000000e+00       6.604041522210e-13       1.500376207924e-13       1.177006828298e-15 
  259       7.110619382134e-10       4.209505274002e-13       1.037868299844e-11       0.000000000000e+00       6.525188514785e-13       1.483333633907e-13       1.205454575098e-15 
  260       7.080694896743e-10       4.345710919467e-13       1.058249549639e-11       0.000000000000e+00       6.447578564604e-13       1.466460588347e-13       1.233498127604e-15 
  261       7.050143130029e-10       4.484958740902e-13       1.078405305935e-11       0.000000000000e+00       6.371167525615e-13       1.449739401684e-13       1.261130301249e-15 
  262       7.018975564153e-10       4.627251134827e-13       1.098324548433e-11       0.000000000000e+00       6.295908633715e-13       1.433151640035e-13       1.288344029911e-15 
  263       6.987204015232e-10       4.772589595120e-13       1.117996122049e-11       0.000000000000e+00       6.221752476620e-13       1.416678096940e-13       1.315132368293e-15 
  264       6.954840635738e-10       4.920974702235e-13       1.137408736380e-11       0.000000000000e+00       6.148646963725e-13       1.400298785116e-13       1.341488494289e-15 
  265       6.921897916891e-10       5.072406112410e-13       1.156550965170e-11       0.000000000000e+00       6.076537295972e-13       1.383992928203e-13       1.367405711370e-15 
  266       6.888388111658e-10       5.226879926171e-13       1.175412035105e-11       0.000000000000e+00       6.005376360585e-13       1.367743352887e-13       1.392878611211e-15 
  267       6.854321464088e-10       5.384380657752e-13       1.193984240767e-11       0.000000000000e+00       5.935156602590e-13       1.351549946464e-13       1.417906626641e-15 
  268       6.819707888486e-10       5.544888808606e-13       1.212260659777e-11       0.000000000000e+00       5.865879825366e-13       1.335416914002e-13       1.442490676252e-15 
  269       6.784557541566e-10       5.708383433724e-13       1.230234376058e-11       0.000000000000e+00       5.797546909139e-13       1.319348442951e-13       1.466632025826e-15 
  270       6.748880823869e-10       5.874842126420e-13       1.247898480636e-11       0.000000000000e+00       5.730157798466e-13       1.303348702331e-13       1.490332292664e-15 
  271       6.712688381182e-10       6.044241003120e-13       1.265246072433e-11       0.000000000000e+00       5.663711489709e-13       1.287421841909e-13       1.513593449928e-15 
  272       6.675991105952e-10       6.216554688146e-13       1.282270259068e-11       0.000000000000e+00       5.598206018520e-13       1.271571991391e-13       1.536417830976e-15 
  273       6.638800138704e-10       6.391756298508e-13       1.298964157653e-11       0.000000000000e+00       5.533638447317e-13       1.255803259601e-13       1.558808133692e-15 
  274       6.601126869460e-10       6.569817428684e-13       1.315320895588e-11       0.000000000000e+00       5.470004852766e-13       1.240119733668e-13       1.580767424829e-15 
  275       6.562982939152e-10       6.750708135412e-13       1.331333611364e-11       0.000000000000e+00       5.407300313259e-13       1.224525478207e-13       1.602299144340e-15 
  276       6.524380241045e-10       6.934396922477e-13       1.346995455355e-11       0.000000000000e+00       5.345518896397e-13       1.209024534510e-13       1.623407109716e-15 
  277       6.485330922148e-10       7.120850725493e-13       1.362299590617e-11       0.000000000000e+00       5.284653646465e-13       1.193620919721e-13       1.644095520318e-15 
  278       6.445847384637e-10       7.310034896696e-13       1.377239193689e-11       0.000000000000e+00       5.224696571915e-13       1.178318626028e-13       1.664368961719e-15 
  279       6.405942287267e-10       7.501913189727e-13       1.391807455384e-11       0.000000000000e+00       5.165638632845e-13       1.163121619845e-13       1.684232410032e-15 
  280       6.365628546791e-10       7.696447744418e-13       1.405997581591e-11       0.000000000000e+00       5.107469728479e-13       1.148033840993e-13       1.703691236253e-15 
  281       6.324919339379e-10       7.893599071585e-13       1.419802794072e-11       0.000000000000e+00       5.050178684644e-13       1.133059201889e-13       1.722751210589e-15 
  282       6.283828102031e-10       8.093326037806e-13       1.433216331258e-11       0.000000000000e+00       4.993753241256e-13       1.118201586729e-13       1.741418506803e-15 
  283       6.242368533998e-10       8.295585850217e-13       1.446231449047e-11       0.000000000000e+00       4.938180039792e-13       1.103464850669e-13       1.759699706539e-15 
  284       6.200554598199e-10       8.500334041292e-13       1.458841421602e-11       0.000000000000e+00       4.883444610775e-13       1.088852819014e-13       1.777601803667e-15 
  285       6.158400522635e-10       8.707524453632e-13       1.471039542145e-11       0.000000000000e+00       4.829531361252e-13       1.074369286400e-13       1.795132208612e-15 
  286       6.115920801807e-10       8.917109224754e-13       1.482819123762e-11       0.000000000000e+00       4.776423562275e-13       1.060018015978e-13       1.812298752694e-15 
  287       6.073130198137e-10       9.129038771875e-13       1.494173500191e-11       0.000000000000e+00       4.724103336378e-13       1.045802738598e-13       1.829109692461e-15 
  288       6.030043743378e-10       9.343261776701e-13       1.505096026627e-11       0.000000000000e+00       4.672551645060e-13       1.031727151995e-13       1.845573714027e-15 
  289       5.986676740040e-10       9.559725170211e-13       1.515580080516e-11       0.000000000000e+00       4.621748276261e-13       1.017794919972e-13       1.861699937403e-15 
  290       5.943044762798e-10       9.778374117448e-13       1.525619062352e-11       0.000000000000e+00       4.571671831846e-13       1.004009671585e-13       1.877497920839e-15 
  291       5.899163659915e-10       9.999152002303e-13       1.535206396475e-11       0.000000000000e+00       4.522299715081e-13       9.903750003252e-14       1.892977665155e-15 
  292       5.855049554660e-10       1.022200041230e-12       1.544335531870e-11       0.000000000000e+00       4.473608118115e-13       9.768944633073e-14       1.908149618077e-15 
  293       5.810718846718e-10       1.044685912340e-12       1.552999942962e-11       0.000000000000e+00       4.425572009458e-13       9.635715804499e-14       1.923024678577e-15 
  294       5.766188213615e-10       1.067366608474e-12       1.561193130416e-11       0.000000000000e+00       4.378165121464e-13       9.504098336617e-14       1.937614201202e-15 
  295       5.721474612132e-10       1.090235740349e-12       1.568908621930e-11       0.000000000000e+00       4.331359937807e-13       9.374126660252e-14       1.951930000414e-15 
  296       5.676595279720e-10       1.113286732959e-12       1.576139973038e-11       0.000000000000e+00       4.285127680961e-13       9.245834809816e-14       1.965984354926e-15 
  297       5.631566691294e-10       1.136512993402e-12       1.582881423529e-11       0.000000000000e+00       4.239443725274e-13       9.119250297116e-14       1.979787302818e-15 
  298       5.586401370499e-10       1.159908426530e-12       1.589129900439e-11       0.000000000000e+00       4.194304153506e-13       8.994375419538e-14       1.993338372278e-15 
  299       5.541110925879e-10       1.183466941451e-12       1.594883114183e-11       0.000000000000e+00       4.149709982351e-13       8.871205025445e-14       2.006634456516e-15 
  300       5.495707081507e-10       1.207182283152e-12       1.600138913406e-11       0.000000000000e+00       4.105661804385e-13       8.749732533771e-14       2.019672487339e-15 
  301       5.450201676988e-10       1.231048031219e-12       1.604895286662e-11       0.000000000000e+00       4.062159782901e-13       8.629949917565e-14       2.032449435813e-15 
  302       5.404606667456e-10       1.255057598533e-12       1.609150364108e-11       0.000000000000e+00       4.019203646747e-13       8.511847687542e-14       2.044962312923e-15 
  303       5.358934123576e-10       1.279204229986e-12       1.612902419187e-11       0.000000000000e+00       3.976792685160e-13       8.395414875629e-14       2.057208170240e-15 
  304       5.313196231548e-10       1.303481001188e-12       1.616149870312e-11       0.000000000000e+00       3.934925742604e-13       8.280639018513e-14       2.069184100580e-15 
  305       5.267405293102e-10       1.327880817173e-12       1.618891282556e-11       0.000000000000e+00       3.893601213604e-13       8.167506141189e-14       2.080887238668e-15 
  306       5.221573725502e-10       1.352396411110e-12       1.621125369338e-11       0.000000000000e+00       3.852817037583e-13       8.056000740508e-14       2.092314761799e-15 
  307       5.175714061550e-10       1.377020343008e-12       1.622850994106e-11       0.000000000000e+00       3.812570693697e-13       7.946105768725e-14       2.103463890501e-15 
  308       5.129838949578e-10       1.401744998430e-12       1.624067172029e-11       0.000000000000e+00       3.772859195673e-13       7.837802617044e-14       2.114331889199e-15 
  309       5.083961153458e-10       1.426562587194e-12       1.624773071675e-11       0.000000000000e+00       3.733679086644e-13       7.731071099172e-14       2.124916066872e-15 
  310       5.038093552598e-10       1.451465142086e-12       1.624968016707e-11       0.000000000000e+00       3.695026433982e-13       7.625889434858e-14       2.135213777724e-15 
  311       4.992249141942e-10       1.476444517568e-12       1.624651487563e-11       0.000000000000e+00       3.656896824139e-13       7.522234233450e-14       2.145222421839e-15 
  312       4.946441031975e-10       1.501492388485e-12       1.623823123143e-11       0.000000000000e+00       3.619285357481e-13       7.420080477436e-14       2.154939445845e-15 
  313       4.900682448719e-10       1.526600248775e-12       1.622482722498e-11       0.000000000000e+00       3.582186643120e-13       7.319401505995e-14       2.164362343578e-15 
  314       4.854986733736e-10       1.551759410174e-12       1.620630246513e-11       0.000000000000e+00       3.545594793758e-13       7.220168998542e-14       2.173488656746e-15 
  315       4.809367344130e-10       1.576961000928e-12       1.618265819596e-11       0.000000000000e+00       3.509503420515e-13       7.122352958281e-14       2.182315975586e-15 
  316       4.763837852546e-10       1.602195964499e-12       1.615389731363e-11       0.000000000000e+00       3.473905627771e-13       7.025921695746e-14       2.190841939530e-15 
  317       4.718411947170e-10       1.627455058275e-12       1.612002438324e-11       0.000000000000e+00       3.438794007996e-13       6.930841812355e-14       2.199064237868e-15 
  318       4.673103431731e-10       1.652728852276e-12       1.608104565572e-11       0.000000000000e+00       3.404160636592e-13       6.837078183953e-14       2.206980610407e-15 
  319       4.627926225505e-10       1.678007727865e-12       1.603696908464e-11       0.000000000000e+00       3.369997066726e-13       6.744593944362e-14       2.214588848139e-15 
  320       4.582894363307e-10       1.703281876453e-12       1.598780434315e-11       0.000000000000e+00       3.336294324166e-13       6.653350468930e-14       2.221886793895e-15 
  321       4.538021995503e-10       1.728541298212e-12       1.593356284075e-11       0.000000000000e+00       3.303042902116e-13       6.563307358075e-14       2.228872343017e-15 
  322       4.493323388000e-10       1.753775800779e-12       1.587425774023e-11       0.000000000000e+00       3.270232756055e-13       6.474422420837e-14       2.235543444012e-15 
  323       4.448812922256e-10       1.778974997965e-12       1.580990397452e-11       0.000000000000e+00       3.237853298570e-13       6.386651658423e-14       2.241898099221e-15 
  324       4.404505095272e-10       1.804128308465e-12       1.574051826351e-11       0.000000000000e+00       3.205893394192e-13       6.299949247756e-14       2.247934365475e-15 
  325       4.360414519602e-10       1.829224954566e-12       1.566611913095e-11       0.000000000000e+00       3.174341354236e-13       6.214267525020e-14       2.253650354763e-15 
  326       4.316555923347e-10       1.854253960853e-12       1.558672692133e-11       0.000000000000e+00       3.143184931632e-13       6.129556969213e-14       2.259044234892e-15 
  327       4.272944150156e-10       1.879204152922e-12       1.550236381668e-11       0.000000000000e+00       3.112411315763e-13       6.045766185692e-14       2.264114230148e-15 
  328       4.229594159232e-10       1.904064156082e-12       1.541305385350e-11       0.000000000000e+00       3.082007127300e-13       5.962841889717e-14       2.268858621961e-15 
  329       4.186521025326e-10       1.928822394068e-12       1.531882293959e-11       0.000000000000e+00       3.051958413042e-13       5.880728890007e-14       2.273275749567e-15 
  330       4.143739938745e-10       1.953467087749e-12       1.521969887092e-11       0.000000000000e+00       3.022250640745e-13       5.799370072281e-14       2.277364010667e-15 
  331       4.101266205346e-10       1.977986253834e-12       1.511571134849e-11       0.000000000000e+00       2.992868693964e-13       5.718706382806e-14       2.281121862094e-15 
  332       4.059114066152e-10       2.002368574582e-12       1.500689246578e-11       0.000000000000e+00       2.963799695095e-13       5.638688455599e-14       2.284548356662e-15 
  333       4.017293099311e-10       2.026606051491e-12       1.489327816002e-11       0.000000000000e+00       2.935041621131e-13       5.559312088057e-14       2.287644778239e-15 
  334       3.975811661121e-10       2.050691464882e-12       1.477490685724e-11       0.000000000000e+00       2.906595053781e-13       5.480584281240e-14       2.290413079321e-15 
  335       3.934678050987e-10       2.074617513005e-12       1.465181902472e-11       0.000000000000e+00       2.878460383091e-13       5.402511732062e-14       2.292855352522e-15 
  336       3.893900510136e-10       2.098376811689e-12       1.452405718833e-11       0.000000000000e+00       2.850637805348e-13       5.325100829477e-14       2.294973831814e-15 
  337       3.853487220340e-10       2.121961893994e-12       1.439166594996e-11       0.000000000000e+00       2.823127320986e-13       5.248357650665e-14       2.296770893775e-15 
  338       3.813446302631e-10       2.145365209869e-12       1.425469200480e-11       0.000000000000e+00       2.795928732494e-13       5.172287957218e-14       2.298249058830e-15 
  339       3.773785816024e-10       2.168579125803e-12       1.411318415884e-11       0.000000000000e+00       2.769041642317e-13       5.096897191326e-14       2.299410992497e-15 
  340       3.734513756237e-10       2.191595924479e-12       1.396719334613e-11       0.000000000000e+00       2.742465450767e-13       5.022190471961e-14       2.300259506633e-15 
  341       3.695638054407e-10       2.214407804429e-12       1.381677264622e-11       0.000000000000e+00       2.716199353925e-13       4.948172591068e-14       2.300797560676e-15 
  342       3.657166575813e-10       2.237006879686e-12       1.366197730150e-11       0.000000000000e+00       2.690242341550e-13       4.874848009745e-14       2.301028262889e-15 
  343       3.619107118594e-10       2.259385179439e-12       1.350286473461e-11       0.000000000000e+00       2.664593194979e-13       4.802220854436e-14       2.300954871606e-15 
  344       3.581467412469e-10       2.281534647684e-12       1.333949456579e-11       0.000000000000e+00       2.639250485042e-13       4.730294913110e-14       2.300580796476e-15 
  345       3.544255117457e-10       2.303447142884e-12       1.317192863024e-11       0.000000000000e+00       2.614212569958e-13       4.659073631450e-14       2.299909599708e-15 
  346       3.507477822595e-10       2.325114437613e-12       1.300023099552e-11       0.000000000000e+00       2.589477593247e-13       4.588560109042e-14       2.298944997314e-15 
  347       3.471143044658e-10       2.346528218221e-12       1.282446797893e-11       0.000000000000e+00       2.565043481635e-13       4.518757095557e-14       2.297690860352e-15 
  348       3.435258226880e-10       2.367680084478e-12       1.264470816485e-11       0.000000000000e+00       2.540907942957e-13       4.449666986936e-14       2.296151216175e-15 
  349       3.399830737672e-10       2.388561549233e-12       1.246102242215e-11       0.000000000000e+00       2.517068464064e-13       4.381291821583e-14       2.294330249671e-15 
  350       3.364867869343e-10       2.409164038066e-12       1.227348392152e-11       0.000000000000e+00       2.493522308733e-13       4.313633276543e-14       2.292232304509e-15 
  351       3.330376836817e-10       2.429478888942e-12       1.208216815291e-11       0.000000000000e+00       2.470266515563e-13       4.246692663692e-14       2.289861884385e-15 
  352       3.296364776357e-10       2.449497351866e-12       1.188715294285e-11       0.000000000000e+00       2.447297895893e-13       4.180470925923e-14       2.287223654262e-15 
  353       3.262838744278e-10       2.469210588534e-12       1.168851847181e-11       0.000000000000e+00       2.424613031698e-13       4.114968633333e-14       2.284322441620e-15 
  354       3.229805715674e-10       2.488609671989e-12       1.148634729166e-11       0.000000000000e+00       2.402208273497e-13       4.050185979406e-14       2.281163237694e-15 
  355       3.197272583131e-10       2.507685586273e-12       1.128072434295e-11       0.000000000000e+00       2.380079738265e-13       3.986122777200e-14       2.277751198725e-15 
  356       3.165246155451e-10       2.526429226082e-12       1.107173697233e-11       0.000000000000e+00       2.358223307328e-13       3.922778455536e-14       2.274091647198e-15 
  357       3.133733156369e-10       2.544831396420e-12       1.085947494992e-11       0.000000000000e+00       2.336634624279e-13       3.860152055180e-14       2.270190073094e-15 
  358       3.102740223274e-10       2.562882812250e-12       1.064403048668e-11       0.000000000000e+00       2.315309092878e-13       3.798242225031e-14       2.266052135125e-15 
  359       3.072273905928e-10       2.580574098152e-12       1.042549825178e-11       0.000000000000e+00       2.294241874958e-13       3.737047218309e-14       2.261683661985e-15 
  360       3.042340665186e-10       2.597895787974e-12       1.020397538998e-11       0.000000000000e+00       2.273427888332e-13       3.676564888736e-14       2.257090653594e-15 
  361       3.012946871715e-10       2.614838324484e-12       9.979561539017e-12       0.000000000000e+00       2.252861804701e-13       3.616792686728e-14       2.252279282340e-15 
  362       2.984098804712e-10       2.631392059027e-12       9.752358846944e-12       0.000000000000e+00       2.232538047555e-13       3.557727655574e-14       2.247255894323e-15 
  363       2.955802650627e-10       2.647547251179e-12       9.522471989535e-12       0.000000000000e+00       2.212450790081e-13       3.499366427631e-14       2.242027010602e-15 
  364       2.928064501881e-10       2.663294068398e-12       9.290008187648e-12       0.000000000000e+00       2.192593953070e-13       3.441705220501e-14       2.236599328439e-15 
  365       2.900890355584e-10       2.678622585678e-12       9.055077224602e-12       0.000000000000e+00       2.172961202822e-13       3.384739833223e-14       2.230979722539e-15 
  366       2.874286112257e-10       2.693522785204e-12       8.817791463544e-12       0.000000000000e+00       2.153545949051e-13       3.328465642458e-14       2.225175246301e-15 
  367       2.848257574550e-10       2.707984556006e-12       8.578265864834e-12       0.000000000000e+00       2.134341342790e-13       3.272877598673e-14       2.219193133058e-15 
  368       2.822810445960e-10       2.721997693612e-12       8.336618003410e-12       0.000000000000e+00       2.115340274299e-13       3.217970222329e-14       2.213040797322e-15 
  369       2.797950329557e-10       2.735551899701e-12       8.092968086167e-12       0.000000000000e+00       2.096535370970e-13       3.163737600067e-14       2.206725836030e-15 
  370       2.773682726694e-10       2.748636781758e-12       7.847438969328e-12       0.000000000000e+00       2.077918995233e-13       3.110173380890e-14       2.200256029786e-15 
  371       2.750012428498e-10       2.761243134002e-12       7.600147427517e-12       0.000000000000e+00       2.059484631779e-13       3.057272059401e-14       2.193638168200e-15 
  372       2.726941666682e-10       2.773366836129e-12       7.351177548941e-12       0.000000000000e+00       2.041231113351e-13       3.005032888612e-14       2.186874472699e-15 
  373       2.704471887913e-10       2.785005106333e-12       7.100606333998e-12       0.000000000000e+00       2.023158556079e-13       2.953456112650e-14       2.179966036287e-15 
  374       2.682604352722e-10       2.796155234560e-12       6.848512359404e-12       0.000000000000e+00       2.005266984198e-13       2.902541690833e-14       2.172913987039e-15 
  375       2.661340133693e-10       2.806814583278e-12       6.594975787968e-12       0.000000000000e+00       1.987556329156e-13       2.852289294981e-14       2.165719488329e-15 
  376       2.640680113656e-10       2.816980588239e-12       6.340078378350e-12       0.000000000000e+00       1.970026428734e-13       2.802698306715e-14       2.158383739053e-15 
  377       2.620624983878e-10       2.826650759251e-12       6.083903494838e-12       0.000000000000e+00       1.952677026152e-13       2.753767814767e-14       2.150907973843e-15 
  378       2.601175242255e-10       2.835822680943e-12       5.826536117107e-12       0.000000000000e+00       1.935507769192e-13       2.705496612285e-14       2.143293463299e-15 
  379       2.582331191505e-10       2.844494013537e-12       5.568062849992e-12       0.000000000000e+00       1.918518209302e-13       2.657883194135e-14       2.135541514201e-15 
  380       2.564092937355e-10       2.852662493611e-12       5.308571933256e-12       0.000000000000e+00       1.901707800720e-13       2.610925754206e-14       2.127653469741e-15 
  381       2.546460386737e-10       2.860325934869e-12       5.048153251352e-12       0.000000000000e+00       1.885075899577e-13       2.564622182721e-14       2.119630709735e-15 
  382       2.529433245980e-10       2.867482228909e-12       4.786898343196e-12       0.000000000000e+00       1.868621763019e-13       2.518970063534e-14       2.111474650854e-15 
  383       2.513011018996e-10       2.874129345990e-12       4.524900411932e-12       0.000000000000e+00       1.852344548319e-13       2.473966671442e-14       2.103186746838e-15 
  384       2.497193005477e-10       2.880265335801e-12       4.262254334700e-12       0.000000000000e+00       1.836243311987e-13       2.429608969485e-14       2.094768488725e-15 
  385       2.481978299086e-10       2.885888328225e-12       3.999056672406e-12       0.000000000000e+00       1.820317008889e-13       2.385893606255e-14       2.086221405066e-15 
  386       2.467365785645e-10       2.890996534113e-12       3.735405679482e-12       0.000000000000e+00       1.804564491355e-13       2.342816913198e-14       2.077547062152e-15 
  387       2.453354141330e-10       2.895588246045e-12       3.471401313664e-12       0.000000000000e+00       1.788984508301e-13       2.300374901921e-14       2.068747064236e-15 
  388       2.439941830862e-10       2.899661839106e-12       3.207145245751e-12       0.000000000000e+00       1.773575704332e-13       2.258563261498e-14       2.059823053751e-15 
  389       2.427127105697e-10       2.903215771643e-12       2.942740869376e-12       0.000000000000e+00       1.758336618865e-13       2.217377355771e-14       2.050776711534e-15 
  390       2.414908002219e-10       2.906248586042e-12       2.678293310776e-12       0.000000000000e+00       1.743265685239e-13       2.176812220662e-14       2.041609757051e-15 
  391       2.403282339931e-10       2.908758909492e-12       2.413909438552e-12       0.000000000000e+00       1.728361229828e-13       2.136862561470e-14       2.032323948612e-15 
  392       2.392247719647e-10       2.910745454752e-12       2.149697873446e-12       0.000000000000e+00       1.713621471156e-13       2.097522750182e-14       2.022921083600e-15 
  393       2.381801521683e-10       2.912207020922e-12       1.885768998100e-12       0.000000000000e+00       1.699044519012e-13       2.058786822776e-14       2.013402998688e-15 
  394       2.371940904049e-10       2.913142494206e-12       1.622234966831e-12       0.000000000000e+00       1.684628373560e-13       2.020648476527e-14       2.003771570064e-15 
  395       2.362662800639e-10       2.913550848685e-12       1.359209715392e-12       0.000000000000e+00       1.670370924457e-13       1.983101067311e-14       1.994028713652e-15 
  396       2.353963919427e-10       2.913431147079e-12       1.096808970743e-12       0.000000000000e+00       1.656269949963e-13       1.946137606910e-14       1.984176385332e-15 
  397       2.345840740651e-10       2.912782541522e-12       8.351502608195e-13       0.000000000000e+00       1.642323116059e-13       1.909750760319e-14       1.974216581165e-15 
  398       2.338289515014e-10       2.911604274321e-12       5.743529242967e-13       0.000000000000e+00       1.628527975556e-13       1.873932843049e-14       1.964151337612e-15 
  399       2.331306261868e-10       2.909895678733e-12       3.145381203596e-13       0.000000000000e+00       1.614881967212e-13       1.838675818433e-14       1.953982731760e-15 
  400       2.324886767407e-10       2.907656179725e-12       5.582883846946e-14       0.000000000000e+00       1.601382414845e-13       1.803971294931e-14       1.943712881539e-15 
  401       2.319026582861e-10       2.904885294746e-12      -2.016500918683e-13       0.000000000000e+00       1.588026526447e-13       1.769810523437e-14       1.933343945946e-15 
  402       2.313721022688e-10       2.901582634493e-12      -4.577719913366e-13       0.000000000000e+00       1.574811393297e-13       1.736184394580e-14       1.922878125269e-15 
  403       2.308965162761e-10       2.897747903681e-12      -7.124083210394e-13       0.000000000000e+00       1.561733989074e-13       1.703083436032e-14       1.912317661307e-15 
  404       2.304753838564e-10       2.893380901809e-12      -9.654286727340e-13       0.000000000000e+00       1.548791168975e-13       1.670497809813e-14       1.901664837589e-15 
  405       2.301081643381e-10       2.888481523926e-12      -1.216700759063e-12       0.000000000000e+00       1.535979668822e-13       1.638417309597e-14       1.890921979604e-15 
  406       2.297942926490e-10       2.883049761403e-12      -1.466090403789e-12       0.000000000000e+00       1.523296104181e-13       1.606831358013e-14       1.880091455012e-15 
  407       2.295331791352e-10       2.877085702696e-12      -1.713461532024e-12       0.000000000000e+00       1.510736969476e-13       1.575729003954e-14       1.869175673877e-15 
  408       2.293242093803e-10       2.870589534120e-12      -1.958676160462e-12       0.000000000000e+00       1.498298637098e-13       1.545098919884e-14       1.858177088880e-15 
  409       2.291667440248e-10       2.863561540610e-12      -2.201594387616e-12       0.000000000000e+00       1.485977356523e-13       1.514929399135e-14       1.847098195547e-15 
  410       2.290601597513e-10       2.856002821372e-12      -2.442088589414e-12       0.000000000000e+00       1.473769912138e-13       1.485210119538e-14       1.835941245954e-15 
  411       2.290039742098e-10       2.847917463190e-12      -2.680086579902e-12       0.000000000000e+00       1.461675624197e-13       1.455937508593e-14       1.824707378234e-15 
  412       2.289977251617e-10       2.839310445600e-12      -2.915529960037e-12       0.000000000000e+00       1.449694416995e-13       1.427109563030e-14       1.813397456673e-15 
  413       2.290409295626e-10       2.830186934240e-12      -3.148360050754e-12       0.000000000000e+00       1.437826166140e-13       1.398724098220e-14       1.802012355462e-15 
  414       2.291330834101e-10       2.820552282123e-12      -3.378517893311e-12       0.000000000000e+00       1.426070698135e-13       1.370778746740e-14       1.790552958710e-15 
  415       2.292736615928e-10       2.810412030919e-12      -3.605944249640e-12       0.000000000000e+00       1.414427789962e-13       1.343270956936e-14       1.779020160463e-15 
  416       2.294621177387e-10       2.799771912224e-12      -3.830579602691e-12       0.000000000000e+00       1.402897168666e-13       1.316197991485e-14       1.767414864722e-15 
  417       2.296978840632e-10       2.788637848844e-12      -4.052364156787e-12       0.000000000000e+00       1.391478510935e-13       1.289556925958e-14       1.755737985464e-15 
  418       2.299803712183e-10       2.777015956071e-12      -4.271237837967e-12       0.000000000000e+00       1.380171442685e-13       1.263344647385e-14       1.743990446655e-15 
  419       2.303089681405e-10       2.764912542954e-12      -4.487140294336e-12       0.000000000000e+00       1.368975538642e-13       1.237557852817e-14       1.732173182270e-15 
  420       2.306830418995e-10       2.752334113582e-12      -4.700010896416e-12       0.000000000000e+00       1.357890321925e-13       1.212193047886e-14       1.720287136311e-15 
  421       2.311019375465e-10       2.739287368360e-12      -4.909788737491e-12       0.000000000000e+00       1.346915263628e-13       1.187246545372e-14       1.708333262826e-15 
  422       2.315649779632e-10       2.725779205283e-12      -5.116412633955e-12       0.000000000000e+00       1.336049782406e-13       1.162714463765e-14       1.696312525924e-15 
  423       2.320714637095e-10       2.711816721214e-12      -5.319821125666e-12       0.000000000000e+00       1.325293244052e-13       1.138592725826e-14       1.684225899797e-15 
  424       2.326206728725e-10       2.697407213164e-12      -5.519952476289e-12       0.000000000000e+00       1.314644961087e-13       1.114877057151e-14       1.672074368733e-15 
  425       2.332118609149e-10       2.682558179562e-12      -5.716744673644e-12       0.000000000000e+00       1.304104192338e-13       1.091562984737e-14       1.659858927138e-15 
  426       2.338442605232e-10       2.667277321540e-12      -5.910135430060e-12       0.000000000000e+00       1.293670142520e-13       1.068645835538e-14       1.647580579551e-15 
  427       2.345170814567e-10       2.651572544203e-12      -6.100062182718e-12       0.000000000000e+00       1.283341961823e-13       1.046120735035e-14       1.635240340664e-15 
  428       2.352295103952e-10       2.635451957910e-12      -6.286462094002e-12       0.000000000000e+00       1.273118745493e-13       1.023982605797e-14       1.622839235339e-15 
  429       2.359807107883e-10       2.618923879550e-12      -6.469272051848e-12       0.000000000000e+00       1.262999533414e-13       1.002226166039e-14       1.610378298626e-15 
  430       2.367698227033e-10       2.601996833817e-12      -6.648428670090e-12       0.000000000000e+00       1.252983309691e-13       9.808459281933e-15       1.597858575781e-15 
  431       2.375959626739e-10       2.584679554488e-12      -6.823868288809e-12       0.000000000000e+00       1.243069002234e-13       9.598361974656e-15       1.585281122284e-15 
  432       2.384582235487e-10       2.566980985703e-12      -6.995526974686e-12       0.000000000000e+00       1.233255482340e-13       9.391910704014e-15       1.572647003854e-15 
  433       2.393556743393e-10       2.548910283234e-12      -7.163340521344e-12       0.000000000000e+00       1.223541564276e-13       9.189044334480e-15       1.559957296473e-15 
  434       2.402873600696e-10       2.530476815772e-12      -7.327244449699e-12       0.000000000000e+00       1.213926004861e-13       8.989699615174e-15       1.547213086400e-15 
  435       2.412523016232e-10       2.511690166194e-12      -7.487174008310e-12       0.000000000000e+00       1.204407503051e-13       8.793811165496e-15       1.534415470186e-15 
  436       2.422494955927e-10       2.492560132848e-12      -7.643064173726e-12       0.000000000000e+00       1.194984699520e-13       8.601311460750e-15       1.521565554699e-15 
  437       2.432779141279e-10       2.473096730823e-12      -7.794849650834e-12       0.000000000000e+00       1.185656176243e-13       8.412130817780e-15       1.508664457135e-15 
  438       2.443365047842e-10       2.453310193232e-12      -7.942464873209e-12       0.000000000000e+00       1.176420456080e-13       8.226197380595e-15       1.495713305042e-15 
  439       2.454241903711e-10       2.433210972484e-12      -8.085844003460e-12       0.000000000000e+00       1.167276002357e-13       8.043437106000e-15       1.482713236333e-15 
  440       2.465398688007e-10       2.412809741563e-12      -8.224920933581e-12       0.000000000000e+00       1.158221218450e-13       7.863773749227e-15       1.469665399305e-15 
  441       2.476824129363e-10       2.392117395307e-12      -8.359629285300e-12       0.000000000000e+00       1.149254447371e-13       7.687128849561e-15       1.456570952660e-15 
  442       2.488506704405e-10       2.371145051678e-12      -8.489902410422e-12       0.000000000000e+00       1.140373971342e-13       7.513421715973e-15       1.443431065519e-15 
  443       2.500434636242e-10       2.349904053047e-12      -8.615673391186e-12       0.000000000000e+00       1.131578011387e-13       7.342569412747e-15       1.430246917440e-15 
  444       2.512595892945e-10       2.328405967467e-12      -8.736875040604e-12       0.000000000000e+00       1.122864726912e-13       7.174486745113e-15       1.417019698440e-15 
  445       2.524978186038e-10       2.306662589946e-12      -8.853439902820e-12       0.000000000000e+00       1.114232215285e-13       7.009086244872e-15       1.403750609010e-15 
  446       2.537568968976e-10       2.284685943734e-12      -8.965300253447e-12       0.000000000000e+00       1.105678511421e-13       6.846278156030e-15       1.390440860130e-15 
  447       2.550355435634e-10       2.262488281588e-12      -9.072388099924e-12       0.000000000000e+00       1.097201587366e-13       6.685970420422e-15       1.377091673294e-15 
  448       2.563324518793e-10       2.240082087057e-12      -9.174635181862e-12       0.000000000000e+00       1.088799351880e-13       6.528068663349e-15       1.363704280520e-15 
  449       2.576464106831e-10       2.217479607638e-12      -9.271984740779e-12       0.000000000000e+00       1.080470006403e-13       6.372493895459e-15       1.350279905387e-15 
  450       2.589766740262e-10       2.194691435011e-12      -9.364427248008e-12       0.000000000000e+00       1.072213126507e-13       6.219236278474e-15       1.336819705401e-15 
  451       2.603226031874e-10       2.171727881356e-12      -9.451965833979e-12       0.000000000000e+00       1.064028614635e-13       6.068303071570e-15       1.323324827800e-15 
  452       2.616835458542e-10       2.148599444320e-12      -9.534604630671e-12       0.000000000000e+00       1.055916346666e-13       5.919701068582e-15       1.309796428372e-15 
  453       2.630588360439e-10       2.125316808009e-12      -9.612348778952e-12       0.000000000000e+00       1.047876171716e-13       5.773436594146e-15       1.296235671465e-15 
  454       2.644477940239e-10       2.101890843994e-12      -9.685204435913e-12       0.000000000000e+00       1.039907911929e-13       5.629515499856e-15       1.282643729997e-15 
  455       2.658497262330e-10       2.078332612304e-12      -9.753178782211e-12       0.000000000000e+00       1.032011362273e-13       5.487943160417e-15       1.269021785456e-15 
  456       2.672639252020e-10       2.054653362427e-12      -9.816280029403e-12       0.000000000000e+00       1.024186290332e-13       5.348724469790e-15       1.255371027913e-15 
  457       2.686896694747e-10       2.030864534308e-12      -9.874517427291e-12       0.000000000000e+00       1.016432436105e-13       5.211863837348e-15       1.241692656024e-15 
  458       2.701262235283e-10       2.006977759352e-12      -9.927901271251e-12       0.000000000000e+00       1.008749511795e-13       5.077365184028e-15       1.227987877038e-15 
  459       2.715728376949e-10       1.983004861415e-12      -9.976442909582e-12       0.000000000000e+00       1.001137201607e-13       4.945231938480e-15       1.214257906805e-15 
  460       2.730287480816e-10       1.958957857811e-12      -1.002015475084e-11       0.000000000000e+00       9.935951615447e-14       4.815467033219e-15       1.200503969782e-15 
  461       2.744931764919e-10       1.934848960305e-12      -1.005905027116e-11       0.000000000000e+00       9.861230191986e-14       4.688072900778e-15       1.186727299036e-15 
  462       2.759653303460e-10       1.910690576113e-12      -1.009314402164e-11       0.000000000000e+00       9.787203735458e-14       4.563051469858e-15       1.172929136259e-15 
  463       2.774444026023e-10       1.886495308905e-12      -1.012245163562e-11       0.000000000000e+00       9.713867947425e-14       4.440404161480e-15       1.159110731764e-15 
  464       2.789295716775e-10       1.862275959798e-12      -1.014698983607e-11       0.000000000000e+00       9.641218239186e-14       4.320131885136e-15       1.145273344500e-15 
  465       2.804200013679e-10       1.838045528358e-12      -1.016677644289e-11       0.000000000000e+00       9.569249729728e-14       4.202235034940e-15       1.131418242055e-15 
  466       2.819148407700e-10       1.813817213598e-12      -1.018183038029e-11       0.000000000000e+00       9.497957243664e-14       4.086713485783e-15       1.117546700664e-15 
  467       2.834132242016e-10       1.789604414976e-12      -1.019217168409e-11       0.000000000000e+00       9.427335309181e-14       3.973566589477e-15       1.103660005213e-15 
  468       2.849142711220e-10       1.765420733398e-12      -1.019782150908e-11       0.000000000000e+00       9.357378155988e-14       3.862793170917e-15       1.089759449249e-15 
  469       2.864170860537e-10       1.741279972210e-12      -1.019880213634e-11       0.000000000000e+00       9.288079713256e-14       3.754391524221e-15       1.075846334984e-15 
  470       2.879207585025e-10       1.717196138203e-12      -1.019513698061e-11       0.000000000000e+00       9.219433607566e-14       3.648359408890e-15       1.061921973303e-15 
  471       2.894243628787e-10       1.693183442608e-12      -1.018685059759e-11       0.000000000000e+00       9.151433160854e-14       3.544694045957e-15       1.047987683770e-15 
  472       2.909269584177e-10       1.669256302096e-12      -1.017396869131e-11       0.000000000000e+00       9.084071388357e-14       3.443392114137e-15       1.034044794636e-15 
  473       2.924275891010e-10       1.645429339778e-12      -1.015651812145e-11       0.000000000000e+00       9.017340996553e-14       3.344449745978e-15       1.020094642844e-15 
  474       2.939252835770e-10       1.621717386201e-12      -1.013452691069e-11       0.000000000000e+00       8.951234381114e-14       3.247862524015e-15       1.006138574035e-15 
  475       2.954190550818e-10       1.598135480350e-12      -1.010802425205e-11       0.000000000000e+00       8.885743624845e-14       3.153625476922e-15       9.921779425574e-16 
  476       2.969079013598e-10       1.574698870646e-12      -1.007704051619e-11       0.000000000000e+00       8.820860495630e-14       3.061733075660e-15       9.782141114700e-16 
  477       2.983908045849e-10       1.551423015942e-12      -1.004160725882e-11       0.000000000000e+00       8.756576444381e-14       2.972179229630e-15       9.642484525521e-16 
  478       2.998667312812e-10       1.528323586525e-12      -1.000175722796e-11       0.000000000000e+00       8.692882602978e-14       2.884957282825e-15       9.502823463079e-16 
  479       3.013346322436e-10       1.505416465115e-12      -9.957524371357e-12       0.000000000000e+00       8.629769782217e-14       2.800060009981e-15       9.363171819740e-16 
  480       3.027934424589e-10       1.482717747861e-12      -9.908943843749e-12       0.000000000000e+00       8.567228469755e-14       2.717479612730e-15       9.223543575255e-16 
  481       3.042420810265e-10       1.460243745342e-12      -9.856052014254e-12       0.000000000000e+00       8.505248828053e-14       2.637207715748e-15       9.083952796832e-16 
  482       3.056794510791e-10       1.438010983566e-12      -9.798886473687e-12       0.000000000000e+00       8.443820692323e-14       2.559235362910e-15       8.944413639197e-16 
  483       3.071044397040e-10       1.416036204966e-12      -9.737486041905e-12       0.000000000000e+00       8.382933568475e-14       2.483553013438e-15       8.804940344661e-16 
  484       3.085159178632e-10       1.394336369405e-12      -9.671890775144e-12       0.000000000000e+00       8.322576631057e-14       2.410150538057e-15       8.665547243189e-16 
  485       3.099127403148e-10       1.372928655166e-12      -9.602141973358e-12       0.000000000000e+00       8.262738721205e-14       2.339017215143e-15       8.526248752465e-16 
  486       3.112937455337e-10       1.351830459959e-12      -9.528282187554e-12       0.000000000000e+00       8.203408344583e-14       2.270141726873e-15       8.387059377954e-16 
  487       3.126577556322e-10       1.331059401914e-12      -9.450355227135e-12       0.000000000000e+00       8.144573669334e-14       2.203512155382e-15       8.247993712976e-16 
  488       3.140037200411e-10       1.310631697660e-12      -9.368408600494e-12       0.000000000000e+00       8.086224464737e-14       2.139114187449e-15       8.109065675952e-16 
  489       3.153311514247e-10       1.290557241331e-12      -9.282500901899e-12       0.000000000000e+00       8.028357984931e-14       2.076925677524e-15       7.970286197025e-16 
  490       3.166397026017e-10       1.270844380859e-12      -9.192694659226e-12       0.000000000000e+00       7.970973256503e-14       2.016921915078e-15       7.831665462624e-16 
  491       3.179290239535e-10       1.251501527822e-12      -9.099053929152e-12       0.000000000000e+00       7.914069152553e-14       1.959077396669e-15       7.693213671726e-16 
  492       3.191987634167e-10       1.232537157619e-12      -9.001644305711e-12       0.000000000000e+00       7.857644391616e-14       1.903365821197e-15       7.554941035537e-16 
  493       3.204485664768e-10       1.213959809661e-12      -8.900532928858e-12       0.000000000000e+00       7.801697536580e-14       1.849760085153e-15       7.416857777174e-16 
  494       3.216780761608e-10       1.195778087550e-12      -8.795788493035e-12       0.000000000000e+00       7.746226993611e-14       1.798232277869e-15       7.278974131351e-16 
  495       3.228869330308e-10       1.178000659260e-12      -8.687481255727e-12       0.000000000000e+00       7.691231011070e-14       1.748753676771e-15       7.141300344059e-16 
  496       3.240747751767e-10       1.160636257323e-12      -8.575683046028e-12       0.000000000000e+00       7.636707678436e-14       1.701294742627e-15       7.003846672248e-16 
  497       3.252412382094e-10       1.143693679011e-12      -8.460467273203e-12       0.000000000000e+00       7.582654925228e-14       1.655825114797e-15       6.866623383510e-16 
  498       3.263859552543e-10       1.127181786517e-12      -8.341908935247e-12       0.000000000000e+00       7.529070519925e-14       1.612313606489e-15       6.729640755763e-16 
  499       3.275085569438e-10       1.111109507138e-12      -8.220084627450e-12       0.000000000000e+00       7.475952068885e-14       1.570728200001e-15       6.592909076931e-16 
  500       3.286086714109e-10       1.095485833461e-12      -8.095072550959e-12       0.000000000000e+00       7.423297015270e-14       1.531036041981e-15       6.456438644631e-16 
  501       3.296859242821e-10       1.080319823540e-12      -7.966952521338e-12       0.000000000000e+00       7.371102637964e-14       1.493203438669e-15       6.320239765850e-16 
  502       3.307399386706e-10       1.065620601085e-12      -7.835805977131e-12       0.000000000000e+00       7.319366050495e-14       1.457195851153e-15       6.184322756629e-16 
  503       3.317703351693e-10       1.051397355640e-12      -7.701715988425e-12       0.000000000000e+00       7.268084199956e-14       1.422977890620e-15       6.048697941749e-16 
  504       3.327767318440e-10       1.037659342766e-12      -7.564767265411e-12       0.000000000000e+00       7.217253865925e-14       1.390513313601e-15       5.913375654411e-16 
  505       3.337587442266e-10       1.024415884228e-12      -7.425046166945e-12       0.000000000000e+00       7.166871659390e-14       1.359765017228e-15       5.778366235916e-16 
  506       3.347159853080e-10       1.011676368173e-12      -7.282640709115e-12       0.000000000000e+00       7.116934021663e-14       1.330695034481e-15       5.643680035353e-16 
  507       3.356480655314e-10       9.994502493130e-13      -7.137640573795e-12       0.000000000000e+00       7.067437223309e-14       1.303264529440e-15       5.509327409278e-16 
  508       3.365545927852e-10       9.877470491123e-13      -6.990137117214e-12       0.000000000000e+00       7.018377363059e-14       1.277433792533e-15       5.375318721395e-16 
  509       3.374351723966e-10       9.765763559647e-13      -6.840223378515e-12       0.000000000000e+00       6.969750366738e-14       1.253162235791e-15       5.241664342244e-16 
  510       3.382894071240e-10       9.659478253792e-13      -6.687994088318e-12       0.000000000000e+00       6.921551986182e-14       1.230408388096e-15       5.108374648878e-16 
  511       3.391168971507e-10       9.558711801622e-13      -6.533545677280e-12       0.000000000000e+00       6.873777798161e-14       1.209129890429e-15       4.975460024548e-16 
  512       3.399172400778e-10       9.463562105998e-13      -6.376976284661e-12       0.000000000000e+00       6.826423203296e-14       1.189283491128e-15       4.842930858386e-16 
  513       3.406900309173e-10       9.374127746407e-13      -6.218385766881e-12       0.000000000000e+00       6.779483424988e-14       1.170825041129e-15       4.710797545086e-16 
  514       3.414348620851e-10       9.290507980792e-13      -6.057875706086e-12       0.000000000000e+00       6.732953508329e-14       1.153709489226e-15       4.579070484589e-16 
  515       3.421513233944e-10       9.212802747374e-13      -5.895549418710e-12       0.000000000000e+00       6.686828319033e-14       1.137890877314e-15       4.447760081762e-16 
  516       3.428390020487e-10       9.141112666483e-13      -5.731511964034e-12       0.000000000000e+00       6.641102542347e-14       1.123322335644e-15       4.316876746083e-16 
  517       3.434974826348e-10       9.075539042384e-13      -5.565870152750e-12       0.000000000000e+00       6.595770681982e-14       1.109956078073e-15       4.186430891323e-16 
  518       3.441263471159e-10       9.016183865102e-13      -5.398732555524e-12       0.000000000000e+00       6.550827059025e-14       1.097743397313e-15       4.056432935229e-16 
  519       3.447251748251e-10       8.963149812253e-13      -5.230209511556e-12       0.000000000000e+00       6.506265810868e-14       1.086634660182e-15       3.926893299205e-16 
  520       3.452935424580e-10       8.916540250867e-13      -5.060413137143e-12       0.000000000000e+00       6.462080890123e-14       1.076579302855e-15       3.797822407995e-16 
  521       3.458310240660e-10       8.876459239216e-13      -4.889457334241e-12       0.000000000000e+00       6.418266063544e-14       1.067525826118e-15       3.669230689368e-16 
  522       3.463371910497e-10       8.843011528646e-13      -4.717457799028e-12       0.000000000000e+00       6.374814910952e-14       1.059421790610e-15       3.541128573798e-16 
  523       3.468116121514e-10       8.816302565396e-13      -4.544532030464e-12       0.000000000000e+00       6.331720824151e-14       1.052213812083e-15       3.413526494145e-16 
  524       3.472538534489e-10       8.796438492431e-13      -4.370799338854e-12       0.000000000000e+00       6.288977005853e-14       1.045847556647e-15       3.286434885343e-16 
  525       3.476634783483e-10       8.783526151266e-13      -4.196380854411e-12       0.000000000000e+00       6.246576468596e-14       1.040267736022e-15       3.159864184075e-16 
  526       3.480400475768e-10       8.777673083795e-13      -4.021399535818e-12       0.000000000000e+00       6.204512033666e-14       1.035418102788e-15       3.033824828464e-16 
  527       3.483832155421e-10       8.778969019631e-13      -3.845971724412e-12       0.000000000000e+00       6.162777468360e-14       1.031251199102e-15       2.908327322121e-16 
  528       3.486930223470e-10       8.787429772363e-13      -3.670181532947e-12       0.000000000000e+00       6.121370934489e-14       1.027757908458e-15       2.783382428902e-16 
  529       3.489696098253e-10       8.803051797562e-13      -3.494105766448e-12       0.000000000000e+00       6.080291632976e-14       1.024938710650e-15       2.659000982907e-16 
  530       3.492131259396e-10       8.825830560976e-13      -3.317822317513e-12       0.000000000000e+00       6.039538673548e-14       1.022794001587e-15       2.535193824301e-16 
  531       3.494237248168e-10       8.855760532373e-13      -3.141410171235e-12       0.000000000000e+00       5.999111074144e-14       1.021324092746e-15       2.411971799031e-16 
  532       3.496015667820e-10       8.892835179389e-13      -2.964949410112e-12       0.000000000000e+00       5.959007760328e-14       1.020529210630e-15       2.289345758529e-16 
  533       3.497468183937e-10       8.937046961365e-13      -2.788521218964e-12       0.000000000000e+00       5.919227564703e-14       1.020409496227e-15       2.167326559428e-16 
  534       3.498596524781e-10       8.988387323190e-13      -2.612207889853e-12       0.000000000000e+00       5.879769226321e-14       1.020965004463e-15       2.045925063267e-16 
  535       3.499402481641e-10       9.046846689147e-13      -2.436092826993e-12       0.000000000000e+00       5.840631390092e-14       1.022195703664e-15       1.925152136208e-16 
  536       3.499887909177e-10       9.112414456752e-13      -2.260260551672e-12       0.000000000000e+00       5.801812606203e-14       1.024101475006e-15       1.805018648740e-16 
  537       3.500054725769e-10       9.185078990598e-13      -2.084796707163e-12       0.000000000000e+00       5.763311329524e-14       1.026682111980e-15       1.685535475391e-16 
  538       3.499904913863e-10       9.264827616199e-13      -1.909788063645e-12       0.000000000000e+00       5.725125919023e-14       1.029937319841e-15       1.566713494442e-16 
  539       3.499440520316e-10       9.351646613829e-13      -1.735322523114e-12       0.000000000000e+00       5.687254637174e-14       1.033866715070e-15       1.448563587633e-16 
  540       3.498663656744e-10       9.445521212369e-13      -1.561489124302e-12       0.000000000000e+00       5.649695649376e-14       1.038469824830e-15       1.331096639873e-16 
  541       3.497576499871e-10       9.546435583144e-13      -1.388378047593e-12       0.000000000000e+00       5.612447023358e-14       1.043746086419e-15       1.214323538954e-16 
  542       3.496181291871e-10       9.654372833771e-13      -1.216080619938e-12       0.000000000000e+00       5.575506728594e-14       1.049694846734e-15       1.098255175259e-16 
  543       3.494480340719e-10       9.769315001998e-13      -1.044689319771e-12       0.000000000000e+00       5.538872635714e-14       1.056315361721e-15       9.829024414711e-17 
  544       3.492476020537e-10       9.891243049549e-13      -8.742977819268e-13       0.000000000000e+00       5.502542515919e-14       1.063606795835e-15       8.682762322871e-17 
  545       3.490170771937e-10       1.002013685596e-12      -7.050008025539e-13       0.000000000000e+00       5.466514040388e-14       1.071568221498e-15       7.543874441247e-17 
  546       3.487567102372e-10       1.015597521244e-12      -5.368943440337e-13       0.000000000000e+00       5.430784779692e-14       1.080198618552e-15       6.412469748342e-17 
  547       3.484667586482e-10       1.029873581569e-12      -3.700755398949e-13       0.000000000000e+00       5.395352203209e-14       1.089496873719e-15       5.288657234086e-17 
  548       3.481474866438e-10       1.044839526175e-12      -2.046426997297e-13       0.000000000000e+00       5.360213678530e-14       1.099461780059e-15       4.172545896939e-17 
  549       3.477991652294e-10       1.060492903987e-12      -4.069531410999e-14       0.000000000000e+00       5.325366470877e-14       1.110092036422e-15       3.064244740992e-17 
  550       3.474220722327e-10       1.076831152630e-12       1.216659404967e-13       0.000000000000e+00       5.290807742511e-14       1.121386246908e-15       1.963862773074e-17 
  551       3.470164923390e-10       1.093851597818e-12       2.823391968111e-13       0.000000000000e+00       5.256534552143e-14       1.133342920325e-15       8.715089998498e-18 
  552       3.465827171253e-10       1.111551452737e-12       4.412213918261e-13       0.000000000000e+00       5.222543854352e-14       1.145960469645e-15      -2.127075750749e-18 
  553       3.461210450954e-10       1.129927817427e-12       5.982082618911e-13       0.000000000000e+00       5.188832498989e-14       1.159237211457e-15      -1.288677954049e-17 
  554       3.456317817147e-10       1.148977678170e-12       7.531943377954e-13       0.000000000000e+00       5.155397230596e-14       1.173171365429e-15      -2.356293148277e-17 
  555       3.451152394442e-10       1.168697906872e-12       9.060729398526e-13       0.000000000000e+00       5.122234687811e-14       1.187761053764e-15      -3.415444180710e-17 
  556       3.445717377758e-10       1.189085260445e-12       1.056736172984e-12       0.000000000000e+00       5.089341402788e-14       1.203004300654e-15      -4.466022088950e-17 
  557       3.440016032667e-10       1.210136380197e-12       1.205074921805e-12       0.000000000000e+00       5.056713800601e-14       1.218899031739e-15      -5.507917928143e-17 
  558       3.434051695742e-10       1.231847791211e-12       1.350978845703e-12       0.000000000000e+00       5.024348198662e-14       1.235443073563e-15      -6.541022773875e-17 
  559       3.427827774902e-10       1.254215901732e-12       1.494336373930e-12       0.000000000000e+00       4.992240806129e-14       1.252634153033e-15      -7.565227725072e-17 
  560       3.421347749761e-10       1.277237002552e-12       1.635034700679e-12       0.000000000000e+00       4.960387723319e-14       1.270469896873e-15      -8.580423906897e-17 
  561       3.414615171973e-10       1.300907266389e-12       1.772959780172e-12       0.000000000000e+00       4.928784941122e-14       1.288947831080e-15      -9.586502473645e-17 
  562       3.407633665578e-10       1.325222747279e-12       1.907996321744e-12       0.000000000000e+00       4.897428340411e-14       1.308065380387e-15      -1.058335461164e-16 
  563       3.400406927353e-10       1.350179379954e-12       2.040027784923e-12       0.000000000000e+00       4.866313691452e-14       1.327819867712e-15      -1.157087154214e-16 
  564       3.392938727152e-10       1.375772979229e-12       2.168936374520e-12       0.000000000000e+00       4.835436653321e-14       1.348208513620e-15      -1.254894452421e-16 
  565       3.385232908259e-10       1.401999239387e-12       2.294603035707e-12       0.000000000000e+00       4.804792773311e-14       1.369228435778e-15      -1.351746485766e-16 
  566       3.377293509401e-10       1.428852869482e-12       2.416921675971e-12       0.000000000000e+00       4.774378165874e-14       1.390874837443e-15      -1.447634613658e-16 
  567       3.369125133539e-10       1.456324976066e-12       2.535842242951e-12       0.000000000000e+00       4.744191569822e-14       1.413135522813e-15      -1.542559163328e-16 
  568       3.360732589251e-10       1.484405611913e-12       2.651328745139e-12       0.000000000000e+00       4.714232342891e-14       1.435996239502e-15      -1.636522865364e-16 
  569       3.352120770311e-10       1.513084633072e-12       2.763345125688e-12       0.000000000000e+00       4.684499786663e-14       1.459442475525e-15      -1.729528645447e-16 
  570       3.343294656081e-10       1.542351697924e-12       2.871855262826e-12       0.000000000000e+00       4.654993146241e-14       1.483459458080e-15      -1.821579625474e-16 
  571       3.334259311905e-10       1.572196266245e-12       2.976822970249e-12       0.000000000000e+00       4.625711609907e-14       1.508032152322e-15      -1.912679124682e-16 
  572       3.325019889498e-10       1.602607598270e-12       3.078211997533e-12       0.000000000000e+00       4.596654308793e-14       1.533145260149e-15      -2.002830660764e-16 
  573       3.315581627341e-10       1.633574753747e-12       3.175986030534e-12       0.000000000000e+00       4.567820316544e-14       1.558783218977e-15      -2.092037950996e-16 
  574       3.305949851073e-10       1.665086591007e-12       3.270108691792e-12       0.000000000000e+00       4.539208648986e-14       1.584930200524e-15      -2.180304913356e-16 
  575       3.296129973882e-10       1.697131766018e-12       3.360543540935e-12       0.000000000000e+00       4.510818263792e-14       1.611570109585e-15      -2.267635667647e-16 
  576       3.286127496899e-10       1.729698731449e-12       3.447254075084e-12       0.000000000000e+00       4.482648060146e-14       1.638686582815e-15      -2.354034536617e-16 
  577       3.275948009587e-10       1.762775735733e-12       3.530203729254e-12       0.000000000000e+00       4.454696878411e-14       1.666262987507e-15      -2.439506047083e-16 
  578       3.265597190138e-10       1.796350822123e-12       3.609355876760e-12       0.000000000000e+00       4.426963499796e-14       1.694282420372e-15      -2.524054931051e-16 
  579       3.255080805859e-10       1.830411827759e-12       3.684673829621e-12       0.000000000000e+00       4.399446646017e-14       1.722727706322e-15      -2.607686126837e-16 
  580       3.244404713571e-10       1.864946382727e-12       3.756120838960e-12       0.000000000000e+00       4.372144978971e-14       1.751581397242e-15      -2.690404780194e-16 
  581       3.233574859997e-10       1.899941909116e-12       3.823660095412e-12       0.000000000000e+00       4.345057100392e-14       1.780825770777e-15      -2.772216245426e-16 
  582       3.222597282155e-10       1.935385620086e-12       3.887254729527e-12       0.000000000000e+00       4.318181551528e-14       1.810442829110e-15      -2.853126086513e-16 
  583       3.211478107749e-10       1.971264518925e-12       3.946867812172e-12       0.000000000000e+00       4.291516812799e-14       1.840414297739e-15      -2.933140078237e-16 
  584       3.200223555567e-10       2.007565398111e-12       4.002462354935e-12       0.000000000000e+00       4.265061303463e-14       1.870721624258e-15      -3.012264207296e-16 
  585       3.188839935864e-10       2.044274838375e-12       4.054001310529e-12       0.000000000000e+00       4.238813381290e-14       1.901345977139e-15      -3.090504673432e-16 
  586       3.177333650761e-10       2.081379207756e-12       4.101447573197e-12       0.000000000000e+00       4.212771342218e-14       1.932268244507e-15      -3.167867890549e-16 
  587       3.165711194637e-10       2.118864660672e-12       4.144763979115e-12       0.000000000000e+00       4.186933420027e-14       1.963469032926e-15      -3.244360487836e-16 
  588       3.153979154518e-10       2.156717136972e-12       4.183913306794e-12       0.000000000000e+00       4.161297785998e-14       1.994928666173e-15      -3.319989310890e-16 
  589       3.142144210469e-10       2.194922361002e-12       4.218858277486e-12       0.000000000000e+00       4.135862548586e-14       2.026627184018e-15      -3.394761422835e-16 
  590       3.130213135993e-10       2.233465840665e-12       4.249561555587e-12       0.000000000000e+00       4.110625753081e-14       2.058544341010e-15      -3.468684105446e-16 
  591       3.118192798413e-10       2.272332866483e-12       4.275985749039e-12       0.000000000000e+00       4.085585381276e-14       2.090659605248e-15      -3.541764860270e-16 
  592       3.106090159273e-10       2.311508510657e-12       4.298093409737e-12       0.000000000000e+00       4.060739351132e-14       2.122952157168e-15      -3.614011409746e-16 
  593       3.093912274725e-10       2.350977626127e-12       4.315847033931e-12       0.000000000000e+00       4.036085516448e-14       2.155400888317e-15      -3.685431698330e-16 
  594       3.081666295923e-10       2.390724845637e-12       4.329209062628e-12       0.000000000000e+00       4.011621666518e-14       2.187984400136e-15      -3.756033893615e-16 
  595       3.069359469417e-10       2.430734580792e-12       4.338141882000e-12       0.000000000000e+00       3.987345525809e-14       2.220681002739e-15      -3.825826387451e-16 
  596       3.056999137541e-10       2.470991021123e-12       4.342607823782e-12       0.000000000000e+00       3.963254753615e-14       2.253468713694e-15      -3.894817797071e-16 
  597       3.044592738809e-10       2.511478133143e-12       4.342569165681e-12       0.000000000000e+00       3.939346943735e-14       2.286325256799e-15      -3.963016966209e-16 
  598       3.032147808306e-10       2.552179659415e-12       4.337988131777e-12       0.000000000000e+00       3.915619624127e-14       2.319228060865e-15      -4.030432966221e-16 
  599       3.019671978078e-10       2.593079117607e-12       4.328826892927e-12       0.000000000000e+00       3.892070256583e-14       2.352154258495e-15      -4.097075097212e-16 
  600       3.007172977530e-10       2.634159799555e-12       4.315047567169e-12       0.000000000000e+00       3.868696236391e-14       2.385080684861e-15      -4.162952889152e-16 
  601       2.994658633811e-10       2.675404770328e-12       4.296612220127e-12       0.000000000000e+00       3.845494892004e-14       2.417983876490e-15      -4.228076103001e-16 
  602       2.982136872212e-10       2.716796867283e-12       4.273482865411e-12       0.000000000000e+00       3.822463484700e-14       2.450840070037e-15      -4.292454731828e-16 
  603       2.969615716555e-10       2.758318699130e-12       4.245621465025e-12       0.000000000000e+00       3.799599208256e-14       2.483625201066e-15      -4.356099001937e-16 
  604       2.957103289586e-10       2.799952644992e-12       4.212989929769e-12       0.000000000000e+00       3.776899188606e-14       2.516314902835e-15      -4.419019373985e-16 
  605       2.944607184235e-10       2.841681659016e-12       4.175561519309e-12       0.000000000000e+00       3.754360908208e-14       2.548888880861e-15      -4.481223130702e-16 
  606       2.932132559961e-10       2.883491707377e-12       4.133355343075e-12       0.000000000000e+00       3.731983491018e-14       2.581344154804e-15      -4.542704047528e-16 
  607       2.919684001344e-10       2.925369388101e-12       4.086402690916e-12       0.000000000000e+00       3.709766447792e-14       2.613682133031e-15      -4.603452475471e-16 
  608       2.907266143255e-10       2.967301130151e-12       4.034735712753e-12       0.000000000000e+00       3.687709254002e-14       2.645904265892e-15      -4.663458732001e-16 
  609       2.894883671040e-10       3.009273192753e-12       3.978387422713e-12       0.000000000000e+00       3.665811349639e-14       2.678012045933e-15      -4.722713101051e-16 
  610       2.882541320707e-10       3.051271664723e-12       3.917391703264e-12       0.000000000000e+00       3.644072139019e-14       2.710007008109e-15      -4.781205833027e-16 
  611       2.870243879113e-10       3.093282463787e-12       3.851783309348e-12       0.000000000000e+00       3.622490990586e-14       2.741890729994e-15      -4.838927144809e-16 
  612       2.857996184152e-10       3.135291335909e-12       3.781597872519e-12       0.000000000000e+00       3.601067236721e-14       2.773664831994e-15      -4.895867219757e-16 
  613       2.845803124939e-10       3.177283854616e-12       3.706871905077e-12       0.000000000000e+00       3.579800173541e-14       2.805330977558e-15      -4.952016207713e-16 
  614       2.833669641995e-10       3.219245420322e-12       3.627642804200e-12       0.000000000000e+00       3.558689060710e-14       2.836890873392e-15      -5.007364225009e-16 
  615       2.821600727438e-10       3.261161259653e-12       3.543948856082e-12       0.000000000000e+00       3.537733121241e-14       2.868346269668e-15      -5.061901354470e-16 
  616       2.809601425164e-10       3.303016424771e-12       3.455829240068e-12       0.000000000000e+00       3.516931541302e-14       2.899698960238e-15      -5.115617645418e-16 
  617       2.797676831037e-10       3.344795792702e-12       3.363324032788e-12       0.000000000000e+00       3.496283470019e-14       2.930950782847e-15      -5.168503113677e-16 
  618       2.785832093075e-10       3.386484064654e-12       3.266474212290e-12       0.000000000000e+00       3.475788019285e-14       2.962103619339e-15      -5.220547741576e-16 
  619       2.774072411634e-10       3.428065765351e-12       3.165321662178e-12       0.000000000000e+00       3.455444263561e-14       2.993159395878e-15      -5.271741477957e-16 
  620       2.762403039596e-10       3.469525242349e-12       3.059909175746e-12       0.000000000000e+00       3.435251239682e-14       3.024120083151e-15      -5.322074238175e-16 
  621       2.750829282556e-10       3.510846665368e-12       2.950280460111e-12       0.000000000000e+00       3.415207946664e-14       3.054987696585e-15      -5.371535904108e-16 
  622       2.739356499005e-10       3.552014025611e-12       2.836480140350e-12       0.000000000000e+00       3.395313345509e-14       3.085764296561e-15      -5.420116324155e-16 
  623       2.727990100522e-10       3.593011135094e-12       2.718553763636e-12       0.000000000000e+00       3.375566359006e-14       3.116451988617e-15      -5.467805313246e-16 
  624       2.716735551955e-10       3.633821625966e-12       2.596547803368e-12       0.000000000000e+00       3.355965871539e-14       3.147052923670e-15      -5.514592652842e-16 
  625       2.705598371609e-10       3.674428949838e-12       2.470509663311e-12       0.000000000000e+00       3.336510728895e-14       3.177569298222e-15      -5.560468090945e-16 
  626       2.694584131432e-10       3.714816377104e-12       2.340487681730e-12       0.000000000000e+00       3.317199738062e-14       3.208003354574e-15      -5.605421342096e-16 
  627       2.683698457205e-10       3.754966996270e-12       2.206531135520e-12       0.000000000000e+00       3.298031667039e-14       3.238357381035e-15      -5.649442087386e-16 
  628       2.672947028722e-10       3.794863713274e-12       2.068690244349e-12       0.000000000000e+00       3.279005244642e-14       3.268633712139e-15      -5.692519974453e-16 
  629       2.662335579982e-10       3.834489250816e-12       1.927016174786e-12       0.000000000000e+00       3.260119160305e-14       3.298834728854e-15      -5.734644617495e-16 
  630       2.651869899369e-10       3.873826147678e-12       1.781561044440e-12       0.000000000000e+00       3.241372063886e-14       3.328962858791e-15      -5.775805597268e-16 
  631       2.641555829847e-10       3.912856758053e-12       1.632377926091e-12       0.000000000000e+00       3.222762565475e-14       3.359020576423e-15      -5.815992461093e-16 
  632       2.631399269138e-10       3.951563250865e-12       1.479520851830e-12       0.000000000000e+00       3.204289235195e-14       3.389010403290e-15      -5.855194722861e-16 
  633       2.621406169913e-10       3.989927609099e-12       1.323044817189e-12       0.000000000000e+00       3.185950603012e-14       3.418934908214e-15      -5.893401863035e-16 
  634       2.611582539977e-10       4.027931629123e-12       1.163005785280e-12       0.000000000000e+00       3.167745158533e-14       3.448796707511e-15      -5.930603328657e-16 
  635       2.601934442455e-10       4.065556920013e-12       9.994606909257e-13       0.000000000000e+00       3.149671350819e-14       3.478598465204e-15      -5.966788533353e-16 
  636       2.592467995979e-10       4.102784902878e-12       8.324674447988e-13       0.000000000000e+00       3.131727588183e-14       3.508342893231e-15      -6.001946857334e-16 
  637       2.583189374873e-10       4.139596810186e-12       6.620849375535e-13       0.000000000000e+00       3.113912238000e-14       3.538032751660e-15      -6.036067647405e-16 
  638       2.574104809342e-10       4.175973685085e-12       4.883730439616e-13       0.000000000000e+00       3.096223626509e-14       3.567670848902e-15      -6.069140216964e-16 
  639       2.565220585655e-10       4.211896380733e-12       3.113926270478e-13       0.000000000000e+00       3.078660038621e-14       3.597260041918e-15      -6.101153846013e-16 
  640       2.556543046334e-10       4.247345559619e-12       1.312055422239e-13       0.000000000000e+00       3.061219717720e-14       3.626803236437e-15      -6.132097781157e-16 
  641       2.548078590339e-10       4.282301692891e-12      -5.212535857597e-14       0.000000000000e+00       3.043900865470e-14       3.656303387163e-15      -6.161961235611e-16 
  642       2.539833673253e-10       4.316745059678e-12      -2.385362227606e-13       0.000000000000e+00       3.026701641623e-14       3.685763497989e-15      -6.190733389204e-16 
  643       2.531814807473e-10       4.350655746413e-12      -4.279621929466e-13       0.000000000000e+00       3.009620163820e-14       3.715186622211e-15      -6.218403388384e-16 
  644       2.524027675601e-10       4.384015739120e-12      -6.203355905571e-13       0.000000000000e+00       2.992654775074e-14       3.744574064245e-15      -6.244963894374e-16 
  645       2.516474448238e-10       4.416815253592e-12      -8.155804298619e-13       0.000000000000e+00       2.975804853269e-14       3.773919939691e-15      -6.270421815785e-16 
  646       2.509156405861e-10       4.449046547128e-12      -1.013617771612e-12       0.000000000000e+00       2.959070019596e-14       3.803216492583e-15      -6.294787818891e-16 
  647       2.502074820048e-10       4.480701838477e-12      -1.214367519419e-12       0.000000000000e+00       2.942449872417e-14       3.832455882429e-15      -6.318072802499e-16 
  648       2.495230953412e-10       4.511773307764e-12      -1.417748415094e-12       0.000000000000e+00       2.925943987143e-14       3.861630183900e-15      -6.340287898974e-16 
  649       2.488626059522e-10       4.542253096424e-12      -1.623678033993e-12       0.000000000000e+00       2.909551916124e-14       3.890731386523e-15      -6.361444475270e-16 
  650       2.482261382844e-10       4.572133307130e-12      -1.832072780355e-12       0.000000000000e+00       2.893273188522e-14       3.919751394376e-15      -6.381554133962e-16 
  651       2.476138158663e-10       4.601406003720e-12      -2.042847882645e-12       0.000000000000e+00       2.877107310204e-14       3.948682025776e-15      -6.400628714270e-16 
  652       2.470257613016e-10       4.630063211130e-12      -2.255917388896e-12       0.000000000000e+00       2.861053763614e-14       3.977515012976e-15      -6.418680293093e-16 
  653       2.464620962622e-10       4.658096915321e-12      -2.471194162050e-12       0.000000000000e+00       2.845112007661e-14       4.006242001852e-15      -6.435721186039e-16 
  654       2.459229414814e-10       4.685499063210e-12      -2.688589875299e-12       0.000000000000e+00       2.829281477602e-14       4.034854551603e-15      -6.451763948450e-16 
  655       2.454084167465e-10       4.712261562599e-12      -2.908015007427e-12       0.000000000000e+00       2.813561584923e-14       4.063344134433e-15      -6.466821376435e-16 
  656       2.449186408922e-10       4.738376282103e-12      -3.129378838152e-12       0.000000000000e+00       2.797951717217e-14       4.091702135254e-15      -6.480906507901e-16 
  657       2.444537317934e-10       4.763835051082e-12      -3.352589443469e-12       0.000000000000e+00       2.782451238075e-14       4.119919851370e-15      -6.494032623578e-16 
  658       2.440138063583e-10       4.788629659568e-12      -3.577553690987e-12       0.000000000000e+00       2.767059486962e-14       4.147988492175e-15      -6.506213248050e-16 
  659       2.435989805212e-10       4.812751858197e-12      -3.804177235275e-12       0.000000000000e+00       2.751775779102e-14       4.175899178841e-15      -6.517462150790e-16 
  660       2.432093692359e-10       4.836193358135e-12      -4.032364513202e-12       0.000000000000e+00       2.736599405357e-14       4.203642944014e-15      -6.527793347179e-16 
  661       2.428450864684e-10       4.858945831012e-12      -4.262018739278e-12       0.000000000000e+00       2.721529632114e-14       4.231210731504e-15      -6.537221099546e-16 
  662       2.425062451902e-10       4.881000908846e-12      -4.493041900996e-12       0.000000000000e+00       2.706565701166e-14       4.258593395977e-15      -6.545759918190e-16 
  663       2.421929573709e-10       4.902350183979e-12      -4.725334754175e-12       0.000000000000e+00       2.691706829592e-14       4.285781702650e-15      -6.553424562415e-16 
  664       2.419053339715e-10       4.922985209000e-12      -4.958796818297e-12       0.000000000000e+00       2.676952209641e-14       4.312766326981e-15      -6.560230041555e-16 
  665       2.416434849373e-10       4.942897496678e-12      -5.193326371856e-12       0.000000000000e+00       2.662301008614e-14       4.339537854362e-15      -6.566191616006e-16 
  666       2.414075191911e-10       4.962078519892e-12      -5.428820447693e-12       0.000000000000e+00       2.647752368749e-14       4.366086779812e-15      -6.571324798256e-16 
  667       2.411975446261e-10       4.980519711558e-12      -5.665174828338e-12       0.000000000000e+00       2.633305407098e-14       4.392403507666e-15      -6.575645353912e-16 
  668       2.410136680987e-10       4.998212464559e-12      -5.902284041358e-12       0.000000000000e+00       2.618959215414e-14       4.418478351274e-15      -6.579169302733e-16 
  669       2.408559954218e-10       5.015148131678e-12      -6.140041354691e-12       0.000000000000e+00       2.604712860031e-14       4.444301532686e-15      -6.581912919656e-16 
  670       2.407246313577e-10       5.031318025521e-12      -6.378338771991e-12       0.000000000000e+00       2.590565381749e-14       4.469863182350e-15      -6.583892735828e-16 
  671       2.406196796112e-10       5.046713418453e-12      -6.617067027968e-12       0.000000000000e+00       2.576515795710e-14       4.495153338800e-15      -6.585125539634e-16 
  672       2.405412428225e-10       5.061325542522e-12      -6.856115583734e-12       0.000000000000e+00       2.562563091291e-14       4.520161948353e-15      -6.585628377727e-16 
  673       2.404894225601e-10       5.075145589393e-12      -7.095372622138e-12       0.000000000000e+00       2.548706231974e-14       4.544878864795e-15      -6.585418556060e-16 
  674       2.404643193142e-10       5.088164710275e-12      -7.334725043113e-12       0.000000000000e+00       2.534944155239e-14       4.569293849080e-15      -6.584513640910e-16 
  675       2.404660324892e-10       5.100374015850e-12      -7.574058459014e-12       0.000000000000e+00       2.521275772439e-14       4.593396569018e-15      -6.582931459914e-16 
  676       2.404946603973e-10       5.111764576204e-12      -7.813257189960e-12       0.000000000000e+00       2.507699968688e-14       4.617176598969e-15      -6.580690103091e-16 
  677       2.405503002511e-10       5.122327420756e-12      -8.052204259181e-12       0.000000000000e+00       2.494215602737e-14       4.640623419536e-15      -6.577807923880e-16 
  678       2.406330481564e-10       5.132053538186e-12      -8.290781388349e-12       0.000000000000e+00       2.480821506863e-14       4.663726417254e-15      -6.574303540164e-16 
  679       2.407429991060e-10       5.140933876367e-12      -8.528868992930e-12       0.000000000000e+00       2.467516486747e-14       4.686474884286e-15      -6.570195835300e-16 
  680       2.408802469719e-10       5.148959342293e-12      -8.766346177519e-12       0.000000000000e+00       2.454299321358e-14       4.708858018115e-15      -6.565503959149e-16 
  681       2.410448844987e-10       5.156120802007e-12      -9.003090731186e-12       0.000000000000e+00       2.441168762834e-14       4.730864921233e-15      -6.560247329109e-16 
  682       2.412370032967e-10       5.162409080535e-12      -9.238979122813e-12       0.000000000000e+00       2.428123536366e-14       4.752484600838e-15      -6.554445631137e-16 
  683       2.414566351516e-10       5.167817083683e-12      -9.473895156463e-12       0.000000000000e+00       2.415162516851e-14       4.773707898697e-15      -6.548114954442e-16 
  684       2.417035745935e-10       5.172346213295e-12      -9.707756149666e-12       0.000000000000e+00       2.402285263221e-14       4.794533326583e-15      -6.541256102905e-16 
  685       2.419775525268e-10       5.176000088799e-12      -9.940487304713e-12       0.000000000000e+00       2.389491495288e-14       4.814961354792e-15      -6.533866036194e-16 
  686       2.422782945482e-10       5.178782438201e-12      -1.017201309680e-11       0.000000000000e+00       2.376780917930e-14       4.834992493436e-15      -6.525941713545e-16 
  687       2.426055209247e-10       5.180697098569e-12      -1.040225727158e-11       0.000000000000e+00       2.364153221024e-14       4.854627292632e-15      -6.517480093805e-16 
  688       2.429589465716e-10       5.181748016497e-12      -1.063114284277e-11       0.000000000000e+00       2.351608079368e-14       4.873866342690e-15      -6.508478135463e-16 
  689       2.433382810304e-10       5.181939248588e-12      -1.085859208968e-11       0.000000000000e+00       2.339145152614e-14       4.892710274298e-15      -6.498932796690e-16 
  690       2.437432284466e-10       5.181274961925e-12      -1.108452655477e-11       0.000000000000e+00       2.326764085192e-14       4.911159758717e-15      -6.488841035374e-16 
  691       2.441734875479e-10       5.179759434545e-12      -1.130886704127e-11       0.000000000000e+00       2.314464506241e-14       4.929215507962e-15      -6.478199809155e-16 
  692       2.446287516219e-10       5.177397055913e-12      -1.153153361068e-11       0.000000000000e+00       2.302246029532e-14       4.946878274993e-15      -6.467006075466e-16 
  693       2.451087084941e-10       5.174192327402e-12      -1.175244558039e-11       0.000000000000e+00       2.290108253402e-14       4.964148853905e-15      -6.455256791563e-16 
  694       2.456130405060e-10       5.170149862757e-12      -1.197152152122e-11       0.000000000000e+00       2.278050760677e-14       4.981028080113e-15      -6.442948914567e-16 
  695       2.461414244927e-10       5.165274388582e-12      -1.218867925497e-11       0.000000000000e+00       2.266073118600e-14       4.997516830541e-15      -6.430079401496e-16 
  696       2.466935317613e-10       5.159570744803e-12      -1.240383585204e-11       0.000000000000e+00       2.254174878762e-14       5.013616023812e-15      -6.416645209306e-16 
  697       2.472690280684e-10       5.153043885151e-12      -1.261690762893e-11       0.000000000000e+00       2.242355577027e-14       5.029326620433e-15      -6.402643294921e-16 
  698       2.478675735983e-10       5.145698877631e-12      -1.282781014585e-11       0.000000000000e+00       2.230614733461e-14       5.044649622987e-15      -6.388070615278e-16 
  699       2.484888229409e-10       5.137540905001e-12      -1.303645820428e-11       0.000000000000e+00       2.218951852258e-14       5.059586076316e-15      -6.372924127355e-16 
  700       2.491324250695e-10       5.128575265241e-12      -1.324276584453e-11       0.000000000000e+00       2.207366421672e-14       5.074137067715e-15      -6.357200788212e-16 
  701       2.497980233188e-10       5.118807372034e-12      -1.344664634329e-11       0.000000000000e+00       2.195857913937e-14       5.088303727115e-15      -6.340897555028e-16 
  702       2.504852553631e-10       5.108242755235e-12      -1.364801221122e-11       0.000000000000e+00       2.184425785206e-14       5.102087227274e-15      -6.324011385134e-16 
  703       2.511937531939e-10       5.096887061348e-12      -1.384677519053e-11       0.000000000000e+00       2.173069475466e-14       5.115488783966e-15      -6.306539236051e-16 
  704       2.519231430979e-10       5.084746054000e-12      -1.404284625248e-11       0.000000000000e+00       2.161788408476e-14       5.128509656165e-15      -6.288478065528e-16 
  705       2.526730456349e-10       5.071825614416e-12      -1.423613559503e-11       0.000000000000e+00       2.150581991689e-14       5.141151146237e-15      -6.269824831576e-16 
  706       2.534430756162e-10       5.058131741893e-12      -1.442655264034e-11       0.000000000000e+00       2.139449616184e-14       5.153414600127e-15      -6.250576492506e-16 
  707       2.542328420818e-10       5.043670554274e-12      -1.461400603237e-11       0.000000000000e+00       2.128390656589e-14       5.165301407546e-15      -6.230730006965e-16 
  708       2.550419482789e-10       5.028448288423e-12      -1.479840363445e-11       0.000000000000e+00       2.117404471013e-14       5.176813002161e-15      -6.210282333972e-16 
  709       2.558699916395e-10       5.012471300701e-12      -1.497965252682e-11       0.000000000000e+00       2.106490400970e-14       5.187950861782e-15      -6.189230432953e-16 
  710       2.567165637588e-10       4.995746067437e-12      -1.515765900422e-11       0.000000000000e+00       2.095647771310e-14       5.198716508550e-15      -6.167571263782e-16 
  711       2.575812503724e-10       4.978279185405e-12      -1.533232857342e-11       0.000000000000e+00       2.084875890145e-14       5.209111509125e-15      -6.145301786812e-16 
  712       2.584636313349e-10       4.960077372300e-12      -1.550356595085e-11       0.000000000000e+00       2.074174048777e-14       5.219137474877e-15      -6.122418962914e-16 
  713       2.593632805977e-10       4.941147467208e-12      -1.567127506011e-11       0.000000000000e+00       2.063541521628e-14       5.228796062068e-15      -6.098919753515e-16 
  714       2.602797661865e-10       4.921496431084e-12      -1.583535902954e-11       0.000000000000e+00       2.052977566163e-14       5.238088972046e-15      -6.074801120631e-16 
  715       2.612126501801e-10       4.901131347225e-12      -1.599572018982e-11       0.000000000000e+00       2.042481422821e-14       5.247017951432e-15      -6.050060026904e-16 
  716       2.621614886873e-10       4.880059421745e-12      -1.615226007152e-11       0.000000000000e+00       2.032052314945e-14       5.255584792305e-15      -6.024693435642e-16 
  717       2.631258318256e-10       4.858287984051e-12      -1.630487940264e-11       0.000000000000e+00       2.021689448703e-14       5.263791332392e-15      -5.998698310851e-16 
  718       2.641052236988e-10       4.835824487314e-12      -1.645347810622e-11       0.000000000000e+00       2.011392013022e-14       5.271639455258e-15      -5.972071617273e-16 
  719       2.650992023753e-10       4.812676508946e-12      -1.659795529787e-11       0.000000000000e+00       2.001159179514e-14       5.279131090492e-15      -5.944810320424e-16 
  720       2.661072998654e-10       4.788851751073e-12      -1.673820928335e-11       0.000000000000e+00       1.990990102402e-14       5.286268213895e-15      -5.916911386627e-16 
  721       2.671290420999e-10       4.764358041013e-12      -1.687413755614e-11       0.000000000000e+00       1.980883918451e-14       5.293052847670e-15      -5.888371783053e-16 
  722       2.681639516544e-10       4.739204144201e-12      -1.700565037705e-11       0.000000000000e+00       1.970839862509e-14       5.299486950381e-15      -5.859190633262e-16 
  723       2.692115560290e-10       4.713402220044e-12      -1.713271181882e-11       0.000000000000e+00       1.960857616859e-14       5.305572084030e-15      -5.829375731544e-16 
  724       2.702713794923e-10       4.686965416613e-12      -1.725529954577e-11       0.000000000000e+00       1.950936968782e-14       5.311309740630e-15      -5.798937160236e-16 
  725       2.713429403285e-10       4.659907063341e-12      -1.737339130754e-11       0.000000000000e+00       1.941077695535e-14       5.316701451984e-15      -5.767885146662e-16 
  726       2.724257508158e-10       4.632240671686e-12      -1.748696493975e-11       0.000000000000e+00       1.931279564302e-14       5.321748789845e-15      -5.736230063668e-16 
  727       2.735193172047e-10       4.603979935792e-12      -1.759599836473e-11       0.000000000000e+00       1.921542332154e-14       5.326453366084e-15      -5.703982430148e-16 
  728       2.746231396974e-10       4.575138733147e-12      -1.770046959218e-11       0.000000000000e+00       1.911865745996e-14       5.330816832849e-15      -5.671152911580e-16 
  729       2.757367124255e-10       4.545731125248e-12      -1.780035671986e-11       0.000000000000e+00       1.902249542528e-14       5.334840882731e-15      -5.637752320558e-16 
  730       2.768595234288e-10       4.515771358260e-12      -1.789563793427e-11       0.000000000000e+00       1.892693448197e-14       5.338527248921e-15      -5.603791617321e-16 
  731       2.779910546344e-10       4.485273863680e-12      -1.798629151139e-11       0.000000000000e+00       1.883197179148e-14       5.341877705379e-15      -5.569281910287e-16 
  732       2.791307818346e-10       4.454253258994e-12      -1.807229581729e-11       0.000000000000e+00       1.873760441184e-14       5.344894066995e-15      -5.534234456587e-16 
  733       2.802781746657e-10       4.422724348342e-12      -1.815362930889e-11       0.000000000000e+00       1.864382929717e-14       5.347578189749e-15      -5.498660662592e-16 
  734       2.814326965866e-10       4.390702123176e-12      -1.823027053459e-11       0.000000000000e+00       1.855064329722e-14       5.349931970876e-15      -5.462572084448e-16 
  735       2.825938048575e-10       4.358201762927e-12      -1.830219813501e-11       0.000000000000e+00       1.845804315693e-14       5.351957349030e-15      -5.425980428607e-16 
  736       2.837609505182e-10       4.325238635658e-12      -1.836939084362e-11       0.000000000000e+00       1.836602551596e-14       5.353656304445e-15      -5.388897552362e-16 
  737       2.849335783669e-10       4.291828298732e-12      -1.843182748750e-11       0.000000000000e+00       1.827458690826e-14       5.355030859098e-15      -5.351335464372e-16 
  738       2.861111269385e-10       4.257986499472e-12      -1.848948698796e-11       0.000000000000e+00       1.818372376156e-14       5.356083076872e-15      -5.313306325202e-16 
  739       2.872930284837e-10       4.223729175817e-12      -1.854234836127e-11       0.000000000000e+00       1.809343239697e-14       5.356815063719e-15      -5.274822447848e-16 
  740       2.884787089469e-10       4.189072456992e-12      -1.859039071935e-11       0.000000000000e+00       1.800370902851e-14       5.357228967822e-15      -5.235896298273e-16 
  741       2.896675879450e-10       4.154032664163e-12      -1.863359327041e-11       0.000000000000e+00       1.791454976261e-14       5.357326979759e-15      -5.196540495939e-16 
  742       2.908590787465e-10       4.118626311098e-12      -1.867193531970e-11       0.000000000000e+00       1.782595059771e-14       5.357111332665e-15      -5.156767814337e-16 
  743       2.920525882492e-10       4.082870104833e-12      -1.870539627017e-11       0.000000000000e+00       1.773790742378e-14       5.356584302394e-15      -5.116591181518e-16 
  744       2.932475169594e-10       4.046780946329e-12      -1.873395562314e-11       0.000000000000e+00       1.765041602185e-14       5.355748207685e-15      -5.076023680628e-16 
  745       2.944432589702e-10       4.010375931134e-12      -1.875759297903e-11       0.000000000000e+00       1.756347206359e-14       5.354605410321e-15      -5.035078550440e-16 
  746       2.956392019402e-10       3.973672350048e-12      -1.877628803802e-11       0.000000000000e+00       1.747707111080e-14       5.353158315292e-15      -4.993769185881e-16 
  747       2.968347270718e-10       3.936687689778e-12      -1.879002060073e-11       0.000000000000e+00       1.739120861501e-14       5.351409370963e-15      -4.952109138570e-16 
  748       2.980292090904e-10       3.899439633604e-12      -1.879877056895e-11       0.000000000000e+00       1.730587991698e-14       5.349361069228e-15      -4.910112117346e-16 
  749       2.992220162220e-10       3.861946062038e-12      -1.880251794626e-11       0.000000000000e+00       1.722108024628e-14       5.347015945682e-15      -4.867791988802e-16 
  750       3.004125101728e-10       3.824225053486e-12      -1.880124283881e-11       0.000000000000e+00       1.713680472078e-14       5.344376579776e-15      -4.825162777814e-16 
  751       3.016000461070e-10       3.786294884911e-12      -1.879492545591e-11       0.000000000000e+00       1.705304834628e-14       5.341445594987e-15      -4.782238668078e-16 
  752       3.027839726257e-10       3.748174032490e-12      -1.878354611080e-11       0.000000000000e+00       1.696980601594e-14       5.338225658972e-15      -4.739034002635e-16 
  753       3.039636317455e-10       3.709881172279e-12      -1.876708522129e-11       0.000000000000e+00       1.688707250994e-14       5.334719483741e-15      -4.695563284411e-16 
  754       3.051383588770e-10       3.671435180873e-12      -1.874552331045e-11       0.000000000000e+00       1.680484249492e-14       5.330929825811e-15      -4.651841176742e-16 
  755       3.063074828032e-10       3.632855136068e-12      -1.871884100734e-11       0.000000000000e+00       1.672311052361e-14       5.326859486375e-15      -4.607882503909e-16 
  756       3.074703256584e-10       3.594160317519e-12      -1.868701904764e-11       0.000000000000e+00       1.664187103431e-14       5.322511311459e-15      -4.563702251669e-16 
  757       3.086262029066e-10       3.555370207407e-12      -1.865003827438e-11       0.000000000000e+00       1.656111835047e-14       5.317888192092e-15      -4.519315567788e-16 
  758       3.097744233201e-10       3.516504491096e-12      -1.860787963863e-11       0.000000000000e+00       1.648084668022e-14       5.312993064461e-15      -4.474737762573e-16 
  759       3.109142889578e-10       3.477583057794e-12      -1.856052420014e-11       0.000000000000e+00       1.640105011590e-14       5.307828910080e-15      -4.429984309403e-16 
  760       3.120450951443e-10       3.438626001216e-12      -1.850795312808e-11       0.000000000000e+00       1.632172263363e-14       5.302398755949e-15      -4.385070845259e-16 
  761       3.131661881212e-10       3.399652578926e-12      -1.845015802377e-11       0.000000000000e+00       1.624285888072e-14       5.296705011258e-15      -4.340010693432e-16 
  762       3.142771392578e-10       3.360678067141e-12      -1.838717210447e-11       0.000000000000e+00       1.616445655536e-14       5.290747463218e-15      -4.294807378474e-16 
  763       3.153775741374e-10       3.321716846946e-12      -1.831903961872e-11       0.000000000000e+00       1.608651407162e-14       5.284525243132e-15      -4.249461968813e-16 
  764       3.164671151779e-10       3.282783440590e-12      -1.824580558127e-11       0.000000000000e+00       1.600902977547e-14       5.278037486400e-15      -4.203975541602e-16 
  765       3.175453816212e-10       3.243892511942e-12      -1.816751577591e-11       0.000000000000e+00       1.593200194441e-14       5.271283332550e-15      -4.158349182738e-16 
  766       3.186119895249e-10       3.205058866928e-12      -1.808421675829e-11       0.000000000000e+00       1.585542878724e-14       5.264261925257e-15      -4.112583986883e-16 
  767       3.196665517519e-10       3.166297453981e-12      -1.799595585871e-11       0.000000000000e+00       1.577930844374e-14       5.256972412370e-15      -4.066681057478e-16 
  768       3.207086779615e-10       3.127623364485e-12      -1.790278118500e-11       0.000000000000e+00       1.570363898439e-14       5.249413945940e-15      -4.020641506770e-16 
  769       3.217379745994e-10       3.089051833222e-12      -1.780474162533e-11       0.000000000000e+00       1.562841841006e-14       5.241585682245e-15      -3.974466455825e-16 
  770       3.227540448886e-10       3.050598238819e-12      -1.770188685098e-11       0.000000000000e+00       1.555364465171e-14       5.233486781813e-15      -3.928157034549e-16 
  771       3.237564888198e-10       3.012278104189e-12      -1.759426731926e-11       0.000000000000e+00       1.547931557012e-14       5.225116409448e-15      -3.881714381707e-16 
  772       3.247449031417e-10       2.974107096983e-12      -1.748193427624e-11       0.000000000000e+00       1.540542895560e-14       5.216473734259e-15      -3.835139644943e-16 
  773       3.257188813520e-10       2.936101030030e-12      -1.736493975963e-11       0.000000000000e+00       1.533198252767e-14       5.207557929682e-15      -3.788433980797e-16 
  774       3.266780136872e-10       2.898275861788e-12      -1.724333660161e-11       0.000000000000e+00       1.525897393477e-14       5.198368173506e-15      -3.741598554729e-16 
  775       3.276218871136e-10       2.860647696786e-12      -1.711717843160e-11       0.000000000000e+00       1.518640075399e-14       5.188903647899e-15      -3.694634541131e-16 
  776       3.285500853180e-10       2.823232786069e-12      -1.698651967915e-11       0.000000000000e+00       1.511426049075e-14       5.179163539433e-15      -3.647543123353e-16 
  777       3.294621886974e-10       2.786047527650e-12      -1.685141557671e-11       0.000000000000e+00       1.504255057854e-14       5.169147039111e-15      -3.600325493716e-16 
  778       3.303577743502e-10       2.749108466947e-12      -1.671192216249e-11       0.000000000000e+00       1.497126837859e-14       5.158853342392e-15      -3.552982853537e-16 
  779       3.312364160668e-10       2.712432297237e-12      -1.656809628328e-11       0.000000000000e+00       1.490041117958e-14       5.148281649215e-15      -3.505516413144e-16 
  780       3.320976843193e-10       2.676035860096e-12      -1.641999559724e-11       0.000000000000e+00       1.482997619738e-14       5.137431164023e-15      -3.457927391897e-16 
  781       3.329411462528e-10       2.639936145847e-12      -1.626767857678e-11       0.000000000000e+00       1.475996057471e-14       5.126301095796e-15      -3.410217018208e-16 
  782       3.337663656756e-10       2.604150294006e-12      -1.611120451134e-11       0.000000000000e+00       1.469036138091e-14       5.114890658067e-15      -3.362386529555e-16 
  783       3.345729030497e-10       2.568695593728e-12      -1.595063351023e-11       0.000000000000e+00       1.462117561156e-14       5.103199068955e-15      -3.314437172510e-16 
  784       3.353603154813e-10       2.533589484250e-12      -1.578602650545e-11       0.000000000000e+00       1.455240018827e-14       5.091225551185e-15      -3.266370202750e-16 
  785       3.361281567114e-10       2.498849555340e-12      -1.561744525453e-11       0.000000000000e+00       1.448403195833e-14       5.078969332116e-15      -3.218186885079e-16 
  786       3.368759771061e-10       2.464493547744e-12      -1.544495234333e-11       0.000000000000e+00       1.441606769445e-14       5.066429643769e-15      -3.169888493449e-16 
  787       3.376033236474e-10       2.430539353625e-12      -1.526861118888e-11       0.000000000000e+00       1.434850409443e-14       5.053605722848e-15      -3.121476310978e-16 
  788       3.383097399234e-10       2.397005017017e-12      -1.508848604221e-11       0.000000000000e+00       1.428133778092e-14       5.040496810766e-15      -3.072951629968e-16 
  789       3.389947661191e-10       2.363908734265e-12      -1.490464199116e-11       0.000000000000e+00       1.421456530108e-14       5.027102153674e-15      -3.024315751924e-16 
  790       3.396579390066e-10       2.331268854474e-12      -1.471714496320e-11       0.000000000000e+00       1.414818312630e-14       5.013421002484e-15      -2.975569987574e-16 
  791       3.402987919359e-10       2.299103879951e-12      -1.452606172828e-11       0.000000000000e+00       1.408218765191e-14       4.999452612894e-15      -2.926715656891e-16 
  792       3.409168548252e-10       2.267432466655e-12      -1.433145990161e-11       0.000000000000e+00       1.401657519689e-14       4.985196245415e-15      -2.877754089107e-16 
  793       3.415116541514e-10       2.236273424643e-12      -1.413340794656e-11       0.000000000000e+00       1.395134200357e-14       4.970651165395e-15      -2.828686622735e-16 
  794       3.420827129409e-10       2.205645718510e-12      -1.393197517738e-11       0.000000000000e+00       1.388648423733e-14       4.955816643047e-15      -2.779514605588e-16 
  795       3.426295507595e-10       2.175568467842e-12      -1.372723176214e-11       0.000000000000e+00       1.382199798634e-14       4.940691953471e-15      -2.730239394797e-16 
  796       3.431516837037e-10       2.146060947655e-12      -1.351924872544e-11       0.000000000000e+00       1.375787926121e-14       4.925276376681e-15      -2.680862356831e-16 
  797       3.436486243905e-10       2.117142588846e-12      -1.330809795133e-11       0.000000000000e+00       1.369412399474e-14       4.909569197634e-15      -2.631384867519e-16 
  798       3.441198819484e-10       2.088832978638e-12      -1.309385218607e-11       0.000000000000e+00       1.363072804162e-14       4.893569706248e-15      -2.581808312061e-16 
  799       3.445649620074e-10       2.061151861023e-12      -1.287658504099e-11       0.000000000000e+00       1.356768717813e-14       4.877277197435e-15      -2.532134085058e-16 
  800       3.449834408075e-10       2.034116846902e-12      -1.265637203833e-11       0.000000000000e+00       1.350499763962e-14       4.860692197901e-15      -2.482365150177e-16 
  801       3.453751890227e-10       2.007736497807e-12      -1.243329376397e-11       0.000000000000e+00       1.344265774440e-14       4.843820171047e-15      -2.432510750339e-16 
  802       3.457401520005e-10       1.982017116910e-12      -1.220743277782e-11       0.000000000000e+00       1.338066629889e-14       4.826667879697e-15      -2.382581783484e-16 
  803       3.460782760185e-10       1.956965027917e-12      -1.197887257897e-11       0.000000000000e+00       1.331902206236e-14       4.809242165697e-15      -2.332589251013e-16 
  804       3.463895082893e-10       1.932586575090e-12      -1.174769760876e-11       0.000000000000e+00       1.325772374667e-14       4.791549950168e-15      -2.282544258100e-16 
  805       3.466737969641e-10       1.908888123253e-12      -1.151399325379e-11       0.000000000000e+00       1.319677001616e-14       4.773598233762e-15      -2.232458013999e-16 
  806       3.469310911380e-10       1.885876057821e-12      -1.127784584891e-11       0.000000000000e+00       1.313615948739e-14       4.755394096921e-15      -2.182341832361e-16 
  807       3.471613408536e-10       1.863556784810e-12      -1.103934268027e-11       0.000000000000e+00       1.307589072900e-14       4.736944700125e-15      -2.132207131538e-16 
  808       3.473644971059e-10       1.841936730852e-12      -1.079857198832e-11       0.000000000000e+00       1.301596226145e-14       4.718257284154e-15      -2.082065434903e-16 
  809       3.475405118464e-10       1.821022343220e-12      -1.055562297084e-11       0.000000000000e+00       1.295637255691e-14       4.699339170340e-15      -2.031928371155e-16 
  810       3.476893379875e-10       1.800820089837e-12      -1.031058578596e-11       0.000000000000e+00       1.289712003899e-14       4.680197760822e-15      -1.981807674630e-16 
  811       3.478109294071e-10       1.781336459296e-12      -1.006355155518e-11       0.000000000000e+00       1.283820308261e-14       4.660840538802e-15      -1.931715185616e-16 
  812       3.479052409528e-10       1.762577960878e-12      -9.814612366392e-12       0.000000000000e+00       1.277962001377e-14       4.641275068801e-15      -1.881662850661e-16 
  813       3.479722284464e-10       1.744551124566e-12      -9.563861276879e-12       0.000000000000e+00       1.272136910936e-14       4.621508996912e-15      -1.831662722889e-16 
  814       3.480118486881e-10       1.727262501064e-12      -9.311392316363e-12       0.000000000000e+00       1.266344859697e-14       4.601550051057e-15      -1.781726962302e-16 
  815       3.480240594610e-10       1.710718661814e-12      -9.057300490009e-12       0.000000000000e+00       1.260585665472e-14       4.581406041244e-15      -1.731867836102e-16 
  816       3.480088195356e-10       1.694926199012e-12      -8.801681781445e-12       0.000000000000e+00       1.254859141103e-14       4.561084859818e-15      -1.682097718994e-16 
  817       3.479660886740e-10       1.679891725625e-12      -8.544633155789e-12       0.000000000000e+00       1.249165094445e-14       4.540594481717e-15      -1.632429093503e-16 
  818       3.478958276344e-10       1.665621875407e-12      -8.286252562660e-12       0.000000000000e+00       1.243503328347e-14       4.519942964731e-15      -1.582874550280e-16 
  819       3.477979981752e-10       1.652123302918e-12      -8.026638939205e-12       0.000000000000e+00       1.237873640630e-14       4.499138449754e-15      -1.533446788417e-16 
  820       3.476725630600e-10       1.639402683539e-12      -7.765892213111e-12       0.000000000000e+00       1.232275824072e-14       4.478189161039e-15      -1.484158615758e-16 
  821       3.475194860614e-10       1.627466713490e-12      -7.504113305634e-12       0.000000000000e+00       1.226709666385e-14       4.457103406456e-15      -1.435022949208e-16 
  822       3.473387319656e-10       1.616322109847e-12      -7.241404134609e-12       0.000000000000e+00       1.221174950198e-14       4.435889577744e-15      -1.386052815046e-16 
  823       3.471302665767e-10       1.605975610556e-12      -6.977867617478e-12       0.000000000000e+00       1.215671453035e-14       4.414556150768e-15      -1.337261349236e-16 
  824       3.468940567213e-10       1.596433974455e-12      -6.713607674303e-12       0.000000000000e+00       1.210198947299e-14       4.393111685773e-15      -1.288661797736e-16 
  825       3.466300702528e-10       1.587703981286e-12      -6.448729230790e-12       0.000000000000e+00       1.204757200251e-14       4.371564827643e-15      -1.240267516815e-16 
  826       3.463382760555e-10       1.579792431715e-12      -6.183338221306e-12       0.000000000000e+00       1.199345973991e-14       4.349924306149e-15      -1.192091973357e-16 
  827       3.460186440493e-10       1.572706147347e-12      -5.917541591901e-12       0.000000000000e+00       1.193965025438e-14       4.328198936212e-15      -1.144148745177e-16 
  828       3.456711451941e-10       1.566451970745e-12      -5.651447303325e-12       0.000000000000e+00       1.188614106313e-14       4.306397618153e-15      -1.096451521331e-16 
  829       3.452957514941e-10       1.561036765445e-12      -5.385164334051e-12       0.000000000000e+00       1.183292963116e-14       4.284529337952e-15      -1.049014102426e-16 
  830       3.448924360019e-10       1.556467415972e-12      -5.118802683291e-12       0.000000000000e+00       1.178001337110e-14       4.262603167498e-15      -1.001850400933e-16 
  831       3.444611728234e-10       1.552750827860e-12      -4.852473374018e-12       0.000000000000e+00       1.172738964301e-14       4.240628264850e-15      -9.549744414984e-17 
  832       3.440019371219e-10       1.549893927666e-12      -4.586288455984e-12       0.000000000000e+00       1.167505575416e-14       4.218613874489e-15      -9.084003612525e-17 
  833       3.435147051225e-10       1.547903662989e-12      -4.320361008741e-12       0.000000000000e+00       1.162300895889e-14       4.196569327574e-15      -8.621424101237e-17 
  834       3.429994541164e-10       1.546787002486e-12      -4.054805144662e-12       0.000000000000e+00       1.157124645836e-14       4.174504042196e-15      -8.162149511485e-17 
  835       3.424561624656e-10       1.546550935887e-12      -3.789736011957e-12       0.000000000000e+00       1.151976540040e-14       4.152427523637e-15      -7.706324607824e-17 
  836       3.418848096069e-10       1.547202474016e-12      -3.525269797693e-12       0.000000000000e+00       1.146856287931e-14       4.130349364619e-15      -7.254095292119e-17 
  837       3.412853760565e-10       1.548748648803e-12      -3.261523730820e-12       0.000000000000e+00       1.141763593562e-14       4.108279245565e-15      -6.805608606651e-17 
  838       3.406578434143e-10       1.551196513307e-12      -2.998616085180e-12       0.000000000000e+00       1.136698155598e-14       4.086226934852e-15      -6.361012737231e-17 
  839       3.400022423239e-10       1.554550993738e-12      -2.736657781083e-12       0.000000000000e+00       1.131659704711e-14       4.064200174148e-15      -5.920421623273e-17 
  840       3.393187972579e-10       1.558808404558e-12      -2.475727023739e-12       0.000000000000e+00       1.126648116542e-14       4.042198293573e-15      -5.483808106820e-17 
  841       3.386077842600e-10       1.563962820606e-12      -2.215894229615e-12       0.000000000000e+00       1.121663300669e-14       4.020218485978e-15      -5.051108930897e-17 
  842       3.378694832299e-10       1.570008214512e-12      -1.957230389500e-12       0.000000000000e+00       1.116705163349e-14       3.998257911683e-15      -4.622259961201e-17 
  843       3.371041779364e-10       1.576938456350e-12      -1.699807070086e-12       0.000000000000e+00       1.111773607508e-14       3.976313698380e-15      -4.197196183189e-17 
  844       3.363121560296e-10       1.584747313290e-12      -1.443696415565e-12       0.000000000000e+00       1.106868532726e-14       3.954382941025e-15      -3.775851699159e-17 
  845       3.354937090535e-10       1.593428449246e-12      -1.188971149213e-12       0.000000000000e+00       1.101989835223e-14       3.932462701733e-15      -3.358159725342e-17 
  846       3.346491324588e-10       1.602975424530e-12      -9.357045749816e-13       0.000000000000e+00       1.097137407849e-14       3.910550009675e-15      -2.944052588982e-17 
  847       3.337787256150e-10       1.613381695502e-12      -6.839705790849e-13       0.000000000000e+00       1.092311140069e-14       3.888641860971e-15      -2.533461725426e-17 
  848       3.328827918232e-10       1.624640614222e-12      -4.338436315914e-13       0.000000000000e+00       1.087510917952e-14       3.866735218584e-15      -2.126317675208e-17 
  849       3.319616383288e-10       1.636745428098e-12      -1.853987880110e-13       0.000000000000e+00       1.082736624155e-14       3.844827012221e-15      -1.722550081135e-17 
  850       3.310155763339e-10       1.649689279541e-12       6.128830911493e-14       0.000000000000e+00       1.077988137914e-14       3.822914138220e-15      -1.322087685373e-17 
  851       3.300449210095e-10       1.663465205616e-12       3.061414286248e-13       0.000000000000e+00       1.073265335027e-14       3.800993459453e-15      -9.248583265313e-18 
  852       3.290499915089e-10       1.678066137690e-12       5.490837491474e-13       0.000000000000e+00       1.068568087844e-14       3.779061805215e-15      -5.307889367520e-18 
  853       3.280311109793e-10       1.693484901085e-12       7.900378575133e-13       0.000000000000e+00       1.063896265254e-14       3.757115971122e-15      -1.398055387921e-18 
  854       3.269886065750e-10       1.709714214729e-12       1.028925747165e-12       0.000000000000e+00       1.059249732670e-14       3.735152719006e-15       2.481667568889e-18 
  855       3.259228094698e-10       1.726746690808e-12       1.265668816568e-12       0.000000000000e+00       1.054628352017e-14       3.713168776810e-15       6.332037550435e-18 
  856       3.248340548692e-10       1.744574834416e-12       1.500187867623e-12       0.000000000000e+00       1.050031981722e-14       3.691160838481e-15       1.015382178551e-17 
  857       3.237226820237e-10       1.763191043206e-12       1.732403104074e-12       0.000000000000e+00       1.045460476697e-14       3.669125563870e-15       1.394779671329e-17 
  858       3.225890342404e-10       1.782587607041e-12       1.962234129922e-12       0.000000000000e+00       1.040913688325e-14       3.647059578621e-15       1.771474801253e-17 
  859       3.214334588963e-10       1.802756707648e-12       2.189599947834e-12       0.000000000000e+00       1.036391464455e-14       3.624959474071e-15       2.145547063064e-17 
  860       3.202563074506e-10       1.823690418265e-12       2.414418957557e-12       0.000000000000e+00       1.031893649380e-14       3.602821807143e-15       2.517076881289e-17 
  861       3.190579354572e-10       1.845380703294e-12       2.636608954322e-12       0.000000000000e+00       1.027420083829e-14       3.580643100242e-15       2.886145613149e-17 
  862       3.178387025773e-10       1.867819417952e-12       2.856087127263e-12       0.000000000000e+00       1.022970604953e-14       3.558419841148e-15       3.252835551478e-17 
  863       3.165989725918e-10       1.890998307923e-12       3.072770057824e-12       0.000000000000e+00       1.018545046312e-14       3.536148482914e-15       3.617229927636e-17 
  864       3.153391134141e-10       1.914909009009e-12       3.286573718167e-12       0.000000000000e+00       1.014143237862e-14       3.513825443760e-15       3.979412914423e-17 
  865       3.140594971027e-10       1.939543046778e-12       3.497413469591e-12       0.000000000000e+00       1.009765005943e-14       3.491447106966e-15       4.339469628989e-17 
  866       3.127604998733e-10       1.964891836219e-12       3.705204060934e-12       0.000000000000e+00       1.005410173264e-14       3.469009820771e-15       4.697486135757e-17 
  867       3.114425021119e-10       1.990946681394e-12       3.909859626989e-12       0.000000000000e+00       1.001078558894e-14       3.446509898266e-15       5.053549449330e-17 
  868       3.101058883867e-10       2.017698775082e-12       4.111293686914e-12       0.000000000000e+00       9.967699782422e-15       3.423943617287e-15       5.407747537407e-17 
  869       3.087510474615e-10       2.045139198440e-12       4.309419142642e-12       0.000000000000e+00       9.924842430537e-15       3.401307220316e-15       5.760169323699e-17 
  870       3.073783723075e-10       2.073258920646e-12       4.504148277292e-12       0.000000000000e+00       9.882211613901e-15       3.378596914370e-15       6.110904690839e-17 
  871       3.059882601163e-10       2.102048798554e-12       4.695392753583e-12       0.000000000000e+00       9.839805376192e-15       3.355808870899e-15       6.460044483302e-17 
  872       3.045811123121e-10       2.131499576346e-12       4.883063612239e-12       0.000000000000e+00       9.797621724016e-15       3.332939225680e-15       6.807680510316e-17 
  873       3.031573345645e-10       2.161601885179e-12       5.067071270405e-12       0.000000000000e+00       9.755658626781e-15       3.309984078715e-15       7.153905548773e-17 
  874       3.017173368012e-10       2.192346242840e-12       5.247325520054e-12       0.000000000000e+00       9.713914016562e-15       3.286939494122e-15       7.498813346150e-17 
  875       3.002615332200e-10       2.223723053397e-12       5.423735526403e-12       0.000000000000e+00       9.672385787977e-15       3.263801500033e-15       7.842498623419e-17 
  876       2.987903423019e-10       2.255722606846e-12       5.596209826317e-12       0.000000000000e+00       9.631071798058e-15       3.240566088488e-15       8.185057077960e-17 
  877       2.973041868234e-10       2.288335078768e-12       5.764656326727e-12       0.000000000000e+00       9.589969866116e-15       3.217229215331e-15       8.526585386480e-17 
  878       2.958034919355e-10       2.321549818666e-12       5.928994870405e-12       0.000000000000e+00       9.549078037020e-15       3.193788159883e-15       8.867146717995e-17 
  879       2.942886793409e-10       2.355353202733e-12       6.089195165499e-12       0.000000000000e+00       9.508395376065e-15       3.170245628967e-15       9.206666638452e-17 
  880       2.927601730447e-10       2.389730744688e-12       6.245239483501e-12       0.000000000000e+00       9.467921187061e-15       3.146605720910e-15       9.545035481100e-17 
  881       2.912184012917e-10       2.424667803399e-12       6.397110149400e-12       0.000000000000e+00       9.427654750043e-15       3.122872572063e-15       9.882142677108e-17 
  882       2.896637965788e-10       2.460149582417e-12       6.544789542044e-12       0.000000000000e+00       9.387595321179e-15       3.099050356898e-15       1.021787675311e-16 
  883       2.880967956666e-10       2.496161129519e-12       6.688260094509e-12       0.000000000000e+00       9.347742132687e-15       3.075143288120e-15       1.055212532878e-16 
  884       2.865178395924e-10       2.532687336248e-12       6.827504294461e-12       0.000000000000e+00       9.308094392745e-15       3.051155616773e-15       1.088477511433e-16 
  885       2.849273736819e-10       2.569712937456e-12       6.962504684524e-12       0.000000000000e+00       9.268651285399e-15       3.027091632345e-15       1.121571190813e-16 
  886       2.833258475617e-10       2.607222510839e-12       7.093243862640e-12       0.000000000000e+00       9.229411970481e-15       3.002955662875e-15       1.154482059421e-16 
  887       2.817137151717e-10       2.645200476485e-12       7.219704482439e-12       0.000000000000e+00       9.190375583518e-15       2.978752075062e-15       1.187198513984e-16 
  888       2.800914347768e-10       2.683631096406e-12       7.341869253602e-12       0.000000000000e+00       9.151541235641e-15       2.954485274366e-15       1.219708859304e-16 
  889       2.784594689798e-10       2.722498474086e-12       7.459720942225e-12       0.000000000000e+00       9.112908013502e-15       2.930159705121e-15       1.252001308020e-16 
  890       2.768182847333e-10       2.761786554018e-12       7.573242371184e-12       0.000000000000e+00       9.074474979182e-15       2.905779850637e-15       1.284063980355e-16 
  891       2.751683533518e-10       2.801479121245e-12       7.682416420504e-12       0.000000000000e+00       9.036241170107e-15       2.881350233308e-15       1.315884903879e-16 
  892       2.735101505245e-10       2.841559800900e-12       7.787226027719e-12       0.000000000000e+00       8.998205598952e-15       2.856875414721e-15       1.347452013258e-16 
  893       2.718441563268e-10       2.882012057748e-12       7.887654188236e-12       0.000000000000e+00       8.960367253563e-15       2.832359995757e-15       1.378753150013e-16 
  894       2.701708552334e-10       2.922819195725e-12       7.983683955708e-12       0.000000000000e+00       8.922725096862e-15       2.807808616701e-15       1.409776062272e-16 
  895       2.684907361297e-10       2.963964357479e-12       8.075298442389e-12       0.000000000000e+00       8.885278066758e-15       2.783225957351e-15       1.440508404529e-16 
  896       2.668042923247e-10       3.005430523912e-12       8.162480819507e-12       0.000000000000e+00       8.848025076065e-15       2.758616737120e-15       1.470937737394e-16 
  897       2.651120215628e-10       3.047200513717e-12       8.245214317624e-12       0.000000000000e+00       8.810965012409e-15       2.733985715144e-15       1.501051527355e-16 
  898       2.634144260365e-10       3.089256982924e-12       8.323482227003e-12       0.000000000000e+00       8.774096738140e-15       2.709337690389e-15       1.530837146527e-16 
  899       2.617120123982e-10       3.131582424435e-12       8.397267897971e-12       0.000000000000e+00       8.737419090246e-15       2.684677501758e-15       1.560281872408e-16 
  900       2.600052917728e-10       3.174159167567e-12       8.466554741288e-12       0.000000000000e+00       8.700930880264e-15       2.660010028198e-15       1.589372887639e-16 
  901       2.582947797695e-10       3.216969377592e-12       8.531326228508e-12       0.000000000000e+00       8.664630894191e-15       2.635340188803e-15       1.618097279753e-16 
  902       2.565809964947e-10       3.259995055280e-12       8.591565892345e-12       0.000000000000e+00       8.628517892396e-15       2.610672942926e-15       1.646442040935e-16 
  903       2.548644665636e-10       3.303218036436e-12       8.647257327041e-12       0.000000000000e+00       8.592590609532e-15       2.586013290280e-15       1.674394067771e-16 
  904       2.531457191131e-10       3.346619991442e-12       8.698384188724e-12       0.000000000000e+00       8.556847754450e-15       2.561366271048e-15       1.701940161013e-16 
  905       2.514252878133e-10       3.390182424797e-12       8.744930195781e-12       0.000000000000e+00       8.521288010107e-15       2.536736965991e-15       1.729067025322e-16 
  906       2.497037108804e-10       3.433886674660e-12       8.786879129218e-12       0.000000000000e+00       8.485910033480e-15       2.512130496549e-15       1.755761269035e-16 
  907       2.479815310886e-10       3.477713912386e-12       8.824214833027e-12       0.000000000000e+00       8.450712455478e-15       2.487552024952e-15       1.782009403910e-16 
  908       2.462592957824e-10       3.521645142071e-12       8.856921214547e-12       0.000000000000e+00       8.415693880854e-15       2.463006754327e-15       1.807797844889e-16 
  909       2.445375568891e-10       3.565661200090e-12       8.884982244837e-12       0.000000000000e+00       8.380852888114e-15       2.438499928800e-15       1.833112909847e-16 
  910       2.428168709305e-10       3.609742754638e-12       8.908381959032e-12       0.000000000000e+00       8.346188029434e-15       2.414036833609e-15       1.857940819353e-16 
  911       2.410977990357e-10       3.653870305272e-12       8.927104456715e-12       0.000000000000e+00       8.311697830566e-15       2.389622795203e-15       1.882267696419e-16 
  912       2.393809069531e-10       3.698024182448e-12       8.941133902278e-12       0.000000000000e+00       8.277380790754e-15       2.365263181355e-15       1.906079566260e-16 
  913       2.376667650628e-10       3.742184547066e-12       8.950454525286e-12       0.000000000000e+00       8.243235382646e-15       2.340963401268e-15       1.929362356048e-16 
  914       2.359559483885e-10       3.786331390006e-12       8.955050620848e-12       0.000000000000e+00       8.209260052202e-15       2.316728905675e-15       1.952101894665e-16 
  915       2.342490366102e-10       3.830444531673e-12       8.954906549974e-12       0.000000000000e+00       8.175453218610e-15       2.292565186953e-15       1.974283912459e-16 
  916       2.325466140761e-10       3.874503621535e-12       8.950006739947e-12       0.000000000000e+00       8.141813274194e-15       2.268477779227e-15       1.995894041003e-16 
  917       2.308492245681e-10       3.918489266562e-12       8.940345056053e-12       0.000000000000e+00       8.108338775387e-15       2.244471722384e-15       2.016922002953e-16 
  918       2.291572347831e-10       3.962386437159e-12       8.925953079569e-12       0.000000000000e+00       8.075029019145e-15       2.220549944549e-15       2.037374255250e-16 
  919       2.274709687023e-10       4.006181114556e-12       8.906872280774e-12       0.000000000000e+00       8.041883475535e-15       2.196714854066e-15       2.057261546748e-16 
  920       2.257907526468e-10       4.049859166524e-12       8.883144690085e-12       0.000000000000e+00       8.008901597448e-15       2.172968873284e-15       2.076594746715e-16 
  921       2.241169152832e-10       4.093406347080e-12       8.854812899759e-12       0.000000000000e+00       7.976082820539e-15       2.149314438586e-15       2.095384845175e-16 
  922       2.224497876296e-10       4.136808296185e-12       8.821920065598e-12       0.000000000000e+00       7.943426563164e-15       2.125754000424e-15       2.113642953267e-16 
  923       2.207897030615e-10       4.180050539447e-12       8.784509908647e-12       0.000000000000e+00       7.910932226321e-15       2.102290023343e-15       2.131380303596e-16 
  924       2.191369973173e-10       4.223118487823e-12       8.742626716893e-12       0.000000000000e+00       7.878599193591e-15       2.078924986016e-15       2.148608250585e-16 
  925       2.174920085043e-10       4.265997437319e-12       8.696315346971e-12       0.000000000000e+00       7.846426831071e-15       2.055661381270e-15       2.165338270825e-16 
  926       2.158550771045e-10       4.308672568693e-12       8.645621225859e-12       0.000000000000e+00       7.814414487318e-15       2.032501716119e-15       2.181581963433e-16 
  927       2.142265459804e-10       4.351128947155e-12       8.590590352582e-12       0.000000000000e+00       7.782561493289e-15       2.009448511795e-15       2.197351050400e-16 
  928       2.126067603806e-10       4.393351522071e-12       8.531269299914e-12       0.000000000000e+00       7.750867162274e-15       1.986504303774e-15       2.212657376944e-16 
  929       2.109960679458e-10       4.435325126661e-12       8.467705216077e-12       0.000000000000e+00       7.719330789842e-15       1.963671641809e-15       2.227512911864e-16 
  930       2.093948187148e-10       4.477034477702e-12       8.399945826440e-12       0.000000000000e+00       7.687951653775e-15       1.940953089961e-15       2.241929747892e-16 
  931       2.078033651296e-10       4.518464175231e-12       8.328039435226e-12       0.000000000000e+00       7.656729014011e-15       1.918351226628e-15       2.255920102044e-16 
  932       2.062220620422e-10       4.559598702243e-12       8.252034927205e-12       0.000000000000e+00       7.625662112580e-15       1.895868644573e-15       2.269496315974e-16 
  933       2.046512667193e-10       4.600422424397e-12       8.171981769400e-12       0.000000000000e+00       7.594750173542e-15       1.873507950958e-15       2.282670856327e-16 
  934       2.030913388491e-10       4.640919589712e-12       8.087930012789e-12       0.000000000000e+00       7.563992402933e-15       1.851271767370e-15       2.295456315089e-16 
  935       2.015426405464e-10       4.681074328275e-12       7.999930294000e-12       0.000000000000e+00       7.533387988696e-15       1.829162729856e-15       2.307865409942e-16 
  936       2.000055363588e-10       4.720870651936e-12       7.908033837017e-12       0.000000000000e+00       7.502936100624e-15       1.807183488948e-15       2.319910984613e-16 
  937       1.984803932721e-10       4.760292454012e-12       7.812292454880e-12       0.000000000000e+00       7.472635890299e-15       1.785336709699e-15       2.331606009231e-16 
  938       1.969675807167e-10       4.799323508993e-12       7.712758551384e-12       0.000000000000e+00       7.442486491029e-15       1.763625071705e-15       2.342963580678e-16 
  939       1.954674705728e-10       4.837947472234e-12       7.609485122781e-12       0.000000000000e+00       7.412487017791e-15       1.742051269144e-15       2.353996922937e-16 
  940       1.939804371765e-10       4.876147879664e-12       7.502525759480e-12       0.000000000000e+00       7.382636567165e-15       1.720618010800e-15       2.364719387451e-16 
  941       1.925068573256e-10       4.913908147487e-12       7.391934647751e-12       0.000000000000e+00       7.352934217279e-15       1.699328020095e-15       2.375144453473e-16 
  942       1.910471102853e-10       4.951211571878e-12       7.277766571421e-12       0.000000000000e+00       7.323379027741e-15       1.678184035120e-15       2.385285728414e-16 
  943       1.896015777940e-10       4.988041328691e-12       7.160076913578e-12       0.000000000000e+00       7.293970039585e-15       1.657188808665e-15       2.395156948205e-16 
  944       1.881706440693e-10       5.024380473156e-12       7.038921658273e-12       0.000000000000e+00       7.264706275206e-15       1.636345108245e-15       2.404771977639e-16 
  945       1.867546958135e-10       5.060211939583e-12       6.914357392216e-12       0.000000000000e+00       7.235586738298e-15       1.615655716139e-15       2.414144810730e-16 
  946       1.853541222195e-10       5.095518541061e-12       6.786441306483e-12       0.000000000000e+00       7.206610413798e-15       1.595123429410e-15       2.423289571065e-16 
  947       1.839693149769e-10       5.130282969162e-12       6.655231198212e-12       0.000000000000e+00       7.177776267820e-15       1.574751059943e-15       2.432220512154e-16 
  948       1.826006682774e-10       5.164487793641e-12       6.520785472306e-12       0.000000000000e+00       7.149083247598e-15       1.554541434469e-15       2.440952017783e-16 
  949       1.812485788205e-10       5.198115462139e-12       6.383163143133e-12       0.000000000000e+00       7.120530281422e-15       1.534497394602e-15       2.449498602368e-16 
  950       1.799134458199e-10       5.231148299881e-12       6.242423836228e-12       0.000000000000e+00       7.092116278578e-15       1.514621796861e-15       2.457874911306e-16 
  951       1.785956710087e-10       5.263568509382e-12       6.098627789994e-12       0.000000000000e+00       7.063840129289e-15       1.494917512708e-15       2.466095721328e-16 
  952       1.772956586457e-10       5.295358170145e-12       5.951835857400e-12       0.000000000000e+00       7.035700704651e-15       1.475387428572e-15       2.474175940852e-16 
  953       1.760138155206e-10       5.326499238364e-12       5.802109507686e-12       0.000000000000e+00       7.007696856574e-15       1.456034445884e-15       2.482130610334e-16 
  954       1.747505509604e-10       5.356973546624e-12       5.649510828060e-12       0.000000000000e+00       6.979827417721e-15       1.436861481101e-15       2.489974902622e-16 
  955       1.735062768348e-10       5.386762803606e-12       5.494102525402e-12       0.000000000000e+00       6.952091201446e-15       1.417871465744e-15       2.497724123307e-16 
  956       1.722813486024e-10       5.415850846528e-12       5.335949121962e-12       0.000000000000e+00       6.924487136865e-15       1.399066401739e-15       2.505389625410e-16 
  957       1.710758874499e-10       5.444230436787e-12       5.175120559040e-12       0.000000000000e+00       6.897014676454e-15       1.380444511583e-15       2.512966484358e-16 
  958       1.698899554472e-10       5.471896567538e-12       5.011688651734e-12       0.000000000000e+00       6.869673394555e-15       1.362003044707e-15       2.520445635426e-16 
  959       1.687236142594e-10       5.498844220355e-12       4.845725901781e-12       0.000000000000e+00       6.842462852767e-15       1.343739218118e-15       2.527817942157e-16 
  960       1.675769251442e-10       5.525068365235e-12       4.677305499425e-12       0.000000000000e+00       6.815382599907e-15       1.325650216302e-15       2.535074196173e-16 
  961       1.664499489504e-10       5.550563960586e-12       4.506501325261e-12       0.000000000000e+00       6.788432171959e-15       1.307733191134e-15       2.542205116997e-16 
  962       1.653427461160e-10       5.575325953231e-12       4.333387952105e-12       0.000000000000e+00       6.761611092037e-15       1.289985261782e-15       2.549201351865e-16 
  963       1.642553766661e-10       5.599349278402e-12       4.158040646843e-12       0.000000000000e+00       6.734918870340e-15       1.272403514614e-15       2.556053475545e-16 
  964       1.631879002109e-10       5.622628859737e-12       3.980535372292e-12       0.000000000000e+00       6.708355004107e-15       1.254985003105e-15       2.562751990153e-16 
  965       1.621403759440e-10       5.645159609277e-12       3.800948789057e-12       0.000000000000e+00       6.681918977578e-15       1.237726747741e-15       2.569287324970e-16 
  966       1.611128626402e-10       5.666936427464e-12       3.619358257389e-12       0.000000000000e+00       6.655610261946e-15       1.220625735927e-15       2.575649836256e-16 
  967       1.601054186539e-10       5.687954203135e-12       3.435841839040e-12       0.000000000000e+00       6.629428315315e-15       1.203678921895e-15       2.581829807071e-16 
  968       1.591181019168e-10       5.708207813523e-12       3.250478299124e-12       0.000000000000e+00       6.603372582662e-15       1.186883226605e-15       2.587817447088e-16 
  969       1.581509699362e-10       5.727692124251e-12       3.063347107973e-12       0.000000000000e+00       6.577442495784e-15       1.170235537656e-15       2.593602892412e-16 
  970       1.572040797930e-10       5.746401989331e-12       2.874528442991e-12       0.000000000000e+00       6.551637473265e-15       1.153732709190e-15       2.599176205393e-16 
  971       1.562774881397e-10       5.764332251158e-12       2.684103190519e-12       0.000000000000e+00       6.525956920426e-15       1.137371561799e-15       2.604527374448e-16 
  972       1.553712511988e-10       5.781477740510e-12       2.492152947684e-12       0.000000000000e+00       6.500400229283e-15       1.121148882431e-15       2.609646313870e-16 
  973       1.544854247602e-10       5.797833276543e-12       2.298760024265e-12       0.000000000000e+00       6.474966778506e-15       1.105061424295e-15       2.614522863653e-16 
  974       1.536200641801e-10       5.813393666790e-12       2.104007444542e-12       0.000000000000e+00       6.449655933374e-15       1.089105906769e-15       2.619146789304e-16 
  975       1.527752243782e-10       5.828153707154e-12       1.907978949160e-12       0.000000000000e+00       6.424467045734e-15       1.073279015308e-15       2.623507781657e-16 
  976       1.519509598365e-10       5.842108181910e-12       1.710758996983e-12       0.000000000000e+00       6.399399453954e-15       1.057577401343e-15       2.627595456696e-16 
  977       1.511473245970e-10       5.855251863699e-12       1.512432766952e-12       0.000000000000e+00       6.374452482881e-15       1.041997682197e-15       2.631399355366e-16 
  978       1.503643722597e-10       5.867579513522e-12       1.313086159944e-12       0.000000000000e+00       6.349625443801e-15       1.026536440983e-15       2.634908943394e-16 
  979       1.496021559811e-10       5.879085880746e-12       1.112805800629e-12       0.000000000000e+00       6.324917634393e-15       1.011190226515e-15       2.638113611100e-16 
  980       1.488607284715e-10       5.889765703090e-12       9.116790393240e-13       0.000000000000e+00       6.300328338685e-15       9.959555532110e-16       2.641002673221e-16 
  981       1.481401419939e-10       5.899613706631e-12       7.097939538563e-13       0.000000000000e+00       6.275856827013e-15       9.808289010029e-16       2.643565368719e-16 
  982       1.474404483617e-10       5.908624605794e-12       5.072393514164e-13       0.000000000000e+00       6.251502355976e-15       9.658067152397e-16       2.645790860605e-16 
  983       1.467616989364e-10       5.916793103353e-12       3.041047704176e-13       0.000000000000e+00       6.227264168396e-15       9.508854065949e-16       2.647668235751e-16 
  984       1.461039446265e-10       5.924113890430e-12       1.004804823527e-13       0.000000000000e+00       6.203141493268e-15       9.360613509728e-16       2.649186504710e-16 
  985       1.454672358848e-10       5.930581646484e-12      -1.035425063482e-13       0.000000000000e+00       6.179133545725e-15       9.213308894141e-16       2.650334601527e-16 
  986       1.448516227067e-10       5.936191039315e-12      -3.078724524605e-13       0.000000000000e+00       6.155239526990e-15       9.066903280027e-16       2.651101383564e-16 
  987       1.442571546285e-10       5.940936725060e-12      -5.124168741073e-13       0.000000000000e+00       6.131458624333e-15       8.921359377719e-16       2.651475631307e-16 
  988       1.436838807253e-10       5.944813348186e-12      -7.170825489022e-13       0.000000000000e+00       6.107790011029e-15       8.776639546101e-16       2.651446048190e-16 
  989       1.431318496090e-10       5.947815541493e-12      -9.217755120917e-13       0.000000000000e+00       6.084232846315e-15       8.632705791676e-16       2.651001260408e-16 
  990       1.426011094262e-10       5.949937926105e-12      -1.126401054698e-12       0.000000000000e+00       6.060786275345e-15       8.489519767625e-16       2.650129816735e-16 
  991       1.420917078569e-10       5.951175111469e-12      -1.330863721661e-12       0.000000000000e+00       6.037449429148e-15       8.347042772871e-16       2.648820188340e-16 
  992       1.416036921119e-10       5.951521695355e-12      -1.535067309981e-12       0.000000000000e+00       6.014221424586e-15       8.205235751140e-16       2.647060768601e-16 
  993       1.411371089311e-10       5.950972263848e-12      -1.738914866862e-12       0.000000000000e+00       5.991101364308e-15       8.064059290021e-16       2.644839872929e-16 
  994       1.406920045817e-10       5.949521391348e-12      -1.942308687854e-12       0.000000000000e+00       5.968088336710e-15       7.923473620034e-16       2.642145738574e-16 
  995       1.402683856432e-10       5.947165650553e-12      -2.145157211120e-12       0.000000000000e+00       5.945181517414e-15       7.783447336916e-16       2.638970184815e-16 
  996       1.398661007370e-10       5.943909674725e-12      -2.347395814858e-12       0.000000000000e+00       5.922380475433e-15       7.643983710653e-16       2.635319652726e-16 
  997       1.394849570567e-10       5.939760184412e-12      -2.548966321492e-12       0.000000000000e+00       5.899684871417e-15       7.505094760799e-16       2.631204327103e-16 
  998       1.391247594170e-10       5.934723985766e-12      -2.749810128212e-12       0.000000000000e+00       5.877094356504e-15       7.366792568382e-16       2.626634491054e-16 
  999       1.387853102472e-10       5.928807970791e-12      -2.949868205947e-12       0.000000000000e+00       5.854608572285e-15       7.229089276024e-16       2.621620526260e-16 
 1000       1.384664095842e-10       5.922019117572e-12      -3.149081098343e-12       0.000000000000e+00       5.832227150782e-15       7.091997088058e-16       2.616172913231e-16 
 1001       1.381678550662e-10       5.914364490528e-12      -3.347388920740e-12       0.000000000000e+00       5.809949714406e-15       6.955528270647e-16       2.610302231569e-16 
 1002       1.378894419256e-10       5.905851240642e-12      -3.544731359151e-12       0.000000000000e+00       5.787775875936e-15       6.819695151901e-16       2.604019160228e-16 
 1003       1.376309629826e-10       5.896486605707e-12      -3.741047669242e-12       0.000000000000e+00       5.765705238482e-15       6.684510121997e-16       2.597334477772e-16 
 1004       1.373922086385e-10       5.886277910564e-12      -3.936276675302e-12       0.000000000000e+00       5.743737395456e-15       6.549985633299e-16       2.590259062633e-16 
 1005       1.371729668687e-10       5.875232567344e-12      -4.130356769229e-12       0.000000000000e+00       5.721871930540e-15       6.416134200472e-16       2.582803893377e-16 
 1006       1.369730232165e-10       5.863358075708e-12      -4.323225909502e-12       0.000000000000e+00       5.700108417658e-15       6.282968400604e-16       2.574980048958e-16 
 1007       1.367921607863e-10       5.850662023085e-12      -4.514821620161e-12       0.000000000000e+00       5.678446420942e-15       6.150500873324e-16       2.566798708979e-16 
 1008       1.366301602364e-10       5.837152084914e-12      -4.705080989783e-12       0.000000000000e+00       5.656885494703e-15       6.018744320919e-16       2.558271153954e-16 
 1009       1.364867997731e-10       5.822836024886e-12      -4.893940670462e-12       0.000000000000e+00       5.635425183398e-15       5.887711508455e-16       2.549408765566e-16 
 1010       1.363618551435e-10       5.807721695182e-12      -5.081336876785e-12       0.000000000000e+00       5.614065021602e-15       5.757415263892e-16       2.540223026926e-16 
 1011       1.362550996289e-10       5.791817036713e-12      -5.267205384808e-12       0.000000000000e+00       5.592804533974e-15       5.627868478205e-16       2.530725522835e-16 
 1012       1.361663040382e-10       5.775130079363e-12      -5.451481531037e-12       0.000000000000e+00       5.571643235228e-15       5.499084105503e-16       2.520927940043e-16 
 1013       1.360952367014e-10       5.757668942225e-12      -5.634100211403e-12       0.000000000000e+00       5.550580630103e-15       5.371075163145e-16       2.510842067506e-16 
 1014       1.360416634624e-10       5.739441833848e-12      -5.814995880240e-12       0.000000000000e+00       5.529616213328e-15       5.243854731860e-16       2.500479796651e-16 
 1015       1.360053476727e-10       5.720457052470e-12      -5.994102549265e-12       0.000000000000e+00       5.508749469597e-15       5.117435955866e-16       2.489853121631e-16 
 1016       1.359860501849e-10       5.700722986261e-12      -6.171353786549e-12       0.000000000000e+00       5.487979873533e-15       4.991832042986e-16       2.478974139588e-16 
 1017       1.359835293455e-10       5.680248113568e-12      -6.346682715505e-12       0.000000000000e+00       5.467306889659e-15       4.867056264769e-16       2.467855050911e-16 
 1018       1.359975409885e-10       5.659041003147e-12      -6.520022013855e-12       0.000000000000e+00       5.446729972367e-15       4.743121956609e-16       2.456508159495e-16 
 1019       1.360278384289e-10       5.637110314409e-12      -6.691303912614e-12       0.000000000000e+00       5.426248565889e-15       4.620042517860e-16       2.444945873006e-16 
 1020       1.360741724555e-10       5.614464797660e-12      -6.860460195066e-12       0.000000000000e+00       5.405862104261e-15       4.497831411958e-16       2.433180703132e-16 
 1021       1.361362913249e-10       5.591113294339e-12      -7.027422195741e-12       0.000000000000e+00       5.385570011299e-15       4.376502166538e-16       2.421225265851e-16 
 1022       1.362139407541e-10       5.567064737259e-12      -7.192120799393e-12       0.000000000000e+00       5.365371700562e-15       4.256068373550e-16       2.409092281686e-16 
 1023       1.363068639144e-10       5.542328150848e-12      -7.354486439977e-12       0.000000000000e+00       5.345266575324e-15       4.136543689384e-16       2.396794575966e-16 
 1024       1.364148014245e-10       5.516912651392e-12      -7.514449099627e-12       0.000000000000e+00       5.325254028542e-15       4.017941834981e-16       2.384345079087e-16 
 1025       1.365374913436e-10       5.490827447268e-12      -7.671938307634e-12       0.000000000000e+00       5.305333442827e-15       3.900276595957e-16       2.371756826769e-16 
 1026       1.366746691652e-10       5.464081839191e-12      -7.826883139425e-12       0.000000000000e+00       5.285504190412e-15       3.783561822718e-16       2.359042960321e-16 
 1027       1.368260678099e-10       5.436685220452e-12      -7.979212215534e-12       0.000000000000e+00       5.265765633119e-15       3.667811430581e-16       2.346216726893e-16 
 1028       1.369914176191e-10       5.408647077159e-12      -8.128853700590e-12       0.000000000000e+00       5.246117122331e-15       3.553039399889e-16       2.333291479742e-16 
 1029       1.371704463482e-10       5.379976988476e-12      -8.275735302284e-12       0.000000000000e+00       5.226557998961e-15       3.439259776136e-16       2.320280678491e-16 
 1030       1.373628791596e-10       5.350684626863e-12      -8.419784270355e-12       0.000000000000e+00       5.207087593417e-15       3.326486670076e-16       2.307197889386e-16 
 1031       1.375684386168e-10       5.320779758319e-12      -8.560927395562e-12       0.000000000000e+00       5.187705225578e-15       3.214734257851e-16       2.294056785558e-16 
 1032       1.377868446768e-10       5.290272242621e-12      -8.699091008665e-12       0.000000000000e+00       5.168410204757e-15       3.104016781103e-16       2.280871147283e-16 
 1033       1.380178146840e-10       5.259172033562e-12      -8.834200979399e-12       0.000000000000e+00       5.149201829672e-15       2.994348547095e-16       2.267654862239e-16 
 1034       1.382610616420e-10       5.227489792620e-12      -8.966193090667e-12       0.000000000000e+00       5.130079465468e-15       2.885744628577e-16       2.254419122779e-16 
 1035       1.385162890153e-10       5.195238738970e-12      -9.095044323702e-12       0.000000000000e+00       5.111042776022e-15       2.778222973984e-16       2.241163973846e-16 
 1036       1.387831958408e-10       5.162432826085e-12      -9.220742012878e-12       0.000000000000e+00       5.092091494858e-15       2.671802327286e-16       2.227886646161e-16 
 1037       1.390614784356e-10       5.129086130989e-12      -9.343273510720e-12       0.000000000000e+00       5.073225348370e-15       2.566501531139e-16       2.214584348325e-16 
 1038       1.393508303906e-10       5.095212854569e-12      -9.462626188045e-12       0.000000000000e+00       5.054444055802e-15       2.462339527088e-16       2.201254266771e-16 
 1039       1.396509425629e-10       5.060827321880e-12      -9.578787434105e-12       0.000000000000e+00       5.035747329220e-15       2.359335355757e-16       2.187893565704e-16 
 1040       1.399615030694e-10       5.025943982456e-12      -9.691744656722e-12       0.000000000000e+00       5.017134873498e-15       2.257508157048e-16       2.174499387052e-16 
 1041       1.402821972801e-10       4.990577410622e-12      -9.801485282435e-12       0.000000000000e+00       4.998606386290e-15       2.156877170341e-16       2.161068850407e-16 
 1042       1.406127078106e-10       4.954742305797e-12      -9.907996756637e-12       0.000000000000e+00       4.980161558007e-15       2.057461734686e-16       2.147599052971e-16 
 1043       1.409527145157e-10       4.918453492809e-12      -1.001126654372e-11       0.000000000000e+00       4.961800071801e-15       1.959281289004e-16       2.134087069503e-16 
 1044       1.413018944826e-10       4.881725922200e-12      -1.011128212721e-11       0.000000000000e+00       4.943521603536e-15       1.862355372282e-16       2.120529952266e-16 
 1045       1.416599220235e-10       4.844574670538e-12      -1.020803100991e-11       0.000000000000e+00       4.925325821768e-15       1.766703623770e-16       2.106924730969e-16 
 1046       1.420264686693e-10       4.807014940722e-12      -1.030150071404e-11       0.000000000000e+00       4.907212387724e-15       1.672345783178e-16       2.093268412713e-16 
 1047       1.424012031623e-10       4.769062062297e-12      -1.039167878140e-11       0.000000000000e+00       4.889180955280e-15       1.579301690873e-16       2.079557981938e-16 
 1048       1.427837914497e-10       4.730731491759e-12      -1.047855277346e-11       0.000000000000e+00       4.871231170936e-15       1.487591288078e-16       2.065790400369e-16 
 1049       1.431738966764e-10       4.692038812863e-12      -1.056211027156e-11       0.000000000000e+00       4.853362673795e-15       1.397234617064e-16       2.051962606959e-16 
 1050       1.435711791783e-10       4.652999736937e-12      -1.064233887701e-11       0.000000000000e+00       4.835575095542e-15       1.308251821351e-16       2.038071517838e-16 
 1051       1.439752964753e-10       4.613630103188e-12      -1.071922621123e-11       0.000000000000e+00       4.817868060421e-15       1.220663145906e-16       2.024114026252e-16 
 1052       1.443859032646e-10       4.573945879008e-12      -1.079275991594e-11       0.000000000000e+00       4.800241185210e-15       1.134488937335e-16       2.010087002518e-16 
 1053       1.448026514136e-10       4.533963160291e-12      -1.086292765323e-11       0.000000000000e+00       4.782694079205e-15       1.049749644083e-16       1.995987293961e-16 
 1054       1.452251899533e-10       4.493698171735e-12      -1.092971710576e-11       0.000000000000e+00       4.765226344190e-15       9.664658166316e-17       1.981811724864e-16 
 1055       1.456531650713e-10       4.453167267153e-12      -1.099311597686e-11       0.000000000000e+00       4.747837574422e-15       8.846581076947e-17       1.967557096411e-16 
 1056       1.460862201046e-10       4.412386929784e-12      -1.105311199071e-11       0.000000000000e+00       4.730527356604e-15       8.043472724154e-17       1.953220186635e-16 
 1057       1.465239955334e-10       4.371373772602e-12      -1.110969289244e-11       0.000000000000e+00       4.713295269862e-15       7.255541685633e-17       1.938797750363e-16 
 1058       1.469661289735e-10       4.330144538622e-12      -1.116284644831e-11       0.000000000000e+00       4.696140885729e-15       6.482997567315e-17       1.924286519158e-16 
 1059       1.474122551702e-10       4.288716101211e-12      -1.121256044580e-11       0.000000000000e+00       4.679063768114e-15       5.726051005330e-17       1.909683201270e-16 
 1060       1.478620059906e-10       4.247105464398e-12      -1.125882269381e-11       0.000000000000e+00       4.662063473288e-15       4.984913667984e-17       1.894984481577e-16 
 1061       1.483150104174e-10       4.205329763183e-12      -1.130162102277e-11       0.000000000000e+00       4.645139549856e-15       4.259798257719e-17       1.880187021532e-16 
 1062       1.487708945414e-10       4.163406263844e-12      -1.134094328477e-11       0.000000000000e+00       4.628291538737e-15       3.550918513093e-17       1.865287459109e-16 
 1063       1.492292815554e-10       4.121352364248e-12      -1.137677735373e-11       0.000000000000e+00       4.611518973142e-15       2.858489210740e-17       1.850282408750e-16 
 1064       1.496897917467e-10       4.079185594159e-12      -1.140911112552e-11       0.000000000000e+00       4.594821378550e-15       2.182726167344e-17       1.835168461305e-16 
 1065       1.501520424903e-10       4.036923615548e-12      -1.143793251810e-11       0.000000000000e+00       4.578198272688e-15       1.523846241608e-17       1.819942183984e-16 
 1066       1.506156482424e-10       3.994584222904e-12      -1.146322947169e-11       0.000000000000e+00       4.561649165507e-15       8.820673362201e-18       1.804600120299e-16 
 1067       1.510802205330e-10       3.952185343536e-12      -1.148498994886e-11       0.000000000000e+00       4.545173559161e-15       2.576083998279e-18       1.789138790008e-16 
 1068       1.515453679596e-10       3.909745037892e-12      -1.150320193472e-11       0.000000000000e+00       4.528770947982e-15      -3.493105709960e-18       1.773554689064e-16 
 1069       1.520106961797e-10       3.867281499859e-12      -1.151785343704e-11       0.000000000000e+00       4.512440818463e-15      -9.384685297837e-18       1.757844289561e-16 
 1070       1.524758079045e-10       3.824813057080e-12      -1.152893248637e-11       0.000000000000e+00       4.496182649229e-15      -1.509643378203e-17       1.742004039673e-16 
 1071       1.529403028916e-10       3.782358171256e-12      -1.153642713623e-11       0.000000000000e+00       4.479995911022e-15      -2.062611964086e-17       1.726030363608e-16 
 1072       1.534037779384e-10       3.739935438460e-12      -1.154032546320e-11       0.000000000000e+00       4.463880066671e-15      -2.597150079464e-17       1.709919661547e-16 
 1073       1.538658581142e-10       3.697562530170e-12      -1.154062329028e-11       0.000000000000e+00       4.447834626451e-15      -3.113116340179e-17       1.693669425593e-16 
 1074       1.543262909361e-10       3.655252999960e-12      -1.153734747158e-11       0.000000000000e+00       4.431859315001e-15      -3.610705079463e-17       1.677281604356e-16 
 1075       1.547848534618e-10       3.613019433939e-12      -1.153053292497e-11       0.000000000000e+00       4.415953906635e-15      -4.090196894046e-17       1.660759284075e-16 
 1076       1.552413211634e-10       3.570874506284e-12      -1.152021493858e-11       0.000000000000e+00       4.400118170150e-15      -4.551875081596e-17       1.644105576831e-16 
 1077       1.556954679234e-10       3.528830979437e-12      -1.150642917173e-11       0.000000000000e+00       4.384351868817e-15      -4.996025647486e-17       1.627323620611e-16 
 1078       1.561470660313e-10       3.486901704304e-12      -1.148921165592e-11       0.000000000000e+00       4.368654760359e-15      -5.422937311560e-17       1.610416579368e-16 
 1079       1.565958861800e-10       3.445099620452e-12      -1.146859879574e-11       0.000000000000e+00       4.353026596936e-15      -5.832901514897e-17       1.593387643086e-16 
 1080       1.570416974621e-10       3.403437756312e-12      -1.144462736982e-11       0.000000000000e+00       4.337467125132e-15      -6.226212426577e-17       1.576240027836e-16 
 1081       1.574842673661e-10       3.361929229375e-12      -1.141733453177e-11       0.000000000000e+00       4.321976085932e-15      -6.603166950447e-17       1.558976975845e-16 
 1082       1.579233617733e-10       3.320587246389e-12      -1.138675781116e-11       0.000000000000e+00       4.306553214712e-15      -6.964064731884e-17       1.541601755550e-16 
 1083       1.583587449536e-10       3.279425103562e-12      -1.135293511442e-11       0.000000000000e+00       4.291198241216e-15      -7.309208164563e-17       1.524117661666e-16 
 1084       1.587901795623e-10       3.238456186758e-12      -1.131590472581e-11       0.000000000000e+00       4.275910889545e-15      -7.638902397222e-17       1.506528015244e-16 
 1085       1.592174266362e-10       3.197693971698e-12      -1.127570530837e-11       0.000000000000e+00       4.260690878140e-15      -7.953455340425e-17       1.488836163735e-16 
 1086       1.596402455901e-10       3.157152024155e-12      -1.123237590484e-11       0.000000000000e+00       4.245537919761e-15      -8.253177673329e-17       1.471045481049e-16 
 1087       1.600583942131e-10       3.116844000156e-12      -1.118595593864e-11       0.000000000000e+00       4.230451721475e-15      -8.538382850452e-17       1.453159367619e-16 
 1088       1.604716286652e-10       3.076783646182e-12      -1.113648521477e-11       0.000000000000e+00       4.215431984637e-15      -8.809387108431e-17       1.435181250462e-16 
 1089       1.608797034734e-10       3.036984799361e-12      -1.108400392080e-11       0.000000000000e+00       4.200478404876e-15      -9.066509472796e-17       1.417114583240e-16 
 1090       1.612823715282e-10       2.997461387674e-12      -1.102855262779e-11       0.000000000000e+00       4.185590672075e-15      -9.310071764729e-17       1.398962846322e-16 
 1091       1.616793840801e-10       2.958227430148e-12      -1.097017229124e-11       0.000000000000e+00       4.170768470357e-15      -9.540398607833e-17       1.380729546848e-16 
 1092       1.620704907355e-10       2.919297037059e-12      -1.090890425205e-11       0.000000000000e+00       4.156011478069e-15      -9.757817434894e-17       1.362418218786e-16 
 1093       1.624554394539e-10       2.880684410128e-12      -1.084479023742e-11       0.000000000000e+00       4.141319367764e-15      -9.962658494652e-17       1.344032422999e-16 
 1094       1.628339765434e-10       2.842403842719e-12      -1.077787236186e-11       0.000000000000e+00       4.126691806183e-15      -1.015525485856e-16       1.325575747302e-16 
 1095       1.632058466577e-10       2.804469720044e-12      -1.070819312809e-11       0.000000000000e+00       4.112128454242e-15      -1.033594242755e-16       1.307051806525e-16 
 1096       1.635707927922e-10       2.766896519352e-12      -1.063579542799e-11       0.000000000000e+00       4.097628967014e-15      -1.050505993880e-16       1.288464242579e-16 
 1097       1.639285562806e-10       2.729698810138e-12      -1.056072254355e-11       0.000000000000e+00       4.083192993712e-15      -1.066294897250e-16       1.269816724511e-16 
 1098       1.642788767907e-10       2.692891254334e-12      -1.048301814784e-11       0.000000000000e+00       4.068820177672e-15      -1.080995395863e-16       1.251112948569e-16 
 1099       1.646214923216e-10       2.656488606512e-12      -1.040272630591e-11       0.000000000000e+00       4.054510156338e-15      -1.094642218370e-16       1.232356638265e-16 
 1100       1.649561391995e-10       2.620505714080e-12      -1.031989147576e-11       0.000000000000e+00       4.040262561246e-15      -1.107270379752e-16       1.213551544434e-16 
 1101       1.652825520743e-10       2.584957517485e-12      -1.023455850929e-11       0.000000000000e+00       4.026077018004e-15      -1.118915181998e-16       1.194701445297e-16 
 1102       1.656004639158e-10       2.549859050406e-12      -1.014677265324e-11       0.000000000000e+00       4.011953146279e-15      -1.129612214782e-16       1.175810146524e-16 
 1103       1.659096060104e-10       2.515225439958e-12      -1.005657955013e-11       0.000000000000e+00       3.997890559779e-15      -1.139397356137e-16       1.156881481291e-16 
 1104       1.662097079571e-10       2.481071906889e-12      -9.964025239189e-12       0.000000000000e+00       3.983888866238e-15      -1.148306773133e-16       1.137919310349e-16 
 1105       1.665004976642e-10       2.447413765776e-12      -9.869156157352e-12       0.000000000000e+00       3.969947667396e-15      -1.156376922554e-16       1.118927522078e-16 
 1106       1.667817013453e-10       2.414266425231e-12      -9.772019140153e-12       0.000000000000e+00       3.956066558987e-15      -1.163644551574e-16       1.099910032554e-16 
 1107       1.670530435163e-10       2.381645388090e-12      -9.672661422693e-12       0.000000000000e+00       3.942245130718e-15      -1.170146698432e-16       1.080870785610e-16 
 1108       1.673142469910e-10       2.349566251620e-12      -9.571130640583e-12       0.000000000000e+00       3.928482966256e-15      -1.175920693112e-16       1.061813752895e-16 
 1109       1.675650328782e-10       2.318044707714e-12      -9.467474830888e-12       0.000000000000e+00       3.914779643212e-15      -1.181004158017e-16       1.042742933938e-16 
 1110       1.678051205774e-10       2.287096543090e-12      -9.361742433070e-12       0.000000000000e+00       3.901134733118e-15      -1.185435008646e-16       1.023662356209e-16 
 1111       1.680342277758e-10       2.256737639491e-12      -9.253982289937e-12       0.000000000000e+00       3.887547801420e-15      -1.189251454269e-16       1.004576075180e-16 
 1112       1.682521125139e-10       2.226981962224e-12      -9.144244755487e-12       0.000000000000e+00       3.874018452400e-15      -1.192486933316e-16       9.854880026100e-17 
 1113       1.684586999958e-10       2.197835496437e-12      -9.032585032489e-12       0.000000000000e+00       3.860546464644e-15      -1.195154845293e-16       9.664013887927e-17 
 1114       1.686539574382e-10       2.169302231552e-12      -8.919059880637e-12       0.000000000000e+00       3.847131657323e-15      -1.197263619570e-16       9.473193336264e-17 
 1115       1.688378521525e-10       2.141386165705e-12      -8.803726514681e-12       0.000000000000e+00       3.833773845399e-15      -1.198821762662e-16       9.282449578203e-17 
 1116       1.690103515450e-10       2.114091305747e-12      -8.686642605480e-12       0.000000000000e+00       3.820472839610e-15      -1.199837858417e-16       9.091814029402e-17 
 1117       1.691714231177e-10       2.087421667250e-12      -8.567866281051e-12       0.000000000000e+00       3.807228446460e-15      -1.200320568197e-16       8.901318314531e-17 
 1118       1.693210344683e-10       2.061381274507e-12      -8.447456127623e-12       0.000000000000e+00       3.794040468204e-15      -1.200278631067e-16       8.710994267725e-17 
 1119       1.694591532912e-10       2.035974160542e-12      -8.325471190693e-12       0.000000000000e+00       3.780908702840e-15      -1.199720863978e-16       8.520873933030e-17 
 1120       1.695857473774e-10       2.011204367106e-12      -8.201970976072e-12       0.000000000000e+00       3.767832944094e-15      -1.198656161956e-16       8.330989564859e-17 
 1121       1.697007846155e-10       1.987075944688e-12      -8.077015450943e-12       0.000000000000e+00       3.754812981407e-15      -1.197093498283e-16       8.141373628439e-17 
 1122       1.698042329918e-10       1.963592952515e-12      -7.950665044910e-12       0.000000000000e+00       3.741848599926e-15      -1.195041924684e-16       7.952058800261e-17 
 1123       1.698960605908e-10       1.940759458554e-12      -7.822980651053e-12       0.000000000000e+00       3.728939580489e-15      -1.192510571515e-16       7.763077968534e-17 
 1124       1.699762355956e-10       1.918579539520e-12      -7.694023626978e-12       0.000000000000e+00       3.716085699615e-15      -1.189508647944e-16       7.574464233630e-17 
 1125       1.700447262888e-10       1.897057280877e-12      -7.563855795872e-12       0.000000000000e+00       3.703286729490e-15      -1.186045442140e-16       7.386250908539e-17 
 1126       1.701015010522e-10       1.876196776845e-12      -7.432539447553e-12       0.000000000000e+00       3.690542437956e-15      -1.182130321458e-16       7.198471519315e-17 
 1127       1.701465283681e-10       1.856002130397e-12      -7.300137339525e-12       0.000000000000e+00       3.677852588499e-15      -1.177772732620e-16       7.011159805532e-17 
 1128       1.701797768189e-10       1.836477453270e-12      -7.166712698027e-12       0.000000000000e+00       3.665216940235e-15      -1.172982201908e-16       6.824349720728e-17 
 1129       1.702012150884e-10       1.817626865966e-12      -7.032329219091e-12       0.000000000000e+00       3.652635247901e-15      -1.167768335343e-16       6.638075432861e-17 
 1130       1.702108119615e-10       1.799454497753e-12      -6.897051069588e-12       0.000000000000e+00       3.640107261840e-15      -1.162140818872e-16       6.452371324755e-17 
 1131       1.702085363252e-10       1.781964486675e-12      -6.760942888285e-12       0.000000000000e+00       3.627632727990e-15      -1.156109418558e-16       6.267271994553e-17 
 1132       1.701943571688e-10       1.765160979549e-12      -6.624069786896e-12       0.000000000000e+00       3.615211387872e-15      -1.149683980757e-16       6.082812256167e-17 
 1133       1.701682435844e-10       1.749048131973e-12      -6.486497351134e-12       0.000000000000e+00       3.602842978578e-15      -1.142874432310e-16       5.899027139726e-17 
 1134       1.701301647675e-10       1.733630108328e-12      -6.348291641764e-12       0.000000000000e+00       3.590527232758e-15      -1.135690780728e-16       5.715951892031e-17 
 1135       1.700800900170e-10       1.718911081784e-12      -6.209519195658e-12       0.000000000000e+00       3.578263878607e-15      -1.128143114373e-16       5.533621976999e-17 
 1136       1.700179887364e-10       1.704895234300e-12      -6.070247026840e-12       0.000000000000e+00       3.566052639857e-15      -1.120241602647e-16       5.352073076120e-17 
 1137       1.699438304335e-10       1.691586756631e-12      -5.930542627548e-12       0.000000000000e+00       3.553893235760e-15      -1.111996496178e-16       5.171341088903e-17 
 1138       1.698575847214e-10       1.678989848330e-12      -5.790473969279e-12       0.000000000000e+00       3.541785381078e-15      -1.103418127004e-16       4.991462133327e-17 
 1139       1.697592213187e-10       1.667108717753e-12      -5.650109503847e-12       0.000000000000e+00       3.529728786072e-15      -1.094516908756e-16       4.812472546294e-17 
 1140       1.696487100500e-10       1.655947582062e-12      -5.509518164430e-12       0.000000000000e+00       3.517723156487e-15      -1.085303336849e-16       4.634408884073e-17 
 1141       1.695260208462e-10       1.645510667228e-12      -5.368769366628e-12       0.000000000000e+00       3.505768193543e-15      -1.075787988661e-16       4.457307922760e-17 
 1142       1.693911237456e-10       1.635802208037e-12      -5.227933009509e-12       0.000000000000e+00       3.493863593920e-15      -1.065981523726e-16       4.281206658718e-17 
 1143       1.692439888933e-10       1.626826448091e-12      -5.087079476671e-12       0.000000000000e+00       3.482009049747e-15      -1.055894683912e-16       4.106142309037e-17 
 1144       1.690845865426e-10       1.618587639814e-12      -4.946279637282e-12       0.000000000000e+00       3.470204248590e-15      -1.045538293610e-16       3.932152311975e-17 
 1145       1.689128870549e-10       1.611090044454e-12      -4.805604847146e-12       0.000000000000e+00       3.458448873442e-15      -1.034923259919e-16       3.759274327416e-17 
 1146       1.687288609006e-10       1.604337932089e-12      -4.665126949743e-12       0.000000000000e+00       3.446742602705e-15      -1.024060572832e-16       3.587546237317e-17 
 1147       1.685324786591e-10       1.598335581629e-12      -4.524918277291e-12       0.000000000000e+00       3.435085110185e-15      -1.012961305422e-16       3.417006146157e-17 
 1148       1.683237110194e-10       1.593087280818e-12      -4.385051651792e-12       0.000000000000e+00       3.423476065074e-15      -1.001636614022e-16       3.247692381392e-17 
 1149       1.681025287809e-10       1.588597326243e-12      -4.245600386089e-12       0.000000000000e+00       3.411915131941e-15      -9.900977384204e-17       3.079643493899e-17 
 1150       1.678689028533e-10       1.584870023333e-12      -4.106638284915e-12       0.000000000000e+00       3.400401970719e-15      -9.783560020360e-17       2.912898258431e-17 
 1151       1.676228328842e-10       1.581907935804e-12      -3.968234346593e-12       0.000000000000e+00       3.388936270995e-15      -9.664165769453e-17       2.747486638147e-17 
 1152       1.673644335385e-10       1.579706609653e-12      -3.830436792353e-12       0.000000000000e+00       3.377517855380e-15      -9.542596918966e-17       2.583402551690e-17 
 1153       1.670938493149e-10       1.578259782177e-12      -3.693288836319e-12       0.000000000000e+00       3.366146577428e-15      -9.418591860550e-17       2.420630761216e-17 
 1154       1.668112260224e-10       1.577561126311e-12      -3.556833967048e-12       0.000000000000e+00       3.354822287441e-15      -9.291887221481e-17       2.259155876591e-17 
 1155       1.665167107827e-10       1.577604250465e-12      -3.421115948102e-12       0.000000000000e+00       3.343544832466e-15      -9.162217860871e-17       2.098962355021e-17 
 1156       1.662104520333e-10       1.578382698376e-12      -3.286178818620e-12       0.000000000000e+00       3.332314056278e-15      -9.029316865882e-17       1.940034500683e-17 
 1157       1.658925995311e-10       1.579889948949e-12      -3.152066893891e-12       0.000000000000e+00       3.321129799379e-15      -8.892915547930e-17       1.782356464362e-17 
 1158       1.655633043545e-10       1.582119416104e-12      -3.018824765927e-12       0.000000000000e+00       3.309991898982e-15      -8.752743438903e-17       1.625912243076e-17 
 1159       1.652227189075e-10       1.585064448621e-12      -2.886497304036e-12       0.000000000000e+00       3.298900189006e-15      -8.608528287372e-17       1.470685679719e-17 
 1160       1.648709969219e-10       1.588718329987e-12      -2.755129655397e-12       0.000000000000e+00       3.287854500068e-15      -8.459996054796e-17       1.316660462683e-17 
 1161       1.645082934609e-10       1.593074278236e-12      -2.624767245629e-12       0.000000000000e+00       3.276854659468e-15      -8.306870911741e-17       1.163820125499e-17 
 1162       1.641347649217e-10       1.598125445803e-12      -2.495455779366e-12       0.000000000000e+00       3.265900491189e-15      -8.148875234087e-17       1.012148046465e-17 
 1163       1.637505690390e-10       1.603864919360e-12      -2.367241240829e-12       0.000000000000e+00       3.254991815877e-15      -7.985729599238e-17       8.616274482782e-18 
 1164       1.633558648877e-10       1.610285719670e-12      -2.240169894402e-12       0.000000000000e+00       3.244128450843e-15      -7.817152782340e-17       7.122413976713e-18 
 1165       1.629508128861e-10       1.617380801424e-12      -2.114288285198e-12       0.000000000000e+00       3.233310210046e-15      -7.642861752483e-17       5.639728050418e-18 
 1166       1.625355747989e-10       1.625143053092e-12      -1.989643239640e-12       0.000000000000e+00       3.222536904087e-15      -7.462571668920e-17       4.168044240856e-18 
 1167       1.621103137403e-10       1.633565296769e-12      -1.866281866029e-12       0.000000000000e+00       3.211808340200e-15      -7.275995877272e-17       2.707188514299e-18 
 1168       1.616751941770e-10       1.642640288015e-12      -1.744251555118e-12       0.000000000000e+00       3.201124322243e-15      -7.082845905747e-17       1.256985262654e-18 
 1169       1.612303819313e-10       1.652360715703e-12      -1.623599980684e-12       0.000000000000e+00       3.190484650687e-15      -6.882831461343e-17      -1.827427002095e-19 
 1170       1.607760441840e-10       1.662719201869e-12      -1.504375100103e-12       0.000000000000e+00       3.179889122612e-15      -6.675660426064e-17      -1.612174142135e-18 
 1171       1.603123494776e-10       1.673708301548e-12      -1.386625154921e-12       0.000000000000e+00       3.169337531690e-15      -6.461038853130e-17      -3.031489416352e-18 
 1172       1.598394677193e-10       1.685320502627e-12      -1.270398671428e-12       0.000000000000e+00       3.158829668183e-15      -6.238670963191e-17      -4.440870465149e-18 
 1173       1.593575701842e-10       1.697548225687e-12      -1.155744461228e-12       0.000000000000e+00       3.148365318932e-15      -6.008259140532e-17      -5.840500823551e-18 
 1174       1.588668295181e-10       1.710383823851e-12      -1.042711621818e-12       0.000000000000e+00       3.137944267345e-15      -5.769503929290e-17      -7.230565622992e-18 
 1175       1.583674197404e-10       1.723819582624e-12      -9.313495371549e-13       0.000000000000e+00       3.127566293392e-15      -5.522104029664e-17      -8.611251594986e-18 
 1176       1.578595162478e-10       1.737847719743e-12      -8.217078782305e-13       0.000000000000e+00       3.117231173595e-15      -5.265756294124e-17      -9.982747074807e-18 
 1177       1.573432958167e-10       1.752460385023e-12      -7.138366036452e-13       0.000000000000e+00       3.106938681016e-15      -5.000155723626e-17      -1.134524200516e-17 
 1178       1.568189366065e-10       1.767649660197e-12      -6.077859601797e-13       0.000000000000e+00       3.096688585251e-15      -4.724995463819e-17      -1.269892793985e-17 
 1179       1.562866181627e-10       1.783407558767e-12      -5.036064833687e-13       0.000000000000e+00       3.086480652421e-15      -4.439966801259e-17      -1.404399804747e-17 
 1180       1.557465214198e-10       1.799726025845e-12      -4.013489980730e-13       0.000000000000e+00       3.076314645161e-15      -4.144759159620e-17      -1.538064711507e-17 
 1181       1.551988287045e-10       1.816596938004e-12      -3.010646190531e-13       0.000000000000e+00       3.066190322612e-15      -3.839060095906e-17      -1.670907155180e-17 
 1182       1.546437237388e-10       1.834012103116e-12      -2.028047515415e-13       0.000000000000e+00       3.056107440413e-15      -3.522555296660e-17      -1.802946939265e-17 
 1183       1.540813916425e-10       1.851963260201e-12      -1.066210918161e-13       0.000000000000e+00       3.046065750690e-15      -3.194928574175e-17      -1.934204030207e-17 
 1184       1.535120189372e-10       1.870442079275e-12      -1.256562777256e-14       0.000000000000e+00       3.036065002048e-15      -2.855861862710e-17      -2.064698557764e-17 
 1185       1.529357935484e-10       1.889440161190e-12       7.930936050249e-14       0.000000000000e+00       3.026104939563e-15      -2.505035214696e-17      -2.194450815380e-17 
 1186       1.523529048092e-10       1.908949037483e-12       1.689513001586e-13       0.000000000000e+00       3.016185304768e-15      -2.142126796949e-17      -2.323481260546e-17 
 1187       1.517635434631e-10       1.928960170221e-12       2.563073250089e-13       0.000000000000e+00       3.006305835653e-15      -1.766812886884e-17      -2.451810515172e-17 
 1188       1.511679016669e-10       1.949464951844e-12       3.413242749566e-13       0.000000000000e+00       2.996466266648e-15      -1.378767868721e-17      -2.579459365953e-17 
 1189       1.505661729940e-10       1.970454705013e-12       4.239486954229e-13       0.000000000000e+00       2.986666328615e-15      -9.776642297004e-18      -2.706448764733e-17 
 1190       1.499585543771e-10       1.991920161133e-12       5.041348205476e-13       0.000000000000e+00       2.976905774046e-15      -5.633278999751e-18      -2.832794182659e-17 
 1191       1.493452519558e-10       2.013849889225e-12       5.818686312826e-13       0.000000000000e+00       2.967184453000e-15      -1.362063685229e-18      -2.958488595959e-17 
 1192       1.487264753069e-10       2.036231847448e-12       6.571440916556e-13       0.000000000000e+00       2.957502238075e-15       3.030936906244e-18      -3.083519291916e-17 
 1193       1.481024355144e-10       2.059053902473e-12       7.299551919011e-13       0.000000000000e+00       2.947858999289e-15       7.539612311935e-18      -3.207873496015e-17 
 1194       1.474733451725e-10       2.082303829285e-12       8.002959485638e-13       0.000000000000e+00       2.938254604069e-15       1.215780825305e-17      -3.331538371837e-17 
 1195       1.468394183890e-10       2.105969310981e-12       8.681604046017e-13       0.000000000000e+00       2.928688917245e-15       1.687932654111e-17      -3.454501020950e-17 
 1196       1.462008707888e-10       2.130037938572e-12       9.335426294892e-13       0.000000000000e+00       2.919161801044e-15       2.169792498429e-17      -3.576748482792e-17 
 1197       1.455579195165e-10       2.154497210788e-12       9.964367193199e-13       0.000000000000e+00       2.909673115082e-15       2.660731729378e-17      -3.698267734567e-17 
 1198       1.449107832400e-10       2.179334533874e-12       1.056836796910e-12       0.000000000000e+00       2.900222716357e-15       3.160117299016e-17      -3.819045691129e-17 
 1199       1.442596821536e-10       2.204537221394e-12       1.114737011902e-12       0.000000000000e+00       2.890810459243e-15       3.667311730977e-17      -3.939069204877e-17 
 1200       1.436048379813e-10       2.230092494032e-12       1.170131540866e-12       0.000000000000e+00       2.881436195482e-15       4.181673111103e-17      -4.058325065639e-17 
 1201       1.429464739800e-10       2.255987479393e-12       1.223014587405e-12       0.000000000000e+00       2.872099774180e-15       4.702555078084e-17      -4.176800000564e-17 
 1202       1.422848149426e-10       2.282209211803e-12       1.273380382256e-12       0.000000000000e+00       2.862801041794e-15       5.229306814089e-17      -4.294480674010e-17 
 1203       1.416200872013e-10       2.308744632112e-12       1.321223183395e-12       0.000000000000e+00       2.853539842132e-15       5.761273035411e-17      -4.411353687438e-17 
 1204       1.409525186307e-10       2.335580587494e-12       1.366537276138e-12       0.000000000000e+00       2.844316016342e-15       6.297793983091e-17      -4.527405579293e-17 
 1205       1.402823386512e-10       2.362703831249e-12       1.409316973247e-12       0.000000000000e+00       2.835129402906e-15       6.838205413565e-17      -4.642622824900e-17 
 1206       1.396097782322e-10       2.390101022604e-12       1.449556615029e-12       0.000000000000e+00       2.825979837633e-15       7.381838589293e-17      -4.756991836353e-17 
 1207       1.389350698950e-10       2.417758726513e-12       1.487250569442e-12       0.000000000000e+00       2.816867153652e-15       7.928020269398e-17      -4.870498962400e-17 
 1208       1.382584477163e-10       2.445663413459e-12       1.522393232201e-12       0.000000000000e+00       2.807791181406e-15       8.476072700301e-17      -4.983130488336e-17 
 1209       1.375801473316e-10       2.473801459257e-12       1.554979026872e-12       0.000000000000e+00       2.798751748644e-15       9.025313606357e-17      -5.094872635893e-17 
 1210       1.369004059378e-10       2.502159144852e-12       1.585002404984e-12       0.000000000000e+00       2.789748680415e-15       9.575056180492e-17      -5.205711563126e-17 
 1211       1.362194622969e-10       2.530722656123e-12       1.612457846130e-12       0.000000000000e+00       2.780781799060e-15       1.012460907484e-16      -5.315633364304e-17 
 1212       1.355375567392e-10       2.559478083680e-12       1.637339858065e-12       0.000000000000e+00       2.771850924206e-15       1.067327639137e-16      -5.424624069801e-17 
 1213       1.348549311663e-10       2.588411422672e-12       1.659642976817e-12       0.000000000000e+00       2.762955872759e-15       1.122035767253e-16      -5.532669645983e-17 
 1214       1.341718290543e-10       2.617508572582e-12       1.679361766784e-12       0.000000000000e+00       2.754096458895e-15       1.176514789190e-16      -5.639755995098e-17 
 1215       1.334884954574e-10       2.646755337031e-12       1.696490820839e-12       0.000000000000e+00       2.745272494058e-15       1.230693744479e-16      -5.745868955167e-17 
 1216       1.328051770105e-10       2.676137423577e-12       1.711024760434e-12       0.000000000000e+00       2.736483786948e-15       1.284501213890e-16      -5.850994299869e-17 
 1217       1.321221219330e-10       2.705640443521e-12       1.722958235703e-12       0.000000000000e+00       2.727730143516e-15       1.337865318496e-16      -5.955117738436e-17 
 1218       1.314395800316e-10       2.735249911703e-12       1.732285925564e-12       0.000000000000e+00       2.719011366957e-15       1.390713718736e-16      -6.058224915540e-17 
 1219       1.307578027036e-10       2.764951246304e-12       1.739002537822e-12       0.000000000000e+00       2.710327257706e-15       1.442973613476e-16      -6.160301411179e-17 
 1220       1.300770429405e-10       2.794729768652e-12       1.743102809273e-12       0.000000000000e+00       2.701677613426e-15       1.494571739077e-16      -6.261332740573e-17 
 1221       1.293975553304e-10       2.824570703015e-12       1.744581505807e-12       0.000000000000e+00       2.693062229002e-15       1.545434368458e-16      -6.361304354046e-17 
 1222       1.287195960622e-10       2.854459176411e-12       1.743433422512e-12       0.000000000000e+00       2.684480896539e-15       1.595487310155e-16      -6.460201636923e-17 
 1223       1.280434229280e-10       2.884380218403e-12       1.739653383774e-12       0.000000000000e+00       2.675933405350e-15       1.644655907391e-16      -6.558009909412e-17 
 1224       1.273692953266e-10       2.914318760901e-12       1.733236243383e-12       0.000000000000e+00       2.667419541949e-15       1.692865037133e-16      -6.654714426500e-17 
 1225       1.266974742669e-10       2.944259637966e-12       1.724176884635e-12       0.000000000000e+00       2.658939090050e-15       1.740039109162e-16      -6.750300377836e-17 
 1226       1.260282223709e-10       2.974187585610e-12       1.712470220437e-12       0.000000000000e+00       2.650491830551e-15       1.786102065132e-16      -6.844752887625e-17 
 1227       1.253618038769e-10       3.004087241594e-12       1.698111193405e-12       0.000000000000e+00       2.642077541536e-15       1.830977377637e-16      -6.938057014516e-17 
 1228       1.246984846427e-10       3.033943145235e-12       1.681094775974e-12       0.000000000000e+00       2.633695998261e-15       1.874588049269e-16      -7.030197751492e-17 
 1229       1.240385109313e-10       3.063740630829e-12       1.661421807940e-12       0.000000000000e+00       2.625346995192e-15       1.916878601000e-16      -7.121161359383e-17 
 1230       1.233820454848e-10       3.093468519978e-12       1.639116584891e-12       0.000000000000e+00       2.617030412395e-15       1.957881325434e-16      -7.210939385002e-17 
 1231       1.227292306962e-10       3.123116460888e-12       1.614209479184e-12       0.000000000000e+00       2.608746149920e-15       1.997650819715e-16      -7.299524690582e-17 
 1232       1.220802097598e-10       3.152674037529e-12       1.586731122039e-12       0.000000000000e+00       2.600494105829e-15       2.036242068505e-16      -7.386910124482e-17 
 1233       1.214351266732e-10       3.182130769498e-12       1.556712404108e-12       0.000000000000e+00       2.592274176188e-15       2.073710444790e-16      -7.473088521179e-17 
 1234       1.207941262381e-10       3.211476111897e-12       1.524184476039e-12       0.000000000000e+00       2.584086255062e-15       2.110111710694e-16      -7.558052701270e-17 
 1235       1.201573540622e-10       3.240699455201e-12       1.489178749047e-12       0.000000000000e+00       2.575930234515e-15       2.145502018286e-16      -7.641795471458e-17 
 1236       1.195249565607e-10       3.269790125133e-12       1.451726895474e-12       0.000000000000e+00       2.567806004596e-15       2.179937910388e-16      -7.724309624557e-17 
 1237       1.188970809579e-10       3.298737382537e-12       1.411860849363e-12       0.000000000000e+00       2.559713453344e-15       2.213476321388e-16      -7.805587939477e-17 
 1238       1.182738752885e-10       3.327530423246e-12       1.369612807019e-12       0.000000000000e+00       2.551652466773e-15       2.246174578043e-16      -7.885623181229e-17 
 1239       1.176554883994e-10       3.356158377957e-12       1.325015227575e-12       0.000000000000e+00       2.543622928874e-15       2.278090400295e-16      -7.964408100915e-17 
 1240       1.170420699510e-10       3.384610312104e-12       1.278100833564e-12       0.000000000000e+00       2.535624721607e-15       2.309281902075e-16      -8.041935435720e-17 
 1241       1.164337704188e-10       3.412875225726e-12       1.228902611480e-12       0.000000000000e+00       2.527657724896e-15       2.339807592114e-16      -8.118197908917e-17 
 1242       1.158307410950e-10       3.440942053343e-12       1.177453812348e-12       0.000000000000e+00       2.519721816623e-15       2.369726374754e-16      -8.193188229853e-17 
 1243       1.152331340900e-10       3.468799663830e-12       1.123787952288e-12       0.000000000000e+00       2.511816872625e-15       2.399097550754e-16      -8.266899093947e-17 
 1244       1.146411023339e-10       3.496436860281e-12       1.067938813082e-12       0.000000000000e+00       2.503942766688e-15       2.427980818101e-16      -8.339323182689e-17 
 1245       1.140547995778e-10       3.523842379890e-12       1.009940442742e-12       0.000000000000e+00       2.496099370540e-15       2.456436272818e-16      -8.410453163629e-17 
 1246       1.134743803960e-10       3.551004893818e-12       9.498271560761e-13       0.000000000000e+00       2.488286553848e-15       2.484524409774e-16      -8.480281690377e-17 
 1247       1.129000001866e-10       3.577913007065e-12       8.876335352535e-13       0.000000000000e+00       2.480504184212e-15       2.512306123495e-16      -8.548801402595e-17 
 1248       1.123318151739e-10       3.604555258348e-12       8.233944303721e-13       0.000000000000e+00       2.472752127161e-15       2.539842708969e-16      -8.616004925997e-17 
 1249       1.117699824092e-10       3.630920119963e-12       7.571449600248e-13       0.000000000000e+00       2.465030246146e-15       2.567195862458e-16      -8.681884872338e-17 
 1250       1.112146597729e-10       3.656995997667e-12       6.889205118661e-13       0.000000000000e+00       2.457338402535e-15       2.594427682307e-16      -8.746433839413e-17 
 1251       1.106660059758e-10       3.682771230545e-12       6.187567431783e-13       0.000000000000e+00       2.449676455610e-15       2.621600669752e-16      -8.809644411051e-17 
 1252       1.101241805605e-10       3.708234090882e-12       5.466895814385e-13       0.000000000000e+00       2.442044262558e-15       2.648777729731e-16      -8.871509157111e-17 
 1253       1.095893439030e-10       3.733372784037e-12       4.727552248843e-13       0.000000000000e+00       2.434441678471e-15       2.676022171691e-16      -8.932020633478e-17 
 1254       1.090616572145e-10       3.758175448315e-12       3.969901430812e-13       0.000000000000e+00       2.426868556336e-15       2.703397710399e-16      -8.991171382056e-17 
 1255       1.085412825424e-10       3.782630154837e-12       3.194310774884e-13       0.000000000000e+00       2.419324747033e-15       2.730968466749e-16      -9.048953930765e-17 
 1256       1.080283827724e-10       3.806724907415e-12       2.401150420255e-13       0.000000000000e+00       2.411810099327e-15       2.758798968574e-16      -9.105360793533e-17 
 1257       1.075231216296e-10       3.830447642422e-12       1.590793236391e-13       0.000000000000e+00       2.404324459868e-15       2.786954151453e-16      -9.160384470298e-17 
 1258       1.070256636801e-10       3.853786228664e-12       7.636148286923e-14       0.000000000000e+00       2.396867673177e-15       2.815499359521e-16      -9.214017446996e-17 
 1259       1.065361743330e-10       3.876728467255e-12      -8.000645584250e-15       0.000000000000e+00       2.389439581652e-15       2.844500346279e-16      -9.266252195560e-17 
 1260       1.060548198410e-10       3.899262091487e-12      -9.396895229507e-14       0.000000000000e+00       2.382040025552e-15       2.874023275399e-16      -9.317081173915e-17 
 1261       1.055817673028e-10       3.921374766699e-12      -1.815050525441e-13       0.000000000000e+00       2.374668843001e-15       2.904134721541e-16      -9.366496825971e-17 
 1262       1.051171846643e-10       3.943054090156e-12      -2.705702857528e-13       0.000000000000e+00       2.367325869975e-15       2.934901671154e-16      -9.414491581622e-17 
 1263       1.046612407200e-10       3.964287590915e-12      -3.611257149169e-13       0.000000000000e+00       2.360010940304e-15       2.966391523290e-16      -9.461057856738e-17 
 1264       1.042141051146e-10       3.985062729702e-12      -4.531321260397e-13       0.000000000000e+00       2.352723885660e-15       2.998672090411e-16      -9.506188053162e-17 
 1265       1.037759483447e-10       4.005366898779e-12      -5.465500275656e-13       0.000000000000e+00       2.345464535558e-15       3.031811599201e-16      -9.549874558703e-17 
 1266       1.033469417601e-10       4.025187421822e-12      -6.413396498139e-13       0.000000000000e+00       2.338232717346e-15       3.065878691370e-16      -9.592109747134e-17 
 1267       1.029272575656e-10       4.044511553786e-12      -7.374609444118e-13       0.000000000000e+00       2.331028256204e-15       3.100942424470e-16      -9.632885978187e-17 
 1268       1.025170401229e-10       4.063328149187e-12      -8.348728638958e-13       0.000000000000e+00       2.323850991274e-15       3.137051109657e-16      -9.672197577321e-17 
 1269       1.021163194930e-10       4.081632688220e-12      -9.335311925642e-13       0.000000000000e+00       2.316700824279e-15       3.174168556346e-16      -9.710046800027e-17 
 1270       1.017250969002e-10       4.099422308335e-12      -1.033390689488e-12       0.000000000000e+00       2.309577671458e-15       3.212237094101e-16      -9.746437936281e-17 
 1271       1.013433733402e-10       4.116694141082e-12      -1.134405805458e-12       0.000000000000e+00       2.302481447468e-15       3.251198668228e-16      -9.781375337148e-17 
 1272       1.009711495798e-10       4.133445312112e-12      -1.236530682361e-12       0.000000000000e+00       2.295412065388e-15       3.290994839004e-16      -9.814863414925e-17 
 1273       1.006084261562e-10       4.149672941170e-12      -1.339719152561e-12       0.000000000000e+00       2.288369436710e-15       3.331566780910e-16      -9.846906643288e-17 
 1274       1.002552033759e-10       4.165374142096e-12      -1.443924738281e-12       0.000000000000e+00       2.281353471333e-15       3.372855281860e-16      -9.877509557427e-17 
 1275       9.991148131497e-11       4.180546022817e-12      -1.549100650981e-12       0.000000000000e+00       2.274364077565e-15       3.414800742433e-16      -9.906676754195e-17 
 1276       9.957725981758e-11       4.195185685346e-12      -1.655199790736e-12       0.000000000000e+00       2.267401162117e-15       3.457343175101e-16      -9.934412892251e-17 
 1277       9.925253849593e-11       4.209290225779e-12      -1.762174745620e-12       0.000000000000e+00       2.260464630094e-15       3.500422203465e-16      -9.960722692197e-17 
 1278       9.893731672942e-11       4.222856734289e-12      -1.869977791084e-12       0.000000000000e+00       2.253554384998e-15       3.543977061483e-16      -9.985610936730e-17 
 1279       9.863159366408e-11       4.235882295126e-12      -1.978560889333e-12       0.000000000000e+00       2.246670328722e-15       3.587946592700e-16      -1.000908247077e-16 
 1280       9.833536821196e-11       4.248363986610e-12      -2.087875688712e-12       0.000000000000e+00       2.239812361543e-15       3.632269249481e-16      -1.003114220163e-16 
 1281       9.804863905051e-11       4.260298881131e-12      -2.197873523078e-12       0.000000000000e+00       2.232980382121e-15       3.676883092239e-16      -1.005179509913e-16 
 1282       9.777140462199e-11       4.271684045142e-12      -2.308505411187e-12       0.000000000000e+00       2.226174287495e-15       3.721725788670e-16      -1.007104619574e-16 
 1283       9.750366313281e-11       4.282516539159e-12      -2.419722056070e-12       0.000000000000e+00       2.219393973078e-15       3.766734612982e-16      -1.008890058676e-16 
 1284       9.724541255297e-11       4.292793417756e-12      -2.531473844413e-12       0.000000000000e+00       2.212639332652e-15       3.811846445123e-16      -1.010536343042e-16 
 1285       9.699665061539e-11       4.302511729559e-12      -2.643710845940e-12       0.000000000000e+00       2.205910258367e-15       3.856997770017e-16      -1.012043994804e-16 
 1286       9.675737481537e-11       4.311668517247e-12      -2.756382812786e-12       0.000000000000e+00       2.199206640735e-15       3.902124676792e-16      -1.013413542418e-16 
 1287       9.652758240991e-11       4.320260817548e-12      -2.869439178886e-12       0.000000000000e+00       2.192528368627e-15       3.947162858011e-16      -1.014645520676e-16 
 1288       9.630727041712e-11       4.328285661232e-12      -2.982829059345e-12       0.000000000000e+00       2.185875329268e-15       3.992047608902e-16      -1.015740470725e-16 
 1289       9.609643561562e-11       4.335740073108e-12      -3.096501249828e-12       0.000000000000e+00       2.179247408234e-15       4.036713826593e-16      -1.016698940075e-16 
 1290       9.589507454392e-11       4.342621072027e-12      -3.210404225931e-12       0.000000000000e+00       2.172644489446e-15       4.081096009338e-16      -1.017521482618e-16 
 1291       9.570318349978e-11       4.348925670870e-12      -3.324486142565e-12       0.000000000000e+00       2.166066455170e-15       4.125128255749e-16      -1.018208658640e-16 
 1292       9.552075853966e-11       4.354650876550e-12      -3.438694833336e-12       0.000000000000e+00       2.159513186008e-15       4.168744264032e-16      -1.018761034837e-16 
 1293       9.534779547803e-11       4.359793690005e-12      -3.552977809925e-12       0.000000000000e+00       2.152984560901e-15       4.211877331209e-16      -1.019179184327e-16 
 1294       9.518428988681e-11       4.364351106199e-12      -3.667282261465e-12       0.000000000000e+00       2.146480457116e-15       4.254460352356e-16      -1.019463686667e-16 
 1295       9.503023709475e-11       4.368320114113e-12      -3.781555053923e-12       0.000000000000e+00       2.140000750249e-15       4.296425819833e-16      -1.019615127863e-16 
 1296       9.488563218680e-11       4.371697696749e-12      -3.895742729482e-12       0.000000000000e+00       2.133545314220e-15       4.337705822510e-16      -1.019634100392e-16 
 1297       9.475047000349e-11       4.374480831116e-12      -4.009791505915e-12       0.000000000000e+00       2.127114021265e-15       4.378232045004e-16      -1.019521203207e-16 
 1298       9.462474514035e-11       4.376666488238e-12      -4.123647275972e-12       0.000000000000e+00       2.120706741938e-15       4.417935766907e-16      -1.019277041757e-16 
 1299       9.450845194728e-11       4.378251633143e-12      -4.237255606752e-12       0.000000000000e+00       2.114323345102e-15       4.456747862016e-16      -1.018902228002e-16 
 1300       9.440158452794e-11       4.379233224860e-12      -4.350561739091e-12       0.000000000000e+00       2.107963697928e-15       4.494598797567e-16      -1.018397380422e-16 
 1301       9.430413673911e-11       4.379608216420e-12      -4.463510586934e-12       0.000000000000e+00       2.101627665889e-15       4.531418633462e-16      -1.017763124037e-16 
 1302       9.421610219012e-11       4.379373554849e-12      -4.576046736722e-12       0.000000000000e+00       2.095315112758e-15       4.567137021503e-16      -1.017000090419e-16 
 1303       9.413747424221e-11       4.378526181165e-12      -4.688114446766e-12       0.000000000000e+00       2.089025900603e-15       4.601683204621e-16      -1.016108917704e-16 
 1304       9.406824600793e-11       4.377063030374e-12      -4.799657646629e-12       0.000000000000e+00       2.082759889782e-15       4.634986016110e-16      -1.015090250610e-16 
 1305       9.400841035052e-11       4.374981031469e-12      -4.910619936509e-12       0.000000000000e+00       2.076516938943e-15       4.666973878853e-16      -1.013944740449e-16 
 1306       9.395795988328e-11       4.372277107424e-12      -5.020944586613e-12       0.000000000000e+00       2.070296905014e-15       4.697574804556e-16      -1.012673045144e-16 
 1307       9.391686806997e-11       4.368949607529e-12      -5.130578718454e-12       0.000000000000e+00       2.064099656319e-15       4.726736094510e-16      -1.011275920307e-16 
 1308       9.388503229568e-11       4.365002621927e-12      -5.239485901158e-12       0.000000000000e+00       2.057925112072e-15       4.754483684587e-16      -1.009754493576e-16 
 1309       9.386233015790e-11       4.360441715333e-12      -5.347633694834e-12       0.000000000000e+00       2.051773203318e-15       4.780863462580e-16      -1.008109993381e-16 
 1310       9.384863830581e-11       4.355272499177e-12      -5.454989481113e-12       0.000000000000e+00       2.045643859848e-15       4.805921627507e-16      -1.006343658167e-16 
 1311       9.384383243833e-11       4.349500631694e-12      -5.561520462824e-12       0.000000000000e+00       2.039537010203e-15       4.829704690226e-16      -1.004456736423e-16 
 1312       9.384778730221e-11       4.343131818029e-12      -5.667193663668e-12       0.000000000000e+00       2.033452581668e-15       4.852259474052e-16      -1.002450486698e-16 
 1313       9.386037669008e-11       4.336171810327e-12      -5.771975927889e-12       0.000000000000e+00       2.027390500270e-15       4.873633115368e-16      -1.000326177622e-16 
 1314       9.388147343848e-11       4.328626407836e-12      -5.875833919950e-12       0.000000000000e+00       2.021350690771e-15       4.893873064240e-16      -9.980850879263e-17 
 1315       9.391094942599e-11       4.320501456998e-12      -5.978734124204e-12       0.000000000000e+00       2.015333076671e-15       4.913027085030e-16      -9.957285064681e-17 
 1316       9.394867557121e-11       4.311802851554e-12      -6.080642844568e-12       0.000000000000e+00       2.009337580201e-15       4.931143257011e-16      -9.932577322463e-17 
 1317       9.399452183087e-11       4.302536532632e-12      -6.181526204200e-12       0.000000000000e+00       2.003364122322e-15       4.948269974979e-16      -9.906740744247e-17 
 1318       9.404835719789e-11       4.292708488852e-12      -6.281350145166e-12       0.000000000000e+00       1.997412622719e-15       4.964455949869e-16      -9.879788523522e-17 
 1319       9.411004969941e-11       4.282324756419e-12      -6.380080428119e-12       0.000000000000e+00       1.991482999803e-15       4.979750209367e-16      -9.851733955832e-17 
 1320       9.417946639487e-11       4.271391419219e-12      -6.477682631966e-12       0.000000000000e+00       1.985575170702e-15       4.994202098525e-16      -9.822590438988e-17 
 1321       9.425647337409e-11       4.259914608920e-12      -6.574122153551e-12       0.000000000000e+00       1.979689051263e-15       5.007861280375e-16      -9.792371473271e-17 
 1322       9.434093575529e-11       4.247900505066e-12      -6.669364207318e-12       0.000000000000e+00       1.973824556045e-15       5.020777736540e-16      -9.761090661639e-17 
 1323       9.443271768318e-11       4.235355335176e-12      -6.763373824993e-12       0.000000000000e+00       1.967981598318e-15       5.033001767853e-16      -9.728761709935e-17 
 1324       9.453168232699e-11       4.222285374839e-12      -6.856115855249e-12       0.000000000000e+00       1.962160090063e-15       5.044583994967e-16      -9.695398427093e-17 
 1325       9.463769187857e-11       4.208696947813e-12      -6.947554963388e-12       0.000000000000e+00       1.956359941961e-15       5.055575358968e-16      -9.661014725347e-17 
 1326       9.475060755044e-11       4.194596426122e-12      -7.037655631008e-12       0.000000000000e+00       1.950581063397e-15       5.066027121992e-16      -9.625624620433e-17 
 1327       9.487028957382e-11       4.179990230151e-12      -7.126382155679e-12       0.000000000000e+00       1.944823362456e-15       5.075990867837e-16      -9.589242231802e-17 
 1328       9.499659719671e-11       4.164884828745e-12      -7.213698650616e-12       0.000000000000e+00       1.939086745916e-15       5.085518502579e-16      -9.551881782821e-17 
 1329       9.512938868197e-11       4.149286739307e-12      -7.299569044354e-12       0.000000000000e+00       1.933371119250e-15       5.094662255180e-16      -9.513557600983e-17 
 1330       9.526852130536e-11       4.133202527891e-12      -7.383957080416e-12       0.000000000000e+00       1.927676386617e-15       5.103474678111e-16      -9.474284118113e-17 
 1331       9.541385135359e-11       4.116638809306e-12      -7.466826316993e-12       0.000000000000e+00       1.922002450867e-15       5.112008647956e-16      -9.434075870575e-17 
 1332       9.556523412239e-11       4.099602247204e-12      -7.548140126615e-12       0.000000000000e+00       1.916349213530e-15       5.120317366033e-16      -9.392947499480e-17 
 1333       9.572252391460e-11       4.082099554185e-12      -7.627861695821e-12       0.000000000000e+00       1.910716574818e-15       5.128454359005e-16      -9.350913750890e-17 
 1334       9.588557403818e-11       4.064137491891e-12      -7.705954024837e-12       0.000000000000e+00       1.905104433620e-15       5.136473479493e-16      -9.307989476025e-17 
 1335       9.605423680429e-11       4.045722871103e-12      -7.782379927248e-12       0.000000000000e+00       1.899512687500e-15       5.144428906694e-16      -9.264189631474e-17 
 1336       9.622836352538e-11       4.026862551836e-12      -7.857102029670e-12       0.000000000000e+00       1.893941232691e-15       5.152375146989e-16      -9.219529279398e-17 
 1337       9.640780451320e-11       4.007563443442e-12      -7.930082771424e-12       0.000000000000e+00       1.888389964097e-15       5.160367034560e-16      -9.174023587736e-17 
 1338       9.659240907691e-11       3.987832504701e-12      -8.001284404211e-12       0.000000000000e+00       1.882858775286e-15       5.168459732004e-16      -9.127687830415e-17 
 1339       9.678202552108e-11       3.967676743922e-12      -8.070668991784e-12       0.000000000000e+00       1.877347558488e-15       5.176708730946e-16      -9.080537387555e-17 
 1340       9.697650114381e-11       3.947103219036e-12      -8.138198409619e-12       0.000000000000e+00       1.871856204593e-15       5.185169852654e-16      -9.032587745675e-17 
 1341       9.717568223478e-11       3.926119037700e-12      -8.203834344595e-12       0.000000000000e+00       1.866384603145e-15       5.193899248651e-16      -8.983854497903e-17 
 1342       9.737941407326e-11       3.904731357385e-12      -8.267538294658e-12       0.000000000000e+00       1.860932642344e-15       5.202953401330e-16      -8.934353344178e-17 
 1343       9.758754092624e-11       3.882947385481e-12      -8.329271568505e-12       0.000000000000e+00       1.855500209039e-15       5.212389124568e-16      -8.884100091462e-17 
 1344       9.779990604643e-11       3.860774379391e-12      -8.388995285248e-12       0.000000000000e+00       1.850087188723e-15       5.222263564339e-16      -8.833110653942e-17 
 1345       9.801635167038e-11       3.838219646627e-12      -8.446670374093e-12       0.000000000000e+00       1.844693465538e-15       5.232634199328e-16      -8.781401053239e-17 
 1346       9.823671906660e-11       3.815290961977e-12      -8.502263698985e-12       0.000000000000e+00       1.839318932606e-15       5.243542764111e-16      -8.728986349887e-17 
 1347       9.846084868469e-11       3.791997823775e-12      -8.555766506011e-12       0.000000000000e+00       1.833963523176e-15       5.254966826345e-16      -8.675877424643e-17 
 1348       9.868858000398e-11       3.768350211469e-12      -8.607176175751e-12       0.000000000000e+00       1.828627179814e-15       5.266867684764e-16      -8.622084162617e-17 
 1349       9.891975148168e-11       3.744358169920e-12      -8.656490116561e-12       0.000000000000e+00       1.823309844087e-15       5.279206398437e-16      -8.567616518973e-17 
 1350       9.915420055086e-11       3.720031809522e-12      -8.703705764652e-12       0.000000000000e+00       1.818011456562e-15       5.291943786321e-16      -8.512484519060e-17 
 1351       9.939176361858e-11       3.695381306329e-12      -8.748820584171e-12       0.000000000000e+00       1.812731956802e-15       5.305040426806e-16      -8.456698258548e-17 
 1352       9.963227606395e-11       3.670416902181e-12      -8.791832067280e-12       0.000000000000e+00       1.807471283363e-15       5.318456657267e-16      -8.400267903565e-17 
 1353       9.987557223615e-11       3.645148904825e-12      -8.832737734231e-12       0.000000000000e+00       1.802229373795e-15       5.332152573614e-16      -8.343203690834e-17 
 1354       1.001214854525e-10       3.619587688043e-12      -8.871535133449e-12       0.000000000000e+00       1.797006164639e-15       5.346088029843e-16      -8.285515927809e-17 
 1355       1.003698479967e-10       3.593743691776e-12      -8.908221841607e-12       0.000000000000e+00       1.791801591420e-15       5.360222637583e-16      -8.227214992807e-17 
 1356       1.006204911164e-10       3.567627422246e-12      -8.942795463709e-12       0.000000000000e+00       1.786615588651e-15       5.374515765647e-16      -8.168311335151e-17 
 1357       1.008732450220e-10       3.541249452085e-12      -8.975253633165e-12       0.000000000000e+00       1.781448089826e-15       5.388926539581e-16      -8.108815475301e-17 
 1358       1.011279388840e-10       3.514620420456e-12      -9.005594011872e-12       0.000000000000e+00       1.776299027420e-15       5.403413841215e-16      -8.048738004990e-17 
 1359       1.013844008315e-10       3.487751033180e-12      -9.033814290291e-12       0.000000000000e+00       1.771168332885e-15       5.417936308213e-16      -7.988089587364e-17 
 1360       1.016424579503e-10       3.460652062860e-12      -9.059912187527e-12       0.000000000000e+00       1.766055936651e-15       5.432452333619e-16      -7.926880957113e-17 
 1361       1.019019362805e-10       3.433334349005e-12      -9.083885451409e-12       0.000000000000e+00       1.760961768119e-15       5.446920065413e-16      -7.865122920612e-17 
 1362       1.021626608151e-10       3.405808798157e-12      -9.105731858565e-12       0.000000000000e+00       1.755885755662e-15       5.461297406055e-16      -7.802826356052e-17 
 1363       1.024244554977e-10       3.378086384011e-12      -9.125449214506e-12       0.000000000000e+00       1.750827826620e-15       5.475542012038e-16      -7.740002213582e-17 
 1364       1.026871432208e-10       3.350178147545e-12      -9.143035353697e-12       0.000000000000e+00       1.745787907303e-15       5.489611293435e-16      -7.676661515439e-17 
 1365       1.029505458237e-10       3.322095197142e-12      -9.158488139646e-12       0.000000000000e+00       1.740765922980e-15       5.503462413453e-16      -7.612815356088e-17 
 1366       1.032144840905e-10       3.293848708715e-12      -9.171805464974e-12       0.000000000000e+00       1.735761797885e-15       5.517052287977e-16      -7.548474902356e-17 
 1367       1.034787777487e-10       3.265449925831e-12      -9.182985251499e-12       0.000000000000e+00       1.730775455209e-15       5.530337585127e-16      -7.483651393570e-17 
 1368       1.037432454663e-10       3.236910159838e-12      -9.192025450309e-12       0.000000000000e+00       1.725806817103e-15       5.543274724798e-16      -7.418356141691e-17 
 1369       1.040077048508e-10       3.208240789987e-12      -9.198924041851e-12       0.000000000000e+00       1.720855804667e-15       5.555819878221e-16      -7.352600531452e-17 
 1370       1.042719724468e-10       3.179453263558e-12      -9.203679035997e-12       0.000000000000e+00       1.715922337959e-15       5.567928967503e-16      -7.286396020494e-17 
 1371       1.045358637341e-10       3.150559095984e-12      -9.206288472133e-12       0.000000000000e+00       1.711006335983e-15       5.579557665182e-16      -7.219754139498e-17 
 1372       1.047991931258e-10       3.121569870977e-12      -9.206750419233e-12       0.000000000000e+00       1.706107716692e-15       5.590661393776e-16      -7.152686492326e-17 
 1373       1.050617739663e-10       3.092497240653e-12      -9.205062975938e-12       0.000000000000e+00       1.701226396982e-15       5.601195325331e-16      -7.085204756156e-17 
 1374       1.053234185297e-10       3.063352925654e-12      -9.201224270636e-12       0.000000000000e+00       1.696362292695e-15       5.611114380972e-16      -7.017320681617e-17 
 1375       1.055839380172e-10       3.034148715274e-12      -9.195232461540e-12       0.000000000000e+00       1.691515318609e-15       5.620373230455e-16      -6.949046092925e-17 
 1376       1.058431425560e-10       3.004896467585e-12      -9.187085736768e-12       0.000000000000e+00       1.686685388445e-15       5.628926291711e-16      -6.880392888018e-17 
 1377       1.061008411965e-10       2.975608109561e-12      -9.176782314419e-12       0.000000000000e+00       1.681872414855e-15       5.636727730400e-16      -6.811373038697e-17 
 1378       1.063568419111e-10       2.946295637202e-12      -9.164320442653e-12       0.000000000000e+00       1.677076309427e-15       5.643731459461e-16      -6.741998590754e-17 
 1379       1.066109515919e-10       2.916971115659e-12      -9.149698399774e-12       0.000000000000e+00       1.672296982679e-15       5.649891138659e-16      -6.672281664118e-17 
 1380       1.068629760486e-10       2.887646679358e-12      -9.132914494300e-12       0.000000000000e+00       1.667534344058e-15       5.655160174137e-16      -6.602234452981e-17 
 1381       1.071127200070e-10       2.858334532126e-12      -9.113967065051e-12       0.000000000000e+00       1.662788301936e-15       5.659491717964e-16      -6.531869225940e-17 
 1382       1.073599871068e-10       2.829046947317e-12      -9.092854481221e-12       0.000000000000e+00       1.658058763609e-15       5.662838667688e-16      -6.461198326134e-17 
 1383       1.076045798997e-10       2.799796267931e-12      -9.069575142459e-12       0.000000000000e+00       1.653345635297e-15       5.665153665880e-16      -6.390234171375e-17 
 1384       1.078462998474e-10       2.770594906747e-12      -9.044127478951e-12       0.000000000000e+00       1.648648822136e-15       5.666389099689e-16      -6.318989254288e-17 
 1385       1.080849635736e-10       2.741454626925e-12      -9.016514385201e-12       0.000000000000e+00       1.643968236556e-15       5.666510964263e-16      -6.247475376088e-17 
 1386       1.083204518114e-10       2.712384375271e-12      -8.986756572456e-12       0.000000000000e+00       1.639303823498e-15       5.665540614075e-16      -6.175701338793e-17 
 1387       1.085526609686e-10       2.683392426348e-12      -8.954879357422e-12       0.000000000000e+00       1.634655535460e-15       5.663513451527e-16      -6.103675228915e-17 
 1388       1.087814869201e-10       2.654487099992e-12      -8.920908241699e-12       0.000000000000e+00       1.630023324137e-15       5.660465103492e-16      -6.031405181694e-17 
 1389       1.090068250072e-10       2.625676761393e-12      -8.884868912143e-12       0.000000000000e+00       1.625407140425e-15       5.656431421726e-16      -5.958899381189e-17 
 1390       1.092285700361e-10       2.596969821173e-12      -8.846787241214e-12       0.000000000000e+00       1.620806934418e-15       5.651448483288e-16      -5.886166060364e-17 
 1391       1.094466162774e-10       2.568374735469e-12      -8.806689287338e-12       0.000000000000e+00       1.616222655402e-15       5.645552590955e-16      -5.813213501177e-17 
 1392       1.096608574651e-10       2.539900006011e-12      -8.764601295261e-12       0.000000000000e+00       1.611654251860e-15       5.638780273638e-16      -5.740050034668e-17 
 1393       1.098711867956e-10       2.511554180200e-12      -8.720549696406e-12       0.000000000000e+00       1.607101671463e-15       5.631168286801e-16      -5.666684041048e-17 
 1394       1.100774969269e-10       2.483345851191e-12      -8.674561109225e-12       0.000000000000e+00       1.602564861075e-15       5.622753612873e-16      -5.593123949784e-17 
 1395       1.102796799776e-10       2.455283657971e-12      -8.626662339560e-12       0.000000000000e+00       1.598043766745e-15       5.613573461668e-16      -5.519378239692e-17 
 1396       1.104776275261e-10       2.427376285436e-12      -8.576880380996e-12       0.000000000000e+00       1.593538333710e-15       5.603665270800e-16      -5.445455439021e-17 
 1397       1.106712306092e-10       2.399632464478e-12      -8.525242415219e-12       0.000000000000e+00       1.589048506391e-15       5.593066706100e-16      -5.371364125543e-17 
 1398       1.108603797220e-10       2.372060972057e-12      -8.471775812368e-12       0.000000000000e+00       1.584574228391e-15       5.581815662031e-16      -5.297112926640e-17 
 1399       1.110449648163e-10       2.344670631284e-12      -8.416508131395e-12       0.000000000000e+00       1.580115442492e-15       5.569950262106e-16      -5.222710519396e-17 
 1400       1.112248753000e-10       2.317470311503e-12      -8.359467120420e-12       0.000000000000e+00       1.575672090658e-15       5.557508859303e-16      -5.148165630679e-17 
 1401       1.114000000360e-10       2.290468928366e-12      -8.300680717085e-12       0.000000000000e+00       1.571244114028e-15       5.544530036483e-16      -5.073487037233e-17 
 1402       1.115702273415e-10       2.263675443915e-12      -8.240177048913e-12       0.000000000000e+00       1.566831452914e-15       5.531052606805e-16      -4.998683565766e-17 
 1403       1.117354449868e-10       2.237098866664e-12      -8.177984433659e-12       0.000000000000e+00       1.562434046806e-15       5.517115614142e-16      -4.923764093039e-17 
 1404       1.118955401947e-10       2.210748251675e-12      -8.114131379673e-12       0.000000000000e+00       1.558051834362e-15       5.502758333502e-16      -4.848737545950e-17 
 1405       1.120503996392e-10       2.184632700639e-12      -8.048646586250e-12       0.000000000000e+00       1.553684753409e-15       5.488020271435e-16      -4.773612901626e-17 
 1406       1.121999094450e-10       2.158761361956e-12      -7.981558943988e-12       0.000000000000e+00       1.549332740945e-15       5.472941166459e-16      -4.698399187511e-17 
 1407       1.123439551863e-10       2.133143430815e-12      -7.912897535144e-12       0.000000000000e+00       1.544995733131e-15       5.457560989472e-16      -4.623105481452e-17 
 1408       1.124824218860e-10       2.107788149274e-12      -7.842691633989e-12       0.000000000000e+00       1.540673665292e-15       5.441919944167e-16      -4.547740911789e-17 
 1409       1.126151940145e-10       2.082704806337e-12      -7.770970707167e-12       0.000000000000e+00       1.536366471918e-15       5.426058467452e-16      -4.472314657442e-17 
 1410       1.127421554893e-10       2.057902738039e-12      -7.697764414048e-12       0.000000000000e+00       1.532074086657e-15       5.410017229863e-16      -4.396835948000e-17 
 1411       1.128631896737e-10       2.033391327519e-12      -7.623102607081e-12       0.000000000000e+00       1.527796442316e-15       5.393837135985e-16      -4.321314063810e-17 
 1412       1.129781793759e-10       2.009180005105e-12      -7.547015332160e-12       0.000000000000e+00       1.523533470858e-15       5.377559324861e-16      -4.245758336061e-17 
 1413       1.130870068482e-10       1.985278248393e-12      -7.469532828967e-12       0.000000000000e+00       1.519285103404e-15       5.361225170417e-16      -4.170178146879e-17 
 1414       1.131895537861e-10       1.961695582324e-12      -7.390685531339e-12       0.000000000000e+00       1.515051270224e-15       5.344876281871e-16      -4.094582929407e-17 
 1415       1.132857013271e-10       1.938441579264e-12      -7.310504067616e-12       0.000000000000e+00       1.510831900742e-15       5.328554504154e-16      -4.018982167900e-17 
 1416       1.133753300502e-10       1.915525859089e-12      -7.229019261003e-12       0.000000000000e+00       1.506626923531e-15       5.312301918324e-16      -3.943385397811e-17 
 1417       1.134583199748e-10       1.892958089258e-12      -7.146262129922e-12       0.000000000000e+00       1.502436266310e-15       5.296160841985e-16      -3.867802205877e-17 
 1418       1.135345505595e-10       1.870747984895e-12      -7.062263888369e-12       0.000000000000e+00       1.498259855945e-15       5.280173829701e-16      -3.792242230210e-17 
 1419       1.136039007016e-10       1.848905308872e-12      -6.977055946268e-12       0.000000000000e+00       1.494097618447e-15       5.264383673411e-16      -3.716715160383e-17 
 1420       1.136662487360e-10       1.827439871884e-12      -6.890669909834e-12       0.000000000000e+00       1.489949478967e-15       5.248833402850e-16      -3.641230737521e-17 
 1421       1.137214724343e-10       1.806361532529e-12      -6.803137581918e-12       0.000000000000e+00       1.485815361797e-15       5.233566285962e-16      -3.565798754385e-17 
 1422       1.137694490038e-10       1.785680197393e-12      -6.714490962373e-12       0.000000000000e+00       1.481695190368e-15       5.218625829318e-16      -3.490429055465e-17 
 1423       1.138100550867e-10       1.765405821125e-12      -6.624762248404e-12       0.000000000000e+00       1.477588887247e-15       5.204055778530e-16      -3.415131537062e-17 
 1424       1.138431880272e-10       1.745547079171e-12      -6.533984359708e-12       0.000000000000e+00       1.473496380927e-15       5.189887992954e-16      -3.339915516117e-17 
 1425       1.138688299131e-10       1.726107370917e-12      -6.442192519080e-12       0.000000000000e+00       1.469417626276e-15       5.176105932717e-16      -3.264787829401e-17 
 1426       1.138869841904e-10       1.707088775658e-12      -6.349422688746e-12       0.000000000000e+00       1.465352584293e-15       5.162680797526e-16      -3.189754714973e-17 
 1427       1.138976544546e-10       1.688493376219e-12      -6.255711047443e-12       0.000000000000e+00       1.461301215336e-15       5.149583618062e-16      -3.114822441732e-17 
 1428       1.139008444515e-10       1.670323258959e-12      -6.161093990807e-12       0.000000000000e+00       1.457263479123e-15       5.136785255676e-16      -3.039997309462e-17 
 1429       1.138965580775e-10       1.652580513769e-12      -6.065608131756e-12       0.000000000000e+00       1.453239334724e-15       5.124256402091e-16      -2.965285648885e-17 
 1430       1.138847993796e-10       1.635267234076e-12      -5.969290300878e-12       0.000000000000e+00       1.449228740567e-15       5.111967579101e-16      -2.890693821712e-17 
 1431       1.138655725562e-10       1.618385516844e-12      -5.872177546823e-12       0.000000000000e+00       1.445231654429e-15       5.099889138268e-16      -2.816228220695e-17 
 1432       1.138388819570e-10       1.601937462572e-12      -5.774307136682e-12       0.000000000000e+00       1.441248033442e-15       5.087991260624e-16      -2.741895269672e-17 
 1433       1.138047320838e-10       1.585925175297e-12      -5.675716556380e-12       0.000000000000e+00       1.437277834087e-15       5.076243956368e-16      -2.667701423628e-17 
 1434       1.137631275904e-10       1.570350762600e-12      -5.576443511060e-12       0.000000000000e+00       1.433321012193e-15       5.064617064568e-16      -2.593653168736e-17 
 1435       1.137140732832e-10       1.555216335597e-12      -5.476525925472e-12       0.000000000000e+00       1.429377522938e-15       5.053080252858e-16      -2.519757022413e-17 
 1436       1.136575741215e-10       1.540524008950e-12      -5.376001944357e-12       0.000000000000e+00       1.425447320845e-15       5.041603017137e-16      -2.446019533370e-17 
 1437       1.135936352176e-10       1.526275900864e-12      -5.274909932838e-12       0.000000000000e+00       1.421530359781e-15       5.030154681272e-16      -2.372447281662e-17 
 1438       1.135222618376e-10       1.512474133087e-12      -5.173288476802e-12       0.000000000000e+00       1.417626592956e-15       5.018704396792e-16      -2.299046878740e-17 
 1439       1.134434594013e-10       1.499120830914e-12      -5.071176383292e-12       0.000000000000e+00       1.413735972922e-15       5.007221142592e-16      -2.225824967499e-17 
 1440       1.133572334828e-10       1.486218123186e-12      -4.968612680891e-12       0.000000000000e+00       1.409858451571e-15       4.995673724630e-16      -2.152788222334e-17 
 1441       1.132635898108e-10       1.473768142294e-12      -4.865636620110e-12       0.000000000000e+00       1.405993980135e-15       4.984030775626e-16      -2.079943349186e-17 
 1442       1.131625342687e-10       1.461773024176e-12      -4.762287673772e-12       0.000000000000e+00       1.402142509182e-15       4.972260754763e-16      -2.007297085594e-17 
 1443       1.130540728952e-10       1.450234908322e-12      -4.658605537405e-12       0.000000000000e+00       1.398303988614e-15       4.960331947383e-16      -1.934856200748e-17 
 1444       1.129382118848e-10       1.439155937774e-12      -4.554630129623e-12       0.000000000000e+00       1.394478367672e-15       4.948212464693e-16      -1.862627495537e-17 
 1445       1.128149575875e-10       1.428538259126e-12      -4.450401592517e-12       0.000000000000e+00       1.390665594926e-15       4.935870243455e-16      -1.790617802602e-17 
 1446       1.126843165099e-10       1.418384022528e-12      -4.345960292040e-12       0.000000000000e+00       1.386865618279e-15       4.923273045694e-16      -1.718833986384e-17 
 1447       1.125462953149e-10       1.408695381685e-12      -4.241346818393e-12       0.000000000000e+00       1.383078384964e-15       4.910388458391e-16      -1.647282943179e-17 
 1448       1.124009008224e-10       1.399474493856e-12      -4.136601986416e-12       0.000000000000e+00       1.379303841544e-15       4.897183893187e-16      -1.575971601185e-17 
 1449       1.122481400097e-10       1.390723519863e-12      -4.031766835969e-12       0.000000000000e+00       1.375541933907e-15       4.883626586078e-16      -1.504906920554e-17 
 1450       1.120880200115e-10       1.382444624082e-12      -3.926882632325e-12       0.000000000000e+00       1.371792607269e-15       4.869683597120e-16      -1.434095893445e-17 
 1451       1.119205481205e-10       1.374639974454e-12      -3.821990866552e-12       0.000000000000e+00       1.368055806169e-15       4.855321810120e-16      -1.363545544071e-17 
 1452       1.117457317877e-10       1.367311742478e-12      -3.717133255905e-12       0.000000000000e+00       1.364331474470e-15       4.840507932345e-16      -1.293262928753e-17 
 1453       1.115635786225e-10       1.360462103218e-12      -3.612351744207e-12       0.000000000000e+00       1.360619555355e-15       4.825208494212e-16      -1.223255135969e-17 
 1454       1.113740963935e-10       1.354093235301e-12      -3.507688502240e-12       0.000000000000e+00       1.356919991328e-15       4.809389848995e-16      -1.153529286404e-17 
 1455       1.111772930285e-10       1.348207320919e-12      -3.403185928133e-12       0.000000000000e+00       1.353232724213e-15       4.793018172521e-16      -1.084092533006e-17 
 1456       1.109731766148e-10       1.342806545832e-12      -3.298886647744e-12       0.000000000000e+00       1.349557695150e-15       4.776059462866e-16      -1.014952061029e-17 
 1457       1.107617553998e-10       1.337893099367e-12      -3.194833515052e-12       0.000000000000e+00       1.345894844594e-15       4.758479540062e-16      -9.461150880895e-18 
 1458       1.105430377910e-10       1.333469174418e-12      -3.091069612541e-12       0.000000000000e+00       1.342244112317e-15       4.740244045790e-16      -8.775888642163e-18 
 1459       1.103170323568e-10       1.329536967453e-12      -2.987638251589e-12       0.000000000000e+00       1.338605437400e-15       4.721318443081e-16      -8.093806718999e-18 
 1460       1.100837478262e-10       1.326098678509e-12      -2.884582972851e-12       0.000000000000e+00       1.334978758241e-15       4.701668016016e-16      -7.414978261441e-18 
 1461       1.098431930899e-10       1.323156511194e-12      -2.781947546653e-12       0.000000000000e+00       1.331364012542e-15       4.681257869425e-16      -6.739476745170e-18 
 1462       1.095953771999e-10       1.320712672694e-12      -2.679775973370e-12       0.000000000000e+00       1.327761137319e-15       4.660052928588e-16      -6.067375972017e-18 
 1463       1.093403233412e-10       1.318768241526e-12      -2.578109307925e-12       0.000000000000e+00       1.324170074235e-15       4.638028697138e-16      -5.398742366122e-18 
 1464       1.090781108968e-10       1.317319758444e-12      -2.476976097745e-12       0.000000000000e+00       1.320590785688e-15       4.615203649052e-16      -4.733611777149e-18 
 1465       1.088088338037e-10       1.316362601455e-12      -2.376401849978e-12       0.000000000000e+00       1.317023238887e-15       4.591607159887e-16      -4.072012446183e-18 
 1466       1.085325866216e-10       1.315892114913e-12      -2.276412198927e-12       0.000000000000e+00       1.313467400516e-15       4.567268778260e-16      -3.413972689115e-18 
 1467       1.082494645333e-10       1.315903609446e-12      -2.177032906258e-12       0.000000000000e+00       1.309923236738e-15       4.542218226147e-16      -2.759520896715e-18 
 1468       1.079595633468e-10       1.316392361903e-12      -2.078289861206e-12       0.000000000000e+00       1.306390713193e-15       4.516485399188e-16      -2.108685534711e-18 
 1469       1.076629794955e-10       1.317353615289e-12      -1.980209080791e-12       0.000000000000e+00       1.302869794996e-15       4.490100366987e-16      -1.461495143862e-18 
 1470       1.073598100400e-10       1.318782578698e-12      -1.882816710017e-12       0.000000000000e+00       1.299360446735e-15       4.463093373417e-16      -8.179783400377e-19 
 1471       1.070501526688e-10       1.320674427259e-12      -1.786139022091e-12       0.000000000000e+00       1.295862632474e-15       4.435494836918e-16      -1.781638142952e-19 
 1472       1.067341056997e-10       1.323024302067e-12      -1.690202418625e-12       0.000000000000e+00       1.292376315745e-15       4.407335350800e-16       4.579196670467e-19 
 1473       1.064117680808e-10       1.325827310124e-12      -1.595033429851e-12       0.000000000000e+00       1.288901459553e-15       4.378645683549e-16       1.090243262330e-18 
 1474       1.060832393914e-10       1.329078524277e-12      -1.500658714823e-12       0.000000000000e+00       1.285438026374e-15       4.349456779125e-16       1.718778054479e-18 
 1475       1.057486198436e-10       1.332772983154e-12      -1.407105061631e-12       0.000000000000e+00       1.281985978149e-15       4.319799757263e-16       2.343495050929e-18 
 1476       1.054080102831e-10       1.336905691104e-12      -1.314399387610e-12       0.000000000000e+00       1.278545276289e-15       4.289705913781e-16       2.964365183543e-18 
 1477       1.050615121901e-10       1.341471618130e-12      -1.222568739546e-12       0.000000000000e+00       1.275115881670e-15       4.259206720876e-16       3.581359308540e-18 
 1478       1.047092276811e-10       1.346465699836e-12      -1.131640293888e-12       0.000000000000e+00       1.271697754634e-15       4.228333827429e-16       4.194448206417e-18 
 1479       1.043512595094e-10       1.351882837353e-12      -1.041641356955e-12       0.000000000000e+00       1.268290854987e-15       4.197119059306e-16       4.803602581871e-18 
 1480       1.039877110665e-10       1.357717897288e-12      -9.525993651476e-13       0.000000000000e+00       1.264895141998e-15       4.165594419661e-16       5.408793063727e-18 
 1481       1.036186863831e-10       1.363965711653e-12      -8.645418851527e-13       0.000000000000e+00       1.261510574395e-15       4.133792089239e-16       6.009990204855e-18 
 1482       1.032442901302e-10       1.370621077809e-12      -7.774966141566e-13       0.000000000000e+00       1.258137110371e-15       4.101744426672e-16       6.607164482098e-18 
 1483       1.028646276206e-10       1.377678758399e-12      -6.914913800524e-13       0.000000000000e+00       1.254774707574e-15       4.069483968792e-16       7.200286296196e-18 
 1484       1.024798048094e-10       1.385133481290e-12      -6.065541416489e-13       0.000000000000e+00       1.251423323115e-15       4.037043430922e-16       7.789325971705e-18 
 1485       1.020899282955e-10       1.392979939508e-12      -5.227129888801e-13       0.000000000000e+00       1.248082913559e-15       4.004455707186e-16       8.374253756924e-18 
 1486       1.016951053229e-10       1.401212791175e-12      -4.399961430137e-13       0.000000000000e+00       1.244753434927e-15       3.971753870804e-16       8.955039823819e-18 
 1487       1.012954437813e-10       1.409826659451e-12      -3.584319568606e-13       0.000000000000e+00       1.241434842697e-15       3.938971174402e-16       9.531654267944e-18 
 1488       1.008910522075e-10       1.418816132467e-12      -2.780489149838e-13       0.000000000000e+00       1.238127091799e-15       3.906141050308e-16       1.010406710837e-17 
 1489       1.004820397868e-10       1.428175763267e-12      -1.988756339072e-13       0.000000000000e+00       1.234830136617e-15       3.873297110857e-16       1.067224828759e-17 
 1490       1.000685163535e-10       1.437900069742e-12      -1.209408623249e-13       0.000000000000e+00       1.231543930985e-15       3.840473148691e-16       1.123616767147e-17 
 1491       9.965059239264e-11       1.447983534569e-12      -4.427348131000e-14       0.000000000000e+00       1.228268428189e-15       3.807703137062e-16       1.179579504916e-17 
 1492       9.922837904060e-11       1.458420605152e-12       3.109749547615e-14       0.000000000000e+00       1.225003580963e-15       3.775021230137e-16       1.235110013302e-17 
 1493       9.880198808661e-11       1.469205693555e-12       1.051429215751e-13       0.000000000000e+00       1.221749341490e-15       3.742461763294e-16       1.290205255851e-17 
 1494       9.837153197368e-11       1.480333176441e-12       1.778335175223e-13       0.000000000000e+00       1.218505661400e-15       3.710059253429e-16       1.344862188418e-17 
 1495       9.793712379976e-11       1.491797395013e-12       2.491398706379e-13       0.000000000000e+00       1.215272491768e-15       3.677848399257e-16       1.399077759153e-17 
 1496       9.749887731887e-11       1.503592654948e-12       3.190324348177e-13       0.000000000000e+00       1.212049783116e-15       3.645864081612e-16       1.452848908499e-17 
 1497       9.705690694218e-11       1.515713226336e-12       3.874815303246e-13       0.000000000000e+00       1.208837485407e-15       3.614141363752e-16       1.506172569179e-17 
 1498       9.661132773920e-11       1.528153343618e-12       4.544573435788e-13       0.000000000000e+00       1.205635548048e-15       3.582715491658e-16       1.559045666190e-17 
 1499       9.616225543883e-11       1.540907205526e-12       5.199299269496e-13       0.000000000000e+00       1.202443919886e-15       3.551621894340e-16       1.611465116799e-17 
 1500       9.570980643053e-11       1.553968975015e-12       5.838691985458e-13       0.000000000000e+00       1.199262549211e-15       3.520896184134e-16       1.663427830531e-17 
 1501       9.525409776541e-11       1.567332779206e-12       6.462449420067e-13       0.000000000000e+00       1.196091383749e-15       3.490574157010e-16       1.714930709161e-17 
 1502       9.479524741553e-11       1.580992380401e-12       7.070314508250e-13       0.000000000000e+00       1.192930375033e-15       3.460684148173e-16       1.765970914351e-17 
 1503       9.433337505232e-11       1.594940185744e-12       7.662215112082e-13       0.000000000000e+00       1.189779491551e-15       3.431224016853e-16       1.816546673412e-17 
 1504       9.386860127794e-11       1.609168227793e-12       8.238125549679e-13       0.000000000000e+00       1.186638705721e-15       3.402183937992e-16       1.866656481370e-17 
 1505       9.340104736898e-11       1.623668492486e-12       8.798020273832e-13       0.000000000000e+00       1.183507989534e-15       3.373554026497e-16       1.916298834046e-17 
 1506       9.293083527757e-11       1.638432919058e-12       9.341873872385e-13       0.000000000000e+00       1.180387314559e-15       3.345324337138e-16       1.965472228062e-17 
 1507       9.245808763253e-11       1.653453399967e-12       9.869661068609e-13       0.000000000000e+00       1.177276651934e-15       3.317484864442e-16       2.014175160845e-17 
 1508       9.198292774048e-11       1.668721780810e-12       1.038135672159e-12       0.000000000000e+00       1.174175972369e-15       3.290025542589e-16       2.062406130639e-17 
 1509       9.150547958699e-11       1.684229860243e-12       1.087693582659e-12       0.000000000000e+00       1.171085246147e-15       3.262936245305e-16       2.110163636508e-17 
 1510       9.102586783773e-11       1.699969389907e-12       1.135637351544e-12       0.000000000000e+00       1.168004443120e-15       3.236206785762e-16       2.157446178340e-17 
 1511       9.054421783954e-11       1.715932074341e-12       1.181964505694e-12       0.000000000000e+00       1.164933532708e-15       3.209826916474e-16       2.204252256860e-17 
 1512       9.006065562166e-11       1.732109570907e-12       1.226672585718e-12       0.000000000000e+00       1.161872483900e-15       3.183786329186e-16       2.250580373631e-17 
 1513       8.957530789679e-11       1.748493489709e-12       1.269759145996e-12       0.000000000000e+00       1.158821265254e-15       3.158074654779e-16       2.296429031065e-17 
 1514       8.908830206224e-11       1.765075393511e-12       1.311221754717e-12       0.000000000000e+00       1.155779844891e-15       3.132681463157e-16       2.341796732425e-17 
 1515       8.859976620109e-11       1.781846797662e-12       1.351057993917e-12       0.000000000000e+00       1.152748190501e-15       3.107596263149e-16       2.386681981835e-17 
 1516       8.810982908328e-11       1.798799170013e-12       1.389265459512e-12       0.000000000000e+00       1.149726269335e-15       3.082808502401e-16       2.431083284286e-17 
 1517       8.761862016679e-11       1.815923930838e-12       1.425841761343e-12       0.000000000000e+00       1.146714048212e-15       3.058307567276e-16       2.474999145640e-17 
 1518       8.712626959875e-11       1.833212452755e-12       1.460784523210e-12       0.000000000000e+00       1.143711493510e-15       3.034082782743e-16       2.518428072641e-17 
 1519       8.663290821656e-11       1.850656060644e-12       1.494091382908e-12       0.000000000000e+00       1.140718571171e-15       3.010123412279e-16       2.561368572917e-17 
 1520       8.613866754906e-11       1.868246031570e-12       1.525759992271e-12       0.000000000000e+00       1.137735246697e-15       2.986418657761e-16       2.603819154991e-17 
 1521       8.564367981764e-11       1.885973594703e-12       1.555788017203e-12       0.000000000000e+00       1.134761485152e-15       2.962957659363e-16       2.645778328284e-17 
 1522       8.514807793737e-11       1.903829931237e-12       1.584173137720e-12       0.000000000000e+00       1.131797251156e-15       2.939729495452e-16       2.687244603123e-17 
 1523       8.465199551815e-11       1.921806174309e-12       1.610913047987e-12       0.000000000000e+00       1.128842508890e-15       2.916723182484e-16       2.728216490747e-17 
 1524       8.415556686583e-11       1.939893408925e-12       1.636005456356e-12       0.000000000000e+00       1.125897222092e-15       2.893927674898e-16       2.768692503315e-17 
 1525       8.365892698336e-11       1.958082671874e-12       1.659448085402e-12       0.000000000000e+00       1.122961354055e-15       2.871331865012e-16       2.808671153912e-17 
 1526       8.316221157190e-11       1.976364951650e-12       1.681238671965e-12       0.000000000000e+00       1.120034867629e-15       2.848924582921e-16       2.848150956553e-17 
 1527       8.266555703198e-11       1.994731188375e-12       1.701374967182e-12       0.000000000000e+00       1.117117725220e-15       2.826694596390e-16       2.887130426195e-17 
 1528       8.216910046462e-11       2.013172273716e-12       1.719854736530e-12       0.000000000000e+00       1.114209888785e-15       2.804630610752e-16       2.925608078737e-17 
 1529       8.167297967245e-11       2.031679050808e-12       1.736675759862e-12       0.000000000000e+00       1.111311319835e-15       2.782721268800e-16       2.963582431032e-17 
 1530       8.117733316089e-11       2.050242314173e-12       1.751835831445e-12       0.000000000000e+00       1.108421979434e-15       2.760955150689e-16       3.001052000891e-17 
 1531       8.068230013924e-11       2.068852809638e-12       1.765332759997e-12       0.000000000000e+00       1.105541828196e-15       2.739320773824e-16       3.038015307090e-17 
 1532       8.018802052180e-11       2.087501234259e-12       1.777164368726e-12       0.000000000000e+00       1.102670826286e-15       2.717806592762e-16       3.074470869377e-17 
 1533       7.969463492908e-11       2.106178236241e-12       1.787328495366e-12       0.000000000000e+00       1.099808933418e-15       2.696400999105e-16       3.110417208478e-17 
 1534       7.920228468884e-11       2.124874414856e-12       1.795822992219e-12       0.000000000000e+00       1.096956108854e-15       2.675092321396e-16       3.145852846102e-17 
 1535       7.871111183731e-11       2.143580320364e-12       1.802645726189e-12       0.000000000000e+00       1.094112311404e-15       2.653868825013e-16       3.180776304952e-17 
 1536       7.822125912026e-11       2.162286453934e-12       1.807794578819e-12       0.000000000000e+00       1.091277499426e-15       2.632718712070e-16       3.215186108729e-17 
 1537       7.773286999415e-11       2.180983267566e-12       1.811267446333e-12       0.000000000000e+00       1.088451630821e-15       2.611630121305e-16       3.249080782135e-17 
 1538       7.724608862729e-11       2.199661164007e-12       1.813062239671e-12       0.000000000000e+00       1.085634663036e-15       2.590591127982e-16       3.282458850888e-17 
 1539       7.676105990095e-11       2.218310496674e-12       1.813176884529e-12       0.000000000000e+00       1.082826553064e-15       2.569589743785e-16       3.315318841720e-17 
 1540       7.627792941049e-11       2.236921569575e-12       1.811609321393e-12       0.000000000000e+00       1.080027257438e-15       2.548613916711e-16       3.347659282387e-17 
 1541       7.579683218557e-11       2.255485183843e-12       1.808360901334e-12       0.000000000000e+00       1.077236735781e-15       2.527653146576e-16       3.379478945947e-17 
 1542       7.531785873132e-11       2.273994283183e-12       1.803446608553e-12       0.000000000000e+00       1.074454961483e-15       2.506703348494e-16       3.410777586099e-17 
 1543       7.484108866707e-11       2.292442323883e-12       1.796884934948e-12       0.000000000000e+00       1.071681911123e-15       2.485762035354e-16       3.441555208835e-17 
 1544       7.436660197860e-11       2.310822729571e-12       1.788694493373e-12       0.000000000000e+00       1.068917560928e-15       2.464826706380e-16       3.471811828822e-17 
 1545       7.389447901872e-11       2.329128891157e-12       1.778894017846e-12       0.000000000000e+00       1.066161886777e-15       2.443894847110e-16       3.501547469425e-17 
 1546       7.342480050779e-11       2.347354166783e-12       1.767502363765e-12       0.000000000000e+00       1.063414864197e-15       2.422963929374e-16       3.530762162720e-17 
 1547       7.295764753435e-11       2.365491881772e-12       1.754538508109e-12       0.000000000000e+00       1.060676468361e-15       2.402031411269e-16       3.559455949518e-17 
 1548       7.249310155562e-11       2.383535328573e-12       1.740021549653e-12       0.000000000000e+00       1.057946674092e-15       2.381094737136e-16       3.587628879382e-17 
 1549       7.203124439810e-11       2.401477766711e-12       1.723970709175e-12       0.000000000000e+00       1.055225455858e-15       2.360151337539e-16       3.615281010646e-17 
 1550       7.157215825814e-11       2.419312422737e-12       1.706405329666e-12       0.000000000000e+00       1.052512787775e-15       2.339198629244e-16       3.642412410432e-17 
 1551       7.111592570247e-11       2.437032490170e-12       1.687344876541e-12       0.000000000000e+00       1.049808643601e-15       2.318234015192e-16       3.669023154673e-17 
 1552       7.066262966881e-11       2.454631129450e-12       1.666808937845e-12       0.000000000000e+00       1.047112996741e-15       2.297254884478e-16       3.695113328129e-17 
 1553       7.021235346638e-11       2.472101467886e-12       1.644817224464e-12       0.000000000000e+00       1.044425820242e-15       2.276258612329e-16       3.720683024406e-17 
 1554       6.976518077652e-11       2.489436599598e-12       1.621389570335e-12       0.000000000000e+00       1.041747086796e-15       2.255242560084e-16       3.745732345976e-17 
 1555       6.932119565322e-11       2.506629585474e-12       1.596545932654e-12       0.000000000000e+00       1.039076768735e-15       2.234204075163e-16       3.770261404194e-17 
 1556       6.888048252368e-11       2.523673453109e-12       1.570306392088e-12       0.000000000000e+00       1.036414838034e-15       2.213140491053e-16       3.794270319321e-17 
 1557       6.844312618890e-11       2.540561196758e-12       1.542691152979e-12       0.000000000000e+00       1.033761266308e-15       2.192049127282e-16       3.817759220539e-17 
 1558       6.800921182423e-11       2.557285777284e-12       1.513720543560e-12       0.000000000000e+00       1.031116024814e-15       2.170927289395e-16       3.840728245968e-17 
 1559       6.757882497994e-11       2.573840122105e-12       1.483415016160e-12       0.000000000000e+00       1.028479084446e-15       2.149772268932e-16       3.863177542694e-17 
 1560       6.715205158176e-11       2.590217125138e-12       1.451795147413e-12       0.000000000000e+00       1.025850415738e-15       2.128581343406e-16       3.885107266776e-17 
 1561       6.672897793147e-11       2.606409646755e-12       1.418881638472e-12       0.000000000000e+00       1.023229988862e-15       2.107351776281e-16       3.906517583275e-17 
 1562       6.630969070748e-11       2.622410513724e-12       1.384695315212e-12       0.000000000000e+00       1.020617773626e-15       2.086080816947e-16       3.927408666267e-17 
 1563       6.589427696534e-11       2.638212519160e-12       1.349257128445e-12       0.000000000000e+00       1.018013739476e-15       2.064765700700e-16       3.947780698864e-17 
 1564       6.548282413836e-11       2.653808422471e-12       1.312588154125e-12       0.000000000000e+00       1.015417855494e-15       2.043403648716e-16       3.967633873231e-17 
 1565       6.507542003813e-11       2.669190949309e-12       1.274709593559e-12       0.000000000000e+00       1.012830090395e-15       2.021991868032e-16       3.986968390610e-17 
 1566       6.467215285513e-11       2.684352791514e-12       1.235642773619e-12       0.000000000000e+00       1.010250412530e-15       2.000527551520e-16       4.005784461332e-17 
 1567       6.427311115924e-11       2.699286607067e-12       1.195409146946e-12       0.000000000000e+00       1.007678789885e-15       1.979007877867e-16       4.024082304840e-17 
 1568       6.387838390036e-11       2.713985020031e-12       1.154030292165e-12       0.000000000000e+00       1.005115190076e-15       1.957430011549e-16       4.041862149709e-17 
 1569       6.348806040892e-11       2.728440620506e-12       1.111527914089e-12       0.000000000000e+00       1.002559580352e-15       1.935791102813e-16       4.059124233661e-17 
 1570       6.310223039650e-11       2.742645964572e-12       1.067923843933e-12       0.000000000000e+00       1.000011927595e-15       1.914088287649e-16       4.075868803587e-17 
 1571       6.272098395635e-11       2.756593574238e-12       1.023240039519e-12       0.000000000000e+00       9.974721983167e-16       1.892318687772e-16       4.092096115565e-17 
 1572       6.234441156397e-11       2.770275937392e-12       9.774985854902e-13       0.000000000000e+00       9.949403586587e-16       1.870479410596e-16       4.107806434878e-17 
 1573       6.197260407767e-11       2.783685507747e-12       9.307216935164e-13       0.000000000000e+00       9.924163743925e-16       1.848567549212e-16       4.123000036035e-17 
 1574       6.160565273915e-11       2.796814704789e-12       8.829317025049e-13       0.000000000000e+00       9.899002109176e-16       1.826580182368e-16       4.137677202786e-17 
 1575       6.124364917405e-11       2.809655913724e-12       8.341510788096e-13       0.000000000000e+00       9.873918332620e-16       1.804514374441e-16       4.151838228148e-17 
 1576       6.088668539251e-11       2.822201485429e-12       7.844024164407e-13       0.000000000000e+00       9.848912060805e-16       1.782367175419e-16       4.165483414415e-17 
 1577       6.053485378974e-11       2.834443736397e-12       7.337084372735e-13       0.000000000000e+00       9.823982936544e-16       1.760135620877e-16       4.178613073185e-17 
 1578       6.018824714660e-11       2.846374948687e-12       6.820919912582e-13       0.000000000000e+00       9.799130598909e-16       1.737816731953e-16       4.191227525371e-17 
 1579       5.984695863014e-11       2.857987369868e-12       6.295760566290e-13       0.000000000000e+00       9.774354683221e-16       1.715407515327e-16       4.203327101229e-17 
 1580       5.951106670389e-11       2.869274242468e-12       5.761842526954e-13       0.000000000000e+00       9.749654850159e-16       1.692906669728e-16       4.214912483757e-17 
 1581       5.918058970475e-11       2.880232902830e-12       5.219423829877e-13       0.000000000000e+00       9.725030873395e-16       1.670319722787e-16       4.225985742359e-17 
 1582       5.885553084670e-11       2.890861710840e-12       4.668769068157e-13       0.000000000000e+00       9.700482552757e-16       1.647653941701e-16       4.236549308790e-17 
 1583       5.853589327270e-11       2.901159023036e-12       4.110144282174e-13       0.000000000000e+00       9.676009685178e-16       1.624916631074e-16       4.246605634677e-17 
 1584       5.822168005455e-11       2.911123192599e-12       3.543816961925e-13       0.000000000000e+00       9.651612064697e-16       1.602115132981e-16       4.256157191549e-17 
 1585       5.791289419273e-11       2.920752569357e-12       2.970056049370e-13       0.000000000000e+00       9.627289482446e-16       1.579256827022e-16       4.265206470876e-17 
 1586       5.760953861626e-11       2.930045499779e-12       2.389131940766e-13       0.000000000000e+00       9.603041726650e-16       1.556349130387e-16       4.273755984102e-17 
 1587       5.731161618251e-11       2.939000326973e-12       1.801316489011e-13       0.000000000000e+00       9.578868582616e-16       1.533399497909e-16       4.281808262684e-17 
 1588       5.701912967703e-11       2.947615390681e-12       1.206883005982e-13       0.000000000000e+00       9.554769832733e-16       1.510415422128e-16       4.289365858121e-17 
 1589       5.673208181344e-11       2.955889027282e-12       6.061062648722e-14       0.000000000000e+00       9.530745256462e-16       1.487404433349e-16       4.296431341997e-17 
 1590       5.645047523321e-11       2.963819569784e-12      -7.374974635754e-17       0.000000000000e+00       9.506794630330e-16       1.464374099701e-16       4.303007306011e-17 
 1591       5.617431250555e-11       2.971405347825e-12      -6.133705781742e-14       0.000000000000e+00       9.482917727927e-16       1.441332027196e-16       4.309096362015e-17 
 1592       5.590359612722e-11       2.978644687665e-12      -1.231513806070e-13       0.000000000000e+00       9.459114319899e-16       1.418285859787e-16       4.314701142047e-17 
 1593       5.563832852236e-11       2.985535912191e-12      -1.854886539285e-13       0.000000000000e+00       9.435384173941e-16       1.395243279431e-16       4.319824298371e-17 
 1594       5.537851204236e-11       2.992077340909e-12      -2.483206662935e-13       0.000000000000e+00       9.411727054793e-16       1.372212006145e-16       4.324468503506e-17 
 1595       5.512414896569e-11       2.998267289943e-12      -3.116190586778e-13       0.000000000000e+00       9.388142724232e-16       1.349199798068e-16       4.328636450268e-17 
 1596       5.487524149772e-11       3.004104072030e-12      -3.753553242877e-13       0.000000000000e+00       9.364630941070e-16       1.326214451515e-16       4.332330851799e-17 
 1597       5.463179177057e-11       3.009585996524e-12      -4.395008083258e-13       0.000000000000e+00       9.341191461143e-16       1.303263801044e-16       4.335554441608e-17 
 1598       5.439380184298e-11       3.014711369384e-12      -5.040267077571e-13       0.000000000000e+00       9.317824037311e-16       1.280355719508e-16       4.338309973603e-17 
 1599       5.416127370009e-11       3.019478493179e-12      -5.689040710748e-13       0.000000000000e+00       9.294528419446e-16       1.257498118119e-16       4.340600222128e-17 
 1600       5.393420925332e-11       3.023885667082e-12      -6.341037980670e-13       0.000000000000e+00       9.271304354432e-16       1.234698946506e-16       4.342427981997e-17 
 1601       5.371261034021e-11       3.027931186869e-12      -6.995966395818e-13       0.000000000000e+00       9.248151586155e-16       1.211966192772e-16       4.343796068531e-17 
 1602       5.349647872424e-11       3.031613344912e-12      -7.653531972942e-13       0.000000000000e+00       9.225069855500e-16       1.189307883557e-16       4.344707317592e-17 
 1603       5.328581609469e-11       3.034930430183e-12      -8.313439234715e-13       0.000000000000e+00       9.202058900344e-16       1.166732084096e-16       4.345164585620e-17 
 1604       5.308062406645e-11       3.037880728247e-12      -8.975391207395e-13       0.000000000000e+00       9.179118455548e-16       1.144246898275e-16       4.345170749666e-17 
 1605       5.288090417990e-11       3.040462521260e-12      -9.639089418488e-13       0.000000000000e+00       9.156248252957e-16       1.121860468696e-16       4.344728707431e-17 
 1606       5.268665790070e-11       3.042674087967e-12      -1.030423389441e-12       0.000000000000e+00       9.133448021389e-16       1.099580976732e-16       4.343841377297e-17 
 1607       5.249788661968e-11       3.044513703699e-12      -1.097052315812e-12       0.000000000000e+00       9.110717486629e-16       1.077416642587e-16       4.342511698366e-17 
 1608       5.231459165265e-11       3.045979640370e-12      -1.163765422685e-12       0.000000000000e+00       9.088056371428e-16       1.055375725356e-16       4.340742630493e-17 
 1609       5.213677424023e-11       3.047070166475e-12      -1.230532260967e-12       0.000000000000e+00       9.065464395494e-16       1.033466523087e-16       4.338537154323e-17 
 1610       5.196443554772e-11       3.047783547089e-12      -1.297322230523e-12       0.000000000000e+00       9.042941275483e-16       1.011697372832e-16       4.335898271328e-17 
 1611       5.179757666492e-11       3.048118043860e-12      -1.364104579937e-12       0.000000000000e+00       9.020486725001e-16       9.900766507166e-17       4.332829003836e-17 
 1612       5.163619860597e-11       3.048071915009e-12      -1.430848406281e-12       0.000000000000e+00       8.998100454592e-16       9.686127719914e-17       4.329332395074e-17 
 1613       5.148030230919e-11       3.047643415330e-12      -1.497522654879e-12       0.000000000000e+00       8.975782171734e-16       9.473141910953e-17       4.325411509199e-17 
 1614       5.132988863693e-11       3.046830796181e-12      -1.564096119074e-12       0.000000000000e+00       8.953531580833e-16       9.261894017132e-17       4.321069431334e-17 
 1615       5.118495837540e-11       3.045632305487e-12      -1.630537439994e-12       0.000000000000e+00       8.931348383219e-16       9.052469368362e-17       4.316309267606e-17 
 1616       5.104551223449e-11       3.044046187736e-12      -1.696815106318e-12       0.000000000000e+00       8.909232277137e-16       8.844953688200e-17       4.311134145176e-17 
 1617       5.091155084766e-11       3.042070683974e-12      -1.762897454041e-12       0.000000000000e+00       8.887182957744e-16       8.639433094446e-17       4.305547212280e-17 
 1618       5.078307477173e-11       3.039704031805e-12      -1.828752666243e-12       0.000000000000e+00       8.865200117102e-16       8.435994099737e-17       4.299551638262e-17 
 1619       5.066007430811e-11       3.036945342527e-12      -1.894350980689e-12       0.000000000000e+00       8.843283468177e-16       8.234713177856e-17       4.293150574978e-17 
 1620       5.054249886623e-11       3.033797241217e-12      -1.959671334927e-12       0.000000000000e+00       8.821432817087e-16       8.035625358361e-17       4.286347040556e-17 
 1621       5.043028732295e-11       3.030263250497e-12      -2.024694780774e-12       0.000000000000e+00       8.799647991496e-16       7.838755349354e-17       4.279144034657e-17 
 1622       5.032337817543e-11       3.026346915598e-12      -2.089402281792e-12       0.000000000000e+00       8.777928816664e-16       7.644127946121e-17       4.271544577044e-17 
 1623       5.022170954052e-11       3.022051804396e-12      -2.153774713157e-12       0.000000000000e+00       8.756275115440e-16       7.451768031242e-17       4.263551707616e-17 
 1624       5.012521915413e-11       3.017381507451e-12      -2.217792861524e-12       0.000000000000e+00       8.734686708260e-16       7.261700574714e-17       4.255168486439e-17 
 1625       5.003384437060e-11       3.012339638041e-12      -2.281437424898e-12       0.000000000000e+00       8.713163413141e-16       7.073950634062e-17       4.246397993786e-17 
 1626       4.994752216206e-11       3.006929832205e-12      -2.344689012496e-12       0.000000000000e+00       8.691705045675e-16       6.888543354453e-17       4.237243330162e-17 
 1627       4.986618911784e-11       3.001155748776e-12      -2.407528144618e-12       0.000000000000e+00       8.670311419028e-16       6.705503968815e-17       4.227707616344e-17 
 1628       4.978978144379e-11       2.995021069420e-12      -2.469935252512e-12       0.000000000000e+00       8.648982343930e-16       6.524857797950e-17       4.217793993414e-17 
 1629       4.971823496171e-11       2.988529498674e-12      -2.531890678242e-12       0.000000000000e+00       8.627717628678e-16       6.346630250651e-17       4.207505622790e-17 
 1630       4.965148510869e-11       2.981684763981e-12      -2.593374674553e-12       0.000000000000e+00       8.606517079121e-16       6.170846823814e-17       4.196845686261e-17 
 1631       4.958946693649e-11       2.974490615733e-12      -2.654367404743e-12       0.000000000000e+00       8.585380498665e-16       5.997533102556e-17       4.185817386020e-17 
 1632       4.953211511091e-11       2.966950827303e-12      -2.714848942523e-12       0.000000000000e+00       8.564307688262e-16       5.826714760331e-17       4.174423944700e-17 
 1633       4.947936391117e-11       2.959069195084e-12      -2.774799271891e-12       0.000000000000e+00       8.543298446410e-16       5.658417559043e-17       4.162668605405e-17 
 1634       4.943114722930e-11       2.950849538527e-12      -2.834198286993e-12       0.000000000000e+00       8.522352569143e-16       5.492667349162e-17       4.150554631745e-17 
 1635       4.938739856948e-11       2.942295700179e-12      -2.893025791996e-12       0.000000000000e+00       8.501469850032e-16       5.329490069840e-17       4.138085307868e-17 
 1636       4.934805104742e-11       2.933411545722e-12      -2.951261500949e-12       0.000000000000e+00       8.480650080173e-16       5.168911749026e-17       4.125263938497e-17 
 1637       4.931303738976e-11       2.924200964003e-12      -3.008885037655e-12       0.000000000000e+00       8.459893048193e-16       5.010958503581e-17       4.112093848959e-17 
 1638       4.928228993342e-11       2.914667867083e-12      -3.065875935534e-12       0.000000000000e+00       8.439198540233e-16       4.855656539393e-17       4.098578385222e-17 
 1639       4.925574062498e-11       2.904816190264e-12      -3.122213637494e-12       0.000000000000e+00       8.418566339954e-16       4.703032151492e-17       4.084720913930e-17 
 1640       4.923332102006e-11       2.894649892134e-12      -3.177877495795e-12       0.000000000000e+00       8.397996228524e-16       4.553111724169e-17       4.070524822430e-17 
 1641       4.921496228268e-11       2.884172954598e-12      -3.232846771919e-12       0.000000000000e+00       8.377487984621e-16       4.405921731086e-17       4.055993518814e-17 
 1642       4.920059518465e-11       2.873389382922e-12      -3.287100636431e-12       0.000000000000e+00       8.357041384420e-16       4.261488735392e-17       4.041130431948e-17 
 1643       4.919015010491e-11       2.862303205767e-12      -3.340618168855e-12       0.000000000000e+00       8.336656201595e-16       4.119839389844e-17       4.025939011503e-17 
 1644       4.918355702896e-11       2.850918475224e-12      -3.393378357533e-12       0.000000000000e+00       8.316332207312e-16       3.981000436916e-17       4.010422727996e-17 
 1645       4.918074554819e-11       2.839239266858e-12      -3.445360099497e-12       0.000000000000e+00       8.296069170223e-16       3.844998708914e-17       3.994585072818e-17 
 1646       4.918164485926e-11       2.827269679739e-12      -3.496542200333e-12       0.000000000000e+00       8.275866856464e-16       3.711861128099e-17       3.978429558269e-17 
 1647       4.918618376348e-11       2.815013836485e-12      -3.546903374051e-12       0.000000000000e+00       8.255725029647e-16       3.581614706793e-17       3.961959717591e-17 
 1648       4.919429066619e-11       2.802475883295e-12      -3.596422242950e-12       0.000000000000e+00       8.235643450859e-16       3.454286547499e-17       3.945179105005e-17 
 1649       4.920589357612e-11       2.789659989988e-12      -3.645077337485e-12       0.000000000000e+00       8.215621878653e-16       3.329903843018e-17       3.928091295740e-17 
 1650       4.922092010478e-11       2.776570350042e-12      -3.692847096133e-12       0.000000000000e+00       8.195660069049e-16       3.208493876558e-17       3.910699886069e-17 
 1651       4.923929746580e-11       2.763211180631e-12      -3.739709865266e-12       0.000000000000e+00       8.175757775523e-16       3.090084021856e-17       3.893008493344e-17 
 1652       4.926095247436e-11       2.749586722659e-12      -3.785643899008e-12       0.000000000000e+00       8.155914749007e-16       2.974701743290e-17       3.875020756026e-17 
 1653       4.928581154650e-11       2.735701240803e-12      -3.830627359113e-12       0.000000000000e+00       8.136130737881e-16       2.862374595995e-17       3.856740333722e-17 
 1654       4.931380069855e-11       2.721559023546e-12      -3.874638314823e-12       0.000000000000e+00       8.116405487973e-16       2.753130225977e-17       3.838170907216e-17 
 1655       4.934484554646e-11       2.707164383217e-12      -3.917654742739e-12       0.000000000000e+00       8.096738742548e-16       2.646996370231e-17       3.819316178505e-17 
 1656       4.937887130520e-11       2.692521656029e-12      -3.959654526691e-12       0.000000000000e+00       8.077130242307e-16       2.544000856852e-17       3.800179870832e-17 
 1657       4.941580278812e-11       2.677635202114e-12      -4.000615457598e-12       0.000000000000e+00       8.057579725385e-16       2.444171605156e-17       3.780765728719e-17 
 1658       4.945556364923e-11       2.662509680338e-12      -4.040518556337e-12       0.000000000000e+00       8.038086947300e-16       2.347523859281e-17       3.761077435838e-17 
 1659       4.949807410401e-11       2.647150875333e-12      -4.079358074656e-12       0.000000000000e+00       8.018651741036e-16       2.254021765584e-17       3.741118367771e-17 
 1660       4.954325318722e-11       2.631564877834e-12      -4.117131582246e-12       0.000000000000e+00       7.999273957481e-16       2.163616456427e-17       3.720891837137e-17 
 1661       4.959101950754e-11       2.615757810622e-12      -4.153836651763e-12       0.000000000000e+00       7.979953445519e-16       2.076258785476e-17       3.700401175584e-17 
 1662       4.964129124691e-11       2.599735828568e-12      -4.189470858842e-12       0.000000000000e+00       7.960690052016e-16       1.991899327254e-17       3.679649733822e-17 
 1663       4.969398615987e-11       2.583505118683e-12      -4.224031782108e-12       0.000000000000e+00       7.941483621827e-16       1.910488376707e-17       3.658640881649e-17 
 1664       4.974902157288e-11       2.567071900170e-12      -4.257517003189e-12       0.000000000000e+00       7.922333997783e-16       1.831975948755e-17       3.637378007986e-17 
 1665       4.980631438369e-11       2.550442424472e-12      -4.289924106728e-12       0.000000000000e+00       7.903241020691e-16       1.756311777854e-17       3.615864520902e-17 
 1666       4.986578106068e-11       2.533622975319e-12      -4.321250680393e-12       0.000000000000e+00       7.884204529333e-16       1.683445317555e-17       3.594103847647e-17 
 1667       4.992733764217e-11       2.516619868783e-12      -4.351494314892e-12       0.000000000000e+00       7.865224360456e-16       1.613325740058e-17       3.572099434681e-17 
 1668       4.999089973578e-11       2.499439453323e-12      -4.380652603982e-12       0.000000000000e+00       7.846300348773e-16       1.545901935777e-17       3.549854747707e-17 
 1669       5.005638251778e-11       2.482088109834e-12      -4.408723144486e-12       0.000000000000e+00       7.827432326957e-16       1.481122512892e-17       3.527373271696e-17 
 1670       5.012370073240e-11       2.464572251702e-12      -4.435703536297e-12       0.000000000000e+00       7.808620125638e-16       1.418935796911e-17       3.504658510920e-17 
 1671       5.019276869123e-11       2.446898324847e-12      -4.461591382397e-12       0.000000000000e+00       7.789863573399e-16       1.359289830227e-17       3.481713988982e-17 
 1672       5.026350027248e-11       2.429072807776e-12      -4.486384288868e-12       0.000000000000e+00       7.771162496772e-16       1.302132371678e-17       3.458543248846e-17 
 1673       5.033580892039e-11       2.411102211631e-12      -4.510079864901e-12       0.000000000000e+00       7.752516720235e-16       1.247410896102e-17       3.435149852867e-17 
 1674       5.040960764453e-11       2.392993080242e-12      -4.532675722808e-12       0.000000000000e+00       7.733926066206e-16       1.195072593899e-17       3.411537382819e-17 
 1675       5.048480901914e-11       2.374751990171e-12      -4.554169478040e-12       0.000000000000e+00       7.715390355041e-16       1.145064370586e-17       3.387709439930e-17 
 1676       5.056132518252e-11       2.356385550764e-12      -4.574558749190e-12       0.000000000000e+00       7.696909405031e-16       1.097332846359e-17       3.363669644906e-17 
 1677       5.063906783630e-11       2.337900404203e-12      -4.593841158014e-12       0.000000000000e+00       7.678483032396e-16       1.051824355647e-17       3.339421637966e-17 
 1678       5.071794824484e-11       2.319303225550e-12      -4.612014329435e-12       0.000000000000e+00       7.660111051283e-16       1.008484946675e-17       3.314969078869e-17 
 1679       5.079787723453e-11       2.300600722803e-12      -4.629075891560e-12       0.000000000000e+00       7.641793273759e-16       9.672603810181e-18       3.290315646945e-17 
 1680       5.087876519314e-11       2.281799636940e-12      -4.645023475694e-12       0.000000000000e+00       7.623529509812e-16       9.280961331632e-18       3.265465041125e-17 
 1681       5.096052206919e-11       2.262906741970e-12      -4.659854716343e-12       0.000000000000e+00       7.605319567345e-16       8.909373900649e-18       3.240420979972e-17 
 1682       5.104305737125e-11       2.243928844986e-12      -4.673567251236e-12       0.000000000000e+00       7.587163252169e-16       8.557290507051e-18       3.215187201711e-17 
 1683       5.112628016730e-11       2.224872786208e-12      -4.686158721331e-12       0.000000000000e+00       7.569060368004e-16       8.224157256512e-18       3.189767464255e-17 
 1684       5.121009908408e-11       2.205745439038e-12      -4.697626770829e-12       0.000000000000e+00       7.551010716474e-16       7.909417366139e-18       3.164165545243e-17 
 1685       5.129442230640e-11       2.186553710108e-12      -4.707969047188e-12       0.000000000000e+00       7.533014097101e-16       7.612511160061e-18       3.138385242061e-17 
 1686       5.137915757651e-11       2.167304539327e-12      -4.717183201129e-12       0.000000000000e+00       7.515070307302e-16       7.332876065010e-18       3.112430371879e-17 
 1687       5.146421219343e-11       2.148004899934e-12      -4.725266886654e-12       0.000000000000e+00       7.497179142388e-16       7.069946605904e-18       3.086304771678e-17 
 1688       5.154949301230e-11       2.128661798545e-12      -4.732217761057e-12       0.000000000000e+00       7.479340395555e-16       6.823154401432e-18       3.060012298281e-17 
 1689       5.163490644369e-11       2.109282275205e-12      -4.738033484932e-12       0.000000000000e+00       7.461553857886e-16       6.591928159634e-18       3.033556828382e-17 
 1690       5.172035845298e-11       2.089873403434e-12      -4.742711722190e-12       0.000000000000e+00       7.443819318342e-16       6.375693673490e-18       3.006942258576e-17 
 1691       5.180575455967e-11       2.070442290279e-12      -4.746250140069e-12       0.000000000000e+00       7.426136563761e-16       6.173873816496e-18       2.980172505391e-17 
 1692       5.189099983675e-11       2.050996076364e-12      -4.748646409145e-12       0.000000000000e+00       7.408505378855e-16       5.985888538253e-18       2.953251505316e-17 
 1693       5.197599891001e-11       2.031541935936e-12      -4.749898203344e-12       0.000000000000e+00       7.390925546203e-16       5.811154860049e-18       2.926183214833e-17 
 1694       5.206065595739e-11       2.012087076919e-12      -4.750003199958e-12       0.000000000000e+00       7.373396846250e-16       5.649086870440e-18       2.898971610444e-17 
 1695       5.214487470834e-11       1.992638740960e-12      -4.748959079651e-12       0.000000000000e+00       7.355919057302e-16       5.499095720837e-18       2.871620688704e-17 
 1696       5.222855844314e-11       1.973204203481e-12      -4.746763526476e-12       0.000000000000e+00       7.338491955521e-16       5.360589621086e-18       2.844134466250e-17 
 1697       5.231161734521e-11       1.953790391646e-12      -4.743416719577e-12       0.000000000000e+00       7.321115331604e-16       5.233042382899e-18       2.816516795820e-17 
 1698       5.239399062875e-11       1.934402734575e-12      -4.738928831775e-12       0.000000000000e+00       7.303789040970e-16       5.116199705263e-18       2.788770812507e-17 
 1699       5.247562460056e-11       1.915046303314e-12      -4.733312595660e-12       0.000000000000e+00       7.286512953997e-16       5.009874658797e-18       2.760899482792e-17 
 1700       5.255646532405e-11       1.895726192054e-12      -4.726580817880e-12       0.000000000000e+00       7.269286939377e-16       4.913879297777e-18       2.732905788142e-17 
 1701       5.263645861891e-11       1.876447518160e-12      -4.718746379257e-12       0.000000000000e+00       7.252110864115e-16       4.828024658575e-18       2.704792725033e-17 
 1702       5.271555006069e-11       1.857215422208e-12      -4.709822234902e-12       0.000000000000e+00       7.234984593524e-16       4.752120758091e-18       2.676563304972e-17 
 1703       5.279368498052e-11       1.838035068015e-12      -4.699821414334e-12       0.000000000000e+00       7.217907991221e-16       4.685976592199e-18       2.648220554520e-17 
 1704       5.287080846470e-11       1.818911642676e-12      -4.688757021592e-12       0.000000000000e+00       7.200880919126e-16       4.629400134181e-18       2.619767515316e-17 
 1705       5.294686535439e-11       1.799850356595e-12      -4.676642235352e-12       0.000000000000e+00       7.183903237458e-16       4.582198333163e-18       2.591207244093e-17 
 1706       5.302180024522e-11       1.780856443521e-12      -4.663490309043e-12       0.000000000000e+00       7.166974804734e-16       4.544177112557e-18       2.562542812711e-17 
 1707       5.309555748698e-11       1.761935160578e-12      -4.649314570965e-12       0.000000000000e+00       7.150095477761e-16       4.515141368498e-18       2.533777308168e-17 
 1708       5.316808118322e-11       1.743091788303e-12      -4.634128424399e-12       0.000000000000e+00       7.133265111637e-16       4.494894968279e-18       2.504913832631e-17 
 1709       5.323931519092e-11       1.724331630676e-12      -4.617945347730e-12       0.000000000000e+00       7.116483559746e-16       4.483240748794e-18       2.475955503454e-17 
 1710       5.330920312014e-11       1.705660015156e-12      -4.600778894557e-12       0.000000000000e+00       7.099750673756e-16       4.479980514970e-18       2.446905453203e-17 
 1711       5.337768833366e-11       1.687082292712e-12      -4.582642693811e-12       0.000000000000e+00       7.083066303616e-16       4.484915038213e-18       2.417766829674e-17 
 1712       5.344471394664e-11       1.668603837859e-12      -4.563550449872e-12       0.000000000000e+00       7.066430297550e-16       4.497844054835e-18       2.388542795920e-17 
 1713       5.351022282622e-11       1.650230048689e-12      -4.543515942683e-12       0.000000000000e+00       7.049842502059e-16       4.518566264504e-18       2.359236530273e-17 
 1714       5.357415759126e-11       1.631966346910e-12      -4.522553027866e-12       0.000000000000e+00       7.033302761912e-16       4.546879328673e-18       2.329851226364e-17 
 1715       5.363646061186e-11       1.613818177872e-12      -4.500675636837e-12       0.000000000000e+00       7.016810920149e-16       4.582579869022e-18       2.300390093145e-17 
 1716       5.369707400914e-11       1.595791010605e-12      -4.477897776926e-12       0.000000000000e+00       7.000366818071e-16       4.625463465895e-18       2.270856354914e-17 
 1717       5.375593965478e-11       1.577890337853e-12      -4.454233531486e-12       0.000000000000e+00       6.983970295243e-16       4.675324656739e-18       2.241253251338e-17 
 1718       5.381299917073e-11       1.560121676106e-12      -4.429697060016e-12       0.000000000000e+00       6.967621189488e-16       4.731956934539e-18       2.211584037472e-17 
 1719       5.386819392882e-11       1.542490565633e-12      -4.404302598269e-12       0.000000000000e+00       6.951319336884e-16       4.795152746262e-18       2.181851983782e-17 
 1720       5.392146505044e-11       1.525002570519e-12      -4.378064458377e-12       0.000000000000e+00       6.935064571761e-16       4.864703491287e-18       2.152060376170e-17 
 1721       5.397275340616e-11       1.507663278693e-12      -4.350997028957e-12       0.000000000000e+00       6.918856726699e-16       4.940399519849e-18       2.122212515994e-17 
 1722       5.402199961539e-11       1.490478301966e-12      -4.323114775235e-12       0.000000000000e+00       6.902695632522e-16       5.022030131477e-18       2.092311720093e-17 
 1723       5.406914404601e-11       1.473453276065e-12      -4.294432239157e-12       0.000000000000e+00       6.886581118300e-16       5.109383573426e-18       2.062361320806e-17 
 1724       5.411412681405e-11       1.456593860663e-12      -4.264964039506e-12       0.000000000000e+00       6.870513011338e-16       5.202247039122e-18       2.032364665995e-17 
 1725       5.415688778331e-11       1.439905739413e-12      -4.234724872017e-12       0.000000000000e+00       6.854491137181e-16       5.300406666597e-18       2.002325119071e-17 
 1726       5.419736656502e-11       1.423394619987e-12      -4.203729509495e-12       0.000000000000e+00       6.838515319607e-16       5.403647536927e-18       1.972246059012e-17 
 1727       5.423550251745e-11       1.407066234103e-12      -4.171992801931e-12       0.000000000000e+00       6.822585380623e-16       5.511753672668e-18       1.942130880387e-17 
 1728       5.427123474563e-11       1.390926337559e-12      -4.139529676612e-12       0.000000000000e+00       6.806701140464e-16       5.624508036299e-18       1.911982993380e-17 
 1729       5.430450210092e-11       1.374980710274e-12      -4.106355138245e-12       0.000000000000e+00       6.790862417589e-16       5.741692528655e-18       1.881805823809e-17 
 1730       5.433524318072e-11       1.359235156312e-12      -4.072484269067e-12       0.000000000000e+00       6.775069028678e-16       5.863087987368e-18       1.851602813153e-17 
 1731       5.436339632805e-11       1.343695503920e-12      -4.037932228962e-12       0.000000000000e+00       6.759320788626e-16       5.988474185304e-18       1.821377418569e-17 
 1732       5.438889963128e-11       1.328367605564e-12      -4.002714255579e-12       0.000000000000e+00       6.743617510548e-16       6.117629829001e-18       1.791133112918e-17 
 1733       5.441169092369e-11       1.313257337959e-12      -3.966845664445e-12       0.000000000000e+00       6.727959005765e-16       6.250332557106e-18       1.760873384788e-17 
 1734       5.443170778319e-11       1.298370602101e-12      -3.930341849083e-12       0.000000000000e+00       6.712345083810e-16       6.386358938816e-18       1.730601738513e-17 
 1735       5.444888753191e-11       1.283713323306e-12      -3.893218281124e-12       0.000000000000e+00       6.696775552419e-16       6.525484472312e-18       1.700321694198e-17 
 1736       5.446317730921e-11       1.269290696553e-12      -3.855490969740e-12       0.000000000000e+00       6.681250231600e-16       6.667532037215e-18       1.670036658776e-17 
 1737       5.447456438415e-11       1.255104915505e-12      -3.817177843918e-12       0.000000000000e+00       6.665768995962e-16       6.812517701653e-18       1.639749537951e-17 
 1738       5.448304609780e-11       1.241157424413e-12      -3.778297382065e-12       0.000000000000e+00       6.650331732737e-16       6.960506141034e-18       1.609463121028e-17 
 1739       5.448861981313e-11       1.227449671074e-12      -3.738868153887e-12       0.000000000000e+00       6.634938327737e-16       7.111562295943e-18       1.579180209601e-17 
 1740       5.449128291510e-11       1.213983106826e-12      -3.698908820523e-12       0.000000000000e+00       6.619588665357e-16       7.265751372516e-18       1.548903617566e-17 
 1741       5.449103281066e-11       1.200759186561e-12      -3.658438134680e-12       0.000000000000e+00       6.604282628566e-16       7.423138842796e-18       1.518636171141e-17 
 1742       5.448786692885e-11       1.187779368721e-12      -3.617474940766e-12       0.000000000000e+00       6.589020098910e-16       7.583790445110e-18       1.488380708882e-17 
 1743       5.448178272079e-11       1.175045115307e-12      -3.576038175024e-12       0.000000000000e+00       6.573800956506e-16       7.747772184425e-18       1.458140081702e-17 
 1744       5.447277765978e-11       1.162557891877e-12      -3.534146865667e-12       0.000000000000e+00       6.558625080042e-16       7.915150332721e-18       1.427917152886e-17 
 1745       5.446084924130e-11       1.150319167555e-12      -3.491820133013e-12       0.000000000000e+00       6.543492346771e-16       8.085991429357e-18       1.397714798111e-17 
 1746       5.444599498310e-11       1.138330415032e-12      -3.449077189614e-12       0.000000000000e+00       6.528402632511e-16       8.260362281432e-18       1.367535905461e-17 
 1747       5.442821242524e-11       1.126593110568e-12      -3.405937340397e-12       0.000000000000e+00       6.513355811644e-16       8.438329964158e-18       1.337383375442e-17 
 1748       5.440749913010e-11       1.115108734000e-12      -3.362419982794e-12       0.000000000000e+00       6.498351757108e-16       8.619961821220e-18       1.307260121007e-17 
 1749       5.438385268247e-11       1.103878768740e-12      -3.318544606877e-12       0.000000000000e+00       6.483390340401e-16       8.805325465147e-18       1.277169067566e-17 
 1750       5.435727068958e-11       1.092904701782e-12      -3.274330795491e-12       0.000000000000e+00       6.468471431573e-16       8.994488777676e-18       1.247113153004e-17 
 1751       5.432775078116e-11       1.082188023706e-12      -3.229798224389e-12       0.000000000000e+00       6.453594899226e-16       9.187519910119e-18       1.217095327702e-17 
 1752       5.429529060946e-11       1.071730228680e-12      -3.184966662368e-12       0.000000000000e+00       6.438760610511e-16       9.384487283728e-18       1.187118554553e-17 
 1753       5.425988784933e-11       1.061532814462e-12      -3.139855971398e-12       0.000000000000e+00       6.423968431127e-16       9.585459590063e-18       1.157185808977e-17 
 1754       5.422154019825e-11       1.051597282408e-12      -3.094486106761e-12       0.000000000000e+00       6.409218225314e-16       9.790505791356e-18       1.127300078939e-17 
 1755       5.418024537637e-11       1.041925137471e-12      -3.048877117183e-12       0.000000000000e+00       6.394509855856e-16       9.999695120880e-18       1.097464364968e-17 
 1756       5.413600112659e-11       1.032517888208e-12      -3.003049144968e-12       0.000000000000e+00       6.379843184074e-16       1.021309708331e-17       1.067681680173e-17 
 1757       5.408880521457e-11       1.023377046781e-12      -2.957022426134e-12       0.000000000000e+00       6.365218069826e-16       1.043078145511e-17       1.037955050261e-17 
 1758       5.403865542880e-11       1.014504128962e-12      -2.910817290541e-12       0.000000000000e+00       6.350634371504e-16       1.065281828485e-17       1.008287513553e-17 
 1759       5.398554958064e-11       1.005900654137e-12      -2.864454162035e-12       0.000000000000e+00       6.336091946030e-16       1.087927789363e-17       9.786821210017e-18 
 1760       5.392948550437e-11       9.975681453053e-13      -2.817953558572e-12       0.000000000000e+00       6.321590648856e-16       1.111023087541e-17       9.491419362104e-18 
 1761       5.387046105723e-11       9.895081290904e-13      -2.771336092358e-12       0.000000000000e+00       6.307130333957e-16       1.134574809740e-17       9.196700354476e-18 
 1762       5.380847411950e-11       9.817221357374e-13      -2.724622469983e-12       0.000000000000e+00       6.292710853834e-16       1.158590070040e-17       8.902695076660e-18 
 1763       5.374352259449e-11       9.742116991188e-13      -2.677833492553e-12       0.000000000000e+00       6.278332059508e-16       1.183076009918e-17       8.609434545192e-18 
 1764       5.367560440863e-11       9.669783567383e-13      -2.630990055822e-12       0.000000000000e+00       6.263993800519e-16       1.208039798286e-17       8.316949903792e-18 
 1765       5.360471751153e-11       9.600236497335e-13      -2.584113150334e-12       0.000000000000e+00       6.249695924921e-16       1.233488631523e-17       8.025272423535e-18 
 1766       5.353085987597e-11       9.533491228802e-13      -2.537223861546e-12       0.000000000000e+00       6.235438279281e-16       1.259429733519e-17       7.734433503022e-18 
 1767       5.345402949801e-11       9.469563245951e-13      -2.490343369973e-12       0.000000000000e+00       6.221220708679e-16       1.285870355703e-17       7.444464668557e-18 
 1768       5.337422439700e-11       9.408468069404e-13      -2.443492951314e-12       0.000000000000e+00       6.207043056699e-16       1.312817777089e-17       7.155397574315e-18 
 1769       5.329144261563e-11       9.350221256262e-13      -2.396693976589e-12       0.000000000000e+00       6.192905165435e-16       1.340279304303e-17       6.867264002518e-18 
 1770       5.320568222001e-11       9.294838400149e-13      -2.349967912274e-12       0.000000000000e+00       6.178806875480e-16       1.368262271627e-17       6.580095863604e-18 
 1771       5.311694129967e-11       9.242335131242e-13      -2.303336320436e-12       0.000000000000e+00       6.164748025928e-16       1.396774041033e-17       6.293925196403e-18 
 1772       5.302521796764e-11       9.192727116311e-13      -2.256820858860e-12       0.000000000000e+00       6.150728454371e-16       1.425822002218e-17       6.008784168309e-18 
 1773       5.293051036050e-11       9.146030058750e-13      -2.210443281194e-12       0.000000000000e+00       6.136747996898e-16       1.455413572643e-17       5.724705075450e-18 
 1774       5.283281663839e-11       9.102259698614e-13      -2.164225437074e-12       0.000000000000e+00       6.122806488087e-16       1.485556197569e-17       5.441720342864e-18 
 1775       5.273214192279e-11       9.061425137551e-13      -2.118187779985e-12       0.000000000000e+00       6.108903773178e-16       1.516255624020e-17       5.159856816385e-18 
 1776       5.262851917205e-11       9.023508753362e-13      -2.072344877116e-12       0.000000000000e+00       6.095039744690e-16       1.547510707043e-17       4.879118586513e-18 
 1777       5.252198847804e-11       8.988486119926e-13      -2.026709862755e-12       0.000000000000e+00       6.081214306098e-16       1.579318560704e-17       4.599504023291e-18 
 1778       5.241259014436e-11       8.956332667063e-13      -1.981295927283e-12       0.000000000000e+00       6.067427359690e-16       1.611676280247e-17       4.321011471690e-18 
 1779       5.230036468672e-11       8.927023680309e-13      -1.936116317253e-12       0.000000000000e+00       6.053678806562e-16       1.644580942064e-17       4.043639251568e-18 
 1780       5.218535283318e-11       8.900534300700e-13      -1.891184335465e-12       0.000000000000e+00       6.039968546621e-16       1.678029603667e-17       3.767385657624e-18 
 1781       5.206759552449e-11       8.876839524552e-13      -1.846513341045e-12       0.000000000000e+00       6.026296478577e-16       1.712019303656e-17       3.492248959349e-18 
 1782       5.194713391442e-11       8.855914203245e-13      -1.802116749521e-12       0.000000000000e+00       6.012662499944e-16       1.746547061695e-17       3.218227400987e-18 
 1783       5.182400937005e-11       8.837733043000e-13      -1.758008032901e-12       0.000000000000e+00       5.999066507037e-16       1.781609878478e-17       2.945319201489e-18 
 1784       5.169826347209e-11       8.822270604663e-13      -1.714200719750e-12       0.000000000000e+00       5.985508394972e-16       1.817204735702e-17       2.673522554465e-18 
 1785       5.156993801519e-11       8.809501303487e-13      -1.670708395267e-12       0.000000000000e+00       5.971988057661e-16       1.853328596040e-17       2.402835628143e-18 
 1786       5.143907500824e-11       8.799399408909e-13      -1.627544701363e-12       0.000000000000e+00       5.958505387811e-16       1.889978403106e-17       2.133256565323e-18 
 1787       5.130571667472e-11       8.791939044338e-13      -1.584723336737e-12       0.000000000000e+00       5.945060276922e-16       1.927151081433e-17       1.864783483330e-18 
 1788       5.116990545295e-11       8.787094186931e-13      -1.542258056956e-12       0.000000000000e+00       5.931652615286e-16       1.964843536439e-17       1.597414473975e-18 
 1789       5.103168399646e-11       8.784838667373e-13      -1.500162674528e-12       0.000000000000e+00       5.918282291983e-16       2.003052654399e-17       1.331147603504e-18 
 1790       5.089109517428e-11       8.785146169666e-13      -1.458451058983e-12       0.000000000000e+00       5.904949194879e-16       2.041775302419e-17       1.065980912556e-18 
 1791       5.074818207123e-11       8.787990230900e-13      -1.417137136947e-12       0.000000000000e+00       5.891653210625e-16       2.081008328400e-17       8.019124161203e-19 
 1792       5.060298798827e-11       8.793344241043e-13      -1.376234892223e-12       0.000000000000e+00       5.878394224656e-16       2.120748561018e-17       5.389401034880e-19 
 1793       5.045555644279e-11       8.801181442718e-13      -1.335758365867e-12       0.000000000000e+00       5.865172121185e-16       2.160992809687e-17       2.770619382095e-19 
 1794       5.030593116893e-11       8.811474930985e-13      -1.295721656261e-12       0.000000000000e+00       5.851986783204e-16       2.201737864534e-17       1.627585804945e-20 
 1795       5.015415611787e-11       8.824197653121e-13      -1.256138919198e-12       0.000000000000e+00       5.838838092482e-16       2.242980496369e-17      -2.434202250582e-19 
 1796       5.000027545818e-11       8.839322408403e-13      -1.217024367951e-12       0.000000000000e+00       5.825725929562e-16       2.284717456657e-17      -5.020284250549e-19 
 1797       4.984433357609e-11       8.856821847889e-13      -1.178392273358e-12       0.000000000000e+00       5.812650173757e-16       2.326945477485e-17      -7.595508818020e-19 
 1798       4.968637507584e-11       8.876668474200e-13      -1.140256963894e-12       0.000000000000e+00       5.799610703153e-16       2.369661271538e-17      -1.015989761126e-18 
 1799       4.952644477997e-11       8.898834641298e-13      -1.102632825749e-12       0.000000000000e+00       5.786607394600e-16       2.412861532069e-17      -1.271347254861e-18 
 1800       4.936458772963e-11       8.923292554272e-13      -1.065534302908e-12       0.000000000000e+00       5.773640123717e-16       2.456542932864e-17      -1.525625580899e-18 
 1801       4.920084918490e-11       8.950014269114e-13      -1.028975897224e-12       0.000000000000e+00       5.760708764884e-16       2.500702128223e-17      -1.778826983228e-18 
 1802       4.903527462510e-11       8.978971692505e-13      -9.929721684999e-13       0.000000000000e+00       5.747813191244e-16       2.545335752921e-17      -2.030953731979e-18 
 1803       4.886790974911e-11       9.010136581593e-13      -9.575377345618e-13       0.000000000000e+00       5.734953274698e-16       2.590440422186e-17      -2.282008123474e-18 
 1804       4.869880047566e-11       9.043480543776e-13      -9.226872713388e-13       0.000000000000e+00       5.722128885907e-16       2.636012731665e-17      -2.531992480267e-18 
 1805       4.852799294366e-11       9.078975036483e-13      -8.884355129389e-13       0.000000000000e+00       5.709339894282e-16       2.682049257401e-17      -2.780909151189e-18 
 1806       4.835553351250e-11       9.116591366955e-13      -8.547972517270e-13       0.000000000000e+00       5.696586167992e-16       2.728546555795e-17      -3.028760511395e-18 
 1807       4.818146876239e-11       9.156300692025e-13      -8.217873384017e-13       0.000000000000e+00       5.683867573954e-16       2.775501163586e-17      -3.275548962404e-18 
 1808       4.800584549462e-11       9.198074017902e-13      -7.894206820728e-13       0.000000000000e+00       5.671183977834e-16       2.822909597817e-17      -3.521276932152e-18 
 1809       4.782871073193e-11       9.241882199950e-13      -7.577122503383e-13       0.000000000000e+00       5.658535244046e-16       2.870768355806e-17      -3.765946875027e-18 
 1810       4.765011171876e-11       9.287695942469e-13      -7.266770693621e-13       0.000000000000e+00       5.645921235747e-16       2.919073915118e-17      -4.009561271920e-18 
 1811       4.747009592164e-11       9.335485798479e-13      -6.963302239508e-13       0.000000000000e+00       5.633341814838e-16       2.967822733536e-17      -4.252122630270e-18 
 1812       4.728871102942e-11       9.385222169499e-13      -6.666868576311e-13       0.000000000000e+00       5.620796841959e-16       3.017011249032e-17      -4.493633484105e-18 
 1813       4.710600495363e-11       9.436875305328e-13      -6.377621727272e-13       0.000000000000e+00       5.608286176489e-16       3.066635879737e-17      -4.734096394087e-18 
 1814       4.692202646485e-11       9.490412978502e-13      -6.095691240666e-13       0.000000000000e+00       5.595809686180e-16       3.116692777770e-17      -4.973500369442e-18 
 1815       4.673682710674e-11       9.545793487583e-13      -5.821114796008e-13       0.000000000000e+00       5.583367276157e-16       3.167177088610e-17      -5.211780013875e-18 
 1816       4.655045929809e-11       9.602972596994e-13      -5.553907039584e-13       0.000000000000e+00       5.570958860150e-16       3.218083685695e-17      -5.448856050170e-18 
 1817       4.636297569846e-11       9.661905856914e-13      -5.294082597282e-13       0.000000000000e+00       5.558584350872e-16       3.269407415976e-17      -5.684648867946e-18 
 1818       4.617442920852e-11       9.722548602974e-13      -5.041656074525e-13       0.000000000000e+00       5.546243660022e-16       3.321143099888e-17      -5.919078523204e-18 
 1819       4.598487297038e-11       9.784855955956e-13      -4.796642056198e-13       0.000000000000e+00       5.533936698278e-16       3.373285531303e-17      -6.152064737875e-18 
 1820       4.579436036796e-11       9.848782821489e-13      -4.559055106587e-13       0.000000000000e+00       5.521663375301e-16       3.425829477499e-17      -6.383526899376e-18 
 1821       4.560294502727e-11       9.914283889743e-13      -4.328909769304e-13       0.000000000000e+00       5.509423599728e-16       3.478769679118e-17      -6.613384060153e-18 
 1822       4.541068081679e-11       9.981313635129e-13      -4.106220567223e-13       0.000000000000e+00       5.497217279175e-16       3.532100850132e-17      -6.841554937236e-18 
 1823       4.521762184779e-11       1.004982631599e-12      -3.891002002412e-13       0.000000000000e+00       5.485044320229e-16       3.585817677798e-17      -7.067957911787e-18 
 1824       4.502382247464e-11       1.011977597432e-12      -3.683268556063e-13       0.000000000000e+00       5.472904628454e-16       3.639914822627e-17      -7.292511028647e-18 
 1825       4.482933729521e-11       1.019111643541e-12      -3.483034688426e-13       0.000000000000e+00       5.460798108382e-16       3.694386918343e-17      -7.515131995892e-18 
 1826       4.463422115111e-11       1.026380130760e-12      -3.290314838738e-13       0.000000000000e+00       5.448724663518e-16       3.749228571843e-17      -7.735738184377e-18 
 1827       4.443852912814e-11       1.033778398194e-12      -3.105123425157e-13       0.000000000000e+00       5.436684196331e-16       3.804434363163e-17      -7.954246627288e-18 
 1828       4.424231655650e-11       1.041301763191e-12      -2.927474844696e-13       0.000000000000e+00       5.424676608258e-16       3.859998845437e-17      -8.170574019694e-18 
 1829       4.404563901124e-11       1.048945521310e-12      -2.757383473149e-13       0.000000000000e+00       5.412701799701e-16       3.915916544861e-17      -8.384636718093e-18 
 1830       4.384855231252e-11       1.056704946290e-12      -2.594863665029e-13       0.000000000000e+00       5.400759670022e-16       3.972181960651e-17      -8.596350739963e-18 
 1831       4.365111252596e-11       1.064575290023e-12      -2.439929753496e-13       0.000000000000e+00       5.388850117547e-16       4.028789565012e-17      -8.805631763315e-18 
 1832       4.345337596300e-11       1.072551782519e-12      -2.292596050292e-13       0.000000000000e+00       5.376973039558e-16       4.085733803091e-17      -9.012395126239e-18 
 1833       4.325539918120e-11       1.080629631881e-12      -2.152876845670e-13       0.000000000000e+00       5.365128332295e-16       4.143009092948e-17      -9.216555826454e-18 
 1834       4.305723898462e-11       1.088804024269e-12      -2.020786408326e-13       0.000000000000e+00       5.353315890955e-16       4.200609825510e-17      -9.418028520861e-18 
 1835       4.285895242410e-11       1.097070123873e-12      -1.896338985335e-13       0.000000000000e+00       5.341535609687e-16       4.258530364539e-17      -9.616727525088e-18 
 1836       4.266059679764e-11       1.105423072883e-12      -1.779548802077e-13       0.000000000000e+00       5.329787381592e-16       4.316765046590e-17      -9.812566813046e-18 
 1837       4.246222965071e-11       1.113857991457e-12      -1.670430062174e-13       0.000000000000e+00       5.318071098723e-16       4.375308180976e-17      -1.000546001647e-17 
 1838       4.226390877658e-11       1.122369977692e-12      -1.568996947420e-13       0.000000000000e+00       5.306386652079e-16       4.434154049727e-17      -1.019532042449e-17 
 1839       4.206569221671e-11       1.130954107592e-12      -1.475263617711e-13       0.000000000000e+00       5.294733931607e-16       4.493296907554e-17      -1.038206098314e-17 
 1840       4.186763826099e-11       1.139605435040e-12      -1.389244210979e-13       0.000000000000e+00       5.283112826199e-16       4.552730981809e-17      -1.056559429495e-17 
 1841       4.166980544816e-11       1.148318991764e-12      -1.310952843126e-13       0.000000000000e+00       5.271523223690e-16       4.612450472451e-17      -1.074583261847e-17 
 1842       4.147225256610e-11       1.157089787311e-12      -1.240403607950e-13       0.000000000000e+00       5.259965010856e-16       4.672449552002e-17      -1.092268786784e-17 
 1843       4.127503865219e-11       1.165912809015e-12      -1.177610577084e-13       0.000000000000e+00       5.248438073414e-16       4.732722365514e-17      -1.109607161233e-17 
 1844       4.107822299362e-11       1.174783021964e-12      -1.122587799922e-13       0.000000000000e+00       5.236942296016e-16       4.793263030529e-17      -1.126589507586e-17 
 1845       4.088186512773e-11       1.183695368973e-12      -1.075349303553e-13       0.000000000000e+00       5.225477562253e-16       4.854065637040e-17      -1.143206913661e-17 
 1846       4.068602484238e-11       1.192644770553e-12      -1.035909092695e-13       0.000000000000e+00       5.214043754650e-16       4.915124247455e-17      -1.159450432653e-17 
 1847       4.049076217622e-11       1.201626124880e-12      -1.004281149625e-13       0.000000000000e+00       5.202640754664e-16       4.976432896558e-17      -1.175311083089e-17 
 1848       4.029613741910e-11       1.210634307765e-12      -9.804794341097e-14       0.000000000000e+00       5.191268442682e-16       5.037985591469e-17      -1.190779848783e-17 
 1849       4.010221111233e-11       1.219664172622e-12      -9.645178833397e-14       0.000000000000e+00       5.179926698021e-16       5.099776311610e-17      -1.205847678795e-17 
 1850       3.990904404909e-11       1.228710550441e-12      -9.564104118604e-14       0.000000000000e+00       5.168615398927e-16       5.161799008665e-17      -1.220505487379e-17 
 1851       3.971669727469e-11       1.237768249756e-12      -9.561709115041e-14       0.000000000000e+00       5.157334422568e-16       5.224047606539e-17      -1.234744153944e-17 
 1852       3.952523208697e-11       1.246832056611e-12      -9.638132513217e-14       0.000000000000e+00       5.146083645040e-16       5.286516001324e-17      -1.248554523005e-17 
 1853       3.933470524367e-11       1.255896992703e-12      -9.793337837615e-14       0.000000000000e+00       5.134862950026e-16       5.349196085984e-17      -1.261930466463e-17 
 1854       3.914515454263e-11       1.264959092070e-12      -1.002658712288e-13       0.000000000000e+00       5.123672254883e-16       5.412071807423e-17      -1.274878096963e-17 
 1855       3.895661312838e-11       1.274014630472e-12      -1.033696307959e-13       0.000000000000e+00       5.112511484762e-16       5.475125062407e-17      -1.287406627205e-17 
 1856       3.876911427491e-11       1.283059867762e-12      -1.072354364764e-13       0.000000000000e+00       5.101380563952e-16       5.538337668471e-17      -1.299525314296e-17 
 1857       3.858269138584e-11       1.292091047864e-12      -1.118540198950e-13       0.000000000000e+00       5.090279415887e-16       5.601691363811e-17      -1.311243459808e-17 
 1858       3.839737799456e-11       1.301104398750e-12      -1.172160648336e-13       0.000000000000e+00       5.079207963137e-16       5.665167807180e-17      -1.322570409837e-17 
 1859       3.821320776441e-11       1.310096132422e-12      -1.233122071641e-13       0.000000000000e+00       5.068166127411e-16       5.728748577777e-17      -1.333515555074e-17 
 1860       3.803021448887e-11       1.319062444887e-12      -1.301330347799e-13       0.000000000000e+00       5.057153829553e-16       5.792415175145e-17      -1.344088330856e-17 
 1861       3.784843209170e-11       1.327999516139e-12      -1.376690875283e-13       0.000000000000e+00       5.046170989542e-16       5.856149019059e-17      -1.354298217237e-17 
 1862       3.766789462711e-11       1.336903510136e-12      -1.459108571426e-13       0.000000000000e+00       5.035217526489e-16       5.919931449422e-17      -1.364154739044e-17 
 1863       3.748863627995e-11       1.345770574778e-12      -1.548487871740e-13       0.000000000000e+00       5.024293358639e-16       5.983743726156e-17      -1.373667465942e-17 
 1864       3.731069136584e-11       1.354596841887e-12      -1.644732729237e-13       0.000000000000e+00       5.013398403364e-16       6.047567029097e-17      -1.382846012497e-17 
 1865       3.713409433138e-11       1.363378427185e-12      -1.747746613753e-13       0.000000000000e+00       5.002532577169e-16       6.111382457886e-17      -1.391700038233e-17 
 1866       3.695887975429e-11       1.372111430273e-12      -1.857432511263e-13       0.000000000000e+00       4.991695795682e-16       6.175171031865e-17      -1.400239247698e-17 
 1867       3.678508234358e-11       1.380791934610e-12      -1.973692923210e-13       0.000000000000e+00       4.980887973660e-16       6.238913689965e-17      -1.408473390527e-17 
 1868       3.661273693972e-11       1.389416007490e-12      -2.096429865817e-13       0.000000000000e+00       4.970109024981e-16       6.302591290603e-17      -1.416412261499e-17 
 1869       3.644187851482e-11       1.397979700023e-12      -2.225544869414e-13       0.000000000000e+00       4.959358862650e-16       6.366184611574e-17      -1.424065700603e-17 
 1870       3.627254217278e-11       1.406479047111e-12      -2.360938977759e-13       0.000000000000e+00       4.948637398791e-16       6.429674349944e-17      -1.431443593101e-17 
 1871       3.610476314947e-11       1.414910067431e-12      -2.502512747353e-13       0.000000000000e+00       4.937944544648e-16       6.493041121941e-17      -1.438555869584e-17 
 1872       3.593857681287e-11       1.423268763407e-12      -2.650166246767e-13       0.000000000000e+00       4.927280210584e-16       6.556265462852e-17      -1.445412506041e-17 
 1873       3.577401866329e-11       1.431551121195e-12      -2.803799055961e-13       0.000000000000e+00       4.916644306079e-16       6.619327826910e-17      -1.452023523915e-17 
 1874       3.561112433348e-11       1.439753110660e-12      -2.963310265604e-13       0.000000000000e+00       4.906036739729e-16       6.682208587195e-17      -1.458398990170e-17 
 1875       3.544992958886e-11       1.447870685351e-12      -3.128598476395e-13       0.000000000000e+00       4.895457419245e-16       6.744888035519e-17      -1.464549017350e-17 
 1876       3.529047032761e-11       1.455899782485e-12      -3.299561798384e-13       0.000000000000e+00       4.884906251449e-16       6.807346382323e-17      -1.470483763640e-17 
 1877       3.513278258091e-11       1.463836322922e-12      -3.476097850295e-13       0.000000000000e+00       4.874383142274e-16       6.869563756570e-17      -1.476213432931e-17 
 1878       3.497690251306e-11       1.471676211144e-12      -3.658103758842e-13       0.000000000000e+00       4.863887996766e-16       6.931520205637e-17      -1.481748274880e-17 
 1879       3.482286642167e-11       1.479415335237e-12      -3.845476158055e-13       0.000000000000e+00       4.853420719075e-16       6.993195695209e-17      -1.487098584973e-17 
 1880       3.467071073783e-11       1.487049566865e-12      -4.038111188599e-13       0.000000000000e+00       4.842981212462e-16       7.054570109170e-17      -1.492274704586e-17 
 1881       3.452047202626e-11       1.494574761252e-12      -4.235904497093e-13       0.000000000000e+00       4.832569379292e-16       7.115623249497e-17      -1.497287021046e-17 
 1882       3.437218698548e-11       1.501986757159e-12      -4.438751235434e-13       0.000000000000e+00       4.822185121032e-16       7.176334836154e-17      -1.502145967696e-17 
 1883       3.422589244800e-11       1.509281376863e-12      -4.646546060116e-13       0.000000000000e+00       4.811828338255e-16       7.236684506983e-17      -1.506862023955e-17 
 1884       3.408162538048e-11       1.516454426136e-12      -4.859183131549e-13       0.000000000000e+00       4.801498930633e-16       7.296651817600e-17      -1.511445715378e-17 
 1885       3.393942288386e-11       1.523501694225e-12      -5.076556113386e-13       0.000000000000e+00       4.791196796937e-16       7.356216241284e-17      -1.515907613724e-17 
 1886       3.379932219357e-11       1.530418953826e-12      -5.298558171836e-13       0.000000000000e+00       4.780921835039e-16       7.415357168872e-17      -1.520258337010e-17 
 1887       3.366136067970e-11       1.537201961069e-12      -5.525081974993e-13       0.000000000000e+00       4.770673941906e-16       7.474053908652e-17      -1.524508549580e-17 
 1888       3.352557584714e-11       1.543846455492e-12      -5.756019692148e-13       0.000000000000e+00       4.760453013600e-16       7.532285686258e-17      -1.528668962162e-17 
 1889       3.339200533575e-11       1.550348160021e-12      -5.991262993119e-13       0.000000000000e+00       4.750258945277e-16       7.590031644556e-17      -1.532750331932e-17 
 1890       3.326068692056e-11       1.556702780950e-12      -6.230703047564e-13       0.000000000000e+00       4.740091631186e-16       7.647270843547e-17      -1.536763462578e-17 
 1891       3.313165851189e-11       1.562906007916e-12      -6.474230524307e-13       0.000000000000e+00       4.729950964667e-16       7.703982260251e-17      -1.540719204358e-17 
 1892       3.300495152997e-11       1.568954049337e-12      -6.721732284470e-13       0.000000000000e+00       4.719836845461e-16       7.760150530675e-17      -1.544626192228e-17 
 1893       3.288057097230e-11       1.574845243268e-12      -6.973081434274e-13       0.000000000000e+00       4.709749201706e-16       7.815783224473e-17      -1.548484040977e-17 
 1894       3.275851519240e-11       1.580578458961e-12      -7.228147193943e-13       0.000000000000e+00       4.699687968107e-16       7.870893703696e-17      -1.552290097578e-17 
 1895       3.263878251141e-11       1.586152562536e-12      -7.486798196114e-13       0.000000000000e+00       4.689653078641e-16       7.925495392933e-17      -1.556041698333e-17 
 1896       3.252137121796e-11       1.591566416982e-12      -7.748902485049e-13       0.000000000000e+00       4.679644466557e-16       7.979601779399e-17      -1.559736168857e-17 
 1897       3.240627956818e-11       1.596818882148e-12      -8.014327515847e-13       0.000000000000e+00       4.669662064368e-16       8.033226413019e-17      -1.563370824069e-17 
 1898       3.229350578561e-11       1.601908814743e-12      -8.282940153650e-13       0.000000000000e+00       4.659705803858e-16       8.086382906515e-17      -1.566942968170e-17 
 1899       3.218304806115e-11       1.606835068335e-12      -8.554606672857e-13       0.000000000000e+00       4.649775616076e-16       8.139084935490e-17      -1.570449894639e-17 
 1900       3.207490455304e-11       1.611596493341e-12      -8.829192756331e-13       0.000000000000e+00       4.639871431335e-16       8.191346238514e-17      -1.573888886209e-17 
 1901       3.196907338674e-11       1.616191937030e-12      -9.106563494609e-13       0.000000000000e+00       4.629993179214e-16       8.243180617207e-17      -1.577257214862e-17 
 1902       3.186555265492e-11       1.620620243515e-12      -9.386583385118e-13       0.000000000000e+00       4.620140788552e-16       8.294601936329e-17      -1.580552141810e-17 
 1903       3.176434041742e-11       1.624880253754e-12      -9.669116331376e-13       0.000000000000e+00       4.610314187452e-16       8.345624123862e-17      -1.583770917483e-17 
 1904       3.166543470114e-11       1.628970805543e-12      -9.954025642208e-13       0.000000000000e+00       4.600513303274e-16       8.396261171095e-17      -1.586910781514e-17 
 1905       3.156883350004e-11       1.632890733512e-12      -1.024117403096e-12       0.000000000000e+00       4.590738062639e-16       8.446527132712e-17      -1.589968962726e-17 
 1906       3.147453477507e-11       1.636638869126e-12      -1.053042361469e-12       0.000000000000e+00       4.580988391425e-16       8.496436126873e-17      -1.592942679118e-17 
 1907       3.138253645408e-11       1.640214040678e-12      -1.082163591341e-12       0.000000000000e+00       4.571264214767e-16       8.546002335304e-17      -1.595829137853e-17 
 1908       3.129283643183e-11       1.643615073288e-12      -1.111467184926e-12       0.000000000000e+00       4.561565457056e-16       8.595240003382e-17      -1.598625535239e-17 
 1909       3.120543256988e-11       1.646840788895e-12      -1.140939174575e-12       0.000000000000e+00       4.551892041934e-16       8.644163440215e-17      -1.601329056722e-17 
 1910       3.112032269655e-11       1.649890006259e-12      -1.170565532695e-12       0.000000000000e+00       4.542243892300e-16       8.692787018734e-17      -1.603936876867e-17 
 1911       3.103750460689e-11       1.652761540957e-12      -1.200332171672e-12       0.000000000000e+00       4.532620930301e-16       8.741125175773e-17      -1.606446159346e-17 
 1912       3.095697606260e-11       1.655454205375e-12      -1.230224943787e-12       0.000000000000e+00       4.523023077337e-16       8.789192412160e-17      -1.608854056923e-17 
 1913       3.087873479198e-11       1.657966808709e-12      -1.260229641145e-12       0.000000000000e+00       4.513450254055e-16       8.837003292796e-17      -1.611157711443e-17 
 1914       3.080277848988e-11       1.660298156960e-12      -1.290331995590e-12       0.000000000000e+00       4.503902380353e-16       8.884572446744e-17      -1.613354253815e-17 
 1915       3.072910481764e-11       1.662447052932e-12      -1.320517678625e-12       0.000000000000e+00       4.494379375373e-16       8.931914567315e-17      -1.615440804002e-17 
 1916       3.065771140305e-11       1.664412296227e-12      -1.350772301341e-12       0.000000000000e+00       4.484881157505e-16       8.979044412152e-17      -1.617414471000e-17 
 1917       3.058859584027e-11       1.666192683240e-12      -1.381081414328e-12       0.000000000000e+00       4.475407644380e-16       9.025976803314e-17      -1.619272352834e-17 
 1918       3.052175568980e-11       1.667787007162e-12      -1.411430507602e-12       0.000000000000e+00       4.465958752876e-16       9.072726627364e-17      -1.621011536535e-17 
 1919       3.045718847841e-11       1.669194057967e-12      -1.441805010527e-12       0.000000000000e+00       4.456534399111e-16       9.119308835452e-17      -1.622629098133e-17 
 1920       3.039489169911e-11       1.670412622418e-12      -1.472190291731e-12       0.000000000000e+00       4.447134498445e-16       9.165738443403e-17      -1.624122102639e-17 
 1921       3.033486281104e-11       1.671441484059e-12      -1.502571659030e-12       0.000000000000e+00       4.437758965474e-16       9.212030531800e-17      -1.625487604032e-17 
 1922       3.027709923950e-11       1.672279423210e-12      -1.532934359351e-12       0.000000000000e+00       4.428407714038e-16       9.258200246069e-17      -1.626722645246e-17 
 1923       3.022159837581e-11       1.672925216968e-12      -1.563263578647e-12       0.000000000000e+00       4.419080657210e-16       9.304262796568e-17      -1.627824258158e-17 
 1924       3.016835757730e-11       1.673377639200e-12      -1.593544441826e-12       0.000000000000e+00       4.409777707300e-16       9.350233458667e-17      -1.628789463568e-17 
 1925       3.011737416727e-11       1.673635460542e-12      -1.623762012664e-12       0.000000000000e+00       4.400498775854e-16       9.396127572839e-17      -1.629615271192e-17 
 1926       3.006864543488e-11       1.673697448394e-12      -1.653901293732e-12       0.000000000000e+00       4.391243773649e-16       9.441960544739e-17      -1.630298679645e-17 
 1927       3.002216863518e-11       1.673562366916e-12      -1.683947226315e-12       0.000000000000e+00       4.382012610697e-16       9.487747845297e-17      -1.630836676427e-17 
 1928       2.997794098894e-11       1.673228977028e-12      -1.713884690331e-12       0.000000000000e+00       4.372805196239e-16       9.533505010795e-17      -1.631226237909e-17 
 1929       2.993595968273e-11       1.672696036403e-12      -1.743698504256e-12       0.000000000000e+00       4.363621438747e-16       9.579247642959e-17      -1.631464329321e-17 
 1930       2.989622186875e-11       1.671962299466e-12      -1.773373425040e-12       0.000000000000e+00       4.354461245922e-16       9.624991409042e-17      -1.631547904737e-17 
 1931       2.985872017731e-11       1.671027001641e-12      -1.802895170921e-12       0.000000000000e+00       4.345324530909e-16       9.670743182918e-17      -1.631474437214e-17 
 1932       2.982342921706e-11       1.669891316117e-12      -1.832253498487e-12       0.000000000000e+00       4.336211231000e-16       9.716474394790e-17      -1.631243513643e-17 
 1933       2.979031897230e-11       1.668556908118e-12      -1.861439148774e-12       0.000000000000e+00       4.327121289072e-16       9.762147479667e-17      -1.630855251957e-17 
 1934       2.975935928105e-11       1.667025451666e-12      -1.890442826453e-12       0.000000000000e+00       4.318054647379e-16       9.807724717810e-17      -1.630309772082e-17 
 1935       2.973051983484e-11       1.665298629589e-12      -1.919255199782e-12       0.000000000000e+00       4.309011247553e-16       9.853168234540e-17      -1.629607195936e-17 
 1936       2.970377017850e-11       1.663378133538e-12      -1.947866900559e-12       0.000000000000e+00       4.299991030605e-16       9.898440000032e-17      -1.628747647436e-17 
 1937       2.967907971000e-11       1.661265663997e-12      -1.976268524079e-12       0.000000000000e+00       4.290993936919e-16       9.943501829120e-17      -1.627731252500e-17 
 1938       2.965641768018e-11       1.658962930294e-12      -2.004450629087e-12       0.000000000000e+00       4.282019906254e-16       9.988315381095e-17      -1.626558139049e-17 
 1939       2.963575319264e-11       1.656471650615e-12      -2.032403737727e-12       0.000000000000e+00       4.273068877744e-16       1.003284215951e-16      -1.625228437009e-17 
 1940       2.961705520345e-11       1.653793552017e-12      -2.060118335504e-12       0.000000000000e+00       4.264140789895e-16       1.007704351196e-16      -1.623742278319e-17 
 1941       2.960029252102e-11       1.650930370437e-12      -2.087584871232e-12       0.000000000000e+00       4.255235580585e-16       1.012088062993e-16      -1.622099796930e-17 
 1942       2.958543380589e-11       1.647883850707e-12      -2.114793756991e-12       0.000000000000e+00       4.246353187060e-16       1.016431454854e-16      -1.620301128811e-17 
 1943       2.957244757050e-11       1.644655746566e-12      -2.141735368076e-12       0.000000000000e+00       4.237493545940e-16       1.020730614636e-16      -1.618346411948e-17 
 1944       2.956130217900e-11       1.641247820669e-12      -2.168400042960e-12       0.000000000000e+00       4.228656593211e-16       1.024981614526e-16      -1.616235786353e-17 
 1945       2.955196584708e-11       1.637661844605e-12      -2.194778083238e-12       0.000000000000e+00       4.219842264227e-16       1.029180511012e-16      -1.613969394063e-17 
 1946       2.954440664176e-11       1.633899598902e-12      -2.220859753588e-12       0.000000000000e+00       4.211050493708e-16       1.033323344873e-16      -1.611547379145e-17 
 1947       2.953859248116e-11       1.629962873047e-12      -2.246635281721e-12       0.000000000000e+00       4.202281215740e-16       1.037406141150e-16      -1.608969887696e-17 
 1948       2.953449113433e-11       1.625853465490e-12      -2.272094858338e-12       0.000000000000e+00       4.193534363775e-16       1.041424909133e-16      -1.606237067853e-17 
 1949       2.953207022107e-11       1.621573183664e-12      -2.297228637078e-12       0.000000000000e+00       4.184809870626e-16       1.045375642336e-16      -1.603349069790e-17 
 1950       2.953129721166e-11       1.617123843992e-12      -2.322026734481e-12       0.000000000000e+00       4.176107668472e-16       1.049254318481e-16      -1.600306045723e-17 
 1951       2.953213942676e-11       1.612507271900e-12      -2.346479229935e-12       0.000000000000e+00       4.167427688849e-16       1.053056899476e-16      -1.597108149914e-17 
 1952       2.953456403713e-11       1.607725301830e-12      -2.370576165630e-12       0.000000000000e+00       4.158769862658e-16       1.056779331395e-16      -1.593755538674e-17 
 1953       2.953853806346e-11       1.602779777254e-12      -2.394307546516e-12       0.000000000000e+00       4.150134120156e-16       1.060417544457e-16      -1.590248370365e-17 
 1954       2.954402837617e-11       1.597672550682e-12      -2.417663340255e-12       0.000000000000e+00       4.141520390961e-16       1.063967453009e-16      -1.586586805407e-17 
 1955       2.955100169524e-11       1.592405483678e-12      -2.440633477172e-12       0.000000000000e+00       4.132928604048e-16       1.067424955504e-16      -1.582771006275e-17 
 1956       2.955942458996e-11       1.586980446870e-12      -2.463207850215e-12       0.000000000000e+00       4.124358687748e-16       1.070785934483e-16      -1.578801137506e-17 
 1957       2.956926347875e-11       1.581399319961e-12      -2.485376314903e-12       0.000000000000e+00       4.115810569747e-16       1.074046256550e-16      -1.574677365705e-17 
 1958       2.958048462898e-11       1.575663991748e-12      -2.507128689282e-12       0.000000000000e+00       4.107284177086e-16       1.077201772358e-16      -1.570399859542e-17 
 1959       2.959305415676e-11       1.569776360123e-12      -2.528454753882e-12       0.000000000000e+00       4.098779436161e-16       1.080248316586e-16      -1.565968789759e-17 
 1960       2.960693802672e-11       1.563738332096e-12      -2.549344251664e-12       0.000000000000e+00       4.090296272718e-16       1.083181707921e-16      -1.561384329172e-17 
 1961       2.962210205186e-11       1.557551823800e-12      -2.569786887982e-12       0.000000000000e+00       4.081834611857e-16       1.085997749034e-16      -1.556646652677e-17 
 1962       2.963851189330e-11       1.551218760508e-12      -2.589772330532e-12       0.000000000000e+00       4.073394378025e-16       1.088692226564e-16      -1.551755937248e-17 
 1963       2.965613306010e-11       1.544741076640e-12      -2.609290209304e-12       0.000000000000e+00       4.064975495022e-16       1.091260911097e-16      -1.546712361945e-17 
 1964       2.967493090907e-11       1.538120715780e-12      -2.628330116543e-12       0.000000000000e+00       4.056577885995e-16       1.093699557146e-16      -1.541516107914e-17 
 1965       2.969487064457e-11       1.531359630687e-12      -2.646881606696e-12       0.000000000000e+00       4.048201473438e-16       1.096003903130e-16      -1.536167358393e-17 
 1966       2.971591731831e-11       1.524459783305e-12      -2.664934196370e-12       0.000000000000e+00       4.039846179193e-16       1.098169671356e-16      -1.530666298714e-17 
 1967       2.973803582912e-11       1.517423144776e-12      -2.682477364283e-12       0.000000000000e+00       4.031511924445e-16       1.100192567995e-16      -1.525013116303e-17 
 1968       2.976119092281e-11       1.510251695455e-12      -2.699500551221e-12       0.000000000000e+00       4.023198629724e-16       1.102068283068e-16      -1.519208000691e-17 
 1969       2.978534719192e-11       1.502947424919e-12      -2.715993159990e-12       0.000000000000e+00       4.014906214907e-16       1.103792490423e-16      -1.513251143507e-17 
 1970       2.981046881157e-11       1.495512515331e-12      -2.731946169255e-12       0.000000000000e+00       4.006634604740e-16       1.105362120424e-16      -1.507142664931e-17 
 1971       2.983651874511e-11       1.487949892999e-12      -2.747356988265e-12       0.000000000000e+00       3.998383745484e-16       1.106779188405e-16      -1.500882392412e-17 
 1972       2.986345953219e-11       1.480262680938e-12      -2.762224638105e-12       0.000000000000e+00       3.990153588398e-16       1.108046994623e-16      -1.494470080311e-17 
 1973       2.989125355195e-11       1.472454015913e-12      -2.776548141087e-12       0.000000000000e+00       3.981944084211e-16       1.109168854145e-16      -1.487905483305e-17 
 1974       2.991986302284e-11       1.464527048450e-12      -2.790326520759e-12       0.000000000000e+00       3.973755183128e-16       1.110148096874e-16      -1.481188356398e-17 
 1975       2.994925000240e-11       1.456484942862e-12      -2.803558801904e-12       0.000000000000e+00       3.965586834828e-16       1.110988067560e-16      -1.474318454913e-17 
 1976       2.997937638707e-11       1.448330877260e-12      -2.816244010544e-12       0.000000000000e+00       3.957438988460e-16       1.111692125825e-16      -1.467295534498e-17 
 1977       3.001020391197e-11       1.440068043573e-12      -2.828381173948e-12       0.000000000000e+00       3.949311592643e-16       1.112263646181e-16      -1.460119351125e-17 
 1978       3.004169415069e-11       1.431699647570e-12      -2.839969320629e-12       0.000000000000e+00       3.941204595469e-16       1.112706018050e-16      -1.452789661093e-17 
 1979       3.007380851509e-11       1.423228908870e-12      -2.851007480356e-12       0.000000000000e+00       3.933117944498e-16       1.113022645780e-16      -1.445306221025e-17 
 1980       3.010650825510e-11       1.414659060968e-12      -2.861494684151e-12       0.000000000000e+00       3.925051586758e-16       1.113216948671e-16      -1.437668787873e-17 
 1981       3.013975445850e-11       1.405993351245e-12      -2.871429964296e-12       0.000000000000e+00       3.917005468746e-16       1.113292360987e-16      -1.429877118917e-17 
 1982       3.017350805072e-11       1.397235040993e-12      -2.880812354334e-12       0.000000000000e+00       3.908979536425e-16       1.113252331980e-16      -1.421930971767e-17 
 1983       3.020772979462e-11       1.388387405428e-12      -2.889640889078e-12       0.000000000000e+00       3.900973735224e-16       1.113100325909e-16      -1.413830104362e-17 
 1984       3.024238029031e-11       1.379453733710e-12      -2.897914604610e-12       0.000000000000e+00       3.892988010037e-16       1.112839822056e-16      -1.405574274973e-17 
 1985       3.027741997492e-11       1.370437328961e-12      -2.905632538287e-12       0.000000000000e+00       3.885022305223e-16       1.112474314751e-16      -1.397163242202e-17 
 1986       3.031280912239e-11       1.361341508280e-12      -2.912793728743e-12       0.000000000000e+00       3.877076564605e-16       1.112007313385e-16      -1.388596764985e-17 
 1987       3.034850784330e-11       1.352169602766e-12      -2.919397215895e-12       0.000000000000e+00       3.869150731468e-16       1.111442342435e-16      -1.379874602592e-17 
 1988       3.038447608461e-11       1.342924957531e-12      -2.925442040946e-12       0.000000000000e+00       3.861244748557e-16       1.110782941481e-16      -1.370996514627e-17 
 1989       3.042067362949e-11       1.333610931719e-12      -2.930927246387e-12       0.000000000000e+00       3.853358558081e-16       1.110032665224e-16      -1.361962261032e-17 
 1990       3.045706009710e-11       1.324230898528e-12      -2.935851876005e-12       0.000000000000e+00       3.845492101709e-16       1.109195083507e-16      -1.352771602083e-17 
 1991       3.049359494239e-11       1.314788245221e-12      -2.940214974881e-12       0.000000000000e+00       3.837645320566e-16       1.108273781334e-16      -1.343424298396e-17 
 1992       3.053023745588e-11       1.305286373149e-12      -2.944015589400e-12       0.000000000000e+00       3.829818155240e-16       1.107272358890e-16      -1.333920110924e-17 
 1993       3.056694676346e-11       1.295728697767e-12      -2.947252767250e-12       0.000000000000e+00       3.822010545773e-16       1.106194431561e-16      -1.324258800961e-17 
 1994       3.060368182621e-11       1.286118648650e-12      -2.949925557428e-12       0.000000000000e+00       3.814222431665e-16       1.105043629949e-16      -1.314440130141e-17 
 1995       3.064040144014e-11       1.276459669517e-12      -2.952033010242e-12       0.000000000000e+00       3.806453751874e-16       1.103823599898e-16      -1.304463860439e-17 
 1996       3.067706423600e-11       1.266755218241e-12      -2.953574177318e-12       0.000000000000e+00       3.798704444810e-16       1.102538002507e-16      -1.294329754173e-17 
 1997       3.071362867913e-11       1.257008766872e-12      -2.954548111600e-12       0.000000000000e+00       3.790974448339e-16       1.101190514155e-16      -1.284037574006e-17 
 1998       3.075005306916e-11       1.247223801653e-12      -2.954953867359e-12       0.000000000000e+00       3.783263699781e-16       1.099784826515e-16      -1.273587082942e-17 
 1999       3.078629553987e-11       1.237403823039e-12      -2.954790500189e-12       0.000000000000e+00       3.775572135906e-16       1.098324646578e-16      -1.262978044332e-17 
 2000       3.082231405897e-11       1.227552345714e-12      -2.954057067018e-12       0.000000000000e+00       3.767899692939e-16       1.096813696670e-16      -1.252210221874e-17 
 2001       3.085806642786e-11       1.217672898608e-12      -2.952752626109e-12       0.000000000000e+00       3.760246306554e-16       1.095255714472e-16      -1.241283379613e-17 
 2002       3.089351028148e-11       1.207769024916e-12      -2.950876237062e-12       0.000000000000e+00       3.752611911877e-16       1.093654453038e-16      -1.230197281940e-17 
 2003       3.092860308804e-11       1.197844282118e-12      -2.948426960823e-12       0.000000000000e+00       3.744996443480e-16       1.092013680817e-16      -1.218951693599e-17 
 2004       3.096330214888e-11       1.187902241990e-12      -2.945403859680e-12       0.000000000000e+00       3.737399835386e-16       1.090337181670e-16      -1.207546379679e-17 
 2005       3.099756459820e-11       1.177946490631e-12      -2.941805997275e-12       0.000000000000e+00       3.729822021066e-16       1.088628754891e-16      -1.195981105624e-17 
 2006       3.103134740288e-11       1.167980628473e-12      -2.937632438601e-12       0.000000000000e+00       3.722262933436e-16       1.086892215224e-16      -1.184255637228e-17 
 2007       3.106460736230e-11       1.158008270303e-12      -2.932882250011e-12       0.000000000000e+00       3.714722504859e-16       1.085131392887e-16      -1.172369740640e-17 
 2008       3.109730110808e-11       1.148033045282e-12      -2.927554499219e-12       0.000000000000e+00       3.707200667143e-16       1.083350133586e-16      -1.160323182358e-17 
 2009       3.112938850397e-11       1.138058431605e-12      -2.921649495006e-12       0.000000000000e+00       3.699697356385e-16       1.081551515652e-16      -1.148116356077e-17 
 2010       3.116084287291e-11       1.128087259154e-12      -2.915172516204e-12       0.000000000000e+00       3.692212527548e-16       1.079735495164e-16      -1.135752168184e-17 
 2011       3.119164084405e-11       1.118122203259e-12      -2.908130109886e-12       0.000000000000e+00       3.684746139987e-16       1.077901243711e-16      -1.123234165995e-17 
 2012       3.122175895936e-11       1.108165949736e-12      -2.900528854175e-12       0.000000000000e+00       3.677298152616e-16       1.076047929709e-16      -1.110565912188e-17 
 2013       3.125117367351e-11       1.098221194900e-12      -2.892375358282e-12       0.000000000000e+00       3.669868523906e-16       1.074174718400e-16      -1.097750984821e-17 
 2014       3.127986135379e-11       1.088290645579e-12      -2.883676262546e-12       0.000000000000e+00       3.662457211885e-16       1.072280771852e-16      -1.084792977351e-17 
 2015       3.130779827999e-11       1.078377019122e-12      -2.874438238478e-12       0.000000000000e+00       3.655064174135e-16       1.070365248948e-16      -1.071695498655e-17 
 2016       3.133496064427e-11       1.068483043419e-12      -2.864667988797e-12       0.000000000000e+00       3.647689367794e-16       1.068427305387e-16      -1.058462173046e-17 
 2017       3.136132455110e-11       1.058611456910e-12      -2.854372247474e-12       0.000000000000e+00       3.640332749554e-16       1.066466093679e-16      -1.045096640297e-17 
 2018       3.138686601712e-11       1.048765008596e-12      -2.843557779772e-12       0.000000000000e+00       3.632994275661e-16       1.064480763140e-16      -1.031602555659e-17 
 2019       3.141156097104e-11       1.038946458057e-12      -2.832231382284e-12       0.000000000000e+00       3.625673901913e-16       1.062470459890e-16      -1.017983589880e-17 
 2020       3.143538525357e-11       1.029158575460e-12      -2.820399882980e-12       0.000000000000e+00       3.618371583662e-16       1.060434326847e-16      -1.004243429225e-17 
 2021       3.145831461723e-11       1.019404141577e-12      -2.808070141240e-12       0.000000000000e+00       3.611087275809e-16       1.058371503725e-16      -9.903857754943e-18 
 2022       3.148032472634e-11       1.009685947793e-12      -2.795249047899e-12       0.000000000000e+00       3.603820932807e-16       1.056281127029e-16      -9.764143460454e-18 
 2023       3.150139115685e-11       1.000006796121e-12      -2.781943525287e-12       0.000000000000e+00       3.596572508659e-16       1.054162330052e-16      -9.623328738111e-18 
 2024       3.152148939628e-11       9.903694992167e-13      -2.768160527270e-12       0.000000000000e+00       3.589341956918e-16       1.052014242870e-16      -9.481451073192e-18 
 2025       3.154059484355e-11       9.807768803876e-13      -2.753907039289e-12       0.000000000000e+00       3.582129230686e-16       1.049835992338e-16      -9.338548107124e-18 
 2026       3.155868280894e-11       9.712317736096e-13      -2.739190078402e-12       0.000000000000e+00       3.574934282610e-16       1.047626702087e-16      -9.194657637676e-18 
 2027       3.157572851396e-11       9.617370235381e-13      -2.724016693325e-12       0.000000000000e+00       3.567757064889e-16       1.045385492521e-16      -9.049817619155e-18 
 2028       3.159170709123e-11       9.522954855210e-13      -2.708393964470e-12       0.000000000000e+00       3.560597529264e-16       1.043111480810e-16      -8.904066162605e-18 
 2029       3.160659358438e-11       9.429100256122e-13      -2.692329003990e-12       0.000000000000e+00       3.553455627026e-16       1.040803780890e-16      -8.757441535996e-18 
 2030       3.162036294797e-11       9.335835205839e-13      -2.675828955815e-12       0.000000000000e+00       3.546331309008e-16       1.038461503456e-16      -8.609982164428e-18 
 2031       3.163299004735e-11       9.243188579403e-13      -2.658900995696e-12       0.000000000000e+00       3.539224525590e-16       1.036083755960e-16      -8.461726630319e-18 
 2032       3.164444965857e-11       9.151189359297e-13      -2.641552331245e-12       0.000000000000e+00       3.532135226694e-16       1.033669642604e-16      -8.312713673607e-18 
 2033       3.165471646827e-11       9.059866635580e-13      -2.623790201973e-12       0.000000000000e+00       3.525063361786e-16       1.031218264343e-16      -8.162982191940e-18 
 2034       3.166376507357e-11       8.969249606016e-13      -2.605621879334e-12       0.000000000000e+00       3.518008879875e-16       1.028728718871e-16      -8.012571240877e-18 
 2035       3.167156998200e-11       8.879367576200e-13      -2.587054666764e-12       0.000000000000e+00       3.510971729511e-16       1.026200100628e-16      -7.861520034081e-18 
 2036       3.167810561131e-11       8.790249959691e-13      -2.568095899723e-12       0.000000000000e+00       3.503951858785e-16       1.023631500787e-16      -7.709867943512e-18 
 2037       3.168334628948e-11       8.701926278140e-13      -2.548752945733e-12       0.000000000000e+00       3.496949215328e-16       1.021022007256e-16      -7.557654499630e-18 
 2038       3.168726625451e-11       8.614426161419e-13      -2.529033204421e-12       0.000000000000e+00       3.489963746314e-16       1.018370704670e-16      -7.404919391584e-18 
 2039       3.168983965436e-11       8.527779347749e-13      -2.508944107558e-12       0.000000000000e+00       3.482995398451e-16       1.015676674392e-16      -7.251702467410e-18 
 2040       3.169104054686e-11       8.442015683835e-13      -2.488493119102e-12       0.000000000000e+00       3.476044117988e-16       1.012938994503e-16      -7.098043734228e-18 
 2041       3.169084289956e-11       8.357165124987e-13      -2.467687735236e-12       0.000000000000e+00       3.469109850712e-16       1.010156739803e-16      -6.943983358435e-18 
 2042       3.168922058968e-11       8.273257735256e-13      -2.446535484409e-12       0.000000000000e+00       3.462192541947e-16       1.007328981807e-16      -6.789561665904e-18 
 2043       3.168614740394e-11       8.190323687561e-13      -2.425043927380e-12       0.000000000000e+00       3.455292136551e-16       1.004454788736e-16      -6.634819142175e-18 
 2044       3.168159703850e-11       8.108393263819e-13      -2.403220657252e-12       0.000000000000e+00       3.448408578920e-16       1.001533225519e-16      -6.479796432658e-18 
 2045       3.167554309885e-11       8.027496855072e-13      -2.381073299520e-12       0.000000000000e+00       3.441541812983e-16       9.985633537855e-17      -6.324534342819e-18 
 2046       3.166795909967e-11       7.947664961620e-13      -2.358609512107e-12       0.000000000000e+00       3.434691782205e-16       9.955442318647e-17      -6.169073838386e-18 
 2047       3.165881846479e-11       7.868928193148e-13      -2.335836985405e-12       0.000000000000e+00       3.427858429583e-16       9.924749147780e-17      -6.013456045537e-18 
 2048       3.164809915756e-11       7.791313569951e-13      -2.312763704665e-12       0.000000000000e+00       3.421041700752e-16       9.893547834468e-17      -5.857722750553e-18 
 2049       3.163579760867e-11       7.714833397449e-13      -2.289398739126e-12       0.000000000000e+00       3.414241553315e-16       9.861845348880e-17      -5.701917902277e-18 
 2050       3.162191488772e-11       7.639496312417e-13      -2.265751458604e-12       0.000000000000e+00       3.407457947578e-16       9.829651990874e-17      -5.546086120784e-18 
 2051       3.160645208170e-11       7.565310974690e-13      -2.241831271708e-12       0.000000000000e+00       3.400690843450e-16       9.796978104380e-17      -5.390272199112e-18 
 2052       3.158941029502e-11       7.492286067189e-13      -2.217647625887e-12       0.000000000000e+00       3.393940200445e-16       9.763834077458e-17      -5.234521103466e-18 
 2053       3.157079064955e-11       7.420430295943e-13      -2.193210007477e-12       0.000000000000e+00       3.387205977676e-16       9.730230342353e-17      -5.078877973437e-18 
 2054       3.155059428464e-11       7.349752390117e-13      -2.168527941749e-12       0.000000000000e+00       3.380488133861e-16       9.696177375547e-17      -4.923388122204e-18 
 2055       3.152882235713e-11       7.280261102027e-13      -2.143610992962e-12       0.000000000000e+00       3.373786627317e-16       9.661685697821e-17      -4.768097036751e-18 
 2056       3.150547604141e-11       7.211965207174e-13      -2.118468764402e-12       0.000000000000e+00       3.367101415962e-16       9.626765874303e-17      -4.613050378069e-18 
 2057       3.148055652942e-11       7.144873504259e-13      -2.093110898440e-12       0.000000000000e+00       3.360432457313e-16       9.591428514528e-17      -4.458293981375e-18 
 2058       3.145406503068e-11       7.078994815212e-13      -2.067547076573e-12       0.000000000000e+00       3.353779708490e-16       9.555684272490e-17      -4.303873856314e-18 
 2059       3.142600277234e-11       7.014337985213e-13      -2.041787019476e-12       0.000000000000e+00       3.347143126207e-16       9.519543846700e-17      -4.149836187173e-18 
 2060       3.139637099917e-11       6.950911882716e-13      -2.015840487047e-12       0.000000000000e+00       3.340522666779e-16       9.483017980239e-17      -3.996227333093e-18 
 2061       3.136517097360e-11       6.888725399473e-13      -1.989717278458e-12       0.000000000000e+00       3.333918286117e-16       9.446117460814e-17      -3.843093828271e-18 
 2062       3.133240397577e-11       6.827787450557e-13      -1.963427232204e-12       0.000000000000e+00       3.327329939731e-16       9.408853120815e-17      -3.690482382182e-18 
 2063       3.129807130352e-11       6.768106974387e-13      -1.936980226146e-12       0.000000000000e+00       3.320757582725e-16       9.371235837366e-17      -3.538439879776e-18 
 2064       3.126217427245e-11       6.709692932749e-13      -1.910386177563e-12       0.000000000000e+00       3.314201169800e-16       9.333276532385e-17      -3.387013381699e-18 
 2065       3.122471421590e-11       6.652554310824e-13      -1.883655043202e-12       0.000000000000e+00       3.307660655252e-16       9.294986172635e-17      -3.236250124495e-18 
 2066       3.118569248505e-11       6.596700117206e-13      -1.856796819320e-12       0.000000000000e+00       3.301135992970e-16       9.256375769782e-17      -3.086197520822e-18 
 2067       3.114511044886e-11       6.542139383930e-13      -1.829821541738e-12       0.000000000000e+00       3.294627136439e-16       9.217456380451e-17      -2.936903159658e-18 
 2068       3.110296949418e-11       6.488881166492e-13      -1.802739285886e-12       0.000000000000e+00       3.288134038737e-16       9.178239106276e-17      -2.788414806511e-18 
 2069       3.105927102569e-11       6.436934543877e-13      -1.775560166853e-12       0.000000000000e+00       3.281656652533e-16       9.138735093962e-17      -2.640780403632e-18 
 2070       3.101401646602e-11       6.386308618580e-13      -1.748294339433e-12       0.000000000000e+00       3.275194930090e-16       9.098955535334e-17      -2.494048070222e-18 
 2071       3.096720725570e-11       6.337012516627e-13      -1.720951998174e-12       0.000000000000e+00       3.268748823261e-16       9.058911667399e-17      -2.348266102646e-18 
 2072       3.091884485322e-11       6.289055387604e-13      -1.693543377428e-12       0.000000000000e+00       3.262318283490e-16       9.018614772393e-17      -2.203482974635e-18 
 2073       3.086893073505e-11       6.242446404677e-13      -1.666078751396e-12       0.000000000000e+00       3.255903261813e-16       8.978076177844e-17      -2.059747337507e-18 
 2074       3.081746639569e-11       6.197194764618e-13      -1.638568434178e-12       0.000000000000e+00       3.249503708854e-16       8.937307256623e-17      -1.917108020367e-18 
 2075       3.076445334764e-11       6.153309687824e-13      -1.611022779821e-12       0.000000000000e+00       3.243119574825e-16       8.896319426998e-17      -1.775614030322e-18 
 2076       3.070989312148e-11       6.110800418347e-13      -1.583452182366e-12       0.000000000000e+00       3.236750809530e-16       8.855124152694e-17      -1.635314552691e-18 
 2077       3.065378726589e-11       6.069676223912e-13      -1.555867075899e-12       0.000000000000e+00       3.230397362357e-16       8.813732942944e-17      -1.496258951214e-18 
 2078       3.059613734765e-11       6.029946395943e-13      -1.528277934596e-12       0.000000000000e+00       3.224059182284e-16       8.772157352544e-17      -1.358496768262e-18 
 2079       3.053694495167e-11       5.991620249589e-13      -1.500695272772e-12       0.000000000000e+00       3.217736217875e-16       8.730408981914e-17      -1.222077725046e-18 
 2080       3.047621168105e-11       5.954707123743e-13      -1.473129644928e-12       0.000000000000e+00       3.211428417278e-16       8.688499477145e-17      -1.087051721830e-18 
 2081       3.041393915707e-11       5.919216381068e-13      -1.445591645805e-12       0.000000000000e+00       3.205135728229e-16       8.646440530060e-17      -9.534688381380e-19 
 2082       3.035012901923e-11       5.885157408019e-13      -1.418091910423e-12       0.000000000000e+00       3.198858098047e-16       8.604243878267e-17      -8.213793329643e-19 
 2083       3.028478292530e-11       5.852539614871e-13      -1.390641114136e-12       0.000000000000e+00       3.192595473638e-16       8.561921305216e-17      -6.908336449853e-19 
 2084       3.021790255128e-11       5.821372435736e-13      -1.363249972679e-12       0.000000000000e+00       3.186347801488e-16       8.519484640251e-17      -5.618823927682e-19 
 2085       3.014948959151e-11       5.791665328593e-13      -1.335929242212e-12       0.000000000000e+00       3.180115027667e-16       8.476945758667e-17      -4.345763749810e-19 
 2086       3.007954575863e-11       5.763427775308e-13      -1.308689719373e-12       0.000000000000e+00       3.173897097830e-16       8.434316581766e-17      -3.089665706029e-19 
 2087       3.000807596216e-11       5.736665845704e-13      -1.281541561164e-12       0.000000000000e+00       3.167693960843e-16       8.391607168120e-17      -1.850939076162e-19 
 2088       2.993509786836e-11       5.711371863394e-13      -1.254492239300e-12       0.000000000000e+00       3.161505579706e-16       8.348819972609e-17      -6.295849022282e-20 
 2089       2.986063240747e-11       5.687534667513e-13      -1.227548571605e-12       0.000000000000e+00       3.155331920711e-16       8.305955547227e-17       5.744984378868e-20 
 2090       2.978470060136e-11       5.665143042023e-13      -1.200717400904e-12       0.000000000000e+00       3.149172949811e-16       8.263014446220e-17       1.761413111934e-19 
 2091       2.970732356371e-11       5.644185715636e-13      -1.174005595052e-12       0.000000000000e+00       3.143028632623e-16       8.219997226088e-17       2.931261834018e-19 
 2092       2.962852250007e-11       5.624651361749e-13      -1.147420046959e-12       0.000000000000e+00       3.136898934427e-16       8.176904445590e-17       4.084147865314e-19 
 2093       2.954831870798e-11       5.606528598369e-13      -1.120967674623e-12       0.000000000000e+00       3.130783820165e-16       8.133736665743e-17       5.220175014783e-19 
 2094       2.946673357710e-11       5.589805988042e-13      -1.094655421161e-12       0.000000000000e+00       3.124683254439e-16       8.090494449829e-17       6.339447639896e-19 
 2095       2.938378858934e-11       5.574472037787e-13      -1.068490254833e-12       0.000000000000e+00       3.118597201516e-16       8.047178363394e-17       7.442070647344e-19 
 2096       2.929950531893e-11       5.560515199017e-13      -1.042479169077e-12       0.000000000000e+00       3.112525625319e-16       8.003788974252e-17       8.528149493763e-19 
 2097       2.921390543256e-11       5.547923867475e-13      -1.016629182533e-12       0.000000000000e+00       3.106468489434e-16       7.960326852488e-17       9.597790186445e-19 
 2098       2.912701068950e-11       5.536686383158e-13      -9.909473390799e-13       0.000000000000e+00       3.100425757107e-16       7.916792570460e-17       1.065109928406e-18 
 2099       2.903884294169e-11       5.526791030249e-13      -9.654407078559e-13       0.000000000000e+00       3.094397391240e-16       7.873186702803e-17       1.168818389737e-18 
 2100       2.894942413389e-11       5.518226037046e-13      -9.401163832946e-13       0.000000000000e+00       3.088383354397e-16       7.829509826430e-17       1.270915168996e-18 
 2101       2.885877630377e-11       5.510979575889e-13      -9.149814851516e-13       0.000000000000e+00       3.082383608798e-16       7.785762520533e-17       1.371411087892e-18 
 2102       2.876692158199e-11       5.505039763089e-13      -8.900431585345e-13       0.000000000000e+00       3.076398116322e-16       7.741945366593e-17       1.470317023562e-18 
 2103       2.867388219241e-11       5.500394658861e-13      -8.653085739321e-13       0.000000000000e+00       3.070426838504e-16       7.698058948371e-17       1.567643908636e-18 
 2104       2.857968045210e-11       5.497032267247e-13      -8.407849272442e-13       0.000000000000e+00       3.064469736535e-16       7.654103851923e-17       1.663402731316e-18 
 2105       2.848433877152e-11       5.494940536050e-13      -8.164794398105e-13       0.000000000000e+00       3.058526771265e-16       7.610080665594e-17       1.757604535441e-18 
 2106       2.838787965460e-11       5.494107356759e-13      -7.923993584404e-13       0.000000000000e+00       3.052597903196e-16       7.565989980024e-17       1.850260420564e-18 
 2107       2.829032569888e-11       5.494520564481e-13      -7.685519554422e-13       0.000000000000e+00       3.046683092488e-16       7.521832388149e-17       1.941381542019e-18 
 2108       2.819169959561e-11       5.496167937869e-13      -7.449445286523e-13       0.000000000000e+00       3.040782298953e-16       7.477608485206e-17       2.030979110997e-18 
 2109       2.809202412985e-11       5.499037199050e-13      -7.215844014653e-13       0.000000000000e+00       3.034895482059e-16       7.433318868734e-17       2.119064394618e-18 
 2110       2.799132218062e-11       5.503116013557e-13      -6.984789228625e-13       0.000000000000e+00       3.029022600927e-16       7.388964138577e-17       2.205648715997e-18 
 2111       2.788961672097e-11       5.508391990252e-13      -6.756354674421e-13       0.000000000000e+00       3.023163614330e-16       7.344544896887e-17       2.290743454321e-18 
 2112       2.778693081815e-11       5.514852681263e-13      -6.530614354480e-13       0.000000000000e+00       3.017318480695e-16       7.300061748126e-17       2.374360044922e-18 
 2113       2.768328763366e-11       5.522485581905e-13      -6.307642527996e-13       0.000000000000e+00       3.011487158101e-16       7.255515299069e-17       2.456509979343e-18 
 2114       2.757871042341e-11       5.531278130616e-13      -6.087513711209e-13       0.000000000000e+00       3.005669604278e-16       7.210906158806e-17       2.537204805413e-18 
 2115       2.747322253782e-11       5.541217708879e-13      -5.870302677701e-13       0.000000000000e+00       2.999865776607e-16       7.166234938746e-17       2.616456127321e-18 
 2116       2.736684742192e-11       5.552291641159e-13      -5.656084458691e-13       0.000000000000e+00       2.994075632119e-16       7.121502252618e-17       2.694275605684e-18 
 2117       2.725960861549e-11       5.564487194823e-13      -5.444934343325e-13       0.000000000000e+00       2.988299127496e-16       7.076708716477e-17       2.770674957620e-18 
 2118       2.715152975316e-11       5.577791580078e-13      -5.236927878975e-13       0.000000000000e+00       2.982536219069e-16       7.031854948700e-17       2.845665956821e-18 
 2119       2.704263456453e-11       5.592191949892e-13      -5.032140871528e-13       0.000000000000e+00       2.976786862818e-16       6.986941569996e-17       2.919260433622e-18 
 2120       2.693294687427e-11       5.607675399929e-13      -4.830649385684e-13       0.000000000000e+00       2.971051014373e-16       6.941969203404e-17       2.991470275078e-18 
 2121       2.682249060224e-11       5.624228968475e-13      -4.632529745249e-13       0.000000000000e+00       2.965328629010e-16       6.896938474299e-17       3.062307425028e-18 
 2122       2.671128976361e-11       5.641839636366e-13      -4.437858533427e-13       0.000000000000e+00       2.959619661652e-16       6.851850010390e-17       3.131783884174e-18 
 2123       2.659936846899e-11       5.660494326920e-13      -4.246712593117e-13       0.000000000000e+00       2.953924066872e-16       6.806704441727e-17       3.199911710149e-18 
 2124       2.648675092450e-11       5.680179905864e-13      -4.059169027204e-13       0.000000000000e+00       2.948241798887e-16       6.761502400701e-17       3.266703017590e-18 
 2125       2.637346143193e-11       5.700883181264e-13      -3.875305198857e-13       0.000000000000e+00       2.942572811560e-16       6.716244522049e-17       3.332169978208e-18 
 2126       2.625952469856e-11       5.722589490467e-13      -3.695187539278e-13       0.000000000000e+00       2.936917061391e-16       6.670932226468e-17       3.396329887055e-18 
 2127       2.614496676890e-11       5.745278450437e-13      -3.518837886150e-13       0.000000000000e+00       2.931274516509e-16       6.625570077353e-17       3.459220399290e-18 
 2128       2.602981409959e-11       5.768928178020e-13      -3.346266914002e-13       0.000000000000e+00       2.925645147739e-16       6.580163440293e-17       3.520884398468e-18 
 2129       2.591409325040e-11       5.793516700159e-13      -3.177485305707e-13       0.000000000000e+00       2.920028925617e-16       6.534717700952e-17       3.581364940077e-18 
 2130       2.579783088433e-11       5.819021953791e-13      -3.012503752474e-13       0.000000000000e+00       2.914425820392e-16       6.489238265096e-17       3.640705251743e-18 
 2131       2.568105376773e-11       5.845421785735e-13      -2.851332953846e-13       0.000000000000e+00       2.908835802021e-16       6.443730558612e-17       3.698948733439e-18 
 2132       2.556378877042e-11       5.872693952583e-13      -2.693983617699e-13       0.000000000000e+00       2.903258840175e-16       6.398200027535e-17       3.756138957687e-18 
 2133       2.544606286583e-11       5.900816120594e-13      -2.540466460239e-13       0.000000000000e+00       2.897694904232e-16       6.352652138070e-17       3.812319669771e-18 
 2134       2.532790313112e-11       5.929765865586e-13      -2.390792205997e-13       0.000000000000e+00       2.892143963280e-16       6.307092376617e-17       3.867534787936e-18 
 2135       2.520933674727e-11       5.959520672823e-13      -2.244971587825e-13       0.000000000000e+00       2.886605986116e-16       6.261526249790e-17       3.921828403600e-18 
 2136       2.509039099924e-11       5.990057936912e-13      -2.103015346900e-13       0.000000000000e+00       2.881080941248e-16       6.215959284446e-17       3.975244781554e-18 
 2137       2.497109327608e-11       6.021354961689e-13      -1.964934232710e-13       0.000000000000e+00       2.875568796888e-16       6.170397027705e-17       4.027828360176e-18 
 2138       2.485147107105e-11       6.053388960116e-13      -1.830739003060e-13       0.000000000000e+00       2.870069520960e-16       6.124845046974e-17       4.079623751629e-18 
 2139       2.473155198174e-11       6.086137054168e-13      -1.700440424067e-13       0.000000000000e+00       2.864583081092e-16       6.079308929972e-17       4.130675742076e-18 
 2140       2.461136371019e-11       6.119576274727e-13      -1.574049270154e-13       0.000000000000e+00       2.859109444620e-16       6.033794284751e-17       4.181029291876e-18 
 2141       2.449093406303e-11       6.153683561472e-13      -1.451576324049e-13       0.000000000000e+00       2.853648578589e-16       5.988306739722e-17       4.230729535800e-18 
 2142       2.437029095157e-11       6.188435762773e-13      -1.333032376781e-13       0.000000000000e+00       2.848200449745e-16       5.942851943676e-17       4.279821783231e-18 
 2143       2.424946239197e-11       6.223809635578e-13      -1.218428227681e-13       0.000000000000e+00       2.842765024544e-16       5.897435565808e-17       4.328351518372e-18 
 2144       2.412847650531e-11       6.259781845309e-13      -1.107774684373e-13       0.000000000000e+00       2.837342269146e-16       5.852063295744e-17       4.376364400453e-18 
 2145       2.400736151774e-11       6.296328965752e-13      -1.001082562776e-13       0.000000000000e+00       2.831932149415e-16       5.806740843557e-17       4.423906263936e-18 
 2146       2.388614576061e-11       6.333427478947e-13      -8.983626870958e-14       0.000000000000e+00       2.826534630920e-16       5.761473939798e-17       4.471023118721e-18 
 2147       2.376485767056e-11       6.371053775081e-13      -7.996258898280e-14       0.000000000000e+00       2.821149678934e-16       5.716268335516e-17       4.517761150355e-18 
 2148       2.364352578969e-11       6.409184152378e-13      -7.048830117509e-14       0.000000000000e+00       2.815777258433e-16       5.671129802281e-17       4.564166720233e-18 
 2149       2.352217876564e-11       6.447794816994e-13      -6.141449019237e-14       0.000000000000e+00       2.810417334097e-16       5.626064132209e-17       4.610286365811e-18 
 2150       2.340084535173e-11       6.486861882904e-13      -5.274224176832e-14       0.000000000000e+00       2.805069870308e-16       5.581077137983e-17       4.656166800806e-18 
 2151       2.327955440706e-11       6.526361371796e-13      -4.447264246414e-14       0.000000000000e+00       2.799734831149e-16       5.536174652879e-17       4.701854915405e-18 
 2152       2.315833489669e-11       6.566269212962e-13      -3.660677966820e-14       0.000000000000e+00       2.794412180409e-16       5.491362530789e-17       4.747397776471e-18 
 2153       2.303721589169e-11       6.606561243190e-13      -2.914574159573e-14       0.000000000000e+00       2.789101881573e-16       5.446646646244e-17       4.792842627750e-18 
 2154       2.291622656932e-11       6.647213206654e-13      -2.209061728856e-14       0.000000000000e+00       2.783803897831e-16       5.402032894437e-17       4.838236890076e-18 
 2155       2.279539621312e-11       6.688200754808e-13      -1.544249661481e-14       0.000000000000e+00       2.778518192072e-16       5.357527191245e-17       4.883628161578e-18 
 2156       2.267475421303e-11       6.729499446274e-13      -9.202470268534e-15       0.000000000000e+00       2.773244726884e-16       5.313135473257e-17       4.929064217883e-18 
 2157       2.255433006554e-11       6.771084746736e-13      -3.371629769510e-15       0.000000000000e+00       2.767983464558e-16       5.268863697794e-17       4.974593012330e-18 
 2158       2.243415337378e-11       6.812932028831e-13       2.048932537129e-15       0.000000000000e+00       2.762734367081e-16       5.224717842933e-17       5.020262676166e-18 
 2159       2.231425384768e-11       6.855016572042e-13       7.058123481170e-15       0.000000000000e+00       2.757497396140e-16       5.180703907528e-17       5.066121518761e-18 
 2160       2.219466130404e-11       6.897313562585e-13       1.165484906763e-14       0.000000000000e+00       2.752272513121e-16       5.136827911241e-17       5.112218027809e-18 
 2161       2.207540566670e-11       6.939798093304e-13       1.583801447704e-14       0.000000000000e+00       2.747059679107e-16       5.093095894555e-17       5.158600869536e-18 
 2162       2.195651696665e-11       6.982445163563e-13       1.960652406576e-14       0.000000000000e+00       2.741858854879e-16       5.049513918808e-17       5.205318888907e-18 
 2163       2.183802534213e-11       7.025229679136e-13       2.295928136629e-14       0.000000000000e+00       2.736670000916e-16       5.006088066207e-17       5.252421109829e-18 
 2164       2.171996103878e-11       7.068126452098e-13       2.589518908754e-14       0.000000000000e+00       2.731493077392e-16       4.962824439858e-17       5.299956735363e-18 
 2165       2.160235219178e-11       7.111111229504e-13       2.841402937756e-14       0.000000000000e+00       2.726328047084e-16       4.919728428949e-17       5.347962624895e-18 
 2166       2.148521815576e-11       7.154163787245e-13       3.051911111640e-14       0.000000000000e+00       2.721174884102e-16       4.876802498833e-17       5.396425632723e-18 
 2167       2.136857613002e-11       7.197264856894e-13       3.221464052385e-14       0.000000000000e+00       2.716033565216e-16       4.834048386049e-17       5.445320015229e-18 
 2168       2.125244337250e-11       7.240395098740e-13       3.350484254508e-14       0.000000000000e+00       2.710904066958e-16       4.791467831807e-17       5.494619930678e-18 
 2169       2.113683719982e-11       7.283535101700e-13       3.439396087345e-14       0.000000000000e+00       2.705786365615e-16       4.749062581995e-17       5.544299439097e-18 
 2170       2.102177498736e-11       7.326665383244e-13       3.488625797334e-14       0.000000000000e+00       2.700680437237e-16       4.706834387183e-17       5.594332502169e-18 
 2171       2.090727416932e-11       7.369766389307e-13       3.498601510300e-14       0.000000000000e+00       2.695586257628e-16       4.664785002626e-17       5.644692983110e-18 
 2172       2.079335223879e-11       7.412818494207e-13       3.469753233738e-14       0.000000000000e+00       2.690503802354e-16       4.622916188270e-17       5.695354646561e-18 
 2173       2.068002674780e-11       7.455802000569e-13       3.402512859089e-14       0.000000000000e+00       2.685433046737e-16       4.581229708756e-17       5.746291158472e-18 
 2174       2.056731530741e-11       7.498697139236e-13       3.297314164033e-14       0.000000000000e+00       2.680373965856e-16       4.539727333426e-17       5.797476085984e-18 
 2175       2.045523558776e-11       7.541484069188e-13       3.154592814761e-14       0.000000000000e+00       2.675326534548e-16       4.498410836325e-17       5.848882897323e-18 
 2176       2.034380531812e-11       7.584142877464e-13       2.974786368266e-14       0.000000000000e+00       2.670290727408e-16       4.457281996209e-17       5.900484961677e-18 
 2177       2.023304228700e-11       7.626653579074e-13       2.758334274621e-14       0.000000000000e+00       2.665266518783e-16       4.416342596546e-17       5.952255549087e-18 
 2178       2.012296434218e-11       7.668996116922e-13       2.505677879263e-14       0.000000000000e+00       2.660253882781e-16       4.375594425524e-17       6.004167830332e-18 
 2179       2.001358939077e-11       7.711150361720e-13       2.217260425278e-14       0.000000000000e+00       2.655252793263e-16       4.335039276053e-17       6.056194876812e-18 
 2180       1.990493539931e-11       7.753096111909e-13       1.893527055676e-14       0.000000000000e+00       2.650263223845e-16       4.294678945772e-17       6.108309660438e-18 
 2181       1.979702039380e-11       7.794813093572e-13       1.534924815685e-14       0.000000000000e+00       2.645285147900e-16       4.254515237050e-17       6.160485053515e-18 
 2182       1.968986245979e-11       7.836280960358e-13       1.141902655023e-14       0.000000000000e+00       2.640318538554e-16       4.214549956997e-17       6.212693828626e-18 
 2183       1.958347974244e-11       7.877479293396e-13       7.149114301864e-15       0.000000000000e+00       2.635363368686e-16       4.174784917460e-17       6.264908658525e-18 
 2184       1.947789044657e-11       7.918387601212e-13       2.544039067329e-15       0.000000000000e+00       2.630419610933e-16       4.135221935035e-17       6.317102116012e-18 
 2185       1.937311283673e-11       7.958985319650e-13      -2.391652384391e-15       0.000000000000e+00       2.625487237682e-16       4.095862831070e-17       6.369246673830e-18 
 2186       1.926916523731e-11       7.999251811787e-13      -7.653394148054e-15       0.000000000000e+00       2.620566221075e-16       4.056709431665e-17       6.421314704541e-18 
 2187       1.916606603252e-11       8.039166367852e-13      -1.323660115935e-14       0.000000000000e+00       2.615656533005e-16       4.017763567683e-17       6.473278480418e-18 
 2188       1.906383366654e-11       8.078708205145e-13      -1.913666917204e-14       0.000000000000e+00       2.610758145119e-16       3.979027074751e-17       6.525110173330e-18 
 2189       1.896248664353e-11       8.117856467953e-13      -2.534897473520e-14       0.000000000000e+00       2.605871028816e-16       3.940501793266e-17       6.576781854623e-18 
 2190       1.886204352773e-11       8.156590227466e-13      -3.186887517030e-14       0.000000000000e+00       2.600995155247e-16       3.902189568397e-17       6.628265495013e-18 
 2191       1.876252294349e-11       8.194888481701e-13      -3.869170854847e-14       0.000000000000e+00       2.596130495314e-16       3.864092250094e-17       6.679532964466e-18 
 2192       1.866394357538e-11       8.232730155414e-13      -4.581279366760e-14       0.000000000000e+00       2.591277019670e-16       3.826211693089e-17       6.730556032086e-18 
 2193       1.856632416820e-11       8.270094100019e-13      -5.322743002957e-14       0.000000000000e+00       2.586434698719e-16       3.788549756903e-17       6.781306366002e-18 
 2194       1.846968352711e-11       8.306959093507e-13      -6.093089781738e-14       0.000000000000e+00       2.581603502615e-16       3.751108305849e-17       6.831755533249e-18 
 2195       1.837404051763e-11       8.343303840364e-13      -6.891845787234e-14       0.000000000000e+00       2.576783401264e-16       3.713889209037e-17       6.881874999662e-18 
 2196       1.827941406577e-11       8.379106971489e-13      -7.718535167128e-14       0.000000000000e+00       2.571974364318e-16       3.676894340379e-17       6.931636129752e-18 
 2197       1.818582315803e-11       8.414347044109e-13      -8.572680130364e-14       0.000000000000e+00       2.567176361181e-16       3.640125578594e-17       6.981010186598e-18 
 2198       1.809328684153e-11       8.449002541699e-13      -9.453800944873e-14       0.000000000000e+00       2.562389361007e-16       3.603584807212e-17       7.029968331734e-18 
 2199       1.800182422403e-11       8.483051873901e-13      -1.036141593528e-13       0.000000000000e+00       2.557613332695e-16       3.567273914578e-17       7.078481625028e-18 
 2200       1.791145447399e-11       8.516473376440e-13      -1.129504148065e-13       0.000000000000e+00       2.552848244896e-16       3.531194793859e-17       7.126521024574e-18 
 2201       1.782219682069e-11       8.549245311040e-13      -1.225419201215e-13       0.000000000000e+00       2.548094066006e-16       3.495349343044e-17       7.174057386575e-18 
 2202       1.773407055424e-11       8.581345865348e-13      -1.323838001082e-13       0.000000000000e+00       2.543350764172e-16       3.459739464955e-17       7.221061465230e-18 
 2203       1.764709502566e-11       8.612753152844e-13      -1.424711600527e-13       0.000000000000e+00       2.538618307284e-16       3.424367067247e-17       7.267503912618e-18 
 2204       1.756128652666e-11       8.643447722491e-13      -1.527988495077e-13       0.000000000000e+00       2.533896664240e-16       3.389234016101e-17       7.313352790321e-18 
 2205       1.747664890606e-11       8.673420106052e-13      -1.633607519964e-13       0.000000000000e+00       2.529185808726e-16       3.354341996957e-17       7.358566086451e-18 
 2206       1.739318289116e-11       8.702663320739e-13      -1.741504905450e-13       0.000000000000e+00       2.524485715455e-16       3.319692652865e-17       7.403099148689e-18 
 2207       1.731088920236e-11       8.731170364015e-13      -1.851616634124e-13       0.000000000000e+00       2.519796358915e-16       3.285287630719e-17       7.446907167868e-18 
 2208       1.722976855318e-11       8.758934213577e-13      -1.963878440612e-13       0.000000000000e+00       2.515117713367e-16       3.251128581257e-17       7.489945177787e-18 
 2209       1.714982165023e-11       8.785947827334e-13      -2.078225811289e-13       0.000000000000e+00       2.510449752845e-16       3.217217159069e-17       7.532168055045e-18 
 2210       1.707104919318e-11       8.812204143390e-13      -2.194593983997e-13       0.000000000000e+00       2.505792451153e-16       3.183555022596e-17       7.573530518858e-18 
 2211       1.699345187478e-11       8.837696080017e-13      -2.312917947755e-13       0.000000000000e+00       2.501145781871e-16       3.150143834136e-17       7.613987130888e-18 
 2212       1.691703038084e-11       8.862416535642e-13      -2.433132442474e-13       0.000000000000e+00       2.496509718346e-16       3.116985259848e-17       7.653492295066e-18 
 2213       1.684178539021e-11       8.886358388823e-13      -2.555171958668e-13       0.000000000000e+00       2.491884233699e-16       3.084080969754e-17       7.692000257414e-18 
 2214       1.676771757478e-11       8.909514498229e-13      -2.678970737172e-13       0.000000000000e+00       2.487269300824e-16       3.051432637743e-17       7.729465105872e-18 
 2215       1.669482759944e-11       8.931877702620e-13      -2.804462768851e-13       0.000000000000e+00       2.482664892381e-16       3.019041941575e-17       7.765840770124e-18 
 2216       1.662311612211e-11       8.953440820829e-13      -2.931581794314e-13       0.000000000000e+00       2.478070980804e-16       2.986910562883e-17       7.801081021417e-18 
 2217       1.655258379371e-11       8.974196651738e-13      -3.060261303630e-13       0.000000000000e+00       2.473487538295e-16       2.955040187178e-17       7.835139472389e-18 
 2218       1.648323125812e-11       8.994137974260e-13      -3.190434536041e-13       0.000000000000e+00       2.468914536828e-16       2.923432503852e-17       7.867969576892e-18 
 2219       1.641505915224e-11       9.013257547318e-13      -3.322034479670e-13       0.000000000000e+00       2.464351948145e-16       2.892089206182e-17       7.899524629818e-18 
 2220       1.634806810589e-11       9.031548109826e-13      -3.454993871245e-13       0.000000000000e+00       2.459799743757e-16       2.861011991332e-17       7.929757766922e-18 
 2221       1.628225874186e-11       9.049002380668e-13      -3.589245195799e-13       0.000000000000e+00       2.455257894944e-16       2.830202560358e-17       7.958621964645e-18 
 2222       1.621763167588e-11       9.065613058676e-13      -3.724720686397e-13       0.000000000000e+00       2.450726372756e-16       2.799662618211e-17       7.986070039941e-18 
 2223       1.615418751661e-11       9.081372822614e-13      -3.861352323839e-13       0.000000000000e+00       2.446205148007e-16       2.769393873740e-17       8.012054650099e-18 
 2224       1.609192686563e-11       9.096274331154e-13      -3.999071836379e-13       0.000000000000e+00       2.441694191284e-16       2.739398039697e-17       8.036528292571e-18 
 2225       1.603085031742e-11       9.110310222857e-13      -4.137810699435e-13       0.000000000000e+00       2.437193472939e-16       2.709676832738e-17       8.059443304789e-18 
 2226       1.597095845934e-11       9.123473116152e-13      -4.277500135307e-13       0.000000000000e+00       2.432702963090e-16       2.680231973430e-17       8.080751863999e-18 
 2227       1.591225187167e-11       9.135755609318e-13      -4.418071112886e-13       0.000000000000e+00       2.428222631625e-16       2.651065186248e-17       8.100405987076e-18 
 2228       1.585473112752e-11       9.147150280461e-13      -4.559454347369e-13       0.000000000000e+00       2.423752448196e-16       2.622178199589e-17       8.118357530355e-18 
 2229       1.579839679289e-11       9.157649687498e-13      -4.701580299972e-13       0.000000000000e+00       2.419292382221e-16       2.593572745764e-17       8.134558189453e-18 
 2230       1.574324942662e-11       9.167246368130e-13      -4.844379177645e-13       0.000000000000e+00       2.414842402887e-16       2.565250561010e-17       8.148959499091e-18 
 2231       1.568928958036e-11       9.175932839828e-13      -4.987780932784e-13       0.000000000000e+00       2.410402479144e-16       2.537213385490e-17       8.161512832924e-18 
 2232       1.563651779863e-11       9.183701599810e-13      -5.131715262945e-13       0.000000000000e+00       2.405972579708e-16       2.509462963295e-17       8.172169403358e-18 
 2233       1.558493461872e-11       9.190545125021e-13      -5.276111610556e-13       0.000000000000e+00       2.401552673060e-16       2.482001042451e-17       8.180880261380e-18 
 2234       1.553454057075e-11       9.196455872114e-13      -5.420899162632e-13       0.000000000000e+00       2.397142727445e-16       2.454829374920e-17       8.187596296380e-18 
 2235       1.548533617763e-11       9.201426277428e-13      -5.566006850489e-13       0.000000000000e+00       2.392742710873e-16       2.427949716606e-17       8.192268235978e-18 
 2236       1.543732195502e-11       9.205448756968e-13      -5.711363349455e-13       0.000000000000e+00       2.388352591118e-16       2.401363827355e-17       8.194846645841e-18 
 2237       1.539049841138e-11       9.208515706386e-13      -5.856897078585e-13       0.000000000000e+00       2.383972335719e-16       2.375073470960e-17       8.195281929518e-18 
 2238       1.534486604791e-11       9.210619500960e-13      -6.002536200376e-13       0.000000000000e+00       2.379601911975e-16       2.349080415166e-17       8.193524328254e-18 
 2239       1.530042535856e-11       9.211752495574e-13      -6.148208620476e-13       0.000000000000e+00       2.375241286951e-16       2.323386431671e-17       8.189523920821e-18 
 2240       1.525717682999e-11       9.211907024699e-13      -6.293841987401e-13       0.000000000000e+00       2.370890427473e-16       2.297993296134e-17       8.183230623342e-18 
 2241       1.521512094160e-11       9.211075402368e-13      -6.439363692249e-13       0.000000000000e+00       2.366549300132e-16       2.272902788170e-17       8.174594189109e-18 
 2242       1.517425816552e-11       9.209249922162e-13      -6.584700868409e-13       0.000000000000e+00       2.362217871278e-16       2.248116691363e-17       8.163564208416e-18 
 2243       1.513458673936e-11       9.206425292139e-13      -6.729784651304e-13       0.000000000000e+00       2.357896109095e-16       2.223636292908e-17       8.150108468227e-18 
 2244       1.509609596895e-11       9.202605957046e-13      -6.874562988558e-13       0.000000000000e+00       2.353583989828e-16       2.199460878978e-17       8.134268162512e-18 
 2245       1.505877288186e-11       9.197798823856e-13      -7.018987912867e-13       0.000000000000e+00       2.349281491594e-16       2.175589229544e-17       8.116103041915e-18 
 2246       1.502260445064e-11       9.192010831197e-13      -7.163011289378e-13       0.000000000000e+00       2.344988592314e-16       2.152020117833e-17       8.095673086890e-18 
 2247       1.498757759266e-11       9.185248949389e-13      -7.306584815510e-13       0.000000000000e+00       2.340705269716e-16       2.128752310317e-17       8.073038507957e-18 
 2248       1.495367917011e-11       9.177520180480e-13      -7.449660020765e-13       0.000000000000e+00       2.336431501333e-16       2.105784566706e-17       8.048259745968e-18 
 2249       1.492089598992e-11       9.168831558284e-13      -7.592188266543e-13       0.000000000000e+00       2.332167264499e-16       2.083115639939e-17       8.021397472368e-18 
 2250       1.488921480367e-11       9.159190148422e-13      -7.734120745958e-13       0.000000000000e+00       2.327912536356e-16       2.060744276176e-17       7.992512589457e-18 
 2251       1.485862230755e-11       9.148603048355e-13      -7.875408483654e-13       0.000000000000e+00       2.323667293848e-16       2.038669214787e-17       7.961666230654e-18 
 2252       1.482910514229e-11       9.137077387427e-13      -8.016002335617e-13       0.000000000000e+00       2.319431513722e-16       2.016889188349e-17       7.928919760755e-18 
 2253       1.480064989310e-11       9.124620326898e-13      -8.155852988992e-13       0.000000000000e+00       2.315205172530e-16       1.995402922632e-17       7.894334776197e-18 
 2254       1.477324308960e-11       9.111239059985e-13      -8.294910961900e-13       0.000000000000e+00       2.310988246625e-16       1.974209136595e-17       7.857973105323e-18 
 2255       1.474687120575e-11       9.096940811898e-13      -8.433126603247e-13       0.000000000000e+00       2.306780712166e-16       1.953306542373e-17       7.819896808638e-18 
 2256       1.472152065979e-11       9.081732839879e-13      -8.570450092545e-13       0.000000000000e+00       2.302582545111e-16       1.932693845272e-17       7.780168179076e-18 
 2257       1.469717781417e-11       9.065622433241e-13      -8.706831439726e-13       0.000000000000e+00       2.298393721221e-16       1.912369743761e-17       7.738849742260e-18 
 2258       1.467382897551e-11       9.048616913402e-13      -8.842220484951e-13       0.000000000000e+00       2.294214216061e-16       1.892332929459e-17       7.696004256765e-18 
 2259       1.465146039450e-11       9.030723633927e-13      -8.976566898435e-13       0.000000000000e+00       2.290044004997e-16       1.872582087134e-17       7.651694714378e-18 
 2260       1.463005826586e-11       9.011949980562e-13      -9.109820180253e-13       0.000000000000e+00       2.285883063193e-16       1.853115894686e-17       7.605984340364e-18 
 2261       1.460960872827e-11       8.992303371276e-13      -9.241929660160e-13       0.000000000000e+00       2.281731365619e-16       1.833933023145e-17       7.558936593722e-18 
 2262       1.459009786428e-11       8.971791256295e-13      -9.372844497403e-13       0.000000000000e+00       2.277588887044e-16       1.815032136660e-17       7.510615167454e-18 
 2263       1.457151170031e-11       8.950421118142e-13      -9.502513680540e-13       0.000000000000e+00       2.273455602036e-16       1.796411892492e-17       7.461083988820e-18 
 2264       1.455383620650e-11       8.928200471675e-13      -9.630886027252e-13       0.000000000000e+00       2.269331484966e-16       1.778070941003e-17       7.410407219606e-18 
 2265       1.453705729671e-11       8.905136864122e-13      -9.757910184156e-13       0.000000000000e+00       2.265216510003e-16       1.760007925648e-17       7.358649256384e-18 
 2266       1.452116082844e-11       8.881237875123e-13      -9.883534626625e-13       0.000000000000e+00       2.261110651117e-16       1.742221482971e-17       7.305874730770e-18 
 2267       1.450613260275e-11       8.856511116766e-13      -1.000770765860e-12       0.000000000000e+00       2.257013882077e-16       1.724710242591e-17       7.252148509695e-18 
 2268       1.449195836419e-11       8.830964233622e-13      -1.013037741241e-12       0.000000000000e+00       2.252926176451e-16       1.707472827195e-17       7.197535695656e-18 
 2269       1.447862380078e-11       8.804604902788e-13      -1.025149184856e-12       0.000000000000e+00       2.248847507607e-16       1.690507852532e-17       7.142101626989e-18 
 2270       1.446611454390e-11       8.777440833921e-13      -1.037099875561e-12       0.000000000000e+00       2.244777848711e-16       1.673813927402e-17       7.085911878121e-18 
 2271       1.445441616824e-11       8.749479769278e-13      -1.048884574991e-12       0.000000000000e+00       2.240717172728e-16       1.657389653648e-17       7.029032259841e-18 
 2272       1.444351419174e-11       8.720729483752e-13      -1.060498027547e-12       0.000000000000e+00       2.236665452420e-16       1.641233626150e-17       6.971528819554e-18 
 2273       1.443339407550e-11       8.691197784910e-13      -1.071934960376e-12       0.000000000000e+00       2.232622660348e-16       1.625344432813e-17       6.913467841549e-18 
 2274       1.442404122378e-11       8.660892513034e-13      -1.083190083351e-12       0.000000000000e+00       2.228588768870e-16       1.609720654558e-17       6.854915847258e-18 
 2275       1.441544098385e-11       8.629821541155e-13      -1.094258089056e-12       0.000000000000e+00       2.224563750141e-16       1.594360865320e-17       6.795939595520e-18 
 2276       1.440757864599e-11       8.597992775091e-13      -1.105133652763e-12       0.000000000000e+00       2.220547576116e-16       1.579263632033e-17       6.736606082841e-18 
 2277       1.440043944340e-11       8.565414153488e-13      -1.115811432418e-12       0.000000000000e+00       2.216540218542e-16       1.564427514622e-17       6.676982543657e-18 
 2278       1.439400855213e-11       8.532093647855e-13      -1.126286068619e-12       0.000000000000e+00       2.212541648967e-16       1.549851066000e-17       6.617136450595e-18 
 2279       1.438827109104e-11       8.498039262603e-13      -1.136552184598e-12       0.000000000000e+00       2.208551838732e-16       1.535532832054e-17       6.557135514738e-18 
 2280       1.438321212168e-11       8.463259035082e-13      -1.146604386206e-12       0.000000000000e+00       2.204570758977e-16       1.521471351637e-17       6.497047685884e-18 
 2281       1.437881664832e-11       8.427761035619e-13      -1.156437261889e-12       0.000000000000e+00       2.200598380635e-16       1.507665156564e-17       6.436941152807e-18 
 2282       1.437506927592e-11       8.391554467011e-13      -1.166046120206e-12       0.000000000000e+00       2.196634676878e-16       1.494113464322e-17       6.376877763644e-18 
 2283       1.437195318214e-11       8.354652970628e-13      -1.175429207581e-12       0.000000000000e+00       2.192679630454e-16       1.480818261095e-17       6.316893240368e-18 
 2284       1.436945113864e-11       8.317071341593e-13      -1.184585504737e-12       0.000000000000e+00       2.188733226397e-16       1.467782232088e-17       6.257016837899e-18 
 2285       1.436754585230e-11       8.278824431320e-13      -1.193513990462e-12       0.000000000000e+00       2.184795449585e-16       1.455008070024e-17       6.197277912568e-18 
 2286       1.436621996511e-11       8.239927147579e-13      -1.202213641601e-12       0.000000000000e+00       2.180866284744e-16       1.442498475153e-17       6.137705922229e-18 
 2287       1.436545605413e-11       8.200394454552e-13      -1.210683433057e-12       0.000000000000e+00       2.176945716443e-16       1.430256155258e-17       6.078330426368e-18 
 2288       1.436523663142e-11       8.160241372904e-13      -1.218922337791e-12       0.000000000000e+00       2.173033729099e-16       1.418283825662e-17       6.019181086214e-18 
 2289       1.436554414392e-11       8.119482979841e-13      -1.226929326819e-12       0.000000000000e+00       2.169130306972e-16       1.406584209239e-17       5.960287664848e-18 
 2290       1.436636097343e-11       8.078134409175e-13      -1.234703369208e-12       0.000000000000e+00       2.165235434170e-16       1.395160036416e-17       5.901680027317e-18 
 2291       1.436766943653e-11       8.036210851390e-13      -1.242243432078e-12       0.000000000000e+00       2.161349094642e-16       1.384014045186e-17       5.843388140742e-18 
 2292       1.436945178447e-11       7.993727553698e-13      -1.249548480602e-12       0.000000000000e+00       2.157471272185e-16       1.373148981112e-17       5.785442074428e-18 
 2293       1.437169020314e-11       7.950699820109e-13      -1.256617477998e-12       0.000000000000e+00       2.153601950438e-16       1.362567597336e-17       5.727871999975e-18 
 2294       1.437436681297e-11       7.907143011491e-13      -1.263449385533e-12       0.000000000000e+00       2.149741112886e-16       1.352272654585e-17       5.670708191390e-18 
 2295       1.437746366888e-11       7.863072545635e-13      -1.270043162521e-12       0.000000000000e+00       2.145888742856e-16       1.342266921182e-17       5.613981025196e-18 
 2296       1.438096276019e-11       7.818503897314e-13      -1.276397766319e-12       0.000000000000e+00       2.142044823522e-16       1.332553173048e-17       5.557720980543e-18 
 2297       1.438484601055e-11       7.773452598351e-13      -1.282512152327e-12       0.000000000000e+00       2.138209337897e-16       1.323134193716e-17       5.501958639316e-18 
 2298       1.438909527788e-11       7.727934237680e-13      -1.288385273985e-12       0.000000000000e+00       2.134382268840e-16       1.314012774333e-17       5.446724686250e-18 
 2299       1.439369235427e-11       7.681964461410e-13      -1.294016082776e-12       0.000000000000e+00       2.130563599054e-16       1.305191713670e-17       5.392049909038e-18 
 2300       1.439861896594e-11       7.635558972887e-13      -1.299403528219e-12       0.000000000000e+00       2.126753311083e-16       1.296673818129e-17       5.337965198441e-18 
 2301       1.440385677315e-11       7.588733532755e-13      -1.304546557870e-12       0.000000000000e+00       2.122951387315e-16       1.288461901752e-17       5.284501548399e-18 
 2302       1.440938737013e-11       7.541503959027e-13      -1.309444117321e-12       0.000000000000e+00       2.119157809978e-16       1.280558786227e-17       5.231690056142e-18 
 2303       1.441519228500e-11       7.493886127139e-13      -1.314095150197e-12       0.000000000000e+00       2.115372561146e-16       1.272967300894e-17       5.179561922299e-18 
 2304       1.442125297971e-11       7.445895970017e-13      -1.318498598155e-12       0.000000000000e+00       2.111595622733e-16       1.265690282756e-17       5.128148451011e-18 
 2305       1.442755084998e-11       7.397549478144e-13      -1.322653400883e-12       0.000000000000e+00       2.107826976493e-16       1.258730576483e-17       5.077481050039e-18 
 2306       1.443406722518e-11       7.348862699614e-13      -1.326558496099e-12       0.000000000000e+00       2.104066604025e-16       1.252091034425e-17       5.027591230875e-18 
 2307       1.444078336831e-11       7.299851740206e-13      -1.330212819548e-12       0.000000000000e+00       2.100314486768e-16       1.245774516612e-17       4.978510608854e-18 
 2308       1.444768047590e-11       7.250532763438e-13      -1.333615305002e-12       0.000000000000e+00       2.096570606002e-16       1.239783890766e-17       4.930270903264e-18 
 2309       1.445473967793e-11       7.200921990635e-13      -1.336764884255e-12       0.000000000000e+00       2.092834942847e-16       1.234122032311e-17       4.882903937453e-18 
 2310       1.446194203778e-11       7.151035700991e-13      -1.339660487127e-12       0.000000000000e+00       2.089107478266e-16       1.228791824372e-17       4.836441638946e-18 
 2311       1.446926855214e-11       7.100890231633e-13      -1.342301041460e-12       0.000000000000e+00       2.085388193061e-16       1.223796157793e-17       4.790916039548e-18 
 2312       1.447670015097e-11       7.050501977682e-13      -1.344685473112e-12       0.000000000000e+00       2.081677067874e-16       1.219137931136e-17       4.746359275461e-18 
 2313       1.448421769738e-11       6.999887392317e-13      -1.346812705965e-12       0.000000000000e+00       2.077974083188e-16       1.214820050694e-17       4.702803587392e-18 
 2314       1.449180198757e-11       6.949062986841e-13      -1.348681661914e-12       0.000000000000e+00       2.074279219326e-16       1.210845430496e-17       4.660281320661e-18 
 2315       1.449943375079e-11       6.898045330740e-13      -1.350291260871e-12       0.000000000000e+00       2.070592456450e-16       1.207216992313e-17       4.618824925315e-18 
 2316       1.450709364923e-11       6.846851051749e-13      -1.351640420763e-12       0.000000000000e+00       2.066913774561e-16       1.203937665671e-17       4.578466956237e-18 
 2317       1.451476227797e-11       6.795496835912e-13      -1.352728057528e-12       0.000000000000e+00       2.063243153502e-16       1.201010387851e-17       4.539240073257e-18 
 2318       1.452242016491e-11       6.743999427649e-13      -1.353553085116e-12       0.000000000000e+00       2.059580572951e-16       1.198438103904e-17       4.501177041261e-18 
 2319       1.453004777065e-11       6.692375629818e-13      -1.354114415486e-12       0.000000000000e+00       2.055926012428e-16       1.196223766653e-17       4.464310730303e-18 
 2320       1.453762548849e-11       6.640642303776e-13      -1.354410958605e-12       0.000000000000e+00       2.052279451290e-16       1.194370336703e-17       4.428674115717e-18 
 2321       1.454513500027e-11       6.588815803792e-13      -1.354442232739e-12       0.000000000000e+00       2.048640869215e-16       1.192877492986e-17       4.394282219848e-18 
 2322       1.455256335353e-11       6.536910276254e-13      -1.354210199534e-12       0.000000000000e+00       2.045010247650e-16       1.191731741705e-17       4.361077812561e-18 
 2323       1.455989890993e-11       6.484939349861e-13      -1.353717440505e-12       0.000000000000e+00       2.041387568370e-16       1.190916245013e-17       4.328985368436e-18 
 2324       1.456712999160e-11       6.432916700347e-13      -1.352966547812e-12       0.000000000000e+00       2.037772813000e-16       1.190414104743e-17       4.297929093747e-18 
 2325       1.457424488106e-11       6.380856050535e-13      -1.351960124267e-12       0.000000000000e+00       2.034165963009e-16       1.190208362343e-17       4.267832926177e-18 
 2326       1.458123182124e-11       6.328771170387e-13      -1.350700783351e-12       0.000000000000e+00       2.030566999718e-16       1.190281998810e-17       4.238620534519e-18 
 2327       1.458807901537e-11       6.276675877053e-13      -1.349191149221e-12       0.000000000000e+00       2.026975904290e-16       1.190617934624e-17       4.210215318389e-18 
 2328       1.459477462699e-11       6.224584034923e-13      -1.347433856726e-12       0.000000000000e+00       2.023392657740e-16       1.191199029683e-17       4.182540407932e-18 
 2329       1.460130677989e-11       6.172509555678e-13      -1.345431551417e-12       0.000000000000e+00       2.019817240925e-16       1.192008083238e-17       4.155518663533e-18 
 2330       1.460766355804e-11       6.120466398338e-13      -1.343186889560e-12       0.000000000000e+00       2.016249634551e-16       1.193027833823e-17       4.129072675522e-18 
 2331       1.461383300560e-11       6.068468569317e-13      -1.340702538147e-12       0.000000000000e+00       2.012689819171e-16       1.194240959197e-17       4.103124763886e-18 
 2332       1.461980312682e-11       6.016530122468e-13      -1.337981174911e-12       0.000000000000e+00       2.009137775183e-16       1.195630076270e-17       4.077596977972e-18 
 2333       1.462556188607e-11       5.964665159139e-13      -1.335025488333e-12       0.000000000000e+00       2.005593482830e-16       1.197177741041e-17       4.052411096203e-18 
 2334       1.463109720771e-11       5.912887828218e-13      -1.331838177659e-12       0.000000000000e+00       2.002056922203e-16       1.198866448536e-17       4.027488625781e-18 
 2335       1.463639697612e-11       5.861212326190e-13      -1.328421952910e-12       0.000000000000e+00       1.998528073236e-16       1.200678632735e-17       4.002750802395e-18 
 2336       1.464144903563e-11       5.809652897181e-13      -1.324779534894e-12       0.000000000000e+00       1.995006915710e-16       1.202596666510e-17       3.978118589932e-18 
 2337       1.464624119047e-11       5.758223833014e-13      -1.320913655217e-12       0.000000000000e+00       1.991493429251e-16       1.204602861560e-17       3.953512680185e-18 
 2338       1.465076120473e-11       5.706939473256e-13      -1.316827056298e-12       0.000000000000e+00       1.987987593329e-16       1.206679468345e-17       3.928853492560e-18 
 2339       1.465499680235e-11       5.655814205269e-13      -1.312522491379e-12       0.000000000000e+00       1.984489387259e-16       1.208808676019e-17       3.904061173786e-18 
 2340       1.465893566701e-11       5.604862464263e-13      -1.308002724536e-12       0.000000000000e+00       1.980998790200e-16       1.210972612365e-17       3.879055597623e-18 
 2341       1.466256544217e-11       5.554098733345e-13      -1.303270530694e-12       0.000000000000e+00       1.977515781157e-16       1.213153343728e-17       3.853756364567e-18 
 2342       1.466587373096e-11       5.503537543567e-13      -1.298328695638e-12       0.000000000000e+00       1.974040338978e-16       1.215332874952e-17       3.828082801564e-18 
 2343       1.466884809617e-11       5.453193473982e-13      -1.293180016024e-12       0.000000000000e+00       1.970572442354e-16       1.217493149311e-17       3.801953961716e-18 
 2344       1.467147606022e-11       5.403081151690e-13      -1.287827299391e-12       0.000000000000e+00       1.967112069821e-16       1.219616048448e-17       3.775288623987e-18 
 2345       1.467374510507e-11       5.353215251889e-13      -1.282273364175e-12       0.000000000000e+00       1.963659199758e-16       1.221683392303e-17       3.748005292915e-18 
 2346       1.467564267223e-11       5.303610497930e-13      -1.276521039719e-12       0.000000000000e+00       1.960213810386e-16       1.223676939052e-17       3.720022198319e-18 
 2347       1.467715616267e-11       5.254281661360e-13      -1.270573166287e-12       0.000000000000e+00       1.956775879772e-16       1.225578385040e-17       3.691257295005e-18 
 2348       1.467827293684e-11       5.205243561981e-13      -1.264432595074e-12       0.000000000000e+00       1.953345385823e-16       1.227369364715e-17       3.661628262480e-18 
 2349       1.467898031456e-11       5.156511067893e-13      -1.258102188220e-12       0.000000000000e+00       1.949922306291e-16       1.229031450562e-17       3.631052504655e-18 
 2350       1.467926557501e-11       5.108099095550e-13      -1.251584818822e-12       0.000000000000e+00       1.946506618768e-16       1.230546153037e-17       3.599447149555e-18 
 2351       1.467911595669e-11       5.060022609807e-13      -1.244883370942e-12       0.000000000000e+00       1.943098300689e-16       1.231894920504e-17       3.566729049028e-18 
 2352       1.467851865739e-11       5.012296623972e-13      -1.238000739625e-12       0.000000000000e+00       1.939697329333e-16       1.233059139164e-17       3.532814778455e-18 
 2353       1.467746083410e-11       4.964936199860e-13      -1.230939830909e-12       0.000000000000e+00       1.936303681818e-16       1.234020132996e-17       3.497620636454e-18 
 2354       1.467592960302e-11       4.917956447834e-13      -1.223703561835e-12       0.000000000000e+00       1.932917335105e-16       1.234759163684e-17       3.461062644591e-18 
 2355       1.467391203949e-11       4.871372526868e-13      -1.216294860461e-12       0.000000000000e+00       1.929538265998e-16       1.235257430559e-17       3.423056547091e-18 
 2356       1.467139517796e-11       4.825199644586e-13      -1.208716665873e-12       0.000000000000e+00       1.926166451139e-16       1.235496070526e-17       3.383517810542e-18 
 2357       1.466836601192e-11       4.779453057322e-13      -1.200971928199e-12       0.000000000000e+00       1.922801867012e-16       1.235456158004e-17       3.342361623603e-18 
 2358       1.466481149390e-11       4.734148070163e-13      -1.193063608620e-12       0.000000000000e+00       1.919444489945e-16       1.235118704854e-17       3.299502896718e-18 
 2359       1.466071853541e-11       4.689300037005e-13      -1.184994679380e-12       0.000000000000e+00       1.916094296101e-16       1.234464660322e-17       3.254856261818e-18 
 2360       1.465607601667e-11       4.644922714826e-13      -1.176768311349e-12       0.000000000000e+00       1.912751262754e-16       1.233482369964e-17       3.208361277553e-18 
 2361       1.465088082967e-11       4.601023315257e-13      -1.168388437951e-12       0.000000000000e+00       1.909415372079e-16       1.232190003158e-17       3.160058216437e-18 
 2362       1.464513187251e-11       4.557607422412e-13      -1.159859194756e-12       0.000000000000e+00       1.906086607385e-16       1.230613264598e-17       3.110012747293e-18 
 2363       1.463882804305e-11       4.514680635893e-13      -1.151184732269e-12       0.000000000000e+00       1.902764951843e-16       1.228777948033e-17       3.058290772687e-18 
 2364       1.463196823891e-11       4.472248570800e-13      -1.142369215942e-12       0.000000000000e+00       1.899450388489e-16       1.226709936355e-17       3.004958429169e-18 
 2365       1.462455135744e-11       4.430316857753e-13      -1.133416826196e-12       0.000000000000e+00       1.896142900227e-16       1.224435201697e-17       2.950082087532e-18 
 2366       1.461657629574e-11       4.388891142901e-13      -1.124331758432e-12       0.000000000000e+00       1.892842469824e-16       1.221979805529e-17       2.893728353060e-18 
 2367       1.460804195065e-11       4.347977087942e-13      -1.115118223047e-12       0.000000000000e+00       1.889549079912e-16       1.219369898747e-17       2.835964065780e-18 
 2368       1.459894721879e-11       4.307580370132e-13      -1.105780445455e-12       0.000000000000e+00       1.886262712988e-16       1.216631721776e-17       2.776856300713e-18 
 2369       1.458929099649e-11       4.267706682307e-13      -1.096322666098e-12       0.000000000000e+00       1.882983351414e-16       1.213791604660e-17       2.716472368125e-18 
 2370       1.457907217987e-11       4.228361732894e-13      -1.086749140465e-12       0.000000000000e+00       1.879710977416e-16       1.210875967157e-17       2.654879813779e-18 
 2371       1.456828966478e-11       4.189551245926e-13      -1.077064139109e-12       0.000000000000e+00       1.876445573083e-16       1.207911318835e-17       2.592146419184e-18 
 2372       1.455694234683e-11       4.151280961061e-13      -1.067271947657e-12       0.000000000000e+00       1.873187120370e-16       1.204924259168e-17       2.528340201850e-18 
 2373       1.454502912138e-11       4.113556633591e-13      -1.057376866835e-12       0.000000000000e+00       1.869935601094e-16       1.201941477629e-17       2.463529415536e-18 
 2374       1.453254888354e-11       4.076384034462e-13      -1.047383212477e-12       0.000000000000e+00       1.866690996937e-16       1.198989753784e-17       2.397782550502e-18 
 2375       1.451950052821e-11       4.039768950287e-13      -1.037295315544e-12       0.000000000000e+00       1.863453289443e-16       1.196095957391e-17       2.331168333763e-18 
 2376       1.450588295000e-11       4.003717183363e-13      -1.027117522142e-12       0.000000000000e+00       1.860222460020e-16       1.193287048491e-17       2.263755729333e-18 
 2377       1.449169504331e-11       3.968234551683e-13      -1.016854193533e-12       0.000000000000e+00       1.856998489941e-16       1.190590077504e-17       2.195613938486e-18 
 2378       1.447693570230e-11       3.933326888953e-13      -1.006509706155e-12       0.000000000000e+00       1.853781360338e-16       1.188032185325e-17       2.126812399999e-18 
 2379       1.446160382086e-11       3.899000044608e-13      -9.960884516395e-13       0.000000000000e+00       1.850571052209e-16       1.185640603418e-17       2.057420790407e-18 
 2380       1.444569829267e-11       3.865259883826e-13      -9.855948368218e-13       0.000000000000e+00       1.847367546414e-16       1.183442653912e-17       1.987509024255e-18 
 2381       1.442921801117e-11       3.832112287541e-13      -9.750332837628e-13       0.000000000000e+00       1.844170823673e-16       1.181465749692e-17       1.917147254346e-18 
 2382       1.441216186954e-11       3.799563152463e-13      -9.644082297623e-13       0.000000000000e+00       1.840980864571e-16       1.179737394500e-17       1.846405871996e-18 
 2383       1.439452876076e-11       3.767618391090e-13      -9.537241273759e-13       0.000000000000e+00       1.837797649554e-16       1.178285183025e-17       1.775355507281e-18 
 2384       1.437631757754e-11       3.736283931722e-13      -9.429854444310e-13       0.000000000000e+00       1.834621158929e-16       1.177136801001e-17       1.704067029293e-18 
 2385       1.435752721238e-11       3.705565718478e-13      -9.321966640426e-13       0.000000000000e+00       1.831451372868e-16       1.176320025299e-17       1.632611546387e-18 
 2386       1.433815655752e-11       3.675469711313e-13      -9.213622846300e-13       0.000000000000e+00       1.828288271400e-16       1.175862724025e-17       1.561060406433e-18 
 2387       1.431820450501e-11       3.646001886028e-13      -9.104868199326e-13       0.000000000000e+00       1.825131834417e-16       1.175792856613e-17       1.489485197072e-18 
 2388       1.429766994663e-11       3.617168234288e-13      -8.995747990258e-13       0.000000000000e+00       1.821982041675e-16       1.176138473919e-17       1.417957745959e-18 
 2389       1.427655177393e-11       3.588974763641e-13      -8.886307663374e-13       0.000000000000e+00       1.818838872787e-16       1.176927718319e-17       1.346550121021e-18 
 2390       1.425484887827e-11       3.561427497523e-13      -8.776592816639e-13       0.000000000000e+00       1.815702307228e-16       1.178188823802e-17       1.275334630706e-18 
 2391       1.423256015073e-11       3.534532475286e-13      -8.666649201862e-13       0.000000000000e+00       1.812572324335e-16       1.179950116064e-17       1.204383824233e-18 
 2392       1.420968448220e-11       3.508295752201e-13      -8.556522724856e-13       0.000000000000e+00       1.809448903304e-16       1.182240012606e-17       1.133770491844e-18 
 2393       1.418622076333e-11       3.482723399481e-13      -8.446259445607e-13       0.000000000000e+00       1.806332023191e-16       1.185087022823e-17       1.063567665057e-18 
 2394       1.416216788454e-11       3.457821504293e-13      -8.335905578427e-13       0.000000000000e+00       1.803221662914e-16       1.188519748108e-17       9.938486169136e-19 
 2395       1.413752473603e-11       3.433596169776e-13      -8.225507492119e-13       0.000000000000e+00       1.800117801250e-16       1.192566881938e-17       9.246868622346e-19 
 2396       1.411229020777e-11       3.410053515049e-13      -8.115111710137e-13       0.000000000000e+00       1.797020416834e-16       1.197257209974e-17       8.561561578674e-19 
 2397       1.408646318952e-11       3.387199675236e-13      -8.004764910747e-13       0.000000000000e+00       1.793929488163e-16       1.202619610154e-17       7.883305029391e-19 
 2398       1.406004257081e-11       3.365040801474e-13      -7.894513927190e-13       0.000000000000e+00       1.790844993593e-16       1.208683052789e-17       7.212841391073e-19 
 2399       1.403302871527e-11       3.343581386677e-13      -7.784403190504e-13       0.000000000000e+00       1.787766913376e-16       1.215468057610e-17       6.550766714727e-19 
 2400       1.400542789346e-11       3.322819231628e-13      -7.674467040614e-13       0.000000000000e+00       1.784695235788e-16       1.222961007745e-17       5.897083315764e-19 
 2401       1.397724787710e-11       3.302750448195e-13      -7.564737368637e-13       0.000000000000e+00       1.781629951042e-16       1.231139679165e-17       5.251644418637e-19 
 2402       1.394849646723e-11       3.283371130774e-13      -7.455246170064e-13       0.000000000000e+00       1.778571049249e-16       1.239981769410e-17       4.614302701702e-19 
 2403       1.391918149425e-11       3.264677356268e-13      -7.346025544872e-13       0.000000000000e+00       1.775518520417e-16       1.249464897510e-17       3.984910296633e-19 
 2404       1.388931081795e-11       3.246665184069e-13      -7.237107697628e-13       0.000000000000e+00       1.772472354458e-16       1.259566603896e-17       3.363318787829e-19 
 2405       1.385889232753e-11       3.229330656037e-13      -7.128524937597e-13       0.000000000000e+00       1.769432541179e-16       1.270264350323e-17       2.749379211827e-19 
 2406       1.382793394164e-11       3.212669796480e-13      -7.020309678851e-13       0.000000000000e+00       1.766399070288e-16       1.281535519783e-17       2.142942056713e-19 
 2407       1.379644360842e-11       3.196678612135e-13      -6.912494440379e-13       0.000000000000e+00       1.763371931391e-16       1.293357416424e-17       1.543857261531e-19 
 2408       1.376442930552e-11       3.181353092150e-13      -6.805111846190e-13       0.000000000000e+00       1.760351113994e-16       1.305707265464e-17       9.519742156970e-20 
 2409       1.373189904013e-11       3.166689208058e-13      -6.698194625424e-13       0.000000000000e+00       1.757336607501e-16       1.318562213113e-17       3.671417584088e-20 
 2410       1.369886084903e-11       3.152682913766e-13      -6.591775612460e-13       0.000000000000e+00       1.754328401213e-16       1.331899326481e-17      -2.107918219440e-20 
 2411       1.366532279859e-11       3.139330145528e-13      -6.485887747022e-13       0.000000000000e+00       1.751326484331e-16       1.345695593507e-17      -7.819787883675e-20 
 2412       1.363129298482e-11       3.126626821929e-13      -6.380564074289e-13       0.000000000000e+00       1.748330845954e-16       1.359927922864e-17      -1.346571955853e-19 
 2413       1.359677953344e-11       3.114568843863e-13      -6.275837745001e-13       0.000000000000e+00       1.745341475079e-16       1.374573143883e-17      -1.904724691967e-19 
 2414       1.356179059981e-11       3.103152094514e-13      -6.171742015568e-13       0.000000000000e+00       1.742358360600e-16       1.389608006469e-17      -2.456590917439e-19 
 2415       1.352633436909e-11       3.092372439340e-13      -6.068310248177e-13       0.000000000000e+00       1.739381491310e-16       1.405009181016e-17      -3.002325106748e-19 
 2416       1.349041905616e-11       3.082225726044e-13      -5.965575910900e-13       0.000000000000e+00       1.736410855899e-16       1.420753258324e-17      -3.542082288719e-19 
 2417       1.345405290571e-11       3.072707784566e-13      -5.863572577803e-13       0.000000000000e+00       1.733446442954e-16       1.436816749518e-17      -4.076018047102e-19 
 2418       1.341724419228e-11       3.063814427053e-13      -5.762333929052e-13       0.000000000000e+00       1.730488240962e-16       1.453176085962e-17      -4.604288521171e-19 
 2419       1.338000122025e-11       3.055541447845e-13      -5.661893751023e-13       0.000000000000e+00       1.727536238303e-16       1.469807619177e-17      -5.127050406304e-19 
 2420       1.334233232390e-11       3.047884623453e-13      -5.562285936407e-13       0.000000000000e+00       1.724590423258e-16       1.486687620761e-17      -5.644460954578e-19 
 2421       1.330424586743e-11       3.040839712541e-13      -5.463544484320e-13       0.000000000000e+00       1.721650784003e-16       1.503792282300e-17      -6.156677975357e-19 
 2422       1.326575024500e-11       3.034402455904e-13      -5.365703500412e-13       0.000000000000e+00       1.718717308610e-16       1.521097715288e-17      -6.663859835877e-19 
 2423       1.322685388077e-11       3.028568576450e-13      -5.268797196971e-13       0.000000000000e+00       1.715789985052e-16       1.538579951046e-17      -7.166165461841e-19 
 2424       1.318756522891e-11       3.023333779178e-13      -5.172859893034e-13       0.000000000000e+00       1.712868801193e-16       1.556214940634e-17      -7.663754338002e-19 
 2425       1.314789277363e-11       3.018693751162e-13      -5.077926014493e-13       0.000000000000e+00       1.709953744796e-16       1.573978554773e-17      -8.156786508759e-19 
 2426       1.310784502925e-11       3.014644161526e-13      -4.984030094204e-13       0.000000000000e+00       1.707044803522e-16       1.591846583756e-17      -8.645422578737e-19 
 2427       1.306743054017e-11       3.011180661431e-13      -4.891206772095e-13       0.000000000000e+00       1.704141964926e-16       1.609794737370e-17      -9.129823713385e-19 
 2428       1.302665788098e-11       3.008298884048e-13      -4.799490795274e-13       0.000000000000e+00       1.701245216459e-16       1.627798644813e-17      -9.610151639559e-19 
 2429       1.298553565641e-11       3.005994444543e-13      -4.708917018133e-13       0.000000000000e+00       1.698354545468e-16       1.645833854604e-17      -1.008656864611e-18 
 2430       1.294407250142e-11       3.004262940057e-13      -4.619520402463e-13       0.000000000000e+00       1.695469939198e-16       1.663875834510e-17      -1.055923758448e-18 
 2431       1.290227708121e-11       3.003099949681e-13      -4.531336017556e-13       0.000000000000e+00       1.692591384787e-16       1.681899971454e-17      -1.102832186929e-18 
 2432       1.286015809125e-11       3.002501034446e-13      -4.444399040314e-13       0.000000000000e+00       1.689718869270e-16       1.699881571436e-17      -1.149398547892e-18 
 2433       1.281772425731e-11       3.002461737292e-13      -4.358744755358e-13       0.000000000000e+00       1.686852379576e-16       1.717795859451e-17      -1.195639295610e-18 
 2434       1.277498433550e-11       3.002977583057e-13      -4.274408555136e-13       0.000000000000e+00       1.683991902531e-16       1.735617979402e-17      -1.241570940851e-18 
 2435       1.273194711230e-11       3.004044078453e-13      -4.191425940030e-13       0.000000000000e+00       1.681137424854e-16       1.753322994020e-17      -1.287210050936e-18 
 2436       1.268862140460e-11       3.005656712047e-13      -4.109832518464e-13       0.000000000000e+00       1.678288933161e-16       1.770885884780e-17      -1.332573249797e-18 
 2437       1.264501605971e-11       3.007810954242e-13      -4.029664007011e-13       0.000000000000e+00       1.675446413962e-16       1.788281551817e-17      -1.377677218040e-18 
 2438       1.260114023125e-11       3.010501422378e-13      -3.950951461268e-13       0.000000000000e+00       1.672609853627e-16       1.805489546139e-17      -1.422530263214e-18 
 2439       1.255700420857e-11       3.013719370604e-13      -3.873706936950e-13       0.000000000000e+00       1.669779238273e-16       1.822508297479e-17      -1.467106975201e-18 
 2440       1.251261859236e-11       3.017455184890e-13      -3.797937742895e-13       0.000000000000e+00       1.666954553879e-16       1.839340971725e-17      -1.511373418734e-18 
 2441       1.246799401933e-11       3.021699216505e-13      -3.723651202490e-13       0.000000000000e+00       1.664135786315e-16       1.855990746399e-17      -1.555295549247e-18 
 2442       1.242314116222e-11       3.026441781975e-13      -3.650854653681e-13       0.000000000000e+00       1.661322921346e-16       1.872460810666e-17      -1.598839212763e-18 
 2443       1.237807072982e-11       3.031673163047e-13      -3.579555448985e-13       0.000000000000e+00       1.658515944630e-16       1.888754365349e-17      -1.641970145781e-18 
 2444       1.233279346706e-11       3.037383606654e-13      -3.509760955504e-13       0.000000000000e+00       1.655714841717e-16       1.904874622940e-17      -1.684653975170e-18 
 2445       1.228732015498e-11       3.043563324878e-13      -3.441478554933e-13       0.000000000000e+00       1.652919598051e-16       1.920824807615e-17      -1.726856218053e-18 
 2446       1.224166161085e-11       3.050202494915e-13      -3.374715643576e-13       0.000000000000e+00       1.650130198969e-16       1.936608155243e-17      -1.768542281698e-18 
 2447       1.219582868811e-11       3.057291259034e-13      -3.309479632352e-13       0.000000000000e+00       1.647346629702e-16       1.952227913398e-17      -1.809677463405e-18 
 2448       1.214983227650e-11       3.064819724544e-13      -3.245777946812e-13       0.000000000000e+00       1.644568875370e-16       1.967687341375e-17      -1.850226950398e-18 
 2449       1.210368330202e-11       3.072777963756e-13      -3.183618027147e-13       0.000000000000e+00       1.641796920990e-16       1.982989710201e-17      -1.890155819710e-18 
 2450       1.205739272704e-11       3.081156013946e-13      -3.123007328202e-13       0.000000000000e+00       1.639030751468e-16       1.998138302644e-17      -1.929429038074e-18 
 2451       1.201097155026e-11       3.089943877321e-13      -3.063953319485e-13       0.000000000000e+00       1.636270351604e-16       2.013136413232e-17      -1.968011461811e-18 
 2452       1.196443080681e-11       3.099131520979e-13      -3.006463485181e-13       0.000000000000e+00       1.633515706090e-16       2.027987348259e-17      -2.005867836721e-18 
 2453       1.191778156827e-11       3.108708876874e-13      -2.950545324163e-13       0.000000000000e+00       1.630766799510e-16       2.042694425799e-17      -2.042962797968e-18 
 2454       1.187103494267e-11       3.118665841779e-13      -2.896206350002e-13       0.000000000000e+00       1.628023616338e-16       2.057260975721e-17      -2.079260869971e-18 
 2455       1.182420207460e-11       3.128992277250e-13      -2.843454090980e-13       0.000000000000e+00       1.625286140942e-16       2.071690339699e-17      -2.114726466292e-18 
 2456       1.177729414517e-11       3.139678009588e-13      -2.792296090102e-13       0.000000000000e+00       1.622554357582e-16       2.085985871225e-17      -2.149323889527e-18 
 2457       1.173032237211e-11       3.150712829804e-13      -2.742739905107e-13       0.000000000000e+00       1.619828250407e-16       2.100150935621e-17      -2.183017331191e-18 
 2458       1.168329800976e-11       3.162086493582e-13      -2.694793108479e-13       0.000000000000e+00       1.617107803458e-16       2.114188910052e-17      -2.215770871609e-18 
 2459       1.163623234913e-11       3.173788721241e-13      -2.648463287460e-13       0.000000000000e+00       1.614393000670e-16       2.128103183537e-17      -2.247548479806e-18 
 2460       1.158913671794e-11       3.185809197699e-13      -2.603758044061e-13       0.000000000000e+00       1.611683825865e-16       2.141897156964e-17      -2.278314013393e-18 
 2461       1.154202248066e-11       3.198137572440e-13      -2.560684995071e-13       0.000000000000e+00       1.608980262759e-16       2.155574243100e-17      -2.308031218458e-18 
 2462       1.149490103852e-11       3.210763459469e-13      -2.519251772074e-13       0.000000000000e+00       1.606282294957e-16       2.169137866603e-17      -2.336663729453e-18 
 2463       1.144778382958e-11       3.223676437285e-13      -2.479466021455e-13       0.000000000000e+00       1.603589905955e-16       2.182591464037e-17      -2.364175069084e-18 
 2464       1.140068232875e-11       3.236866048837e-13      -2.441335404417e-13       0.000000000000e+00       1.600903079140e-16       2.195938483881e-17      -2.390528648200e-18 
 2465       1.135360804783e-11       3.250321801491e-13      -2.404867596986e-13       0.000000000000e+00       1.598221797790e-16       2.209182386546e-17      -2.415687765680e-18 
 2466       1.130657253554e-11       3.264033166993e-13      -2.370070290031e-13       0.000000000000e+00       1.595546045071e-16       2.222326644382e-17      -2.439615608324e-18 
 2467       1.125958737759e-11       3.277989581433e-13      -2.336951189266e-13       0.000000000000e+00       1.592875804041e-16       2.235374741693e-17      -2.462275250740e-18 
 2468       1.121266419666e-11       3.292180445204e-13      -2.305518015270e-13       0.000000000000e+00       1.590211057648e-16       2.248330174750e-17      -2.483629655235e-18 
 2469       1.116581465250e-11       3.306595122973e-13      -2.275778503494e-13       0.000000000000e+00       1.587551788728e-16       2.261196451804e-17      -2.503641671701e-18 
 2470       1.111905044190e-11       3.321222943636e-13      -2.247740404273e-13       0.000000000000e+00       1.584897980010e-16       2.273977093093e-17      -2.522274037506e-18 
 2471       1.107238329881e-11       3.336053200288e-13      -2.221411482839e-13       0.000000000000e+00       1.582249614109e-16       2.286675630862e-17      -2.539489377380e-18 
 2472       1.102582499429e-11       3.351075150183e-13      -2.196799519333e-13       0.000000000000e+00       1.579606673531e-16       2.299295609371e-17      -2.555250203308e-18 
 2473       1.097938733661e-11       3.366278014698e-13      -2.173912308814e-13       0.000000000000e+00       1.576969140672e-16       2.311840584906e-17      -2.569518914416e-18 
 2474       1.093308217126e-11       3.381650979297e-13      -2.152757661272e-13       0.000000000000e+00       1.574336997817e-16       2.324314125795e-17      -2.582257796859e-18 
 2475       1.088692138100e-11       3.397183193494e-13      -2.133343401641e-13       0.000000000000e+00       1.571710227139e-16       2.336719812419e-17      -2.593429023711e-18 
 2476       1.084091688588e-11       3.412863770815e-13      -2.115677369807e-13       0.000000000000e+00       1.569088810700e-16       2.349061237223e-17      -2.602994654856e-18 
 2477       1.079507980863e-11       3.428682070666e-13      -2.099763326132e-13       0.000000000000e+00       1.566472731516e-16       2.361340801663e-17      -2.610936265493e-18 
 2478       1.074941796531e-11       3.444628545812e-13      -2.085588641538e-13       0.000000000000e+00       1.563861976752e-16       2.373556099247e-17      -2.617313958676e-18 
 2479       1.070393835990e-11       3.460693899833e-13      -2.073136534678e-13       0.000000000000e+00       1.561256534545e-16       2.385703511137e-17      -2.622207701399e-18 
 2480       1.065864801762e-11       3.476868805648e-13      -2.062390159747e-13       0.000000000000e+00       1.558656392942e-16       2.397779407262e-17      -2.625697727925e-18 
 2481       1.061355398496e-11       3.493143905479e-13      -2.053332606416e-13       0.000000000000e+00       1.556061539896e-16       2.409780146308e-17      -2.627864540059e-18 
 2482       1.056866332973e-11       3.509509810825e-13      -2.045946899765e-13       0.000000000000e+00       1.553471963273e-16       2.421702075710e-17      -2.628788907417e-18 
 2483       1.052398314104e-11       3.525957102429e-13      -2.040216000213e-13       0.000000000000e+00       1.550887650843e-16       2.433541531633e-17      -2.628551867706e-18 
 2484       1.047952052931e-11       3.542476330247e-13      -2.036122803447e-13       0.000000000000e+00       1.548308590288e-16       2.445294838970e-17      -2.627234726989e-18 
 2485       1.043528262636e-11       3.559058013414e-13      -2.033650140358e-13       0.000000000000e+00       1.545734769198e-16       2.456958311324e-17      -2.624919059962e-18 
 2486       1.039127658537e-11       3.575692640218e-13      -2.032780776972e-13       0.000000000000e+00       1.543166175069e-16       2.468528250999e-17      -2.621686710225e-18 
 2487       1.034750958089e-11       3.592370668066e-13      -2.033497414377e-13       0.000000000000e+00       1.540602795309e-16       2.480000948990e-17      -2.617619790554e-18 
 2488       1.030398880895e-11       3.609082523454e-13      -2.035782688661e-13       0.000000000000e+00       1.538044617230e-16       2.491372684973e-17      -2.612800683175e-18 
 2489       1.026072148695e-11       3.625818601932e-13      -2.039619170837e-13       0.000000000000e+00       1.535491628054e-16       2.502639727287e-17      -2.607312040036e-18 
 2490       1.021771485381e-11       3.642569268080e-13      -2.044989366779e-13       0.000000000000e+00       1.532943814913e-16       2.513798332931e-17      -2.601236783079e-18 
 2491       1.017497616991e-11       3.659324855471e-13      -2.051875717155e-13       0.000000000000e+00       1.530401164842e-16       2.524844747549e-17      -2.594658104512e-18 
 2492       1.013251271711e-11       3.676075666642e-13      -2.060260597352e-13       0.000000000000e+00       1.527863664788e-16       2.535775205420e-17      -2.587659467084e-18 
 2493       1.009033179883e-11       3.692811973061e-13      -2.070126317413e-13       0.000000000000e+00       1.525331301603e-16       2.546585929443e-17      -2.580324604354e-18 
 2494       1.004844074001e-11       3.709524015101e-13      -2.081455121968e-13       0.000000000000e+00       1.522804062047e-16       2.557273131133e-17      -2.572737520966e-18 
 2495       1.000684688718e-11       3.726202002004e-13      -2.094229190163e-13       0.000000000000e+00       1.520281932788e-16       2.567833010604e-17      -2.564982492923e-18 
 2496       9.965557608420e-12       3.742836111849e-13      -2.108430635593e-13       0.000000000000e+00       1.517764900401e-16       2.578261756558e-17      -2.557144067853e-18 
 2497       9.924580293455e-12       3.759416491527e-13      -2.124041506236e-13       0.000000000000e+00       1.515252951367e-16       2.588555546278e-17      -2.549307065290e-18 
 2498       9.883922353617e-12       3.775933256704e-13      -2.141043784379e-13       0.000000000000e+00       1.512746072076e-16       2.598710545614e-17      -2.541556576942e-18 
 2499       9.843591221893e-12       3.792376491791e-13      -2.159419386555e-13       0.000000000000e+00       1.510244248822e-16       2.608722908970e-17      -2.533977966961e-18 
 2500       9.803594352938e-12       3.808736249917e-13      -2.179150163471e-13       0.000000000000e+00       1.507747467808e-16       2.618588779299e-17      -2.526656872222e-18 
 2501       9.763939223100e-12       3.825002552891e-13      -2.200217899942e-13       0.000000000000e+00       1.505255715143e-16       2.628304288084e-17      -2.519679202589e-18 
 2502       9.724633330440e-12       3.841165391178e-13      -2.222604314819e-13       0.000000000000e+00       1.502768976843e-16       2.637865555332e-17      -2.513131141194e-18 
 2503       9.685684194749e-12       3.857214723861e-13      -2.246291060925e-13       0.000000000000e+00       1.500287238829e-16       2.647268689562e-17      -2.507099144704e-18 
 2504       9.647099357573e-12       3.873140478618e-13      -2.271259724985e-13       0.000000000000e+00       1.497810486930e-16       2.656509787793e-17      -2.501669943596e-18 
 2505       9.608886382234e-12       3.888932551682e-13      -2.297491827555e-13       0.000000000000e+00       1.495338706879e-16       2.665584935534e-17      -2.496930542428e-18 
 2506       9.571052853848e-12       3.904580807815e-13      -2.324968822956e-13       0.000000000000e+00       1.492871884318e-16       2.674490206770e-17      -2.492968220114e-18 
 2507       9.533606379348e-12       3.920075080279e-13      -2.353672099206e-13       0.000000000000e+00       1.490410004793e-16       2.683221663956e-17      -2.489870530196e-18 
 2508       9.496554587504e-12       3.935405170798e-13      -2.383582977951e-13       0.000000000000e+00       1.487953053755e-16       2.691775357999e-17      -2.487725301114e-18 
 2509       9.459905128947e-12       3.950560849532e-13      -2.414682714393e-13       0.000000000000e+00       1.485501016563e-16       2.700147328254e-17      -2.486620636480e-18 
 2510       9.423665676183e-12       3.965531855047e-13      -2.446952497229e-13       0.000000000000e+00       1.483053878481e-16       2.708333602507e-17      -2.486644915354e-18 
 2511       9.387843923621e-12       3.980307894278e-13      -2.480373448574e-13       0.000000000000e+00       1.480611624676e-16       2.716330196967e-17      -2.487886792509e-18 
 2512       9.352447587591e-12       3.994878642503e-13      -2.514926623902e-13       0.000000000000e+00       1.478174240225e-16       2.724133116254e-17      -2.490435198710e-18 
 2513       9.317484406364e-12       4.009233743312e-13      -2.550593011966e-13       0.000000000000e+00       1.475741710105e-16       2.731738353390e-17      -2.494379340986e-18 
 2514       9.282962140175e-12       4.023362808571e-13      -2.587353534741e-13       0.000000000000e+00       1.473314019202e-16       2.739141889782e-17      -2.499808702897e-18 
 2515       9.248888571241e-12       4.037255418397e-13      -2.625189047349e-13       0.000000000000e+00       1.470891152306e-16       2.746339695216e-17      -2.506813044813e-18 
 2516       9.215270231484e-12       4.050902165036e-13      -2.664078988933e-13       0.000000000000e+00       1.468473095626e-16       2.753328703895e-17      -2.515453616102e-18 
 2517       9.182108577552e-12       4.064297791220e-13      -2.703997326843e-13       0.000000000000e+00       1.466059841336e-16       2.760109748776e-17      -2.525676608089e-18 
 2518       9.149403793577e-12       4.077438070013e-13      -2.744916588707e-13       0.000000000000e+00       1.463651383060e-16       2.766684644287e-17      -2.537399197948e-18 
 2519       9.117156061453e-12       4.090318762547e-13      -2.786809209258e-13       0.000000000000e+00       1.461247714352e-16       2.773055211836e-17      -2.550538290772e-18 
 2520       9.085365560829e-12       4.102935618011e-13      -2.829647530235e-13       0.000000000000e+00       1.458848828701e-16       2.779223279816e-17      -2.565010519298e-18 
 2521       9.054032469110e-12       4.115284373636e-13      -2.873403800291e-13       0.000000000000e+00       1.456454719527e-16       2.785190683619e-17      -2.580732243633e-18 
 2522       9.023156961454e-12       4.127360754687e-13      -2.918050174899e-13       0.000000000000e+00       1.454065380186e-16       2.790959265633e-17      -2.597619550985e-18 
 2523       8.992739210763e-12       4.139160474451e-13      -2.963558716256e-13       0.000000000000e+00       1.451680803965e-16       2.796530875261e-17      -2.615588255387e-18 
 2524       8.962779387689e-12       4.150679234225e-13      -3.009901393193e-13       0.000000000000e+00       1.449300984086e-16       2.801907368918e-17      -2.634553897425e-18 
 2525       8.933277660621e-12       4.161912723305e-13      -3.057050081077e-13       0.000000000000e+00       1.446925913704e-16       2.807090610045e-17      -2.654431743963e-18 
 2526       8.904234195689e-12       4.172856618975e-13      -3.104976561718e-13       0.000000000000e+00       1.444555585904e-16       2.812082469113e-17      -2.675136787873e-18 
 2527       8.875649156759e-12       4.183506586494e-13      -3.153652523276e-13       0.000000000000e+00       1.442189993707e-16       2.816884823633e-17      -2.696583747762e-18 
 2528       8.847522705426e-12       4.193858279087e-13      -3.203049560168e-13       0.000000000000e+00       1.439829130064e-16       2.821499558160e-17      -2.718687067696e-18 
 2529       8.819855001017e-12       4.203907337933e-13      -3.253139172970e-13       0.000000000000e+00       1.437472987863e-16       2.825928564304e-17      -2.741360916929e-18 
 2530       8.792646200582e-12       4.213649392152e-13      -3.303892768326e-13       0.000000000000e+00       1.435121559919e-16       2.830173740733e-17      -2.764519189630e-18 
 2531       8.765896458897e-12       4.223080058796e-13      -3.355281658856e-13       0.000000000000e+00       1.432774838984e-16       2.834236993185e-17      -2.788075504610e-18 
 2532       8.739605928455e-12       4.232194942837e-13      -3.407277063055e-13       0.000000000000e+00       1.430432817739e-16       2.838120234473e-17      -2.811943205049e-18 
 2533       8.713774759464e-12       4.240989637154e-13      -3.459850105207e-13       0.000000000000e+00       1.428095488801e-16       2.841825384491e-17      -2.836035358222e-18 
 2534       8.688403099847e-12       4.249459722523e-13      -3.512971815285e-13       0.000000000000e+00       1.425762844715e-16       2.845354370224e-17      -2.860264755228e-18 
 2535       8.663491095237e-12       4.257600767606e-13      -3.566613128862e-13       0.000000000000e+00       1.423434877962e-16       2.848709125754e-17      -2.884543910715e-18 
 2536       8.639038888971e-12       4.265408328940e-13      -3.620744887012e-13       0.000000000000e+00       1.421111580952e-16       2.851891592267e-17      -2.908785062609e-18 
 2537       8.615046622092e-12       4.272877950924e-13      -3.675337836218e-13       0.000000000000e+00       1.418792946029e-16       2.854903718062e-17      -2.932900171839e-18 
 2538       8.591514433342e-12       4.280005165809e-13      -3.730362628281e-13       0.000000000000e+00       1.416478965468e-16       2.857747458555e-17      -2.956800922064e-18 
 2539       8.568442459160e-12       4.286785493686e-13      -3.785789820220e-13       0.000000000000e+00       1.414169631476e-16       2.860424776290e-17      -2.980398719403e-18 
 2540       8.545830833677e-12       4.293214442474e-13      -3.841589874183e-13       0.000000000000e+00       1.411864936192e-16       2.862937640945e-17      -3.003604692160e-18 
 2541       8.523679688719e-12       4.299287507912e-13      -3.897733157353e-13       0.000000000000e+00       1.409564871686e-16       2.865288029338e-17      -3.026329690548e-18 
 2542       8.501989153794e-12       4.305000173543e-13      -3.954189941848e-13       0.000000000000e+00       1.407269429960e-16       2.867477925438e-17      -3.048484286423e-18 
 2543       8.480759356099e-12       4.310347910706e-13      -4.010930404634e-13       0.000000000000e+00       1.404978602948e-16       2.869509320365e-17      -3.069978773003e-18 
 2544       8.459990420508e-12       4.315326178522e-13      -4.067924627427e-13       0.000000000000e+00       1.402692382513e-16       2.871384212408e-17      -3.090723164604e-18 
 2545       8.439682469575e-12       4.319930423887e-13      -4.125142596603e-13       0.000000000000e+00       1.400410760453e-16       2.873104607022e-17      -3.110627196357e-18 
 2546       8.419835623527e-12       4.324156081456e-13      -4.182554203096e-13       0.000000000000e+00       1.398133728493e-16       2.874672516841e-17      -3.129600323943e-18 
 2547       8.400450000265e-12       4.327998573633e-13      -4.240129242314e-13       0.000000000000e+00       1.395861278294e-16       2.876089961686e-17      -3.147551723316e-18 
 2548       8.381525715355e-12       4.331453310562e-13      -4.297837414037e-13       0.000000000000e+00       1.393593401443e-16       2.877358968568e-17      -3.164390290433e-18 
 2549       8.363062882030e-12       4.334515690112e-13      -4.355648322328e-13       0.000000000000e+00       1.391330089461e-16       2.878481571700e-17      -3.180024640976e-18 
 2550       8.345061611184e-12       4.337181097869e-13      -4.413531475435e-13       0.000000000000e+00       1.389071333800e-16       2.879459812500e-17      -3.194363110085e-18 
 2551       8.327522011370e-12       4.339444907123e-13      -4.471456285702e-13       0.000000000000e+00       1.386817125841e-16       2.880295739601e-17      -3.207313752081e-18 
 2552       8.310444188796e-12       4.341302478855e-13      -4.529392069468e-13       0.000000000000e+00       1.384567456897e-16       2.880991408860e-17      -3.218784340193e-18 
 2553       8.293828247321e-12       4.342749161731e-13      -4.587308046982e-13       0.000000000000e+00       1.382322318212e-16       2.881548883360e-17      -3.228682366288e-18 
 2554       8.277674288456e-12       4.343780292084e-13      -4.645173342298e-13       0.000000000000e+00       1.380081700959e-16       2.881970233422e-17      -3.236915040597e-18 
 2555       8.261981467949e-12       4.344392317907e-13      -4.702958554604e-13       0.000000000000e+00       1.377845595731e-16       2.882257658214e-17      -3.243411572338e-18 
 2556       8.246745159655e-12       4.344586177882e-13      -4.760640482190e-13       0.000000000000e+00       1.375613991009e-16       2.882413851326e-17      -3.248190151683e-18 
 2557       8.231959775410e-12       4.344363941692e-13      -4.818197425363e-13       0.000000000000e+00       1.373386874681e-16       2.882441637302e-17      -3.251291351131e-18 
 2558       8.217619706935e-12       4.343727687790e-13      -4.875607617425e-13       0.000000000000e+00       1.371164234559e-16       2.882343850243e-17      -3.252755879611e-18 
 2559       8.203719325822e-12       4.342679503409e-13      -4.932849224611e-13       0.000000000000e+00       1.368946058373e-16       2.882123333811e-17      -3.252624582620e-18 
 2560       8.190252983509e-12       4.341221484570e-13      -4.989900346023e-13       0.000000000000e+00       1.366732333775e-16       2.881782941241e-17      -3.250938442354e-18 
 2561       8.177215011262e-12       4.339355736093e-13      -5.046739013563e-13       0.000000000000e+00       1.364523048337e-16       2.881325535349e-17      -3.247738577848e-18 
 2562       8.164599720150e-12       4.337084371604e-13      -5.103343191871e-13       0.000000000000e+00       1.362318189550e-16       2.880753988544e-17      -3.243066245111e-18 
 2563       8.152401401031e-12       4.334409513545e-13      -5.159690778257e-13       0.000000000000e+00       1.360117744827e-16       2.880071182837e-17      -3.236962837265e-18 
 2564       8.140614324528e-12       4.331333293187e-13      -5.215759602637e-13       0.000000000000e+00       1.357921701499e-16       2.879280009848e-17      -3.229469884677e-18 
 2565       8.129232741007e-12       4.327857850632e-13      -5.271527427470e-13       0.000000000000e+00       1.355730046820e-16       2.878383370819e-17      -3.220629055099e-18 
 2566       8.118250880559e-12       4.323985334831e-13      -5.326971947688e-13       0.000000000000e+00       1.353542767960e-16       2.877384176621e-17      -3.210482153805e-18 
 2567       8.107662952980e-12       4.319717903584e-13      -5.382070790636e-13       0.000000000000e+00       1.351359852011e-16       2.876285347765e-17      -3.199071123723e-18 
 2568       8.097463147746e-12       4.315057723559e-13      -5.436801516002e-13       0.000000000000e+00       1.349181285985e-16       2.875089814411e-17      -3.186438045576e-18 
 2569       8.087645633998e-12       4.310006970293e-13      -5.491141615757e-13       0.000000000000e+00       1.347007056811e-16       2.873800516379e-17      -3.172625138017e-18 
 2570       8.078204560519e-12       4.304567828205e-13      -5.545068514086e-13       0.000000000000e+00       1.344837151341e-16       2.872420403154e-17      -3.157674757762e-18 
 2571       8.069134055712e-12       4.298742490608e-13      -5.598559567324e-13       0.000000000000e+00       1.342671556344e-16       2.870952433902e-17      -3.141629399734e-18 
 2572       8.060428227583e-12       4.292533159712e-13      -5.651592063890e-13       0.000000000000e+00       1.340510258509e-16       2.869399577476e-17      -3.124531697192e-18 
 2573       8.052081163716e-12       4.285942046639e-13      -5.704143224225e-13       0.000000000000e+00       1.338353244443e-16       2.867764812424e-17      -3.106424421871e-18 
 2574       8.044086931257e-12       4.278971371429e-13      -5.756190200724e-13       0.000000000000e+00       1.336200500674e-16       2.866051127002e-17      -3.087350484118e-18 
 2575       8.036439576890e-12       4.271623363050e-13      -5.807710077669e-13       0.000000000000e+00       1.334052013649e-16       2.864261519183e-17      -3.067352933029e-18 
 2576       8.029133126818e-12       4.263900259408e-13      -5.858679871170e-13       0.000000000000e+00       1.331907769731e-16       2.862398996664e-17      -3.046474956582e-18 
 2577       8.022161586744e-12       4.255804307358e-13      -5.909076529094e-13       0.000000000000e+00       1.329767755204e-16       2.860466576878e-17      -3.024759881779e-18 
 2578       8.015518941846e-12       4.247337762708e-13      -5.958876931003e-13       0.000000000000e+00       1.327631956272e-16       2.858467287003e-17      -3.002251174779e-18 
 2579       8.009199156762e-12       4.238502890235e-13      -6.008057888087e-13       0.000000000000e+00       1.325500359054e-16       2.856404163971e-17      -2.978992441033e-18 
 2580       8.003196175564e-12       4.229301963687e-13      -6.056596143100e-13       0.000000000000e+00       1.323372949592e-16       2.854280254478e-17      -2.955027425426e-18 
 2581       7.997503921743e-12       4.219737265799e-13      -6.104468370296e-13       0.000000000000e+00       1.321249713842e-16       2.852098614994e-17      -2.930400012406e-18 
 2582       7.992116298183e-12       4.209811088300e-13      -6.151651175360e-13       0.000000000000e+00       1.319130637681e-16       2.849862311771e-17      -2.905154226126e-18 
 2583       7.987027187145e-12       4.199525731920e-13      -6.198121095349e-13       0.000000000000e+00       1.317015706903e-16       2.847574420855e-17      -2.879334230580e-18 
 2584       7.982230450243e-12       4.188883506402e-13      -6.243854598619e-13       0.000000000000e+00       1.314904907221e-16       2.845238028094e-17      -2.852984329735e-18 
 2585       7.977719928427e-12       4.177886730512e-13      -6.288828084766e-13       0.000000000000e+00       1.312798224266e-16       2.842856229147e-17      -2.826148967674e-18 
 2586       7.973489441959e-12       4.166537732043e-13      -6.333017884561e-13       0.000000000000e+00       1.310695643587e-16       2.840432129494e-17      -2.798872728726e-18 
 2587       7.969532790394e-12       4.154838847833e-13      -6.376400259879e-13       0.000000000000e+00       1.308597150649e-16       2.837968844448e-17      -2.771200337607e-18 
 2588       7.965843752560e-12       4.142792423767e-13      -6.418951403640e-13       0.000000000000e+00       1.306502730837e-16       2.835469499161e-17      -2.743176659555e-18 
 2589       7.962416086537e-12       4.130400814787e-13      -6.460647439740e-13       0.000000000000e+00       1.304412369454e-16       2.832937228635e-17      -2.714846700466e-18 
 2590       7.959243529636e-12       4.117666384906e-13      -6.501464422990e-13       0.000000000000e+00       1.302326051718e-16       2.830375177732e-17      -2.686255607030e-18 
 2591       7.956319798379e-12       4.104591507214e-13      -6.541378339045e-13       0.000000000000e+00       1.300243762766e-16       2.827786501184e-17      -2.657448666869e-18 
 2592       7.953638588479e-12       4.091178563887e-13      -6.580365104344e-13       0.000000000000e+00       1.298165487653e-16       2.825174363600e-17      -2.628471308672e-18 
 2593       7.951193574816e-12       4.077429946197e-13      -6.618400566042e-13       0.000000000000e+00       1.296091211351e-16       2.822541939478e-17      -2.599369102332e-18 
 2594       7.948978251060e-12       4.063348663359e-13      -6.655463640369e-13       0.000000000000e+00       1.294020920312e-16       2.819891937571e-17      -2.570184492679e-18 
 2595       7.946985447563e-12       4.048940172810e-13      -6.691545747192e-13       0.000000000000e+00       1.291954607174e-16       2.817225171026e-17      -2.540946980246e-18 
 2596       7.945207810704e-12       4.034210560283e-13      -6.726641428581e-13       0.000000000000e+00       1.289892266081e-16       2.814541979189e-17      -2.511682885347e-18 
 2597       7.943637962976e-12       4.019165931921e-13      -6.760745215215e-13       0.000000000000e+00       1.287833891123e-16       2.811842702524e-17      -2.482418609518e-18 
 2598       7.942268502966e-12       4.003812414307e-13      -6.793851626373e-13       0.000000000000e+00       1.285779476339e-16       2.809127682604e-17      -2.453180635602e-18 
 2599       7.941092005328e-12       3.988156154474e-13      -6.825955169924e-13       0.000000000000e+00       1.283729015709e-16       2.806397262122e-17      -2.423995527822e-18 
 2600       7.940101020765e-12       3.972203319934e-13      -6.857050342318e-13       0.000000000000e+00       1.281682503163e-16       2.803651784885e-17      -2.394889931862e-18 
 2601       7.939288076002e-12       3.955960098693e-13      -6.887131628579e-13       0.000000000000e+00       1.279639932573e-16       2.800891595817e-17      -2.365890574945e-18 
 2602       7.938645673762e-12       3.939432699272e-13      -6.916193502291e-13       0.000000000000e+00       1.277601297759e-16       2.798117040964e-17      -2.337024265912e-18 
 2603       7.938166292745e-12       3.922627350727e-13      -6.944230425594e-13       0.000000000000e+00       1.275566592485e-16       2.795328467488e-17      -2.308317895298e-18 
 2604       7.937842387604e-12       3.905550302672e-13      -6.971236849169e-13       0.000000000000e+00       1.273535810462e-16       2.792526223676e-17      -2.279798435409e-18 
 2605       7.937666388920e-12       3.888207825294e-13      -6.997207212237e-13       0.000000000000e+00       1.271508945345e-16       2.789710658933e-17      -2.251492940407e-18 
 2606       7.937630703179e-12       3.870606209379e-13      -7.022135942541e-13       0.000000000000e+00       1.269485990735e-16       2.786882123789e-17      -2.223428546381e-18 
 2607       7.937727712752e-12       3.852751766327e-13      -7.046017456343e-13       0.000000000000e+00       1.267466940178e-16       2.784040969900e-17      -2.195632471427e-18 
 2608       7.937949775867e-12       3.834650828177e-13      -7.068846158412e-13       0.000000000000e+00       1.265451787165e-16       2.781187550044e-17      -2.168132015729e-18 
 2609       7.938289226588e-12       3.816309747621e-13      -7.090616442016e-13       0.000000000000e+00       1.263440525132e-16       2.778322218127e-17      -2.140954561634e-18 
 2610       7.938738374790e-12       3.797734898032e-13      -7.111322688911e-13       0.000000000000e+00       1.261433147461e-16       2.775445329182e-17      -2.114127573733e-18 
 2611       7.939289506140e-12       3.778932673477e-13      -7.130959269334e-13       0.000000000000e+00       1.259429647477e-16       2.772557239372e-17      -2.087678598936e-18 
 2612       7.939934882066e-12       3.759909488740e-13      -7.149520541992e-13       0.000000000000e+00       1.257430018453e-16       2.769658305988e-17      -2.061635266553e-18 
 2613       7.940666739741e-12       3.740671779345e-13      -7.167000854056e-13       0.000000000000e+00       1.255434253604e-16       2.766748887451e-17      -2.036025288371e-18 
 2614       7.941477292057e-12       3.721226001572e-13      -7.183394541146e-13       0.000000000000e+00       1.253442346091e-16       2.763829343318e-17      -2.010876458731e-18 
 2615       7.942358727598e-12       3.701578632476e-13      -7.198695927328e-13       0.000000000000e+00       1.251454289019e-16       2.760900034273e-17      -1.986216654608e-18 
 2616       7.943303210624e-12       3.681736169915e-13      -7.212899325101e-13       0.000000000000e+00       1.249470075439e-16       2.757961322138e-17      -1.962073835691e-18 
 2617       7.944302881040e-12       3.661705132561e-13      -7.225999035390e-13       0.000000000000e+00       1.247489698344e-16       2.755013569870e-17      -1.938476044456e-18 
 2618       7.945349854377e-12       3.641492059926e-13      -7.237989347533e-13       0.000000000000e+00       1.245513150675e-16       2.752057141561e-17      -1.915451406247e-18 
 2619       7.946436221768e-12       3.621103512379e-13      -7.248864539276e-13       0.000000000000e+00       1.243540425315e-16       2.749092402440e-17      -1.893028129358e-18 
 2620       7.947554049925e-12       3.600546071168e-13      -7.258618876764e-13       0.000000000000e+00       1.241571515091e-16       2.746119718875e-17      -1.871234505102e-18 
 2621       7.948695381114e-12       3.579826338442e-13      -7.267246614529e-13       0.000000000000e+00       1.239606412776e-16       2.743139458374e-17      -1.850098907899e-18 
 2622       7.949852233132e-12       3.558950937265e-13      -7.274741995479e-13       0.000000000000e+00       1.237645111087e-16       2.740151989584e-17      -1.829649795349e-18 
 2623       7.951016599284e-12       3.537926511642e-13      -7.281099250897e-13       0.000000000000e+00       1.235687602684e-16       2.737157682295e-17      -1.809915708309e-18 
 2624       7.952180448362e-12       3.516759726538e-13      -7.286312600421e-13       0.000000000000e+00       1.233733880172e-16       2.734156907440e-17      -1.790925270976e-18 
 2625       7.953335724616e-12       3.495457267895e-13      -7.290376252045e-13       0.000000000000e+00       1.231783936099e-16       2.731150037094e-17      -1.772707190961e-18 
 2626       7.954474347735e-12       3.474025842657e-13      -7.293284402103e-13       0.000000000000e+00       1.229837762959e-16       2.728137444478e-17      -1.755290259369e-18 
 2627       7.955588212825e-12       3.452472178786e-13      -7.295031235261e-13       0.000000000000e+00       1.227895353189e-16       2.725119503960e-17      -1.738703350877e-18 
 2628       7.956669190379e-12       3.430803025284e-13      -7.295610924511e-13       0.000000000000e+00       1.225956699167e-16       2.722096591053e-17      -1.722975423812e-18 
 2629       7.957709126261e-12       3.409025152214e-13      -7.295017631157e-13       0.000000000000e+00       1.224021793220e-16       2.719069082420e-17      -1.708135520230e-18 
 2630       7.958699841678e-12       3.387145350718e-13      -7.293245504811e-13       0.000000000000e+00       1.222090627614e-16       2.716037355872e-17      -1.694212765992e-18 
 2631       7.959633133158e-12       3.365170433040e-13      -7.290288683379e-13       0.000000000000e+00       1.220163194562e-16       2.713001790371e-17      -1.681236370845e-18 
 2632       7.960500772526e-12       3.343107232543e-13      -7.286141293055e-13       0.000000000000e+00       1.218239486219e-16       2.709962766030e-17      -1.669235628498e-18 
 2633       7.961295068264e-12       3.320962481031e-13      -7.280800216145e-13       0.000000000000e+00       1.216319494851e-16       2.706920456882e-17      -1.658223459208e-18 
 2634       7.962010553037e-12       3.298742439925e-13      -7.274273411385e-13       0.000000000000e+00       1.214403213340e-16       2.703874207924e-17      -1.648146937366e-18 
 2635       7.962642305506e-12       3.276453267075e-13      -7.266571639878e-13       0.000000000000e+00       1.212490634685e-16       2.700823154610e-17      -1.638936488918e-18 
 2636       7.963185389783e-12       3.254101139294e-13      -7.257705701503e-13       0.000000000000e+00       1.210581751827e-16       2.697766429768e-17      -1.630522323664e-18 
 2637       7.963634855419e-12       3.231692252371e-13      -7.247686434955e-13       0.000000000000e+00       1.208676557656e-16       2.694703163594e-17      -1.622834435053e-18 
 2638       7.963985737387e-12       3.209232821096e-13      -7.236524717778e-13       0.000000000000e+00       1.206775045008e-16       2.691632483655e-17      -1.615802599973e-18 
 2639       7.964233056072e-12       3.186729079272e-13      -7.224231466410e-13       0.000000000000e+00       1.204877206664e-16       2.688553514880e-17      -1.609356378549e-18 
 2640       7.964371817257e-12       3.164187279739e-13      -7.210817636218e-13       0.000000000000e+00       1.202983035353e-16       2.685465379564e-17      -1.603425113932e-18 
 2641       7.964397012106e-12       3.141613694384e-13      -7.196294221539e-13       0.000000000000e+00       1.201092523749e-16       2.682367197360e-17      -1.597937932096e-18 
 2642       7.964303617154e-12       3.119014614168e-13      -7.180672255715e-13       0.000000000000e+00       1.199205664472e-16       2.679258085281e-17      -1.592823741630e-18 
 2643       7.964086594292e-12       3.096396349136e-13      -7.163962811137e-13       0.000000000000e+00       1.197322450087e-16       2.676137157694e-17      -1.588011233532e-18 
 2644       7.963740890753e-12       3.073765228443e-13      -7.146176999279e-13       0.000000000000e+00       1.195442873106e-16       2.673003526319e-17      -1.583428880999e-18 
 2645       7.963261439098e-12       3.051127600363e-13      -7.127325970739e-13       0.000000000000e+00       1.193566925987e-16       2.669856300227e-17      -1.579004939227e-18 
 2646       7.962643157202e-12       3.028489832316e-13      -7.107420915278e-13       0.000000000000e+00       1.191694601133e-16       2.666694585836e-17      -1.574667445199e-18 
 2647       7.961880948245e-12       3.005858310880e-13      -7.086473061855e-13       0.000000000000e+00       1.189825890894e-16       2.663517486910e-17      -1.570344217480e-18 
 2648       7.960969700690e-12       2.983239441811e-13      -7.064493678673e-13       0.000000000000e+00       1.187960787563e-16       2.660324104557e-17      -1.565962856012e-18 
 2649       7.959904288276e-12       2.960639650061e-13      -7.041494073211e-13       0.000000000000e+00       1.186099283381e-16       2.657113537224e-17      -1.561450741904e-18 
 2650       7.958679570003e-12       2.938065379796e-13      -7.017485592264e-13       0.000000000000e+00       1.184241370534e-16       2.653884880696e-17      -1.556735037230e-18 
 2651       7.957290390115e-12       2.915523094416e-13      -6.992479621984e-13       0.000000000000e+00       1.182387041152e-16       2.650637228094e-17      -1.551742684818e-18 
 2652       7.955731578091e-12       2.893019276568e-13      -6.966487587917e-13       0.000000000000e+00       1.180536287313e-16       2.647369669872e-17      -1.546400408047e-18 
 2653       7.953997948629e-12       2.870560428169e-13      -6.939520955044e-13       0.000000000000e+00       1.178689101037e-16       2.644081293813e-17      -1.540634710637e-18 
 2654       7.952084301630e-12       2.848153070422e-13      -6.911591227814e-13       0.000000000000e+00       1.176845474291e-16       2.640771185031e-17      -1.534371876446e-18 
 2655       7.949985422190e-12       2.825803743836e-13      -6.882709950191e-13       0.000000000000e+00       1.175005398989e-16       2.637438425962e-17      -1.527537969262e-18 
 2656       7.947696080582e-12       2.803519008238e-13      -6.852888705683e-13       0.000000000000e+00       1.173168866986e-16       2.634082096366e-17      -1.520058832595e-18 
 2657       7.945211032242e-12       2.781305442799e-13      -6.822139117391e-13       0.000000000000e+00       1.171335870085e-16       2.630701273326e-17      -1.511860089471e-18 
 2658       7.942525017758e-12       2.759169646049e-13      -6.790472848038e-13       0.000000000000e+00       1.169506400034e-16       2.627295031239e-17      -1.502867142228e-18 
 2659       7.939632762854e-12       2.737118235891e-13      -6.757901600017e-13       0.000000000000e+00       1.167680448523e-16       2.623862441821e-17      -1.493005172308e-18 
 2660       7.936528978380e-12       2.715157849625e-13      -6.724437115421e-13       0.000000000000e+00       1.165858007191e-16       2.620402574098e-17      -1.482199140046e-18 
 2661       7.933208360294e-12       2.693295143963e-13      -6.690091176087e-13       0.000000000000e+00       1.164039067620e-16       2.616914494409e-17      -1.470373784473e-18 
 2662       7.929665589648e-12       2.671536795048e-13      -6.654875603634e-13       0.000000000000e+00       1.162223621334e-16       2.613397266399e-17      -1.457453623099e-18 
 2663       7.925895332579e-12       2.649889498471e-13      -6.618802259500e-13       0.000000000000e+00       1.160411659806e-16       2.609849951019e-17      -1.443362951714e-18 
 2664       7.921892240293e-12       2.628359969291e-13      -6.581883044983e-13       0.000000000000e+00       1.158603174452e-16       2.606271606524e-17      -1.428025844178e-18 
 2665       7.917650949049e-12       2.606954942049e-13      -6.544129901278e-13       0.000000000000e+00       1.156798156631e-16       2.602661288469e-17      -1.411366152215e-18 
 2666       7.913166080149e-12       2.585681170792e-13      -6.505554809514e-13       0.000000000000e+00       1.154996597648e-16       2.599018049706e-17      -1.393307505207e-18 
 2667       7.908432239921e-12       2.564545429087e-13      -6.466169790799e-13       0.000000000000e+00       1.153198488752e-16       2.595340940383e-17      -1.373773309987e-18 
 2668       7.903444019708e-12       2.543554510037e-13      -6.425986906251e-13       0.000000000000e+00       1.151403821137e-16       2.591629007942e-17      -1.352686750633e-18 
 2669       7.898195995853e-12       2.522715226307e-13      -6.385018257041e-13       0.000000000000e+00       1.149612585941e-16       2.587881297115e-17      -1.329970788260e-18 
 2670       7.892682729687e-12       2.502034410133e-13      -6.343275984432e-13       0.000000000000e+00       1.147824774245e-16       2.584096849920e-17      -1.305548160814e-18 
 2671       7.886898767512e-12       2.481518913345e-13      -6.300772269816e-13       0.000000000000e+00       1.146040377075e-16       2.580274705665e-17      -1.279341382868e-18 
 2672       7.880839504188e-12       2.461174958215e-13      -6.257520362265e-13       0.000000000000e+00       1.144259385544e-16       2.576413367154e-17      -1.251301996209e-18 
 2673       7.874503779094e-12       2.441006186072e-13      -6.213537667256e-13       0.000000000000e+00       1.142481791278e-16       2.572509196157e-17      -1.221498497186e-18 
 2674       7.867891294363e-12       2.421015598030e-13      -6.168842674955e-13       0.000000000000e+00       1.140707585991e-16       2.568558009143e-17      -1.190028890845e-18 
 2675       7.861001752585e-12       2.401206203189e-13      -6.123453934290e-13       0.000000000000e+00       1.138936761344e-16       2.564555610257e-17      -1.156991484183e-18 
 2676       7.853834856799e-12       2.381581018645e-13      -6.077390053016e-13       0.000000000000e+00       1.137169308945e-16       2.560497791305e-17      -1.122484886432e-18 
 2677       7.846390310501e-12       2.362143069496e-13      -6.030669697764e-13       0.000000000000e+00       1.135405220347e-16       2.556380331746e-17      -1.086608009346e-18 
 2678       7.838667817640e-12       2.342895388850e-13      -5.983311594100e-13       0.000000000000e+00       1.133644487049e-16       2.552198998679e-17      -1.049460067479e-18 
 2679       7.830667082621e-12       2.323841017833e-13      -5.935334526583e-13       0.000000000000e+00       1.131887100499e-16       2.547949546828e-17      -1.011140578479e-18 
 2680       7.822387810307e-12       2.304983005592e-13      -5.886757338816e-13       0.000000000000e+00       1.130133052089e-16       2.543627718538e-17      -9.717493633672e-19 
 2681       7.813829706015e-12       2.286324409308e-13      -5.837598933505e-13       0.000000000000e+00       1.128382333155e-16       2.539229243756e-17      -9.313865468235e-19 
 2682       7.804992475524e-12       2.267868294198e-13      -5.787878272517e-13       0.000000000000e+00       1.126634934984e-16       2.534749840024e-17      -8.901525574729e-19 
 2683       7.795875825068e-12       2.249617733527e-13      -5.737614376931e-13       0.000000000000e+00       1.124890848806e-16       2.530185212466e-17      -8.481481281695e-19 
 2684       7.786479461345e-12       2.231575808609e-13      -5.686826327097e-13       0.000000000000e+00       1.123150065796e-16       2.525531053779e-17      -8.054742962817e-19 
 2685       7.776803091509e-12       2.213745608820e-13      -5.635533262692e-13       0.000000000000e+00       1.121412577077e-16       2.520783044216e-17      -7.622324039768e-19 
 2686       7.766846423180e-12       2.196130231602e-13      -5.583754382774e-13       0.000000000000e+00       1.119678373717e-16       2.515936851581e-17      -7.185240985060e-19 
 2687       7.756609164437e-12       2.178732782472e-13      -5.531508945842e-13       0.000000000000e+00       1.117947446728e-16       2.510988131212e-17      -6.744513324896e-19 
 2688       7.746091023823e-12       2.161556375025e-13      -5.478816269887e-13       0.000000000000e+00       1.116219787072e-16       2.505932525974e-17      -6.301163642015e-19 
 2689       7.735291710345e-12       2.144604130948e-13      -5.425695732451e-13       0.000000000000e+00       1.114495385651e-16       2.500765666245e-17      -5.856217578541e-19 
 2690       7.724210933476e-12       2.127879180021e-13      -5.372166770682e-13       0.000000000000e+00       1.112774233318e-16       2.495483169904e-17      -5.410703838835e-19 
 2691       7.712848403152e-12       2.111384660127e-13      -5.318248881392e-13       0.000000000000e+00       1.111056320866e-16       2.490080642323e-17      -4.965654192343e-19 
 2692       7.701203829778e-12       2.095123717259e-13      -5.263961621108e-13       0.000000000000e+00       1.109341639039e-16       2.484553676350e-17      -4.522103476443e-19 
 2693       7.689276924225e-12       2.079099505525e-13      -5.209324606133e-13       0.000000000000e+00       1.107630178522e-16       2.478897852304e-17      -4.081089599296e-19 
 2694       7.677067397833e-12       2.063315187159e-13      -5.154357512601e-13       0.000000000000e+00       1.105921929948e-16       2.473108737959e-17      -3.643653542693e-19 
 2695       7.664574962408e-12       2.047773932524e-13      -5.099080076530e-13       0.000000000000e+00       1.104216883892e-16       2.467181888532e-17      -3.210839364908e-19 
 2696       7.651799330230e-12       2.032478920124e-13      -5.043512093882e-13       0.000000000000e+00       1.102515030879e-16       2.461112846675e-17      -2.783694203541e-19 
 2697       7.638740214047e-12       2.017433336606e-13      -4.987673420614e-13       0.000000000000e+00       1.100816361375e-16       2.454897142463e-17      -2.363268278373e-19 
 2698       7.625397327079e-12       2.002640376770e-13      -4.931583972739e-13       0.000000000000e+00       1.099120865793e-16       2.448530293379e-17      -1.950614894210e-19 
 2699       7.611770383017e-12       1.988103243575e-13      -4.875263726382e-13       0.000000000000e+00       1.097428534489e-16       2.442007804307e-17      -1.546790443735e-19 
 2700       7.597859096028e-12       1.973825148148e-13      -4.818732717829e-13       0.000000000000e+00       1.095739357768e-16       2.435325167516e-17      -1.152854410356e-19 
 2701       7.583663180751e-12       1.959809309788e-13      -4.762011043591e-13       0.000000000000e+00       1.094053325875e-16       2.428477862654e-17      -7.698693710556e-20 
 2702       7.569182352299e-12       1.946058955977e-13      -4.705118860456e-13       0.000000000000e+00       1.092370429002e-16       2.421461356731e-17      -3.989009992383e-20 
 2703       7.554416326263e-12       1.932577322384e-13      -4.648076385546e-13       0.000000000000e+00       1.090690657288e-16       2.414271104112e-17      -4.101806758132e-21 
 2704       7.539364818707e-12       1.919367652874e-13      -4.590903896372e-13       0.000000000000e+00       1.089014000812e-16       2.406902546502e-17       3.027075491172e-20 
 2705       7.524027546176e-12       1.906433199513e-13      -4.533621730892e-13       0.000000000000e+00       1.087340449602e-16       2.399351112937e-17       6.312008710894e-20 
 2706       7.508404225691e-12       1.893777222578e-13      -4.476250287563e-13       0.000000000000e+00       1.085669993628e-16       2.391612219772e-17       9.433838107485e-20 
 2707       7.492494574751e-12       1.881402990561e-13      -4.418810025403e-13       0.000000000000e+00       1.084002622805e-16       2.383681270668e-17       1.238175169840e-19 
 2708       7.476298311337e-12       1.869313780181e-13      -4.361321464040e-13       0.000000000000e+00       1.082338326992e-16       2.375553656583e-17       1.514490636591e-19 
 2709       7.459815153909e-12       1.857512876384e-13      -4.303805183774e-13       0.000000000000e+00       1.080677095993e-16       2.367224755758e-17       1.771242782867e-19 
 2710       7.443044821409e-12       1.846003572356e-13      -4.246281825630e-13       0.000000000000e+00       1.079018919558e-16       2.358689933708e-17       2.007341061313e-19 
 2711       7.425987689689e-12       1.834788430069e-13      -4.188771163424e-13       0.000000000000e+00       1.077363788662e-16       2.349945911953e-17       2.222030558107e-19 
 2712       7.408646764667e-12       1.823867057540e-13      -4.131289314379e-13       0.000000000000e+00       1.075711699371e-16       2.340994882314e-17       2.415910256177e-19 
 2713       7.391025719830e-12       1.813238319577e-13      -4.073851513555e-13       0.000000000000e+00       1.074062648999e-16       2.331840414823e-17       2.589920266830e-19 
 2714       7.373128240790e-12       1.802901076148e-13      -4.016473040507e-13       0.000000000000e+00       1.072416634828e-16       2.322486090999e-17       2.745003576392e-19 
 2715       7.354958025291e-12       1.792854182370e-13      -3.959169219332e-13       0.000000000000e+00       1.070773654104e-16       2.312935503871e-17       2.882106048882e-19 
 2716       7.336518783221e-12       1.783096488509e-13      -3.901955418702e-13       0.000000000000e+00       1.069133704044e-16       2.303192257976e-17       3.002176428697e-19 
 2717       7.317814236627e-12       1.773626839975e-13      -3.844847051911e-13       0.000000000000e+00       1.067496781829e-16       2.293259969382e-17       3.106166343287e-19 
 2718       7.298848119724e-12       1.764444077312e-13      -3.787859576913e-13       0.000000000000e+00       1.065862884606e-16       2.283142265690e-17       3.195030305842e-19 
 2719       7.279624178907e-12       1.755547036199e-13      -3.731008496365e-13       0.000000000000e+00       1.064232009491e-16       2.272842786049e-17       3.269725717966e-19 
 2720       7.260146172760e-12       1.746934547440e-13      -3.674309357664e-13       0.000000000000e+00       1.062604153565e-16       2.262365181166e-17       3.331212872359e-19 
 2721       7.240417872074e-12       1.738605436966e-13      -3.617777752992e-13       0.000000000000e+00       1.060979313876e-16       2.251713113316e-17       3.380454955496e-19 
 2722       7.220443059852e-12       1.730558525821e-13      -3.561429319353e-13       0.000000000000e+00       1.059357487439e-16       2.240890256355e-17       3.418418050313e-19 
 2723       7.200225531324e-12       1.722792630164e-13      -3.505279738618e-13       0.000000000000e+00       1.057738671234e-16       2.229900295729e-17       3.446071138876e-19 
 2724       7.179769093957e-12       1.715306561263e-13      -3.449344737562e-13       0.000000000000e+00       1.056122862208e-16       2.218746928485e-17       3.464386105072e-19 
 2725       7.159077567467e-12       1.708099125485e-13      -3.393640087906e-13       0.000000000000e+00       1.054510057276e-16       2.207433863284e-17       3.474337737282e-19 
 2726       7.138154783833e-12       1.701169124301e-13      -3.338181606360e-13       0.000000000000e+00       1.052900253318e-16       2.195964820408e-17       3.476903731066e-19 
 2727       7.117004587303e-12       1.694515354268e-13      -3.282985154661e-13       0.000000000000e+00       1.051293447180e-16       2.184343531775e-17       3.473064691838e-19 
 2728       7.095630834411e-12       1.688136607038e-13      -3.228066639613e-13       0.000000000000e+00       1.049689635675e-16       2.172573740946e-17       3.463804137549e-19 
 2729       7.074037393986e-12       1.682031669340e-13      -3.173442013133e-13       0.000000000000e+00       1.048088815582e-16       2.160659203141e-17       3.450108501369e-19 
 2730       7.052228147164e-12       1.676199322986e-13      -3.119127272287e-13       0.000000000000e+00       1.046490983645e-16       2.148603685242e-17       3.432967134361e-19 
 2731       7.030206987399e-12       1.670638344860e-13      -3.065138459330e-13       0.000000000000e+00       1.044896136577e-16       2.136410965813e-17       3.413372308167e-19 
 2732       7.007977820475e-12       1.665347506912e-13      -3.011491661752e-13       0.000000000000e+00       1.043304271055e-16       2.124084835105e-17       3.392319217687e-19 
 2733       6.985544564518e-12       1.660325576159e-13      -2.958203012316e-13       0.000000000000e+00       1.041715383722e-16       2.111629095068e-17       3.370805983756e-19 
 2734       6.962911150007e-12       1.655571314674e-13      -2.905288689096e-13       0.000000000000e+00       1.040129471188e-16       2.099047559361e-17       3.349833655825e-19 
 2735       6.940081519786e-12       1.651083479585e-13      -2.852764915523e-13       0.000000000000e+00       1.038546530028e-16       2.086344053367e-17       3.330406214645e-19 
 2736       6.917059629075e-12       1.646860823068e-13      -2.800647960421e-13       0.000000000000e+00       1.036966556784e-16       2.073522414199e-17       3.313530574941e-19 
 2737       6.893849445480e-12       1.642902092344e-13      -2.748954138053e-13       0.000000000000e+00       1.035389547963e-16       2.060586490714e-17       3.300216588099e-19 
 2738       6.870454949010e-12       1.639206029671e-13      -2.697699808157e-13       0.000000000000e+00       1.033815500038e-16       2.047540143520e-17       3.291477044837e-19 
 2739       6.846880132081e-12       1.635771372341e-13      -2.646901375988e-13       0.000000000000e+00       1.032244409450e-16       2.034387244994e-17       3.288327677895e-19 
 2740       6.823128999535e-12       1.632596852678e-13      -2.596575292362e-13       0.000000000000e+00       1.030676272602e-16       2.021131679284e-17       3.291787164707e-19 
 2741       6.799205568644e-12       1.629681198025e-13      -2.546738053692e-13       0.000000000000e+00       1.029111085864e-16       2.007777342328e-17       3.302877130086e-19 
 2742       6.775113869129e-12       1.627023130750e-13      -2.497406202033e-13       0.000000000000e+00       1.027548845575e-16       1.994328141860e-17       3.322622148903e-19 
 2743       6.750857943165e-12       1.624621368229e-13      -2.448596325120e-13       0.000000000000e+00       1.025989548035e-16       1.980787997419e-17       3.352049748764e-19 
 2744       6.726441845399e-12       1.622474622853e-13      -2.400325056410e-13       0.000000000000e+00       1.024433189513e-16       1.967160840369e-17       3.392190412695e-19 
 2745       6.701869642955e-12       1.620581602013e-13      -2.352609075122e-13       0.000000000000e+00       1.022879766241e-16       1.953450613899e-17       3.444077581819e-19 
 2746       6.677145415451e-12       1.618941008101e-13      -2.305465106279e-13       0.000000000000e+00       1.021329274418e-16       1.939661273040e-17       3.508747658035e-19 
 2747       6.652273255006e-12       1.617551538504e-13      -2.258909920749e-13       0.000000000000e+00       1.019781710209e-16       1.925796784676e-17       3.587240006701e-19 
 2748       6.627257266255e-12       1.616411885599e-13      -2.212960335284e-13       0.000000000000e+00       1.018237069744e-16       1.911861127552e-17       3.680596959313e-19 
 2749       6.602101566360e-12       1.615520736745e-13      -2.167633212561e-13       0.000000000000e+00       1.016695349118e-16       1.897858292287e-17       3.789863816185e-19 
 2750       6.576810428177e-12       1.614876344679e-13      -2.122943425441e-13       0.000000000000e+00       1.015156543632e-16       1.883793042869e-17       3.915782809031e-19 
 2751       6.551388710580e-12       1.614475236193e-13      -2.078897737798e-13       0.000000000000e+00       1.013620645512e-16       1.869673205551e-17       4.057873202762e-19 
 2752       6.525841430451e-12       1.614313496567e-13      -2.035500891184e-13       0.000000000000e+00       1.012087646177e-16       1.855507392169e-17       4.215346300223e-19 
 2753       6.500173619748e-12       1.614387198541e-13      -1.992757637659e-13       0.000000000000e+00       1.010557537000e-16       1.841304239782e-17       4.387411035211e-19 
 2754       6.474390325516e-12       1.614692402295e-13      -1.950672739803e-13       0.000000000000e+00       1.009030309303e-16       1.827072410698e-17       4.573273970301e-19 
 2755       6.448496609905e-12       1.615225155446e-13      -1.909250970724e-13       0.000000000000e+00       1.007505954362e-16       1.812820592496e-17       4.772139294667e-19 
 2756       6.422497550177e-12       1.615981493033e-13      -1.868497114064e-13       0.000000000000e+00       1.005984463405e-16       1.798557498048e-17       4.983208821914e-19 
 2757       6.396398238725e-12       1.616957437502e-13      -1.828415964010e-13       0.000000000000e+00       1.004465827610e-16       1.784291865544e-17       5.205681987900e-19 
 2758       6.370203783088e-12       1.618148998698e-13      -1.789012325302e-13       0.000000000000e+00       1.002950038109e-16       1.770032458515e-17       5.438755848561e-19 
 2759       6.343919305958e-12       1.619552173854e-13      -1.750291013241e-13       0.000000000000e+00       1.001437085983e-16       1.755788065851e-17       5.681625077740e-19 
 2760       6.317549945203e-12       1.621162947576e-13      -1.712256853698e-13       0.000000000000e+00       9.999269622673e-17       1.741567501832e-17       5.933481965009e-19 
 2761       6.291100853871e-12       1.622977291834e-13      -1.674914683122e-13       0.000000000000e+00       9.984196579474e-17       1.727379606145e-17       6.193516413498e-19 
 2762       6.264577200212e-12       1.624991165947e-13      -1.638269348549e-13       0.000000000000e+00       9.969151639606e-17       1.713233243909e-17       6.460915937715e-19 
 2763       6.237984167688e-12       1.627200516576e-13      -1.602325707612e-13       0.000000000000e+00       9.954134711957e-17       1.699137305697e-17       6.734865661382e-19 
 2764       6.211326954988e-12       1.629601277707e-13      -1.567088628544e-13       0.000000000000e+00       9.939145704928e-17       1.685100707560e-17       7.014548315248e-19 
 2765       6.184610776038e-12       1.632189370644e-13      -1.532562990195e-13       0.000000000000e+00       9.924184526436e-17       1.671132391050e-17       7.299144234924e-19 
 2766       6.157840860023e-12       1.634960703995e-13      -1.498753682034e-13       0.000000000000e+00       9.909251083908e-17       1.657241323243e-17       7.587831358705e-19 
 2767       6.131022451391e-12       1.637911173659e-13      -1.465665604157e-13       0.000000000000e+00       9.894345284289e-17       1.643436496759e-17       7.879785225396e-19 
 2768       6.104160809876e-12       1.641036662816e-13      -1.433303667303e-13       0.000000000000e+00       9.879467034030e-17       1.629726929791e-17       8.174178972139e-19 
 2769       6.077261210504e-12       1.644333041915e-13      -1.401672792853e-13       0.000000000000e+00       9.864616239099e-17       1.616121666122e-17       8.470183332235e-19 
 2770       6.050328943613e-12       1.647796168664e-13      -1.370777912846e-13       0.000000000000e+00       9.849792804972e-17       1.602629775150e-17       8.766966632974e-19 
 2771       6.023369314861e-12       1.651421888014e-13      -1.340623969983e-13       0.000000000000e+00       9.834996636637e-17       1.589260351914e-17       9.063694793459e-19 
 2772       5.996387645247e-12       1.655206032149e-13      -1.311215917637e-13       0.000000000000e+00       9.820227638591e-17       1.576022517112e-17       9.359531322429e-19 
 2773       5.969389271117e-12       1.659144420479e-13      -1.282558719863e-13       0.000000000000e+00       9.805485714842e-17       1.562925417126e-17       9.653637316090e-19 
 2774       5.942379544184e-12       1.663232859620e-13      -1.254657351404e-13       0.000000000000e+00       9.790770768907e-17       1.549978224047e-17       9.945171455936e-19 
 2775       5.915363831537e-12       1.667467143388e-13      -1.227516797701e-13       0.000000000000e+00       9.776082703810e-17       1.537190135694e-17       1.023329000658e-18 
 2776       5.888347515661e-12       1.671843052786e-13      -1.201142054902e-13       0.000000000000e+00       9.761421422085e-17       1.524570375642e-17       1.051714681356e-18 
 2777       5.861335994444e-12       1.676356355991e-13      -1.175538129867e-13       0.000000000000e+00       9.746786825772e-17       1.512128193238e-17       1.079589330121e-18 
 2778       5.834334681194e-12       1.681002808345e-13      -1.150710040182e-13       0.000000000000e+00       9.732178816418e-17       1.499872863631e-17       1.106867847043e-18 
 2779       5.807349004653e-12       1.685778152340e-13      -1.126662814163e-13       0.000000000000e+00       9.717597295079e-17       1.487813687791e-17       1.133464889655e-18 
 2780       5.780384409012e-12       1.690678117607e-13      -1.103401490868e-13       0.000000000000e+00       9.703042162314e-17       1.475959992534e-17       1.159294872715e-18 
 2781       5.753446353921e-12       1.695698420907e-13      -1.080931120102e-13       0.000000000000e+00       9.688513318189e-17       1.464321130542e-17       1.184271967985e-18 
 2782       5.726540314506e-12       1.700834766116e-13      -1.059256762429e-13       0.000000000000e+00       9.674010662273e-17       1.452906480389e-17       1.208310104020e-18 
 2783       5.699671781383e-12       1.706082844214e-13      -1.038383489177e-13       0.000000000000e+00       9.659534093643e-17       1.441725446562e-17       1.231322965946e-18 
 2784       5.672846260669e-12       1.711438333276e-13      -1.018316382449e-13       0.000000000000e+00       9.645083510877e-17       1.430787459485e-17       1.253223995242e-18 
 2785       5.646069273998e-12       1.716896898454e-13      -9.990605351319e-14       0.000000000000e+00       9.630658812056e-17       1.420101975543e-17       1.273926389526e-18 
 2786       5.619346358536e-12       1.722454191973e-13      -9.806210509026e-14       0.000000000000e+00       9.616259894767e-17       1.409678477102e-17       1.293343102335e-18 
 2787       5.592683066991e-12       1.728105853115e-13      -9.630030442387e-14       0.000000000000e+00       9.601886656095e-17       1.399526472533e-17       1.311386842908e-18 
 2788       5.566084967630e-12       1.733847508205e-13      -9.462116404258e-14       0.000000000000e+00       9.587538992631e-17       1.389655496237e-17       1.327970075970e-18 
 2789       5.539557301969e-12       1.739674813301e-13      -9.302500957288e-14       0.000000000000e+00       9.573216815057e-17       1.380071549053e-17       1.343028398471e-18 
 2790       5.513103955862e-12       1.745583582510e-13      -9.151141471027e-14       0.000000000000e+00       9.558920092014e-17       1.370766399012e-17       1.356590804355e-18 
 2791       5.486728483032e-12       1.751569660320e-13      -9.007976328285e-14       0.000000000000e+00       9.544648806464e-17       1.361728224450e-17       1.368709788320e-18 
 2792       5.460434446921e-12       1.757628878951e-13      -8.872943696363e-14       0.000000000000e+00       9.530402941123e-17       1.352945168481e-17       1.379438002511e-18 
 2793       5.434225420692e-12       1.763757058351e-13      -8.745981526850e-14       0.000000000000e+00       9.516182478455e-17       1.344405338970e-17       1.388828256666e-18 
 2794       5.408104987239e-12       1.769950006176e-13      -8.627027555413e-14       0.000000000000e+00       9.501987400677e-17       1.336096808496e-17       1.396933518257e-18 
 2795       5.382076739197e-12       1.776203517785e-13      -8.516019301597e-14       0.000000000000e+00       9.487817689755e-17       1.328007614327e-17       1.403806912634e-18 
 2796       5.356144278950e-12       1.782513376228e-13      -8.412894068617e-14       0.000000000000e+00       9.473673327405e-17       1.320125758381e-17       1.409501723167e-18 
 2797       5.330311218638e-12       1.788875352234e-13      -8.317588943157e-14       0.000000000000e+00       9.459554295093e-17       1.312439207199e-17       1.414071391389e-18 
 2798       5.304581180166e-12       1.795285204197e-13      -8.230040795161e-14       0.000000000000e+00       9.445460574035e-17       1.304935891909e-17       1.417569517141e-18 
 2799       5.278957795214e-12       1.801738678172e-13      -8.150186277632e-14       0.000000000000e+00       9.431392145194e-17       1.297603708198e-17       1.420049858713e-18 
 2800       5.253444705245e-12       1.808231507858e-13      -8.077961826425e-14       0.000000000000e+00       9.417348989285e-17       1.290430516279e-17       1.421566332989e-18 
 2801       5.228045561513e-12       1.814759414588e-13      -8.013303660043e-14       0.000000000000e+00       9.403331086769e-17       1.283404140857e-17       1.422173015586e-18 
 2802       5.202764025071e-12       1.821318107319e-13      -7.956147779433e-14       0.000000000000e+00       9.389338417855e-17       1.276512371098e-17       1.421924141004e-18 
 2803       5.177603766781e-12       1.827903282623e-13      -7.906429967780e-14       0.000000000000e+00       9.375370962503e-17       1.269742960600e-17       1.420874102763e-18 
 2804       5.152568467322e-12       1.834510624670e-13      -7.864085790304e-14       0.000000000000e+00       9.361428700417e-17       1.263083627355e-17       1.419077453548e-18 
 2805       5.127661817197e-12       1.841135805223e-13      -7.829050594054e-14       0.000000000000e+00       9.347511611050e-17       1.256522053723e-17       1.416588905352e-18 
 2806       5.102887516745e-12       1.847774483623e-13      -7.801259507703e-14       0.000000000000e+00       9.333619673602e-17       1.250045886398e-17       1.413463329621e-18 
 2807       5.078249276145e-12       1.854422306779e-13      -7.780647441344e-14       0.000000000000e+00       9.319752867020e-17       1.243642736374e-17       1.409755757394e-18 
 2808       5.053750815429e-12       1.861074909158e-13      -7.767149086287e-14       0.000000000000e+00       9.305911169997e-17       1.237300178917e-17       1.405521379448e-18 
 2809       5.029395864488e-12       1.867727912773e-13      -7.760698914849e-14       0.000000000000e+00       9.292094560971e-17       1.231005753528e-17       1.400815546440e-18 
 2810       5.005188163080e-12       1.874376927171e-13      -7.761231180157e-14       0.000000000000e+00       9.278303018129e-17       1.224746963917e-17       1.395693769052e-18 
 2811       4.981131460840e-12       1.881017549425e-13      -7.768679915937e-14       0.000000000000e+00       9.264536519399e-17       1.218511277965e-17       1.390211718130e-18 
 2812       4.957229517290e-12       1.887645364118e-13      -7.782978936311e-14       0.000000000000e+00       9.250795042459e-17       1.212286127697e-17       1.384425224833e-18 
 2813       4.933486101842e-12       1.894255943337e-13      -7.804061835595e-14       0.000000000000e+00       9.237078564729e-17       1.206058909248e-17       1.378390280770e-18 
 2814       4.909904993814e-12       1.900844846659e-13      -7.831861988089e-14       0.000000000000e+00       9.223387063374e-17       1.199816982831e-17       1.372163038148e-18 
 2815       4.886489982432e-12       1.907407621140e-13      -7.866312547880e-14       0.000000000000e+00       9.209720515305e-17       1.193547672705e-17       1.365799809913e-18 
 2816       4.863244866843e-12       1.913939801305e-13      -7.907346448627e-14       0.000000000000e+00       9.196078897174e-17       1.187238267142e-17       1.359357069891e-18 
 2817       4.840173456120e-12       1.920436909137e-13      -7.954896403367e-14       0.000000000000e+00       9.182462185379e-17       1.180876018399e-17       1.352891452935e-18 
 2818       4.817279569274e-12       1.926894454063e-13      -8.008894904303e-14       0.000000000000e+00       9.168870356062e-17       1.174448142681e-17       1.346459755066e-18 
 2819       4.794567035260e-12       1.933307932948e-13      -8.069274222602e-14       0.000000000000e+00       9.155303385107e-17       1.167941820113e-17       1.340118933615e-18 
 2820       4.772039692987e-12       1.939672830079e-13      -8.135966408190e-14       0.000000000000e+00       9.141761248141e-17       1.161344194706e-17       1.333926107368e-18 
 2821       4.749701391325e-12       1.945984617158e-13      -8.208903289548e-14       0.000000000000e+00       9.128243920533e-17       1.154642374325e-17       1.327938556711e-18 
 2822       4.727555989116e-12       1.952238753287e-13      -8.288016473506e-14       0.000000000000e+00       9.114751377395e-17       1.147823430658e-17       1.322213723766e-18 
 2823       4.705607355179e-12       1.958430684960e-13      -8.373237345039e-14       0.000000000000e+00       9.101283593582e-17       1.140874399185e-17       1.316809212542e-18 
 2824       4.683859368322e-12       1.964555846051e-13      -8.464497067062e-14       0.000000000000e+00       9.087840543689e-17       1.133782279142e-17       1.311782789073e-18 
 2825       4.662315917349e-12       1.970609657802e-13      -8.561726580226e-14       0.000000000000e+00       9.074422202052e-17       1.126534033494e-17       1.307192381563e-18 
 2826       4.640980901068e-12       1.976587528813e-13      -8.664856602713e-14       0.000000000000e+00       9.061028542751e-17       1.119116588901e-17       1.303096080530e-18 
 2827       4.619858228300e-12       1.982484855031e-13      -8.773817630031e-14       0.000000000000e+00       9.047659539604e-17       1.111516835684e-17       1.299552138946e-18 
 2828       4.598951255217e-12       1.988297421028e-13      -8.888531951806e-14       0.000000000000e+00       9.034315159655e-17       1.103725745185e-17       1.296606187796e-18 
 2829       4.578261094143e-12       1.994022606141e-13      -9.008889657401e-14       0.000000000000e+00       9.020995343595e-17       1.095750745188e-17       1.294252810131e-18 
 2830       4.557788296010e-12       1.999658184558e-13      -9.134772505632e-14       0.000000000000e+00       9.007700025236e-17       1.087603408522e-17       1.292473768299e-18 
 2831       4.537533412236e-12       2.005201924586e-13      -9.266061896154e-14       0.000000000000e+00       8.994429138020e-17       1.079295341523e-17       1.291250770415e-18 
 2832       4.517496994724e-12       2.010651588653e-13      -9.402638869144e-14       0.000000000000e+00       8.981182615019e-17       1.070838184062e-17       1.290565470312e-18 
 2833       4.497679595862e-12       2.016004933296e-13      -9.544384104973e-14       0.000000000000e+00       8.967960388930e-17       1.062243609577e-17       1.290399467489e-18 
 2834       4.478081768524e-12       2.021259709157e-13      -9.691177923880e-14       0.000000000000e+00       8.954762392081e-17       1.053523325103e-17       1.290734307066e-18 
 2835       4.458704066070e-12       2.026413660984e-13      -9.842900285652e-14       0.000000000000e+00       8.941588556425e-17       1.044689071298e-17       1.291551479730e-18 
 2836       4.439547042344e-12       2.031464527619e-13      -9.999430789296e-14       0.000000000000e+00       8.928438813542e-17       1.035752622480e-17       1.292832421695e-18 
 2837       4.420611251678e-12       2.036410041993e-13      -1.016064867272e-13       0.000000000000e+00       8.915313094641e-17       1.026725786647e-17       1.294558514645e-18 
 2838       4.401897248887e-12       2.041247931129e-13      -1.032643281239e-13       0.000000000000e+00       8.902211330554e-17       1.017620405517e-17       1.296711085689e-18 
 2839       4.383405589275e-12       2.045975916125e-13      -1.049666172303e-13       0.000000000000e+00       8.889133451741e-17       1.008448354551e-17       1.299271407312e-18 
 2840       4.365136828631e-12       2.050591712161e-13      -1.067121355730e-13       0.000000000000e+00       8.876079388286e-17       9.992215429853e-18       1.302220697325e-18 
 2841       4.347091523229e-12       2.055093028483e-13      -1.084996610544e-13       0.000000000000e+00       8.863049069899e-17       9.899519138601e-18       1.305540118821e-18 
 2842       4.329270229830e-12       2.059477568407e-13      -1.103279679497e-13       0.000000000000e+00       8.850042425913e-17       9.806514440512e-18       1.309210780119e-18 
 2843       4.311673505682e-12       2.063743029308e-13      -1.121958269036e-13       0.000000000000e+00       8.837059385287e-17       9.713321442984e-18       1.313213734720e-18 
 2844       4.294301908518e-12       2.067887102617e-13      -1.141020049271e-13       0.000000000000e+00       8.824099876604e-17       9.620060592356e-18       1.317529981259e-18 
 2845       4.277155996560e-12       2.071907473817e-13      -1.160452653941e-13       0.000000000000e+00       8.811163828067e-17       9.526852674208e-18       1.322140463454e-18 
 2846       4.260236328514e-12       2.075801822435e-13      -1.180243680385e-13       0.000000000000e+00       8.798251167506e-17       9.433818813657e-18       1.327026070057e-18 
 2847       4.243543463575e-12       2.079567822041e-13      -1.200380689504e-13       0.000000000000e+00       8.785361822371e-17       9.341080475658e-18       1.332167634807e-18 
 2848       4.227077961423e-12       2.083203140238e-13      -1.220851205735e-13       0.000000000000e+00       8.772495719736e-17       9.248759465297e-18       1.337545936381e-18 
 2849       4.210840382225e-12       2.086705438662e-13      -1.241642717013e-13       0.000000000000e+00       8.759652786296e-17       9.156977928097e-18       1.343141698345e-18 
 2850       4.194831286637e-12       2.090072372973e-13      -1.262742674742e-13       0.000000000000e+00       8.746832948367e-17       9.065858350309e-18       1.348935589104e-18 
 2851       4.179051235800e-12       2.093301592852e-13      -1.284138493761e-13       0.000000000000e+00       8.734036131886e-17       8.975523559213e-18       1.354908221858e-18 
 2852       4.163500791343e-12       2.096390741997e-13      -1.305817552313e-13       0.000000000000e+00       8.721262262411e-17       8.886096723416e-18       1.361040154545e-18 
 2853       4.148180515384e-12       2.099337458112e-13      -1.327767192010e-13       0.000000000000e+00       8.708511265122e-17       8.797701353153e-18       1.367311889802e-18 
 2854       4.133090970525e-12       2.102139372912e-13      -1.349974717804e-13       0.000000000000e+00       8.695783064815e-17       8.710461300578e-18       1.373703874908e-18 
 2855       4.118232719858e-12       2.104794112107e-13      -1.372427397951e-13       0.000000000000e+00       8.683077585908e-17       8.624500760069e-18       1.380196501741e-18 
 2856       4.103606326962e-12       2.107299295405e-13      -1.395112463982e-13       0.000000000000e+00       8.670394752438e-17       8.539944268525e-18       1.386770106727e-18 
 2857       4.089212355904e-12       2.109652536504e-13      -1.418017110666e-13       0.000000000000e+00       8.657734488060e-17       8.456916705661e-18       1.393404970790e-18 
 2858       4.075051371238e-12       2.111851443085e-13      -1.441128495984e-13       0.000000000000e+00       8.645096716048e-17       8.375543294307e-18       1.400081319307e-18 
 2859       4.061123938008e-12       2.113893616813e-13      -1.464433741090e-13       0.000000000000e+00       8.632481359292e-17       8.295949600711e-18       1.406779322055e-18 
 2860       4.047430621742e-12       2.115776653322e-13      -1.487919930282e-13       0.000000000000e+00       8.619888340303e-17       8.218261534829e-18       1.413479093166e-18 
 2861       4.033971988461e-12       2.117498142222e-13      -1.511574110972e-13       0.000000000000e+00       8.607317581204e-17       8.142605350632e-18       1.420160691077e-18 
 2862       4.020748604671e-12       2.119055667083e-13      -1.535383293646e-13       0.000000000000e+00       8.594769003741e-17       8.069107646396e-18       1.426804118479e-18 
 2863       4.007761037366e-12       2.120446805437e-13      -1.559334451840e-13       0.000000000000e+00       8.582242529270e-17       7.997895365006e-18       1.433389322273e-18 
 2864       3.995009854031e-12       2.121669128770e-13      -1.583414522100e-13       0.000000000000e+00       8.569738078766e-17       7.929095794252e-18       1.439896193517e-18 
 2865       3.982495622638e-12       2.122720202518e-13      -1.607610403958e-13       0.000000000000e+00       8.557255572821e-17       7.862836567126e-18       1.446304567380e-18 
 2866       3.970218911647e-12       2.123597586060e-13      -1.631908959890e-13       0.000000000000e+00       8.544794931640e-17       7.799245662123e-18       1.452594223091e-18 
 2867       3.958179838704e-12       2.124299323127e-13      -1.656297517131e-13       0.000000000000e+00       8.532356084079e-17       7.738421421557e-18       1.458745250835e-18 
 2868       3.946376714212e-12       2.124825415760e-13      -1.680765375953e-13       0.000000000000e+00       8.519938994814e-17       7.680342438607e-18       1.464739154581e-18 
 2869       3.934807390828e-12       2.125176357872e-13      -1.705302309028e-13       0.000000000000e+00       8.507543637309e-17       7.624957210533e-18       1.470557754789e-18 
 2870       3.923469714135e-12       2.125352645518e-13      -1.729898060254e-13       0.000000000000e+00       8.495169984793e-17       7.572214078715e-18       1.476182821934e-18 
 2871       3.912361522632e-12       2.125354776901e-13      -1.754542344738e-13       0.000000000000e+00       8.482818010261e-17       7.522061228507e-18       1.481596076469e-18 
 2872       3.901480647731e-12       2.125183252373e-13      -1.779224848768e-13       0.000000000000e+00       8.470487686471e-17       7.474446689102e-18       1.486779188777e-18 
 2873       3.890824913747e-12       2.124838574437e-13      -1.803935229788e-13       0.000000000000e+00       8.458178985947e-17       7.429318333389e-18       1.491713779126e-18 
 2874       3.880392137892e-12       2.124321247751e-13      -1.828663116371e-13       0.000000000000e+00       8.445891880976e-17       7.386623877819e-18       1.496381417630e-18 
 2875       3.870180130272e-12       2.123631779124e-13      -1.853398108197e-13       0.000000000000e+00       8.433626343607e-17       7.346310882257e-18       1.500763624206e-18 
 2876       3.860186693876e-12       2.122770677526e-13      -1.878129776026e-13       0.000000000000e+00       8.421382345656e-17       7.308326749852e-18       1.504841868526e-18 
 2877       3.850409624572e-12       2.121738454085e-13      -1.902847661674e-13       0.000000000000e+00       8.409159858700e-17       7.272618726891e-18       1.508597569975e-18 
 2878       3.840846711101e-12       2.120535622091e-13      -1.927541277988e-13       0.000000000000e+00       8.396958854079e-17       7.239133902664e-18       1.512012097613e-18 
 2879       3.831495735068e-12       2.119162696997e-13      -1.952200108817e-13       0.000000000000e+00       8.384779302896e-17       7.207819209320e-18       1.515066770125e-18 
 2880       3.822354470938e-12       2.117620196423e-13      -1.976813608993e-13       0.000000000000e+00       8.372621176016e-17       7.178621421732e-18       1.517742855779e-18 
 2881       3.813420686030e-12       2.115908640155e-13      -2.001371204303e-13       0.000000000000e+00       8.360484444067e-17       7.151487157355e-18       1.520021572387e-18 
 2882       3.804692140505e-12       2.114028550150e-13      -2.025862291461e-13       0.000000000000e+00       8.348369077439e-17       7.126362876088e-18       1.521884087256e-18 
 2883       3.796166587367e-12       2.111980450536e-13      -2.050276238089e-13       0.000000000000e+00       8.336275046282e-17       7.103194880132e-18       1.523311517149e-18 
 2884       3.787841772454e-12       2.109764867617e-13      -2.074602382686e-13       0.000000000000e+00       8.324202320509e-17       7.081929313856e-18       1.524284928240e-18 
 2885       3.779715434426e-12       2.107382329871e-13      -2.098830034607e-13       0.000000000000e+00       8.312150869794e-17       7.062512163651e-18       1.524785336069e-18 
 2886       3.771785304768e-12       2.104833367956e-13      -2.122948474036e-13       0.000000000000e+00       8.300120663569e-17       7.044889257796e-18       1.524793705502e-18 
 2887       3.764049107775e-12       2.102118514709e-13      -2.146946951960e-13       0.000000000000e+00       8.288111671032e-17       7.029006266315e-18       1.524290950685e-18 
 2888       3.756504560552e-12       2.099238305150e-13      -2.170814690146e-13       0.000000000000e+00       8.276123861135e-17       7.014808700840e-18       1.523257935000e-18 
 2889       3.749149373004e-12       2.096193276483e-13      -2.194540881117e-13       0.000000000000e+00       8.264157202596e-17       7.002241914470e-18       1.521675471028e-18 
 2890       3.741981247827e-12       2.092983968100e-13      -2.218114688120e-13       0.000000000000e+00       8.252211663888e-17       6.991251101632e-18       1.519524320496e-18 
 2891       3.734997880510e-12       2.089610921580e-13      -2.241525245111e-13       0.000000000000e+00       8.240287213246e-17       6.981781297943e-18       1.516785194241e-18 
 2892       3.728196959319e-12       2.086074680695e-13      -2.264761656721e-13       0.000000000000e+00       8.228383818665e-17       6.973777380068e-18       1.513438752165e-18 
 2893       3.721576165296e-12       2.082375791406e-13      -2.287812998235e-13       0.000000000000e+00       8.216501447896e-17       6.967184065584e-18       1.509465603189e-18 
 2894       3.715133172252e-12       2.078514801873e-13      -2.310668315569e-13       0.000000000000e+00       8.204640068452e-17       6.961945912837e-18       1.504846305213e-18 
 2895       3.708865646759e-12       2.074492262451e-13      -2.333316625239e-13       0.000000000000e+00       8.192799647601e-17       6.958007320804e-18       1.499561365071e-18 
 2896       3.702771248145e-12       2.070308725695e-13      -2.355746914340e-13       0.000000000000e+00       8.180980152374e-17       6.955312528956e-18       1.493591238487e-18 
 2897       3.696847628484e-12       2.065964746361e-13      -2.377948140521e-13       0.000000000000e+00       8.169181549554e-17       6.953805617116e-18       1.486916330035e-18 
 2898       3.691092432597e-12       2.061460881407e-13      -2.399909231958e-13       0.000000000000e+00       8.157403805687e-17       6.953430505317e-18       1.479516993091e-18 
 2899       3.685503298036e-12       2.056797689999e-13      -2.421619087330e-13       0.000000000000e+00       8.145646887074e-17       6.954130953670e-18       1.471373529793e-18 
 2900       3.680077855086e-12       2.051975733509e-13      -2.443066575795e-13       0.000000000000e+00       8.133910759772e-17       6.955850562218e-18       1.462466190996e-18 
 2901       3.674813726752e-12       2.046995575517e-13      -2.464240536960e-13       0.000000000000e+00       8.122195389598e-17       6.958532770800e-18       1.452775176231e-18 
 2902       3.669708528757e-12       2.041857781819e-13      -2.485129780864e-13       0.000000000000e+00       8.110500742123e-17       6.962120858909e-18       1.442280633658e-18 
 2903       3.664759869533e-12       2.036562920420e-13      -2.505723087944e-13       0.000000000000e+00       8.098826782675e-17       6.966557945557e-18       1.430962660027e-18 
 2904       3.659965350217e-12       2.031111561544e-13      -2.526009209017e-13       0.000000000000e+00       8.087173476339e-17       6.971786989129e-18       1.418801300629e-18 
 2905       3.655322564640e-12       2.025504277633e-13      -2.545976865251e-13       0.000000000000e+00       8.075540787955e-17       6.977750787251e-18       1.405776549259e-18 
 2906       3.650828981866e-12       2.019741932314e-13      -2.565615957544e-13       0.000000000000e+00       8.063928681723e-17       6.984389844010e-18       1.391880217813e-18 
 2907       3.646481593159e-12       2.013826548904e-13      -2.584921201370e-13       0.000000000000e+00       8.052337120016e-17       6.991635960178e-18       1.377151610536e-18 
 2908       3.642277263219e-12       2.007760446285e-13      -2.603888510199e-13       0.000000000000e+00       8.040766064559e-17       6.999418610405e-18       1.361642029483e-18 
 2909       3.638212847477e-12       2.001545950346e-13      -2.622513787755e-13       0.000000000000e+00       8.029215476828e-17       7.007667072754e-18       1.345402921330e-18 
 2910       3.634285192085e-12       1.995185393989e-13      -2.640792928008e-13       0.000000000000e+00       8.017685318043e-17       7.016310428529e-18       1.328485877500e-18 
 2911       3.630491133903e-12       1.988681117130e-13      -2.658721815159e-13       0.000000000000e+00       8.006175549175e-17       7.025277562109e-18       1.310942634287e-18 
 2912       3.626827500499e-12       1.982035466712e-13      -2.676296323643e-13       0.000000000000e+00       7.994686130942e-17       7.034497160771e-18       1.292825072984e-18 
 2913       3.623291110134e-12       1.975250796706e-13      -2.693512318110e-13       0.000000000000e+00       7.983217023807e-17       7.043897714529e-18       1.274185220004e-18 
 2914       3.619878771760e-12       1.968329468120e-13      -2.710365653427e-13       0.000000000000e+00       7.971768187983e-17       7.053407515957e-18       1.255075247009e-18 
 2915       3.616587285005e-12       1.961273849003e-13      -2.726852174661e-13       0.000000000000e+00       7.960339583428e-17       7.062954660024e-18       1.235547471034e-18 
 2916       3.613413440169e-12       1.954086314453e-13      -2.742967717080e-13       0.000000000000e+00       7.948931169845e-17       7.072467043924e-18       1.215654354611e-18 
 2917       3.610354018218e-12       1.946769246624e-13      -2.758708106137e-13       0.000000000000e+00       7.937542906686e-17       7.081872366901e-18       1.195448505896e-18 
 2918       3.607405790769e-12       1.939325034730e-13      -2.774069157466e-13       0.000000000000e+00       7.926174753147e-17       7.091098130088e-18       1.174982678795e-18 
 2919       3.604565520088e-12       1.931756075052e-13      -2.789046676875e-13       0.000000000000e+00       7.914826668171e-17       7.100071636331e-18       1.154309773085e-18 
 2920       3.601829959080e-12       1.924064770944e-13      -2.803636460335e-13       0.000000000000e+00       7.903498610444e-17       7.108719990019e-18       1.133482834546e-18 
 2921       3.599195851280e-12       1.916253532839e-13      -2.817834293977e-13       0.000000000000e+00       7.892190538399e-17       7.116970096918e-18       1.112555055079e-18 
 2922       3.596659930844e-12       1.908324778258e-13      -2.831635954076e-13       0.000000000000e+00       7.880902410213e-17       7.124748664002e-18       1.091579772837e-18 
 2923       3.594218922545e-12       1.900280931811e-13      -2.845037207052e-13       0.000000000000e+00       7.869634183808e-17       7.131982199276e-18       1.070610472348e-18 
 2924       3.591869541759e-12       1.892124425207e-13      -2.858033809455e-13       0.000000000000e+00       7.858385816850e-17       7.138597011615e-18       1.049700784640e-18 
 2925       3.589608494463e-12       1.883857697261e-13      -2.870621507962e-13       0.000000000000e+00       7.847157266749e-17       7.144519210591e-18       1.028904487366e-18 
 2926       3.587432477221e-12       1.875483193896e-13      -2.882796039367e-13       0.000000000000e+00       7.835948490658e-17       7.149674706299e-18       1.008275504931e-18 
 2927       3.585338177181e-12       1.867003368153e-13      -2.894553130571e-13       0.000000000000e+00       7.824759445475e-17       7.153989209195e-18       9.878679086153e-19 
 2928       3.583322272061e-12       1.858420680195e-13      -2.905888498579e-13       0.000000000000e+00       7.813590087839e-17       7.157388229921e-18       9.677359167016e-19 
 2929       3.581381430149e-12       1.849737597316e-13      -2.916797850486e-13       0.000000000000e+00       7.802440374134e-17       7.159797079137e-18       9.479338945989e-19 
 2930       3.579512310286e-12       1.840956593941e-13      -2.927276883476e-13       0.000000000000e+00       7.791310260486e-17       7.161140867352e-18       9.285163549682e-19 
 2931       3.577711561864e-12       1.832080151642e-13      -2.937321284807e-13       0.000000000000e+00       7.780199702762e-17       7.161344504752e-18       9.095379578480e-19 
 2932       3.575975824816e-12       1.823110759134e-13      -2.946926731808e-13       0.000000000000e+00       7.769108656574e-17       7.160332701033e-18       8.910535107794e-19 
 2933       3.574301729605e-12       1.814050912288e-13      -2.956088891871e-13       0.000000000000e+00       7.758037077272e-17       7.158029965230e-18       8.731179689313e-19 
 2934       3.572685897223e-12       1.804903114135e-13      -2.964803422437e-13       0.000000000000e+00       7.746984919952e-17       7.154360605546e-18       8.557864352259e-19 
 2935       3.571124939174e-12       1.795669874872e-13      -2.973065970998e-13       0.000000000000e+00       7.735952139446e-17       7.149248729187e-18       8.391141604636e-19 
 2936       3.569615457472e-12       1.786353711867e-13      -2.980872175079e-13       0.000000000000e+00       7.724938690333e-17       7.142618242185e-18       8.231565434489e-19 
 2937       3.568154044632e-12       1.776957149669e-13      -2.988217662238e-13       0.000000000000e+00       7.713944526927e-17       7.134392849235e-18       8.079691311149e-19 
 2938       3.566737283659e-12       1.767482720010e-13      -2.995098050054e-13       0.000000000000e+00       7.702969603287e-17       7.124496053522e-18       7.936076186494e-19 
 2939       3.565361748043e-12       1.757932961813e-13      -3.001508946117e-13       0.000000000000e+00       7.692013873209e-17       7.112851156553e-18       7.801278496194e-19 
 2940       3.564024001749e-12       1.748310421200e-13      -3.007445948028e-13       0.000000000000e+00       7.681077290232e-17       7.099381257985e-18       7.675858160970e-19 
 2941       3.562720599209e-12       1.738617651495e-13      -3.012904643382e-13       0.000000000000e+00       7.670159807632e-17       7.084009255457e-18       7.560376587842e-19 
 2942       3.561448085315e-12       1.728857213231e-13      -3.017880609765e-13       0.000000000000e+00       7.659261378426e-17       7.066657844421e-18       7.455396671386e-19 
 2943       3.560202995409e-12       1.719031674157e-13      -3.022369414746e-13       0.000000000000e+00       7.648381955369e-17       7.047249517969e-18       7.361482794983e-19 
 2944       3.558981855279e-12       1.709143609246e-13      -3.026366615867e-13       0.000000000000e+00       7.637521490956e-17       7.025706566668e-18       7.279200832075e-19 
 2945       3.557781330907e-12       1.699195672189e-13      -3.029869203881e-13       0.000000000000e+00       7.626679938049e-17       7.001992534751e-18       7.208905829097e-19 
 2946       3.556598678576e-12       1.689190810276e-13      -3.032879940315e-13       0.000000000000e+00       7.615857251773e-17       6.976236814277e-18       7.150103898266e-19 
 2947       3.555431296988e-12       1.679132050597e-13      -3.035403041465e-13       0.000000000000e+00       7.605053387629e-17       6.948610670270e-18       7.102087153818e-19 
 2948       3.554276577700e-12       1.669022428657e-13      -3.037442737118e-13       0.000000000000e+00       7.594268300867e-17       6.919285841043e-18       7.064145740411e-19 
 2949       3.553131905118e-12       1.658864988379e-13      -3.039003270568e-13       0.000000000000e+00       7.583501946482e-17       6.888434538597e-18       7.035567831443e-19 
 2950       3.551994656488e-12       1.648662782117e-13      -3.040088898626e-13       0.000000000000e+00       7.572754279221e-17       6.856229449028e-18       7.015639627370e-19 
 2951       3.550862201893e-12       1.638418870658e-13      -3.040703891633e-13       0.000000000000e+00       7.562025253574e-17       6.822843732928e-18       7.003645354015e-19 
 2952       3.549731904246e-12       1.628136323232e-13      -3.040852533470e-13       0.000000000000e+00       7.551314823782e-17       6.788451025791e-18       6.998867260893e-19 
 2953       3.548601119282e-12       1.617818217517e-13      -3.040539121573e-13       0.000000000000e+00       7.540622943830e-17       6.753225438414e-18       7.000585619520e-19 
 2954       3.547467195558e-12       1.607467639649e-13      -3.039767966945e-13       0.000000000000e+00       7.529949567450e-17       6.717341557305e-18       7.008078721733e-19 
 2955       3.546327474437e-12       1.597087684227e-13      -3.038543394163e-13       0.000000000000e+00       7.519294648122e-17       6.680974445081e-18       7.020622878005e-19 
 2956       3.545179290091e-12       1.586681454320e-13      -3.036869741396e-13       0.000000000000e+00       7.508658139069e-17       6.644299640878e-18       7.037492415762e-19 
 2957       3.544019969490e-12       1.576252061477e-13      -3.034751360415e-13       0.000000000000e+00       7.498039993262e-17       6.607493160749e-18       7.057959677699e-19 
 2958       3.542846832399e-12       1.565802625730e-13      -3.032192616604e-13       0.000000000000e+00       7.487440163418e-17       6.570731498071e-18       7.081295020092e-19 
 2959       3.541657191368e-12       1.555336275606e-13      -3.029197888973e-13       0.000000000000e+00       7.476858601997e-17       6.534191623949e-18       7.106766811122e-19 
 2960       3.540448351730e-12       1.544856148130e-13      -3.025771570168e-13       0.000000000000e+00       7.466295261206e-17       6.498050987617e-18       7.133641429184e-19 
 2961       3.539217611592e-12       1.534365388832e-13      -3.021918066489e-13       0.000000000000e+00       7.455750092994e-17       6.462487516843e-18       7.161183261209e-19 
 2962       3.537962261830e-12       1.523867151760e-13      -3.017641797893e-13       0.000000000000e+00       7.445223049059e-17       6.427679618336e-18       7.188654700974e-19 
 2963       3.536679586083e-12       1.513364599481e-13      -3.012947198014e-13       0.000000000000e+00       7.434714080839e-17       6.393806178145e-18       7.215316147422e-19 
 2964       3.535366860747e-12       1.502860903089e-13      -3.007838714170e-13       0.000000000000e+00       7.424223139517e-17       6.361046562062e-18       7.240426002980e-19 
 2965       3.534021354968e-12       1.492359242215e-13      -3.002320807378e-13       0.000000000000e+00       7.413750176022e-17       6.329580616033e-18       7.263240671869e-19 
 2966       3.532640330638e-12       1.481862805034e-13      -2.996397952365e-13       0.000000000000e+00       7.403295141023e-17       6.299588666554e-18       7.283014558426e-19 
 2967       3.531221042387e-12       1.471374788269e-13      -2.990074637579e-13       0.000000000000e+00       7.392857984934e-17       6.271251521077e-18       7.299000065418e-19 
 2968       3.529760737576e-12       1.460898397199e-13      -2.983355365203e-13       0.000000000000e+00       7.382438657912e-17       6.244750468417e-18       7.310447592358e-19 
 2969       3.528256656294e-12       1.450436845671e-13      -2.976244651165e-13       0.000000000000e+00       7.372037109856e-17       6.220267279151e-18       7.316605533819e-19 
 2970       3.526706031351e-12       1.439993356100e-13      -2.968747025151e-13       0.000000000000e+00       7.361653290408e-17       6.197984206024e-18       7.316720277755e-19 
 2971       3.525106088268e-12       1.429571159482e-13      -2.960867030618e-13       0.000000000000e+00       7.351287148952e-17       6.178083984353e-18       7.310036203813e-19 
 2972       3.523454045278e-12       1.419173495396e-13      -2.952609224803e-13       0.000000000000e+00       7.340938634613e-17       6.160749832430e-18       7.295795681651e-19 
 2973       3.521747113313e-12       1.408803612017e-13      -2.943978178741e-13       0.000000000000e+00       7.330607696258e-17       6.146165451926e-18       7.273239069255e-19 
 2974       3.519982496003e-12       1.398464766118e-13      -2.934978477268e-13       0.000000000000e+00       7.320294282497e-17       6.134515028295e-18       7.241604711251e-19 
 2975       3.518157389666e-12       1.388160223080e-13      -2.925614719042e-13       0.000000000000e+00       7.309998341679e-17       6.125983231175e-18       7.200128937228e-19 
 2976       3.516268983306e-12       1.377893256900e-13      -2.915891516549e-13       0.000000000000e+00       7.299719821894e-17       6.120755214798e-18       7.148046060046e-19 
 2977       3.514314458601e-12       1.367667150195e-13      -2.905813496119e-13       0.000000000000e+00       7.289458670974e-17       6.119016618386e-18       7.084588374160e-19 
 2978       3.512290989906e-12       1.357485194211e-13      -2.895385297934e-13       0.000000000000e+00       7.279214836490e-17       6.120953566561e-18       7.008986153930e-19 
 2979       3.510195744236e-12       1.347350688831e-13      -2.884611576043e-13       0.000000000000e+00       7.268988265754e-17       6.126752669744e-18       6.920467651941e-19 
 2980       3.508025881270e-12       1.337266942580e-13      -2.873496998374e-13       0.000000000000e+00       7.258778905816e-17       6.136601024564e-18       6.818259097317e-19 
 2981       3.505778553336e-12       1.327237272635e-13      -2.862046246744e-13       0.000000000000e+00       7.248586703468e-17       6.150686214255e-18       6.701584694039e-19 
 2982       3.503450905413e-12       1.317265004829e-13      -2.850264016874e-13       0.000000000000e+00       7.238411605239e-17       6.169196309066e-18       6.569666619258e-19 
 2983       3.501040075120e-12       1.307353473662e-13      -2.838155018397e-13       0.000000000000e+00       7.228253557400e-17       6.192319866661e-18       6.421725021617e-19 
 2984       3.498544069857e-12       1.297504986801e-13      -2.825722242019e-13       0.000000000000e+00       7.218112543316e-17       6.220187744071e-18       6.257220719706e-19 
 2985       3.495964402943e-12       1.287717713029e-13      -2.812961751671e-13       0.000000000000e+00       7.207988695732e-17       6.252698220742e-18       6.076584602170e-19 
 2986       3.493303470409e-12       1.277988779038e-13      -2.799867866818e-13       0.000000000000e+00       7.197882185040e-17       6.289691017934e-18       5.880491804395e-19 
 2987       3.490563675025e-12       1.268315303538e-13      -2.786434892979e-13       0.000000000000e+00       7.187793181971e-17       6.331005408834e-18       5.669619335124e-19 
 2988       3.487747426312e-12       1.258694397246e-13      -2.772657121718e-13       0.000000000000e+00       7.177721857597e-17       6.376480218175e-18       5.444646078038e-19 
 2989       3.484857140545e-12       1.249123162886e-13      -2.758528830632e-13       0.000000000000e+00       7.167668383330e-17       6.425953821856e-18       5.206252793345e-19 
 2990       3.481895240759e-12       1.239598695178e-13      -2.744044283339e-13       0.000000000000e+00       7.157632930922e-17       6.479264146560e-18       4.955122119363e-19 
 2991       3.478864156754e-12       1.230118080832e-13      -2.729197729466e-13       0.000000000000e+00       7.147615672465e-17       6.536248669377e-18       4.691938574110e-19 
 2992       3.475766325105e-12       1.220678398539e-13      -2.713983404639e-13       0.000000000000e+00       7.137616780394e-17       6.596744417420e-18       4.417388556887e-19 
 2993       3.472604189160e-12       1.211276718972e-13      -2.698395530474e-13       0.000000000000e+00       7.127636427482e-17       6.660587967450e-18       4.132160349862e-19 
 2994       3.469380199053e-12       1.201910104767e-13      -2.682428314560e-13       0.000000000000e+00       7.117674786847e-17       6.727615445488e-18       3.836944119661e-19 
 2995       3.466096811705e-12       1.192575610529e-13      -2.666075950452e-13       0.000000000000e+00       7.107732031946e-17       6.797662526445e-18       3.532431918950e-19 
 2996       3.462756490833e-12       1.183270282816e-13      -2.649332617658e-13       0.000000000000e+00       7.097808336578e-17       6.870564433730e-18       3.219317688020e-19 
 2997       3.459361706953e-12       1.173991160136e-13      -2.632192481629e-13       0.000000000000e+00       7.087903874885e-17       6.946155938882e-18       2.898297256378e-19 
 2998       3.455914937389e-12       1.164735272940e-13      -2.614649693746e-13       0.000000000000e+00       7.078018821350e-17       7.024271361179e-18       2.570068344327e-19 
 2999       3.452418666274e-12       1.155499643615e-13      -2.596698391310e-13       0.000000000000e+00       7.068153350801e-17       7.104744567265e-18       2.235330564555e-19 
 3000       3.448875384561e-12       1.146281286478e-13      -2.578332697528e-13       0.000000000000e+00       7.058307638406e-17       7.187408970767e-18       1.894785423721e-19 
