    2       1.369476823794e-10       4.164538192973e-15       3.530329981136e-13       2.339965786732e-19       8.346735799181e-09       4.488287279068e-10      -1.838692901127e-12 
    3       1.297046181638e-10       5.355282805851e-15       3.960279251707e-13       4.680812947388e-19       5.106437280420e-09       3.178215083315e-10      -1.396461217763e-12 
    4       1.228362986100e-10       4.653107570284e-15       3.704696996589e-13       7.803298984987e-19       3.537295216416e-09       2.404621931553e-10      -9.174497889371e-13 
    5       1.176905109033e-10       3.119313451637e-15       3.157452838603e-13       1.170855893450e-18       2.632626090469e-09       1.898418155906e-10      -5.130233158745e-13 
    6       1.141664331027e-10       1.751316161762e-15       2.545174004361e-13       1.639797778917e-18       2.051637865395e-09       1.543885694402e-10      -2.138943326033e-13 
    7       1.118741627080e-10       9.470960550004e-16       1.999848891870e-13       2.187316916764e-18       1.651733599365e-09       1.283550706854e-10      -2.201532307020e-14 
    8       1.105480725535e-10       6.095007522700e-16       1.579435710566e-13       2.813595087072e-18       1.362494196670e-09       1.086160740182e-10       7.697808172456e-14 
    9       1.099506633234e-10       4.893784589854e-16       1.296882823072e-13       3.518831790385e-18       1.145513232514e-09       9.332557262917e-11       1.058687291464e-13 
   10       1.098429948460e-10       4.188476780336e-16       1.139560616358e-13       4.303241359337e-18       9.779605744502e-10       8.122999560240e-11       9.009993163797e-14 
   11       1.101802388417e-10       3.535140641688e-16       1.081285688674e-13       5.167049946035e-18       8.375022106603e-10       7.218026548875e-11       5.356515940690e-14 
   12       1.108028044701e-10       3.084837242924e-16       1.091659300077e-13       6.110492453172e-18       7.319553755833e-10       6.381253045974e-11       1.384448204612e-14 
   13       1.116618187880e-10       2.957242729836e-16       1.143830322438e-13       7.133809476654e-18       6.452887231654e-10       5.702166551393e-11      -1.689385127652e-14 
   14       1.127249528566e-10       3.079604025340e-16       1.217463421663e-13       8.237244325444e-18       5.731676995655e-10       5.113622985099e-11      -3.411641276580e-14 
   15       1.139673698173e-10       3.331502186193e-16       1.299622565904e-13       9.421040180469e-18       5.124527756589e-10       4.617091758974e-11      -3.781083114343e-14 
   16       1.153084122823e-10       3.681281989999e-16       1.383282028594e-13       1.068543744892e-17       4.608210110161e-10       4.188279439458e-11      -3.170482344067e-14 
   17       1.167868209845e-10       4.182403600237e-16       1.466301258898e-13       1.203067136336e-17       4.165210599069e-10       3.813543657410e-11      -2.090092874442e-14 
   18       1.183373326520e-10       4.891977988453e-16       1.551104885992e-13       1.345696977318e-17       3.780685968101e-10       3.487866580395e-11      -1.030160200346e-14 
   19       1.199719108331e-10       5.815322149146e-16       1.639800225237e-13       1.496455181507e-17       3.448429757765e-10       3.206118247319e-11      -2.603351000808e-15 
   20       1.216860550252e-10       6.933876319647e-16       1.733786411758e-13       1.655362540981e-17       3.155781725734e-10       2.955525669496e-11       3.364886314755e-16 
   21       1.234773912518e-10       8.240822186888e-16       1.832900578496e-13       1.822438764617e-17       2.898141126074e-10       2.731302477698e-11      -1.038969900744e-15 
   22       1.253149510972e-10       9.730181020595e-16       1.935667805645e-13       1.997702221242e-17       2.669306401584e-10       2.528135989212e-11      -5.091969911102e-15 
   23       1.272086065941e-10       1.140378695105e-15       2.038764239976e-13       2.181170138710e-17       2.466216209856e-10       2.345967230096e-11      -1.007004055063e-14 
   24       1.291584113103e-10       1.326413474042e-15       2.137815782794e-13       2.372858302698e-17       2.284235883307e-10       2.183931373786e-11      -1.405870163250e-14 
   25       1.311576166968e-10       1.531252468789e-15       2.229770946636e-13       2.572781318900e-17       2.120898413972e-10       2.039185963430e-11      -1.618649759152e-14 
   26       1.331849281729e-10       1.755140345835e-15       2.312072257387e-13       2.780952407080e-17       1.973008579344e-10       1.907059528435e-11      -1.605835706365e-14 
   27       1.352499884493e-10       1.999658076724e-15       2.383874009382e-13       2.997384092831e-17       1.839800579924e-10       1.786719666317e-11      -1.415022315605e-14 
   28       1.373569979840e-10       2.267034059380e-15       2.445053749455e-13       3.222087522823e-17       1.719661055515e-10       1.677178632622e-11      -1.143554583414e-14 
   29       1.394965138474e-10       2.559544490165e-15       2.495830419246e-13       3.455072486138e-17       1.609673847207e-10       1.576363560461e-11      -9.009570302007e-15 
   30       1.416744636728e-10       2.878387114548e-15       2.536862996587e-13       3.696348653484e-17       1.509233131411e-10       1.484077834723e-11      -7.282389433127e-15 
   31       1.438909928857e-10       3.224356122682e-15       2.569244437714e-13       3.945924691530e-17       1.417593730038e-10       1.399981729469e-11      -6.478545013330e-15 
   32       1.461365597384e-10       3.598171434257e-15       2.593981466662e-13       4.203808202025e-17       1.333306273405e-10       1.323044176073e-11      -6.734330854997e-15 
   33       1.484108577031e-10       4.000672509539e-15       2.610146632426e-13       4.470006863366e-17       1.255912116797e-10       1.252657678176e-11      -7.717842243689e-15 
   34       1.507084374554e-10       4.432682516869e-15       2.616027325088e-13       4.744527636476e-17       1.184726356915e-10       1.187791984416e-11      -8.854857843257e-15 
   35       1.530190914086e-10       4.894995878843e-15       2.609832445658e-13       5.027376751670e-17       1.118690044145e-10       1.127072633864e-11      -9.563450039776e-15 
   36       1.553505894924e-10       5.388531157989e-15       2.590565156027e-13       5.318560805259e-17       1.057632135593e-10       1.070312076912e-11      -9.763332679096e-15 
   37       1.577123669274e-10       5.914225167586e-15       2.557434204203e-13       5.618086019361e-17       1.001361597768e-10       1.017429870534e-11      -9.538750421957e-15 
   38       1.601086842037e-10       6.472989855686e-15       2.509619759703e-13       5.925957947284e-17       9.492858682204e-11       9.680062278553e-12      -9.006700666843e-15 
   39       1.625392873267e-10       7.065663917487e-15       2.446458452147e-13       6.242181653659e-17       9.006246565778e-11       9.214702841749e-12      -8.306780451329e-15 
   40       1.650032180324e-10       7.692852775050e-15       2.368080111438e-13       6.566762336675e-17       8.552291577073e-11       8.778200659885e-12      -7.560589570532e-15 
   41       1.674952299519e-10       8.355030596852e-15       2.274984210549e-13       6.899704912558e-17       8.129801565165e-11       8.370943720748e-12      -6.902595617857e-15 
   42       1.700040645980e-10       9.052576406572e-15       2.167883004448e-13       7.241013861064e-17       7.735435835312e-11       7.991585856059e-12      -6.493024239026e-15 
   43       1.725174753288e-10       9.785860995944e-15       2.047417239050e-13       7.590693125467e-17       7.364941185243e-11       7.637725490988e-12      -6.470339878901e-15 
   44       1.750404640809e-10       1.055555336900e-14       1.913168919926e-13       7.948745749609e-17       7.017748309085e-11       7.308558920593e-12      -6.787433539584e-15 
   45       1.775818109881e-10       1.136240036969e-14       1.764360949624e-13       8.315174145901e-17       6.693504217440e-11       7.002795249600e-12      -7.326882617055e-15 
   46       1.801488119333e-10       1.220714268498e-14       1.600120089996e-13       8.689980199999e-17       6.390692158577e-11       6.717797932251e-12      -7.943968123608e-15 
   47       1.827470857051e-10       1.309051508002e-14       1.419470213502e-13       9.073165274587e-17       6.106540878541e-11       6.449483918054e-12      -8.465071472103e-15 
   48       1.853801755164e-10       1.401313986614e-14       1.221511322263e-13       9.464729928125e-17       5.837877948584e-11       6.193504891571e-12      -8.734639943190e-15 
   49       1.880486706986e-10       1.497517124551e-14       1.006032025221e-13       9.864672968496e-17       5.584185916327e-11       5.949420064947e-12      -8.775479079466e-15 
   50       1.907505060975e-10       1.597655111554e-14       7.730581157675e-14       1.027299213910e-16       5.345251744876e-11       5.717526365584e-12      -8.670890249860e-15 
   51       1.934809477659e-10       1.701710199899e-14       5.226845399890e-14       1.068968437013e-16       5.120256436258e-11       5.497644471349e-12      -8.520900235488e-15 
   52       1.962323896280e-10       1.809652183171e-14       2.550781259158e-14       1.111474576780e-16       4.907732458234e-11       5.289083369290e-12      -8.443136007933e-15 
   53       1.989972017973e-10       1.921451508968e-14      -2.961948471647e-15       1.154817155151e-16       4.706024695475e-11       5.090938714148e-12      -8.542855937965e-15 
   54       2.017776034502e-10       2.037123775324e-14      -3.316186272164e-14       1.198995587112e-16       4.514910456837e-11       4.903159556211e-12      -8.811982598866e-15 
   55       2.045779743077e-10       2.156695767813e-14      -6.512340984040e-14       1.244009192392e-16       4.334321842402e-11       4.725694145815e-12      -9.205631583249e-15 
   56       2.074019515164e-10       2.280192876462e-14      -9.887941369237e-14       1.289857199002e-16       4.163857704287e-11       4.558159180707e-12      -9.670273464475e-15 
   57       2.102523542651e-10       2.407639146184e-14      -1.344641878377e-13       1.336538741934e-16       4.002762185586e-11       4.399818360559e-12      -1.014331534350e-14 
   58       2.131311084028e-10       2.539057327212e-14      -1.719136810457e-13       1.384052861872e-16       3.849903259319e-11       4.249560941486e-12      -1.055268239574e-14 
   59       2.160394743827e-10       2.674456313109e-14      -2.112548976011e-13       1.432398565897e-16       3.704084382728e-11       4.106204775631e-12      -1.083393302579e-14 
   60       2.189789641215e-10       2.813789933600e-14      -2.524709586685e-13       1.481575028996e-16       3.565112718653e-11       3.969536316851e-12      -1.098719611457e-14 
   61       2.219505042122e-10       2.956988664336e-14      -2.955281698908e-13       1.531581437148e-16       3.432941498473e-11       3.839474662702e-12      -1.103274023871e-14 
   62       2.249540875460e-10       3.103971028513e-14      -3.403858195884e-13       1.582416930226e-16       3.307348757239e-11       3.715758072386e-12      -1.099477497021e-14 
   63       2.279887082120e-10       3.254643219770e-14      -3.869959607061e-13       1.634080602813e-16       3.187927164657e-11       3.597933520763e-12      -1.090162678296e-14 
   64       2.310522963964e-10       3.408898725082e-14      -4.353031927600e-13       1.686571504999e-16       3.074073856086e-11       3.485346252353e-12      -1.078591495916e-14 
   65       2.341426817094e-10       3.566630165781e-14      -4.852568317190e-13       1.739888776055e-16       2.965156815394e-11       3.377322366089e-12      -1.067735912442e-14 
   66       2.372608665187e-10       3.727768582375e-14      -5.368509050921e-13       1.794032076505e-16       2.861077820489e-11       3.273784976796e-12      -1.057903628739e-14 
   67       2.404083315263e-10       3.892251820045e-14      -5.900922623454e-13       1.849001249268e-16       2.761810894140e-11       3.174750258445e-12      -1.048639504371e-14 
   68       2.435860328571e-10       4.060013009980e-14      -6.449890604393e-13       1.904796199323e-16       2.667231139415e-11       3.080140975728e-12      -1.039415061269e-14 
   69       2.467943657255e-10       4.230980534032e-14      -7.015508922905e-13       1.961416898224e-16       2.577109509181e-11       2.989781437525e-12      -1.029625463543e-14 
   70       2.500331281020e-10       4.405077989377e-14      -7.597889152351e-13       2.018863388635e-16       2.491107575614e-11       2.903392450376e-12      -1.018586497301e-14 
   71       2.533014843797e-10       4.582224153182e-14      -8.197159794906e-13       2.077135788842e-16       2.408772299698e-11       2.820586271949e-12      -1.005531550462e-14 
   72       2.565985395983e-10       4.762329448412e-14      -8.813376475552e-13       2.136234408181e-16       2.329652588254e-11       2.740969602421e-12      -9.898441253619e-15 
   73       2.599252704612e-10       4.945284634445e-14      -9.446229712411e-13       2.196160108871e-16       2.253686489896e-11       2.664486660111e-12      -9.718137575604e-15 
   74       2.632829010428e-10       5.130969871654e-14      -1.009528311330e-12       2.256914022134e-16       2.180879215029e-11       2.591133145933e-12      -9.520204132268e-15 
   75       2.666723030601e-10       5.319257914641e-14      -1.076005871467e-12       2.318497450387e-16       2.111185525318e-11       2.520851504352e-12      -9.311141299092e-15 
   76       2.700939734789e-10       5.510013997020e-14      -1.144003618659e-12       2.380911874302e-16       2.044507283730e-11       2.453528343466e-12      -9.098173738104e-15 
   77       2.735480121202e-10       5.703095716189e-14      -1.213465203762e-12       2.444158959857e-16       1.980691004575e-11       2.388991855104e-12      -8.889273970643e-15 
   78       2.770340992664e-10       5.898352918115e-14      -1.284329881976e-12       2.508240565398e-16       1.919525403546e-11       2.327009234906e-12      -8.693185950122e-15 
   79       2.805514732675e-10       6.095627582107e-14      -1.356532433342e-12       2.573158748690e-16       1.860738947762e-11       2.267284102417e-12      -8.519448634792e-15 
   80       2.840993602847e-10       6.294758829175e-14      -1.430008986823e-12       2.638915721592e-16       1.804067314334e-11       2.209530929873e-12      -8.376164249862e-15 
   81       2.876783987358e-10       6.495599202255e-14      -1.504715832310e-12       2.705513689492e-16       1.749474647688e-11       2.153718890127e-12      -8.262804866212e-15 
   82       2.912894225058e-10       6.698001016206e-14      -1.580613745779e-12       2.772954996734e-16       1.696966434583e-11       2.099865845421e-12      -8.176193752101e-15 
   83       2.949330169766e-10       6.901811465322e-14      -1.657662405228e-12       2.841242182520e-16       1.646521870930e-11       2.047963964000e-12      -8.112631814274e-15 
   84       2.986095050063e-10       7.106872602995e-14      -1.735820420500e-12       2.910377986997e-16       1.598092706431e-11       1.997978566283e-12      -8.067879405716e-15 
   85       3.023189329086e-10       7.313021321375e-14      -1.815045363097e-12       2.980365357337e-16       1.551602089224e-11       1.949846971038e-12      -8.037138133405e-15 
   86       3.060610564314e-10       7.520089331025e-14      -1.895293796002e-12       3.051207453828e-16       1.506943410531e-11       1.903477341563e-12      -8.015032666058e-15 
   87       3.098353267365e-10       7.727903140584e-14      -1.976521303498e-12       3.122907655958e-16       1.463979149293e-11       1.858747531855e-12      -7.995592541888e-15 
   88       3.136408763786e-10       7.936284036426e-14      -2.058682520984e-12       3.195469568501e-16       1.422539716824e-11       1.815503932791e-12      -7.972233976352e-15 
   89       3.174768435044e-10       8.145050637411e-14      -2.141729601415e-12       3.268896908791e-16       1.382463855580e-11       1.773599272491e-12      -7.939172448472e-15 
   90       3.213434332955e-10       8.354027062770e-14      -2.225607273911e-12       3.343193135009e-16       1.343729616623e-11       1.733015328067e-12      -7.895954062915e-15 
   91       3.252409979740e-10       8.563036013981e-14      -2.310257061336e-12       3.418361770527e-16       1.306341895203e-11       1.693757427088e-12      -7.843604800318e-15 
   92       3.291697045761e-10       8.771896331716e-14      -2.395618780985e-12       3.494406521777e-16       1.270292180281e-11       1.655816644723e-12      -7.783266214264e-15 
   93       3.331295259979e-10       8.980423014084e-14      -2.481630550979e-12       3.571331282554e-16       1.235558021703e-11       1.619169233500e-12      -7.716198673919e-15 
   94       3.371202320423e-10       9.188427234863e-14      -2.568228796669e-12       3.649140138325e-16       1.202102497380e-11       1.583776053062e-12      -7.643784606667e-15 
   95       3.411413804641e-10       9.395716361742e-14      -2.655348257025e-12       3.727837370532e-16       1.169873680466e-11       1.549581999931e-12      -7.567531740747e-15 
   96       3.451923080171e-10       9.602093974555e-14      -2.742921991040e-12       3.807427460901e-16       1.138804106529e-11       1.516515437263e-12      -7.489076347889e-15 
   97       3.492721214994e-10       9.807359883520e-14      -2.830881384123e-12       3.887915095745e-16       1.108810240740e-11       1.484487624608e-12      -7.410186485953e-15 
   98       3.533796888002e-10       1.001131014748e-13      -2.919156154501e-12       3.969305170271e-16       1.079791945040e-11       1.453392147671e-12      -7.332765241560e-15 
   99       3.575139220401e-10       1.021374171143e-13      -3.007675692224e-12       4.051602822660e-16       1.051655435198e-11       1.423130170632e-12      -7.258465621819e-15 
  100       3.616746921093e-10       1.041446702927e-13      -3.096373278775e-12       4.134813532506e-16       1.024387013959e-11       1.393691506929e-12      -7.187465980450e-15 
  101       3.658620276348e-10       1.061330155572e-13      -3.185182479797e-12       4.218943044385e-16       9.979888403205e-12       1.365084025541e-12      -7.119526358250e-15 
  102       3.700758290973e-10       1.081005938515e-13      -3.274035888068e-12       4.303997343929e-16       9.724561264119e-12       1.337308598866e-12      -7.054359913779e-15 
  103       3.743158634181e-10       1.100455332577e-13      -3.362865146051e-12       4.389982662499e-16       9.477768893963e-12       1.310358845483e-12      -6.991631458707e-15 
  104       3.785817585455e-10       1.119659497389e-13      -3.451600968443e-12       4.476905481845e-16       9.239317033746e-12       1.284220872910e-12      -6.930955993169e-15 
  105       3.828729980417e-10       1.138599478810e-13      -3.540173164726e-12       4.564772538778e-16       9.008934512889e-12       1.258873020369e-12      -6.871897241121e-15 
  106       3.871889156690e-10       1.157256216357e-13      -3.628510661720e-12       4.653590829833e-16       8.786270768253e-12       1.234285601539e-12      -6.813966185685e-15 
  107       3.915286899772e-10       1.175610550620e-13      -3.716541526129e-12       4.743367615939e-16       8.570893363174e-12       1.210420647322e-12      -6.756619604507e-15 
  108       3.958913388895e-10       1.193643230691e-13      -3.804192987094e-12       4.834110427083e-16       8.362285506500e-12       1.187231648598e-12      -6.699258605110e-15 
  109       4.002757142898e-10       1.211334921585e-13      -3.891391458743e-12       4.925827066979e-16       8.159843571618e-12       1.164663298987e-12      -6.641227160242e-15 
  110       4.046806962813e-10       1.228666691799e-13      -3.978063116009e-12       5.018525434024e-16       7.963013217490e-12       1.142664200877e-12      -6.581942544826e-15 
  111       4.091058158330e-10       1.245621530985e-13      -4.064135657472e-12       5.112212948114e-16       7.771722873965e-12       1.121227383556e-12      -6.521308761791e-15 
  112       4.135507020589e-10       1.262183041301e-13      -4.149536811375e-12       5.206897058864e-16       7.586001348310e-12       1.100354513235e-12      -6.459353530933e-15 
  113       4.180148862570e-10       1.278334986642e-13      -4.234193830187e-12       5.302585425590e-16       7.405843076395e-12       1.080043264971e-12      -6.396100950607e-15 
  114       4.224977984584e-10       1.294061304778e-13      -4.318033518594e-12       5.399285920173e-16       7.231207003903e-12       1.060287192823e-12      -6.331571329410e-15 
  115       4.269987639766e-10       1.309346119498e-13      -4.400982261483e-12       5.497006629914e-16       7.062015467551e-12       1.041075600022e-12      -6.265781017864e-15 
  116       4.315169999564e-10       1.324173752753e-13      -4.482966051934e-12       5.595755860403e-16       6.898153076298e-12       1.022393409126e-12      -6.198742240099e-15 
  117       4.360516119227e-10       1.338528736793e-13      -4.563910519207e-12       5.695542138372e-16       6.739465592565e-12       1.004221032191e-12      -6.130462925533e-15 
  118       4.406015903300e-10       1.352395826312e-13      -4.643740956727e-12       5.796374214564e-16       6.585758813447e-12       9.865342409284e-13      -6.060946540559e-15 
  119       4.451658071112e-10       1.365760010593e-13      -4.722382350074e-12       5.898261066589e-16       6.436797451932e-12       9.693040368707e-13      -5.990191920221e-15 
  120       4.497430122268e-10       1.378606525641e-13      -4.799759404971e-12       6.001211901788e-16       6.292304018111e-12       9.524965215331e-13      -5.918193099907e-15 
  121       4.543318302135e-10       1.390920866332e-13      -4.875796575273e-12       6.105236160092e-16       6.151957700395e-12       9.360727665772e-13      -5.844939147018e-15 
  122       4.589307567339e-10       1.402688798555e-13      -4.950418090951e-12       6.210343516886e-16       6.015393246730e-12       9.199886839736e-13      -5.770413992665e-15 
  123       4.635383392731e-10       1.413896844798e-13      -5.023548931224e-12       6.316543478700e-16       5.882279812063e-12       9.042054345281e-13      -5.694633956659e-15 
  124       4.681537500862e-10       1.424533778248e-13      -5.095117810915e-12       6.423844111600e-16       5.752570140419e-12       8.887222839763e-13      -5.617765562361e-15 
  125       4.727762728752e-10       1.434589324018e-13      -5.165054591511e-12       6.532253171425e-16       5.626278034187e-12       8.735472943473e-13      -5.540021002444e-15 
  126       4.774051225549e-10       1.444053716776e-13      -5.233289401819e-12       6.641778497533e-16       5.503400467318e-12       8.586870772420e-13      -5.461621784795e-15 
  127       4.820394432506e-10       1.452917716612e-13      -5.299752673384e-12       6.752428012455e-16       5.383917095697e-12       8.441467469110e-13      -5.382798860757e-15 
  128       4.866783062965e-10       1.461172624905e-13      -5.364375175917e-12       6.864209721558e-16       5.267789767519e-12       8.299298733311e-13      -5.303792753382e-15 
  129       4.913207082330e-10       1.468810300185e-13      -5.427088052714e-12       6.977131712698e-16       5.154962033667e-12       8.160384352819e-13      -5.224853685671e-15 
  130       4.959655688049e-10       1.475823174008e-13      -5.487822856086e-12       7.091202155881e-16       5.045358658081e-12       8.024727734236e-13      -5.146241708827e-15 
  131       5.006117289595e-10       1.482204266814e-13      -5.546511582780e-12       7.206429302918e-16       4.938885128138e-12       7.892315433728e-13      -5.068226830498e-15 
  132       5.052579488439e-10       1.487947203801e-13      -5.603086709403e-12       7.322821487086e-16       4.835427165028e-12       7.763116687805e-13      -4.991089143025e-15 
  133       5.099029058036e-10       1.493046230788e-13      -5.657481227845e-12       7.440387122783e-16       4.734850234122e-12       7.637082944081e-13      -4.915118951691e-15 
  134       5.145451923797e-10       1.497496230080e-13      -5.709628680707e-12       7.559134705188e-16       4.636999055355e-12       7.514147392051e-13      -4.840616902963e-15 
  135       5.191833143074e-10       1.501292736341e-13      -5.759463196722e-12       7.679072809914e-16       4.541697113596e-12       7.394224493853e-13      -4.767894112744e-15 
  136       5.238156885135e-10       1.504431952454e-13      -5.806919526178e-12       7.800210092674e-16       4.448746169027e-12       7.277209515044e-13      -4.697272294618e-15 
  137       5.284407800978e-10       1.506911040056e-13      -5.851933689862e-12       7.922555021472e-16       4.357968337072e-12       7.162999711623e-13      -4.629007470799e-15 
  138       5.330575335135e-10       1.508728991472e-13      -5.894444926678e-12       8.046115042659e-16       4.269338279086e-12       7.051561358783e-13      -4.563051923851e-15 
  139       5.376649824165e-10       1.509885878512e-13      -5.934394015670e-12       8.170897327532e-16       4.182863825982e-12       6.942868800853e-13      -4.499267740417e-15 
  140       5.422621135760e-10       1.510382603347e-13      -5.971722719541e-12       8.296909030031e-16       4.098544418644e-12       6.836883088684e-13      -4.437500664814e-15 
  141       5.468478657545e-10       1.510220916121e-13      -6.006373823970e-12       8.424157284696e-16       4.016370888497e-12       6.733551647882e-13      -4.377579742250e-15 
  142       5.514211285879e-10       1.509403432560e-13      -6.038291176933e-12       8.552649204632e-16       3.936325238077e-12       6.632807947030e-13      -4.319316962030e-15 
  143       5.559807414654e-10       1.507933651583e-13      -6.067419728018e-12       8.682391879463e-16       3.858380421608e-12       6.534571165912e-13      -4.262506900774e-15 
  144       5.605254924097e-10       1.505815972911e-13      -6.093705567747e-12       8.813392373297e-16       3.782500125573e-12       6.438745863744e-13      -4.206926365621e-15 
  145       5.650541169570e-10       1.503055714679e-13      -6.117095966891e-12       8.945657722685e-16       3.708638549283e-12       6.345221647393e-13      -4.152334037447e-15 
  146       5.695652970370e-10       1.499659131042e-13      -6.137539415788e-12       9.079194934578e-16       3.636740185451e-12       6.253872839608e-13      -4.098470114074e-15 
  147       5.740576598530e-10       1.495633429792e-13      -6.154985663663e-12       9.214010984294e-16       3.566739600766e-12       6.164558147241e-13      -4.045055953482e-15 
  148       5.785297767619e-10       1.490986789960e-13      -6.169385757948e-12       9.350112813469e-16       3.498561216462e-12       6.077120329478e-13      -3.991793717022e-15 
  149       5.829801621543e-10       1.485728379432e-13      -6.180692083593e-12       9.487507328025e-16       3.432119088894e-12       5.991385866060e-13      -3.938366012626e-15 
  150       5.874072723346e-10       1.479868372558e-13      -6.188858402392e-12       9.626201396127e-16       3.367316690106e-12       5.907164625510e-13      -3.884435538017e-15 
  151       5.918095044007e-10       1.473417967760e-13      -6.193839892298e-12       9.766201846142e-16       3.304046688407e-12       5.824249533360e-13      -3.829644723926e-15 
  152       5.961851951247e-10       1.466389405142e-13      -6.195593186741e-12       9.907515464600e-16       3.242190728938e-12       5.742416240375e-13      -3.773615377300e-15 
  153       6.005327427994e-10       1.458795823422e-13      -6.194076657101e-12       1.005014843982e-15       3.181643911738e-12       5.661473939767e-13      -3.716037225666e-15 
  154       6.048509878803e-10       1.450650778684e-13      -6.189251206925e-12       1.019410463887e-15       3.122391247514e-12       5.581423831305e-13      -3.656943560663e-15 
  155       6.091388657487e-10       1.441968714267e-13      -6.181079626833e-12       1.033938716584e-15       3.064437922159e-12       5.502314820396e-13      -3.596460651023e-15 
  156       6.133952864349e-10       1.432765134076e-13      -6.169526398212e-12       1.048599889696e-15       3.007785145019e-12       5.424193622020e-13      -3.534721238977e-15 
  157       6.176191341240e-10       1.423056619378e-13      -6.154557733775e-12       1.063394247575e-15       2.952430055245e-12       5.347104689461e-13      -3.471864636235e-15 
  158       6.218092666627e-10       1.412860845590e-13      -6.136141618114e-12       1.078322030811e-15       2.898365628150e-12       5.271090143028e-13      -3.408036819964e-15 
  159       6.259645150652e-10       1.402196599070e-13      -6.114247848260e-12       1.093383455753e-15       2.845580581563e-12       5.196189698779e-13      -3.343390528772e-15 
  160       6.300836830197e-10       1.391083793913e-13      -6.088848074236e-12       1.108578714018e-15       2.794059282187e-12       5.122440597248e-13      -3.278085358686e-15 
  161       6.341655463949e-10       1.379543488741e-13      -6.059915839619e-12       1.123907972003e-15       2.743781651951e-12       5.049877532169e-13      -3.212287859135e-15 
  162       6.382088527460e-10       1.367597903493e-13      -6.027426622090e-12       1.139371370405e-15       2.694723074365e-12       4.978532579199e-13      -3.146171628926e-15 
  163       6.422123208209e-10       1.355270436218e-13      -5.991357873996e-12       1.154969023728e-15       2.646854300879e-12       4.908435124644e-13      -3.079917412229e-15 
  164       6.461746400671e-10       1.342585679866e-13      -5.951689062903e-12       1.170701019802e-15       2.600141357233e-12       4.839611794186e-13      -3.013713194556e-15 
  165       6.500944701375e-10       1.329569439083e-13      -5.908401712154e-12       1.186567419292e-15       2.554545449816e-12       4.772086381602e-13      -2.947754298741e-15 
  166       6.539704403967e-10       1.316248746998e-13      -5.861479441427e-12       1.202568255216e-15       2.510022872021e-12       4.705879777494e-13      -2.882243480921e-15 
  167       6.578011494278e-10       1.302651882017e-13      -5.810908007287e-12       1.218703532456e-15       2.466524910597e-12       4.641009898010e-13      -2.817391026514e-15 
  168       6.615851645380e-10       1.288808384615e-13      -5.756675343748e-12       1.234973227271e-15       2.423997752007e-12       4.577491613571e-13      -2.753414846207e-15 
  169       6.653210212657e-10       1.274749074129e-13      -5.698771602826e-12       1.251377286816e-15       2.382382388783e-12       4.515336677596e-13      -2.690540571926e-15 
  170       6.690072228862e-10       1.260506065546e-13      -5.637189195097e-12       1.267915628646e-15       2.341614525878e-12       4.454553655225e-13      -2.629001652824e-15 
  171       6.726423383542e-10       1.246111810020e-13      -5.571922094345e-12       1.284588115952e-15       2.301637593022e-12       4.395145053443e-13      -2.568990092401e-15 
  172       6.762253063288e-10       1.231596091480e-13      -5.502963601538e-12       1.301394481920e-15       2.262443195343e-12       4.337098592160e-13      -2.510503849529e-15 
  173       6.797551556703e-10       1.216988810605e-13      -5.430308471254e-12       1.318334398102e-15       2.224033871818e-12       4.280395065334e-13      -2.453486838244e-15 
  174       6.832309091950e-10       1.202320951273e-13      -5.353953668088e-12       1.335407497550e-15       2.186410253004e-12       4.225010991989e-13      -2.397877036670e-15 
  175       6.866515835826e-10       1.187624593374e-13      -5.273898404196e-12       1.352613374238e-15       2.149571020866e-12       4.170918533516e-13      -2.343606381624e-15 
  176       6.900161892848e-10       1.172932925610e-13      -5.190144176856e-12       1.369951582471e-15       2.113512868605e-12       4.118085410985e-13      -2.290600663212e-15 
  177       6.933237304326e-10       1.158280258311e-13      -5.102694806020e-12       1.387421636300e-15       2.078230460482e-12       4.066474822446e-13      -2.238779419426e-15 
  178       6.965732047447e-10       1.143702036242e-13      -5.011556471867e-12       1.405023008940e-15       2.043716391648e-12       4.016045360240e-13      -2.188055830744e-15 
  179       6.997636034351e-10       1.129234851408e-13      -4.916737752359e-12       1.422755132182e-15       2.009961147971e-12       3.966750928304e-13      -2.138336614724e-15 
  180       7.028939111212e-10       1.114916455866e-13      -4.818249660793e-12       1.440617395807e-15       1.976953065861e-12       3.918540659475e-13      -2.089521920606e-15 
  181       7.059631057318e-10       1.100785774533e-13      -4.716105683357e-12       1.458609147004e-15       1.944678292101e-12       3.871358832800e-13      -2.041505223910e-15 
  182       7.089701584147e-10       1.086882917995e-13      -4.610321816683e-12       1.476729689780e-15       1.913120743670e-12       3.825144790840e-13      -1.994173221030e-15 
  183       7.119140334450e-10       1.073249195312e-13      -4.500916605402e-12       1.494978284377e-15       1.882262067572e-12       3.779832856981e-13      -1.947405723837e-15 
  184       7.147936881328e-10       1.059927126833e-13      -4.387911179695e-12       1.513354146689e-15       1.852081600665e-12       3.735352252731e-13      -1.901075554271e-15 
  185       7.176080727313e-10       1.046960456998e-13      -4.271329292851e-12       1.531856447672e-15       1.822556329485e-12       3.691627015038e-13      -1.855048438946e-15 
  186       7.203561303445e-10       1.034394167150e-13      -4.151197358822e-12       1.550484312760e-15       1.793660850075e-12       3.648575913587e-13      -1.809182903741e-15 
  187       7.230367968354e-10       1.022274488344e-13      -4.027544489769e-12       1.569236821282e-15       1.765367327812e-12       3.606112368113e-13      -1.763330168405e-15 
  188       7.256490007337e-10       1.010648914155e-13      -3.900402533627e-12       1.588113005874e-15       1.737645457234e-12       3.564144365704e-13      -1.717334041148e-15 
  189       7.281916631438e-10       9.995662134835e-14      -3.769806111650e-12       1.607111851894e-15       1.710462421867e-12       3.522574378108e-13      -1.671030813245e-15 
  190       7.306636976527e-10       9.890764433695e-14      -3.635792655971e-12       1.626232296839e-15       1.683782854052e-12       3.481299279040e-13      -1.624249153628e-15 
  191       7.330640834343e-10       9.792288820379e-14      -3.498400246848e-12       1.645473229912e-15       1.657575828436e-12       3.440231653370e-13      -1.576847871599e-15 
  192       7.353920908766e-10       9.700656282117e-14      -3.357660864987e-12       1.664833491933e-15       1.631836511985e-12       3.399365682069e-13      -1.528832587953e-15 
  193       7.376470727402e-10       9.616275452482e-14      -3.213606704210e-12       1.684311874293e-15       1.606566064302e-12       3.358716051348e-13      -1.480247632353e-15 
  194       7.398283926300e-10       9.539563036859e-14      -3.066272356398e-12       1.703907118222e-15       1.581764732959e-12       3.318296992580e-13      -1.431138980585e-15 
  195       7.419354251429e-10       9.470943872478e-14      -2.915694841842e-12       1.723617914200e-15       1.557431836337e-12       3.278122269607e-13      -1.381554273074e-15 
  196       7.439675560151e-10       9.410850988444e-14      -2.761913639597e-12       1.743442901374e-15       1.533565746473e-12       3.238205166048e-13      -1.331542833393e-15 
  197       7.459241822699e-10       9.359725665767e-14      -2.604970717840e-12       1.763380666969e-15       1.510163871902e-12       3.198558472600e-13      -1.281155686774e-15 
  198       7.478047123647e-10       9.318017497393e-14      -2.444910564220e-12       1.783429745710e-15       1.487222640496e-12       3.159194474348e-13      -1.230445578622e-15 
  199       7.496085663385e-10       9.286184448236e-14      -2.281780216213e-12       1.803588619232e-15       1.464737482313e-12       3.120124938069e-13      -1.179466993028e-15 
  200       7.513351759598e-10       9.264692915206e-14      -2.115629291477e-12       1.823855715496e-15       1.442702812439e-12       3.081361099542e-13      -1.128276171277e-15 
  201       7.529839848734e-10       9.254017787241e-14      -1.946510018207e-12       1.844229408205e-15       1.421112013826e-12       3.042913650848e-13      -1.076931130363e-15 
  202       7.545544487485e-10       9.254642505340e-14      -1.774477265487e-12       1.864708016219e-15       1.399957420142e-12       3.004792727681e-13      -1.025491681500e-15 
  203       7.560460354254e-10       9.267059122589e-14      -1.599588573645e-12       1.885289802968e-15       1.379230298609e-12       2.967007896651e-13      -9.740194486336e-16 
  204       7.574582250636e-10       9.291768364196e-14      -1.421904184608e-12       1.905972975873e-15       1.358920832848e-12       2.929568142594e-13      -9.225778869547e-16 
  205       7.587905102892e-10       9.329279687519e-14      -1.241487072253e-12       1.926755685753e-15       1.339018105724e-12       2.892481855873e-13      -8.712323014089e-16 
  206       7.600423963416e-10       9.380111342098e-14      -1.058402972766e-12       1.947636026245e-15       1.319510082184e-12       2.855756819687e-13      -8.200498652100e-16 
  207       7.612134012219e-10       9.444790429685e-14      -8.727204149928e-13       1.968612033220e-15       1.300383592106e-12       2.819400197378e-13      -7.690996383515e-16 
  208       7.623030558399e-10       9.523852964276e-14      -6.845107507935e-13       1.989681684196e-15       1.281624313139e-12       2.783418519735e-13      -7.184525861187e-16 
  209       7.633109041613e-10       9.617843932139e-14      -4.938481853970e-13       2.010842897750e-15       1.263216753544e-12       2.747817672301e-13      -6.681815976003e-16 
  210       7.642365033558e-10       9.727317351847e-14      -3.008098077553e-13       2.032093532942e-15       1.245144235042e-12       2.712602882679e-13      -6.183615042008e-16 
  211       7.650794239439e-10       9.852836334309e-14      -1.054756208975e-13       2.053431388720e-15       1.227388875653e-12       2.677778707837e-13      -5.690690981521e-16 
  212       7.658392499446e-10       9.994973142799e-14       9.207142771647e-14       2.074854203343e-15       1.209931572543e-12       2.643349021417e-13      -5.203831510257e-16 
  213       7.665156175567e-10       1.015427638548e-13       2.917497026095e-13       2.096359726268e-15       1.192755731861e-12       2.609317745446e-13      -4.723702841979e-16 
  214       7.671083338023e-10       1.033117000403e-13       4.934920322497e-13       2.117945940447e-15       1.175858774050e-12       2.575691126783e-13      -4.250414804598e-16 
  215       7.676172661835e-10       1.052604757660e-13       6.972333869882e-13       2.139610853918e-15       1.159241372693e-12       2.542475589942e-13      -3.783926700697e-16 
  216       7.680423051165e-10       1.073930454593e-13       9.029066531604e-13       2.161352428291e-15       1.142903770093e-12       2.509676995831e-13      -3.324185962356e-16 
  217       7.683833641804e-10       1.097133819285e-13       1.110442614017e-12       2.183168578345e-15       1.126845769979e-12       2.477300631017e-13      -2.871127963814e-16 
  218       7.686403803660e-10       1.122254760981e-13       1.319769930656e-12       2.205057171644e-15       1.111066730219e-12       2.445351196994e-13      -2.424675834122e-16 
  219       7.688133143249e-10       1.149333367432e-13       1.530815122954e-12       2.227016028136e-15       1.095565555522e-12       2.413832799447e-13      -1.984740269798e-16 
  220       7.689021506180e-10       1.178409902252e-13       1.743502550495e-12       2.249042919761e-15       1.080340690146e-12       2.382748937516e-13      -1.551219347479e-16 
  221       7.689068979647e-10       1.209524802263e-13       1.957754393507e-12       2.271135570055e-15       1.065390110611e-12       2.352102493067e-13      -1.123998336584e-16 
  222       7.688275894919e-10       1.242718674852e-13       2.173490633788e-12       2.293291653763e-15       1.050711318398e-12       2.321895719954e-13      -7.029495119630e-17 
  223       7.686642829824e-10       1.278032295312e-13       2.390629035638e-12       2.315508796434e-15       1.036301332664e-12       2.292130233286e-13      -2.879319665536e-17 
  224       7.684170611242e-10       1.315506604200e-13       2.609085126796e-12       2.337784574036e-15       1.022156682946e-12       2.262806998691e-13       1.212085759622e-17 
  225       7.680860317594e-10       1.355182704684e-13       2.828772179364e-12       2.360116512557e-15       1.008273401868e-12       2.233926321586e-13       5.246399485037e-17 
  226       7.676713281329e-10       1.397101859895e-13       3.049601190740e-12       2.382502087614e-15       9.946470178510e-13       2.205487836437e-13       9.225437279362e-17 
  227       7.671731091413e-10       1.441305490275e-13       3.271480864555e-12       2.404938724056e-15       9.812725478173e-13       2.177490496032e-13       1.315115422415e-16 
  228       7.665915595818e-10       1.487835170930e-13       3.494317591596e-12       2.427423795571e-15       9.681444899012e-13       2.149932560739e-13       1.702564658732e-16 
  229       7.659268904013e-10       1.536732628977e-13       3.718015430742e-12       2.449954624294e-15       9.552568161543e-13       2.122811587779e-13       2.085115369658e-16 
  230       7.651793389450e-10       1.588039740898e-13       3.942476089896e-12       2.472528480410e-15       9.426029652541e-13       2.096124420486e-13       2.463005981288e-16 
  231       7.643491692054e-10       1.641798529888e-13       4.167598906914e-12       2.495142581760e-15       9.301758352110e-13       2.069867177577e-13       2.836489600386e-16 
  232       7.634366720714e-10       1.698051163205e-13       4.393280830537e-12       2.517794093450e-15       9.179677760761e-13       2.044035242414e-13       3.205834201733e-16 
  233       7.624421655767e-10       1.756839949522e-13       4.619416401322e-12       2.540480127453e-15       9.059705826484e-13       2.018623252276e-13       3.571322815465e-16 
  234       7.613659951492e-10       1.818207336276e-13       4.845897732575e-12       2.563197742217e-15       8.941754871827e-13       1.993625087617e-13       3.933253714423e-16 
  235       7.602085338595e-10       1.882195907020e-13       5.072614491280e-12       2.585943942273e-15       8.825731520968e-13       1.969033861338e-13       4.291940601496e-16 
  236       7.589701826702e-10       1.948848378770e-13       5.299453879031e-12       2.608715677836e-15       8.711536626790e-13       1.944841908048e-13       4.647712796966e-16 
  237       7.576513706842e-10       2.018207599360e-13       5.526300612965e-12       2.631509844413e-15       8.599065197960e-13       1.921040773336e-13       5.000915425853e-16 
  238       7.562525502242e-10       2.090312653320e-13       5.753043518962e-12       2.654323438630e-15       8.488226609461e-13       1.897622380253e-13       5.351832059767e-16 
  239       7.547741812238e-10       2.165186923216e-13       5.979595793916e-12       2.677154036984e-15       8.379006743652e-13       1.874582629394e-13       5.700447054648e-16 
  240       7.532167463731e-10       2.242849299891e-13       6.205875934040e-12       2.699999345331e-15       8.271409472504e-13       1.851917996105e-13       6.046669177960e-16 
  241       7.515807564403e-10       2.323317998073e-13       6.431801227912e-12       2.722857045209e-15       8.165436682753e-13       1.829624364672e-13       6.390407882827e-16 
  242       7.498667505102e-10       2.406610545524e-13       6.657287751353e-12       2.745724793776e-15       8.061088245778e-13       1.807697020072e-13       6.731573331786e-16 
  243       7.480752962215e-10       2.492743772175e-13       6.882250362311e-12       2.768600223743e-15       7.958361987453e-13       1.786130639716e-13       7.070076420540e-16 
  244       7.462069900052e-10       2.581733799269e-13       7.106602695736e-12       2.791480943313e-15       7.857253658026e-13       1.764919285208e-13       7.405828801708e-16 
  245       7.442624573225e-10       2.673596028502e-13       7.330257158468e-12       2.814364536113e-15       7.757756901976e-13       1.744056394086e-13       7.738742908581e-16 
  246       7.422423529027e-10       2.768345131164e-13       7.553124924114e-12       2.837248561131e-15       7.659863227879e-13       1.723534771574e-13       8.068731978872e-16 
  247       7.401473609813e-10       2.865995037276e-13       7.775115927925e-12       2.860130552652e-15       7.563561978279e-13       1.703346582333e-13       8.395710078466e-16 
  248       7.379781955378e-10       2.966558924739e-13       7.996138861686e-12       2.883008020191e-15       7.468840299549e-13       1.683483342209e-13       8.719592125178e-16 
  249       7.357356005339e-10       3.070049208464e-13       8.216101168588e-12       2.905878448434e-15       7.375683111760e-13       1.663935909983e-13       9.040293912502e-16 
  250       7.334203501515e-10       3.176477529521e-13       8.434909038113e-12       2.928739297165e-15       7.284073078542e-13       1.644694479116e-13       9.357732133362e-16 
  251       7.310332490303e-10       3.285854744279e-13       8.652467400915e-12       2.951588001210e-15       7.193990576954e-13       1.625748569508e-13       9.671824403870e-16 
  252       7.285751325063e-10       3.398190913540e-13       8.868679923697e-12       2.974421970367e-15       7.105413667350e-13       1.607087019235e-13       9.982489287069e-16 
  253       7.260468668494e-10       3.513495291689e-13       9.083449004099e-12       2.997238589344e-15       7.018318063240e-13       1.588697976311e-13       1.028964631670e-15 
  254       7.234493495014e-10       3.631776315828e-13       9.296675765569e-12       3.020035217693e-15       6.932677101160e-13       1.570568890426e-13       1.059321602093e-15 
  255       7.207835093145e-10       3.753041594919e-13       9.508260052252e-12       3.042809189746e-15       6.848461710537e-13       1.552686504704e-13       1.089311994613e-15 
  256       7.180503067884e-10       3.877297898926e-13       9.718100423869e-12       3.065557814552e-15       6.765640383554e-13       1.535036847445e-13       1.118928068062e-15 
  257       7.152507343091e-10       4.004551147954e-13       9.926094150592e-12       3.088278375809e-15       6.684179145014e-13       1.517605223882e-13       1.148162187842e-15 
  258       7.123858163863e-10       4.134806401390e-13       1.013213720793e-11       3.110968131804e-15       6.604041522210e-13       1.500376207924e-13       1.177006828298e-15 
  259       7.094566098918e-10       4.268067847045e-13       1.033612427162e-11       3.133624315343e-15       6.525188514785e-13       1.483333633907e-13       1.205454575098e-15 
  260       7.064642042974e-10       4.404338790292e-13       1.053794871248e-11       3.156244133693e-15       6.447578564604e-13       1.466460588347e-13       1.233498127604e-15 
  261       7.034097219124e-10       4.543621643210e-13       1.073750259132e-11       3.178824768511e-15       6.371167525615e-13       1.449739401684e-13       1.261130301249e-15 
  262       7.002943181224e-10       4.685917913724e-13       1.093467665379e-11       3.201363375785e-15       6.295908633715e-13       1.433151640035e-13       1.288344029911e-15 
  263       6.971191816266e-10       4.831228194744e-13       1.112936032531e-11       3.223857085764e-15       6.221752476620e-13       1.416678096940e-13       1.315132368293e-15 
  264       6.938855346762e-10       4.979552153305e-13       1.132144170589e-11       3.246303002899e-15       6.148646963725e-13       1.400298785116e-13       1.341488494289e-15 
  265       6.905946333120e-10       5.130888519714e-13       1.151080756506e-11       3.268698205774e-15       6.076537295972e-13       1.383992928203e-13       1.367405711370e-15 
  266       6.872477088783e-10       5.285232532744e-13       1.169735119940e-11       3.291039958508e-15       6.005376360585e-13       1.367743352887e-13       1.392878611211e-15 
  267       6.838457885548e-10       5.442568143944e-13       1.188099648830e-11       3.313326357790e-15       5.935156602590e-13       1.351549946464e-13       1.417906626641e-15 
  268       6.803898655419e-10       5.602875368876e-13       1.206167513457e-11       3.335555720853e-15       5.865879825366e-13       1.335416914002e-13       1.442490676252e-15 
  269       6.768809570460e-10       5.766132777860e-13       1.223931892744e-11       3.357726377468e-15       5.797546909139e-13       1.319348442951e-13       1.466632025826e-15 
  270       6.733201044182e-10       5.932317480816e-13       1.241385975075e-11       3.379836670231e-15       5.730157798466e-13       1.303348702331e-13       1.490332292664e-15 
  271       6.697083732930e-10       6.101405112101e-13       1.258522959115e-11       3.401884954861e-15       5.663711489709e-13       1.287421841909e-13       1.513593449928e-15 
  272       6.660468537271e-10       6.273369815361e-13       1.275336054620e-11       3.423869600490e-15       5.598206018520e-13       1.271571991391e-13       1.536417830976e-15 
  273       6.623366603383e-10       6.448184228365e-13       1.291818483260e-11       3.445788989956e-15       5.533638447317e-13       1.255803259601e-13       1.558808133692e-15 
  274       6.585789324441e-10       6.625819467851e-13       1.307963479432e-11       3.467641520098e-15       5.470004852766e-13       1.240119733668e-13       1.580767424829e-15 
  275       6.547748342004e-10       6.806245114368e-13       1.323764291076e-11       3.489425602046e-15       5.407300313259e-13       1.224525478207e-13       1.602299144340e-15 
  276       6.509255547404e-10       6.989429197121e-13       1.339214180495e-11       3.511139661515e-15       5.345518896397e-13       1.209024534510e-13       1.623407109716e-15 
  277       6.470323083133e-10       7.175338178807e-13       1.354306425167e-11       3.532782139098e-15       5.284653646465e-13       1.193620919721e-13       1.644095520318e-15 
  278       6.430963344232e-10       7.363936940466e-13       1.369034318567e-11       3.554351490558e-15       5.224696571915e-13       1.178318626028e-13       1.664368961719e-15 
  279       6.391188979676e-10       7.555188766316e-13       1.383391170978e-11       3.575846187122e-15       5.165638632845e-13       1.163121619845e-13       1.684232410032e-15 
  280       6.351012893763e-10       7.749055328599e-13       1.397370310310e-11       3.597264715771e-15       5.107469728479e-13       1.148033840993e-13       1.703691236253e-15 
  281       6.310448247502e-10       7.945496672424e-13       1.410965082920e-11       3.618605579537e-15       5.050178684644e-13       1.133059201889e-13       1.722751210589e-15 
  282       6.269508460001e-10       8.144471200607e-13       1.424168854421e-11       3.639867297792e-15       4.993753241256e-13       1.118201586729e-13       1.741418506803e-15 
  283       6.228207209853e-10       8.345935658517e-13       1.436975010506e-11       3.661048406543e-15       4.938180039792e-13       1.103464850669e-13       1.759699706539e-15 
  284       6.186558436523e-10       8.549845118914e-13       1.449376957760e-11       3.682147458723e-15       4.883444610775e-13       1.088852819014e-13       1.777601803667e-15 
  285       6.144576341740e-10       8.756152966796e-13       1.461368124478e-11       3.703163024487e-15       4.829531361252e-13       1.074369286400e-13       1.795132208612e-15 
  286       6.102275390879e-10       8.964810884238e-13       1.472941961481e-11       3.724093691499e-15       4.776423562275e-13       1.060018015978e-13       1.812298752694e-15 
  287       6.059670314353e-10       9.175768835236e-13       1.484091942935e-11       3.744938065232e-15       4.724103336378e-13       1.045802738598e-13       1.829109692461e-15 
  288       6.016776108997e-10       9.388975050549e-13       1.494811567163e-11       3.765694769254e-15       4.672551645060e-13       1.031727151995e-13       1.845573714027e-15 
  289       5.973608039458e-10       9.604376012543e-13       1.505094357467e-11       3.786362445525e-15       4.621748276261e-13       1.017794919972e-13       1.861699937403e-15 
  290       5.930181639584e-10       9.821916440030e-13       1.514933862939e-11       3.806939754690e-15       4.571671831846e-13       1.004009671585e-13       1.877497920839e-15 
  291       5.886512713807e-10       1.004153927312e-12       1.524323659283e-11       3.827425376367e-15       4.522299715081e-13       9.903750003252e-14       1.892977665155e-15 
  292       5.842617338535e-10       1.026318565804e-12       1.533257349626e-11       3.847818009447e-15       4.473608118115e-13       9.768944633073e-14       1.908149618077e-15 
  293       5.798511863536e-10       1.048679493200e-12       1.541728565341e-11       3.868116372380e-15       4.425572009458e-13       9.635715804499e-14       1.923024678577e-15 
  294       5.754212913329e-10       1.071230460805e-12       1.549730966856e-11       3.888319203471e-15       4.378165121464e-13       9.504098336617e-14       1.937614201202e-15 
  295       5.709737388569e-10       1.093965035986e-12       1.557258244478e-11       3.908425261174e-15       4.331359937807e-13       9.374126660252e-14       1.951930000414e-15 
  296       5.665102467437e-10       1.116876600664e-12       1.564304119205e-11       3.928433324382e-15       4.285127680961e-13       9.245834809816e-14       1.965984354926e-15 
  297       5.620324561031e-10       1.139958529682e-12       1.570862987642e-11       3.948342357870e-15       4.239443725274e-13       9.119250297116e-14       1.979787302818e-15 
  298       5.575416120424e-10       1.163204738650e-12       1.576931889816e-11       3.968152016933e-15       4.194304153506e-13       8.994375419538e-14       1.993338372278e-15 
  299       5.530388676783e-10       1.186609159830e-12       1.582508638810e-11       3.987862167903e-15       4.149709982351e-13       8.871205025445e-14       2.006634456516e-15 
  300       5.485253873315e-10       1.210165563388e-12       1.587591186987e-11       4.007472725725e-15       4.105661804385e-13       8.749732533771e-14       2.019672487339e-15 
  301       5.440023465236e-10       1.233867556118e-12       1.592177627673e-11       4.026983654479e-15       4.062159782901e-13       8.629949917565e-14       2.032449435813e-15 
  302       5.394709319740e-10       1.257708580172e-12       1.596266196857e-11       4.046394967891e-15       4.019203646747e-13       8.511847687542e-14       2.044962312923e-15 
  303       5.349323415971e-10       1.281681911789e-12       1.599855274872e-11       4.065706729854e-15       3.976792685160e-13       8.395414875629e-14       2.057208170240e-15 
  304       5.303877844990e-10       1.305780660022e-12       1.602943388089e-11       4.084919054944e-15       3.934925742604e-13       8.280639018513e-14       2.069184100580e-15 
  305       5.258384809745e-10       1.329997765467e-12       1.605529210607e-11       4.104032108934e-15       3.893601213604e-13       8.167506141189e-14       2.080887238668e-15 
  306       5.212856625040e-10       1.354325998990e-12       1.607611565941e-11       4.123046109314e-15       3.852817037583e-13       8.056000740508e-14       2.092314761799e-15 
  307       5.167305717506e-10       1.378757960456e-12       1.609189428713e-11       4.141961325805e-15       3.812570693697e-13       7.946105768725e-14       2.103463890501e-15 
  308       5.121744625568e-10       1.403286077457e-12       1.610261926343e-11       4.160778080879e-15       3.772859195673e-13       7.837802617044e-14       2.114331889199e-15 
  309       5.076185999416e-10       1.427902604040e-12       1.610828340736e-11       4.179496750271e-15       3.733679086644e-13       7.731071099172e-14       2.124916066872e-15 
  310       5.030642600975e-10       1.452599619436e-12       1.610888109974e-11       4.198117763501e-15       3.695026433982e-13       7.625889434858e-14       2.135213777724e-15 
  311       4.985127303873e-10       1.477369026786e-12       1.610440830006e-11       4.216641604386e-15       3.656896824139e-13       7.522234233450e-14       2.145222421839e-15 
  312       4.939653093411e-10       1.502202551872e-12       1.609486256336e-11       4.235068811559e-15       3.619285357481e-13       7.420080477436e-14       2.154939445845e-15 
  313       4.894233066531e-10       1.527091741843e-12       1.608024305715e-11       4.253399978986e-15       3.582186643120e-13       7.319401505995e-14       2.164362343578e-15 
  314       4.848880431788e-10       1.552027963943e-12       1.606055057831e-11       4.271635756481e-15       3.545594793758e-13       7.220168998542e-14       2.173488656746e-15 
  315       4.803608509318e-10       1.577002404242e-12       1.603578756994e-11       4.289776850224e-15       3.509503420515e-13       7.122352958281e-14       2.182315975586e-15 
  316       4.758430730807e-10       1.602006066360e-12       1.600595813834e-11       4.307824023280e-15       3.473905627771e-13       7.025921695746e-14       2.190841939530e-15 
  317       4.713360639462e-10       1.627029770199e-12       1.597106806983e-11       4.325778096108e-15       3.438794007996e-13       6.930841812355e-14       2.199064237868e-15 
  318       4.668411889978e-10       1.652064150668e-12       1.593112484772e-11       4.343639947087e-15       3.404160636592e-13       6.837078183953e-14       2.206980610407e-15 
  319       4.623598248510e-10       1.677099656415e-12       1.588613766912e-11       4.361410513026e-15       3.369997066726e-13       6.744593944362e-14       2.214588848139e-15 
  320       4.578933592639e-10       1.702126548549e-12       1.583611746195e-11       4.379090789684e-15       3.336294324166e-13       6.653350468930e-14       2.221886793895e-15 
  321       4.534431911346e-10       1.727134899375e-12       1.578107690173e-11       4.396681832287e-15       3.303042902116e-13       6.563307358075e-14       2.228872343017e-15 
  322       4.490107304977e-10       1.752114591118e-12       1.572103042856e-11       4.414184756041e-15       3.270232756055e-13       6.474422420837e-14       2.235543444012e-15 
  323       4.445973985216e-10       1.777055314651e-12       1.565599426397e-11       4.431600736652e-15       3.237853298570e-13       6.386651658423e-14       2.241898099221e-15 
  324       4.402046275051e-10       1.801946568228e-12       1.558598642784e-11       4.448931010844e-15       3.205893394192e-13       6.299949247756e-14       2.247934365475e-15 
  325       4.358338608746e-10       1.826777656203e-12       1.551102675530e-11       4.466176876869e-15       3.174341354236e-13       6.214267525020e-14       2.253650354763e-15 
  326       4.314865531809e-10       1.851537687769e-12       1.543113691361e-11       4.483339695033e-15       3.143184931632e-13       6.129556969213e-14       2.259044234892e-15 
  327       4.271641700964e-10       1.876215575676e-12       1.534634041907e-11       4.500420888204e-15       3.112411315763e-13       6.045766185692e-14       2.264114230148e-15 
  328       4.228681884116e-10       1.900800034969e-12       1.525666265394e-11       4.517421942336e-15       3.082007127300e-13       5.962841889717e-14       2.268858621961e-15 
  329       4.186000960323e-10       1.925279581706e-12       1.516213088329e-11       4.534344406978e-15       3.051958413042e-13       5.880728890007e-14       2.273275749567e-15 
  330       4.143613919766e-10       1.949642531694e-12       1.506277427196e-11       4.551189895799e-15       3.022250640745e-13       5.799370072281e-14       2.277364010667e-15 
  331       4.101535863717e-10       1.973876999215e-12       1.495862390138e-11       4.567960087099e-15       2.992868693964e-13       5.718706382806e-14       2.281121862094e-15 
  332       4.059780837012e-10       1.997971770398e-12       1.484971307560e-11       4.584656667340e-15       2.963799695095e-13       5.638688455599e-14       2.284548356662e-15 
  333       4.018358269265e-10       2.021918968043e-12       1.473607821916e-11       4.601281157962e-15       2.935041621131e-13       5.559312088057e-14       2.287644778239e-15 
  334       3.977276378293e-10       2.045711500599e-12       1.461775805142e-11       4.617835082024e-15       2.906595053781e-13       5.480584281240e-14       2.290413079321e-15 
  335       3.936543322314e-10       2.069342197688e-12       1.449479331820e-11       4.634320020955e-15       2.878460383091e-13       5.402511732062e-14       2.292855352522e-15 
  336       3.896167198648e-10       2.092803809777e-12       1.436722680899e-11       4.650737615014e-15       2.850637805348e-13       5.325100829477e-14       2.294973831814e-15 
  337       3.856156042420e-10       2.116089007863e-12       1.423510337417e-11       4.667089563744e-15       2.823127320986e-13       5.248357650665e-14       2.296770893775e-15 
  338       3.816517825261e-10       2.139190383143e-12       1.409846994221e-11       4.683377626427e-15       2.795928732494e-13       5.172287957218e-14       2.298249058830e-15 
  339       3.777260454014e-10       2.162100446697e-12       1.395737553687e-11       4.699603622536e-15       2.769041642317e-13       5.096897191326e-14       2.299410992497e-15 
  340       3.738391769428e-10       2.184811629164e-12       1.381187129446e-11       4.715769432193e-15       2.742465450767e-13       5.022190471961e-14       2.300259506633e-15 
  341       3.699919544869e-10       2.207316280418e-12       1.366201048100e-11       4.731876996623e-15       2.716199353925e-13       4.948172591068e-14       2.300797560676e-15 
  342       3.661851485019e-10       2.229606669246e-12       1.350784850945e-11       4.747928318608e-15       2.690242341550e-13       4.874848009745e-14       2.301028262889e-15 
  343       3.624195224575e-10       2.251674983027e-12       1.334944295695e-11       4.763925462943e-15       2.664593194979e-13       4.802220854436e-14       2.300954871606e-15 
  344       3.586958326955e-10       2.273513327410e-12       1.318685358198e-11       4.779870556890e-15       2.639250485042e-13       4.730294913110e-14       2.300580796476e-15 
  345       3.550148283001e-10       2.295113725987e-12       1.302014234162e-11       4.795765790633e-15       2.614212569958e-13       4.659073631450e-14       2.299909599708e-15 
  346       3.513772509675e-10       2.316468119976e-12       1.284937340875e-11       4.811613417733e-15       2.589477593247e-13       4.588560109042e-14       2.298944997314e-15 
  347       3.477838348770e-10       2.337568367896e-12       1.267461318922e-11       4.827415755582e-15       2.565043481635e-13       4.518757095557e-14       2.297690860352e-15 
  348       3.442353065604e-10       2.358406245243e-12       1.249593033915e-11       4.843175185859e-15       2.540907942957e-13       4.449666986936e-14       2.296151216175e-15 
  349       3.407323847728e-10       2.378973444172e-12       1.231339578203e-11       4.858894154986e-15       2.517068464064e-13       4.381291821583e-14       2.294330249671e-15 
  350       3.372757803625e-10       2.399261573167e-12       1.212708272605e-11       4.874575174578e-15       2.493522308733e-13       4.313633276543e-14       2.292232304509e-15 
  351       3.338661961412e-10       2.419262156729e-12       1.193706668121e-11       4.890220821903e-15       2.470266515563e-13       4.246692663692e-14       2.289861884385e-15 
  352       3.305043267545e-10       2.438966635042e-12       1.174342547661e-11       4.905833740334e-15       2.447297895893e-13       4.180470925923e-14       2.287223654262e-15 
  353       3.271908585520e-10       2.458366363662e-12       1.154623927760e-11       4.921416639807e-15       2.424613031698e-13       4.114968633333e-14       2.284322441620e-15 
  354       3.239264694572e-10       2.477452613183e-12       1.134559060305e-11       4.936972297269e-15       2.402208273497e-13       4.050185979406e-14       2.281163237694e-15 
  355       3.207118288381e-10       2.496216568924e-12       1.114156434252e-11       4.952503557143e-15       2.380079738265e-13       3.986122777200e-14       2.277751198725e-15 
  356       3.175475973774e-10       2.514649330601e-12       1.093424777348e-11       4.968013331771e-15       2.358223307328e-13       3.922778455536e-14       2.274091647198e-15 
  357       3.144344269426e-10       2.532741912007e-12       1.072373057854e-11       4.983504601880e-15       2.336634624279e-13       3.860152055180e-14       2.270190073094e-15 
  358       3.113729604560e-10       2.550485240689e-12       1.051010486265e-11       4.998980417030e-15       2.315309092878e-13       3.798242225031e-14       2.266052135125e-15 
  359       3.083638317653e-10       2.567870157625e-12       1.029346517031e-11       5.014443896069e-15       2.294241874958e-13       3.737047218309e-14       2.261683661985e-15 
  360       3.054076655139e-10       2.584887416900e-12       1.007390850278e-11       5.029898227592e-15       2.273427888332e-13       3.676564888736e-14       2.257090653594e-15 
  361       3.025050770104e-10       2.601527685388e-12       9.851534335312e-12       5.045346670391e-15       2.252861804701e-13       3.616792686728e-14       2.252279282340e-15 
  362       2.996566720997e-10       2.617781542425e-12       9.626444634336e-12       5.060792553915e-15       2.232538047555e-13       3.557727655574e-14       2.247255894323e-15 
  363       2.968630470326e-10       2.633639479490e-12       9.398743874692e-12       5.076239278719e-15       2.212450790081e-13       3.499366427631e-14       2.242027010602e-15 
  364       2.941247883364e-10       2.649091899878e-12       9.168539056832e-12       5.091690316923e-15       2.192593953070e-13       3.441705220501e-14       2.236599328439e-15 
  365       2.914424726848e-10       2.664129118383e-12       8.935939724036e-12       5.107149212666e-15       2.172961202822e-13       3.384739833223e-14       2.230979722539e-15 
  366       2.888166667684e-10       2.678741360972e-12       8.701057979624e-12       5.122619582560e-15       2.153545949051e-13       3.328465642458e-14       2.225175246301e-15 
  367       2.862479271647e-10       2.692918764462e-12       8.464008504166e-12       5.138105116144e-15       2.134341342790e-13       3.272877598673e-14       2.219193133058e-15 
  368       2.837368002083e-10       2.706651376201e-12       8.224908572699e-12       5.153609576342e-15       2.115340274299e-13       3.217970222329e-14       2.213040797322e-15 
  369       2.812838218615e-10       2.719929153742e-12       7.983878071936e-12       5.169136799915e-15       2.096535370970e-13       3.163737600067e-14       2.206725836030e-15 
  370       2.788895175841e-10       2.732741964521e-12       7.741039517478e-12       5.184690697917e-15       2.077918995233e-13       3.110173380890e-14       2.200256029786e-15 
  371       2.765543439901e-10       2.745080849067e-12       7.496509215229e-12       5.200274898496e-15       2.059484631779e-13       3.057272059401e-14       2.193638168200e-15 
  372       2.742785115669e-10       2.756941865753e-12       7.250370329294e-12       5.215891658972e-15       2.041231113351e-13       3.005032888612e-14       2.186874472699e-15 
  373       2.720621547696e-10       2.768322395743e-12       7.002698794755e-12       5.231542912108e-15       2.023158556079e-13       2.953456112650e-14       2.179966036287e-15 
  374       2.699053894294e-10       2.779219893810e-12       6.753572087889e-12       5.247230620077e-15       2.005266984198e-13       2.902541690833e-14       2.172913987039e-15 
  375       2.678083125730e-10       2.789631889111e-12       6.503069235682e-12       5.262956774593e-15       1.987556329156e-13       2.852289294981e-14       2.165719488329e-15 
  376       2.657710022425e-10       2.799555985960e-12       6.251270825336e-12       5.278723397065e-15       1.970026428734e-13       2.802698306715e-14       2.158383739053e-15 
  377       2.637935173145e-10       2.808989864611e-12       5.998259013787e-12       5.294532538737e-15       1.952677026152e-13       2.753767814767e-14       2.150907973843e-15 
  378       2.618758973200e-10       2.817931282026e-12       5.744117537213e-12       5.310386280832e-15       1.935507769192e-13       2.705496612285e-14       2.143293463299e-15 
  379       2.600181622642e-10       2.826378072657e-12       5.488931720550e-12       5.326286734693e-15       1.918518209302e-13       2.657883194135e-14       2.135541514201e-15 
  380       2.582203124456e-10       2.834328149219e-12       5.232788487000e-12       5.342236041934e-15       1.901707800720e-13       2.610925754206e-14       2.127653469741e-15 
  381       2.564823282762e-10       2.841779503470e-12       4.975776367548e-12       5.358236374575e-15       1.885075899577e-13       2.564622182721e-14       2.119630709735e-15 
  382       2.548041701005e-10       2.848730206980e-12       4.717985510471e-12       5.374289935195e-15       1.868621763019e-13       2.518970063534e-14       2.111474650854e-15 
  383       2.531857780155e-10       2.855178411916e-12       4.459507690851e-12       5.390398957068e-15       1.852344548319e-13       2.473966671442e-14       2.103186746838e-15 
  384       2.516270716902e-10       2.861122351812e-12       4.200436320088e-12       5.406565704312e-15       1.836243311987e-13       2.429608969485e-14       2.094768488725e-15 
  385       2.501279501851e-10       2.866560342346e-12       3.940866455412e-12       5.422792472028e-15       1.820317008889e-13       2.385893606255e-14       2.086221405066e-15 
  386       2.486882917721e-10       2.871490782118e-12       3.680894809395e-12       5.439081586451e-15       1.804564491355e-13       2.342816913198e-14       2.077547062152e-15 
  387       2.473079537536e-10       2.875912153425e-12       3.420619759463e-12       5.455435405086e-15       1.788984508301e-13       2.300374901921e-14       2.068747064236e-15 
  388       2.459867722827e-10       2.879823023038e-12       3.160141357409e-12       5.471856316857e-15       1.773575704332e-13       2.258563261498e-14       2.059823053751e-15 
  389       2.447245621822e-10       2.883222042976e-12       2.899561338907e-12       5.488346742250e-15       1.758336618865e-13       2.217377355771e-14       2.050776711534e-15 
  390       2.435211167646e-10       2.886107951284e-12       2.638983133020e-12       5.504909133455e-15       1.743265685239e-13       2.176812220662e-14       2.041609757051e-15 
  391       2.423762076518e-10       2.888479572808e-12       2.378511871716e-12       5.521545974512e-15       1.728361229828e-13       2.136862561470e-14       2.032323948612e-15 
  392       2.412895845942e-10       2.890335819975e-12       2.118254399377e-12       5.538259781452e-15       1.713621471156e-13       2.097522750182e-14       2.022921083600e-15 
  393       2.402609752907e-10       2.891675693562e-12       1.858319282317e-12       5.555053102446e-15       1.699044519012e-13       2.058786822776e-14       2.013402998688e-15 
  394       2.392900852083e-10       2.892498283479e-12       1.598816818287e-12       5.571928517942e-15       1.684628373560e-13       2.020648476527e-14       2.003771570064e-15 
  395       2.383765974015e-10       2.892802769539e-12       1.339859045993e-12       5.588888640816e-15       1.670370924457e-13       1.983101067311e-14       1.994028713652e-15 
  396       2.375201723320e-10       2.892588422241e-12       1.081559754606e-12       5.605936116508e-15       1.656269949963e-13       1.946137606910e-14       1.984176385332e-15 
  397       2.367204476884e-10       2.891854603541e-12       8.240344932726e-13       5.623073623175e-15       1.642323116059e-13       1.909750760319e-14       1.974216581165e-15 
  398       2.359770382055e-10       2.890600767628e-12       5.674005806322e-13       5.640303871827e-15       1.628527975556e-13       1.873932843049e-14       1.964151337612e-15 
  399       2.352895354845e-10       2.888826461704e-12       3.117771143245e-13       5.657629606473e-15       1.614881967212e-13       1.838675818433e-14       1.953982731760e-15 
  400       2.346575078117e-10       2.886531326758e-12       5.728498050390e-14       5.675053604269e-15       1.601382414845e-13       1.803971294931e-14       1.943712881539e-15 
  401       2.340804999789e-10       2.883715098339e-12      -1.959531366484e-13       5.692578675656e-15       1.588026526447e-13       1.769810523437e-14       1.933343945946e-15 
  402       2.335580331028e-10       2.880377607339e-12      -4.478127454121e-13       5.710207664507e-15       1.574811393297e-13       1.736184394580e-14       1.922878125269e-15 
  403       2.330896044444e-10       2.876518780763e-12      -6.981675370157e-13       5.727943448271e-15       1.561733989074e-13       1.703083436032e-14       1.912317661307e-15 
  404       2.326746872286e-10       2.872138642509e-12      -9.468893761241e-13       5.745788938114e-15       1.548791168975e-13       1.670497809813e-14       1.901664837589e-15 
  405       2.323127304640e-10       2.867237314140e-12      -1.193848291326e-12       5.763747079068e-15       1.535979668822e-13       1.638417309597e-14       1.890921979604e-15 
  406       2.320031587626e-10       2.861815015665e-12      -1.438912465622e-12       5.781820850170e-15       1.523296104181e-13       1.606831358013e-14       1.880091455012e-15 
  407       2.317453721589e-10       2.855872066312e-12      -1.681948226913e-12       5.800013264608e-15       1.510736969476e-13       1.575729003954e-14       1.869175673877e-15 
  408       2.315387459300e-10       2.849408885306e-12      -1.922820038485e-12       5.818327369864e-15       1.498298637098e-13       1.545098919884e-14       1.858177088880e-15 
  409       2.313826304150e-10       2.842425992643e-12      -2.161390489502e-12       5.836766247858e-15       1.485977356523e-13       1.514929399135e-14       1.847098195547e-15 
  410       2.312763941527e-10       2.834924690144e-12      -2.397534367830e-12       5.855332563191e-15       1.473769912138e-13       1.485210119538e-14       1.835941245954e-15 
  411       2.312195553452e-10       2.826909129616e-12      -2.631181447114e-12       5.874027189941e-15       1.461675624197e-13       1.455937508593e-14       1.824707378234e-15 
  412       2.312116546963e-10       2.818384319468e-12      -2.862275196471e-12       5.892850536509e-15       1.449694416995e-13       1.427109563030e-14       1.813397456673e-15 
  413       2.312522123644e-10       2.809355452303e-12      -3.090758835543e-12       5.911802992957e-15       1.437826166140e-13       1.398724098220e-14       1.802012355462e-15 
  414       2.313407278138e-10       2.799827906184e-12      -3.316575335021e-12       5.930884930823e-15       1.426070698135e-13       1.370778746740e-14       1.790552958710e-15 
  415       2.314766796644e-10       2.789807245894e-12      -3.539667417159e-12       5.950096702949e-15       1.414427789962e-13       1.343270956936e-14       1.779020160463e-15 
  416       2.316595255425e-10       2.779299224191e-12      -3.759977556286e-12       5.969438643300e-15       1.402897168666e-13       1.316197991485e-14       1.767414864722e-15 
  417       2.318887019312e-10       2.768309783075e-12      -3.977447979329e-12       5.988911066786e-15       1.391478510935e-13       1.289556925958e-14       1.755737985464e-15 
  418       2.321636240207e-10       2.756845055046e-12      -4.192020666322e-12       6.008514269085e-15       1.380171442685e-13       1.263344647385e-14       1.743990446655e-15 
  419       2.324836855592e-10       2.744911364363e-12      -4.403637350927e-12       6.028248526466e-15       1.368975538642e-13       1.237557852817e-14       1.732173182270e-15 
  420       2.328482587026e-10       2.732515228309e-12      -4.612239520948e-12       6.048114095607e-15       1.357890321925e-13       1.212193047886e-14       1.720287136311e-15 
  421       2.332566938657e-10       2.719663358445e-12      -4.817768418848e-12       6.068111213423e-15       1.346915263628e-13       1.187246545372e-14       1.708333262826e-15 
  422       2.337083195722e-10       2.706362661878e-12      -5.020165042264e-12       6.088240096882e-15       1.336049782406e-13       1.162714463765e-14       1.696312525924e-15 
  423       2.342024423053e-10       2.692620242516e-12      -5.219370144524e-12       6.108500942832e-15       1.325293244052e-13       1.138592725826e-14       1.684225899797e-15 
  424       2.347383463581e-10       2.678443402331e-12      -5.415324235162e-12       6.128893927819e-15       1.314644961087e-13       1.114877057151e-14       1.672074368733e-15 
  425       2.353152936843e-10       2.663839642619e-12      -5.607967580436e-12       6.149419207914e-15       1.304104192338e-13       1.091562984737e-14       1.659858927138e-15 
  426       2.359325237480e-10       2.648816665260e-12      -5.797240203843e-12       6.170076918529e-15       1.293670142520e-13       1.068645835538e-14       1.647580579551e-15 
  427       2.365892533748e-10       2.633382373980e-12      -5.983081886633e-12       6.190867174242e-15       1.283341961823e-13       1.046120735035e-14       1.635240340664e-15 
  428       2.372846766022e-10       2.617544875611e-12      -6.165432168329e-12       6.211790068623e-15       1.273118745493e-13       1.023982605797e-14       1.622839235339e-15 
  429       2.380179645296e-10       2.601312481352e-12      -6.344230347240e-12       6.232845674046e-15       1.262999533414e-13       1.002226166039e-14       1.610378298626e-15 
  430       2.387882651691e-10       2.584693708026e-12      -6.519415480978e-12       6.254034041523e-15       1.252983309691e-13       9.808459281933e-15       1.597858575781e-15 
  431       2.395947032958e-10       2.567697279347e-12      -6.690926386976e-12       6.275355200517e-15       1.243069002234e-13       9.598361974656e-15       1.585281122284e-15 
  432       2.404363802986e-10       2.550332127176e-12      -6.858701642999e-12       6.296809158768e-15       1.233255482340e-13       9.391910704014e-15       1.572647003854e-15 
  433       2.413123740301e-10       2.532607392782e-12      -7.022679587668e-12       6.318395902114e-15       1.223541564276e-13       9.189044334480e-15       1.559957296473e-15 
  434       2.422217386574e-10       2.514532428103e-12      -7.182798320967e-12       6.340115394314e-15       1.213926004861e-13       8.989699615174e-15       1.547213086400e-15 
  435       2.431635045124e-10       2.496116797008e-12      -7.338995704766e-12       6.361967576869e-15       1.204407503051e-13       8.793811165496e-15       1.534415470186e-15 
  436       2.441366779424e-10       2.477370276557e-12      -7.491209363334e-12       6.383952368843e-15       1.194984699520e-13       8.601311460750e-15       1.521565554699e-15 
  437       2.451402411605e-10       2.458302858258e-12      -7.639376683856e-12       6.406069666690e-15       1.185656176243e-13       8.412130817780e-15       1.508664457135e-15 
  438       2.461731520959e-10       2.438924749335e-12      -7.783434816947e-12       6.428319344068e-15       1.176420456080e-13       8.226197380595e-15       1.495713305042e-15 
  439       2.472343442445e-10       2.419246373980e-12      -7.923320677173e-12       6.450701251670e-15       1.167276002357e-13       8.043437106000e-15       1.482713236333e-15 
  440       2.483227265193e-10       2.399278374620e-12      -8.058970943560e-12       6.473215217038e-15       1.158221218450e-13       7.863773749227e-15       1.469665399305e-15 
  441       2.494371831010e-10       2.379031613175e-12      -8.190322060118e-12       6.495861044390e-15       1.149254447371e-13       7.687128849561e-15       1.456570952660e-15 
  442       2.505765732881e-10       2.358517172319e-12      -8.317310236350e-12       6.518638514442e-15       1.140373971342e-13       7.513421715973e-15       1.443431065519e-15 
  443       2.517397313478e-10       2.337746356739e-12      -8.439871447772e-12       6.541547384226e-15       1.131578011387e-13       7.342569412747e-15       1.430246917440e-15 
  444       2.529254663659e-10       2.316730694400e-12      -8.557941436428e-12       6.564587386916e-15       1.122864726912e-13       7.174486745113e-15       1.417019698440e-15 
  445       2.541325620979e-10       2.295481937799e-12      -8.671455711407e-12       6.587758231649e-15       1.114232215285e-13       7.009086244872e-15       1.403750609010e-15 
  446       2.553597768188e-10       2.274012065232e-12      -8.780349549359e-12       6.611059603348e-15       1.105678511421e-13       6.846278156030e-15       1.390440860130e-15 
  447       2.566058431740e-10       2.252333282051e-12      -8.884557995007e-12       6.634491162540e-15       1.097201587366e-13       6.685970420422e-15       1.377091673294e-15 
  448       2.578694680297e-10       2.230458021925e-12      -8.984015861670e-12       6.658052545182e-15       1.088799351880e-13       6.528068663349e-15       1.363704280520e-15 
  449       2.591494543232e-10       2.208398453124e-12      -9.078669164697e-12       6.681743128901e-15       1.080470006403e-13       6.372493895459e-15       1.350279905387e-15 
  450       2.604450712617e-10       2.186164977208e-12      -9.168509828163e-12       6.705561323737e-15       1.072213126507e-13       6.219236278474e-15       1.336819705401e-15 
  451       2.617556958125e-10       2.163767684222e-12      -9.253542102637e-12       6.729505258092e-15       1.064028614635e-13       6.068303071570e-15       1.323324827800e-15 
  452       2.630806917093e-10       2.141216844242e-12      -9.333771241080e-12       6.753573009920e-15       1.055916346666e-13       5.919701068582e-15       1.309796428372e-15 
  453       2.644194093750e-10       2.118522908346e-12      -9.409203506150e-12       6.777762606408e-15       1.047876171716e-13       5.773436594146e-15       1.296235671465e-15 
  454       2.657711858444e-10       2.095696509577e-12      -9.479846177507e-12       6.802072023662e-15       1.039907911929e-13       5.629515499856e-15       1.282643729997e-15 
  455       2.671353446876e-10       2.072748463910e-12      -9.545707559121e-12       6.826499186392e-15       1.032011362273e-13       5.487943160417e-15       1.269021785456e-15 
  456       2.685111959323e-10       2.049689771221e-12      -9.606796986579e-12       6.851041967590e-15       1.024186290332e-13       5.348724469790e-15       1.255371027913e-15 
  457       2.698980359872e-10       2.026531616249e-12      -9.663124834389e-12       6.875698188218e-15       1.016432436105e-13       5.211863837348e-15       1.241692656024e-15 
  458       2.712951475646e-10       2.003285369570e-12      -9.714702523285e-12       6.900465616889e-15       1.008749511795e-13       5.077365184028e-15       1.227987877038e-15 
  459       2.727017996036e-10       1.979962588555e-12      -9.761542527540e-12       6.925341969553e-15       1.001137201607e-13       4.945231938480e-15       1.214257906805e-15 
  460       2.741172471925e-10       1.956575018343e-12      -9.803658382263e-12       6.950324909175e-15       9.935951615447e-14       4.815467033219e-15       1.200503969782e-15 
  461       2.755407314925e-10       1.933134592804e-12      -9.841064690713e-12       6.975412045424e-15       9.861230191986e-14       4.688072900778e-15       1.186727299036e-15 
  462       2.769714796597e-10       1.909653435509e-12      -9.873777131601e-12       7.000600934353e-15       9.787203735458e-14       4.563051469858e-15       1.172929136259e-15 
  463       2.784087047686e-10       1.886143860693e-12      -9.901812466397e-12       7.025889078084e-15       9.713867947425e-14       4.440404161480e-15       1.159110731764e-15 
  464       2.798516057351e-10       1.862618374224e-12      -9.925188546637e-12       7.051273924489e-15       9.641218239186e-14       4.320131885136e-15       1.145273344500e-15 
  465       2.812993672387e-10       1.839089674567e-12      -9.943924321229e-12       7.076752866877e-15       9.569249729728e-14       4.202235034940e-15       1.131418242055e-15 
  466       2.827511596463e-10       1.815570653754e-12      -9.958039843757e-12       7.102323243673e-15       9.497957243664e-14       4.086713485783e-15       1.117546700664e-15 
  467       2.842061389344e-10       1.792074398349e-12      -9.967556279793e-12       7.127982338105e-15       9.427335309181e-14       3.973566589477e-15       1.103660005213e-15 
  468       2.856634466124e-10       1.768614190415e-12      -9.972495914195e-12       7.153727377885e-15       9.357378155988e-14       3.862793170917e-15       1.089759449249e-15 
  469       2.871222096453e-10       1.745203508477e-12      -9.972882158420e-12       7.179555534894e-15       9.288079713256e-14       3.754391524221e-15       1.075846334984e-15 
  470       2.885815403768e-10       1.721856028497e-12      -9.968739557830e-12       7.205463924863e-15       9.219433607566e-14       3.648359408890e-15       1.061921973303e-15 
  471       2.900405364521e-10       1.698585624832e-12      -9.960093798991e-12       7.231449607060e-15       9.151433160854e-14       3.544694045957e-15       1.047987683770e-15 
  472       2.914982807406e-10       1.675406371203e-12      -9.946971716989e-12       7.257509583968e-15       9.084071388357e-14       3.443392114137e-15       1.034044794636e-15 
  473       2.929538412594e-10       1.652332541666e-12      -9.929401302729e-12       7.283640800974e-15       9.017340996553e-14       3.344449745978e-15       1.020094642844e-15 
  474       2.944062710954e-10       1.629378611572e-12      -9.907411710244e-12       7.309840146049e-15       8.951234381114e-14       3.247862524015e-15       1.006138574035e-15 
  475       2.958546083288e-10       1.606559258540e-12      -9.881033264003e-12       7.336104449430e-15       8.885743624845e-14       3.153625476922e-15       9.921779425574e-16 
  476       2.972978759561e-10       1.583889363417e-12      -9.850297466212e-12       7.362430483308e-15       8.820860495630e-14       3.061733075660e-15       9.782141114700e-16 
  477       2.987350818122e-10       1.561384011251e-12      -9.815237004127e-12       7.388814961508e-15       8.756576444381e-14       2.972179229630e-15       9.642484525521e-16 
  478       3.001652184943e-10       1.539058492253e-12      -9.775885757353e-12       7.415254539171e-15       8.692882602978e-14       2.884957282825e-15       9.502823463079e-16 
  479       3.015872632842e-10       1.516928302765e-12      -9.732278805158e-12       7.441745812442e-15       8.629769782217e-14       2.800060009981e-15       9.363171819740e-16 
  480       3.030001780712e-10       1.495009146227e-12      -9.684452433771e-12       7.468285318148e-15       8.567228469755e-14       2.717479612730e-15       9.223543575255e-16 
  481       3.044029092755e-10       1.473316934146e-12      -9.632444143696e-12       7.494869533487e-15       8.505248828053e-14       2.637207715748e-15       9.083952796832e-16 
  482       3.057943877705e-10       1.451867787056e-12      -9.576292657012e-12       7.521494875704e-15       8.443820692323e-14       2.559235362910e-15       8.944413639197e-16 
  483       3.071735288061e-10       1.430678035490e-12      -9.516037924683e-12       7.548157701782e-15       8.382933568475e-14       2.483553013438e-15       8.804940344661e-16 
  484       3.085392319314e-10       1.409764220948e-12      -9.451721133863e-12       7.574854308120e-15       8.322576631057e-14       2.410150538057e-15       8.665547243189e-16 
  485       3.098903809178e-10       1.389143096857e-12      -9.383384715202e-12       7.601580930219e-15       8.262738721205e-14       2.339017215143e-15       8.526248752465e-16 
  486       3.112258436817e-10       1.368831629544e-12      -9.311072350152e-12       7.628333742364e-15       8.203408344583e-14       2.270141726873e-15       8.387059377954e-16 
  487       3.125444722076e-10       1.348846999198e-12      -9.234828978276e-12       7.655108857308e-15       8.144573669334e-14       2.203512155382e-15       8.247993712976e-16 
  488       3.138452439038e-10       1.329204991162e-12      -9.154702894844e-12       7.681902498683e-15       8.086224464737e-14       2.139114187449e-15       8.109065675952e-16 
  489       3.151276904617e-10       1.309915115087e-12      -9.070752097557e-12       7.708711524540e-15       8.028357984931e-14       2.076925677524e-15       7.970286197025e-16 
  490       3.163914816267e-10       1.290985342210e-12      -8.983038143383e-12       7.735532918787e-15       7.970973256503e-14       2.016921915078e-15       7.831665462624e-16 
  491       3.176362849145e-10       1.272423702035e-12      -8.891624083694e-12       7.762363619646e-15       7.914069152553e-14       1.959077396669e-15       7.693213671726e-16 
  492       3.188617656057e-10       1.254238282493e-12      -8.796574472631e-12       7.789200519422e-15       7.857644391616e-14       1.903365821197e-15       7.554941035537e-16 
  493       3.200675867397e-10       1.236437230097e-12      -8.697955375454e-12       7.816040464272e-15       7.801697536580e-14       1.849760085153e-15       7.416857777174e-16 
  494       3.212534091085e-10       1.219028750100e-12      -8.595834376906e-12       7.842880253976e-15       7.746226993611e-14       1.798232277869e-15       7.278974131351e-16 
  495       3.224188912509e-10       1.202021106651e-12      -8.490280589567e-12       7.869716641707e-15       7.691231011070e-14       1.748753676771e-15       7.141300344059e-16 
  496       3.235636894463e-10       1.185422622954e-12      -8.381364662209e-12       7.896546333801e-15       7.636707678436e-14       1.701294742627e-15       7.003846672248e-16 
  497       3.246874577092e-10       1.169241681423e-12      -8.269158788160e-12       7.923365989528e-15       7.582654925228e-14       1.655825114797e-15       6.866623383510e-16 
  498       3.257898477828e-10       1.153486723842e-12      -8.153736713656e-12       7.950172220862e-15       7.529070519925e-14       1.612313606489e-15       6.729640755763e-16 
  499       3.268705091333e-10       1.138166251519e-12      -8.035173746198e-12       7.976961592248e-15       7.475952068885e-14       1.570728200001e-15       6.592909076931e-16 
  500       3.279290889435e-10       1.123288825445e-12      -7.913546762913e-12       8.003730620378e-15       7.423297015270e-14       1.531036041981e-15       6.456438644631e-16 
  501       3.289652321075e-10       1.108863066449e-12      -7.788934218910e-12       8.030475773958e-15       7.371102637964e-14       1.493203438669e-15       6.320239765850e-16 
  502       3.299785812241e-10       1.094897655361e-12      -7.661416155637e-12       8.057193473476e-15       7.319366050495e-14       1.457195851153e-15       6.184322756629e-16 
  503       3.309687765913e-10       1.081401333162e-12      -7.531074209236e-12       8.083880090975e-15       7.268084199956e-14       1.422977890620e-15       6.048697941749e-16 
  504       3.319354561998e-10       1.068382901145e-12      -7.397991618906e-12       8.110531949826e-15       7.217253865925e-14       1.390513313601e-15       5.913375654411e-16 
  505       3.328782557276e-10       1.055851221070e-12      -7.262253235254e-12       8.137145324490e-15       7.166871659390e-14       1.359765017228e-15       5.778366235916e-16 
  506       3.337968085338e-10       1.043815215324e-12      -7.123945528657e-12       8.163716440295e-15       7.116934021663e-14       1.330695034481e-15       5.643680035353e-16 
  507       3.346907456524e-10       1.032283867077e-12      -6.983156597618e-12       8.190241473205e-15       7.067437223309e-14       1.303264529440e-15       5.509327409278e-16 
  508       3.355596957868e-10       1.021266220438e-12      -6.839976177122e-12       8.216716549588e-15       7.018377363059e-14       1.277433792533e-15       5.375318721395e-16 
  509       3.364032853032e-10       1.010771380613e-12      -6.694495646996e-12       8.243137745989e-15       6.969750366738e-14       1.253162235791e-15       5.241664342244e-16 
  510       3.372211382253e-10       1.000808514062e-12      -6.546808040264e-12       8.269501088896e-15       6.921551986182e-14       1.230408388096e-15       5.108374648878e-16 
  511       3.380128762278e-10       9.913868486560e-13      -6.397008051505e-12       8.295802554515e-15       6.873777798161e-14       1.209129890429e-15       4.975460024548e-16 
  512       3.387781186309e-10       9.825156738356e-13      -6.245192045211e-12       8.322038068537e-15       6.826423203296e-14       1.189283491128e-15       4.842930858386e-16 
  513       3.395164823937e-10       9.742043407657e-13      -6.091458064144e-12       8.348203505911e-15       6.779483424988e-14       1.170825041129e-15       4.710797545086e-16 
  514       3.402275821090e-10       9.664622624945e-13      -5.935905837694e-12       8.374294690609e-15       6.732953508329e-14       1.153709489226e-15       4.579070484589e-16 
  515       3.409110299967e-10       9.592989141098e-13      -5.778636790233e-12       8.400307395402e-15       6.686828319033e-14       1.137890877314e-15       4.447760081762e-16 
  516       3.415664358980e-10       9.527238328965e-13      -5.619754049478e-12       8.426237341628e-15       6.641102542347e-14       1.123322335644e-15       4.316876746083e-16 
  517       3.421934072697e-10       9.467466184937e-13      -5.459362454845e-12       8.452080198959e-15       6.595770681982e-14       1.109956078073e-15       4.186430891323e-16 
  518       3.427915491779e-10       9.413769330518e-13      -5.297568565805e-12       8.477831585178e-15       6.550827059025e-14       1.097743397313e-15       4.056432935229e-16 
  519       3.433604642920e-10       9.366245013895e-13      -5.134480670246e-12       8.503487065941e-15       6.506265810868e-14       1.086634660182e-15       3.926893299205e-16 
  520       3.438997528792e-10       9.324991111513e-13      -4.970208792824e-12       8.529042154554e-15       6.462080890123e-14       1.076579302855e-15       3.797822407995e-16 
  521       3.444090127979e-10       9.290106129643e-13      -4.804864703328e-12       8.554492311741e-15       6.418266063544e-14       1.067525826118e-15       3.669230689368e-16 
  522       3.448878394921e-10       9.261689205956e-13      -4.638561925029e-12       8.579832945412e-15       6.374814910952e-14       1.059421790610e-15       3.541128573798e-16 
  523       3.453358259854e-10       9.239840111094e-13      -4.471415743044e-12       8.605059410435e-15       6.331720824151e-14       1.052213812083e-15       3.413526494145e-16 
  524       3.457525628751e-10       9.224659250239e-13      -4.303543212692e-12       8.630167008408e-15       6.288977005853e-14       1.045847556647e-15       3.286434885343e-16 
  525       3.461376383260e-10       9.216247664690e-13      -4.135063167848e-12       8.655150987424e-15       6.246576468596e-14       1.040267736022e-15       3.159864184075e-16 
  526       3.464906380644e-10       9.214707033427e-13      -3.966096229304e-12       8.680006541847e-15       6.204512033666e-14       1.035418102788e-15       3.033824828464e-16 
  527       3.468112382186e-10       9.220121766956e-13      -3.796756294369e-12       8.704729300895e-15       6.162777468360e-14       1.031251199102e-15       2.908327322121e-16 
  528       3.470994866704e-10       9.232504741986e-13      -3.627124730327e-12       8.729316809701e-15       6.121370934489e-14       1.027757908458e-15       2.783382428902e-16 
  529       3.473555294613e-10       9.251850071273e-13      -3.457275484799e-12       8.753767088698e-15       6.080291632976e-14       1.024938710650e-15       2.659000982907e-16 
  530       3.475795186831e-10       9.278150869669e-13      -3.287283544704e-12       8.778078148487e-15       6.039538673548e-14       1.022794001587e-15       2.535193824301e-16 
  531       3.477716125123e-10       9.311399247968e-13      -3.117224940947e-12       8.802247989816e-15       5.999111074144e-14       1.021324092746e-15       2.411971799031e-16 
  532       3.479319752436e-10       9.351586306754e-13      -2.947176753098e-12       8.826274603563e-15       5.959007760328e-14       1.020529210630e-15       2.289345758529e-16 
  533       3.480607773247e-10       9.398702130253e-13      -2.777217114079e-12       8.850155970711e-15       5.919227564703e-14       1.020409496227e-15       2.167326559428e-16 
  534       3.481581953897e-10       9.452735780181e-13      -2.607425214846e-12       8.873890062338e-15       5.879769226321e-14       1.020965004463e-15       2.045925063267e-16 
  535       3.482244122934e-10       9.513675289588e-13      -2.437881309074e-12       8.897474839590e-15       5.840631390092e-14       1.022195703664e-15       1.925152136208e-16 
  536       3.482596171456e-10       9.581507656712e-13      -2.268666717838e-12       8.920908253667e-15       5.801812606203e-14       1.024101475006e-15       1.805018648740e-16 
  537       3.482640053449e-10       9.656218838827e-13      -2.099863834300e-12       8.944188245802e-15       5.763311329524e-14       1.026682111980e-15       1.685535475391e-16 
  538       3.482377786127e-10       9.737793746089e-13      -1.931556128388e-12       8.967312747241e-15       5.725125919023e-14       1.029937319841e-15       1.566713494442e-16 
  539       3.481811450277e-10       9.826216235386e-13      -1.763828151486e-12       8.990279679226e-15       5.687254637174e-14       1.033866715070e-15       1.448563587633e-16 
  540       3.480943190594e-10       9.921469104188e-13      -1.596765541111e-12       9.013086952975e-15       5.649695649376e-14       1.038469824830e-15       1.331096639873e-16 
  541       3.479775216027e-10       1.002353408439e-12      -1.430455025601e-12       9.035732469664e-15       5.612447023358e-14       1.043746086419e-15       1.214323538954e-16 
  542       3.478309800115e-10       1.013239183618e-12      -1.264984428796e-12       9.058214120406e-15       5.575506728594e-14       1.049694846734e-15       1.098255175259e-16 
  543       3.476549281332e-10       1.024802194185e-12      -1.100442674725e-12       9.080529786234e-15       5.538872635714e-14       1.056315361721e-15       9.829024414711e-17 
  544       3.474496063423e-10       1.037040289968e-12      -9.369197922841e-13       9.102677338079e-15       5.502542515919e-14       1.063606795835e-15       8.682762322871e-17 
  545       3.472152615750e-10       1.049951211778e-12      -7.745069199255e-13       9.124654636756e-15       5.466514040388e-14       1.071568221498e-15       7.543874441247e-17 
  546       3.469521473628e-10       1.063532590793e-12      -6.132963103383e-13       9.146459532939e-15       5.430784779692e-14       1.080198618552e-15       6.412469748342e-17 
  547       3.466605238669e-10       1.077781947941e-12      -4.533813351325e-13       9.168089867148e-15       5.395352203209e-14       1.089496873719e-15       5.288657234086e-17 
  548       3.463406579121e-10       1.092696693291e-12      -2.948564895230e-13       9.189543469725e-15       5.360213678530e-14       1.099461780059e-15       4.172545896939e-17 
  549       3.459928230209e-10       1.108274125429e-12      -1.378173970126e-13       9.210818160817e-15       5.325366470877e-14       1.110092036422e-15       3.064244740992e-17 
  550       3.456172994474e-10       1.124511430853e-12       1.763918592383e-14       9.231911750358e-15       5.290807742511e-14       1.121386246908e-15       1.963862773074e-17 
  551       3.452143742119e-10       1.141405683349e-12       1.714153651561e-13       9.252822038048e-15       5.256534552143e-14       1.133342920325e-15       8.715089998498e-18 
  552       3.447843411343e-10       1.158953843380e-12       3.234121042149e-13       9.273546813334e-15       5.222543854352e-14       1.145960469645e-15      -2.127075750749e-18 
  553       3.443275008687e-10       1.177152757471e-12       4.735292196086e-13       9.294083855395e-15       5.188832498989e-14       1.159237211457e-15      -1.288677954049e-17 
  554       3.438441609370e-10       1.195999157593e-12       6.216653761391e-13       9.314430933117e-15       5.155397230596e-14       1.173171365429e-15      -2.356293148277e-17 
  555       3.433346357635e-10       1.215489660549e-12       7.677180822188e-13       9.334585805076e-15       5.122234687811e-14       1.187761053764e-15      -3.415444180710e-17 
  556       3.427992467086e-10       1.235620767356e-12       9.115836851867e-13       9.354546219524e-15       5.089341402788e-14       1.203004300654e-15      -4.466022088950e-17 
  557       3.422383221027e-10       1.256388862634e-12       1.053157366625e-12       9.374309914361e-15       5.056713800601e-14       1.218899031739e-15      -5.507917928143e-17 
  558       3.416521972810e-10       1.277790213986e-12       1.192333137674e-12       9.393874617124e-15       5.024348198662e-14       1.235443073563e-15      -6.541022773875e-17 
  559       3.410412146166e-10       1.299820971388e-12       1.329003834353e-12       9.413238044964e-15       4.992240806129e-14       1.252634153033e-15      -7.565227725072e-17 
  560       3.404057235555e-10       1.322477166571e-12       1.463061112871e-12       9.432397904626e-15       4.960387723319e-14       1.270469896873e-15      -8.580423906897e-17 
  561       3.397460806499e-10       1.345754712404e-12       1.594395444945e-12       9.451351892434e-15       4.928784941122e-14       1.288947831080e-15      -9.586502473645e-17 
  562       3.390626495929e-10       1.369649402285e-12       1.722896113121e-12       9.470097694269e-15       4.897428340411e-14       1.308065380387e-15      -1.058335461164e-16 
  563       3.383558012519e-10       1.394156909518e-12       1.848451206082e-12       9.488632985549e-15       4.866313691452e-14       1.327819867712e-15      -1.157087154214e-16 
  564       3.376259137035e-10       1.419272786705e-12       1.970947613972e-12       9.506955431214e-15       4.835436653321e-14       1.348208513620e-15      -1.254894452421e-16 
  565       3.368733722666e-10       1.444992465127e-12       2.090271023708e-12       9.525062685702e-15       4.804792773311e-14       1.369228435778e-15      -1.351746485766e-16 
  566       3.360985792729e-10       1.471310464319e-12       2.206319794742e-12       9.542952875743e-15       4.774378165874e-14       1.390874837443e-15      -1.447634613658e-16 
  567       3.353019835811e-10       1.498217999708e-12       2.319046988088e-12       9.560626062407e-15       4.744191569822e-14       1.413135522813e-15      -1.542559163328e-16 
  568       3.344840518893e-10       1.525705312216e-12       2.428419409306e-12       9.578082816627e-15       4.714232342891e-14       1.435996239502e-15      -1.636522865364e-16 
  569       3.336452591048e-10       1.553762451588e-12       2.534403826403e-12       9.595323739960e-15       4.684499786663e-14       1.459442475525e-15      -1.729528645447e-16 
  570       3.327860883830e-10       1.582379275485e-12       2.636966970340e-12       9.612349464748e-15       4.654993146241e-14       1.483459458080e-15      -1.821579625474e-16 
  571       3.319070311641e-10       1.611545448574e-12       2.736075535538e-12       9.629160654274e-15       4.625711609907e-14       1.508032152322e-15      -1.912679124682e-16 
  572       3.310085872113e-10       1.641250441615e-12       2.831696180382e-12       9.645758002932e-15       4.596654308793e-14       1.533145260149e-15      -2.002830660764e-16 
  573       3.300912646486e-10       1.671483530552e-12       2.923795527732e-12       9.662142236380e-15       4.567820316544e-14       1.558783218977e-15      -2.092037950996e-16 
  574       3.291555799982e-10       1.702233795601e-12       3.012340165426e-12       9.678314111709e-15       4.539208648986e-14       1.584930200524e-15      -2.180304913356e-16 
  575       3.282020582184e-10       1.733490120343e-12       3.097296646790e-12       9.694274417600e-15       4.510818263792e-14       1.611570109585e-15      -2.267635667647e-16 
  576       3.272312327413e-10       1.765241190810e-12       3.178631491141e-12       9.710023974485e-15       4.482648060146e-14       1.638686582815e-15      -2.354034536617e-16 
  577       3.262436455102e-10       1.797475494575e-12       3.256311184296e-12       9.725563634712e-15       4.454696878411e-14       1.666262987507e-15      -2.439506047083e-16 
  578       3.252398470181e-10       1.830181319845e-12       3.330302179078e-12       9.740894282704e-15       4.426963499796e-14       1.694282420372e-15      -2.524054931051e-16 
  579       3.242203963444e-10       1.863346754545e-12       3.400570895824e-12       9.756016835123e-15       4.399446646017e-14       1.722727706322e-15      -2.607686126837e-16 
  580       3.231858611933e-10       1.896959685413e-12       3.467083722888e-12       9.770932241025e-15       4.372144978971e-14       1.751581397242e-15      -2.690404780194e-16 
  581       3.221368179314e-10       1.931007797084e-12       3.529807017152e-12       9.785641482032e-15       4.345057100392e-14       1.780825770777e-15      -2.772216245426e-16 
  582       3.210738516252e-10       1.965478571186e-12       3.588707104528e-12       9.800145572482e-15       4.318181551528e-14       1.810442829110e-15      -2.853126086513e-16 
  583       3.199975560788e-10       2.000359285423e-12       3.643750280469e-12       9.814445559601e-15       4.291516812799e-14       1.840414297739e-15      -2.933140078237e-16 
  584       3.189085338721e-10       2.035637012670e-12       3.694902810474e-12       9.828542523658e-15       4.265061303463e-14       1.870721624258e-15      -3.012264207296e-16 
  585       3.178073963978e-10       2.071298620059e-12       3.742130930594e-12       9.842437578126e-15       4.238813381290e-14       1.901345977139e-15      -3.090504673432e-16 
  586       3.166947638996e-10       2.107330768070e-12       3.785400847937e-12       9.856131869850e-15       4.212771342218e-14       1.932268244507e-15      -3.167867890549e-16 
  587       3.155712655098e-10       2.143719909619e-12       3.824678741181e-12       9.869626579200e-15       4.186933420027e-14       1.963469032926e-15      -3.244360487836e-16 
  588       3.144375392868e-10       2.180452289151e-12       3.859930761072e-12       9.882922920239e-15       4.161297785998e-14       1.994928666173e-15      -3.319989310890e-16 
  589       3.132942322533e-10       2.217513941726e-12       3.891123030937e-12       9.896022140882e-15       4.135862548586e-14       2.026627184018e-15      -3.394761422835e-16 
  590       3.121420004334e-10       2.254890692110e-12       3.918221647188e-12       9.908925523059e-15       4.110625753081e-14       2.058544341010e-15      -3.468684105446e-16 
  591       3.109815088906e-10       2.292568153864e-12       3.941192679830e-12       9.921634382872e-15       4.085585381276e-14       2.090659605248e-15      -3.541764860270e-16 
  592       3.098134317658e-10       2.330531728435e-12       3.960002172965e-12       9.934150070763e-15       4.060739351132e-14       2.122952157168e-15      -3.614011409746e-16 
  593       3.086384523145e-10       2.368766604244e-12       3.974616145301e-12       9.946473971670e-15       4.036085516448e-14       2.155400888317e-15      -3.685431698330e-16 
  594       3.074572629447e-10       2.407257755774e-12       3.985000590661e-12       9.958607505193e-15       4.011621666518e-14       2.187984400136e-15      -3.756033893615e-16 
  595       3.062705652548e-10       2.445989942666e-12       3.991121478481e-12       9.970552125752e-15       3.987345525809e-14       2.220681002739e-15      -3.825826387451e-16 
  596       3.050790700709e-10       2.484947708799e-12       3.992944754327e-12       9.982309322749e-15       3.963254753615e-14       2.253468713694e-15      -3.894817797071e-16 
  597       3.038834974851e-10       2.524115381389e-12       3.990436340395e-12       9.993880620732e-15       3.939346943735e-14       2.286325256799e-15      -3.963016966209e-16 
  598       3.026845768925e-10       2.563477070072e-12       3.983562136020e-12       1.000526757955e-14       3.915619624127e-14       2.319228060865e-15      -4.030432966221e-16 
  599       3.014830470297e-10       2.603016665995e-12       3.972288018181e-12       1.001647179454e-14       3.892070256583e-14       2.352154258495e-15      -4.097075097212e-16 
  600       3.002796560116e-10       2.642717840907e-12       3.956579842011e-12       1.002749489663e-14       3.868696236391e-14       2.385080684861e-15      -4.162952889152e-16 
  601       2.990751613700e-10       2.682564046250e-12       3.936403441298e-12       1.003833855257e-14       3.845494892004e-14       2.417983876490e-15      -4.228076103001e-16 
  602       2.978703300907e-10       2.722538512242e-12       3.911724628999e-12       1.004900446505e-14       3.822463484700e-14       2.450840070037e-15      -4.292454731828e-16 
  603       2.966659386515e-10       2.762624246975e-12       3.882509197740e-12       1.005949437288e-14       3.799599208256e-14       2.483625201066e-15      -4.356099001937e-16 
  604       2.954627730598e-10       2.802804035497e-12       3.848722920325e-12       1.006981005113e-14       3.776899188606e-14       2.516314902835e-15      -4.419019373985e-16 
  605       2.942615665456e-10       2.843061273410e-12       3.810342357203e-12       1.007995345660e-14       3.754360908208e-14       2.548888880861e-15      -4.481223130702e-16 
  606       2.930628109170e-10       2.883382491531e-12       3.767387563652e-12       1.008992716758e-14       3.731983491018e-14       2.581344154804e-15      -4.542704047528e-16 
  607       2.918669407369e-10       2.923754890223e-12       3.719890171156e-12       1.009973395501e-14       3.709766447792e-14       2.613682133031e-15      -4.603452475471e-16 
  608       2.906743952737e-10       2.964165509756e-12       3.667882655771e-12       1.010937663831e-14       3.687709254002e-14       2.645904265892e-15      -4.663458732001e-16 
  609       2.894856185185e-10       3.004601229673e-12       3.611398342162e-12       1.011885808566e-14       3.665811349639e-14       2.678012045933e-15      -4.722713101051e-16 
  610       2.883010592028e-10       3.045048768147e-12       3.550471407653e-12       1.012818121413e-14       3.644072139019e-14       2.710007008109e-15      -4.781205833027e-16 
  611       2.871211708154e-10       3.085494681353e-12       3.485136886265e-12       1.013734898996e-14       3.622490990586e-14       2.741890729994e-15      -4.838927144809e-16 
  612       2.859464116199e-10       3.125925362819e-12       3.415430672765e-12       1.014636442873e-14       3.601067236721e-14       2.773664831994e-15      -4.895867219757e-16 
  613       2.847772446721e-10       3.166327042800e-12       3.341389526705e-12       1.015523059557e-14       3.579800173541e-14       2.805330977558e-15      -4.952016207713e-16 
  614       2.836141378368e-10       3.206685787631e-12       3.263051076471e-12       1.016395060538e-14       3.558689060710e-14       2.836890873392e-15      -5.007364225009e-16 
  615       2.824575638060e-10       3.246987499099e-12       3.180453823321e-12       1.017252762306e-14       3.537733121241e-14       2.868346269668e-15      -5.061901354470e-16 
  616       2.813080001151e-10       3.287217913796e-12       3.093637145433e-12       1.018096486367e-14       3.516931541302e-14       2.899698960238e-15      -5.115617645418e-16 
  617       2.801659291613e-10       3.327362602489e-12       3.002641301950e-12       1.018926559267e-14       3.496283470019e-14       2.930950782847e-15      -5.168503113677e-16 
  618       2.790318382200e-10       3.367406969480e-12       2.907507437016e-12       1.019743312612e-14       3.475788019285e-14       2.962103619339e-15      -5.220547741576e-16 
  619       2.779062194627e-10       3.407336251969e-12       2.808277583831e-12       1.020547083091e-14       3.455444263561e-14       2.993159395878e-15      -5.271741477957e-16 
  620       2.767895699740e-10       3.447135519415e-12       2.704994668685e-12       1.021338212492e-14       3.435251239682e-14       3.024120083151e-15      -5.322074238175e-16 
  621       2.756823917690e-10       3.486789672903e-12       2.597702515007e-12       1.022117047731e-14       3.415207946664e-14       3.054987696585e-15      -5.371535904108e-16 
  622       2.745851918107e-10       3.526283444500e-12       2.486445847409e-12       1.022883940862e-14       3.395313345509e-14       3.085764296561e-15      -5.420116324155e-16 
  623       2.734984820269e-10       3.565601396625e-12       2.371270295725e-12       1.023639249109e-14       3.375566359006e-14       3.116451988617e-15      -5.467805313246e-16 
  624       2.724227793282e-10       3.604727921407e-12       2.252222399063e-12       1.024383334880e-14       3.355965871539e-14       3.147052923670e-15      -5.514592652842e-16 
  625       2.713586056247e-10       3.643647240049e-12       2.129349609839e-12       1.025116565788e-14       3.336510728895e-14       3.177569298222e-15      -5.560468090945e-16 
  626       2.703064878434e-10       3.682343402189e-12       2.002700297829e-12       1.025839314675e-14       3.317199738062e-14       3.208003354574e-15      -5.605421342096e-16 
  627       2.692669579459e-10       3.720800285266e-12       1.872323754208e-12       1.026551959633e-14       3.298031667039e-14       3.238357381035e-15      -5.649442087386e-16 
  628       2.682405529452e-10       3.759001593881e-12       1.738270195597e-12       1.027254884022e-14       3.279005244642e-14       3.268633712139e-15      -5.692519974453e-16 
  629       2.672278149233e-10       3.796930859159e-12       1.600590768104e-12       1.027948476491e-14       3.260119160305e-14       3.298834728854e-15      -5.734644617495e-16 
  630       2.662292910483e-10       3.834571438112e-12       1.459337551369e-12       1.028633131002e-14       3.241372063886e-14       3.328962858791e-15      -5.775805597268e-16 
  631       2.652455335922e-10       3.871906513003e-12       1.314563562609e-12       1.029309246850e-14       3.222762565475e-14       3.359020576423e-15      -5.815992461093e-16 
  632       2.642770999473e-10       3.908919090706e-12       1.166322760658e-12       1.029977228680e-14       3.204289235195e-14       3.389010403290e-15      -5.855194722861e-16 
  633       2.633245526444e-10       3.945592002072e-12       1.014670050016e-12       1.030637486514e-14       3.185950603012e-14       3.418934908214e-15      -5.893401863035e-16 
  634       2.623884593698e-10       3.981907901289e-12       8.596612848901e-13       1.031290435767e-14       3.167745158533e-14       3.448796707511e-15      -5.930603328657e-16 
  635       2.614693929822e-10       4.017849265245e-12       7.013532732362e-13       1.031936497271e-14       3.149671350819e-14       3.478598465204e-15      -5.966788533353e-16 
  636       2.605679315306e-10       4.053398392894e-12       5.398037808068e-13       1.032576097293e-14       3.131727588183e-14       3.508342893231e-15      -6.001946857334e-16 
  637       2.596846582713e-10       4.088537404612e-12       3.750715351927e-13       1.033209667560e-14       3.113912238000e-14       3.538032751660e-15      -6.036067647405e-16 
  638       2.588201616852e-10       4.123248241568e-12       2.072162298670e-13       1.033837645275e-14       3.096223626509e-14       3.567670848902e-15      -6.069140216964e-16 
  639       2.579750354953e-10       4.157512665078e-12       3.629852822883e-14       1.034460473141e-14       3.078660038621e-14       3.597260041918e-15      -6.101153846013e-16 
  640       2.571498786837e-10       4.191312255976e-12      -1.376199323524e-13       1.035078599384e-14       3.061219717720e-14       3.626803236437e-15      -6.132097781157e-16 
  641       2.563452955091e-10       4.224628413970e-12      -3.144765364936e-13       1.035692477767e-14       3.043900865470e-14       3.656303387163e-15      -6.161961235611e-16 
  642       2.555618955242e-10       4.257442357009e-12      -4.942076867542e-13       1.036302567617e-14       3.026701641623e-14       3.685763497989e-15      -6.190733389204e-16 
  643       2.548002935927e-10       4.289735120643e-12      -6.767487995919e-13       1.036909333846e-14       3.009620163820e-14       3.715186622211e-15      -6.218403388384e-16 
  644       2.540610246947e-10       4.321489594431e-12      -8.620329348959e-13       1.037513216899e-14       2.992654775074e-14       3.744574064245e-15      -6.244963894374e-16 
  645       2.533442861901e-10       4.352696683045e-12      -1.049986658724e-12       1.038114541839e-14       2.975804853269e-14       3.773919939691e-15      -6.270421815785e-16 
  646       2.526501897567e-10       4.383349283334e-12      -1.240534078942e-12       1.038713607244e-14       2.959070019596e-14       3.803216492583e-15      -6.294787818891e-16 
  647       2.519788460671e-10       4.413440259852e-12      -1.433598198741e-12       1.039310715111e-14       2.942449872417e-14       3.832455882429e-15      -6.318072802499e-16 
  648       2.513303647812e-10       4.442962444809e-12      -1.629100912199e-12       1.039906170859e-14       2.925943987143e-14       3.861630183900e-15      -6.340287898974e-16 
  649       2.507048545390e-10       4.471908638027e-12      -1.826962999842e-12       1.040500283347e-14       2.909551916124e-14       3.890731386523e-15      -6.361444475270e-16 
  650       2.501024229533e-10       4.500271606883e-12      -2.027104124208e-12       1.041093364884e-14       2.893273188522e-14       3.919751394376e-15      -6.381554133962e-16 
  651       2.495231766021e-10       4.528044086268e-12      -2.229442825403e-12       1.041685731239e-14       2.877107310204e-14       3.948682025776e-15      -6.400628714270e-16 
  652       2.489672210220e-10       4.555218778534e-12      -2.433896516668e-12       1.042277701659e-14       2.861053763614e-14       3.977515012976e-15      -6.418680293093e-16 
  653       2.484346607000e-10       4.581788353444e-12      -2.640381479938e-12       1.042869598876e-14       2.845112007661e-14       4.006242001852e-15      -6.435721186039e-16 
  654       2.479255990668e-10       4.607745448128e-12      -2.848812861404e-12       1.043461749121e-14       2.829281477602e-14       4.034854551603e-15      -6.451763948450e-16 
  655       2.474401384893e-10       4.633082667030e-12      -3.059104667072e-12       1.044054482137e-14       2.813561584923e-14       4.063344134433e-15      -6.466821376435e-16 
  656       2.469783802633e-10       4.657792581860e-12      -3.271169758328e-12       1.044648131190e-14       2.797951717217e-14       4.091702135254e-15      -6.480906507901e-16 
  657       2.465404246059e-10       4.681867731546e-12      -3.484919847500e-12       1.045243033081e-14       2.782451238075e-14       4.119919851370e-15      -6.494032623578e-16 
  658       2.461263706489e-10       4.705300622186e-12      -3.700265493413e-12       1.045839528161e-14       2.767059486962e-14       4.147988492175e-15      -6.506213248050e-16 
  659       2.457363164308e-10       4.728083726997e-12      -3.917116096959e-12       1.046437960338e-14       2.751775779102e-14       4.175899178841e-15      -6.517462150790e-16 
  660       2.453703588896e-10       4.750209486265e-12      -4.135379896653e-12       1.047038677096e-14       2.736599405357e-14       4.203642944014e-15      -6.527793347179e-16 
  661       2.450285938558e-10       4.771670307303e-12      -4.354963964194e-12       1.047642029501e-14       2.721529632114e-14       4.231210731504e-15      -6.537221099546e-16 
  662       2.447111160449e-10       4.792458564393e-12      -4.575774200031e-12       1.048248372217e-14       2.706565701166e-14       4.258593395977e-15      -6.545759918190e-16 
  663       2.444180190501e-10       4.812566598744e-12      -4.797715328920e-12       1.048858063516e-14       2.691706829592e-14       4.285781702650e-15      -6.553424562415e-16 
  664       2.441493953348e-10       4.831986718440e-12      -5.020690895488e-12       1.049471465291e-14       2.676952209641e-14       4.312766326981e-15      -6.560230041555e-16 
  665       2.439053362256e-10       4.850711198392e-12      -5.244603259793e-12       1.050088943071e-14       2.662301008614e-14       4.339537854362e-15      -6.566191616006e-16 
  666       2.436859319048e-10       4.868732280289e-12      -5.469353592887e-12       1.050710866029e-14       2.647752368749e-14       4.366086779812e-15      -6.571324798256e-16 
  667       2.434912714033e-10       4.886042172550e-12      -5.694841872375e-12       1.051337606994e-14       2.633305407098e-14       4.392403507666e-15      -6.575645353912e-16 
  668       2.433214425929e-10       4.902633050274e-12      -5.920966877980e-12       1.051969542469e-14       2.618959215414e-14       4.418478351274e-15      -6.579169302733e-16 
  669       2.431765321792e-10       4.918497055190e-12      -6.147626187100e-12       1.052607052636e-14       2.604712860031e-14       4.444301532686e-15      -6.581912919656e-16 
  670       2.430566256944e-10       4.933626295612e-12      -6.374716170374e-12       1.053250521373e-14       2.590565381749e-14       4.469863182350e-15      -6.583892735828e-16 
  671       2.429618074900e-10       4.948012846387e-12      -6.602131987239e-12       1.053900336265e-14       2.576515795710e-14       4.495153338800e-15      -6.585125539634e-16 
  672       2.428921607291e-10       4.961648748848e-12      -6.829767581498e-12       1.054556888616e-14       2.562563091291e-14       4.520161948353e-15      -6.585628377727e-16 
  673       2.428477673795e-10       4.974526010761e-12      -7.057515676872e-12       1.055220573460e-14       2.548706231974e-14       4.544878864795e-15      -6.585418556060e-16 
  674       2.428287082062e-10       4.986636606284e-12      -7.285267772569e-12       1.055891789576e-14       2.534944155239e-14       4.569293849080e-15      -6.584513640910e-16 
  675       2.428350627642e-10       4.997972475911e-12      -7.512914138845e-12       1.056570939498e-14       2.521275772439e-14       4.593396569018e-15      -6.582931459914e-16 
  676       2.428669093909e-10       5.008525526425e-12      -7.740343812561e-12       1.057258429527e-14       2.507699968688e-14       4.617176598969e-15      -6.580690103091e-16 
  677       2.429243251993e-10       5.018287630851e-12      -7.967444592747e-12       1.057954669747e-14       2.494215602737e-14       4.640623419536e-15      -6.577807923880e-16 
  678       2.430073860702e-10       5.027250628406e-12      -8.194103036164e-12       1.058660074030e-14       2.480821506863e-14       4.663726417254e-15      -6.574303540164e-16 
  679       2.431161666451e-10       5.035406324451e-12      -8.420204452867e-12       1.059375060055e-14       2.467516486747e-14       4.686474884286e-15      -6.570195835300e-16 
  680       2.432507403188e-10       5.042746490439e-12      -8.645632901761e-12       1.060100049319e-14       2.454299321358e-14       4.708858018115e-15      -6.565503959149e-16 
  681       2.434111792323e-10       5.049262863871e-12      -8.870271186167e-12       1.060835467146e-14       2.441168762834e-14       4.730864921233e-15      -6.560247329109e-16 
  682       2.435975542652e-10       5.054947148243e-12      -9.094000849384e-12       1.061581742701e-14       2.428123536366e-14       4.752484600838e-15      -6.554445631137e-16 
  683       2.438098806014e-10       5.059793013217e-12      -9.316710760771e-12       1.062339253523e-14       2.415162516851e-14       4.773707898697e-15      -6.548114954442e-16 
  684       2.440479531648e-10       5.063802142083e-12      -9.538323084132e-12       1.063108157795e-14       2.402285263221e-14       4.794533326583e-15      -6.541256102905e-16 
  685       2.443115076565e-10       5.066978313284e-12      -9.758767854864e-12       1.063888558516e-14       2.389491495288e-14       4.814961354792e-15      -6.533866036194e-16 
  686       2.446002746425e-10       5.069325412358e-12      -9.977974437401e-12       1.064680558656e-14       2.376780917930e-14       4.834992493436e-15      -6.525941713545e-16 
  687       2.449139795322e-10       5.070847432399e-12      -1.019587152299e-11       1.065484261154e-14       2.364153221024e-14       4.854627292632e-15      -6.517480093805e-16 
  688       2.452523425573e-10       5.071548474525e-12      -1.041238712743e-11       1.066299768917e-14       2.351608079368e-14       4.873866342690e-15      -6.508478135463e-16 
  689       2.456150787505e-10       5.071432748337e-12      -1.062744858890e-11       1.067127184816e-14       2.339145152614e-14       4.892710274298e-15      -6.498932796690e-16 
  690       2.460018979242e-10       5.070504572393e-12      -1.084098256565e-11       1.067966611685e-14       2.326764085192e-14       4.911159758717e-15      -6.488841035374e-16 
  691       2.464125046493e-10       5.068768374665e-12      -1.105291503384e-11       1.068818152319e-14       2.314464506241e-14       4.929215507962e-15      -6.478199809155e-16 
  692       2.468465982335e-10       5.066228693008e-12      -1.126317128524e-11       1.069681909472e-14       2.302246029532e-14       4.946878274993e-15      -6.467006075466e-16 
  693       2.473038727006e-10       5.062890175624e-12      -1.147167592508e-11       1.070557985855e-14       2.290108253402e-14       4.964148853905e-15      -6.455256791563e-16 
  694       2.477840167687e-10       5.058757581526e-12      -1.167835286973e-11       1.071446484134e-14       2.278050760677e-14       4.981028080113e-15      -6.442948914567e-16 
  695       2.482867138292e-10       5.053835781004e-12      -1.188312534453e-11       1.072347506927e-14       2.266073118600e-14       4.997516830541e-15      -6.430079401496e-16 
  696       2.488116419255e-10       5.048129756091e-12      -1.208591588155e-11       1.073261156803e-14       2.254174878762e-14       5.013616023812e-15      -6.416645209306e-16 
  697       2.493584737314e-10       5.041644601026e-12      -1.228664631732e-11       1.074187536279e-14       2.242355577027e-14       5.029326620433e-15      -6.402643294921e-16 
  698       2.499268765303e-10       5.034385522719e-12      -1.248523779064e-11       1.075126747821e-14       2.230614733461e-14       5.044649622987e-15      -6.388070615278e-16 
  699       2.505165121935e-10       5.026357841217e-12      -1.268161074033e-11       1.076078893838e-14       2.218951852258e-14       5.059586076316e-15      -6.372924127355e-16 
  700       2.511270371589e-10       5.017566990168e-12      -1.287568490300e-11       1.077044076681e-14       2.207366421672e-14       5.074137067715e-15      -6.357200788212e-16 
  701       2.517581024102e-10       5.008018517290e-12      -1.306737931082e-11       1.078022398642e-14       2.195857913937e-14       5.088303727115e-15      -6.340897555028e-16 
  702       2.524093534549e-10       4.997718084826e-12      -1.325661228928e-11       1.079013961953e-14       2.184425785206e-14       5.102087227274e-15      -6.324011385134e-16 
  703       2.530804303036e-10       4.986671470022e-12      -1.344330145498e-11       1.080018868781e-14       2.173069475466e-14       5.115488783966e-15      -6.306539236051e-16 
  704       2.537709674483e-10       4.974884565581e-12      -1.362736371337e-11       1.081037221228e-14       2.161788408476e-14       5.128509656165e-15      -6.288478065528e-16 
  705       2.544805938414e-10       4.962363380133e-12      -1.380871525653e-11       1.082069121328e-14       2.150581991689e-14       5.141151146237e-15      -6.269824831576e-16 
  706       2.552089328743e-10       4.949114038702e-12      -1.398727156095e-11       1.083114671047e-14       2.139449616184e-14       5.153414600127e-15      -6.250576492506e-16 
  707       2.559556023559e-10       4.935142783164e-12      -1.416294738527e-11       1.084173972277e-14       2.128390656589e-14       5.165301407546e-15      -6.230730006965e-16 
  708       2.567202144917e-10       4.920455972720e-12      -1.433565676808e-11       1.085247126837e-14       2.117404471013e-14       5.176813002161e-15      -6.210282333972e-16 
  709       2.575023758622e-10       4.905060084354e-12      -1.450531302567e-11       1.086334236473e-14       2.106490400970e-14       5.187950861782e-15      -6.189230432953e-16 
  710       2.583016874017e-10       4.888961713302e-12      -1.467182874979e-11       1.087435402850e-14       2.095647771310e-14       5.198716508550e-15      -6.167571263782e-16 
  711       2.591177443770e-10       4.872167573518e-12      -1.483511580545e-11       1.088550727555e-14       2.084875890145e-14       5.209111509125e-15      -6.145301786812e-16 
  712       2.599501363661e-10       4.854684498134e-12      -1.499508532865e-11       1.089680312093e-14       2.074174048777e-14       5.219137474877e-15      -6.122418962914e-16 
  713       2.607984472371e-10       4.836519439929e-12      -1.515164772417e-11       1.090824257883e-14       2.063541521628e-14       5.228796062068e-15      -6.098919753515e-16 
  714       2.616622551264e-10       4.817679471794e-12      -1.530471266334e-11       1.091982666263e-14       2.052977566163e-14       5.238088972046e-15      -6.074801120631e-16 
  715       2.625411324181e-10       4.798171787194e-12      -1.545418908178e-11       1.093155638478e-14       2.042481422821e-14       5.247017951432e-15      -6.050060026904e-16 
  716       2.634346457221e-10       4.778003700636e-12      -1.559998517722e-11       1.094343275687e-14       2.032052314945e-14       5.255584792305e-15      -6.024693435642e-16 
  717       2.643423558530e-10       4.757182648130e-12      -1.574200840721e-11       1.095545678955e-14       2.021689448703e-14       5.263791332392e-15      -5.998698310851e-16 
  718       2.652638178092e-10       4.735716187662e-12      -1.588016548693e-11       1.096762949254e-14       2.011392013022e-14       5.271639455258e-15      -5.972071617273e-16 
  719       2.661985807507e-10       4.713611999647e-12      -1.601436238696e-11       1.097995187459e-14       2.001159179514e-14       5.279131090492e-15      -5.944810320424e-16 
  720       2.671461879790e-10       4.690877887406e-12      -1.614450433098e-11       1.099242494347e-14       1.990990102402e-14       5.286268213895e-15      -5.916911386627e-16 
  721       2.681061769147e-10       4.667521777622e-12      -1.627049579365e-11       1.100504970597e-14       1.980883918451e-14       5.293052847670e-15      -5.888371783053e-16 
  722       2.690780840473e-10       4.643552422717e-12      -1.639225345285e-11       1.101782671968e-14       1.970839862509e-14       5.299486950381e-15      -5.859190633262e-16 
  723       2.700614599357e-10       4.618981522589e-12      -1.650974533827e-11       1.103075473859e-14       1.960857616859e-14       5.305572084030e-15      -5.829375731544e-16 
  724       2.710558544684e-10       4.593821646653e-12      -1.662295246924e-11       1.104383204010e-14       1.950936968782e-14       5.311309740630e-15      -5.798937160236e-16 
  725       2.720608119002e-10       4.568085536436e-12      -1.673185597247e-11       1.105705687061e-14       1.941077695535e-14       5.316701451984e-15      -5.767885146662e-16 
  726       2.730758708325e-10       4.541786106210e-12      -1.683643708283e-11       1.107042744535e-14       1.931279564302e-14       5.321748789845e-15      -5.736230063668e-16 
  727       2.741005641924e-10       4.514936443613e-12      -1.693667714409e-11       1.108394194831e-14       1.921542332154e-14       5.326453366084e-15      -5.703982430148e-16 
  728       2.751344192135e-10       4.487549810278e-12      -1.703255760966e-11       1.109759853208e-14       1.911865745996e-14       5.330816832849e-15      -5.671152911580e-16 
  729       2.761769574148e-10       4.459639642458e-12      -1.712406004335e-11       1.111139531772e-14       1.902249542528e-14       5.334840882731e-15      -5.637752320558e-16 
  730       2.772276945812e-10       4.431219551654e-12      -1.721116612010e-11       1.112533039468e-14       1.892693448197e-14       5.338527248921e-15      -5.603791617321e-16 
  731       2.782861407432e-10       4.402303325237e-12      -1.729385762673e-11       1.113940182063e-14       1.883197179148e-14       5.341877705379e-15      -5.569281910287e-16 
  732       2.793518001564e-10       4.372904927082e-12      -1.737211646270e-11       1.115360762136e-14       1.873760441184e-14       5.344894066995e-15      -5.534234456587e-16 
  733       2.804241712821e-10       4.343038498187e-12      -1.744592464085e-11       1.116794579065e-14       1.864382929717e-14       5.347578189749e-15      -5.498660662592e-16 
  734       2.815027467662e-10       4.312718357301e-12      -1.751526428811e-11       1.118241429018e-14       1.855064329722e-14       5.349931970876e-15      -5.462572084448e-16 
  735       2.825870134198e-10       4.281959001554e-12      -1.758011764632e-11       1.119701104932e-14       1.845804315693e-14       5.351957349030e-15      -5.425980428607e-16 
  736       2.836764521987e-10       4.250775107078e-12      -1.764046707290e-11       1.121173396512e-14       1.836602551596e-14       5.353656304445e-15      -5.388897552362e-16 
  737       2.847705381834e-10       4.219181529639e-12      -1.769629504164e-11       1.122658090209e-14       1.827458690826e-14       5.355030859098e-15      -5.351335464372e-16 
  738       2.858687405589e-10       4.187193305257e-12      -1.774758414345e-11       1.124154969213e-14       1.818372376156e-14       5.356083076872e-15      -5.313306325202e-16 
  739       2.869705225943e-10       4.154825650839e-12      -1.779431708707e-11       1.125663813440e-14       1.809343239697e-14       5.356815063719e-15      -5.274822447848e-16 
  740       2.880753416232e-10       4.122093964798e-12      -1.783647669985e-11       1.127184399519e-14       1.800370902851e-14       5.357228967822e-15      -5.235896298273e-16 
  741       2.891826490229e-10       4.089013827685e-12      -1.787404592849e-11       1.128716500777e-14       1.791454976261e-14       5.357326979759e-15      -5.196540495939e-16 
  742       2.902918901948e-10       4.055601002816e-12      -1.790700783975e-11       1.130259887232e-14       1.782595059771e-14       5.357111332665e-15      -5.156767814337e-16 
  743       2.914025045440e-10       4.021871436890e-12      -1.793534562127e-11       1.131814325578e-14       1.773790742378e-14       5.356584302394e-15      -5.116591181518e-16 
  744       2.925139254591e-10       3.987841260627e-12      -1.795904258225e-11       1.133379579171e-14       1.765041602185e-14       5.355748207685e-15      -5.076023680628e-16 
  745       2.936255802922e-10       3.953526789385e-12      -1.797808215420e-11       1.134955408020e-14       1.756347206359e-14       5.354605410321e-15      -5.035078550440e-16 
  746       2.947368903385e-10       3.918944523790e-12      -1.799244789174e-11       1.136541568770e-14       1.747707111080e-14       5.353158315292e-15      -4.993769185881e-16 
  747       2.958472708164e-10       3.884111150363e-12      -1.800212347328e-11       1.138137814697e-14       1.739120861501e-14       5.351409370963e-15      -4.952109138570e-16 
  748       2.969561308475e-10       3.849043542144e-12      -1.800709270182e-11       1.139743895689e-14       1.730587991698e-14       5.349361069228e-15      -4.910112117346e-16 
  749       2.980628734358e-10       3.813758759320e-12      -1.800733950566e-11       1.141359558234e-14       1.722108024628e-14       5.347015945682e-15      -4.867791988802e-16 
  750       2.991668954483e-10       3.778274049853e-12      -1.800284793916e-11       1.142984545413e-14       1.713680472078e-14       5.344376579776e-15      -4.825162777814e-16 
  751       3.002675875944e-10       3.742606850100e-12      -1.799360218349e-11       1.144618596883e-14       1.705304834628e-14       5.341445594987e-15      -4.782238668078e-16 
  752       3.013643344057e-10       3.706774785447e-12      -1.797958654737e-11       1.146261448865e-14       1.696980601594e-14       5.338225658972e-15      -4.739034002635e-16 
  753       3.024565142163e-10       3.670795670931e-12      -1.796078546780e-11       1.147912834134e-14       1.688707250994e-14       5.334719483741e-15      -4.695563284411e-16 
  754       3.035434991421e-10       3.634687511866e-12      -1.793718351085e-11       1.149572482005e-14       1.680484249492e-14       5.330929825811e-15      -4.651841176742e-16 
  755       3.046246550611e-10       3.598468504472e-12      -1.790876537235e-11       1.151240118320e-14       1.672311052361e-14       5.326859486375e-15      -4.607882503909e-16 
  756       3.056993415929e-10       3.562157036497e-12      -1.787551587870e-11       1.152915465438e-14       1.664187103431e-14       5.322511311459e-15      -4.563702251669e-16 
  757       3.067669120788e-10       3.525771687850e-12      -1.783741998756e-11       1.154598242221e-14       1.656111835047e-14       5.317888192092e-15      -4.519315567788e-16 
  758       3.078267135616e-10       3.489331231220e-12      -1.779446278861e-11       1.156288164020e-14       1.648084668022e-14       5.312993064461e-15      -4.474737762573e-16 
  759       3.088780867653e-10       3.452854632707e-12      -1.774662950432e-11       1.157984942668e-14       1.640105011590e-14       5.307828910080e-15      -4.429984309403e-16 
  760       3.099203660750e-10       3.416361052447e-12      -1.769390549067e-11       1.159688286462e-14       1.632172263363e-14       5.302398755949e-15      -4.385070845259e-16 
  761       3.109529356236e-10       3.379868790361e-12      -1.763628571841e-11       1.161397894725e-14       1.624285888072e-14       5.296705011258e-15      -4.340010693432e-16 
  762       3.119753987713e-10       3.343392099972e-12      -1.757380341458e-11       1.163113441392e-14       1.616445655536e-14       5.290747463218e-15      -4.294807378474e-16 
  763       3.129874118348e-10       3.306944314754e-12      -1.750650197152e-11       1.164834591088e-14       1.608651407162e-14       5.284525243132e-15      -4.249461968813e-16 
  764       3.139886282666e-10       3.270538897876e-12      -1.743442551881e-11       1.166561004507e-14       1.600902977547e-14       5.278037486400e-15      -4.203975541602e-16 
  765       3.149786986464e-10       3.234189442619e-12      -1.735761892595e-11       1.168292338404e-14       1.593200194441e-14       5.271283332550e-15      -4.158349182738e-16 
  766       3.159572706725e-10       3.197909672775e-12      -1.727612780508e-11       1.170028245580e-14       1.585542878724e-14       5.264261925257e-15      -4.112583986883e-16 
  767       3.169239891533e-10       3.161713443063e-12      -1.718999851374e-11       1.171768374870e-14       1.577930844374e-14       5.256972412370e-15      -4.066681057478e-16 
  768       3.178784959988e-10       3.125614739531e-12      -1.709927815748e-11       1.173512371127e-14       1.570363898439e-14       5.249413945940e-15      -4.020641506770e-16 
  769       3.188204302120e-10       3.089627679966e-12      -1.700401459266e-11       1.175259875208e-14       1.562841841006e-14       5.241585682245e-15      -3.974466455825e-16 
  770       3.197494278804e-10       3.053766514305e-12      -1.690425642910e-11       1.177010523966e-14       1.555364465171e-14       5.233486781813e-15      -3.928157034549e-16 
  771       3.206651221674e-10       3.018045625037e-12      -1.680005303282e-11       1.178763950228e-14       1.547931557012e-14       5.225116409448e-15      -3.881714381707e-16 
  772       3.215671433037e-10       2.982479527616e-12      -1.669145452871e-11       1.180519782792e-14       1.540542895560e-14       5.216473734259e-15      -3.835139644943e-16 
  773       3.224551185792e-10       2.947082870869e-12      -1.657851180330e-11       1.182277646403e-14       1.533198252767e-14       5.207557929682e-15      -3.788433980797e-16 
  774       3.233286723336e-10       2.911870437398e-12      -1.646127650740e-11       1.184037161746e-14       1.525897393477e-14       5.198368173506e-15      -3.741598554729e-16 
  775       3.241874259490e-10       2.876857143997e-12      -1.633980105886e-11       1.185797945433e-14       1.518640075399e-14       5.188903647899e-15      -3.694634541131e-16 
  776       3.250309978401e-10       2.842058042053e-12      -1.621413864525e-11       1.187559609984e-14       1.511426049075e-14       5.179163539433e-15      -3.647543123353e-16 
  777       3.258590034468e-10       2.807488317956e-12      -1.608434322656e-11       1.189321763819e-14       1.504255057854e-14       5.169147039111e-15      -3.600325493716e-16 
  778       3.266710552249e-10       2.773163293509e-12      -1.595046953796e-11       1.191084011244e-14       1.497126837859e-14       5.158853342392e-15      -3.552982853537e-16 
  779       3.274667626378e-10       2.739098426333e-12      -1.581257309243e-11       1.192845952432e-14       1.490041117958e-14       5.148281649215e-15      -3.505516413144e-16 
  780       3.282457321481e-10       2.705309310277e-12      -1.567071018353e-11       1.194607183418e-14       1.482997619738e-14       5.137431164023e-15      -3.457927391897e-16 
  781       3.290075672089e-10       2.671811675825e-12      -1.552493788808e-11       1.196367296079e-14       1.475996057471e-14       5.126301095796e-15      -3.410217018208e-16 
  782       3.297518682552e-10       2.638621390506e-12      -1.537531406890e-11       1.198125878123e-14       1.469036138091e-14       5.114890658067e-15      -3.362386529555e-16 
  783       3.304782326956e-10       2.605754459298e-12      -1.522189737745e-11       1.199882513076e-14       1.462117561156e-14       5.103199068955e-15      -3.314437172510e-16 
  784       3.311862549034e-10       2.573227025041e-12      -1.506474725662e-11       1.201636780266e-14       1.455240018827e-14       5.091225551185e-15      -3.266370202750e-16 
  785       3.318755262085e-10       2.541055368840e-12      -1.490392394336e-11       1.203388254813e-14       1.448403195833e-14       5.078969332116e-15      -3.218186885079e-16 
  786       3.325456348885e-10       2.509255910477e-12      -1.473948847147e-11       1.205136507614e-14       1.441606769445e-14       5.066429643769e-15      -3.169888493449e-16 
  787       3.331961661603e-10       2.477845208818e-12      -1.457150267424e-11       1.206881105329e-14       1.434850409443e-14       5.053605722848e-15      -3.121476310978e-16 
  788       3.338267021716e-10       2.446839962217e-12      -1.440002918718e-11       1.208621610369e-14       1.428133778092e-14       5.040496810766e-15      -3.072951629968e-16 
  789       3.344368219922e-10       2.416257008933e-12      -1.422513145073e-11       1.210357580879e-14       1.421456530108e-14       5.027102153674e-15      -3.024315751924e-16 
  790       3.350261016057e-10       2.386113327528e-12      -1.404687371299e-11       1.212088570729e-14       1.414818312630e-14       5.013421002484e-15      -2.975569987574e-16 
  791       3.355941139007e-10       2.356426037281e-12      -1.386532103239e-11       1.213814129499e-14       1.408218765191e-14       4.999452612894e-15      -2.926715656891e-16 
  792       3.361404286625e-10       2.327212398595e-12      -1.368053928041e-11       1.215533802465e-14       1.401657519689e-14       4.985196245415e-15      -2.877754089107e-16 
  793       3.366646125644e-10       2.298489813405e-12      -1.349259514430e-11       1.217247130585e-14       1.395134200357e-14       4.970651165395e-15      -2.828686622735e-16 
  794       3.371662291592e-10       2.270275825583e-12      -1.330155612978e-11       1.218953650485e-14       1.388648423733e-14       4.955816643047e-15      -2.779514605588e-16 
  795       3.376448388707e-10       2.242588121350e-12      -1.310749056375e-11       1.220652894451e-14       1.382199798634e-14       4.940691953471e-15      -2.730239394797e-16 
  796       3.380999989849e-10       2.215444529685e-12      -1.291046759700e-11       1.222344390407e-14       1.375787926121e-14       4.925276376681e-15      -2.680862356831e-16 
  797       3.385312636421e-10       2.188863022726e-12      -1.271055720690e-11       1.224027661907e-14       1.369412399474e-14       4.909569197634e-15      -2.631384867519e-16 
  798       3.389381838276e-10       2.162861716186e-12      -1.250783020014e-11       1.225702228124e-14       1.363072804162e-14       4.893569706248e-15      -2.581808312061e-16 
  799       3.393203073635e-10       2.137458869756e-12      -1.230235821540e-11       1.227367603827e-14       1.356768717813e-14       4.877277197435e-15      -2.532134085058e-16 
  800       3.396772484790e-10       2.112670711842e-12      -1.209421427120e-11       1.229023336124e-14       1.350499763962e-14       4.860692197901e-15      -2.482365150177e-16 
  801       3.400088979279e-10       2.088504869442e-12      -1.188347441477e-11       1.230669115415e-14       1.344265774440e-14       4.843820171047e-15      -2.432510750339e-16 
  802       3.403152166867e-10       2.064966819237e-12      -1.167021610864e-11       1.232304666429e-14       1.338066629889e-14       4.826667879697e-15      -2.382581783484e-16 
  803       3.405961667273e-10       2.042062052412e-12      -1.145451769100e-11       1.233929711662e-14       1.331902206236e-14       4.809242165697e-15      -2.332589251013e-16 
  804       3.408517110219e-10       2.019796074650e-12      -1.123645837854e-11       1.235543971361e-14       1.325772374667e-14       4.791549950168e-15      -2.282544258100e-16 
  805       3.410818135469e-10       1.998174406140e-12      -1.101611826927e-11       1.237147163526e-14       1.319677001616e-14       4.773598233762e-15      -2.232458013999e-16 
  806       3.412864392881e-10       1.977202581569e-12      -1.079357834534e-11       1.238739003900e-14       1.313615948739e-14       4.755394096921e-15      -2.182341832361e-16 
  807       3.414655542447e-10       1.956886150131e-12      -1.056892047579e-11       1.240319205958e-14       1.307589072900e-14       4.736944700125e-15      -2.132207131538e-16 
  808       3.416191254339e-10       1.937230675522e-12      -1.034222741944e-11       1.241887480911e-14       1.301596226145e-14       4.718257284154e-15      -2.082065434903e-16 
  809       3.417471208955e-10       1.918241735941e-12      -1.011358282763e-11       1.243443537686e-14       1.295637255691e-14       4.699339170340e-15      -2.031928371155e-16 
  810       3.418495096962e-10       1.899924924096e-12      -9.883071247094e-12       1.244987082934e-14       1.289712003899e-14       4.680197760822e-15      -1.981807674630e-16 
  811       3.419262619344e-10       1.882285847196e-12      -9.650778122712e-12       1.246517821009e-14       1.283820308261e-14       4.660840538802e-15      -1.931715185616e-16 
  812       3.419773487442e-10       1.865330126959e-12      -9.416789800353e-12       1.248035453973e-14       1.277962001377e-14       4.641275068801e-15      -1.881662850661e-16 
  813       3.420027423005e-10       1.849063399607e-12      -9.181193529681e-12       1.249539681583e-14       1.272136910936e-14       4.621508996912e-15      -1.831662722889e-16 
  814       3.420024158228e-10       1.833491315873e-12      -8.944077466957e-12       1.251030201286e-14       1.266344859697e-14       4.601550051057e-15      -1.781726962302e-16 
  815       3.419763435805e-10       1.818619540994e-12      -8.705530677857e-12       1.252506708215e-14       1.260585665472e-14       4.581406041244e-15      -1.731867836102e-16 
  816       3.419245008965e-10       1.804453754718e-12      -8.465643140276e-12       1.253968895176e-14       1.254859141103e-14       4.561084859818e-15      -1.682097718994e-16 
  817       3.418468641525e-10       1.790999651300e-12      -8.224505747141e-12       1.255416452648e-14       1.249165094445e-14       4.540594481717e-15      -1.632429093503e-16 
  818       3.417434107929e-10       1.778262939506e-12      -7.982210309224e-12       1.256849068774e-14       1.243503328347e-14       4.519942964731e-15      -1.582874550280e-16 
  819       3.416141193295e-10       1.766249342611e-12      -7.738849557945e-12       1.258266429355e-14       1.237873640630e-14       4.499138449754e-15      -1.533446788417e-16 
  820       3.414589693462e-10       1.754964598403e-12      -7.494517148186e-12       1.259668217840e-14       1.232275824072e-14       4.478189161039e-15      -1.484158615758e-16 
  821       3.412779415031e-10       1.744414459177e-12      -7.249307661104e-12       1.261054115324e-14       1.226709666385e-14       4.457103406456e-15      -1.435022949208e-16 
  822       3.410710175412e-10       1.734604691744e-12      -7.003316606935e-12       1.262423800540e-14       1.221174950198e-14       4.435889577744e-15      -1.386052815046e-16 
  823       3.408381802870e-10       1.725541077425e-12      -6.756640427807e-12       1.263776949852e-14       1.215671453035e-14       4.414556150768e-15      -1.337261349236e-16 
  824       3.405794136567e-10       1.717229412055e-12      -6.509376500552e-12       1.265113237246e-14       1.210198947299e-14       4.393111685773e-15      -1.288661797736e-16 
  825       3.402947026610e-10       1.709675505983e-12      -6.261623139512e-12       1.266432334330e-14       1.204757200251e-14       4.371564827643e-15      -1.240267516815e-16 
  826       3.399840334093e-10       1.702885184070e-12      -6.013479599352e-12       1.267733910320e-14       1.199345973991e-14       4.349924306149e-15      -1.192091973357e-16 
  827       3.396473931143e-10       1.696864285696e-12      -5.765046077868e-12       1.269017632038e-14       1.193965025438e-14       4.328198936212e-15      -1.144148745177e-16 
  828       3.392847700967e-10       1.691618664750e-12      -5.516423718801e-12       1.270283163904e-14       1.188614106313e-14       4.306397618153e-15      -1.096451521331e-16 
  829       3.388961537893e-10       1.687154189644e-12      -5.267714614640e-12       1.271530167930e-14       1.183292963116e-14       4.284529337952e-15      -1.049014102426e-16 
  830       3.384815347418e-10       1.683476743300e-12      -5.019021809440e-12       1.272758303711e-14       1.178001337110e-14       4.262603167498e-15      -1.001850400933e-16 
  831       3.380409046252e-10       1.680592223163e-12      -4.770449301626e-12       1.273967228424e-14       1.172738964301e-14       4.240628264850e-15      -9.549744414984e-17 
  832       3.375742562363e-10       1.678506541190e-12      -4.522102046805e-12       1.275156596815e-14       1.167505575416e-14       4.218613874489e-15      -9.084003612525e-17 
  833       3.370815835019e-10       1.677225623860e-12      -4.274085960578e-12       1.276326061195e-14       1.162300895889e-14       4.196569327574e-15      -8.621424101237e-17 
  834       3.365628814838e-10       1.676755412170e-12      -4.026507921348e-12       1.277475271437e-14       1.157124645836e-14       4.174504042196e-15      -8.162149511485e-17 
  835       3.360181463831e-10       1.677101861636e-12      -3.779475773129e-12       1.278603874962e-14       1.151976540040e-14       4.152427523637e-15      -7.706324607824e-17 
  836       3.354473755443e-10       1.678270942294e-12      -3.533098328360e-12       1.279711516739e-14       1.146856287931e-14       4.130349364619e-15      -7.254095292119e-17 
  837       3.348505674605e-10       1.680268638700e-12      -3.287485370709e-12       1.280797839276e-14       1.141763593562e-14       4.108279245565e-15      -6.805608606651e-17 
  838       3.342277217771e-10       1.683100949932e-12      -3.042747657889e-12       1.281862482613e-14       1.136698155598e-14       4.086226934852e-15      -6.361012737231e-17 
  839       3.335788824464e-10       1.686771926011e-12      -2.798988744847e-12       1.282905139064e-14       1.131659704711e-14       4.064200174148e-15      -5.920421623273e-17 
  840       3.329042680025e-10       1.691277739724e-12      -2.556280291727e-12       1.283925718510e-14       1.126648116542e-14       4.042198293573e-15      -5.483808106820e-17 
  841       3.322041435611e-10       1.696612511675e-12      -2.314686331934e-12       1.284924185966e-14       1.121663300669e-14       4.020218485978e-15      -5.051108930897e-17 
  842       3.314787778876e-10       1.702770264182e-12      -2.074271414244e-12       1.285900507102e-14       1.116705163349e-14       3.998257911683e-15      -4.622259961201e-17 
  843       3.307284434088e-10       1.709744920952e-12      -1.835100604216e-12       1.286854648240e-14       1.111773607508e-14       3.976313698380e-15      -4.197196183189e-17 
  844       3.299534162247e-10       1.717530306738e-12      -1.597239485614e-12       1.287786576359e-14       1.106868532726e-14       3.954382941025e-15      -3.775851699159e-17 
  845       3.291539761202e-10       1.726120147010e-12      -1.360754161824e-12       1.288696259099e-14       1.101989835223e-14       3.932462701733e-15      -3.358159725342e-17 
  846       3.283304065775e-10       1.735508067619e-12      -1.125711257267e-12       1.289583664761e-14       1.097137407849e-14       3.910550009675e-15      -2.944052588982e-17 
  847       3.274829947871e-10       1.745687594466e-12      -8.921779188219e-13       1.290448762313e-14       1.092311140069e-14       3.888641860971e-15      -2.533461725426e-17 
  848       3.266120316605e-10       1.756652153166e-12      -6.602218172402e-13       1.291291521388e-14       1.087510917952e-14       3.866735218584e-15      -2.126317675208e-17 
  849       3.257178118411e-10       1.768395068714e-12      -4.299111485623e-13       1.292111912293e-14       1.082736624155e-14       3.844827012221e-15      -1.722550081135e-17 
  850       3.248006337172e-10       1.780909565154e-12      -2.013146355366e-13       1.292909906005e-14       1.077988137914e-14       3.822914138220e-15      -1.322087685373e-17 
  851       3.238607994325e-10       1.794188765240e-12       2.549847096444e-14       1.293685474181e-14       1.073265335027e-14       3.800993459453e-15      -9.248583265313e-18 
  852       3.228986148992e-10       1.808225690109e-12       2.504583905261e-13       1.294438589154e-14       1.068568087844e-14       3.779061805215e-15      -5.307889367520e-18 
  853       3.219143898089e-10       1.823013258943e-12       4.734948117749e-13       1.295169223940e-14       1.063896265254e-14       3.757115971122e-15      -1.398055387921e-18 
  854       3.209084376450e-10       1.838544288634e-12       6.945368909605e-13       1.295877352238e-14       1.059249732670e-14       3.735152719006e-15       2.481667568889e-18 
  855       3.198810756941e-10       1.854811493455e-12       9.135132505393e-13       1.296562948436e-14       1.054628352017e-14       3.713168776810e-15       6.332037550435e-18 
  856       3.188326250583e-10       1.871807484722e-12       1.130351977756e-12       1.297225987611e-14       1.050031981722e-14       3.691160838481e-15       1.015382178551e-17 
  857       3.177634106667e-10       1.889524770462e-12       1.344980623229e-12       1.297866445531e-14       1.045460476697e-14       3.669125563870e-15       1.394779671329e-17 
  858       3.166737612872e-10       1.907955755078e-12       1.557326199527e-12       1.298484298664e-14       1.040913688325e-14       3.647059578621e-15       1.771474801253e-17 
  859       3.155640095389e-10       1.927092739019e-12       1.767315179761e-12       1.299079524170e-14       1.036391464455e-14       3.624959474071e-15       2.145547063064e-17 
  860       3.144344919030e-10       1.946927918441e-12       1.974873496158e-12       1.299652099915e-14       1.031893649380e-14       3.602821807143e-15       2.517076881289e-17 
  861       3.132855487354e-10       1.967453384877e-12       2.179926538649e-12       1.300202004467e-14       1.027420083829e-14       3.580643100242e-15       2.886145613149e-17 
  862       3.121175242784e-10       1.988661124900e-12       2.382399153450e-12       1.300729217098e-14       1.022970604953e-14       3.558419841148e-15       3.252835551478e-17 
  863       3.109307666721e-10       2.010543019794e-12       2.582215641646e-12       1.301233717793e-14       1.018545046312e-14       3.536148482914e-15       3.617229927636e-17 
  864       3.097256279669e-10       2.033090845215e-12       2.779299757770e-12       1.301715487247e-14       1.014143237862e-14       3.513825443760e-15       3.979412914423e-17 
  865       3.085024641347e-10       2.056296270862e-12       2.973574708391e-12       1.302174506868e-14       1.009765005943e-14       3.491447106966e-15       4.339469628989e-17 
  866       3.072616350811e-10       2.080150860138e-12       3.164963150694e-12       1.302610758785e-14       1.005410173264e-14       3.469009820771e-15       4.697486135757e-17 
  867       3.060035046574e-10       2.104646069822e-12       3.353387191061e-12       1.303024225844e-14       1.001078558894e-14       3.446509898266e-15       5.053549449330e-17 
  868       3.047284406719e-10       2.129773249732e-12       3.538768383656e-12       1.303414891615e-14       9.967699782422e-15       3.423943617287e-15       5.407747537407e-17 
  869       3.034368149021e-10       2.155523642388e-12       3.721027729009e-12       1.303782740394e-14       9.924842430537e-15       3.401307220316e-15       5.760169323699e-17 
  870       3.021290031067e-10       2.181888382688e-12       3.900085672596e-12       1.304127757205e-14       9.882211613901e-15       3.378596914370e-15       6.110904690839e-17 
  871       3.008053850368e-10       2.208858497562e-12       4.075862103420e-12       1.304449927803e-14       9.839805376192e-15       3.355808870899e-15       6.460044483302e-17 
  872       2.994663444485e-10       2.236424905649e-12       4.248276352602e-12       1.304749238676e-14       9.797621724016e-15       3.332939225680e-15       6.807680510316e-17 
  873       2.981122691143e-10       2.264578416956e-12       4.417247191952e-12       1.305025677050e-14       9.755658626781e-15       3.309984078715e-15       7.153905548773e-17 
  874       2.967435508348e-10       2.293309732528e-12       4.582692832561e-12       1.305279230890e-14       9.713914016562e-15       3.286939494122e-15       7.498813346150e-17 
  875       2.953605854511e-10       2.322609444112e-12       4.744530923381e-12       1.305509888902e-14       9.672385787977e-15       3.263801500033e-15       7.842498623419e-17 
  876       2.939637728560e-10       2.352468033825e-12       4.902678549806e-12       1.305717640539e-14       9.631071798058e-15       3.240566088488e-15       8.185057077960e-17 
  877       2.925535170062e-10       2.382875873820e-12       5.057052232256e-12       1.305902476000e-14       9.589969866116e-15       3.217229215331e-15       8.526585386480e-17 
  878       2.911302219615e-10       2.413822650738e-12       5.207579617656e-12       1.306064424418e-14       9.549078037020e-15       3.193788159883e-15       8.867146717995e-17 
  879       2.896942799064e-10       2.445295629260e-12       5.354234769800e-12       1.306203669109e-14       9.508395376065e-15       3.170245628967e-15       9.206666638452e-17 
  880       2.882460829525e-10       2.477281359020e-12       5.497003462943e-12       1.306320434248e-14       9.467921187061e-15       3.146605720910e-15       9.545035481100e-17 
  881       2.867860271047e-10       2.509766246783e-12       5.635871542494e-12       1.306414946859e-14       9.427654750043e-15       3.122872572063e-15       9.882142677108e-17 
  882       2.853145122723e-10       2.542736556016e-12       5.770824925409e-12       1.306487436834e-14       9.387595321179e-15       3.099050356898e-15       1.021787675311e-16 
  883       2.838319422799e-10       2.576178406472e-12       5.901849600597e-12       1.306538136934e-14       9.347742132687e-15       3.075143288120e-15       1.055212532878e-16 
  884       2.823387248792e-10       2.610077773761e-12       6.028931629318e-12       1.306567282802e-14       9.308094392745e-15       3.051155616773e-15       1.088477511433e-16 
  885       2.808352717597e-10       2.644420488928e-12       6.152057145585e-12       1.306575112969e-14       9.268651285399e-15       3.027091632345e-15       1.121571190813e-16 
  886       2.793219985600e-10       2.679192238034e-12       6.271212356563e-12       1.306561868863e-14       9.229411970481e-15       3.002955662875e-15       1.154482059421e-16 
  887       2.777993248794e-10       2.714378561726e-12       6.386383542974e-12       1.306527794821e-14       9.190375583518e-15       2.978752075062e-15       1.187198513984e-16 
  888       2.762676742888e-10       2.749964854818e-12       6.497557059492e-12       1.306473138092e-14       9.151541235641e-15       2.954485274366e-15       1.219708859304e-16 
  889       2.747274743418e-10       2.785936365868e-12       6.604719335149e-12       1.306398148853e-14       9.112908013502e-15       2.930159705121e-15       1.252001308020e-16 
  890       2.731791565862e-10       2.822278196753e-12       6.707856873734e-12       1.306303080209e-14       9.074474979182e-15       2.905779850637e-15       1.284063980355e-16 
  891       2.716231565751e-10       2.858975302248e-12       6.806956254191e-12       1.306188188208e-14       9.036241170107e-15       2.881350233308e-15       1.315884903879e-16 
  892       2.700599138782e-10       2.896012489598e-12       6.902004131026e-12       1.306053731850e-14       8.998205598952e-15       2.856875414721e-15       1.347452013258e-16 
  893       2.684898720927e-10       2.933374418103e-12       6.992987234700e-12       1.305899973090e-14       8.960367253563e-15       2.832359995757e-15       1.378753150013e-16 
  894       2.669134788550e-10       2.971045598686e-12       7.079892372038e-12       1.305727176853e-14       8.922725096862e-15       2.807808616701e-15       1.409776062272e-16 
  895       2.653311858517e-10       3.009010393476e-12       7.162706426623e-12       1.305535611038e-14       8.885278066758e-15       2.783225957351e-15       1.440508404529e-16 
  896       2.637434488305e-10       3.047253015381e-12       7.241416359201e-12       1.305325546531e-14       8.848025076065e-15       2.758616737120e-15       1.470937737394e-16 
  897       2.621507276121e-10       3.085757527669e-12       7.316009208081e-12       1.305097257208e-14       8.810965012409e-15       2.733985715144e-15       1.501051527355e-16 
  898       2.605534861007e-10       3.124507843540e-12       7.386472089533e-12       1.304851019949e-14       8.774096738140e-15       2.709337690389e-15       1.530837146527e-16 
  899       2.589521922958e-10       3.163487725705e-12       7.452792198194e-12       1.304587114646e-14       8.737419090246e-15       2.684677501758e-15       1.560281872408e-16 
  900       2.573473183031e-10       3.202680785964e-12       7.514956807463e-12       1.304305824208e-14       8.700930880264e-15       2.660010028198e-15       1.589372887639e-16 
  901       2.557393403456e-10       3.242070484781e-12       7.572953269906e-12       1.304007434572e-14       8.664630894191e-15       2.635340188803e-15       1.618097279753e-16 
  902       2.541287387753e-10       3.281640130861e-12       7.626769017658e-12       1.303692234714e-14       8.628517892396e-15       2.610672942926e-15       1.646442040935e-16 
  903       2.525159980840e-10       3.321372880729e-12       7.676391562817e-12       1.303360516653e-14       8.592590609532e-15       2.586013290280e-15       1.674394067771e-16 
  904       2.509016069146e-10       3.361251738304e-12       7.721808497851e-12       1.303012575463e-14       8.556847754450e-15       2.561366271048e-15       1.701940161013e-16 
  905       2.492860580724e-10       3.401259554474e-12       7.763007495999e-12       1.302648709281e-14       8.521288010107e-15       2.536736965991e-15       1.729067025322e-16 
  906       2.476698485364e-10       3.441379026681e-12       7.799976311668e-12       1.302269219317e-14       8.485910033480e-15       2.512130496549e-15       1.755761269035e-16 
  907       2.460534794701e-10       3.481592698489e-12       7.832702780834e-12       1.301874409857e-14       8.450712455478e-15       2.487552024952e-15       1.782009403910e-16 
  908       2.444374562333e-10       3.521882959164e-12       7.861174821448e-12       1.301464588279e-14       8.415693880854e-15       2.463006754327e-15       1.807797844889e-16 
  909       2.428222883929e-10       3.562232043252e-12       7.885380433831e-12       1.301040065059e-14       8.380852888114e-15       2.438499928800e-15       1.833112909847e-16 
  910       2.412084897344e-10       3.602622030156e-12       7.905307701077e-12       1.300601153777e-14       8.346188029434e-15       2.414036833609e-15       1.857940819353e-16 
  911       2.395965782728e-10       3.643034843709e-12       7.920944789455e-12       1.300148171128e-14       8.311697830566e-15       2.389622795203e-15       1.882267696419e-16 
  912       2.379870762640e-10       3.683452251756e-12       7.932279948809e-12       1.299681436934e-14       8.277380790754e-15       2.365263181355e-15       1.906079566260e-16 
  913       2.363805102162e-10       3.723855865726e-12       7.939301512957e-12       1.299201274144e-14       8.243235382646e-15       2.340963401268e-15       1.929362356048e-16 
  914       2.347774109007e-10       3.764227140213e-12       7.941997900095e-12       1.298708008852e-14       8.209260052202e-15       2.316728905675e-15       1.952101894665e-16 
  915       2.331783133635e-10       3.804547372550e-12       7.940357613195e-12       1.298201970299e-14       8.175453218610e-15       2.292565186953e-15       1.974283912459e-16 
  916       2.315837569363e-10       3.844797702385e-12       7.934369240408e-12       1.297683490888e-14       8.141813274194e-15       2.268477779227e-15       1.995894041003e-16 
  917       2.299942421000e-10       3.884960226550e-12       7.924029813249e-12       1.297152905144e-14       8.108338775387e-15       2.244471722384e-15       2.016922002953e-16 
  918       2.284101002995e-10       3.925021363955e-12       7.909370026193e-12       1.296610546595e-14       8.075029019145e-15       2.220549944549e-15       2.037374255250e-16 
  919       2.268316220783e-10       3.964968543430e-12       7.890429419443e-12       1.296056750863e-14       8.041883475535e-15       2.196714854066e-15       2.057261546748e-16 
  920       2.252591000431e-10       4.004789093032e-12       7.867248059139e-12       1.295491856706e-14       8.008901597448e-15       2.172968873284e-15       2.076594746715e-16 
  921       2.236928288695e-10       4.044470239778e-12       7.839866538946e-12       1.294916206033e-14       7.976082820539e-15       2.149314438586e-15       2.095384845175e-16 
  922       2.221331053066e-10       4.083999109384e-12       7.808325981649e-12       1.294330143904e-14       7.943426563164e-15       2.125754000424e-15       2.113642953267e-16 
  923       2.205802281819e-10       4.123362725997e-12       7.772668040742e-12       1.293734018546e-14       7.910932226321e-15       2.102290023343e-15       2.131380303596e-16 
  924       2.190344984070e-10       4.162548011934e-12       7.732934902025e-12       1.293128181359e-14       7.878599193591e-15       2.078924986016e-15       2.148608250585e-16 
  925       2.174962189822e-10       4.201541787418e-12       7.689169285191e-12       1.292512986921e-14       7.846426831071e-15       2.055661381270e-15       2.165338270825e-16 
  926       2.159656950015e-10       4.240330770309e-12       7.641414445422e-12       1.291888793002e-14       7.814414487318e-15       2.032501716119e-15       2.181581963433e-16 
  927       2.144432336582e-10       4.278901575847e-12       7.589714174980e-12       1.291255960570e-14       7.782561493289e-15       2.009448511795e-15       2.197351050400e-16 
  928       2.129291442492e-10       4.317240716380e-12       7.534112804797e-12       1.290614853798e-14       7.750867162274e-15       1.986504303774e-15       2.212657376944e-16 
  929       2.114237381809e-10       4.355334601108e-12       7.474655206073e-12       1.289965840078e-14       7.719330789842e-15       1.963671641809e-15       2.227512911864e-16 
  930       2.099273289735e-10       4.393169535811e-12       7.411386791862e-12       1.289309290021e-14       7.687951653775e-15       1.940953089961e-15       2.241929747892e-16 
  931       2.084402322665e-10       4.430731722590e-12       7.344353518666e-12       1.288645577474e-14       7.656729014011e-15       1.918351226628e-15       2.255920102044e-16 
  932       2.069627658239e-10       4.468007259601e-12       7.273601888031e-12       1.287975079522e-14       7.625662112580e-15       1.895868644573e-15       2.269496315974e-16 
  933       2.054952495388e-10       4.504982140792e-12       7.199178948134e-12       1.287298176502e-14       7.594750173542e-15       1.873507950958e-15       2.282670856327e-16 
  934       2.040380054388e-10       4.541642255635e-12       7.121132295379e-12       1.286615252007e-14       7.563992402933e-15       1.851271767370e-15       2.295456315089e-16 
  935       2.025913576911e-10       4.577973388866e-12       7.039510075986e-12       1.285926692897e-14       7.533387988696e-15       1.829162729856e-15       2.307865409942e-16 
  936       2.011556326072e-10       4.613961220219e-12       6.954360987587e-12       1.285232889307e-14       7.502936100624e-15       1.807183488948e-15       2.319910984613e-16 
  937       1.997311586485e-10       4.649591324164e-12       6.865734280813e-12       1.284534234657e-14       7.472635890299e-15       1.785336709699e-15       2.331606009231e-16 
  938       1.983182664309e-10       4.684849169638e-12       6.773679760894e-12       1.283831125655e-14       7.442486491029e-15       1.763625071705e-15       2.342963580678e-16 
  939       1.969172887302e-10       4.719720119784e-12       6.678247789242e-12       1.283123962315e-14       7.412487017791e-15       1.742051269144e-15       2.353996922937e-16 
  940       1.955285604868e-10       4.754189431688e-12       6.579489285051e-12       1.282413147955e-14       7.382636567165e-15       1.720618010800e-15       2.364719387451e-16 
  941       1.941524188113e-10       4.788242256112e-12       6.477455726885e-12       1.281699089214e-14       7.352934217279e-15       1.699328020095e-15       2.375144453473e-16 
  942       1.927892029890e-10       4.821863637232e-12       6.372199154270e-12       1.280982196056e-14       7.323379027741e-15       1.678184035120e-15       2.385285728414e-16 
  943       1.914392544854e-10       4.855038512372e-12       6.263772169291e-12       1.280262881781e-14       7.293970039585e-15       1.657188808665e-15       2.395156948205e-16 
  944       1.901029169510e-10       4.887751711739e-12       6.152227938177e-12       1.279541563029e-14       7.264706275206e-15       1.636345108245e-15       2.404771977639e-16 
  945       1.887805362265e-10       4.919987958164e-12       6.037620192899e-12       1.278818659795e-14       7.235586738298e-15       1.615655716139e-15       2.414144810730e-16 
  946       1.874724603477e-10       4.951731866831e-12       5.920003232761e-12       1.278094595433e-14       7.206610413798e-15       1.595123429410e-15       2.423289571065e-16 
  947       1.861790395510e-10       4.982967945017e-12       5.799431925988e-12       1.277369796666e-14       7.177776267820e-15       1.574751059943e-15       2.432220512154e-16 
  948       1.849006262779e-10       5.013680591827e-12       5.675961711326e-12       1.276644693595e-14       7.149083247598e-15       1.554541434469e-15       2.440952017783e-16 
  949       1.836375751805e-10       5.043854097929e-12       5.549648599627e-12       1.275919719707e-14       7.120530281422e-15       1.534497394602e-15       2.449498602368e-16 
  950       1.823902431262e-10       5.073472645290e-12       5.420549175444e-12       1.275195311881e-14       7.092116278578e-15       1.514621796861e-15       2.457874911306e-16 
  951       1.811589892031e-10       5.102520306913e-12       5.288720598626e-12       1.274471910402e-14       7.063840129289e-15       1.494917512708e-15       2.466095721328e-16 
  952       1.799441747250e-10       5.130981046572e-12       5.154220605906e-12       1.273749958966e-14       7.035700704651e-15       1.475387428572e-15       2.474175940852e-16 
  953       1.787461632364e-10       5.158838718545e-12       5.017107512493e-12       1.273029904687e-14       7.007696856574e-15       1.456034445884e-15       2.482130610334e-16 
  954       1.775653205174e-10       5.186077067356e-12       4.877440213669e-12       1.272312198111e-14       6.979827417721e-15       1.436861481101e-15       2.489974902622e-16 
  955       1.764020145890e-10       5.212679727504e-12       4.735278186377e-12       1.271597293218e-14       6.952091201446e-15       1.417871465744e-15       2.497724123307e-16 
  956       1.752565617969e-10       5.238632302464e-12       4.590682173965e-12       1.270885609943e-14       6.924487136865e-15       1.399066401739e-15       2.505389625410e-16 
  957       1.741290641496e-10       5.263928636991e-12       4.443716248672e-12       1.270177421077e-14       6.897014676454e-15       1.380444511583e-15       2.512966484358e-16 
  958       1.730195695054e-10       5.288564640110e-12       4.294445783808e-12       1.269472963654e-14       6.869673394555e-15       1.362003044707e-15       2.520445635426e-16 
  959       1.719281252665e-10       5.312536214543e-12       4.142936775141e-12       1.268772476290e-14       6.842462852767e-15       1.343739218118e-15       2.527817942157e-16 
  960       1.708547783769e-10       5.335839256722e-12       3.989255842576e-12       1.268076199186e-14       6.815382599907e-15       1.325650216302e-15       2.535074196173e-16 
  961       1.697995753206e-10       5.358469656800e-12       3.833470231842e-12       1.267384374133e-14       6.788432171959e-15       1.307733191134e-15       2.542205116997e-16 
  962       1.687625621192e-10       5.380423298654e-12       3.675647816168e-12       1.266697244514e-14       6.761611092037e-15       1.289985261782e-15       2.549201351865e-16 
  963       1.677437843303e-10       5.401696059896e-12       3.515857097969e-12       1.266015055309e-14       6.734918870340e-15       1.272403514614e-15       2.556053475545e-16 
  964       1.667432870453e-10       5.422283811883e-12       3.354167210525e-12       1.265338053098e-14       6.708355004107e-15       1.254985003105e-15       2.562751990153e-16 
  965       1.657611148874e-10       5.442182419724e-12       3.190647919666e-12       1.264666486064e-14       6.681918977578e-15       1.237726747741e-15       2.569287324970e-16 
  966       1.647973120096e-10       5.461387742287e-12       3.025369625450e-12       1.264000603998e-14       6.655610261946e-15       1.220625735927e-15       2.575649836256e-16 
  967       1.638519220929e-10       5.479895632211e-12       2.858403363847e-12       1.263340658301e-14       6.629428315315e-15       1.203678921895e-15       2.581829807071e-16 
  968       1.629249883440e-10       5.497701935913e-12       2.689820808423e-12       1.262686901989e-14       6.603372582662e-15       1.186883226605e-15       2.587817447088e-16 
  969       1.620165534933e-10       5.514802493593e-12       2.519694272017e-12       1.262039589697e-14       6.577442495784e-15       1.170235537656e-15       2.593602892412e-16 
  970       1.611266597932e-10       5.531193139248e-12       2.348096708425e-12       1.261398977681e-14       6.551637473265e-15       1.153732709190e-15       2.599176205393e-16 
  971       1.602553490157e-10       5.546869700679e-12       2.175101714083e-12       1.260765323821e-14       6.525956920426e-15       1.137371561799e-15       2.604527374448e-16 
  972       1.594026624507e-10       5.561827999497e-12       2.000783529750e-12       1.260138887629e-14       6.500400229283e-15       1.121148882431e-15       2.609646313870e-16 
  973       1.585686409041e-10       5.576063851133e-12       1.825217042183e-12       1.259519930247e-14       6.474966778506e-15       1.105061424295e-15       2.614522863653e-16 
  974       1.577533246952e-10       5.589573064849e-12       1.648477785829e-12       1.258908714453e-14       6.449655933374e-15       1.089105906769e-15       2.619146789304e-16 
  975       1.569567536553e-10       5.602351443741e-12       1.470641944497e-12       1.258305504667e-14       6.424467045734e-15       1.073279015308e-15       2.623507781657e-16 
  976       1.561789671254e-10       5.614394784753e-12       1.291786353046e-12       1.257710566952e-14       6.399399453954e-15       1.057577401343e-15       2.627595456696e-16 
  977       1.554200039544e-10       5.625698878683e-12       1.111988499067e-12       1.257124169016e-14       6.374452482881e-15       1.041997682197e-15       2.631399355366e-16 
  978       1.546799024969e-10       5.636259510190e-12       9.313265245592e-13       1.256546580219e-14       6.349625443801e-15       1.026536440983e-15       2.634908943394e-16 
  979       1.539587006111e-10       5.646072457806e-12       7.498792276182e-13       1.255978071577e-14       6.324917634393e-15       1.011190226515e-15       2.638113611100e-16 
  980       1.532564356573e-10       5.655133493942e-12       5.677260641144e-13       1.255418915761e-14       6.300328338685e-15       9.959555532110e-16       2.641002673221e-16 
  981       1.525731444952e-10       5.663438384897e-12       3.849471493756e-13       1.254869387104e-14       6.275856827013e-15       9.808289010029e-16       2.643565368719e-16 
  982       1.519088634825e-10       5.670982890868e-12       2.016232598690e-13       1.254329761607e-14       6.251502355976e-15       9.658067152397e-16       2.645790860605e-16 
  983       1.512636284725e-10       5.677762765957e-12       1.783583488277e-14       1.253800316936e-14       6.227264168396e-15       9.508854065949e-16       2.647668235751e-16 
  984       1.506374748122e-10       5.683773758177e-12      -1.663330217920e-13       1.253281332432e-14       6.203141493268e-15       9.360613509728e-16       2.649186504710e-16 
  985       1.500304373406e-10       5.689011609467e-12      -3.508005401793e-13       1.252773089111e-14       6.179133545725e-15       9.213308894141e-16       2.650334601527e-16 
  986       1.494425503862e-10       5.693472055694e-12      -5.354832824368e-13       1.252275869669e-14       6.155239526990e-15       9.066903280027e-16       2.651101383564e-16 
  987       1.488738477651e-10       5.697150826667e-12      -7.202971411736e-13       1.251789958484e-14       6.131458624333e-15       8.921359377719e-16       2.651475631307e-16 
  988       1.483243627795e-10       5.700043646139e-12      -9.051573377685e-13       1.251315641623e-14       6.107790011029e-15       8.776639546101e-16       2.651446048190e-16 
  989       1.477941282150e-10       5.702146231824e-12      -1.089978420688e-12       1.250853206842e-14       6.084232846315e-15       8.632705791676e-16       2.651001260408e-16 
  990       1.472831763390e-10       5.703454295397e-12      -1.274674263806e-12       1.250402943590e-14       6.060786275345e-15       8.489519767625e-16       2.650129816735e-16 
  991       1.467915388987e-10       5.703963542508e-12      -1.459158064719e-12       1.249965143018e-14       6.037449429148e-15       8.347042772871e-16       2.648820188340e-16 
  992       1.463192471189e-10       5.703669672788e-12      -1.643342343066e-12       1.249540097972e-14       6.014221424586e-15       8.205235751140e-16       2.647060768601e-16 
  993       1.458663317000e-10       5.702568379860e-12      -1.827138938848e-12       1.249128103009e-14       5.991101364308e-15       8.064059290021e-16       2.644839872929e-16 
  994       1.454328228163e-10       5.700655351343e-12      -2.010459010744e-12       1.248729454391e-14       5.968088336710e-15       7.923473620034e-16       2.642145738574e-16 
  995       1.450187158052e-10       5.697928044434e-12      -2.193219590335e-12       1.248344400985e-14       5.945181517414e-15       7.783447336916e-16       2.638970184815e-16 
  996       1.446238676880e-10       5.694391041175e-12      -2.375363353562e-12       1.247972996145e-14       5.922380475433e-15       7.643983710653e-16       2.635319652726e-16 
  997       1.442480991262e-10       5.690050771813e-12      -2.556839136169e-12       1.247615243664e-14       5.899684871417e-15       7.505094760799e-16       2.631204327103e-16 
  998       1.438912285862e-10       5.684913746587e-12      -2.737595403232e-12       1.247271146679e-14       5.877094356504e-15       7.366792568382e-16       2.626634491054e-16 
  999       1.435530723328e-10       5.678986555947e-12      -2.917580248261e-12       1.246940707670e-14       5.854608572285e-15       7.229089276024e-16       2.621620526260e-16 
 1000       1.432334444234e-10       5.672275870779e-12      -3.096741392322e-12       1.246623928460e-14       5.832227150782e-15       7.091997088058e-16       2.616172913231e-16 
 1001       1.429321567016e-10       5.664788442632e-12      -3.275026183144e-12       1.246320810208e-14       5.809949714406e-15       6.955528270647e-16       2.610302231569e-16 
 1002       1.426490187912e-10       5.656531103936e-12      -3.452381594229e-12       1.246031353412e-14       5.787775875936e-15       6.819695151901e-16       2.604019160228e-16 
 1003       1.423838380900e-10       5.647510768228e-12      -3.628754223970e-12       1.245755557901e-14       5.765705238482e-15       6.684510121997e-16       2.597334477772e-16 
 1004       1.421364197634e-10       5.637734430376e-12      -3.804090294757e-12       1.245493422838e-14       5.743737395456e-15       6.549985633299e-16       2.590259062633e-16 
 1005       1.419065667388e-10       5.627209166803e-12      -3.978335652093e-12       1.245244946715e-14       5.721871930540e-15       6.416134200472e-16       2.582803893377e-16 
 1006       1.416940796989e-10       5.615942135708e-12      -4.151435763704e-12       1.245010127350e-14       5.700108417658e-15       6.282968400604e-16       2.574980048958e-16 
 1007       1.414987570756e-10       5.603940577292e-12      -4.323335718653e-12       1.244788961887e-14       5.678446420942e-15       6.150500873324e-16       2.566798708979e-16 
 1008       1.413203950444e-10       5.591211813980e-12      -4.493980226448e-12       1.244581446790e-14       5.656885494703e-15       6.018744320919e-16       2.558271153954e-16 
 1009       1.411587875173e-10       5.577763250644e-12      -4.663313616160e-12       1.244387577846e-14       5.635425183398e-15       5.887711508455e-16       2.549408765566e-16 
 1010       1.410137261376e-10       5.563602374830e-12      -4.831279835529e-12       1.244207350158e-14       5.614065021602e-15       5.757415263892e-16       2.540223026926e-16 
 1011       1.408850002730e-10       5.548736756977e-12      -4.997822450081e-12       1.244040758145e-14       5.592804533974e-15       5.627868478205e-16       2.530725522835e-16 
 1012       1.407723970099e-10       5.533174050643e-12      -5.162884642234e-12       1.243887795538e-14       5.571643235228e-15       5.499084105503e-16       2.520927940043e-16 
 1013       1.406757011472e-10       5.516921992729e-12      -5.326409210418e-12       1.243748455379e-14       5.550580630103e-15       5.371075163145e-16       2.510842067506e-16 
 1014       1.405946951896e-10       5.499988403700e-12      -5.488338568181e-12       1.243622730020e-14       5.529616213328e-15       5.243854731860e-16       2.500479796651e-16 
 1015       1.405291593423e-10       5.482381187812e-12      -5.648614743300e-12       1.243510611118e-14       5.508749469597e-15       5.117435955866e-16       2.489853121631e-16 
 1016       1.404788715043e-10       5.464108333331e-12      -5.807179376901e-12       1.243412089632e-14       5.487979873533e-15       4.991832042986e-16       2.478974139588e-16 
 1017       1.404436072622e-10       5.445177912761e-12      -5.963973722561e-12       1.243327155824e-14       5.467306889659e-15       4.867056264769e-16       2.467855050911e-16 
 1018       1.404231398842e-10       5.425598083066e-12      -6.118938645428e-12       1.243255799257e-14       5.446729972367e-15       4.743121956609e-16       2.456508159495e-16 
 1019       1.404172403141e-10       5.405377085891e-12      -6.272014621327e-12       1.243198008787e-14       5.426248565889e-15       4.620042517860e-16       2.444945873006e-16 
 1020       1.404256771649e-10       5.384523247789e-12      -6.423141735877e-12       1.243153772566e-14       5.405862104261e-15       4.497831411958e-16       2.433180703132e-16 
 1021       1.404482167127e-10       5.363044980444e-12      -6.572259683599e-12       1.243123078039e-14       5.385570011299e-15       4.376502166538e-16       2.421225265851e-16 
 1022       1.404846228904e-10       5.340950780891e-12      -6.719307767031e-12       1.243105911939e-14       5.365371700562e-15       4.256068373550e-16       2.409092281686e-16 
 1023       1.405346572819e-10       5.318249231744e-12      -6.864224895839e-12       1.243102260289e-14       5.345266575324e-15       4.136543689384e-16       2.396794575966e-16 
 1024       1.405980791157e-10       5.294949001417e-12      -7.006949585926e-12       1.243112108394e-14       5.325254028542e-15       4.017941834981e-16       2.384345079087e-16 
 1025       1.406746452587e-10       5.271058844349e-12      -7.147419958551e-12       1.243135440844e-14       5.305333442827e-15       3.900276595957e-16       2.371756826769e-16 
 1026       1.407641102102e-10       5.246587601225e-12      -7.285573739433e-12       1.243172241508e-14       5.285504190412e-15       3.783561822718e-16       2.359042960321e-16 
 1027       1.408662260955e-10       5.221544199203e-12      -7.421348257869e-12       1.243222493534e-14       5.265765633119e-15       3.667811430581e-16       2.346216726893e-16 
 1028       1.409807426600e-10       5.195937652134e-12      -7.554680445843e-12       1.243286179345e-14       5.246117122331e-15       3.553039399889e-16       2.333291479742e-16 
 1029       1.411074072631e-10       5.169777060789e-12      -7.685506837140e-12       1.243363280639e-14       5.226557998961e-15       3.439259776136e-16       2.320280678491e-16 
 1030       1.412459648715e-10       5.143071613078e-12      -7.813763566453e-12       1.243453778383e-14       5.207087593417e-15       3.326486670076e-16       2.307197889386e-16 
 1031       1.413961580537e-10       5.115830584278e-12      -7.939386368504e-12       1.243557652815e-14       5.187705225578e-15       3.214734257851e-16       2.294056785558e-16 
 1032       1.415577269736e-10       5.088063337255e-12      -8.062310577147e-12       1.243674883438e-14       5.168410204757e-15       3.104016781103e-16       2.280871147283e-16 
 1033       1.417304093840e-10       5.059779322687e-12      -8.182471124486e-12       1.243805449018e-14       5.149201829672e-15       2.994348547095e-16       2.267654862239e-16 
 1034       1.419139407747e-10       5.030988545272e-12      -8.299811902279e-12       1.243949296795e-14       5.130079465468e-15       2.885744628577e-16       2.254419122779e-16 
 1035       1.421080548291e-10       5.001702969120e-12      -8.414313992810e-12       1.244106249626e-14       5.111042776022e-15       2.778222973984e-16       2.241163973846e-16 
 1036       1.423124829615e-10       4.971935132663e-12      -8.525967835111e-12       1.244276097522e-14       5.092091494858e-15       2.671802327286e-16       2.227886646161e-16 
 1037       1.425269541579e-10       4.941697684744e-12      -8.634763898992e-12       1.244458628315e-14       5.073225348370e-15       2.566501531139e-16       2.214584348325e-16 
 1038       1.427511949700e-10       4.911003384893e-12      -8.740692685204e-12       1.244653627653e-14       5.054444055802e-15       2.462339527088e-16       2.201254266771e-16 
 1039       1.429849295088e-10       4.879865103601e-12      -8.843744725602e-12       1.244860878991e-14       5.035747329220e-15       2.359335355757e-16       2.187893565704e-16 
 1040       1.432278794386e-10       4.848295822600e-12      -8.943910583302e-12       1.245080163589e-14       5.017134873498e-15       2.257508157048e-16       2.174499387052e-16 
 1041       1.434797639710e-10       4.816308635135e-12      -9.041180852850e-12       1.245311260504e-14       4.998606386290e-15       2.156877170341e-16       2.161068850407e-16 
 1042       1.437402998585e-10       4.783916746240e-12      -9.135546160376e-12       1.245553946584e-14       4.980161558007e-15       2.057461734686e-16       2.147599052971e-16 
 1043       1.440092013884e-10       4.751133473016e-12      -9.226997163762e-12       1.245807996463e-14       4.961800071801e-15       1.959281289004e-16       2.134087069503e-16 
 1044       1.442861803768e-10       4.717972244905e-12      -9.315524552802e-12       1.246073182556e-14       4.943521603536e-15       1.862355372282e-16       2.120529952266e-16 
 1045       1.445709461625e-10       4.684446603967e-12      -9.401119049360e-12       1.246349275053e-14       4.925325821768e-15       1.766703623770e-16       2.106924730969e-16 
 1046       1.448632056004e-10       4.650570205153e-12      -9.483771407539e-12       1.246636041910e-14       4.907212387724e-15       1.672345783178e-16       2.093268412713e-16 
 1047       1.451626630562e-10       4.616356816586e-12      -9.563472413837e-12       1.246933248849e-14       4.889180955280e-15       1.579301690873e-16       2.079557981938e-16 
 1048       1.454690203992e-10       4.581820319830e-12      -9.640212887310e-12       1.247240659346e-14       4.871231170936e-15       1.487591288078e-16       2.065790400369e-16 
 1049       1.457819769972e-10       4.546974710172e-12      -9.713983679735e-12       1.247558034630e-14       4.853362673795e-15       1.397234617064e-16       2.051962606959e-16 
 1050       1.461012297097e-10       4.511834096893e-12      -9.784775675772e-12       1.247885133675e-14       4.835575095542e-15       1.308251821351e-16       2.038071517838e-16 
 1051       1.464264728817e-10       4.476412703547e-12      -9.852579793123e-12       1.248221713195e-14       4.817868060421e-15       1.220663145906e-16       2.024114026252e-16 
 1052       1.467573983381e-10       4.440724868235e-12      -9.917386982699e-12       1.248567527637e-14       4.800241185210e-15       1.134488937335e-16       2.010087002518e-16 
 1053       1.470936953771e-10       4.404785043881e-12      -9.979188228776e-12       1.248922329178e-14       4.782694079205e-15       1.049749644083e-16       1.995987293961e-16 
 1054       1.474350507644e-10       4.368607798510e-12      -1.003797454916e-11       1.249285867715e-14       4.765226344190e-15       9.664658166316e-17       1.981811724864e-16 
 1055       1.477811487265e-10       4.332207815519e-12      -1.009373699535e-11       1.249657890863e-14       4.747837574422e-15       8.846581076947e-17       1.967557096411e-16 
 1056       1.481316709453e-10       4.295599893958e-12      -1.014646665269e-11       1.250038143948e-14       4.730527356604e-15       8.043472724154e-17       1.953220186635e-16 
 1057       1.484862965513e-10       4.258798948801e-12      -1.019615464056e-11       1.250426369999e-14       4.713295269862e-15       7.255541685633e-17       1.938797750363e-16 
 1058       1.488447021178e-10       4.221820011226e-12      -1.024279211249e-11       1.250822309747e-14       4.696140885729e-15       6.482997567315e-17       1.924286519158e-16 
 1059       1.492065616549e-10       4.184678228888e-12      -1.028637025636e-11       1.251225701615e-14       4.679063768114e-15       5.726051005330e-17       1.909683201270e-16 
 1060       1.495715466030e-10       4.147388866196e-12      -1.032688029455e-11       1.251636281713e-14       4.662063473288e-15       4.984913667984e-17       1.894984481577e-16 
 1061       1.499393258266e-10       4.109967304587e-12      -1.036431348411e-11       1.252053783834e-14       4.645139549856e-15       4.259798257719e-17       1.880187021532e-16 
 1062       1.503095656088e-10       4.072429042805e-12      -1.039866111690e-11       1.252477939446e-14       4.628291538737e-15       3.550918513093e-17       1.865287459109e-16 
 1063       1.506819296445e-10       4.034789697174e-12      -1.042991451977e-11       1.252908477689e-14       4.611518973142e-15       2.858489210740e-17       1.850282408750e-16 
 1064       1.510560790343e-10       3.997065001875e-12      -1.045806505473e-11       1.253345125366e-14       4.594821378550e-15       2.182726167344e-17       1.835168461305e-16 
 1065       1.514316722790e-10       3.959270809220e-12      -1.048310411908e-11       1.253787606939e-14       4.578198272688e-15       1.523846241608e-17       1.819942183984e-16 
 1066       1.518083652725e-10       3.921423089931e-12      -1.050502314560e-11       1.254235644524e-14       4.561649165507e-15       8.820673362201e-18       1.804600120299e-16 
 1067       1.521858112966e-10       3.883537933412e-12      -1.052381360270e-11       1.254688957882e-14       4.545173559161e-15       2.576083998279e-18       1.789138790008e-16 
 1068       1.525636610141e-10       3.845631548029e-12      -1.053946699459e-11       1.255147264418e-14       4.528770947982e-15      -3.493105709960e-18       1.773554689064e-16 
 1069       1.529415624632e-10       3.807720261382e-12      -1.055197486143e-11       1.255610279171e-14       4.512440818463e-15      -9.384685297837e-18       1.757844289561e-16 
 1070       1.533191610509e-10       3.769820520581e-12      -1.056132877951e-11       1.256077714810e-14       4.496182649229e-15      -1.509643378203e-17       1.742004039673e-16 
 1071       1.536960995474e-10       3.731948892525e-12      -1.056752036138e-11       1.256549281628e-14       4.479995911022e-15      -2.062611964086e-17       1.726030363608e-16 
 1072       1.540720180793e-10       3.694122064175e-12      -1.057054125605e-11       1.257024687537e-14       4.463880066671e-15      -2.597150079464e-17       1.709919661547e-16 
 1073       1.544465831029e-10       3.656355825788e-12      -1.057038980417e-11       1.257503642037e-14       4.447834626451e-15      -3.113116340179e-17       1.693669425593e-16 
 1074       1.548195747655e-10       3.618662004901e-12      -1.056709110253e-11       1.257985868195e-14       4.431859315001e-15      -3.610705079463e-17       1.677281604356e-16 
 1075       1.551908007214e-10       3.581051491146e-12      -1.056067721312e-11       1.258471090817e-14       4.415953906635e-15      -4.090196894046e-17       1.660759284075e-16 
 1076       1.555600672575e-10       3.543535249676e-12      -1.055118053370e-11       1.258959032484e-14       4.400118170150e-15      -4.551875081596e-17       1.644105576831e-16 
 1077       1.559271792904e-10       3.506124321333e-12      -1.053863379864e-11       1.259449413544e-14       4.384351868817e-15      -4.996025647486e-17       1.627323620611e-16 
 1078       1.562919403633e-10       3.468829822820e-12      -1.052307007978e-11       1.259941952110e-14       4.368654760359e-15      -5.422937311560e-17       1.610416579368e-16 
 1079       1.566541526425e-10       3.431662946873e-12      -1.050452278732e-11       1.260436364050e-14       4.353026596936e-15      -5.832901514897e-17       1.593387643086e-16 
 1080       1.570136169148e-10       3.394634962424e-12      -1.048302567062e-11       1.260932362984e-14       4.337467125132e-15      -6.226212426577e-17       1.576240027836e-16 
 1081       1.573701325840e-10       3.357757214777e-12      -1.045861281911e-11       1.261429660281e-14       4.321976085932e-15      -6.603166950447e-17       1.558976975845e-16 
 1082       1.577234976680e-10       3.321041125776e-12      -1.043131866309e-11       1.261927965050e-14       4.306553214712e-15      -6.964064731884e-17       1.541601755550e-16 
 1083       1.580735087955e-10       3.284498193973e-12      -1.040117797463e-11       1.262426984136e-14       4.291198241216e-15      -7.309208164563e-17       1.524117661666e-16 
 1084       1.584199612031e-10       3.248139994802e-12      -1.036822586839e-11       1.262926422114e-14       4.275910889545e-15      -7.638902397222e-17       1.506528015244e-16 
 1085       1.587626487318e-10       3.211978180744e-12      -1.033249780251e-11       1.263425981286e-14       4.260690878140e-15      -7.953455340425e-17       1.488836163735e-16 
 1086       1.591013638243e-10       3.176024481501e-12      -1.029402957943e-11       1.263925361672e-14       4.245537919761e-15      -8.253177673329e-17       1.471045481049e-16 
 1087       1.594358975216e-10       3.140290704163e-12      -1.025285734677e-11       1.264424261008e-14       4.230451721475e-15      -8.538382850452e-17       1.453159367619e-16 
 1088       1.597660394600e-10       3.104788733379e-12      -1.020901759818e-11       1.264922374739e-14       4.215431984637e-15      -8.809387108431e-17       1.435181250462e-16 
 1089       1.600915778679e-10       3.069530531527e-12      -1.016254717418e-11       1.265419396012e-14       4.200478404876e-15      -9.066509472796e-17       1.417114583240e-16 
 1090       1.604122995627e-10       3.034528138883e-12      -1.011348326303e-11       1.265915015676e-14       4.185590672075e-15      -9.310071764729e-17       1.398962846322e-16 
 1091       1.607279899478e-10       2.999793673793e-12      -1.006186340158e-11       1.266408922268e-14       4.170768470357e-15      -9.540398607833e-17       1.380729546848e-16 
 1092       1.610384330092e-10       2.965339332840e-12      -1.000772547613e-11       1.266900802018e-14       4.156011478069e-15      -9.757817434894e-17       1.362418218786e-16 
 1093       1.613434113126e-10       2.931177391015e-12      -9.951107723260e-12       1.267390338835e-14       4.141319367764e-15      -9.962658494652e-17       1.344032422999e-16 
 1094       1.616427060003e-10       2.897320201887e-12      -9.892048730729e-12       1.267877214305e-14       4.126691806183e-15      -1.015525485856e-16       1.325575747302e-16 
 1095       1.619360967878e-10       2.863780197775e-12      -9.830587438292e-12       1.268361107688e-14       4.112128454242e-15      -1.033594242755e-16       1.307051806525e-16 
 1096       1.622233619611e-10       2.830569889913e-12      -9.766763138573e-12       1.268841695907e-14       4.097628967014e-15      -1.050505993880e-16       1.288464242579e-16 
 1097       1.625042783732e-10       2.797701868624e-12      -9.700615477910e-12       1.269318653550e-14       4.083192993712e-15      -1.066294897250e-16       1.269816724511e-16 
 1098       1.627786214411e-10       2.765188803488e-12      -9.632184457219e-12       1.269791652855e-14       4.068820177672e-15      -1.080995395863e-16       1.251112948569e-16 
 1099       1.630461651428e-10       2.733043443513e-12      -9.561510432842e-12       1.270260363715e-14       4.054510156338e-15      -1.094642218370e-16       1.232356638265e-16 
 1100       1.633066820139e-10       2.701278617302e-12      -9.488634117404e-12       1.270724453666e-14       4.040262561246e-15      -1.107270379752e-16       1.213551544434e-16 
 1101       1.635599431447e-10       2.669907233228e-12      -9.413596580670e-12       1.271183587882e-14       4.026077018004e-15      -1.118915181998e-16       1.194701445297e-16 
 1102       1.638057181772e-10       2.638942279598e-12      -9.336439250396e-12       1.271637429173e-14       4.011953146279e-15      -1.129612214782e-16       1.175810146524e-16 
 1103       1.640437753016e-10       2.608396824828e-12      -9.257203913186e-12       1.272085637978e-14       3.997890559779e-15      -1.139397356137e-16       1.156881481291e-16 
 1104       1.642738812534e-10       2.578284017610e-12      -9.175932715346e-12       1.272527872357e-14       3.983888866238e-15      -1.148306773133e-16       1.137919310349e-16 
 1105       1.644958013102e-10       2.548617087080e-12      -9.092668163740e-12       1.272963787989e-14       3.969947667396e-15      -1.156376922554e-16       1.118927522078e-16 
 1106       1.647092992888e-10       2.519409342995e-12      -9.007453126642e-12       1.273393038166e-14       3.956066558987e-15      -1.163644551574e-16       1.099910032554e-16 
 1107       1.649141375418e-10       2.490674175893e-12      -8.920330834595e-12       1.273815273788e-14       3.942245130718e-15      -1.170146698432e-16       1.080870785610e-16 
 1108       1.651100769544e-10       2.462425057271e-12      -8.831344881262e-12       1.274230143354e-14       3.928482966256e-15      -1.175920693112e-16       1.061813752895e-16 
 1109       1.652968769418e-10       2.434675539751e-12      -8.740539224283e-12       1.274637292962e-14       3.914779643212e-15      -1.181004158017e-16       1.042742933938e-16 
 1110       1.654742954454e-10       2.407439257251e-12      -8.647958186129e-12       1.275036366300e-14       3.901134733118e-15      -1.185435008646e-16       1.023662356209e-16 
 1111       1.656420889301e-10       2.380729925154e-12      -8.553646454955e-12       1.275427004643e-14       3.887547801420e-15      -1.189251454269e-16       1.004576075180e-16 
 1112       1.658000495905e-10       2.354559544674e-12      -8.457649729672e-12       1.275808879871e-14       3.874018452400e-15      -1.192486933316e-16       9.854880026100e-17 
 1113       1.659481175111e-10       2.328932989766e-12      -8.360016662702e-12       1.276181794027e-14       3.860546464644e-15      -1.195154845293e-16       9.664013887927e-17 
 1114       1.660862699735e-10       2.303853349421e-12      -8.260796944447e-12       1.276545581056e-14       3.847131657323e-15      -1.197263619570e-16       9.473193336264e-17 
 1115       1.662144843818e-10       2.279323717015e-12      -8.160040662312e-12       1.276900073900e-14       3.833773845399e-15      -1.198821762662e-16       9.282449578203e-17 
 1116       1.663327382623e-10       2.255347190303e-12      -8.057798301617e-12       1.277245104490e-14       3.820472839610e-15      -1.199837858417e-16       9.091814029402e-17 
 1117       1.664410092645e-10       2.231926871416e-12      -7.954120746518e-12       1.277580503751e-14       3.807228446460e-15      -1.200320568197e-16       8.901318314531e-17 
 1118       1.665392751616e-10       2.209065866856e-12      -7.849059280921e-12       1.277906101593e-14       3.794040468204e-15      -1.200278631067e-16       8.710994267725e-17 
 1119       1.666275138508e-10       2.186767287494e-12      -7.742665589404e-12       1.278221726913e-14       3.780908702840e-15      -1.199720863978e-16       8.520873933030e-17 
 1120       1.667057033536e-10       2.165034248562e-12      -7.634991758129e-12       1.278527207591e-14       3.767832944094e-15      -1.198656161956e-16       8.330989564859e-17 
 1121       1.667738218169e-10       2.143869869652e-12      -7.526090275762e-12       1.278822370488e-14       3.754812981407e-15      -1.197093498283e-16       8.141373628439e-17 
 1122       1.668318475126e-10       2.123277274710e-12      -7.416014034392e-12       1.279107041445e-14       3.741848599926e-15      -1.195041924684e-16       7.952058800261e-17 
 1123       1.668797588391e-10       2.103259592033e-12      -7.304816330443e-12       1.279381045281e-14       3.728939580489e-15      -1.192510571515e-16       7.763077968534e-17 
 1124       1.669175343210e-10       2.083819954263e-12      -7.192550865597e-12       1.279644205788e-14       3.716085699615e-15      -1.189508647944e-16       7.574464233630e-17 
 1125       1.669451526097e-10       2.064961498385e-12      -7.079271747706e-12       1.279896345730e-14       3.703286729490e-15      -1.186045442140e-16       7.386250908539e-17 
 1126       1.669625924843e-10       2.046687365720e-12      -6.965033491715e-12       1.280137286845e-14       3.690542437956e-15      -1.182130321458e-16       7.198471519315e-17 
 1127       1.669698328517e-10       2.029000701922e-12      -6.849891020574e-12       1.280366849837e-14       3.677852588499e-15      -1.177772732620e-16       7.011159805532e-17 
 1128       1.669668527471e-10       2.011904656977e-12      -6.733899666157e-12       1.280584854376e-14       3.665216940235e-15      -1.172982201908e-16       6.824349720728e-17 
 1129       1.669536313349e-10       1.995402385191e-12      -6.617115170182e-12       1.280791119096e-14       3.652635247901e-15      -1.167768335343e-16       6.638075432861e-17 
 1130       1.669301479084e-10       1.979497045195e-12      -6.499593685124e-12       1.280985461595e-14       3.640107261840e-15      -1.162140818872e-16       6.452371324755e-17 
 1131       1.668963818910e-10       1.964191799932e-12      -6.381391775135e-12       1.281167698429e-14       3.627632727990e-15      -1.156109418558e-16       6.267271994553e-17 
 1132       1.668523128365e-10       1.949489816661e-12      -6.262566416958e-12       1.281337645112e-14       3.615211387872e-15      -1.149683980757e-16       6.082812256167e-17 
 1133       1.667979204294e-10       1.935394266944e-12      -6.143175000851e-12       1.281495116112e-14       3.602842978578e-15      -1.142874432310e-16       5.899027139726e-17 
 1134       1.667331844855e-10       1.921908326650e-12      -6.023275331495e-12       1.281639924853e-14       3.590527232758e-15      -1.135690780728e-16       5.715951892031e-17 
 1135       1.666580849524e-10       1.909035175946e-12      -5.902925628921e-12       1.281771883708e-14       3.578263878607e-15      -1.128143114373e-16       5.533621976999e-17 
 1136       1.665726019099e-10       1.896777999294e-12      -5.782184529419e-12       1.281890804000e-14       3.566052639857e-15      -1.120241602647e-16       5.352073076120e-17 
 1137       1.664767155706e-10       1.885139985445e-12      -5.661111086459e-12       1.281996495997e-14       3.553893235760e-15      -1.111996496178e-16       5.171341088903e-17 
 1138       1.663704062804e-10       1.874124327438e-12      -5.539764771609e-12       1.282088768914e-14       3.541785381078e-15      -1.103418127004e-16       4.991462133327e-17 
 1139       1.662536545187e-10       1.863734222594e-12      -5.418205475450e-12       1.282167430907e-14       3.529728786072e-15      -1.094516908756e-16       4.812472546294e-17 
 1140       1.661264408994e-10       1.853972872510e-12      -5.296493508496e-12       1.282232289072e-14       3.517723156487e-15      -1.085303336849e-16       4.634408884073e-17 
 1141       1.659887461707e-10       1.844843483059e-12      -5.174689602107e-12       1.282283149444e-14       3.505768193543e-15      -1.075787988661e-16       4.457307922760e-17 
 1142       1.658405512164e-10       1.836349264382e-12      -5.052854909412e-12       1.282319816993e-14       3.493863593920e-15      -1.065981523726e-16       4.281206658718e-17 
 1143       1.656818370555e-10       1.828493430884e-12      -4.931051006221e-12       1.282342095624e-14       3.482009049747e-15      -1.055894683912e-16       4.106142309037e-17 
 1144       1.655125848435e-10       1.821279201232e-12      -4.809339891945e-12       1.282349788172e-14       3.470204248590e-15      -1.045538293610e-16       3.932152311975e-17 
 1145       1.653327758722e-10       1.814709798349e-12      -4.687783990512e-12       1.282342696404e-14       3.458448873442e-15      -1.034923259919e-16       3.759274327416e-17 
 1146       1.651423915707e-10       1.808788449410e-12      -4.566446151286e-12       1.282320621010e-14       3.446742602705e-15      -1.024060572832e-16       3.587546237317e-17 
 1147       1.649414135057e-10       1.803518385839e-12      -4.445389649982e-12       1.282283361609e-14       3.435085110185e-15      -1.012961305422e-16       3.417006146157e-17 
 1148       1.647298233819e-10       1.798902843302e-12      -4.324678189585e-12       1.282230716742e-14       3.423476065074e-15      -1.001636614022e-16       3.247692381392e-17 
 1149       1.645076030423e-10       1.794945061705e-12      -4.204375901267e-12       1.282162483869e-14       3.411915131941e-15      -9.900977384204e-17       3.079643493899e-17 
 1150       1.642747344694e-10       1.791648285190e-12      -4.084547345303e-12       1.282078459371e-14       3.400401970719e-15      -9.783560020360e-17       2.912898258431e-17 
 1151       1.640312239513e-10       1.789014273086e-12      -3.965252637078e-12       1.281978478458e-14       3.388936270995e-15      -9.664165769453e-17       2.747486638147e-17 
 1152       1.637771749178e-10       1.787038812089e-12      -3.846532755505e-12       1.281862535463e-14       3.377517855380e-15      -9.542596918966e-17       2.583402551690e-17 
 1153       1.635127160307e-10       1.785716147091e-12      -3.728424049886e-12       1.281730665072e-14       3.366146577428e-15      -9.418591860550e-17       2.420630761216e-17 
 1154       1.632379771032e-10       1.785040464914e-12      -3.610963098380e-12       1.281582902553e-14       3.354822287441e-15      -9.291887221481e-17       2.259155876591e-17 
 1155       1.629530891034e-10       1.785005894177e-12      -3.494186708481e-12       1.281419283752e-14       3.343544832466e-15      -9.162217860871e-17       2.098962355021e-17 
 1156       1.626581841563e-10       1.785606505150e-12      -3.378131917491e-12       1.281239845098e-14       3.332314056278e-15      -9.029316865882e-17       1.940034500683e-17 
 1157       1.623533955469e-10       1.786836309620e-12      -3.262835992999e-12       1.281044623606e-14       3.321129799379e-15      -8.892915547930e-17       1.782356464362e-17 
 1158       1.620388577227e-10       1.788689260749e-12      -3.148336433354e-12       1.280833656874e-14       3.309991898982e-15      -8.752743438903e-17       1.625912243076e-17 
 1159       1.617147062962e-10       1.791159252937e-12      -3.034670968144e-12       1.280606983087e-14       3.298900189006e-15      -8.608528287372e-17       1.470685679719e-17 
 1160       1.613810780481e-10       1.794240121679e-12      -2.921877558670e-12       1.280364641019e-14       3.287854500068e-15      -8.459996054796e-17       1.316660462683e-17 
 1161       1.610381109293e-10       1.797925643433e-12      -2.809994398425e-12       1.280106670033e-14       3.276854659468e-15      -8.306870911741e-17       1.163820125499e-17 
 1162       1.606859440640e-10       1.802209535474e-12      -2.699059913565e-12       1.279833110085e-14       3.265900491189e-15      -8.148875234087e-17       1.012148046465e-17 
 1163       1.603247177524e-10       1.807085455759e-12      -2.589112763389e-12       1.279544001720e-14       3.254991815877e-15      -7.985729599238e-17       8.616274482782e-18 
 1164       1.599545734731e-10       1.812547002787e-12      -2.480191840816e-12       1.279239386079e-14       3.244128450843e-15      -7.817152782340e-17       7.122413976713e-18 
 1165       1.595756538859e-10       1.818587715459e-12      -2.372336272855e-12       1.278919304899e-14       3.233310210046e-15      -7.642861752483e-17       5.639728050418e-18 
 1166       1.591881028345e-10       1.825201072942e-12      -2.265585421090e-12       1.278583800514e-14       3.222536904087e-15      -7.462571668920e-17       4.168044240856e-18 
 1167       1.587920653492e-10       1.832380494524e-12      -2.159978882148e-12       1.278232915854e-14       3.211808340200e-15      -7.275995877272e-17       2.707188514299e-18 
 1168       1.583876876494e-10       1.840119339482e-12      -2.055556488180e-12       1.277866694451e-14       3.201124322243e-15      -7.082845905747e-17       1.256985262654e-18 
 1169       1.579751171467e-10       1.848410906939e-12      -1.952358307334e-12       1.277485180438e-14       3.190484650687e-15      -6.882831461343e-17      -1.827427002095e-19 
 1170       1.575545024467e-10       1.857248435724e-12      -1.850424644233e-12       1.277088418549e-14       3.179889122612e-15      -6.675660426064e-17      -1.612174142135e-18 
 1171       1.571259933529e-10       1.866625104238e-12      -1.749796040451e-12       1.276676454125e-14       3.169337531690e-15      -6.461038853130e-17      -3.031489416352e-18 
 1172       1.566897408681e-10       1.876534030308e-12      -1.650513274989e-12       1.276249333109e-14       3.158829668183e-15      -6.238670963191e-17      -4.440870465149e-18 
 1173       1.562458971980e-10       1.886968271054e-12      -1.552617364749e-12       1.275807102054e-14       3.148365318932e-15      -6.008259140532e-17      -5.840500823551e-18 
 1174       1.557946157535e-10       1.897920822747e-12      -1.456149565013e-12       1.275349808120e-14       3.137944267345e-15      -5.769503929290e-17      -7.230565622992e-18 
 1175       1.553360511534e-10       1.909384620670e-12      -1.361151369918e-12       1.274877499078e-14       3.127566293392e-15      -5.522104029664e-17      -8.611251594986e-18 
 1176       1.548703592271e-10       1.921352538981e-12      -1.267664512930e-12       1.274390223308e-14       3.117231173595e-15      -5.265756294124e-17      -9.982747074807e-18 
 1177       1.543976970171e-10       1.933817390572e-12      -1.175730967324e-12       1.273888029806e-14       3.106938681016e-15      -5.000155723626e-17      -1.134524200516e-17 
 1178       1.539182227820e-10       1.946771926929e-12      -1.085392946658e-12       1.273370968180e-14       3.096688585251e-15      -4.724995463819e-17      -1.269892793985e-17 
 1179       1.534320959990e-10       1.960208837996e-12      -9.966929052464e-13       1.272839088654e-14       3.086480652421e-15      -4.439966801259e-17      -1.404399804747e-17 
 1180       1.529394773664e-10       1.974120752035e-12      -9.096735386421e-13       1.272292442070e-14       3.076314645161e-15      -4.144759159620e-17      -1.538064711507e-17 
 1181       1.524405288065e-10       1.988500235484e-12      -8.243777841070e-13       1.271731079888e-14       3.066190322612e-15      -3.839060095906e-17      -1.670907155180e-17 
 1182       1.519354134684e-10       2.003339792824e-12      -7.408488210909e-13       1.271155054188e-14       3.056107440413e-15      -3.522555296660e-17      -1.802946939265e-17 
 1183       1.514242957302e-10       2.018631866433e-12      -6.591300717070e-13       1.270564417671e-14       3.046065750690e-15      -3.194928574175e-17      -1.934204030207e-17 
 1184       1.509073412021e-10       2.034368836452e-12      -5.792652012076e-13       1.269959223662e-14       3.036065002048e-15      -2.855861862710e-17      -2.064698557764e-17 
 1185       1.503847167289e-10       2.050543020645e-12      -5.012981184605e-13       1.269339526110e-14       3.026104939563e-15      -2.505035214696e-17      -2.194450815380e-17 
 1186       1.498565903925e-10       2.067146674257e-12      -4.252729764252e-13       1.268705379590e-14       3.016185304768e-15      -2.142126796949e-17      -2.323481260546e-17 
 1187       1.493231315152e-10       2.084171989880e-12      -3.512341726285e-13       1.268056839303e-14       3.006305835653e-15      -1.766812886884e-17      -2.451810515172e-17 
 1188       1.487845106613e-10       2.101611097310e-12      -2.792263496409e-13       1.267393961080e-14       2.996466266648e-15      -1.378767868721e-17      -2.579459365953e-17 
 1189       1.482408996411e-10       2.119456063409e-12      -2.092943955528e-13       1.266716801383e-14       2.986666328615e-15      -9.776642297004e-18      -2.706448764733e-17 
 1190       1.476924720486e-10       2.137698515901e-12      -1.414765151288e-13       1.266025440333e-14       2.976905774046e-15      -5.633278999751e-18      -2.832794182659e-17 
 1191       1.471394048817e-10       2.156328509982e-12      -7.578334915237e-14       1.265320051116e-14       2.967184453000e-15      -1.362063685229e-18      -2.958488595959e-17 
 1192       1.465818769478e-10       2.175335647512e-12      -1.221859955967e-14       1.264600831433e-14       2.957502238075e-15       3.030936906244e-18      -3.083519291916e-17 
 1193       1.460200683317e-10       2.194709451646e-12       4.921406461284e-14       1.263867980556e-14       2.947858999289e-15       7.539612311935e-18      -3.207873496015e-17 
 1194       1.454541603988e-10       2.214439366668e-12       1.085110073387e-13       1.263121699325e-14       2.938254604069e-15       1.215780825305e-17      -3.331538371837e-17 
 1195       1.448843357978e-10       2.234514757814e-12       1.656686257123e-13       1.262362190155e-14       2.928688917245e-15       1.687932654111e-17      -3.454501020950e-17 
 1196       1.443107784628e-10       2.254924911106e-12       2.206833500593e-13       1.261589657039e-14       2.919161801044e-15       2.169792498429e-17      -3.576748482792e-17 
 1197       1.437336736168e-10       2.275659033178e-12       2.735516440472e-13       1.260804305551e-14       2.909673115082e-15       2.660731729378e-17      -3.698267734567e-17 
 1198       1.431532077738e-10       2.296706251105e-12       3.242700047964e-13       1.260006342851e-14       2.900222716357e-15       3.160117299016e-17      -3.819045691129e-17 
 1199       1.425695687420e-10       2.318055612237e-12       3.728349629904e-13       1.259195977685e-14       2.890810459243e-15       3.667311730977e-17      -3.939069204877e-17 
 1200       1.419829456261e-10       2.339696084020e-12       4.192430829866e-13       1.258373420392e-14       2.881436195482e-15       4.181673111103e-17      -4.058325065639e-17 
 1201       1.413935288304e-10       2.361616553833e-12       4.634909629270e-13       1.257538882905e-14       2.872099774180e-15       4.702555078084e-17      -4.176800000564e-17 
 1202       1.408015100612e-10       2.383805828813e-12       5.055752348485e-13       1.256692578755e-14       2.862801041794e-15       5.229306814089e-17      -4.294480674010e-17 
 1203       1.402070823296e-10       2.406252635684e-12       5.454925647940e-13       1.255834723075e-14       2.853539842132e-15       5.761273035411e-17      -4.411353687438e-17 
 1204       1.396104399543e-10       2.428945620587e-12       5.832396529229e-13       1.254965532604e-14       2.844316016342e-15       6.297793983091e-17      -4.527405579293e-17 
 1205       1.390117785643e-10       2.451873348911e-12       6.188132336213e-13       1.254085225687e-14       2.835129402906e-15       6.838205413565e-17      -4.642622824900e-17 
 1206       1.384112951015e-10       2.475024305119e-12       6.522100756133e-13       1.253194022283e-14       2.825979837633e-15       7.381838589293e-17      -4.756991836353e-17 
 1207       1.378091878236e-10       2.498386892578e-12       6.834269820711e-13       1.252292143965e-14       2.816867153652e-15       7.928020269398e-17      -4.870498962400e-17 
 1208       1.372056563068e-10       2.521949433390e-12       7.124607907259e-13       1.251379813924e-14       2.807791181406e-15       8.476072700301e-17      -4.983130488336e-17 
 1209       1.366009014481e-10       2.545700168217e-12       7.393083739785e-13       1.250457256976e-14       2.798751748644e-15       9.025313606357e-17      -5.094872635893e-17 
 1210       1.359951254687e-10       2.569627256117e-12       7.639666390098e-13       1.249524699558e-14       2.789748680415e-15       9.575056180492e-17      -5.205711563126e-17 
 1211       1.353885319162e-10       2.593718774365e-12       7.864325278917e-13       1.248582369740e-14       2.780781799060e-15       1.012460907484e-16      -5.315633364304e-17 
 1212       1.347813256675e-10       2.617962718289e-12       8.067030176974e-13       1.247630497221e-14       2.771850924206e-15       1.067327639137e-16      -5.424624069801e-17 
 1213       1.341737129315e-10       2.642347001094e-12       8.247751206122e-13       1.246669313337e-14       2.762955872759e-15       1.122035767253e-16      -5.532669645983e-17 
 1214       1.335659012518e-10       2.666859453696e-12       8.406458840443e-13       1.245699051063e-14       2.754096458895e-15       1.176514789190e-16      -5.639755995098e-17 
 1215       1.329580995094e-10       2.691487824545e-12       8.543123907350e-13       1.244719945017e-14       2.745272494058e-15       1.230693744479e-16      -5.745868955167e-17 
 1216       1.323505179255e-10       2.716219779461e-12       8.657717588697e-13       1.243732231460e-14       2.736483786948e-15       1.284501213890e-16      -5.850994299869e-17 
 1217       1.317433680642e-10       2.741042901458e-12       8.750211421885e-13       1.242736148305e-14       2.727730143516e-15       1.337865318496e-16      -5.955117738436e-17 
 1218       1.311368628351e-10       2.765944690576e-12       8.820577300966e-13       1.241731935116e-14       2.719011366957e-15       1.390713718736e-16      -6.058224915540e-17 
 1219       1.305312164960e-10       2.790912563708e-12       8.868787477753e-13       1.240719833115e-14       2.710327257706e-15       1.442973613476e-16      -6.160301411179e-17 
 1220       1.299266446560e-10       2.815933854431e-12       8.894814562921e-13       1.239700085181e-14       2.701677613426e-15       1.494571739077e-16      -6.261332740573e-17 
 1221       1.293233642776e-10       2.840995812833e-12       8.898631527118e-13       1.238672935857e-14       2.693062229002e-15       1.545434368458e-16      -6.361304354046e-17 
 1222       1.287215936800e-10       2.866085605346e-12       8.880211702072e-13       1.237638631351e-14       2.684480896539e-15       1.595487310155e-16      -6.460201636923e-17 
 1223       1.281215525413e-10       2.891190314569e-12       8.839528781691e-13       1.236597419542e-14       2.675933405350e-15       1.644655907391e-16      -6.558009909412e-17 
 1224       1.275234619016e-10       2.916296939105e-12       8.776556823175e-13       1.235549549981e-14       2.667419541949e-15       1.692865037133e-16      -6.654714426500e-17 
 1225       1.269275441657e-10       2.941392393383e-12       8.691270248122e-13       1.234495273896e-14       2.658939090050e-15       1.740039109162e-16      -6.750300377836e-17 
 1226       1.263340231056e-10       2.966463507490e-12       8.583643843632e-13       1.233434844194e-14       2.650491830551e-15       1.786102065132e-16      -6.844752887625e-17 
 1227       1.257431238631e-10       2.991497027002e-12       8.453652763413e-13       1.232368515466e-14       2.642077541536e-15       1.830977377637e-16      -6.938057014516e-17 
 1228       1.251550729532e-10       3.016479612809e-12       8.301272528891e-13       1.231296543989e-14       2.633695998261e-15       1.874588049269e-16      -7.030197751492e-17 
 1229       1.245700793705e-10       3.041398670240e-12       8.126527137601e-13       1.230219182576e-14       2.625346995192e-15       1.916878601000e-16      -7.121161359383e-17 
 1230       1.239882776608e-10       3.066244847563e-12       7.929634012449e-13       1.229136665057e-14       2.617030412395e-15       1.957881325434e-16      -7.210939385002e-17 
 1231       1.234097841780e-10       3.091009566860e-12       7.710860778698e-13       1.228049221619e-14       2.608746149920e-15       1.997650819715e-16      -7.299524690582e-17 
 1232       1.228347159196e-10       3.115684197328e-12       7.470477317980e-13       1.226957083949e-14       2.600494105829e-15       2.036242068505e-16      -7.386910124482e-17 
 1233       1.222631905277e-10       3.140260055172e-12       7.208755773226e-13       1.225860485234e-14       2.592274176188e-15       2.073710444790e-16      -7.473088521179e-17 
 1234       1.216953262906e-10       3.164728403503e-12       6.925970553588e-13       1.224759660166e-14       2.584086255062e-15       2.110111710694e-16      -7.558052701270e-17 
 1235       1.211312421437e-10       3.189080452228e-12       6.622398339369e-13       1.223654844943e-14       2.575930234515e-15       2.145502018286e-16      -7.641795471458e-17 
 1236       1.205710576705e-10       3.213307357950e-12       6.298318086942e-13       1.222546277276e-14       2.567806004596e-15       2.179937910388e-16      -7.724309624557e-17 
 1237       1.200148931045e-10       3.237400223859e-12       5.954011033681e-13       1.221434196387e-14       2.559713453344e-15       2.213476321388e-16      -7.805587939477e-17 
 1238       1.194628693297e-10       3.261350099629e-12       5.589760702882e-13       1.220318843013e-14       2.551652466773e-15       2.246174578043e-16      -7.885623181229e-17 
 1239       1.189151078823e-10       3.285147981315e-12       5.205852908690e-13       1.219200459415e-14       2.543622928874e-15       2.278090400295e-16      -7.964408100915e-17 
 1240       1.183717309518e-10       3.308784811243e-12       4.802575761024e-13       1.218079289370e-14       2.535624721607e-15       2.309281902075e-16      -8.041935435720e-17 
 1241       1.178328613819e-10       3.332251477908e-12       4.380219670501e-13       1.216955578185e-14       2.527657724896e-15       2.339807592114e-16      -8.118197908917e-17 
 1242       1.172986226722e-10       3.355538815870e-12       3.939077353366e-13       1.215829572693e-14       2.519721816623e-15       2.369726374754e-16      -8.193188229853e-17 
 1243       1.167691389792e-10       3.378637605646e-12       3.479443836408e-13       1.214701521260e-14       2.511816872625e-15       2.399097550754e-16      -8.266899093947e-17 
 1244       1.162445351173e-10       3.401538573607e-12       3.001616461896e-13       1.213571673782e-14       2.503942766688e-15       2.427980818101e-16      -8.339323182689e-17 
 1245       1.157249365605e-10       3.424232391874e-12       2.505894892494e-13       1.212440281698e-14       2.496099370540e-15       2.456436272818e-16      -8.410453163629e-17 
 1246       1.152104694431e-10       3.446709678210e-12       1.992581116196e-13       1.211307597982e-14       2.488286553848e-15       2.484524409774e-16      -8.480281690377e-17 
 1247       1.147012605613e-10       3.468960995915e-12       1.461979451241e-13       1.210173877154e-14       2.480504184212e-15       2.512306123495e-16      -8.548801402595e-17 
 1248       1.141974373742e-10       3.490976853725e-12       9.143965510475e-14       1.209039375279e-14       2.472752127161e-15       2.539842708969e-16      -8.616004925997e-17 
 1249       1.136991280051e-10       3.512747705704e-12       3.501414091326e-14       1.207904349972e-14       2.465030246146e-15       2.567195862458e-16      -8.681884872338e-17 
 1250       1.132064612428e-10       3.534263951137e-12      -2.304746359602e-14       1.206769060398e-14       2.457338402535e-15       2.594427682307e-16      -8.746433839413e-17 
 1251       1.127195665426e-10       3.555515934431e-12      -8.271378957366e-14       1.205633767280e-14       2.449676455610e-15       2.621600669752e-16      -8.809644411051e-17 
 1252       1.122385740276e-10       3.576493945002e-12      -1.439532326826e-13       1.204498732898e-14       2.442044262558e-15       2.648777729731e-16      -8.871509157111e-17 
 1253       1.117636144902e-10       3.597188217178e-12      -2.067339526057e-13       1.203364221091e-14       2.434441678471e-15       2.676022171691e-16      -8.932020633478e-17 
 1254       1.112948193927e-10       3.617588930088e-12      -2.710238725531e-13       1.202230497264e-14       2.426868556336e-15       2.703397710399e-16      -8.991171382056e-17 
 1255       1.108323208691e-10       3.637686207560e-12      -3.367906787699e-13       1.201097828390e-14       2.419324747033e-15       2.730968466749e-16      -9.048953930765e-17 
 1256       1.103762517262e-10       3.657470118014e-12      -4.040018200432e-13       1.199966483009e-14       2.411810099327e-15       2.758798968574e-16      -9.105360793533e-17 
 1257       1.099267454445e-10       3.676930674360e-12      -4.726245072103e-13       1.198836731237e-14       2.404324459868e-15       2.786954151453e-16      -9.160384470298e-17 
 1258       1.094839361797e-10       3.696057833890e-12      -5.426257126654e-13       1.197708844764e-14       2.396867673177e-15       2.815499359521e-16      -9.214017446996e-17 
 1259       1.090479587639e-10       3.714841498173e-12      -6.139721698678e-13       1.196583096860e-14       2.389439581652e-15       2.844500346279e-16      -9.266252195560e-17 
 1260       1.086189487067e-10       3.733271512952e-12      -6.866303728488e-13       1.195459762376e-14       2.382040025552e-15       2.874023275399e-16      -9.317081173915e-17 
 1261       1.081970421966e-10       3.751337668039e-12      -7.605665757195e-13       1.194339117750e-14       2.374668843001e-15       2.904134721541e-16      -9.366496825971e-17 
 1262       1.077823761019e-10       3.769029697208e-12      -8.357467921782e-13       1.193221441005e-14       2.367325869975e-15       2.934901671154e-16      -9.414491581622e-17 
 1263       1.073750879722e-10       3.786337278089e-12      -9.121367950177e-13       1.192107011757e-14       2.360010940304e-15       2.966391523290e-16      -9.461057856738e-17 
 1264       1.069753160396e-10       3.803250032068e-12      -9.897021156334e-13       1.190996111215e-14       2.352723885660e-15       2.998672090411e-16      -9.506188053162e-17 
 1265       1.065831992197e-10       3.819757524177e-12      -1.068408043530e-12       1.189889022186e-14       2.345464535558e-15       3.031811599201e-16      -9.549874558703e-17 
 1266       1.061988771131e-10       3.835849262991e-12      -1.148219625829e-12       1.188786029076e-14       2.338232717346e-15       3.065878691370e-16      -9.592109747134e-17 
 1267       1.058224900064e-10       3.851514700523e-12      -1.229101666777e-12       1.187687417893e-14       2.331028256204e-15       3.100942424470e-16      -9.632885978187e-17 
 1268       1.054541546267e-10       3.866744664237e-12      -1.311018392480e-12       1.186593449221e-14       2.323850991274e-15       3.137051109657e-16      -9.672197577321e-17 
 1269       1.050938910967e-10       3.881535671373e-12      -1.393932441863e-12       1.185504276779e-14       2.316700824279e-15       3.174168556346e-16      -9.710046800027e-17 
 1270       1.047416951397e-10       3.895885664153e-12      -1.477805863096e-12       1.184420027929e-14       2.309577671458e-15       3.212237094101e-16      -9.746437936281e-17 
 1271       1.043975622496e-10       3.909792582180e-12      -1.562600446799e-12       1.183340830620e-14       2.302481447468e-15       3.251198668228e-16      -9.781375337148e-17 
 1272       1.040614876905e-10       3.923254362440e-12      -1.648277725518e-12       1.182266813391e-14       2.295412065388e-15       3.290994839004e-16      -9.814863414925e-17 
 1273       1.037334664954e-10       3.936268939301e-12      -1.734798973212e-12       1.181198105372e-14       2.288369436710e-15       3.331566780910e-16      -9.846906643288e-17 
 1274       1.034134934666e-10       3.948834244515e-12      -1.822125204735e-12       1.180134836286e-14       2.281353471333e-15       3.372855281860e-16      -9.877509557427e-17 
 1275       1.031015631741e-10       3.960948207222e-12      -1.910217175317e-12       1.179077136444e-14       2.274364077565e-15       3.414800742433e-16      -9.906676754195e-17 
 1276       1.027976699557e-10       3.972608753952e-12      -1.999035380047e-12       1.178025136757e-14       2.267401162117e-15       3.457343175101e-16      -9.934412892251e-17 
 1277       1.025018079164e-10       3.983813808624e-12      -2.088540053356e-12       1.176978968724e-14       2.260464630094e-15       3.500422203465e-16      -9.960722692197e-17 
 1278       1.022139709271e-10       3.994561292549e-12      -2.178691168501e-12       1.175938764446e-14       2.253554384998e-15       3.543977061483e-16      -9.985610936730e-17 
 1279       1.019341526250e-10       4.004849124432e-12      -2.269448437043e-12       1.174904656614e-14       2.246670328722e-15       3.587946592700e-16      -1.000908247077e-16 
 1280       1.016623464121e-10       4.014675220376e-12      -2.360771308335e-12       1.173876778522e-14       2.239812361543e-15       3.632269249481e-16      -1.003114220163e-16 
 1281       1.013985454555e-10       4.024037493877e-12      -2.452618969001e-12       1.172855264058e-14       2.232980382121e-15       3.676883092239e-16      -1.005179509913e-16 
 1282       1.011427426859e-10       4.032933855836e-12      -2.544950342419e-12       1.171840247713e-14       2.226174287495e-15       3.721725788670e-16      -1.007104619574e-16 
 1283       1.008949307976e-10       4.041362214549e-12      -2.637724088204e-12       1.170831864577e-14       2.219393973078e-15       3.766734612982e-16      -1.008890058676e-16 
 1284       1.006551022478e-10       4.049320475720e-12      -2.730898601691e-12       1.169830250340e-14       2.212639332652e-15       3.811846445123e-16      -1.010536343042e-16 
 1285       1.004232492558e-10       4.056806542454e-12      -2.824432013417e-12       1.168835541295e-14       2.205910258367e-15       3.856997770017e-16      -1.012043994804e-16 
 1286       1.001993638028e-10       4.063818315265e-12      -2.918282188602e-12       1.167847874341e-14       2.199206640735e-15       3.902124676792e-16      -1.013413542418e-16 
 1287       9.998343763087e-11       4.070353692073e-12      -3.012406726636e-12       1.166867386976e-14       2.192528368627e-15       3.947162858011e-16      -1.014645520676e-16 
 1288       9.977546224262e-11       4.076410568209e-12      -3.106762960555e-12       1.165894217309e-14       2.185875329268e-15       3.992047608902e-16      -1.015740470725e-16 
 1289       9.957542890054e-11       4.081986836416e-12      -3.201307956529e-12       1.164928504051e-14       2.179247408234e-15       4.036713826593e-16      -1.016698940075e-16 
 1290       9.938332862643e-11       4.087080386849e-12      -3.295998513343e-12       1.163970386521e-14       2.172644489446e-15       4.081096009338e-16      -1.017521482618e-16 
 1291       9.919915220076e-11       4.091689107079e-12      -3.390791161878e-12       1.163020004648e-14       2.166066455170e-15       4.125128255749e-16      -1.018208658640e-16 
 1292       9.902289016214e-11       4.095810882095e-12      -3.485642164596e-12       1.162077498968e-14       2.159513186008e-15       4.168744264032e-16      -1.018761034837e-16 
 1293       9.885453280668e-11       4.099443594303e-12      -3.580507515018e-12       1.161143010629e-14       2.152984560901e-15       4.211877331209e-16      -1.019179184327e-16 
 1294       9.869407018739e-11       4.102585123531e-12      -3.675342937212e-12       1.160216681388e-14       2.146480457116e-15       4.254460352356e-16      -1.019463686667e-16 
 1295       9.854149211366e-11       4.105233347027e-12      -3.770103885274e-12       1.159298653614e-14       2.140000750249e-15       4.296425819833e-16      -1.019615127863e-16 
 1296       9.839678815057e-11       4.107386139466e-12      -3.864745542808e-12       1.158389070292e-14       2.133545314220e-15       4.337705822510e-16      -1.019634100392e-16 
 1297       9.825994761838e-11       4.109041372947e-12      -3.959222822410e-12       1.157488075019e-14       2.127114021265e-15       4.378232045004e-16      -1.019521203207e-16 
 1298       9.813095959188e-11       4.110196916997e-12      -4.053490365152e-12       1.156595812005e-14       2.120706741938e-15       4.417935766907e-16      -1.019277041757e-16 
 1299       9.800981289984e-11       4.110850638571e-12      -4.147502540061e-12       1.155712426080e-14       2.114323345102e-15       4.456747862016e-16      -1.018902228002e-16 
 1300       9.789649612439e-11       4.111000402058e-12      -4.241213443606e-12       1.154838062687e-14       2.107963697928e-15       4.494598797567e-16      -1.018397380422e-16 
 1301       9.779099760042e-11       4.110644069277e-12      -4.334576899178e-12       1.153972867890e-14       2.101627665889e-15       4.531418633462e-16      -1.017763124037e-16 
 1302       9.769330541504e-11       4.109779499484e-12      -4.427546456572e-12       1.153116988369e-14       2.095315112758e-15       4.567137021503e-16      -1.017000090419e-16 
 1303       9.760340740693e-11       4.108404549370e-12      -4.520075391469e-12       1.152270571427e-14       2.089025900603e-15       4.601683204621e-16      -1.016108917704e-16 
 1304       9.752129116577e-11       4.106517073064e-12      -4.612116704921e-12       1.151433764985e-14       2.082759889782e-15       4.634986016110e-16      -1.015090250610e-16 
 1305       9.744694403163e-11       4.104114922135e-12      -4.703623122834e-12       1.150606717587e-14       2.076516938943e-15       4.666973878853e-16      -1.013944740449e-16 
 1306       9.738035309444e-11       4.101195945596e-12      -4.794547095447e-12       1.149789578399e-14       2.070296905014e-15       4.697574804556e-16      -1.012673045144e-16 
 1307       9.732149011585e-11       4.097759156768e-12      -4.884844499187e-12       1.148982466409e-14       2.064099656319e-15       4.726736094510e-16      -1.011275920307e-16 
 1308       9.727026611173e-11       4.093808248175e-12      -4.974485788597e-12       1.148185377636e-14       2.057925112072e-15       4.754483684587e-16      -1.009754493576e-16 
 1309       9.722657626047e-11       4.089348115978e-12      -5.063444968130e-12       1.147398276885e-14       2.051773203318e-15       4.780863462580e-16      -1.008109993381e-16 
 1310       9.719031493268e-11       4.084383696752e-12      -5.151695900838e-12       1.146621128452e-14       2.045643859848e-15       4.805921627507e-16      -1.006343658167e-16 
 1311       9.716137568959e-11       4.078919967574e-12      -5.239212308117e-12       1.145853896125e-14       2.039537010203e-15       4.829704690226e-16      -1.004456736423e-16 
 1312       9.713965128134e-11       4.072961946105e-12      -5.325967769445e-12       1.145096543182e-14       2.033452581668e-15       4.852259474052e-16      -1.002450486698e-16 
 1313       9.712503364536e-11       4.066514690675e-12      -5.411935722127e-12       1.144349032389e-14       2.027390500270e-15       4.873633115368e-16      -1.000326177622e-16 
 1314       9.711741390474e-11       4.059583300365e-12      -5.497089461039e-12       1.143611326001e-14       2.021350690771e-15       4.893873064240e-16      -9.980850879263e-17 
 1315       9.711668236653e-11       4.052172915090e-12      -5.581402138367e-12       1.142883385756e-14       2.015333076671e-15       4.913027085030e-16      -9.957285064681e-17 
 1316       9.712272852012e-11       4.044288715687e-12      -5.664846763350e-12       1.142165172882e-14       2.009337580201e-15       4.931143257011e-16      -9.932577322463e-17 
 1317       9.713544103559e-11       4.035935923995e-12      -5.747396202026e-12       1.141456648088e-14       2.003364122322e-15       4.948269974979e-16      -9.906740744247e-17 
 1318       9.715470776205e-11       4.027119802938e-12      -5.829023176970e-12       1.140757771565e-14       1.997412622719e-15       4.964455949869e-16      -9.879788523522e-17 
 1319       9.718041572600e-11       4.017845656611e-12      -5.909700267037e-12       1.140068502989e-14       1.991482999803e-15       4.979750209367e-16      -9.851733955832e-17 
 1320       9.721245112965e-11       4.008118830362e-12      -5.989399907108e-12       1.139388801512e-14       1.985575170702e-15       4.994202098525e-16      -9.822590438988e-17 
 1321       9.725069934932e-11       3.997944710880e-12      -6.068094387828e-12       1.138718625769e-14       1.979689051263e-15       5.007861280375e-16      -9.792371473271e-17 
 1322       9.729504493374e-11       3.987328726270e-12      -6.145755855352e-12       1.138057933872e-14       1.973824556045e-15       5.020777736540e-16      -9.761090661639e-17 
 1323       9.734537160244e-11       3.976276346145e-12      -6.222356311084e-12       1.137406683409e-14       1.967981598318e-15       5.033001767853e-16      -9.728761709935e-17 
 1324       9.740156224405e-11       3.964793081706e-12      -6.297867611421e-12       1.136764831443e-14       1.962160090063e-15       5.044583994967e-16      -9.695398427093e-17 
 1325       9.746349891470e-11       3.952884485826e-12      -6.372261467497e-12       1.136132334514e-14       1.956359941961e-15       5.055575358968e-16      -9.661014725347e-17 
 1326       9.753106283634e-11       3.940556153134e-12      -6.445509444924e-12       1.135509148634e-14       1.950581063397e-15       5.066027121992e-16      -9.625624620433e-17 
 1327       9.760413439511e-11       3.927813720099e-12      -6.517582963532e-12       1.134895229286e-14       1.944823362456e-15       5.075990867837e-16      -9.589242231802e-17 
 1328       9.768259313966e-11       3.914662865111e-12      -6.588453297115e-12       1.134290531425e-14       1.939086745916e-15       5.085518502579e-16      -9.551881782821e-17 
 1329       9.776631777953e-11       3.901109308570e-12      -6.658091573174e-12       1.133695009476e-14       1.933371119250e-15       5.094662255180e-16      -9.513557600983e-17 
 1330       9.785518618346e-11       3.887158812965e-12      -6.726468772655e-12       1.133108617332e-14       1.927676386617e-15       5.103474678111e-16      -9.474284118113e-17 
 1331       9.794907537780e-11       3.872817182958e-12      -6.793555729693e-12       1.132531308353e-14       1.922002450867e-15       5.112008647956e-16      -9.434075870575e-17 
 1332       9.804786154480e-11       3.858090265472e-12      -6.859323131359e-12       1.131963035366e-14       1.916349213530e-15       5.120317366033e-16      -9.392947499480e-17 
 1333       9.815142002098e-11       3.842983949769e-12      -6.923741517396e-12       1.131403750663e-14       1.910716574818e-15       5.128454359005e-16      -9.350913750890e-17 
 1334       9.825962529550e-11       3.827504167536e-12      -6.986781279964e-12       1.130853405998e-14       1.905104433620e-15       5.136473479493e-16      -9.307989476025e-17 
 1335       9.837235100847e-11       3.811656892972e-12      -7.048412663383e-12       1.130311952589e-14       1.899512687500e-15       5.144428906694e-16      -9.264189631474e-17 
 1336       9.848946994936e-11       3.795448142865e-12      -7.108605763875e-12       1.129779341116e-14       1.893941232691e-15       5.152375146989e-16      -9.219529279398e-17 
 1337       9.861085405525e-11       3.778883976682e-12      -7.167330529308e-12       1.129255521719e-14       1.888389964097e-15       5.160367034560e-16      -9.174023587736e-17 
 1338       9.873637440930e-11       3.761970496648e-12      -7.224556758932e-12       1.128740443994e-14       1.882858775286e-15       5.168459732004e-16      -9.127687830415e-17 
 1339       9.886590123900e-11       3.744713847833e-12      -7.280254103132e-12       1.128234057000e-14       1.877347558488e-15       5.176708730946e-16      -9.080537387555e-17 
 1340       9.899930391458e-11       3.727120218234e-12      -7.334392063159e-12       1.127736309247e-14       1.871856204593e-15       5.185169852654e-16      -9.032587745675e-17 
 1341       9.913645094732e-11       3.709195838858e-12      -7.386939990882e-12       1.127247148706e-14       1.866384603145e-15       5.193899248651e-16      -8.983854497903e-17 
 1342       9.927720998792e-11       3.690946983809e-12      -7.437867088523e-12       1.126766522797e-14       1.860932642344e-15       5.202953401330e-16      -8.934353344178e-17 
 1343       9.942144782486e-11       3.672379970365e-12      -7.487142408406e-12       1.126294378397e-14       1.855500209039e-15       5.212389124568e-16      -8.884100091462e-17 
 1344       9.956903038272e-11       3.653501159072e-12      -7.534734852693e-12       1.125830661834e-14       1.850087188723e-15       5.222263564339e-16      -8.833110653942e-17 
 1345       9.971982272056e-11       3.634316953816e-12      -7.580613173131e-12       1.125375318884e-14       1.844693465538e-15       5.232634199328e-16      -8.781401053239e-17 
 1346       9.987369005059e-11       3.614834085877e-12      -7.624751067351e-12       1.124928278276e-14       1.839318932606e-15       5.243542764111e-16      -8.728986349887e-17 
 1347       1.000305008098e-10       3.595060469263e-12      -7.667142528868e-12       1.124489401989e-14       1.833963523176e-15       5.254966826345e-16      -8.675877424643e-17 
 1348       1.001901236184e-10       3.575004354831e-12      -7.707786663319e-12       1.124058534409e-14       1.828627179814e-15       5.266867684764e-16      -8.622084162617e-17 
 1349       1.003524262610e-10       3.554674047271e-12      -7.746682607117e-12       1.123635518779e-14       1.823309844087e-15       5.279206398437e-16      -8.567616518973e-17 
 1350       1.005172756848e-10       3.534077905209e-12      -7.783829527531e-12       1.123220197194e-14       1.818011456562e-15       5.291943786321e-16      -8.512484519060e-17 
 1351       1.006845379985e-10       3.513224341309e-12      -7.819226622763e-12       1.122812410603e-14       1.812731956802e-15       5.305040426806e-16      -8.456698258548e-17 
 1352       1.008540784700e-10       3.492121822374e-12      -7.852873122027e-12       1.122411998802e-14       1.807471283363e-15       5.318456657267e-16      -8.400267903565e-17 
 1353       1.010257615256e-10       3.470778869452e-12      -7.884768285634e-12       1.122018800434e-14       1.802229373795e-15       5.332152573614e-16      -8.343203690834e-17 
 1354       1.011994507477e-10       3.449204057936e-12      -7.914911405067e-12       1.121632652988e-14       1.797006164639e-15       5.346088029843e-16      -8.285515927809e-17 
 1355       1.013750088738e-10       3.427406017665e-12      -7.943301803061e-12       1.121253392793e-14       1.791801591420e-15       5.360222637583e-16      -8.227214992807e-17 
 1356       1.015522977944e-10       3.405393433030e-12      -7.969938833685e-12       1.120880855020e-14       1.786615588651e-15       5.374515765647e-16      -8.168311335151e-17 
 1357       1.017311785520e-10       3.383175043076e-12      -7.994821882421e-12       1.120514873678e-14       1.781448089826e-15       5.388926539581e-16      -8.108815475301e-17 
 1358       1.019115113389e-10       3.360759641600e-12      -8.017950366242e-12       1.120155281608e-14       1.776299027420e-15       5.403413841215e-16      -8.048738004990e-17 
 1359       1.020931554961e-10       3.338156077260e-12      -8.039323733694e-12       1.119801910489e-14       1.771168332885e-15       5.417936308213e-16      -7.988089587364e-17 
 1360       1.022759695114e-10       3.315373253672e-12      -8.058941464973e-12       1.119454590826e-14       1.766055936651e-15       5.432452333619e-16      -7.926880957113e-17 
 1361       1.024598110181e-10       3.292420129516e-12      -8.076803072009e-12       1.119113151958e-14       1.760961768119e-15       5.446920065413e-16      -7.865122920612e-17 
 1362       1.026445367931e-10       3.269305718637e-12      -8.092908098542e-12       1.118777422044e-14       1.755885755662e-15       5.461297406055e-16      -7.802826356052e-17 
 1363       1.028300027556e-10       3.246039090146e-12      -8.107256120202e-12       1.118447228073e-14       1.750827826620e-15       5.475542012038e-16      -7.740002213582e-17 
 1364       1.030160639652e-10       3.222629368527e-12      -8.119846744591e-12       1.118122395852e-14       1.745787907303e-15       5.489611293435e-16      -7.676661515439e-17 
 1365       1.032025746209e-10       3.199085733734e-12      -8.130679611360e-12       1.117802750008e-14       1.740765922980e-15       5.503462413453e-16      -7.612815356088e-17 
 1366       1.033893880588e-10       3.175417421298e-12      -8.139754392291e-12       1.117488113986e-14       1.735761797885e-15       5.517052287977e-16      -7.548474902356e-17 
 1367       1.035763567508e-10       3.151633722426e-12      -8.147070791375e-12       1.117178310046e-14       1.730775455209e-15       5.530337585127e-16      -7.483651393570e-17 
 1368       1.037633323034e-10       3.127743984106e-12      -8.152628544893e-12       1.116873159260e-14       1.725806817103e-15       5.543274724798e-16      -7.418356141691e-17 
 1369       1.039501654555e-10       3.103757609208e-12      -8.156427421495e-12       1.116572481511e-14       1.720855804667e-15       5.555819878221e-16      -7.352600531452e-17 
 1370       1.041367060772e-10       3.079684056586e-12      -8.158467222280e-12       1.116276095488e-14       1.715922337959e-15       5.567928967503e-16      -7.286396020494e-17 
 1371       1.043228031680e-10       3.055532841184e-12      -8.158747780876e-12       1.115983818688e-14       1.711006335983e-15       5.579557665182e-16      -7.219754139498e-17 
 1372       1.045083048556e-10       3.031313534133e-12      -8.157268963519e-12       1.115695467412e-14       1.706107716692e-15       5.590661393776e-16      -7.152686492326e-17 
 1373       1.046930583938e-10       3.007035762857e-12      -8.154030669132e-12       1.115410856759e-14       1.701226396982e-15       5.601195325331e-16      -7.085204756156e-17 
 1374       1.048769101611e-10       2.982709211177e-12      -8.149032829408e-12       1.115129800631e-14       1.696362292695e-15       5.611114380972e-16      -7.017320681617e-17 
 1375       1.050597056596e-10       2.958343619409e-12      -8.142275408886e-12       1.114852111722e-14       1.691515318609e-15       5.620373230455e-16      -6.949046092925e-17 
 1376       1.052412895124e-10       2.933948784469e-12      -8.133758405033e-12       1.114577601525e-14       1.686685388445e-15       5.628926291711e-16      -6.880392888018e-17 
 1377       1.054215054632e-10       2.909534559976e-12      -8.123481848322e-12       1.114306080322e-14       1.681872414855e-15       5.636727730400e-16      -6.811373038697e-17 
 1378       1.056001963738e-10       2.885110856353e-12      -8.111445802313e-12       1.114037357186e-14       1.677076309427e-15       5.643731459461e-16      -6.741998590754e-17 
 1379       1.057772042229e-10       2.860687640930e-12      -8.097650363733e-12       1.113771239977e-14       1.672296982679e-15       5.649891138659e-16      -6.672281664118e-17 
 1380       1.059523701044e-10       2.836274938047e-12      -8.082095662555e-12       1.113507535341e-14       1.667534344058e-15       5.655160174137e-16      -6.602234452981e-17 
 1381       1.061255342261e-10       2.811882829157e-12      -8.064781862077e-12       1.113246048705e-14       1.662788301936e-15       5.659491717964e-16      -6.531869225940e-17 
 1382       1.062965359077e-10       2.787521452926e-12      -8.045709159004e-12       1.112986584279e-14       1.658058763609e-15       5.662838667688e-16      -6.461198326134e-17 
 1383       1.064652135795e-10       2.763201005338e-12      -8.024877783526e-12       1.112728945051e-14       1.653345635297e-15       5.665153665880e-16      -6.390234171375e-17 
 1384       1.066314047807e-10       2.738931739796e-12      -8.002287999395e-12       1.112472932784e-14       1.648648822136e-15       5.666389099689e-16      -6.318989254288e-17 
 1385       1.067949601295e-10       2.714723324955e-12      -7.977943587845e-12       1.112218353416e-14       1.643968236556e-15       5.666510964263e-16      -6.247475376088e-17 
 1386       1.069557853973e-10       2.690582910601e-12      -7.951862339406e-12       1.111965033330e-14       1.639303823498e-15       5.665540614075e-16      -6.175701338793e-17 
 1387       1.071137998759e-10       2.666517041551e-12      -7.924065673021e-12       1.111712803248e-14       1.634655535460e-15       5.663513451527e-16      -6.103675228915e-17 
 1388       1.072689224448e-10       2.642532298140e-12      -7.894575162562e-12       1.111461492849e-14       1.630023324137e-15       5.660465103492e-16      -6.031405181694e-17 
 1389       1.074210715709e-10       2.618635296278e-12      -7.863412537126e-12       1.111210930764e-14       1.625407140425e-15       5.656431421726e-16      -5.958899381189e-17 
 1390       1.075701653078e-10       2.594832687513e-12      -7.830599681332e-12       1.110960944574e-14       1.620806934418e-15       5.651448483288e-16      -5.886166060364e-17 
 1391       1.077161212950e-10       2.571131159094e-12      -7.796158635622e-12       1.110711360812e-14       1.616222655402e-15       5.645552590955e-16      -5.813213501177e-17 
 1392       1.078588567571e-10       2.547537434034e-12      -7.760111596553e-12       1.110462004953e-14       1.611654251860e-15       5.638780273638e-16      -5.740050034668e-17 
 1393       1.079982885033e-10       2.524058271172e-12      -7.722480917102e-12       1.110212701421e-14       1.607101671463e-15       5.631168286801e-16      -5.666684041048e-17 
 1394       1.081343329265e-10       2.500700465232e-12      -7.683289106954e-12       1.109963273581e-14       1.602564861075e-15       5.622753612873e-16      -5.593123949784e-17 
 1395       1.082669060027e-10       2.477470846893e-12      -7.642558832809e-12       1.109713543740e-14       1.598043766745e-15       5.613573461668e-16      -5.519378239692e-17 
 1396       1.083959232903e-10       2.454376282843e-12      -7.600312918672e-12       1.109463333142e-14       1.593538333710e-15       5.603665270800e-16      -5.445455439021e-17 
 1397       1.085212999292e-10       2.431423675846e-12      -7.556574346155e-12       1.109212461971e-14       1.589048506391e-15       5.593066706100e-16      -5.371364125543e-17 
 1398       1.086429506404e-10       2.408619964803e-12      -7.511366254775e-12       1.108960749345e-14       1.584574228391e-15       5.581815662031e-16      -5.297112926640e-17 
 1399       1.087607897252e-10       2.385972124815e-12      -7.464711942245e-12       1.108708013315e-14       1.580115442492e-15       5.569950262106e-16      -5.222710519396e-17 
 1400       1.088747310640e-10       2.363487167243e-12      -7.416634864781e-12       1.108454070863e-14       1.575672090658e-15       5.557508859303e-16      -5.148165630679e-17 
 1401       1.089846881166e-10       2.341172139775e-12      -7.367158637392e-12       1.108198737901e-14       1.571244114028e-15       5.544530036483e-16      -5.073487037233e-17 
 1402       1.090905739205e-10       2.319034126485e-12      -7.316307034180e-12       1.107941829269e-14       1.566831452914e-15       5.531052606805e-16      -4.998683565766e-17 
 1403       1.091923010906e-10       2.297080247892e-12      -7.264103988639e-12       1.107683158732e-14       1.562434046806e-15       5.517115614142e-16      -4.923764093039e-17 
 1404       1.092897818186e-10       2.275317661032e-12      -7.210573593951e-12       1.107422538977e-14       1.558051834362e-15       5.502758333502e-16      -4.848737545950e-17 
 1405       1.093829278723e-10       2.253753559509e-12      -7.155740103282e-12       1.107159781615e-14       1.553684753409e-15       5.488020271435e-16      -4.773612901626e-17 
 1406       1.094716505944e-10       2.232395173567e-12      -7.099627930084e-12       1.106894697176e-14       1.549332740945e-15       5.472941166459e-16      -4.698399187511e-17 
 1407       1.095558609025e-10       2.211249770145e-12      -7.042261648387e-12       1.106627095106e-14       1.544995733131e-15       5.457560989472e-16      -4.623105481452e-17 
 1408       1.096354692879e-10       2.190324652945e-12      -6.983665993101e-12       1.106356783769e-14       1.540673665292e-15       5.441919944167e-16      -4.547740911789e-17 
 1409       1.097103858149e-10       2.169627162489e-12      -6.923865860311e-12       1.106083570441e-14       1.536366471918e-15       5.426058467452e-16      -4.472314657442e-17 
 1410       1.097805201204e-10       2.149164676186e-12      -6.862886307575e-12       1.105807261312e-14       1.532074086657e-15       5.410017229863e-16      -4.396835948000e-17 
 1411       1.098457814131e-10       2.128944608392e-12      -6.800752554222e-12       1.105527661480e-14       1.527796442316e-15       5.393837135985e-16      -4.321314063810e-17 
 1412       1.099060784724e-10       2.108974410472e-12      -6.737489981649e-12       1.105244574951e-14       1.523533470858e-15       5.377559324861e-16      -4.245758336061e-17 
 1413       1.099613196482e-10       2.089261570864e-12      -6.673124133620e-12       1.104957804639e-14       1.519285103404e-15       5.361225170417e-16      -4.170178146879e-17 
 1414       1.100114128600e-10       2.069813615138e-12      -6.607680716559e-12       1.104667152361e-14       1.515051270224e-15       5.344876281871e-16      -4.094582929407e-17 
 1415       1.100562655961e-10       2.050638106065e-12      -6.541185599855e-12       1.104372418834e-14       1.510831900742e-15       5.328554504154e-16      -4.018982167900e-17 
 1416       1.100957849129e-10       2.031742643670e-12      -6.473664816152e-12       1.104073403679e-14       1.506626923531e-15       5.312301918324e-16      -3.943385397811e-17 
 1417       1.101298774344e-10       2.013134865302e-12      -6.405144561650e-12       1.103769905413e-14       1.502436266310e-15       5.296160841985e-16      -3.867802205877e-17 
 1418       1.101584493513e-10       1.994822445694e-12      -6.335651196405e-12       1.103461721449e-14       1.498259855945e-15       5.280173829701e-16      -3.792242230210e-17 
 1419       1.101814064203e-10       1.976813097023e-12      -6.265211244621e-12       1.103148648096e-14       1.494097618447e-15       5.264383673411e-16      -3.716715160383e-17 
 1420       1.101986539634e-10       1.959114568976e-12      -6.193851394951e-12       1.102830480555e-14       1.489949478967e-15       5.248833402850e-16      -3.641230737521e-17 
 1421       1.102100968672e-10       1.941734648810e-12      -6.121598500793e-12       1.102507012915e-14       1.485815361797e-15       5.233566285962e-16      -3.565798754385e-17 
 1422       1.102156395824e-10       1.924681161414e-12      -6.048479580590e-12       1.102178038158e-14       1.481695190368e-15       5.218625829318e-16      -3.490429055465e-17 
 1423       1.102151861227e-10       1.907961969373e-12      -5.974521818125e-12       1.101843348149e-14       1.477588887247e-15       5.204055778530e-16      -3.415131537062e-17 
 1424       1.102086573091e-10       1.891583882653e-12      -5.899752769313e-12       1.101502755055e-14       1.473496380927e-15       5.189887992954e-16      -3.339915516117e-17 
 1425       1.101960426976e-10       1.875549375288e-12      -5.824200984302e-12       1.101156155830e-14       1.469417626276e-15       5.176105932717e-16      -3.264787829401e-17 
 1426       1.101773491835e-10       1.859859835097e-12      -5.747895392353e-12       1.100803468389e-14       1.465352584293e-15       5.162680797526e-16      -3.189754714973e-17 
 1427       1.101525838050e-10       1.844516650998e-12      -5.670865096236e-12       1.100444610248e-14       1.461301215336e-15       5.149583618062e-16      -3.114822441732e-17 
 1428       1.101217537437e-10       1.829521213008e-12      -5.593139372540e-12       1.100079498525e-14       1.457263479123e-15       5.136785255676e-16      -3.039997309462e-17 
 1429       1.100848663250e-10       1.814874912240e-12      -5.514747671979e-12       1.099708049939e-14       1.453239334724e-15       5.124256402091e-16      -2.965285648885e-17 
 1430       1.100419290182e-10       1.800579140900e-12      -5.435719619707e-12       1.099330180810e-14       1.449228740567e-15       5.111967579101e-16      -2.890693821712e-17 
 1431       1.099929494369e-10       1.786635292284e-12      -5.356085015624e-12       1.098945807057e-14       1.445231654429e-15       5.099889138268e-16      -2.816228220695e-17 
 1432       1.099379353395e-10       1.773044760779e-12      -5.275873834687e-12       1.098554844200e-14       1.441248033442e-15       5.087991260624e-16      -2.741895269672e-17 
 1433       1.098768946291e-10       1.759808941858e-12      -5.195116227221e-12       1.098157207354e-14       1.437277834087e-15       5.076243956368e-16      -2.667701423628e-17 
 1434       1.098098353542e-10       1.746929232080e-12      -5.113842519225e-12       1.097752811235e-14       1.433321012193e-15       5.064617064568e-16      -2.593653168736e-17 
 1435       1.097367657087e-10       1.734407029084e-12      -5.032083212687e-12       1.097341570154e-14       1.429377522938e-15       5.053080252858e-16      -2.519757022413e-17 
 1436       1.096576940325e-10       1.722243731592e-12      -4.949868985887e-12       1.096923398019e-14       1.425447320845e-15       5.041603017137e-16      -2.446019533370e-17 
 1437       1.095726288117e-10       1.710440739404e-12      -4.867230693715e-12       1.096498208335e-14       1.421530359781e-15       5.030154681272e-16      -2.372447281662e-17 
 1438       1.094815786787e-10       1.698999453396e-12      -4.784199367973e-12       1.096065914201e-14       1.417626592956e-15       5.018704396792e-16      -2.299046878740e-17 
 1439       1.093845524128e-10       1.687921275516e-12      -4.700806217690e-12       1.095626428309e-14       1.413735972922e-15       5.007221142592e-16      -2.225824967499e-17 
 1440       1.092815589405e-10       1.677207608788e-12      -4.617082629426e-12       1.095179662946e-14       1.409858451571e-15       4.995673724630e-16      -2.152788222334e-17 
 1441       1.091726073355e-10       1.666859857301e-12      -4.533060167591e-12       1.094725529993e-14       1.405993980135e-15       4.984030775626e-16      -2.079943349186e-17 
 1442       1.090577068194e-10       1.656879426214e-12      -4.448770574744e-12       1.094263940921e-14       1.402142509182e-15       4.972260754763e-16      -2.007297085594e-17 
 1443       1.089368667617e-10       1.647267721752e-12      -4.364245771911e-12       1.093794806794e-14       1.398303988614e-15       4.960331947383e-16      -1.934856200748e-17 
 1444       1.088100966804e-10       1.638026151203e-12      -4.279517858889e-12       1.093318038268e-14       1.394478367672e-15       4.948212464693e-16      -1.862627495537e-17 
 1445       1.086774062419e-10       1.629156122913e-12      -4.194619114562e-12       1.092833545587e-14       1.390665594926e-15       4.935870243455e-16      -1.790617802602e-17 
 1446       1.085388052619e-10       1.620659046292e-12      -4.109581997203e-12       1.092341238586e-14       1.386865618279e-15       4.923273045694e-16      -1.718833986384e-17 
 1447       1.083943037050e-10       1.612536331801e-12      -4.024439144790e-12       1.091841026688e-14       1.383078384964e-15       4.910388458391e-16      -1.647282943179e-17 
 1448       1.082439116858e-10       1.604789390961e-12      -3.939223375313e-12       1.091332818906e-14       1.379303841544e-15       4.897183893187e-16      -1.575971601185e-17 
 1449       1.080876394683e-10       1.597419636341e-12      -3.853967687082e-12       1.090816523838e-14       1.375541933907e-15       4.883626586078e-16      -1.504906920554e-17 
 1450       1.079254974671e-10       1.590428481563e-12      -3.768705259043e-12       1.090292049672e-14       1.371792607269e-15       4.869683597120e-16      -1.434095893445e-17 
 1451       1.077574962473e-10       1.583817341297e-12      -3.683469451081e-12       1.089759304179e-14       1.368055806169e-15       4.855321810120e-16      -1.363545544071e-17 
 1452       1.075836465244e-10       1.577587631256e-12      -3.598293804331e-12       1.089218194718e-14       1.364331474470e-15       4.840507932345e-16      -1.293262928753e-17 
 1453       1.074039591656e-10       1.571740768200e-12      -3.513212041492e-12       1.088668628232e-14       1.360619555355e-15       4.825208494212e-16      -1.223255135969e-17 
 1454       1.072184451891e-10       1.566278169929e-12      -3.428258067131e-12       1.088110511247e-14       1.356919991328e-15       4.809389848995e-16      -1.153529286404e-17 
 1455       1.070271157652e-10       1.561201255283e-12      -3.343465967997e-12       1.087543749875e-14       1.353232724213e-15       4.793018172521e-16      -1.084092533006e-17 
 1456       1.068299822158e-10       1.556511444139e-12      -3.258870013329e-12       1.086968249809e-14       1.349557695150e-15       4.776059462866e-16      -1.014952061029e-17 
 1457       1.066270560158e-10       1.552210157408e-12      -3.174504655165e-12       1.086383916324e-14       1.345894844594e-15       4.758479540062e-16      -9.461150880895e-18 
 1458       1.064183487922e-10       1.548298817037e-12      -3.090404528654e-12       1.085790654277e-14       1.342244112317e-15       4.740244045790e-16      -8.775888642163e-18 
 1459       1.062038723252e-10       1.544778846000e-12      -3.006604452363e-12       1.085188368107e-14       1.338605437400e-15       4.721318443081e-16      -8.093806718999e-18 
 1460       1.059836385486e-10       1.541651668303e-12      -2.923139428588e-12       1.084576961830e-14       1.334978758241e-15       4.701668016016e-16      -7.414978261441e-18 
 1461       1.057576595493e-10       1.538918708976e-12      -2.840044643664e-12       1.083956339046e-14       1.331364012542e-15       4.681257869425e-16      -6.739476745170e-18 
 1462       1.055259475684e-10       1.536581394073e-12      -2.757355468276e-12       1.083326402929e-14       1.327761137319e-15       4.660052928588e-16      -6.067375972017e-18 
 1463       1.052885256660e-10       1.534640271673e-12      -2.675104756661e-12       1.082687079498e-14       1.324170074235e-15       4.638028697138e-16      -5.398742366122e-18 
 1464       1.050454598319e-10       1.533092365257e-12      -2.593314714074e-12       1.082038387667e-14       1.320590785688e-15       4.615203649052e-16      -4.733611777149e-18 
 1465       1.047968271966e-10       1.531933793866e-12      -2.512004948641e-12       1.081380369888e-14       1.317023238887e-15       4.591607159887e-16      -4.072012446183e-18 
 1466       1.045427053963e-10       1.531160648650e-12      -2.431195165241e-12       1.080713068957e-14       1.313467400516e-15       4.567268778260e-16      -3.413972689115e-18 
 1467       1.042831725742e-10       1.530768992812e-12      -2.350905165665e-12       1.080036528011e-14       1.309923236738e-15       4.542218226147e-16      -2.759520896715e-18 
 1468       1.040183073811e-10       1.530754861562e-12      -2.271154848777e-12       1.079350790529e-14       1.306390713193e-15       4.516485399188e-16      -2.108685534711e-18 
 1469       1.037481889766e-10       1.531114262062e-12      -2.191964210667e-12       1.078655900333e-14       1.302869794996e-15       4.490100366987e-16      -1.461495143862e-18 
 1470       1.034728970295e-10       1.531843173375e-12      -2.113353344816e-12       1.077951901590e-14       1.299360446735e-15       4.463093373417e-16      -8.179783400377e-19 
 1471       1.031925117195e-10       1.532937546416e-12      -2.035342442250e-12       1.077238838809e-14       1.295862632474e-15       4.435494836918e-16      -1.781638142952e-19 
 1472       1.029071137371e-10       1.534393303898e-12      -1.957951791698e-12       1.076516756847e-14       1.292376315745e-15       4.407335350800e-16       4.579196670467e-19 
 1473       1.026167842856e-10       1.536206340280e-12      -1.881201779753e-12       1.075785700903e-14       1.288901459553e-15       4.378645683549e-16       1.090243262330e-18 
 1474       1.023216050810e-10       1.538372521720e-12      -1.805112891030e-12       1.075045716526e-14       1.285438026374e-15       4.349456779125e-16       1.718778054479e-18 
 1475       1.020216583537e-10       1.540887686017e-12      -1.729705708322e-12       1.074296849609e-14       1.281985978149e-15       4.319799757263e-16       2.343495050929e-18 
 1476       1.017170268488e-10       1.543747642567e-12      -1.655000912761e-12       1.073539146393e-14       1.278545276289e-15       4.289705913781e-16       2.964365183543e-18 
 1477       1.014077938275e-10       1.546948172305e-12      -1.581019283974e-12       1.072772653468e-14       1.275115881670e-15       4.259206720876e-16       3.581359308540e-18 
 1478       1.010940430677e-10       1.550485027657e-12      -1.507781700245e-12       1.071997417772e-14       1.271697754634e-15       4.228333827429e-16       4.194448206417e-18 
 1479       1.007758588650e-10       1.554353932489e-12      -1.435309138668e-12       1.071213486592e-14       1.268290854987e-15       4.197119059306e-16       4.803602581871e-18 
 1480       1.004533260337e-10       1.558550582054e-12      -1.363622675313e-12       1.070420907565e-14       1.264895141998e-15       4.165594419661e-16       5.408793063727e-18 
 1481       1.001265299074e-10       1.563070642941e-12      -1.292743485374e-12       1.069619728679e-14       1.261510574395e-15       4.133792089239e-16       6.009990204855e-18 
 1482       9.979555634032e-11       1.567909753023e-12      -1.222692843339e-12       1.068809998274e-14       1.258137110371e-15       4.101744426672e-16       6.607164482098e-18 
 1483       9.946049170793e-11       1.573063521407e-12      -1.153492123139e-12       1.067991765041e-14       1.254774707574e-15       4.069483968792e-16       7.200286296196e-18 
 1484       9.912142290792e-11       1.578527528383e-12      -1.085162798310e-12       1.067165078022e-14       1.251423323115e-15       4.037043430922e-16       7.789325971705e-18 
 1485       9.877843736117e-11       1.584297325371e-12      -1.017726442154e-12       1.066329986614e-14       1.248082913559e-15       4.004455707186e-16       8.374253756924e-18 
 1486       9.843162301258e-11       1.590368434868e-12      -9.512047278930e-13       1.065486540567e-14       1.244753434927e-15       3.971753870804e-16       8.955039823819e-18 
 1487       9.808106833200e-11       1.596736350401e-12      -8.856194288286e-13       1.064634789986e-14       1.241434842697e-15       3.938971174402e-16       9.531654267944e-18 
 1488       9.772686231518e-11       1.603396536474e-12      -8.209924185019e-13       1.063774785330e-14       1.238127091799e-15       3.906141050308e-16       1.010406710837e-17 
 1489       9.736909448461e-11       1.610344428513e-12      -7.573456708509e-13       1.062906577413e-14       1.234830136617e-15       3.873297110857e-16       1.067224828759e-17 
 1490       9.700785489049e-11       1.617575432819e-12      -6.947012603687e-13       1.062030217408e-14       1.231543930985e-15       3.840473148691e-16       1.123616767147e-17 
 1491       9.664323411158e-11       1.625084926516e-12      -6.330813622620e-13       1.061145756841e-14       1.228268428189e-15       3.807703137062e-16       1.179579504916e-17 
 1492       9.627532325615e-11       1.632868257497e-12      -5.725082526098e-13       1.060253247599e-14       1.225003580963e-15       3.775021230137e-16       1.235110013302e-17 
 1493       9.590421396288e-11       1.640920744376e-12      -5.130043085214e-13       1.059352741924e-14       1.221749341490e-15       3.742461763294e-16       1.290205255851e-17 
 1494       9.552999840175e-11       1.649237676432e-12      -4.545920082948e-13       1.058444292420e-14       1.218505661400e-15       3.710059253429e-16       1.344862188418e-17 
 1495       9.515276927497e-11       1.657814313564e-12      -3.972939315756e-13       1.057527952046e-14       1.215272491768e-15       3.677848399257e-16       1.399077759153e-17 
 1496       9.477261981786e-11       1.666645886234e-12      -3.411327595146e-13       1.056603774126e-14       1.212049783116e-15       3.645864081612e-16       1.452848908499e-17 
 1497       9.438964379978e-11       1.675727595417e-12      -2.861312749269e-13       1.055671812340e-14       1.208837485407e-15       3.614141363752e-16       1.506172569179e-17 
 1498       9.400393552506e-11       1.685054612551e-12      -2.323123624496e-13       1.054732120732e-14       1.205635548048e-15       3.582715491658e-16       1.559045666190e-17 
 1499       9.361558983382e-11       1.694622079486e-12      -1.796990087009e-13       1.053784753707e-14       1.202443919886e-15       3.551621894340e-16       1.611465116799e-17 
 1500       9.322470210300e-11       1.704425108430e-12      -1.283143024379e-13       1.052829766033e-14       1.199262549211e-15       3.520896184134e-16       1.663427830531e-17 
 1501       9.283136824715e-11       1.714458781898e-12      -7.818143471534e-14       1.051867212839e-14       1.196091383749e-15       3.490574157010e-16       1.714930709161e-17 
 1502       9.243568425296e-11       1.724717941176e-12      -2.932000163077e-14       1.050897161545e-14       1.192930375033e-15       3.460684148173e-16       1.765970914351e-17 
 1503       9.203774477568e-11       1.735196549552e-12       1.826512714224e-14       1.049919727759e-14       1.189779491551e-15       3.431224016853e-16       1.816546673412e-17 
 1504       9.163764453082e-11       1.745888322779e-12       6.457278497187e-14       1.048935039726e-14       1.186638705721e-15       3.402183937992e-16       1.866656481370e-17 
 1505       9.123547876023e-11       1.756786939938e-12       1.096018207301e-13       1.047943226441e-14       1.183507989534e-15       3.373554026497e-16       1.916298834046e-17 
 1506       9.083134323299e-11       1.767886043377e-12       1.533510988309e-13       1.046944417647e-14       1.180387314559e-15       3.345324337138e-16       1.965472228062e-17 
 1507       9.042533424631e-11       1.779179238645e-12       1.958194992684e-13       1.045938743836e-14       1.177276651934e-15       3.317484864442e-16       2.014175160845e-17 
 1508       9.001754862640e-11       1.790660094432e-12       2.370059176547e-13       1.044926336254e-14       1.174175972369e-15       3.290025542589e-16       2.062406130639e-17 
 1509       8.960808372934e-11       1.802322142504e-12       2.769092652587e-13       1.043907326896e-14       1.171085246147e-15       3.262936245305e-16       2.110163636508e-17 
 1510       8.919703744199e-11       1.814158877643e-12       3.155284690436e-13       1.042881848514e-14       1.168004443120e-15       3.236206785762e-16       2.157446178340e-17 
 1511       8.878450818285e-11       1.826163757583e-12       3.528624717055e-13       1.041850034613e-14       1.164933532708e-15       3.209826916474e-16       2.204252256860e-17 
 1512       8.837059490295e-11       1.838330202948e-12       3.889102317114e-13       1.040812019455e-14       1.161872483900e-15       3.183786329186e-16       2.250580373631e-17 
 1513       8.795539708675e-11       1.850651597187e-12       4.236707233372e-13       1.039767938061e-14       1.158821265254e-15       3.158074654779e-16       2.296429031065e-17 
 1514       8.753901475299e-11       1.863121286515e-12       4.571429367061e-13       1.038717926208e-14       1.155779844891e-15       3.132681463157e-16       2.341796732425e-17 
 1515       8.712154845559e-11       1.875732579846e-12       4.893258778268e-13       1.037662120435e-14       1.152748190501e-15       3.107596263149e-16       2.386681981835e-17 
 1516       8.670309928454e-11       1.888478748737e-12       5.202185686312e-13       1.036600658044e-14       1.149726269335e-15       3.082808502401e-16       2.431083284286e-17 
 1517       8.628376886679e-11       1.901353027317e-12       5.498200470132e-13       1.035533677095e-14       1.146714048212e-15       3.058307567276e-16       2.474999145640e-17 
 1518       8.586365936707e-11       1.914348612230e-12       5.781293668664e-13       1.034461316417e-14       1.143711493510e-15       3.034082782743e-16       2.518428072641e-17 
 1519       8.544287348888e-11       1.927458662572e-12       6.051455981224e-13       1.033383715600e-14       1.140718571171e-15       3.010123412279e-16       2.561368572917e-17 
 1520       8.502151447527e-11       1.940676299827e-12       6.308678267890e-13       1.032301015003e-14       1.137735246697e-15       2.986418657761e-16       2.603819154991e-17 
 1521       8.459968610979e-11       1.953994607802e-12       6.552951549883e-13       1.031213355753e-14       1.134761485152e-15       2.962957659363e-16       2.645778328284e-17 
 1522       8.417749271733e-11       1.967406632570e-12       6.784267009947e-13       1.030120879744e-14       1.131797251156e-15       2.939729495452e-16       2.687244603123e-17 
 1523       8.375503916504e-11       1.980905382403e-12       7.002615992736e-13       1.029023729641e-14       1.128842508890e-15       2.916723182484e-16       2.728216490747e-17 
 1524       8.333243086319e-11       1.994483827711e-12       7.207990005189e-13       1.027922048881e-14       1.125897222092e-15       2.893927674898e-16       2.768692503315e-17 
 1525       8.290977376605e-11       2.008134900979e-12       7.400380716915e-13       1.026815981672e-14       1.122961354055e-15       2.871331865012e-16       2.808671153912e-17 
 1526       8.248717437279e-11       2.021851496703e-12       7.579779960575e-13       1.025705673000e-14       1.120034867629e-15       2.848924582921e-16       2.848150956553e-17 
 1527       8.206473972834e-11       2.035626471330e-12       7.746179732260e-13       1.024591268621e-14       1.117117725220e-15       2.826694596390e-16       2.887130426195e-17 
 1528       8.164257742429e-11       2.049452643195e-12       7.899572191879e-13       1.023472915071e-14       1.114209888785e-15       2.804630610752e-16       2.925608078737e-17 
 1529       8.122079559978e-11       2.063322792454e-12       8.039949663534e-13       1.022350759663e-14       1.111311319835e-15       2.782721268800e-16       2.963582431032e-17 
 1530       8.079950294236e-11       2.077229661029e-12       8.167304635905e-13       1.021224950489e-14       1.108421979434e-15       2.760955150689e-16       3.001052000891e-17 
 1531       8.037880868889e-11       2.091165952537e-12       8.281629762631e-13       1.020095636420e-14       1.105541828196e-15       2.739320773824e-16       3.038015307090e-17 
 1532       7.995882262640e-11       2.105124332234e-12       8.382917862692e-13       1.018962967111e-14       1.102670826286e-15       2.717806592762e-16       3.074470869377e-17 
 1533       7.953965509302e-11       2.119097426950e-12       8.471161920789e-13       1.017827092998e-14       1.099808933418e-15       2.696400999105e-16       3.110417208478e-17 
 1534       7.912141697880e-11       2.133077825024e-12       8.546355087728e-13       1.016688165301e-14       1.096956108854e-15       2.675092321396e-16       3.145852846102e-17 
 1535       7.870421972664e-11       2.147058076246e-12       8.608490680799e-13       1.015546336027e-14       1.094112311404e-15       2.653868825013e-16       3.180776304952e-17 
 1536       7.828817533317e-11       2.161030691789e-12       8.657562184158e-13       1.014401757967e-14       1.091277499426e-15       2.632718712070e-16       3.215186108729e-17 
 1537       7.787339634960e-11       2.174988144151e-12       8.693563249213e-13       1.013254584702e-14       1.088451630821e-15       2.611630121305e-16       3.249080782135e-17 
 1538       7.745999588262e-11       2.188922867090e-12       8.716487694999e-13       1.012104970601e-14       1.085634663036e-15       2.590591127982e-16       3.282458850888e-17 
 1539       7.704808759531e-11       2.202827255563e-12       8.726329508562e-13       1.010953070825e-14       1.082826553064e-15       2.569589743785e-16       3.315318841720e-17 
 1540       7.663778570799e-11       2.216693665660e-12       8.723082845342e-13       1.009799041324e-14       1.080027257438e-15       2.548613916711e-16       3.347659282387e-17 
 1541       7.622919572784e-11       2.230514883858e-12       8.706767556552e-13       1.008643034615e-14       1.077236735781e-15       2.527653146576e-16       3.379478945947e-17 
 1542       7.582238653980e-11       2.244285539772e-12       8.677506035583e-13       1.007485187060e-14       1.074454961483e-15       2.506703348494e-16       3.410777586099e-17 
 1543       7.541741805255e-11       2.258000706687e-12       8.635447101812e-13       1.006325631466e-14       1.071681911123e-15       2.485762035354e-16       3.441555208835e-17 
 1544       7.501435044607e-11       2.271655433424e-12       8.580740541471e-13       1.005164501307e-14       1.068917560928e-15       2.464826706380e-16       3.471811828822e-17 
 1545       7.461324417211e-11       2.285244744302e-12       8.513537109314e-13       1.004001930721e-14       1.066161886777e-15       2.443894847110e-16       3.501547469425e-17 
 1546       7.421415995459e-11       2.298763639098e-12       8.433988530295e-13       1.002838054514e-14       1.063414864197e-15       2.422963929374e-16       3.530762162720e-17 
 1547       7.381715878999e-11       2.312207093009e-12       8.342247501230e-13       1.001673008159e-14       1.060676468361e-15       2.402031411269e-16       3.559455949518e-17 
 1548       7.342230194782e-11       2.325570056611e-12       8.238467692478e-13       1.000506927798e-14       1.057946674092e-15       2.381094737136e-16       3.587628879382e-17 
 1549       7.302965097098e-11       2.338847455824e-12       8.122803749600e-13       9.993399502443e-15       1.055225455858e-15       2.360151337539e-16       3.615281010646e-17 
 1550       7.263926767618e-11       2.352034191868e-12       7.995411295040e-13       9.981722129798e-15       1.052512787775e-15       2.339198629244e-16       3.642412410432e-17 
 1551       7.225121415441e-11       2.365125141228e-12       7.856446929789e-13       9.970038541600e-15       1.049808643601e-15       2.318234015192e-16       3.669023154673e-17 
 1552       7.186555277128e-11       2.378115155613e-12       7.706068235060e-13       9.958350126132e-15       1.047112996741e-15       2.297254884478e-16       3.695113328129e-17 
 1553       7.148234616747e-11       2.390999061918e-12       7.544433773954e-13       9.946658278418e-15       1.044425820242e-15       2.276258612329e-16       3.720683024406e-17 
 1554       7.110165725917e-11       2.403771662184e-12       7.371703093138e-13       9.934964400232e-15       1.041747086796e-15       2.255242560084e-16       3.745732345976e-17 
 1555       7.072354923844e-11       2.416427733562e-12       7.188036724506e-13       9.923269900110e-15       1.039076768735e-15       2.234204075163e-16       3.770261404194e-17 
 1556       7.034808557367e-11       2.428962028269e-12       6.993596186858e-13       9.911576193363e-15       1.036414838034e-15       2.213140491053e-16       3.794270319321e-17 
 1557       6.997533000996e-11       2.441369273553e-12       6.788543987567e-13       9.899884702081e-15       1.033761266308e-15       2.192049127282e-16       3.817759220539e-17 
 1558       6.960534656957e-11       2.453644171653e-12       6.573043624250e-13       9.888196855152e-15       1.031116024814e-15       2.170927289395e-16       3.840728245968e-17 
 1559       6.923819955231e-11       2.465781399761e-12       6.347259586440e-13       9.876514088264e-15       1.028479084446e-15       2.149772268932e-16       3.863177542694e-17 
 1560       6.887395353596e-11       2.477775609980e-12       6.111357357253e-13       9.864837843921e-15       1.025850415738e-15       2.128581343406e-16       3.885107266776e-17 
 1561       6.851267337667e-11       2.489621429289e-12       5.865503415065e-13       9.853169571452e-15       1.023229988862e-15       2.107351776281e-16       3.906517583275e-17 
 1562       6.815442420941e-11       2.501313459500e-12       5.609865235177e-13       9.841510727020e-15       1.020617773626e-15       2.086080816947e-16       3.927408666267e-17 
 1563       6.779927144835e-11       2.512846277224e-12       5.344611291488e-13       9.829862773636e-15       1.018013739476e-15       2.064765700700e-16       3.947780698864e-17 
 1564       6.744728078731e-11       2.524214433826e-12       5.069911058164e-13       9.818227181163e-15       1.015417855494e-15       2.043403648716e-16       3.967633873231e-17 
 1565       6.709851820014e-11       2.535412455392e-12       4.785935011314e-13       9.806605426336e-15       1.012830090395e-15       2.021991868032e-16       3.986968390610e-17 
 1566       6.675304994114e-11       2.546434842686e-12       4.492854630653e-13       9.794998992763e-15       1.010250412530e-15       2.000527551520e-16       4.005784461332e-17 
 1567       6.641094254548e-11       2.557276071112e-12       4.190842401179e-13       9.783409370940e-15       1.007678789885e-15       1.979007877867e-16       4.024082304840e-17 
 1568       6.607226282965e-11       2.567930590677e-12       3.880071814841e-13       9.771838058263e-15       1.005115190076e-15       1.957430011549e-16       4.041862149709e-17 
 1569       6.573707789180e-11       2.578392825949e-12       3.560717372207e-13       9.760286559036e-15       1.002559580352e-15       1.935791102813e-16       4.059124233661e-17 
 1570       6.540545511222e-11       2.588657176019e-12       3.232954584143e-13       9.748756384480e-15       1.000011927595e-15       1.914088287649e-16       4.075868803587e-17 
 1571       6.507746215373e-11       2.598718014465e-12       2.896959973474e-13       9.737249052746e-15       9.974721983167e-16       1.892318687772e-16       4.092096115565e-17 
 1572       6.475316696209e-11       2.608569689309e-12       2.552911076660e-13       9.725766088926e-15       9.949403586587e-16       1.870479410596e-16       4.107806434878e-17 
 1573       6.443263776641e-11       2.618206522978e-12       2.200986445468e-13       9.714309025063e-15       9.924163743925e-16       1.848567549212e-16       4.123000036035e-17 
 1574       6.411594307960e-11       2.627622812271e-12       1.841365648637e-13       9.702879400157e-15       9.899002109176e-16       1.826580182368e-16       4.137677202786e-17 
 1575       6.380315169873e-11       2.636812828311e-12       1.474229273555e-13       9.691478760184e-15       9.873918332620e-16       1.804514374441e-16       4.151838228148e-17 
 1576       6.349433270550e-11       2.645770816515e-12       1.099758927926e-13       9.680108658097e-15       9.848912060805e-16       1.782367175419e-16       4.165483414415e-17 
 1577       6.318955546661e-11       2.654490996548e-12       7.181372414401e-14       9.668770653845e-15       9.823982936544e-16       1.760135620877e-16       4.178613073185e-17 
 1578       6.288888963420e-11       2.662967562288e-12       3.295478674483e-14       9.657466314377e-15       9.799130598909e-16       1.737816731953e-16       4.191227525371e-17 
 1579       6.259240514625e-11       2.671194681786e-12      -6.582451537132e-15       9.646197213657e-15       9.774354683221e-16       1.715407515327e-16       4.203327101229e-17 
 1580       6.230016055490e-11       2.679167302813e-12      -4.677917424185e-14       9.634964776761e-15       9.749654850159e-16       1.692906669728e-16       4.214912483757e-17 
 1581       6.201216789235e-11       2.686883577739e-12      -8.761547598344e-14       9.623769810578e-15       9.725030873395e-16       1.670319722787e-16       4.225985742359e-17 
 1582       6.172842748048e-11       2.694342461028e-12      -1.290710955968e-13       9.612612968786e-15       9.700482552757e-16       1.647653941701e-16       4.236549308790e-17 
 1583       6.144893957330e-11       2.701542905690e-12      -1.711256612289e-13       9.601494907374e-15       9.676009685178e-16       1.624916631074e-16       4.246605634677e-17 
 1584       6.117370435677e-11       2.708483863276e-12      -2.137586901600e-13       9.590416284637e-15       9.651612064697e-16       1.602115132981e-16       4.256157191549e-17 
 1585       6.090272194873e-11       2.715164283886e-12      -2.569495886248e-13       9.579377761187e-15       9.627289482446e-16       1.579256827022e-16       4.265206470876e-17 
 1586       6.063599239867e-11       2.721583116161e-12      -3.006776516334e-13       9.568379999952e-15       9.603041726650e-16       1.556349130387e-16       4.273755984102e-17 
 1587       6.037351568764e-11       2.727739307287e-12      -3.449220627927e-13       9.557423666180e-15       9.578868582616e-16       1.533399497909e-16       4.281808262684e-17 
 1588       6.011529172807e-11       2.733631802994e-12      -3.896618941270e-13       9.546509427441e-15       9.554769832733e-16       1.510415422128e-16       4.289365858121e-17 
 1589       5.986132036364e-11       2.739259547553e-12      -4.348761058998e-13       9.535637953631e-15       9.530745256462e-16       1.487404433349e-16       4.296431341997e-17 
 1590       5.961160136914e-11       2.744621483781e-12      -4.805435464343e-13       9.524809916975e-15       9.506794630330e-16       1.464374099701e-16       4.303007306011e-17 
 1591       5.936613445032e-11       2.749716553036e-12      -5.266429519350e-13       9.514025992029e-15       9.482917727927e-16       1.441332027196e-16       4.309096362015e-17 
 1592       5.912491924371e-11       2.754543695220e-12      -5.731529463085e-13       9.503286855684e-15       9.459114319899e-16       1.418285859787e-16       4.314701142047e-17 
 1593       5.888795531655e-11       2.759101848775e-12      -6.200520409847e-13       9.492593187170e-15       9.435384173941e-16       1.395243279431e-16       4.319824298371e-17 
 1594       5.865524216655e-11       2.763389950688e-12      -6.673186347379e-13       9.481945668054e-15       9.411727054793e-16       1.372212006145e-16       4.324468503506e-17 
 1595       5.842677922181e-11       2.767406936486e-12      -7.149310135081e-13       9.471344982250e-15       9.388142724232e-16       1.349199798068e-16       4.328636450268e-17 
 1596       5.820256584067e-11       2.771151740238e-12      -7.628673502219e-13       9.460791816017e-15       9.364630941070e-16       1.326214451515e-16       4.332330851799e-17 
 1597       5.798260131153e-11       2.774623294554e-12      -8.111057046136e-13       9.450286857964e-15       9.341191461143e-16       1.303263801044e-16       4.335554441608e-17 
 1598       5.776688485273e-11       2.777820530586e-12      -8.596240230466e-13       9.439830799050e-15       9.317824037311e-16       1.280355719508e-16       4.338309973603e-17 
 1599       5.755541561238e-11       2.780742378025e-12      -9.084001383341e-13       9.429424332594e-15       9.294528419446e-16       1.257498118119e-16       4.340600222128e-17 
 1600       5.734819266826e-11       2.783387765104e-12      -9.574117695607e-13       9.419068154268e-15       9.271304354432e-16       1.234698946506e-16       4.342427981997e-17 
 1601       5.714521502761e-11       2.785755618598e-12      -1.006636521903e-12       9.408762962111e-15       9.248151586155e-16       1.211966192772e-16       4.343796068531e-17 
 1602       5.694648162705e-11       2.787844863818e-12      -1.056051886451e-12       9.398509456521e-15       9.225069855500e-16       1.189307883557e-16       4.344707317592e-17 
 1603       5.675199133239e-11       2.789654424617e-12      -1.105635240030e-12       9.388308340267e-15       9.202058900344e-16       1.166732084096e-16       4.345164585620e-17 
 1604       5.656174293847e-11       2.791183223389e-12      -1.155363845020e-12       9.378160318486e-15       9.179118455548e-16       1.144246898275e-16       4.345170749666e-17 
 1605       5.637573516909e-11       2.792430181065e-12      -1.205214849177e-12       9.368066098689e-15       9.156248252957e-16       1.121860468696e-16       4.344728707431e-17 
 1606       5.619396667676e-11       2.793394217116e-12      -1.255165285456e-12       9.358026390765e-15       9.133448021389e-16       1.099580976732e-16       4.343841377297e-17 
 1607       5.601643604264e-11       2.794074249551e-12      -1.305192071832e-12       9.348041906978e-15       9.110717486629e-16       1.077416642587e-16       4.342511698366e-17 
 1608       5.584314177636e-11       2.794469194920e-12      -1.355272011118e-12       9.338113361978e-15       9.088056371428e-16       1.055375725356e-16       4.340742630493e-17 
 1609       5.567408231586e-11       2.794577968307e-12      -1.405381790789e-12       9.328241472798e-15       9.065464395494e-16       1.033466523087e-16       4.338537154323e-17 
 1610       5.550925602727e-11       2.794399483339e-12      -1.455497982803e-12       9.318426958860e-15       9.042941275483e-16       1.011697372832e-16       4.335898271328e-17 
 1611       5.534866120474e-11       2.793932652177e-12      -1.505597043420e-12       9.308670541977e-15       9.020486725001e-16       9.900766507166e-17       4.332829003836e-17 
 1612       5.519229607032e-11       2.793176385522e-12      -1.555655313026e-12       9.298972946355e-15       8.998100454592e-16       9.686127719914e-17       4.329332395074e-17 
 1613       5.504015877379e-11       2.792129592611e-12      -1.605649015952e-12       9.289334898598e-15       8.975782171734e-16       9.473141910953e-17       4.325411509199e-17 
 1614       5.489224739254e-11       2.790791181217e-12      -1.655554260296e-12       9.279757127709e-15       8.953531580833e-16       9.261894017132e-17       4.321069431334e-17 
 1615       5.474855993138e-11       2.789160057653e-12      -1.705347037743e-12       9.270240365096e-15       8.931348383219e-16       9.052469368362e-17       4.316309267606e-17 
 1616       5.460909432244e-11       2.787235126766e-12      -1.755003223388e-12       9.260785344569e-15       8.909232277137e-16       8.844953688200e-17       4.311134145176e-17 
 1617       5.447384842501e-11       2.785015291939e-12      -1.804498575557e-12       9.251392802352e-15       8.887182957744e-16       8.639433094446e-17       4.305547212280e-17 
 1618       5.434282002538e-11       2.782499455094e-12      -1.853808735625e-12       9.242063477075e-15       8.865200117102e-16       8.435994099737e-17       4.299551638262e-17 
 1619       5.421599939302e-11       2.779687165772e-12      -1.902911019175e-12       9.232797943675e-15       8.843283468177e-16       8.234713177856e-17       4.293150574978e-17 
 1620       5.409334687583e-11       2.776580574820e-12      -1.951789807520e-12       9.223596113409e-15       8.821432817087e-16       8.035625358361e-17       4.286347040556e-17 
 1621       5.397481510213e-11       2.773182498357e-12      -2.000431204544e-12       9.214457729325e-15       8.799647991496e-16       7.838755349354e-17       4.279144034657e-17 
 1622       5.386035640551e-11       2.769495770327e-12      -2.048821249689e-12       9.205382531959e-15       8.777928816664e-16       7.644127946121e-17       4.271544577044e-17 
 1623       5.374992282435e-11       2.765523242521e-12      -2.096945917861e-12       9.196370259329e-15       8.756275115440e-16       7.451768031242e-17       4.263551707616e-17 
 1624       5.364346610127e-11       2.761267784611e-12      -2.144791119330e-12       9.187420646935e-15       8.734686708260e-16       7.261700574714e-17       4.255168486439e-17 
 1625       5.354093768273e-11       2.756732284177e-12      -2.192342699639e-12       9.178533427749e-15       8.713163413141e-16       7.073950634062e-17       4.246397993786e-17 
 1626       5.344228871847e-11       2.751919646740e-12      -2.239586439498e-12       9.169708332212e-15       8.691705045675e-16       6.888543354453e-17       4.237243330162e-17 
 1627       5.334747006108e-11       2.746832795787e-12      -2.286508054696e-12       9.160945088232e-15       8.670311419028e-16       6.705503968815e-17       4.227707616344e-17 
 1628       5.325643226547e-11       2.741474672802e-12      -2.333093195999e-12       9.152243421176e-15       8.648982343930e-16       6.524857797950e-17       4.217793993414e-17 
 1629       5.316912558840e-11       2.735848237296e-12      -2.379327449055e-12       9.143603053868e-15       8.627717628678e-16       6.346630250651e-17       4.207505622790e-17 
 1630       5.308549998802e-11       2.729956466838e-12      -2.425196334295e-12       9.135023706581e-15       8.606517079121e-16       6.170846823814e-17       4.196845686261e-17 
 1631       5.300550512332e-11       2.723802357081e-12      -2.470685306839e-12       9.126505097037e-15       8.585380498665e-16       5.997533102556e-17       4.185817386020e-17 
 1632       5.292909035370e-11       2.717388921794e-12      -2.515779756396e-12       9.118046940397e-15       8.564307688262e-16       5.826714760331e-17       4.174423944700e-17 
 1633       5.285620473848e-11       2.710719192890e-12      -2.560465007171e-12       9.109648949262e-15       8.543298446410e-16       5.658417559043e-17       4.162668605405e-17 
 1634       5.278679703636e-11       2.703796220457e-12      -2.604726317763e-12       9.101310833663e-15       8.522352569143e-16       5.492667349162e-17       4.150554631745e-17 
 1635       5.272081570500e-11       2.696623072786e-12      -2.648548881073e-12       9.093032301062e-15       8.501469850032e-16       5.329490069840e-17       4.138085307868e-17 
 1636       5.265820890049e-11       2.689202836400e-12      -2.691917824204e-12       9.084813056342e-15       8.480650080173e-16       5.168911749026e-17       4.125263938497e-17 
 1637       5.259892447689e-11       2.681538616086e-12      -2.734818208365e-12       9.076652801804e-15       8.459893048193e-16       5.010958503581e-17       4.112093848959e-17 
 1638       5.254290998572e-11       2.673633534923e-12      -2.777235028774e-12       9.068551237165e-15       8.439198540233e-16       4.855656539393e-17       4.098578385222e-17 
 1639       5.249011267549e-11       2.665490734309e-12      -2.819153214561e-12       9.060508059551e-15       8.418566339954e-16       4.703032151492e-17       4.084720913930e-17 
 1640       5.244047949119e-11       2.657113373995e-12      -2.860557628672e-12       9.052522963493e-15       8.397996228524e-16       4.553111724169e-17       4.070524822430e-17 
 1641       5.239395707383e-11       2.648504632111e-12      -2.901433067769e-12       9.044595640921e-15       8.377487984621e-16       4.405921731086e-17       4.055993518814e-17 
 1642       5.235049175997e-11       2.639667705198e-12      -2.941764262139e-12       9.036725781161e-15       8.357041384420e-16       4.261488735392e-17       4.041130431948e-17 
 1643       5.231002958116e-11       2.630605808235e-12      -2.981535875590e-12       9.028913070930e-15       8.336656201595e-16       4.119839389844e-17       4.025939011503e-17 
 1644       5.227251626353e-11       2.621322174669e-12      -3.020732505360e-12       9.021157194331e-15       8.316332207312e-16       3.981000436916e-17       4.010422727996e-17 
 1645       5.223789722728e-11       2.611820056446e-12      -3.059338682015e-12       9.013457832851e-15       8.296069170223e-16       3.844998708914e-17       3.994585072818e-17 
 1646       5.220611758615e-11       2.602102724040e-12      -3.097338869358e-12       9.005814665350e-15       8.275866856464e-16       3.711861128099e-17       3.978429558269e-17 
 1647       5.217712214700e-11       2.592173466480e-12      -3.134717464326e-12       8.998227368062e-15       8.255725029647e-16       3.581614706793e-17       3.961959717591e-17 
 1648       5.215085540930e-11       2.582035591382e-12      -3.171458796896e-12       8.990695614591e-15       8.235643450859e-16       3.454286547499e-17       3.945179105005e-17 
 1649       5.212726156460e-11       2.571692424980e-12      -3.207547129989e-12       8.983219075902e-15       8.215621878653e-16       3.329903843018e-17       3.928091295740e-17 
 1650       5.210628449612e-11       2.561147312150e-12      -3.242966659372e-12       8.975797420317e-15       8.195660069049e-16       3.208493876558e-17       3.910699886069e-17 
 1651       5.208786777820e-11       2.550403616444e-12      -3.277701513561e-12       8.968430313514e-15       8.175757775523e-16       3.090084021856e-17       3.893008493344e-17 
 1652       5.207195467583e-11       2.539464720118e-12      -3.311735753722e-12       8.961117418521e-15       8.155914749007e-16       2.974701743290e-17       3.875020756026e-17 
 1653       5.205848814419e-11       2.528334024162e-12      -3.345053373579e-12       8.953858395709e-15       8.136130737881e-16       2.862374595995e-17       3.856740333722e-17 
 1654       5.204741082814e-11       2.517014948329e-12      -3.377638299313e-12       8.946652902789e-15       8.116405487973e-16       2.753130225977e-17       3.838170907216e-17 
 1655       5.203866506171e-11       2.505510931163e-12      -3.409474389466e-12       8.939500594807e-15       8.096738742548e-16       2.646996370231e-17       3.819316178505e-17 
 1656       5.203219286767e-11       2.493825430033e-12      -3.440545434846e-12       8.932401124142e-15       8.077130242307e-16       2.544000856852e-17       3.800179870832e-17 
 1657       5.202793595700e-11       2.481961921155e-12      -3.470835158427e-12       8.925354140496e-15       8.057579725385e-16       2.444171605156e-17       3.780765728719e-17 
 1658       5.202583557516e-11       2.469924071931e-12      -3.500329731642e-12       8.918359206022e-15       8.038086947300e-16       2.347523859281e-17       3.761077435838e-17 
 1659       5.202583204034e-11       2.457716259547e-12      -3.529025347739e-12       8.911415539884e-15       8.018651741036e-16       2.254021765584e-17       3.741118367771e-17 
 1660       5.202786520017e-11       2.445343057005e-12      -3.556920715060e-12       8.904522271432e-15       7.999273957481e-16       2.163616456427e-17       3.720891837137e-17 
 1661       5.203187458411e-11       2.432809061274e-12      -3.584014546733e-12       8.897678524861e-15       7.979953445519e-16       2.076258785476e-17       3.700401175584e-17 
 1662       5.203779940296e-11       2.420118893331e-12      -3.610305560681e-12       8.890883419202e-15       7.960690052016e-16       1.991899327254e-17       3.679649733822e-17 
 1663       5.204557854836e-11       2.407277198192e-12      -3.635792479639e-12       8.884136068317e-15       7.941483621827e-16       1.910488376707e-17       3.658640881649e-17 
 1664       5.205515059228e-11       2.394288644954e-12      -3.660474031163e-12       8.877435580886e-15       7.922333997783e-16       1.831975948755e-17       3.637378007986e-17 
 1665       5.206645378658e-11       2.381157926828e-12      -3.684348947645e-12       8.870781060401e-15       7.903241020691e-16       1.756311777854e-17       3.615864520902e-17 
 1666       5.207942606245e-11       2.367889761179e-12      -3.707415966328e-12       8.864171605160e-15       7.884204529333e-16       1.683445317555e-17       3.594103847647e-17 
 1667       5.209400502998e-11       2.354488889560e-12      -3.729673829314e-12       8.857606308254e-15       7.865224360456e-16       1.613325740058e-17       3.572099434681e-17 
 1668       5.211012797760e-11       2.340960077752e-12      -3.751121283579e-12       8.851084257561e-15       7.846300348773e-16       1.545901935777e-17       3.549854747707e-17 
 1669       5.212773187165e-11       2.327308115800e-12      -3.771757080989e-12       8.844604535739e-15       7.827432326957e-16       1.481122512892e-17       3.527373271696e-17 
 1670       5.214675335585e-11       2.313537818048e-12      -3.791579978308e-12       8.838166220216e-15       7.808620125638e-16       1.418935796911e-17       3.504658510920e-17 
 1671       5.216712875082e-11       2.299654023180e-12      -3.810588737212e-12       8.831768383180e-15       7.789863573399e-16       1.359289830227e-17       3.481713988982e-17 
 1672       5.218879405357e-11       2.285661594251e-12      -3.828782124306e-12       8.825410091576e-15       7.771162496772e-16       1.302132371678e-17       3.458543248846e-17 
 1673       5.221168493702e-11       2.271565418730e-12      -3.846158911129e-12       8.819090407091e-15       7.752516720235e-16       1.247410896102e-17       3.435149852867e-17 
 1674       5.223573674951e-11       2.257370408534e-12      -3.862717874176e-12       8.812808386150e-15       7.733926066206e-16       1.195072593899e-17       3.411537382819e-17 
 1675       5.226088451432e-11       2.243081500065e-12      -3.878457794904e-12       8.806563079908e-15       7.715390355041e-16       1.145064370586e-17       3.387709439930e-17 
 1676       5.228706292912e-11       2.228703654247e-12      -3.893377459747e-12       8.800353534239e-15       7.696909405031e-16       1.097332846359e-17       3.363669644906e-17 
 1677       5.231420636553e-11       2.214241856565e-12      -3.907475660131e-12       8.794178789728e-15       7.678483032396e-16       1.051824355647e-17       3.339421637966e-17 
 1678       5.234224886864e-11       2.199701117098e-12      -3.920751192482e-12       8.788037881666e-15       7.660111051283e-16       1.008484946675e-17       3.314969078869e-17 
 1679       5.237112415644e-11       2.185086470560e-12      -3.933202858244e-12       8.781929840038e-15       7.641793273759e-16       9.672603810181e-18       3.290315646945e-17 
 1680       5.240076561941e-11       2.170402976334e-12      -3.944829463889e-12       8.775853689515e-15       7.623529509812e-16       9.280961331632e-18       3.265465041125e-17 
 1681       5.243110631997e-11       2.155655718510e-12      -3.955629820930e-12       8.769808449449e-15       7.605319567345e-16       8.909373900649e-18       3.240420979972e-17 
 1682       5.246207899202e-11       2.140849805925e-12      -3.965602745936e-12       8.763793133860e-15       7.587163252169e-16       8.557290507051e-18       3.215187201711e-17 
 1683       5.249361604044e-11       2.125990372192e-12      -3.974747060540e-12       8.757806751431e-15       7.569060368004e-16       8.224157256512e-18       3.189767464255e-17 
 1684       5.252564954057e-11       2.111082575747e-12      -3.983061591459e-12       8.751848305498e-15       7.551010716474e-16       7.909417366139e-18       3.164165545243e-17 
 1685       5.255811123775e-11       2.096131599879e-12      -3.990545170499e-12       8.745916794043e-15       7.533014097101e-16       7.612511160061e-18       3.138385242061e-17 
 1686       5.259093254681e-11       2.081142652767e-12      -3.997196634575e-12       8.740011209685e-15       7.515070307302e-16       7.332876065010e-18       3.112430371879e-17 
 1687       5.262404455160e-11       2.066120967523e-12      -4.003014825719e-12       8.734130539671e-15       7.497179142388e-16       7.069946605904e-18       3.086304771678e-17 
 1688       5.265737800444e-11       2.051071802221e-12      -4.007998591095e-12       8.728273765869e-15       7.479340395555e-16       6.823154401432e-18       3.060012298281e-17 
 1689       5.269086332570e-11       2.036000439940e-12      -4.012146783011e-12       8.722439864758e-15       7.461553857886e-16       6.591928159634e-18       3.033556828382e-17 
 1690       5.272443060324e-11       2.020912188800e-12      -4.015458258932e-12       8.716627807421e-15       7.443819318342e-16       6.375693673490e-18       3.006942258576e-17 
 1691       5.275800959198e-11       2.005812381994e-12      -4.017931881494e-12       8.710836559536e-15       7.426136563761e-16       6.173873816496e-18       2.980172505391e-17 
 1692       5.279152971334e-11       1.990706377833e-12      -4.019566518514e-12       8.705065081370e-15       7.408505378855e-16       5.985888538253e-18       2.953251505316e-17 
 1693       5.282492005479e-11       1.975599559775e-12      -4.020361043008e-12       8.699312327765e-15       7.390925546203e-16       5.811154860049e-18       2.926183214833e-17 
 1694       5.285810936937e-11       1.960497336468e-12      -4.020314333198e-12       8.693577248137e-15       7.373396846250e-16       5.649086870440e-18       2.898971610444e-17 
 1695       5.289102607514e-11       1.945405141784e-12      -4.019425272527e-12       8.687858786461e-15       7.355919057302e-16       5.499095720837e-18       2.871620688704e-17 
 1696       5.292359825475e-11       1.930328434858e-12      -4.017692749675e-12       8.682155881268e-15       7.338491955521e-16       5.360589621086e-18       2.844134466250e-17 
 1697       5.295575938798e-11       1.915272386051e-12      -4.015117439296e-12       8.676467494561e-15       7.321115331604e-16       5.233042382899e-18       2.816516795820e-17 
 1698       5.298746560462e-11       1.900240931827e-12      -4.011707161005e-12       8.670792698874e-15       7.303789040970e-16       5.116199705263e-18       2.788770812507e-17 
 1699       5.301867857940e-11       1.885237711802e-12      -4.007471566622e-12       8.665130590949e-15       7.286512953997e-16       5.009874658797e-18       2.760899482792e-17 
 1700       5.304935981210e-11       1.870266382101e-12      -4.002420363728e-12       8.659480262867e-15       7.269286939377e-16       4.913879297777e-18       2.732905788142e-17 
 1701       5.307947062737e-11       1.855330615380e-12      -3.996563315745e-12       8.653840802044e-15       7.252110864115e-16       4.828024658575e-18       2.704792725033e-17 
 1702       5.310897217439e-11       1.840434100851e-12      -3.989910242030e-12       8.648211291222e-15       7.234984593524e-16       4.752120758091e-18       2.676563304972e-17 
 1703       5.313782542669e-11       1.825580544304e-12      -3.982471017956e-12       8.642590808459e-15       7.217907991221e-16       4.685976592199e-18       2.648220554520e-17 
 1704       5.316599118185e-11       1.810773668134e-12      -3.974255575004e-12       8.636978427128e-15       7.200880919126e-16       4.629400134181e-18       2.619767515316e-17 
 1705       5.319343006125e-11       1.796017211361e-12      -3.965273900848e-12       8.631373215906e-15       7.183903237458e-16       4.582198333163e-18       2.591207244093e-17 
 1706       5.322010250985e-11       1.781314929657e-12      -3.955536039441e-12       8.625774238765e-15       7.166974804734e-16       4.544177112557e-18       2.562542812711e-17 
 1707       5.324596879589e-11       1.766670595370e-12      -3.945052091103e-12       8.620180554971e-15       7.150095477761e-16       4.515141368498e-18       2.533777308168e-17 
 1708       5.327098901065e-11       1.752087997544e-12      -3.933832212609e-12       8.614591219071e-15       7.133265111637e-16       4.494894968279e-18       2.504913832631e-17 
 1709       5.329512306822e-11       1.737570941949e-12      -3.921886617273e-12       8.609005280888e-15       7.116483559746e-16       4.483240748794e-18       2.475955503454e-17 
 1710       5.331833070521e-11       1.723123251098e-12      -3.909225575041e-12       8.603421785514e-15       7.099750673756e-16       4.479980514970e-18       2.446905453203e-17 
 1711       5.334057148052e-11       1.708748764277e-12      -3.895859412568e-12       8.597839773305e-15       7.083066303616e-16       4.484915038213e-18       2.417766829674e-17 
 1712       5.336180477506e-11       1.694451337564e-12      -3.881798513317e-12       8.592258279868e-15       7.066430297550e-16       4.497844054835e-18       2.388542795920e-17 
 1713       5.338198979154e-11       1.680234843858e-12      -3.867053317637e-12       8.586676336061e-15       7.049842502059e-16       4.518566264504e-18       2.359236530273e-17 
 1714       5.340108555415e-11       1.666103172898e-12      -3.851634322853e-12       8.581092967981e-15       7.033302761912e-16       4.546879328673e-18       2.329851226364e-17 
 1715       5.341905090839e-11       1.652060231288e-12      -3.835552083355e-12       8.575507196958e-15       7.016810920149e-16       4.582579869022e-18       2.300390093145e-17 
 1716       5.343584452071e-11       1.638109942525e-12      -3.818817210680e-12       8.569918039549e-15       7.000366818071e-16       4.625463465895e-18       2.270856354914e-17 
 1717       5.345142487837e-11       1.624256247016e-12      -3.801440373606e-12       8.564324507529e-15       6.983970295243e-16       4.675324656739e-18       2.241253251338e-17 
 1718       5.346575028908e-11       1.610503102109e-12      -3.783432298231e-12       8.558725607886e-15       6.967621189488e-16       4.731956934539e-18       2.211584037472e-17 
 1719       5.347877888082e-11       1.596854482111e-12      -3.764803768069e-12       8.553120342812e-15       6.951319336884e-16       4.795152746262e-18       2.181851983782e-17 
 1720       5.349046860157e-11       1.583314378314e-12      -3.745565624127e-12       8.547507709697e-15       6.935064571761e-16       4.864703491287e-18       2.152060376170e-17 
 1721       5.350077721901e-11       1.569886799022e-12      -3.725728765001e-12       8.541886701122e-15       6.918856726699e-16       4.940399519849e-18       2.122212515994e-17 
 1722       5.350966232032e-11       1.556575769570e-12      -3.705304146958e-12       8.536256304852e-15       6.902695632522e-16       5.022030131477e-18       2.092311720093e-17 
 1723       5.351708131191e-11       1.543385332350e-12      -3.684302784024e-12       8.530615503826e-15       6.886581118300e-16       5.109383573426e-18       2.062361320806e-17 
 1724       5.352299141915e-11       1.530319546835e-12      -3.662735748071e-12       8.524963276153e-15       6.870513011338e-16       5.202247039122e-18       2.032364665995e-17 
 1725       5.352734968612e-11       1.517382489603e-12      -3.640614168905e-12       8.519298595106e-15       6.854491137181e-16       5.300406666597e-18       2.002325119071e-17 
 1726       5.353011297538e-11       1.504578254361e-12      -3.617949234352e-12       8.513620429111e-15       6.838515319607e-16       5.403647536927e-18       1.972246059012e-17 
 1727       5.353123796769e-11       1.491910951969e-12      -3.594752190346e-12       8.507927741742e-15       6.822585380623e-16       5.511753672668e-18       1.942130880387e-17 
 1728       5.353068116175e-11       1.479384710460e-12      -3.571034341013e-12       8.502219491713e-15       6.806701140464e-16       5.624508036299e-18       1.911982993380e-17 
 1729       5.352839887396e-11       1.467003675072e-12      -3.546807048764e-12       8.496494632875e-15       6.790862417589e-16       5.741692528655e-18       1.881805823809e-17 
 1730       5.352434723817e-11       1.454772008263e-12      -3.522081734374e-12       8.490752114200e-15       6.775069028678e-16       5.863087987368e-18       1.851602813153e-17 
 1731       5.351848220542e-11       1.442693889743e-12      -3.496869877077e-12       8.484990879783e-15       6.759320788626e-16       5.988474185304e-18       1.821377418569e-17 
 1732       5.351075954368e-11       1.430773516491e-12      -3.471183014648e-12       8.479209868831e-15       6.743617510548e-16       6.117629829001e-18       1.791133112918e-17 
 1733       5.350113483758e-11       1.419015102782e-12      -3.445032743492e-12       8.473408015655e-15       6.727959005765e-16       6.250332557106e-18       1.760873384788e-17 
 1734       5.348956348821e-11       1.407422880213e-12      -3.418430718728e-12       8.467584249663e-15       6.712345083810e-16       6.386358938816e-18       1.730601738513e-17 
 1735       5.347600071279e-11       1.396001097721e-12      -3.391388654281e-12       8.461737495356e-15       6.696775552419e-16       6.525484472312e-18       1.700321694198e-17 
 1736       5.346040892787e-11       1.384753459798e-12      -3.363918559050e-12       8.455866782318e-15       6.681250231600e-16       6.667532037215e-18       1.670036658776e-17 
 1737       5.344277996726e-11       1.373681435882e-12      -3.336033447422e-12       8.449971576228e-15       6.665768995962e-16       6.812517701653e-18       1.639749537951e-17 
 1738       5.342311305082e-11       1.362785936761e-12      -3.307746634918e-12       8.444051450623e-15       6.650331732737e-16       6.960506141034e-18       1.609463121028e-17 
 1739       5.340140741814e-11       1.352067875099e-12      -3.279071502755e-12       8.438105977153e-15       6.634938327737e-16       7.111562295943e-18       1.579180209601e-17 
 1740       5.337766232854e-11       1.341528165433e-12      -3.250021497935e-12       8.432134725573e-15       6.619588665357e-16       7.265751372516e-18       1.548903617566e-17 
 1741       5.335187706114e-11       1.331167724177e-12      -3.220610133349e-12       8.426137263743e-15       6.604282628566e-16       7.423138842796e-18       1.518636171141e-17 
 1742       5.332405091489e-11       1.320987469623e-12      -3.190850987866e-12       8.420113157624e-15       6.589020098910e-16       7.583790445110e-18       1.488380708882e-17 
 1743       5.329418320860e-11       1.310988321944e-12      -3.160757706434e-12       8.414061971278e-15       6.573800956506e-16       7.747772184425e-18       1.458140081702e-17 
 1744       5.326227328099e-11       1.301171203194e-12      -3.130344000177e-12       8.407983266860e-15       6.558625080042e-16       7.915150332721e-18       1.427917152886e-17 
 1745       5.322832049074e-11       1.291537037310e-12      -3.099623646487e-12       8.401876604620e-15       6.543492346771e-16       8.085991429357e-18       1.397714798111e-17 
 1746       5.319232421648e-11       1.282086750112e-12      -3.068610489127e-12       8.395741542900e-15       6.528402632511e-16       8.260362281432e-18       1.367535905461e-17 
 1747       5.315428385690e-11       1.272821269307e-12      -3.037318438319e-12       8.389577638127e-15       6.513355811644e-16       8.438329964158e-18       1.337383375442e-17 
 1748       5.311419883074e-11       1.263741524491e-12      -3.005761470849e-12       8.383384444815e-15       6.498351757108e-16       8.619961821220e-18       1.307260121007e-17 
 1749       5.307206857683e-11       1.254848447146e-12      -2.973953630156e-12       8.377161515560e-15       6.483390340401e-16       8.805325465147e-18       1.277169067566e-17 
 1750       5.302789255415e-11       1.246142970646e-12      -2.941909026436e-12       8.370908401037e-15       6.468471431573e-16       8.994488777676e-18       1.247113153004e-17 
 1751       5.298167024188e-11       1.237626030258e-12      -2.909641836729e-12       8.364624649999e-15       6.453594899226e-16       9.187519910119e-18       1.217095327702e-17 
 1752       5.293340113939e-11       1.229298563141e-12      -2.877166305025e-12       8.358309809272e-15       6.438760610511e-16       9.384487283728e-18       1.187118554553e-17 
 1753       5.288308476633e-11       1.221161508350e-12      -2.844496742355e-12       8.351963423753e-15       6.423968431127e-16       9.585459590063e-18       1.157185808977e-17 
 1754       5.283072066263e-11       1.213215806836e-12      -2.811647526886e-12       8.345585036410e-15       6.409218225314e-16       9.790505791356e-18       1.127300078939e-17 
 1755       5.277630838857e-11       1.205462401448e-12      -2.778633104024e-12       8.339174188274e-15       6.394509855856e-16       9.999695120880e-18       1.097464364968e-17 
 1756       5.271984752481e-11       1.197902236936e-12      -2.745467986503e-12       8.332730418442e-15       6.379843184074e-16       1.021309708331e-17       1.067681680173e-17 
 1757       5.266133767241e-11       1.190536259950e-12      -2.712166754486e-12       8.326253264067e-15       6.365218069826e-16       1.043078145511e-17       1.037955050261e-17 
 1758       5.260077845291e-11       1.183365419043e-12      -2.678744055660e-12       8.319742260365e-15       6.350634371504e-16       1.065281828485e-17       1.008287513553e-17 
 1759       5.253816950831e-11       1.176390664672e-12      -2.645214605333e-12       8.313196940602e-15       6.336091946030e-16       1.087927789363e-17       9.786821210018e-18 
 1760       5.247351050118e-11       1.169612949200e-12      -2.611593186528e-12       8.306616836100e-15       6.321590648856e-16       1.111023087541e-17       9.491419362105e-18 
 1761       5.240680111463e-11       1.163033226898e-12      -2.577894650084e-12       8.300001476227e-15       6.307130333957e-16       1.134574809740e-17       9.196700354476e-18 
 1762       5.233804105239e-11       1.156652453946e-12      -2.544133914748e-12       8.293350388400e-15       6.292710853834e-16       1.158590070040e-17       8.902695076660e-18 
 1763       5.226723003887e-11       1.150471588431e-12      -2.510325967274e-12       8.286663098080e-15       6.278332059508e-16       1.183076009918e-17       8.609434545192e-18 
 1764       5.219436781913e-11       1.144491590357e-12      -2.476485862519e-12       8.279939128767e-15       6.263993800519e-16       1.208039798286e-17       8.316949903792e-18 
 1765       5.211945415897e-11       1.138713421637e-12      -2.442628723537e-12       8.273178002000e-15       6.249695924921e-16       1.233488631523e-17       8.025272423535e-18 
 1766       5.204248884498e-11       1.133138046101e-12      -2.408769741679e-12       8.266379237355e-15       6.235438279281e-16       1.259429733519e-17       7.734433503022e-18 
 1767       5.196347168453e-11       1.127766429497e-12      -2.374924176687e-12       8.259542352439e-15       6.221220708679e-16       1.285870355703e-17       7.444464668557e-18 
 1768       5.188240250584e-11       1.122599539487e-12      -2.341107356793e-12       8.252666862892e-15       6.207043056699e-16       1.312817777089e-17       7.155397574315e-18 
 1769       5.179928115803e-11       1.117638345656e-12      -2.307334678812e-12       8.245752282377e-15       6.192905165435e-16       1.340279304303e-17       6.867264002518e-18 
 1770       5.171410751115e-11       1.112883819509e-12      -2.273621608240e-12       8.238798122585e-15       6.178806875480e-16       1.368262271627e-17       6.580095863604e-18 
 1771       5.162688145618e-11       1.108336934472e-12      -2.239983679350e-12       8.231803893228e-15       6.164748025928e-16       1.396774041033e-17       6.293925196403e-18 
 1772       5.153760290513e-11       1.103998665898e-12      -2.206436495292e-12       8.224769102036e-15       6.150728454371e-16       1.425822002218e-17       6.008784168309e-18 
 1773       5.144627179105e-11       1.099869991063e-12      -2.172995728182e-12       8.217693254757e-15       6.136747996898e-16       1.455413572643e-17       5.724705075450e-18 
 1774       5.135288806807e-11       1.095951889171e-12      -2.139677119205e-12       8.210575855151e-15       6.122806488087e-16       1.485556197569e-17       5.441720342864e-18 
 1775       5.125745650529e-11       1.092244872562e-12      -2.106495334050e-12       8.203416523854e-15       6.108903773178e-16       1.516255624020e-17       5.159856816385e-18 
 1776       5.116000111160e-11       1.088747576098e-12      -2.073460518707e-12       8.196215356031e-15       6.095039744690e-16       1.547510707043e-17       4.879118586513e-18 
 1777       5.106055082982e-11       1.085458156153e-12      -2.040581715466e-12       8.188972566665e-15       6.081214306098e-16       1.579318560704e-17       4.599504023291e-18 
 1778       5.095913475396e-11       1.082374758330e-12      -2.007868005058e-12       8.181688371964e-15       6.067427359690e-16       1.611676280247e-17       4.321011471690e-18 
 1779       5.085578212933e-11       1.079495517448e-12      -1.975328506701e-12       8.174362989357e-15       6.053678806562e-16       1.644580942064e-17       4.043639251568e-18 
 1780       5.075052235284e-11       1.076818557522e-12      -1.942972378157e-12       8.166996637504e-15       6.039968546621e-16       1.678029603667e-17       3.767385657623e-18 
 1781       5.064338497318e-11       1.074341991753e-12      -1.910808815784e-12       8.159589536290e-15       6.026296478577e-16       1.712019303656e-17       3.492248959348e-18 
 1782       5.053439969108e-11       1.072063922504e-12      -1.878847054587e-12       8.152141906834e-15       6.012662499944e-16       1.746547061695e-17       3.218227400987e-18 
 1783       5.042359635949e-11       1.069982441289e-12      -1.847096368274e-12       8.144653971484e-15       5.999066507037e-16       1.781609878478e-17       2.945319201489e-18 
 1784       5.031100498381e-11       1.068095628756e-12      -1.815566069306e-12       8.137125953823e-15       5.985508394972e-16       1.817204735702e-17       2.673522554465e-18 
 1785       5.019665572215e-11       1.066401554667e-12      -1.784265508952e-12       8.129558078669e-15       5.971988057661e-16       1.853328596040e-17       2.402835628143e-18 
 1786       5.008057888550e-11       1.064898277886e-12      -1.753204077340e-12       8.121950572080e-15       5.958505387811e-16       1.889978403106e-17       2.133256565322e-18 
 1787       4.996280493798e-11       1.063583846363e-12      -1.722391203512e-12       8.114303661350e-15       5.945060276922e-16       1.927151081433e-17       1.864783483329e-18 
 1788       4.984336449708e-11       1.062456297113e-12      -1.691836355473e-12       8.106617575016e-15       5.931652615286e-16       1.964843536439e-17       1.597414473974e-18 
 1789       4.972228833382e-11       1.061513656204e-12      -1.661549040250e-12       8.098892542856e-15       5.918282291983e-16       2.003052654399e-17       1.331147603503e-18 
 1790       4.959960737303e-11       1.060753938738e-12      -1.631538803937e-12       8.091128795894e-15       5.904949194879e-16       2.041775302419e-17       1.065980912555e-18 
 1791       4.947535269355e-11       1.060175148837e-12      -1.601815231756e-12       8.083326566400e-15       5.891653210625e-16       2.081008328400e-17       8.019124161195e-19 
 1792       4.934955552846e-11       1.059775279626e-12      -1.572387948104e-12       8.075486087892e-15       5.878394224656e-16       2.120748561018e-17       5.389401034871e-19 
 1793       4.922224726528e-11       1.059552313214e-12      -1.543266616606e-12       8.067607595138e-15       5.865172121185e-16       2.160992809687e-17       2.770619382086e-19 
 1794       4.909345944623e-11       1.059504220681e-12      -1.514460940174e-12       8.059691324157e-15       5.851986783204e-16       2.201737864534e-17       1.627585804850e-20 
 1795       4.896322376839e-11       1.059628962062e-12      -1.485980661051e-12       8.051737512222e-15       5.838838092482e-16       2.242980496369e-17      -2.434202250592e-19 
 1796       4.883157208400e-11       1.059924486328e-12      -1.457835560871e-12       8.043746397861e-15       5.825725929562e-16       2.284717456657e-17      -5.020284250559e-19 
 1797       4.869853640061e-11       1.060388731371e-12      -1.430035460707e-12       8.035718220859e-15       5.812650173757e-16       2.326945477485e-17      -7.595508818030e-19 
 1798       4.856414888136e-11       1.061019623986e-12      -1.402590221129e-12       8.027653222259e-15       5.799610703153e-16       2.369661271538e-17      -1.015989761127e-18 
 1799       4.842844184515e-11       1.061815079860e-12      -1.375509742250e-12       8.019551644366e-15       5.786607394600e-16       2.412861532069e-17      -1.271347254862e-18 
 1800       4.829144776691e-11       1.062773003549e-12      -1.348803963785e-12       8.011413730746e-15       5.773640123717e-16       2.456542932864e-17      -1.525625580900e-18 
 1801       4.815319927778e-11       1.063891288466e-12      -1.322482865101e-12       8.003239726229e-15       5.760708764884e-16       2.500702128223e-17      -1.778826983229e-18 
 1802       4.801372916536e-11       1.065167816862e-12      -1.296556465270e-12       7.995029876912e-15       5.747813191244e-16       2.545335752921e-17      -2.030953731980e-18 
 1803       4.787307037390e-11       1.066600459813e-12      -1.271034823122e-12       7.986784430158e-15       5.734953274698e-16       2.590440422186e-17      -2.282008123475e-18 
 1804       4.773125600459e-11       1.068187077200e-12      -1.245928037298e-12       7.978503634600e-15       5.722128885907e-16       2.636012731665e-17      -2.531992480268e-18 
 1805       4.758831931568e-11       1.069925517696e-12      -1.221246246303e-12       7.970187740143e-15       5.709339894282e-16       2.682049257401e-17      -2.780909151190e-18 
 1806       4.744429372279e-11       1.071813618745e-12      -1.196999628560e-12       7.961836997965e-15       5.696586167992e-16       2.728546555795e-17      -3.028760511395e-18 
 1807       4.729921279909e-11       1.073849206553e-12      -1.173198402458e-12       7.953451660516e-15       5.683867573954e-16       2.775501163586e-17      -3.275548962405e-18 
 1808       4.715311027553e-11       1.076030096064e-12      -1.149852826411e-12       7.945031981525e-15       5.671183977834e-16       2.822909597817e-17      -3.521276932152e-18 
 1809       4.700602004105e-11       1.078354090950e-12      -1.126973198908e-12       7.936578216000e-15       5.658535244046e-16       2.870768355806e-17      -3.765946875027e-18 
 1810       4.685797614284e-11       1.080818983588e-12      -1.104569858564e-12       7.928090620225e-15       5.645921235747e-16       2.919073915118e-17      -4.009561271921e-18 
 1811       4.670901278650e-11       1.083422555051e-12      -1.082653184178e-12       7.919569451770e-15       5.633341814838e-16       2.967822733536e-17      -4.252122630271e-18 
 1812       4.655916433632e-11       1.086162575086e-12      -1.061233594780e-12       7.911014969487e-15       5.620796841959e-16       3.017011249032e-17      -4.493633484105e-18 
 1813       4.640846531547e-11       1.089036802102e-12      -1.040321549687e-12       7.902427433513e-15       5.608286176489e-16       3.066635879737e-17      -4.734096394087e-18 
 1814       4.625695060566e-11       1.092042841881e-12      -1.019925904365e-12       7.893807167040e-15       5.595809686180e-16       3.116692777770e-17      -4.973500369442e-18 
 1815       4.610465604737e-11       1.095177722517e-12      -1.000048963405e-12       7.885154742167e-15       5.583367276157e-16       3.167177088610e-17      -5.211780013874e-18 
 1816       4.595161784490e-11       1.098438316018e-12      -9.806913877425e-13       7.876470795553e-15       5.570958860150e-16       3.218083685695e-17      -5.448856050170e-18 
 1817       4.579787236762e-11       1.101821479241e-12      -9.618538352222e-13       7.867755966784e-15       5.558584350872e-16       3.269407415976e-17      -5.684648867946e-18 
 1818       4.564345615018e-11       1.105324053870e-12      -9.435369605875e-13       7.859010898382e-15       5.546243660022e-16       3.321143099888e-17      -5.919078523203e-18 
 1819       4.548840589275e-11       1.108942866398e-12      -9.257414154754e-13       7.850236235808e-15       5.533936698278e-16       3.373285531303e-17      -6.152064737874e-18 
 1820       4.533275846125e-11       1.112674728099e-12      -9.084678484087e-13       7.841432627462e-15       5.521663375301e-16       3.425829477499e-17      -6.383526899374e-18 
 1821       4.517655088758e-11       1.116516435013e-12      -8.917169047891e-13       7.832600724692e-15       5.509423599728e-16       3.478769679118e-17      -6.613384060151e-18 
 1822       4.501982036985e-11       1.120464767922e-12      -8.754892268903e-13       7.823741181796e-15       5.497217279175e-16       3.532100850132e-17      -6.841554937234e-18 
 1823       4.486260427259e-11       1.124516492327e-12      -8.597854538503e-13       7.814854656027e-15       5.485044320229e-16       3.585817677798e-17      -7.067957911785e-18 
 1824       4.470494012701e-11       1.128668358430e-12      -8.446062216651e-13       7.805941807594e-15       5.472904628454e-16       3.639914822627e-17      -7.292511028645e-18 
 1825       4.454686563120e-11       1.132917101109e-12      -8.299521631810e-13       7.797003299671e-15       5.460798108382e-16       3.694386918343e-17      -7.515131995890e-18 
 1826       4.438841865038e-11       1.137259439898e-12      -8.158239080878e-13       7.788039798395e-15       5.448724663518e-16       3.749228571843e-17      -7.735738184374e-18 
 1827       4.422963721713e-11       1.141692078967e-12      -8.022220829116e-13       7.779051972877e-15       5.436684196331e-16       3.804434363163e-17      -7.954246627285e-18 
 1828       4.407055953157e-11       1.146211707098e-12      -7.891473110079e-13       7.770040495198e-15       5.424676608258e-16       3.859998845437e-17      -8.170574019691e-18 
 1829       4.391122396169e-11       1.150814997664e-12      -7.766002125541e-13       7.761006040421e-15       5.412701799701e-16       3.915916544861e-17      -8.384636718089e-18 
 1830       4.375166904345e-11       1.155498608610e-12      -7.645814045430e-13       7.751949286590e-15       5.400759670022e-16       3.972181960652e-17      -8.596350739960e-18 
 1831       4.359193348114e-11       1.160259182428e-12      -7.530915007752e-13       7.742870914735e-15       5.388850117547e-16       4.028789565012e-17      -8.805631763312e-18 
 1832       4.343205614750e-11       1.165093346139e-12      -7.421311118523e-13       7.733771608876e-15       5.376973039558e-16       4.085733803091e-17      -9.012395126236e-18 
 1833       4.327207608400e-11       1.169997711268e-12      -7.317008451696e-13       7.724652056029e-15       5.365128332295e-16       4.143009092948e-17      -9.216555826451e-18 
 1834       4.311203250110e-11       1.174968873827e-12      -7.218013049091e-13       7.715512946207e-15       5.353315890955e-16       4.200609825510e-17      -9.418028520857e-18 
 1835       4.295196477838e-11       1.180003414287e-12      -7.124330920327e-13       7.706354972426e-15       5.341535609687e-16       4.258530364539e-17      -9.616727525085e-18 
 1836       4.279191246490e-11       1.185097897563e-12      -7.035968042746e-13       7.697178830708e-15       5.329787381592e-16       4.316765046591e-17      -9.812566813043e-18 
 1837       4.263191527930e-11       1.190248872990e-12      -6.952930361345e-13       7.687985220088e-15       5.318071098723e-16       4.375308180976e-17      -1.000546001647e-17 
 1838       4.247201311012e-11       1.195452874301e-12      -6.875223788706e-13       7.678774842611e-15       5.306386652079e-16       4.434154049727e-17      -1.019532042448e-17 
 1839       4.231224601600e-11       1.200706419605e-12      -6.802854204923e-13       7.669548403344e-15       5.294733931607e-16       4.493296907554e-17      -1.038206098313e-17 
 1840       4.215265422589e-11       1.206006011368e-12      -6.735827457531e-13       7.660306610376e-15       5.283112826199e-16       4.552730981809e-17      -1.056559429494e-17 
 1841       4.199327813930e-11       1.211348136389e-12      -6.674149361437e-13       7.651050174822e-15       5.271523223690e-16       4.612450472451e-17      -1.074583261847e-17 
 1842       4.183415832653e-11       1.216729265780e-12      -6.617825698850e-13       7.641779810828e-15       5.259965010856e-16       4.672449552002e-17      -1.092268786784e-17 
 1843       4.167533552890e-11       1.222145854945e-12      -6.566862219204e-13       7.632496235575e-15       5.248438073414e-16       4.732722365514e-17      -1.109607161232e-17 
 1844       4.151685065896e-11       1.227594343555e-12      -6.521264639096e-13       7.623200169281e-15       5.236942296016e-16       4.793263030529e-17      -1.126589507586e-17 
 1845       4.135874480072e-11       1.233071155533e-12      -6.481038642208e-13       7.613892335209e-15       5.225477562253e-16       4.854065637040e-17      -1.143206913661e-17 
 1846       4.120105920993e-11       1.238572699025e-12      -6.446189879238e-13       7.604573459667e-15       5.214043754650e-16       4.915124247455e-17      -1.159450432653e-17 
 1847       4.104383531422e-11       1.244095366385e-12      -6.416723967833e-13       7.595244272015e-15       5.202640754664e-16       4.976432896558e-17      -1.175311083088e-17 
 1848       4.088711471341e-11       1.249635534149e-12      -6.392646492511e-13       7.585905504666e-15       5.191268442682e-16       5.037985591469e-17      -1.190779848783e-17 
 1849       4.073093917970e-11       1.255189563016e-12      -6.373963004598e-13       7.576557893095e-15       5.179926698021e-16       5.099776311610e-17      -1.205847678795e-17 
 1850       4.057535065790e-11       1.260753797827e-12      -6.360679022148e-13       7.567202175837e-15       5.168615398927e-16       5.161799008665e-17      -1.220505487379e-17 
 1851       4.042039126568e-11       1.266324567539e-12      -6.352800029883e-13       7.557839094494e-15       5.157334422568e-16       5.224047606539e-17      -1.234744153943e-17 
 1852       4.026610329375e-11       1.271898185211e-12      -6.350331479111e-13       7.548469393741e-15       5.146083645040e-16       5.286516001324e-17      -1.248554523005e-17 
 1853       4.011252571707e-11       1.277471149543e-12      -6.353267058869e-13       7.539093802938e-15       5.134862950026e-16       5.349196085984e-17      -1.261930466463e-17 
 1854       3.995968369761e-11       1.283040751295e-12      -6.361553408181e-13       7.529712980819e-15       5.123672254883e-16       5.412071807423e-17      -1.274878096963e-17 
 1855       3.980759899911e-11       1.288604471620e-12      -6.375125124966e-13       7.520327570375e-15       5.112511484762e-16       5.475125062407e-17      -1.287406627205e-17 
 1856       3.965629346874e-11       1.294159780912e-12      -6.393916469056e-13       7.510938217208e-15       5.101380563952e-16       5.538337668471e-17      -1.299525314297e-17 
 1857       3.950578903722e-11       1.299704138794e-12      -6.417861361713e-13       7.501545569533e-15       5.090279415887e-16       5.601691363811e-17      -1.311243459808e-17 
 1858       3.935610771893e-11       1.305234994104e-12      -6.446893385153e-13       7.492150278180e-15       5.079207963137e-16       5.665167807180e-17      -1.322570409838e-17 
 1859       3.920727161199e-11       1.310749784880e-12      -6.480945782060e-13       7.482752996602e-15       5.068166127411e-16       5.728748577777e-17      -1.333515555074e-17 
 1860       3.905930289840e-11       1.316245938344e-12      -6.519951455109e-13       7.473354380872e-15       5.057153829553e-16       5.792415175145e-17      -1.344088330856e-17 
 1861       3.891222384412e-11       1.321720870892e-12      -6.563842966484e-13       7.463955089692e-15       5.046170989542e-16       5.856149019059e-17      -1.354298217237e-17 
 1862       3.876605679921e-11       1.327171988074e-12      -6.612552537398e-13       7.454555784393e-15       5.035217526489e-16       5.919931449422e-17      -1.364154739044e-17 
 1863       3.862082419790e-11       1.332596684583e-12      -6.666012047612e-13       7.445157128940e-15       5.024293358639e-16       5.983743726156e-17      -1.373667465943e-17 
 1864       3.847654855872e-11       1.337992344242e-12      -6.724153034955e-13       7.435759789935e-15       5.013398403364e-16       6.047567029097e-17      -1.382846012498e-17 
 1865       3.833325248459e-11       1.343356339983e-12      -6.786906694843e-13       7.426364436619e-15       5.002532577169e-16       6.111382457886e-17      -1.391700038234e-17 
 1866       3.819095866295e-11       1.348686033842e-12      -6.854203879798e-13       7.416971740878e-15       4.991695795682e-16       6.175171031865e-17      -1.400239247699e-17 
 1867       3.804968986586e-11       1.353978776935e-12      -6.925975098970e-13       7.407582377244e-15       4.980887973660e-16       6.238913689964e-17      -1.408473390528e-17 
 1868       3.790946895008e-11       1.359231909452e-12      -7.002150517651e-13       7.398197022901e-15       4.970109024981e-16       6.302591290603e-17      -1.416412261500e-17 
 1869       3.777031885721e-11       1.364442760636e-12      -7.082659956800e-13       7.388816357684e-15       4.959358862650e-16       6.366184611574e-17      -1.424065700605e-17 
 1870       3.763226261380e-11       1.369608648772e-12      -7.167432892561e-13       7.379441064088e-15       4.948637398791e-16       6.429674349944e-17      -1.431443593102e-17 
 1871       3.749532333142e-11       1.374726881173e-12      -7.256398455781e-13       7.370071827268e-15       4.937944544648e-16       6.493041121941e-17      -1.438555869586e-17 
 1872       3.735952420681e-11       1.379794754163e-12      -7.349485431528e-13       7.360709335040e-15       4.927280210584e-16       6.556265462851e-17      -1.445412506042e-17 
 1873       3.722488852195e-11       1.384809553065e-12      -7.446622258615e-13       7.351354277891e-15       4.916644306079e-16       6.619327826910e-17      -1.452023523917e-17 
 1874       3.709143964420e-11       1.389768552184e-12      -7.547737029117e-13       7.342007348976e-15       4.906036739729e-16       6.682208587195e-17      -1.458398990172e-17 
 1875       3.695920102637e-11       1.394669014796e-12      -7.652757487889e-13       7.332669244127e-15       4.895457419245e-16       6.744888035519e-17      -1.464549017351e-17 
 1876       3.682819620688e-11       1.399508193131e-12      -7.761611032088e-13       7.323340661851e-15       4.884906251449e-16       6.807346382323e-17      -1.470483763641e-17 
 1877       3.669844880979e-11       1.404283328358e-12      -7.874224710690e-13       7.314022303335e-15       4.874383142274e-16       6.869563756570e-17      -1.476213432932e-17 
 1878       3.656998254501e-11       1.408991650575e-12      -7.990525224013e-13       7.304714872454e-15       4.863887996766e-16       6.931520205637e-17      -1.481748274882e-17 
 1879       3.644282120829e-11       1.413630378788e-12      -8.110438923231e-13       7.295419075767e-15       4.853420719075e-16       6.993195695209e-17      -1.487098584975e-17 
 1880       3.631698868143e-11       1.418196720902e-12      -8.233891809900e-13       7.286135622525e-15       4.842981212462e-16       7.054570109170e-17      -1.492274704587e-17 
 1881       3.619250893232e-11       1.422687873704e-12      -8.360809535471e-13       7.276865224675e-15       4.832569379292e-16       7.115623249496e-17      -1.497287021047e-17 
 1882       3.606940601509e-11       1.427101022849e-12      -8.491117400815e-13       7.267608596859e-15       4.822185121032e-16       7.176334836153e-17      -1.502145967697e-17 
 1883       3.594770407017e-11       1.431433342847e-12      -8.624740355737e-13       7.258366456422e-15       4.811828338255e-16       7.236684506983e-17      -1.506862023956e-17 
 1884       3.582742732445e-11       1.435681997045e-12      -8.761602998500e-13       7.249139523413e-15       4.801498930633e-16       7.296651817600e-17      -1.511445715379e-17 
 1885       3.570860009135e-11       1.439844137617e-12      -8.901629575344e-13       7.239928520589e-15       4.791196796937e-16       7.356216241284e-17      -1.515907613725e-17 
 1886       3.559124677094e-11       1.443916905546e-12      -9.044743980001e-13       7.230734173419e-15       4.780921835039e-16       7.415357168872e-17      -1.520258337011e-17 
 1887       3.547539185005e-11       1.447897430611e-12      -9.190869753221e-13       7.221557210084e-15       4.770673941906e-16       7.474053908652e-17      -1.524508549581e-17 
 1888       3.536105990235e-11       1.451782831375e-12      -9.339930082285e-13       7.212398361485e-15       4.760453013600e-16       7.532285686257e-17      -1.528668962162e-17 
 1889       3.524827558852e-11       1.455570215164e-12      -9.491847800530e-13       7.203258361246e-15       4.750258945277e-16       7.590031644556e-17      -1.532750331933e-17 
 1890       3.513706365629e-11       1.459256678061e-12      -9.646545386863e-13       7.194137945713e-15       4.740091631186e-16       7.647270843547e-17      -1.536763462579e-17 
 1891       3.502744894058e-11       1.462839304884e-12      -9.803944965286e-13       7.185037853961e-15       4.729950964667e-16       7.703982260251e-17      -1.540719204358e-17 
 1892       3.491945184466e-11       1.466315544946e-12      -9.963966701921e-13       7.175958754686e-15       4.719836845461e-16       7.760150530675e-17      -1.544626192228e-17 
 1893       3.481307474530e-11       1.469684342523e-12      -1.012652398350e-12       7.166901026259e-15       4.709749201706e-16       7.815783224473e-17      -1.548484040977e-17 
 1894       3.470831548266e-11       1.472945015099e-12      -1.029152820063e-12       7.157864974975e-15       4.699687968107e-16       7.870893703696e-17      -1.552290097577e-17 
 1895       3.460517186967e-11       1.476096878389e-12      -1.045889034635e-12       7.148850908015e-15       4.689653078641e-16       7.925495392933e-17      -1.556041698332e-17 
 1896       3.450364169196e-11       1.479139246340e-12      -1.062852101561e-12       7.139859133441e-15       4.679644466557e-16       7.979601779399e-17      -1.559736168856e-17 
 1897       3.440372270784e-11       1.482071431125e-12      -1.080033040472e-12       7.130889960205e-15       4.669662064368e-16       8.033226413019e-17      -1.563370824067e-17 
 1898       3.430541264824e-11       1.484892743143e-12      -1.097422831085e-12       7.121943698140e-15       4.659705803858e-16       8.086382906516e-17      -1.566942968168e-17 
 1899       3.420870921665e-11       1.487602491017e-12      -1.115012413145e-12       7.113020657971e-15       4.649775616076e-16       8.139084935491e-17      -1.570449894636e-17 
 1900       3.411361008910e-11       1.490199981593e-12      -1.132792686375e-12       7.104121151308e-15       4.639871431335e-16       8.191346238514e-17      -1.573888886206e-17 
 1901       3.402011291413e-11       1.492684519938e-12      -1.150754510421e-12       7.095245490652e-15       4.629993179214e-16       8.243180617208e-17      -1.577257214859e-17 
 1902       3.392821531271e-11       1.495055409335e-12      -1.168888704799e-12       7.086393989392e-15       4.620140788552e-16       8.294601936330e-17      -1.580552141807e-17 
 1903       3.383791487819e-11       1.497311951287e-12      -1.187186048841e-12       7.077566961809e-15       4.610314187452e-16       8.345624123863e-17      -1.583770917479e-17 
 1904       3.374920917630e-11       1.499453445509e-12      -1.205637281644e-12       7.068764723076e-15       4.600513303274e-16       8.396261171096e-17      -1.586910781510e-17 
 1905       3.366209574509e-11       1.501479189933e-12      -1.224233102012e-12       7.059987589259e-15       4.590738062639e-16       8.446527132712e-17      -1.589968962721e-17 
 1906       3.357657209484e-11       1.503388480697e-12      -1.242964168409e-12       7.051235877318e-15       4.580988391425e-16       8.496436126874e-17      -1.592942679114e-17 
 1907       3.349263570809e-11       1.505180612153e-12      -1.261821098897e-12       7.042509905106e-15       4.571264214767e-16       8.546002335305e-17      -1.595829137848e-17 
 1908       3.341028403953e-11       1.506854876859e-12      -1.280794471092e-12       7.033809991373e-15       4.561565457056e-16       8.595240003383e-17      -1.598625535234e-17 
 1909       3.332951451601e-11       1.508410565578e-12      -1.299874822103e-12       7.025136455766e-15       4.551892041934e-16       8.644163440216e-17      -1.601329056717e-17 
 1910       3.325032453645e-11       1.509846967277e-12      -1.319052648484e-12       7.016489618827e-15       4.542243892300e-16       8.692787018735e-17      -1.603936876862e-17 
 1911       3.317271147182e-11       1.511163369126e-12      -1.338318406175e-12       7.007869802000e-15       4.532620930301e-16       8.741125175774e-17      -1.606446159340e-17 
 1912       3.309667266509e-11       1.512359056496e-12      -1.357662510454e-12       6.999277327625e-15       4.523023077337e-16       8.789192412161e-17      -1.608854056917e-17 
 1913       3.302220543120e-11       1.513433312954e-12      -1.377075335882e-12       6.990712518944e-15       4.513450254055e-16       8.837003292797e-17      -1.611157711437e-17 
 1914       3.294930705697e-11       1.514385420265e-12      -1.396547216247e-12       6.982175700100e-15       4.503902380353e-16       8.884572446745e-17      -1.613354253810e-17 
 1915       3.287797480113e-11       1.515214658389e-12      -1.416068444512e-12       6.973667196139e-15       4.494379375373e-16       8.931914567317e-17      -1.615440803996e-17 
 1916       3.280820589419e-11       1.515920305479e-12      -1.435629272765e-12       6.965187333007e-15       4.484881157505e-16       8.979044412153e-17      -1.617414470994e-17 
 1917       3.273999753848e-11       1.516501637877e-12      -1.455219912159e-12       6.956736437558e-15       4.475407644380e-16       9.025976803315e-17      -1.619272352828e-17 
 1918       3.267334690803e-11       1.516957930116e-12      -1.474830532865e-12       6.948314837548e-15       4.465958752876e-16       9.072726627365e-17      -1.621011536530e-17 
 1919       3.260825114858e-11       1.517288454918e-12      -1.494451264015e-12       6.939922861640e-15       4.456534399111e-16       9.119308835453e-17      -1.622629098128e-17 
 1920       3.254470737751e-11       1.517492483186e-12      -1.514072193649e-12       6.931560839403e-15       4.447134498444e-16       9.165738443404e-17      -1.624122102634e-17 
 1921       3.248271268380e-11       1.517569284011e-12      -1.533683368660e-12       6.923229101316e-15       4.437758965474e-16       9.212030531801e-17      -1.625487604027e-17 
 1922       3.242226412799e-11       1.517518124665e-12      -1.553274794747e-12       6.914927978764e-15       4.428407714038e-16       9.258200246070e-17      -1.626722645242e-17 
 1923       3.236335874213e-11       1.517338270597e-12      -1.572836436353e-12       6.906657804043e-15       4.419080657210e-16       9.304262796569e-17      -1.627824258153e-17 
 1924       3.230599352975e-11       1.517028985438e-12      -1.592358216616e-12       6.898418910359e-15       4.409777707300e-16       9.350233458668e-17      -1.628789463564e-17 
 1925       3.225016546579e-11       1.516589530994e-12      -1.611830017318e-12       6.890211631830e-15       4.400498775854e-16       9.396127572840e-17      -1.629615271188e-17 
 1926       3.219587149657e-11       1.516019167245e-12      -1.631241678827e-12       6.882036303486e-15       4.391243773649e-16       9.441960544740e-17      -1.630298679642e-17 
 1927       3.214310853974e-11       1.515317152344e-12      -1.650583000044e-12       6.873893261270e-15       4.382012610697e-16       9.487747845297e-17      -1.630836676424e-17 
 1928       3.209187348427e-11       1.514482742615e-12      -1.669843738352e-12       6.865782842040e-15       4.372805196239e-16       9.533505010795e-17      -1.631226237907e-17 
 1929       3.204216319035e-11       1.513515192551e-12      -1.689013609564e-12       6.857705383568e-15       4.363621438747e-16       9.579247642960e-17      -1.631464329320e-17 
 1930       3.199397448937e-11       1.512413754812e-12      -1.708082287862e-12       6.849661224544e-15       4.354461245922e-16       9.624991409042e-17      -1.631547904737e-17 
 1931       3.194730130721e-11       1.511178000312e-12      -1.727040146351e-12       6.841650627281e-15       4.345324530909e-16       9.670743182918e-17      -1.631474437215e-17 
 1932       3.190212601032e-11       1.509808781138e-12      -1.745880484926e-12       6.833673545200e-15       4.336211231000e-16       9.716474394790e-17      -1.631243513645e-17 
 1933       3.185842799392e-11       1.508307274925e-12      -1.764597319182e-12       6.825729853583e-15       4.327121289072e-16       9.762147479666e-17      -1.630855251960e-17 
 1934       3.181618655264e-11       1.506674665438e-12      -1.783184641318e-12       6.817819426709e-15       4.318054647379e-16       9.807724717809e-17      -1.630309772086e-17 
 1935       3.177538088035e-11       1.504912142583e-12      -1.801636420102e-12       6.809942137852e-15       4.309011247553e-16       9.853168234539e-17      -1.629607195941e-17 
 1936       3.173599007006e-11       1.503020902413e-12      -1.819946600851e-12       6.802097859276e-15       4.299991030605e-16       9.898440000030e-17      -1.628747647443e-17 
 1937       3.169799311372e-11       1.501002147137e-12      -1.838109105393e-12       6.794286462235e-15       4.290993936919e-16       9.943501829118e-17      -1.627731252508e-17 
 1938       3.166136890214e-11       1.498857085129e-12      -1.856117832043e-12       6.786507816974e-15       4.282019906254e-16       9.988315381094e-17      -1.626558139058e-17 
 1939       3.162609622483e-11       1.496586930936e-12      -1.873966655569e-12       6.778761792722e-15       4.273068877744e-16       1.003284215951e-16      -1.625228437019e-17 
 1940       3.159215376987e-11       1.494192905287e-12      -1.891649427167e-12       6.771048257698e-15       4.264140789895e-16       1.007704351196e-16      -1.623742278330e-17 
 1941       3.155952012377e-11       1.491676235102e-12      -1.909159974427e-12       6.763367079101e-15       4.255235580585e-16       1.012088062993e-16      -1.622099796943e-17 
 1942       3.152817377132e-11       1.489038153497e-12      -1.926492101306e-12       6.755718123116e-15       4.246353187060e-16       1.016431454853e-16      -1.620301128825e-17 
 1943       3.149809309548e-11       1.486279899797e-12      -1.943639588097e-12       6.748101254906e-15       4.237493545941e-16       1.020730614636e-16      -1.618346411964e-17 
 1944       3.146925637722e-11       1.483402719542e-12      -1.960596191402e-12       6.740516338618e-15       4.228656593211e-16       1.024981614525e-16      -1.616235786370e-17 
 1945       3.144164179541e-11       1.480407864496e-12      -1.977355644100e-12       6.732963237372e-15       4.219842264227e-16       1.029180511012e-16      -1.613969394081e-17 
 1946       3.141522742664e-11       1.477296592655e-12      -1.993911655315e-12       6.725441813267e-15       4.211050493708e-16       1.033323344872e-16      -1.611547379163e-17 
 1947       3.138999124512e-11       1.474070168256e-12      -2.010257910393e-12       6.717951927377e-15       4.202281215740e-16       1.037406141149e-16      -1.608969887716e-17 
 1948       3.136591112253e-11       1.470729861786e-12      -2.026388070868e-12       6.710493439749e-15       4.193534363775e-16       1.041424909132e-16      -1.606237067874e-17 
 1949       3.134296482789e-11       1.467276949989e-12      -2.042295774430e-12       6.703066209401e-15       4.184809870627e-16       1.045375642336e-16      -1.603349069811e-17 
 1950       3.132113002741e-11       1.463712715875e-12      -2.057974634904e-12       6.695670094323e-15       4.176107668472e-16       1.049254318481e-16      -1.600306045744e-17 
 1951       3.130038428437e-11       1.460038448729e-12      -2.073418242210e-12       6.688304951471e-15       4.167427688849e-16       1.053056899476e-16      -1.597108149936e-17 
 1952       3.128070505895e-11       1.456255444120e-12      -2.088620162340e-12       6.680970636771e-15       4.158769862658e-16       1.056779331394e-16      -1.593755538696e-17 
 1953       3.126206970816e-11       1.452365003907e-12      -2.103573937328e-12       6.673667005112e-15       4.150134120156e-16       1.060417544456e-16      -1.590248370388e-17 
 1954       3.124445548562e-11       1.448368436250e-12      -2.118273085216e-12       6.666393910350e-15       4.141520390961e-16       1.063967453008e-16      -1.586586805430e-17 
 1955       3.122783954147e-11       1.444267055618e-12      -2.132711100032e-12       6.659151205300e-15       4.132928604048e-16       1.067424955504e-16      -1.582771006298e-17 
 1956       3.121219892225e-11       1.440062182795e-12      -2.146881451751e-12       6.651938741741e-15       4.124358687748e-16       1.070785934482e-16      -1.578801137529e-17 
 1957       3.119751057071e-11       1.435755144894e-12      -2.160777586273e-12       6.644756370408e-15       4.115810569747e-16       1.074046256549e-16      -1.574677365728e-17 
 1958       3.118375132572e-11       1.431347275358e-12      -2.174392925391e-12       6.637603940998e-15       4.107284177086e-16       1.077201772357e-16      -1.570399859564e-17 
 1959       3.117089792211e-11       1.426839913974e-12      -2.187720866760e-12       6.630481302161e-15       4.098779436161e-16       1.080248316586e-16      -1.565968789780e-17 
 1960       3.115892699055e-11       1.422234406881e-12      -2.200754783869e-12       6.623388301503e-15       4.090296272718e-16       1.083181707920e-16      -1.561384329192e-17 
 1961       3.114781505737e-11       1.417532106575e-12      -2.213488026010e-12       6.616324785582e-15       4.081834611857e-16       1.085997749033e-16      -1.556646652696e-17 
 1962       3.113753854450e-11       1.412734371922e-12      -2.225913918249e-12       6.609290599910e-15       4.073394378025e-16       1.088692226564e-16      -1.551755937265e-17 
 1963       3.112807376924e-11       1.407842568162e-12      -2.238025761399e-12       6.602285588946e-15       4.064975495022e-16       1.091260911097e-16      -1.546712361961e-17 
 1964       3.111939694422e-11       1.402858066920e-12      -2.249816831987e-12       6.595309596099e-15       4.056577885995e-16       1.093699557146e-16      -1.541516107928e-17 
 1965       3.111148417717e-11       1.397782246217e-12      -2.261280382223e-12       6.588362463726e-15       4.048201473439e-16       1.096003903130e-16      -1.536167358405e-17 
 1966       3.110431147085e-11       1.392616490472e-12      -2.272409639976e-12       6.581444033128e-15       4.039846179193e-16       1.098169671355e-16      -1.530666298723e-17 
 1967       3.109785472289e-11       1.387362190515e-12      -2.283197808740e-12       6.574554144549e-15       4.031511924445e-16       1.100192567995e-16      -1.525013116310e-17 
 1968       3.109208972565e-11       1.382020743595e-12      -2.293638067605e-12       6.567692637178e-15       4.023198629725e-16       1.102068283068e-16      -1.519208000694e-17 
 1969       3.108699216608e-11       1.376593553388e-12      -2.303723571230e-12       6.560859349142e-15       4.014906214907e-16       1.103792490423e-16      -1.513251143507e-17 
 1970       3.108253763668e-11       1.371082136915e-12      -2.313448531970e-12       6.554054078383e-15       4.006634604740e-16       1.105362120424e-16      -1.507142664927e-17 
 1971       3.107870166858e-11       1.365488446140e-12      -2.322811475127e-12       6.547276464962e-15       3.998383745484e-16       1.106779188405e-16      -1.500882392405e-17 
 1972       3.107545969844e-11       1.359814548780e-12      -2.331812007824e-12       6.540526107874e-15       3.990153588398e-16       1.108046994623e-16      -1.494470080299e-17 
 1973       3.107278705723e-11       1.354062521621e-12      -2.340449739049e-12       6.533802604095e-15       3.981944084211e-16       1.109168854146e-16      -1.487905483289e-17 
 1974       3.107065897010e-11       1.348234450533e-12      -2.348724279656e-12       6.527105548579e-15       3.973755183128e-16       1.110148096874e-16      -1.481188356377e-17 
 1975       3.106905055623e-11       1.342332430476e-12      -2.356635242371e-12       6.520434534252e-15       3.965586834828e-16       1.110988067560e-16      -1.474318454887e-17 
 1976       3.106793682875e-11       1.336358565520e-12      -2.364182241792e-12       6.513789152011e-15       3.957438988459e-16       1.111692125825e-16      -1.467295534467e-17 
 1977       3.106729269453e-11       1.330314968850e-12      -2.371364894397e-12       6.507168990724e-15       3.949311592643e-16       1.112263646182e-16      -1.460119351090e-17 
 1978       3.106709295408e-11       1.324203762779e-12      -2.378182818545e-12       6.500573637221e-15       3.941204595469e-16       1.112706018050e-16      -1.452789661052e-17 
 1979       3.106731230142e-11       1.318027078762e-12      -2.384635634481e-12       6.494002676298e-15       3.933117944498e-16       1.113022645781e-16      -1.445306220979e-17 
 1980       3.106792532393e-11       1.311787057409e-12      -2.390722964340e-12       6.487455690710e-15       3.925051586758e-16       1.113216948672e-16      -1.437668787823e-17 
 1981       3.106890650221e-11       1.305485848490e-12      -2.396444432151e-12       6.480932261169e-15       3.917005468746e-16       1.113292360988e-16      -1.429877118863e-17 
 1982       3.107023020996e-11       1.299125610954e-12      -2.401799663838e-12       6.474431966343e-15       3.908979536425e-16       1.113252331982e-16      -1.421930971708e-17 
 1983       3.107187071382e-11       1.292708512938e-12      -2.406788287230e-12       6.467954382851e-15       3.900973735223e-16       1.113100325910e-16      -1.413830104298e-17 
 1984       3.107380217326e-11       1.286236731776e-12      -2.411409932058e-12       6.461499085261e-15       3.892988010037e-16       1.112839822057e-16      -1.405574274905e-17 
 1985       3.107599864043e-11       1.279712454017e-12      -2.415664229963e-12       6.455065646086e-15       3.885022305223e-16       1.112474314752e-16      -1.397163242130e-17 
 1986       3.107843406002e-11       1.273137875431e-12      -2.419550814499e-12       6.448653635787e-15       3.877076564605e-16       1.112007313387e-16      -1.388596764909e-17 
 1987       3.108108226912e-11       1.266515201022e-12      -2.423069321136e-12       6.442262622760e-15       3.869150731467e-16       1.111442342437e-16      -1.379874602513e-17 
 1988       3.108391699711e-11       1.259846645045e-12      -2.426219387264e-12       6.435892173344e-15       3.861244748556e-16       1.110782941483e-16      -1.370996514545e-17 
 1989       3.108691186548e-11       1.253134431008e-12      -2.429000652199e-12       6.429541851810e-15       3.853358558081e-16       1.110032665226e-16      -1.361962260948e-17 
 1990       3.109004038773e-11       1.246380791693e-12      -2.431412757184e-12       6.423211220364e-15       3.845492101708e-16       1.109195083508e-16      -1.352771601997e-17 
 1991       3.109327596923e-11       1.239587969164e-12      -2.433455345394e-12       6.416899839140e-15       3.837645320566e-16       1.108273781336e-16      -1.343424298308e-17 
 1992       3.109659190706e-11       1.232758214775e-12      -2.435128061938e-12       6.410607266201e-15       3.829818155239e-16       1.107272358892e-16      -1.333920110835e-17 
 1993       3.109996138989e-11       1.225893789190e-12      -2.436430553868e-12       6.404333057530e-15       3.822010545772e-16       1.106194431563e-16      -1.324258800871e-17 
 1994       3.110335749785e-11       1.218996962389e-12      -2.437362470178e-12       6.398076767037e-15       3.814222431665e-16       1.105043629951e-16      -1.314440130051e-17 
 1995       3.110675320238e-11       1.212070013679e-12      -2.437923461808e-12       6.391837946548e-15       3.806453751873e-16       1.103823599900e-16      -1.304463860350e-17 
 1996       3.111012136610e-11       1.205115231710e-12      -2.438113181650e-12       6.385616145804e-15       3.798704444809e-16       1.102538002509e-16      -1.294329754086e-17 
 1997       3.111343474267e-11       1.198134914484e-12      -2.437931284552e-12       6.379410912461e-15       3.790974448339e-16       1.101190514156e-16      -1.284037573921e-17 
 1998       3.111666597665e-11       1.191131369367e-12      -2.437377427321e-12       6.373221792085e-15       3.783263699780e-16       1.099784826516e-16      -1.273587082859e-17 
 1999       3.111978760338e-11       1.184106913102e-12      -2.436451268723e-12       6.367048328149e-15       3.775572135905e-16       1.098324646579e-16      -1.262978044254e-17 
 2000       3.112277204882e-11       1.177063871819e-12      -2.435152469496e-12       6.360890062032e-15       3.767899692939e-16       1.096813696671e-16      -1.252210221801e-17 
 2001       3.112559162944e-11       1.170004581047e-12      -2.433480692343e-12       6.354746533014e-15       3.760246306554e-16       1.095255714473e-16      -1.241283379545e-17 
 2002       3.112821855206e-11       1.162931385729e-12      -2.431435601945e-12       6.348617278276e-15       3.752611911876e-16       1.093654453039e-16      -1.230197281879e-17 
 2003       3.113062491371e-11       1.155846640228e-12      -2.429016864960e-12       6.342501832893e-15       3.744996443480e-16       1.092013680818e-16      -1.218951693545e-17 
 2004       3.113278270153e-11       1.148752708344e-12      -2.426224150026e-12       6.336399729837e-15       3.737399835386e-16       1.090337181671e-16      -1.207546379633e-17 
 2005       3.113466379261e-11       1.141651963323e-12      -2.423057127770e-12       6.330310499969e-15       3.729822021066e-16       1.088628754891e-16      -1.195981105588e-17 
 2006       3.113623995382e-11       1.134546787869e-12      -2.419515470805e-12       6.324233672039e-15       3.722262933436e-16       1.086892215225e-16      -1.184255637203e-17 
 2007       3.113748284174e-11       1.127439574158e-12      -2.415598853740e-12       6.318168772683e-15       3.714722504859e-16       1.085131392888e-16      -1.172369740626e-17 
 2008       3.113836400247e-11       1.120332723845e-12      -2.411306953181e-12       6.312115326419e-15       3.707200667143e-16       1.083350133586e-16      -1.160323182358e-17 
 2009       3.113885722831e-11       1.113228526826e-12      -2.406640231749e-12       6.306072867796e-15       3.699697356385e-16       1.081551515651e-16      -1.148116356092e-17 
 2010       3.113894564664e-11       1.106128796510e-12      -2.401602296377e-12       6.300040977937e-15       3.692212527548e-16       1.079735495164e-16      -1.135752168213e-17 
 2011       3.113861468243e-11       1.099035231913e-12      -2.396197557203e-12       6.294019248256e-15       3.684746139987e-16       1.077901243710e-16      -1.123234166041e-17 
 2012       3.113784970602e-11       1.091949538674e-12      -2.390430445144e-12       6.288007268329e-15       3.677298152616e-16       1.076047929707e-16      -1.110565912251e-17 
 2013       3.113663603311e-11       1.084873429070e-12      -2.384305411919e-12       6.282004625894e-15       3.669868523907e-16       1.074174718399e-16      -1.097750984902e-17 
 2014       3.113495892464e-11       1.077808622022e-12      -2.377826930080e-12       6.276010906846e-15       3.662457211885e-16       1.072280771850e-16      -1.084792977451e-17 
 2015       3.113280358678e-11       1.070756843098e-12      -2.370999493038e-12       6.270025695234e-15       3.655064174135e-16       1.070365248946e-16      -1.071695498773e-17 
 2016       3.113015517081e-11       1.063719824530e-12      -2.363827615089e-12       6.264048573261e-15       3.647689367795e-16       1.068427305384e-16      -1.058462173183e-17 
 2017       3.112699877310e-11       1.056699305215e-12      -2.356315831442e-12       6.258079121281e-15       3.640332749555e-16       1.066466093676e-16      -1.045096640453e-17 
 2018       3.112331943501e-11       1.049697030728e-12      -2.348468698247e-12       6.252116917797e-15       3.632994275662e-16       1.064480763136e-16      -1.031602555835e-17 
 2019       3.111910214282e-11       1.042714753325e-12      -2.340290792620e-12       6.246161539454e-15       3.625673901915e-16       1.062470459886e-16      -1.017983590075e-17 
 2020       3.111433182771e-11       1.035754231957e-12      -2.331786712672e-12       6.240212561045e-15       3.618371583663e-16       1.060434326843e-16      -1.004243429438e-17 
 2021       3.110899336565e-11       1.028817232275e-12      -2.322961077535e-12       6.234269555501e-15       3.611087275810e-16       1.058371503720e-16      -9.903857757248e-18 
 2022       3.110307157732e-11       1.021905526635e-12      -2.313818527391e-12       6.228332093893e-15       3.603820932808e-16       1.056281127024e-16      -9.764143462931e-18 
 2023       3.109655122811e-11       1.015020894115e-12      -2.304363723496e-12       6.222399745427e-15       3.596572508661e-16       1.054162330047e-16      -9.623328740751e-18 
 2024       3.108941702798e-11       1.008165120513e-12      -2.294601348211e-12       6.216472077444e-15       3.589341956920e-16       1.052014242864e-16      -9.481451075985e-18 
 2025       3.108165363145e-11       1.001339998363e-12      -2.284536105025e-12       6.210548655416e-15       3.582129230688e-16       1.049835992332e-16      -9.338548110059e-18 
 2026       3.107324563750e-11       9.945473269397e-13      -2.274172718585e-12       6.204629042943e-15       3.574934282612e-16       1.047626702081e-16      -9.194657640740e-18 
 2027       3.106417758950e-11       9.877889122653e-13      -2.263515934723e-12       6.198712801753e-15       3.567757064891e-16       1.045385492514e-16      -9.049817622335e-18 
 2028       3.105443397518e-11       9.810665671210e-13      -2.252570520481e-12       6.192799491697e-15       3.560597529266e-16       1.043111480803e-16      -8.904066165883e-18 
 2029       3.104399922652e-11       9.743821110532e-13      -2.241341264142e-12       6.186888670748e-15       3.553455627028e-16       1.040803780883e-16      -8.757441539356e-18 
 2030       3.103285771972e-11       9.677373703820e-13      -2.229832975253e-12       6.180979895000e-15       3.546331309010e-16       1.038461503449e-16      -8.609982167850e-18 
 2031       3.102099377510e-11       9.611341782094e-13      -2.218050484653e-12       6.175072718661e-15       3.539224525592e-16       1.036083755953e-16      -8.461726633782e-18 
 2032       3.100839165706e-11       9.545743744276e-13      -2.205998644503e-12       6.169166694056e-15       3.532135226696e-16       1.033669642597e-16      -8.312713677089e-18 
 2033       3.099503557400e-11       9.480598057267e-13      -2.193682328310e-12       6.163261371621e-15       3.525063361788e-16       1.031218264336e-16      -8.162982195417e-18 
 2034       3.098090967827e-11       9.415923256034e-13      -2.181106430957e-12       6.157356299903e-15       3.518008879877e-16       1.028728718864e-16      -8.012571244324e-18 
 2035       3.096599806607e-11       9.351737943690e-13      -2.168275868726e-12       6.151451025554e-15       3.510971729513e-16       1.026200100621e-16      -7.861520037470e-18 
 2036       3.095028477743e-11       9.288060791574e-13      -2.155195579330e-12       6.145545093334e-15       3.503951858787e-16       1.023631500781e-16      -7.709867946816e-18 
 2037       3.093375379609e-11       9.224910539333e-13      -2.141870521935e-12       6.139638046102e-15       3.496949215331e-16       1.021022007249e-16      -7.557654502817e-18 
 2038       3.091638904947e-11       9.162305995005e-13      -2.128305677192e-12       6.133729424821e-15       3.489963746316e-16       1.018370704664e-16      -7.404919394623e-18 
 2039       3.089817440861e-11       9.100266035099e-13      -2.114506047262e-12       6.127818768548e-15       3.482995398453e-16       1.015676674386e-16      -7.251702470267e-18 
 2040       3.087909368808e-11       9.038809604680e-13      -2.100476655841e-12       6.121905614439e-15       3.476044117990e-16       1.012938994498e-16      -7.098043736868e-18 
 2041       3.085913064590e-11       8.977955717443e-13      -2.086222548193e-12       6.115989497741e-15       3.469109850714e-16       1.010156739799e-16      -6.943983360822e-18 
 2042       3.083826898354e-11       8.917723455805e-13      -2.071748791170e-12       6.110069951790e-15       3.462192541948e-16       1.007328981803e-16      -6.789561667998e-18 
 2043       3.081649234576e-11       8.858131970977e-13      -2.057060473243e-12       6.104146508013e-15       3.455292136552e-16       1.004454788732e-16      -6.634819143938e-18 
 2044       3.079378432063e-11       8.799200483051e-13      -2.042162704532e-12       6.098218695922e-15       3.448408578921e-16       1.001533225516e-16      -6.479796434046e-18 
 2045       3.077012843940e-11       8.740948281082e-13      -2.027060616824e-12       6.092286043112e-15       3.441541812984e-16       9.985633537836e-17      -6.324534343790e-18 
 2046       3.074550817648e-11       8.683394723166e-13      -2.011759363613e-12       6.086348075258e-15       3.434691782205e-16       9.955442318637e-17      -6.169073838895e-18 
 2047       3.071990694933e-11       8.626559236523e-13      -1.996264120113e-12       6.080404316115e-15       3.427858429583e-16       9.924749147780e-17      -6.013456045537e-18 
 2048       3.069331112378e-11       8.570458888832e-13      -1.980580209942e-12       6.074454334982e-15       3.421041700751e-16       9.893547834479e-17      -5.857722749996e-18 
 2049       3.066571905337e-11       8.515101083081e-13      -1.964713486058e-12       6.068497889472e-15       3.414241553314e-16       9.861845348903e-17      -5.701917901122e-18 
 2050       3.063713210449e-11       8.460490810669e-13      -1.948669952598e-12       6.062534783759e-15       3.407457947576e-16       9.829651990910e-17      -5.546086118994e-18 
 2051       3.060755165688e-11       8.406633075423e-13      -1.932455638504e-12       6.056564821201e-15       3.400690843449e-16       9.796978104429e-17      -5.390272196653e-18 
 2052       3.057697910365e-11       8.353532893613e-13      -1.916076597559e-12       6.050587804337e-15       3.393940200443e-16       9.763834077521e-17      -5.234521100315e-18 
 2053       3.054541585133e-11       8.301195293962e-13      -1.899538908419e-12       6.044603534888e-15       3.387205977674e-16       9.730230342429e-17      -5.078877969572e-18 
 2054       3.051286331988e-11       8.249625317661e-13      -1.882848674638e-12       6.038611813754e-15       3.380488133858e-16       9.696177375638e-17      -4.923388117612e-18 
 2055       3.047932294267e-11       8.198828018378e-13      -1.866012024703e-12       6.032612441016e-15       3.373786627313e-16       9.661685697927e-17      -4.768097031422e-18 
 2056       3.044479616657e-11       8.148808462271e-13      -1.849035112063e-12       6.026605215933e-15       3.367101415958e-16       9.626765874424e-17      -4.613050372002e-18 
 2057       3.040928445191e-11       8.099571728002e-13      -1.831924115163e-12       6.020589936939e-15       3.360432457309e-16       9.591428514663e-17      -4.458293974572e-18 
 2058       3.037278927251e-11       8.051122906747e-13      -1.814685237470e-12       6.014566401646e-15       3.353779708485e-16       9.555684272639e-17      -4.303873848783e-18 
 2059       3.033531211574e-11       8.003467102210e-13      -1.797324707507e-12       6.008534406841e-15       3.347143126201e-16       9.519543846863e-17      -4.149836178930e-18 
 2060       3.029685448248e-11       7.956609430633e-13      -1.779848778881e-12       6.002493748484e-15       3.340522666773e-16       9.483017980416e-17      -3.996227324157e-18 
 2061       3.025741788718e-11       7.910555020810e-13      -1.762263730319e-12       5.996444221709e-15       3.333918286111e-16       9.446117461005e-17      -3.843093818670e-18 
 2062       3.021700385788e-11       7.865309014096e-13      -1.744575865692e-12       5.990385620821e-15       3.327329939724e-16       9.408853121018e-17      -3.690482371947e-18 
 2063       3.017561393620e-11       7.820876564426e-13      -1.726791514051e-12       5.984317739295e-15       3.320757582718e-16       9.371235837581e-17      -3.538439868946e-18 
 2064       3.013324967738e-11       7.777262838318e-13      -1.708917029654e-12       5.978240369779e-15       3.314201169793e-16       9.333276532611e-17      -3.387013370318e-18 
 2065       3.008991265031e-11       7.734473014894e-13      -1.690958792002e-12       5.972153304087e-15       3.307660655244e-16       9.294986172871e-17      -3.236250112613e-18 
 2066       3.004560443752e-11       7.692512285884e-13      -1.672923205862e-12       5.966056333201e-15       3.301135992962e-16       9.256375770027e-17      -3.086197508495e-18 
 2067       3.000032663521e-11       7.651385855645e-13      -1.654816701305e-12       5.959949247270e-15       3.294627136431e-16       9.217456380703e-17      -2.936903146948e-18 
 2068       2.995408085330e-11       7.611098941168e-13      -1.636645733734e-12       5.953831835609e-15       3.288134038728e-16       9.178239106534e-17      -2.788414793486e-18 
 2069       2.990686871541e-11       7.571656772094e-13      -1.618416783913e-12       5.947703886697e-15       3.281656652524e-16       9.138735094225e-17      -2.640780390367e-18 
 2070       2.985869185888e-11       7.533064590725e-13      -1.600136358000e-12       5.941565188178e-15       3.275194930081e-16       9.098955535601e-17      -2.494048056798e-18 
 2071       2.980955193483e-11       7.495327652033e-13      -1.581810987577e-12       5.935415526856e-15       3.268748823252e-16       9.058911667666e-17      -2.348266089147e-18 
 2072       2.975945060812e-11       7.458451223678e-13      -1.563447229682e-12       5.929254688699e-15       3.262318283481e-16       9.018614772661e-17      -2.203482961156e-18 
 2073       2.970838955743e-11       7.422440586013e-13      -1.545051666837e-12       5.923082458833e-15       3.255903261804e-16       8.978076178109e-17      -2.059747324146e-18 
 2074       2.965637047525e-11       7.387301032105e-13      -1.526630907082e-12       5.916898621546e-15       3.249503708845e-16       8.937307256884e-17      -1.917108007228e-18 
 2075       2.960339506788e-11       7.353037867738e-13      -1.508191584004e-12       5.910702960281e-15       3.243119574817e-16       8.896319427252e-17      -1.775614017517e-18 
 2076       2.954946505548e-11       7.319656411431e-13      -1.489740356766e-12       5.904495257642e-15       3.236750809522e-16       8.855124152939e-17      -1.635314540338e-18 
 2077       2.949458217208e-11       7.287161994449e-13      -1.471283910142e-12       5.898275295386e-15       3.230397362349e-16       8.813732943177e-17      -1.496258939436e-18 
 2078       2.943874816561e-11       7.255559960813e-13      -1.452828954545e-12       5.892042854428e-15       3.224059182277e-16       8.772157352764e-17      -1.358496757188e-18 
 2079       2.938196479789e-11       7.224855667315e-13      -1.434382226056e-12       5.885797714834e-15       3.217736217868e-16       8.730408982117e-17      -1.222077714813e-18 
 2080       2.932423384468e-11       7.195054483530e-13      -1.415950486461e-12       5.879539655826e-15       3.211428417272e-16       8.688499477328e-17      -1.087051712581e-18 
 2081       2.926555709567e-11       7.166161791824e-13      -1.397540523275e-12       5.873268455778e-15       3.205135728223e-16       8.646440530221e-17      -9.534688300207e-19 
 2082       2.920593635455e-11       7.138182987372e-13      -1.379159149776e-12       5.866983892211e-15       3.198858098043e-16       8.604243878403e-17      -8.213793261344e-19 
 2083       2.914537343897e-11       7.111123478165e-13      -1.360813205034e-12       5.860685741802e-15       3.192595473634e-16       8.561921305323e-17      -6.908336396044e-19 
 2084       2.908387018058e-11       7.084988685028e-13      -1.342509553947e-12       5.854373780371e-15       3.186347801485e-16       8.519484640325e-17      -5.618823890043e-19 
 2085       2.902142842507e-11       7.059784041623e-13      -1.324255087263e-12       5.848047782891e-15       3.180115027666e-16       8.476945758706e-17      -4.345763730086e-19 
 2086       2.895805003217e-11       7.035514994473e-13      -1.306056721618e-12       5.841707523478e-15       3.173897097830e-16       8.434316581766e-17      -3.089665706029e-19 
 2087       2.889373880654e-11       7.012184862919e-13      -1.287920932335e-12       5.835352827555e-15       3.167693960844e-16       8.391607168077e-17      -1.850939097712e-19 
 2088       2.882850630520e-11       6.989788402603e-13      -1.269852348182e-12       5.828983728727e-15       3.161505579709e-16       8.348819972520e-17      -6.295849469848e-20 
 2089       2.876236607086e-11       6.968318196867e-13      -1.251855146817e-12       5.822600313000e-15       3.155331920716e-16       8.305955547090e-17       5.744983684864e-20 
 2090       2.869533170484e-11       6.947766792655e-13      -1.233933521145e-12       5.816202666727e-15       3.149172949817e-16       8.263014446031e-17       1.761413016672e-19 
 2091       2.862741686713e-11       6.928126700465e-13      -1.216091679331e-12       5.809790876602e-15       3.143028632631e-16       8.219997225846e-17       2.931261711896e-19 
 2092       2.855863527649e-11       6.909390394302e-13      -1.198333844823e-12       5.803365029669e-15       3.136898934437e-16       8.176904445293e-17       4.084147715555e-19 
 2093       2.848900071048e-11       6.891550311632e-13      -1.180664256365e-12       5.796925213314e-15       3.130783820177e-16       8.133736665390e-17       5.220174836833e-19 
 2094       2.841852700557e-11       6.874598853333e-13      -1.163087168017e-12       5.790471515269e-15       3.124683254453e-16       8.090494449420e-17       6.339447433422e-19 
 2095       2.834722805721e-11       6.858528383651e-13      -1.145606849176e-12       5.784004023614e-15       3.118597201532e-16       8.047178362928e-17       7.442070412238e-19 
 2096       2.827511781986e-11       6.843331230154e-13      -1.128227584586e-12       5.777522826774e-15       3.112525625337e-16       8.003788973729e-17       8.528149230141e-19 
 2097       2.820221030712e-11       6.828999683680e-13      -1.110953674366e-12       5.771028013522e-15       3.106468489454e-16       7.960326851909e-17       9.597789894647e-19 
 2098       2.812851959176e-11       6.815525998295e-13      -1.093789434018e-12       5.764519672979e-15       3.100425757128e-16       7.916792569827e-17       1.065109896465e-18 
 2099       2.805405980582e-11       6.802902391244e-13      -1.076739194453e-12       5.757997894613e-15       3.094397391263e-16       7.873186702117e-17       1.168818355115e-18 
 2100       2.797884514066e-11       6.791121042907e-13      -1.059807302004e-12       5.751462768239e-15       3.088383354422e-16       7.829509825692e-17       1.270915131795e-18 
 2101       2.790288984706e-11       6.780174096747e-13      -1.042998118445e-12       5.744914384024e-15       3.082383608825e-16       7.785762519747e-17       1.371411048237e-18 
 2102       2.782620823526e-11       6.770053659269e-13      -1.026316021010e-12       5.738352832480e-15       3.076398116350e-16       7.741945365760e-17       1.470316981601e-18 
 2103       2.774881467505e-11       6.760751799969e-13      -1.009765402409e-12       5.731778204472e-15       3.070426838533e-16       7.698058947497e-17       1.567643864541e-18 
 2104       2.767072359587e-11       6.752260551290e-13      -9.933506708494e-13       5.725190591213e-15       3.064469736566e-16       7.654103851010e-17       1.663402685281e-18 
 2105       2.759194948681e-11       6.744571908572e-13      -9.770762500488e-13       5.718590084265e-15       3.058526771297e-16       7.610080664647e-17       1.757604487683e-18 
 2106       2.751250689677e-11       6.737677830009e-13      -9.609465792571e-13       5.711976775544e-15       3.052597903229e-16       7.565989979047e-17       1.850260371323e-18 
 2107       2.743241043445e-11       6.731570236600e-13      -9.449661132727e-13       5.705350757314e-15       3.046683092522e-16       7.521832387148e-17       1.941381491561e-18 
 2108       2.735167476849e-11       6.726241012102e-13      -9.291393224604e-13       5.698712122191e-15       3.040782298988e-16       7.477608484186e-17       2.030979059609e-18 
 2109       2.727031462750e-11       6.721682002984e-13      -9.134706927695e-13       5.692060963144e-15       3.034895482094e-16       7.433318867702e-17       2.119064342611e-18 
 2110       2.718834480017e-11       6.717885018380e-13      -8.979647257519e-13       5.685397373494e-15       3.029022600962e-16       7.388964137540e-17       2.205648663706e-18 
 2111       2.710578013528e-11       6.714841830042e-13      -8.826259385795e-13       5.678721446912e-15       3.023163614365e-16       7.344544895851e-17       2.290743402106e-18 
 2112       2.702263554185e-11       6.712544172294e-13      -8.674588640626e-13       5.672033277425e-15       3.017318480730e-16       7.300061747099e-17       2.374359993164e-18 
 2113       2.693892598916e-11       6.710983741985e-13      -8.524680506675e-13       5.665332959413e-15       3.011487158136e-16       7.255515298059e-17       2.456509928448e-18 
 2114       2.685466650684e-11       6.710152198440e-13      -8.376580625345e-13       5.658620587607e-15       3.005669604312e-16       7.210906157822e-17       2.537204755812e-18 
 2115       2.676987218493e-11       6.710041163417e-13      -8.230334794955e-13       5.651896257096e-15       2.999865776639e-16       7.166234937797e-17       2.616456079469e-18 
 2116       2.668455817398e-11       6.710642221057e-13      -8.085988970925e-13       5.645160063320e-15       2.994075632149e-16       7.121502251713e-17       2.694275560060e-18 
 2117       2.659873968510e-11       6.711946917839e-13      -7.943589265949e-13       5.638412102077e-15       2.988299127525e-16       7.076708715626e-17       2.770674914726e-18 
 2118       2.651243199003e-11       6.713946762533e-13      -7.803181950178e-13       5.631652469518e-15       2.982536219096e-16       7.031854947913e-17       2.845665917185e-18 
 2119       2.642565042122e-11       6.716633226152e-13      -7.664813451396e-13       5.624881262150e-15       2.976786862843e-16       6.986941569285e-17       2.919260397796e-18 
 2120       2.633841037193e-11       6.719997741907e-13      -7.528530355200e-13       5.618098576838e-15       2.971051014394e-16       6.941969202781e-17       2.991470243638e-18 
 2121       2.625072729623e-11       6.724031705157e-13      -7.394379405181e-13       5.611304510801e-15       2.965328629027e-16       6.896938473774e-17       3.062307398575e-18 
 2122       2.616261670916e-11       6.728726473369e-13      -7.262407503099e-13       5.604499161617e-15       2.959619661666e-16       6.851850009976e-17       3.131783863334e-18 
 2123       2.607409418675e-11       6.734073366062e-13      -7.132661709066e-13       5.597682627219e-15       2.953924066882e-16       6.806704441437e-17       3.199911695572e-18 
 2124       2.598517536608e-11       6.740063664768e-13      -7.005189241720e-13       5.590855005900e-15       2.948241798892e-16       6.761502400549e-17       3.266703009951e-18 
 2125       2.589587594541e-11       6.746688612981e-13      -6.880037478410e-13       5.584016396309e-15       2.942572811560e-16       6.716244522049e-17       3.332169978208e-18 
 2126       2.580621174972e-11       6.753938625307e-13      -6.757246888092e-13       5.577166926714e-15       2.936917061386e-16       6.670932226634e-17       3.396329895401e-18 
 2127       2.571619892782e-11       6.761800909051e-13      -6.636829776479e-13       5.570306842992e-15       2.931274516498e-16       6.625570077697e-17       3.459220416623e-18 
 2128       2.562585375678e-11       6.770261826164e-13      -6.518791394902e-13       5.563436421245e-15       2.925645147721e-16       6.580163440826e-17       3.520884425345e-18 
 2129       2.553519257657e-11       6.779307682485e-13      -6.403136994291e-13       5.556555938595e-15       2.920028925592e-16       6.534717701684e-17       3.581364976969e-18 
 2130       2.544423179015e-11       6.788924727679e-13      -6.289871825164e-13       5.549665673189e-15       2.914425820360e-16       6.489238266034e-17       3.640705299036e-18 
 2131       2.535298786358e-11       6.799099155169e-13      -6.179001137623e-13       5.542765904195e-15       2.908835801982e-16       6.443730559762e-17       3.698948791432e-18 
 2132       2.526147732602e-11       6.809817102065e-13      -6.070530181342e-13       5.535856911806e-15       2.903258840129e-16       6.398200028902e-17       3.756139026597e-18 
 2133       2.516971676986e-11       6.821064649098e-13      -5.964464205558e-13       5.528938977243e-15       2.897694904178e-16       6.352652139657e-17       3.812319749725e-18 
 2134       2.507772285079e-11       6.832827820552e-13      -5.860808459066e-13       5.522012382752e-15       2.892143963218e-16       6.307092378423e-17       3.867534878976e-18 
 2135       2.498551228786e-11       6.845092584199e-13      -5.759568190206e-13       5.515077411608e-15       2.886605986047e-16       6.261526251815e-17       3.921828505679e-18 
 2136       2.489310186355e-11       6.857844851225e-13      -5.660748646859e-13       5.508134348116e-15       2.881080941172e-16       6.215959286688e-17       3.975244894542e-18 
 2137       2.480050842385e-11       6.871070476168e-13      -5.564355076434e-13       5.501183477612e-15       2.875568796805e-16       6.170397030158e-17       4.027828483851e-18 
 2138       2.470774887837e-11       6.884755256849e-13      -5.470392725861e-13       5.494225086461e-15       2.870069520870e-16       6.124845049634e-17       4.079623885684e-18 
 2139       2.461484020033e-11       6.898884934301e-13      -5.378866841585e-13       5.487259462065e-15       2.864583080995e-16       6.079308932830e-17       4.130675886114e-18 
 2140       2.452179942673e-11       6.913445192705e-13      -5.289782669553e-13       5.480286892857e-15       2.859109444517e-16       6.033794287797e-17       4.181029445413e-18 
 2141       2.442864365837e-11       6.928421659320e-13      -5.203145455208e-13       5.473307668308e-15       2.853648578479e-16       5.988306742945e-17       4.230729698262e-18 
 2142       2.433539005991e-11       6.943799904417e-13      -5.118960443481e-13       5.466322078922e-15       2.848200449630e-16       5.942851947063e-17       4.279821953955e-18 
 2143       2.424205585999e-11       6.959565441210e-13      -5.037232878779e-13       5.459330416245e-15       2.842765024424e-16       5.897435569344e-17       4.328351696605e-18 
 2144       2.414865835130e-11       6.975703725788e-13      -4.957968004981e-13       5.452332972857e-15       2.837342269022e-16       5.852063299412e-17       4.376364585353e-18 
 2145       2.405521489060e-11       6.992200157047e-13      -4.881171065426e-13       5.445330042383e-15       2.831932149287e-16       5.806740847339e-17       4.423906454570e-18 
 2146       2.396174289885e-11       7.009040076625e-13      -4.806847302906e-13       5.438321919485e-15       2.826534630789e-16       5.761473943674e-17       4.471023314067e-18 
 2147       2.386825986128e-11       7.026208768830e-13      -4.735001959655e-13       5.431308899870e-15       2.821149678800e-16       5.716268339463e-17       4.517761349298e-18 
 2148       2.377478332743e-11       7.043691460575e-13      -4.665640277344e-13       5.424291280286e-15       2.815777258298e-16       5.671129806276e-17       4.564166921568e-18 
 2149       2.368133091125e-11       7.061473321311e-13      -4.598767497071e-13       5.417269358529e-15       2.810417333961e-16       5.626064136225e-17       4.610286568241e-18 
 2150       2.358792029118e-11       7.079539462955e-13      -4.534388859352e-13       5.410243433439e-15       2.805069870171e-16       5.581077141993e-17       4.656167002943e-18 
 2151       2.349456921019e-11       7.097874939829e-13      -4.472509604110e-13       5.403213804902e-15       2.799734831014e-16       5.536174656854e-17       4.701855115768e-18 
 2152       2.340129547591e-11       7.116464748583e-13      -4.413134970671e-13       5.396180773853e-15       2.794412180276e-16       5.491362534698e-17       4.747397973487e-18 
 2153       2.330811696066e-11       7.135293828137e-13      -4.356270197753e-13       5.389144642278e-15       2.789101881444e-16       5.446646650053e-17       4.792842819753e-18 
 2154       2.321505160151e-11       7.154347059607e-13      -4.301920523457e-13       5.382105713212e-15       2.783803897706e-16       5.402032898111e-17       4.838237075306e-18 
 2155       2.312211740042e-11       7.173609266239e-13      -4.250091185260e-13       5.375064290741e-15       2.778518191953e-16       5.357527194749e-17       4.883628338182e-18 
 2156       2.302933242425e-11       7.193065213340e-13      -4.200787420004e-13       5.368020680004e-15       2.773244726772e-16       5.313135476551e-17       4.929064383916e-18 
 2157       2.293671480488e-11       7.212699608213e-13      -4.154014463889e-13       5.360975187197e-15       2.767983464455e-16       5.268863700838e-17       4.974593165749e-18 
 2158       2.284428273924e-11       7.232497100087e-13      -4.109777552466e-13       5.353928119567e-15       2.762734366987e-16       5.224717845684e-17       5.020262814836e-18 
 2159       2.275205448943e-11       7.252442280050e-13      -4.068081920624e-13       5.346879785420e-15       2.757497396058e-16       5.180703909942e-17       5.066121640453e-18 
 2160       2.266004838276e-11       7.272519680981e-13      -4.028932802586e-13       5.339830494119e-15       2.752272513052e-16       5.136827913272e-17       5.112218130196e-18 
 2161       2.256828281184e-11       7.292713777482e-13      -3.992335431897e-13       5.332780556085e-15       2.747059679052e-16       5.093095896155e-17       5.158600950198e-18 
 2162       2.247677623466e-11       7.313008985810e-13      -3.958295041416e-13       5.325730282800e-15       2.741858854841e-16       5.049513919927e-17       5.205318945327e-18 
 2163       2.238554717464e-11       7.333389663810e-13      -3.926816863311e-13       5.318679986806e-15       2.736670000896e-16       5.006088066793e-17       5.252421139394e-18 
 2164       2.229461422073e-11       7.353840110848e-13      -3.897906129046e-13       5.311629981707e-15       2.731493077392e-16       4.962824439858e-17       5.299956735363e-18 
 2165       2.220399459103e-11       7.374345289554e-13      -3.871562825592e-13       5.304580577038e-15       2.726328047105e-16       4.919728428308e-17       5.347962592595e-18 
 2166       2.211369981296e-11       7.394892996523e-13      -3.847765925336e-13       5.297532062818e-15       2.721174884147e-16       4.876802497502e-17       5.396425565642e-18 
 2167       2.202374001405e-11       7.415471706161e-13      -3.826489049522e-13       5.290484724893e-15       2.716033565286e-16       4.834048383985e-17       5.445319911216e-18 
 2168       2.193412535571e-11       7.436069850149e-13      -3.807705702211e-13       5.283438850064e-15       2.710904067054e-16       4.791467828974e-17       5.494619787908e-18 
 2169       2.184486603334e-11       7.456675817397e-13      -3.791389270139e-13       5.276394726083e-15       2.705786365739e-16       4.749062578364e-17       5.544299256080e-18 
 2170       2.175597227632e-11       7.477277953996e-13      -3.777513022568e-13       5.269352641658e-15       2.700680437388e-16       4.706834382731e-17       5.594332277741e-18 
 2171       2.166745434807e-11       7.497864563163e-13      -3.766050111152e-13       5.262312886455e-15       2.695586257808e-16       4.664784997336e-17       5.644692716444e-18 
 2172       2.157932254607e-11       7.518423905201e-13      -3.756973569787e-13       5.255275751095e-15       2.690503802562e-16       4.622916182132e-17       5.695354337162e-18 
 2173       2.149158720192e-11       7.538944197441e-13      -3.750256314473e-13       5.248241527156e-15       2.685433046974e-16       4.581229701767e-17       5.746290806179e-18 
 2174       2.140425868134e-11       7.559413614196e-13      -3.745871143167e-13       5.241210507177e-15       2.680373966122e-16       4.539727325590e-17       5.797475690976e-18 
 2175       2.131734738426e-11       7.579820286712e-13      -3.743790735644e-13       5.234182984657e-15       2.675326534843e-16       4.498410827652e-17       5.848882460113e-18 
 2176       2.123086374481e-11       7.600152303121e-13      -3.743987653352e-13       5.227159254055e-15       2.670290727730e-16       4.457281986715e-17       5.900484483118e-18 
 2177       2.114481823139e-11       7.620397708385e-13      -3.746434339269e-13       5.220139610793e-15       2.665266519133e-16       4.416342586256e-17       5.952255030373e-18 
 2178       2.105922134667e-11       7.640544504254e-13      -3.751103117762e-13       5.213124351257e-15       2.660253883157e-16       4.375594414467e-17       6.004167272997e-18 
 2179       2.097408362770e-11       7.660580649213e-13      -3.757966194442e-13       5.206113772796e-15       2.655252793663e-16       4.335039264267e-17       6.056194282734e-18 
 2180       2.088941564584e-11       7.680494058432e-13      -3.766995656025e-13       5.199108173724e-15       2.650263224269e-16       4.294678933301e-17       6.108309031838e-18 
 2181       2.080522800691e-11       7.700272603718e-13      -3.778163470183e-13       5.192107853323e-15       2.645285148345e-16       4.254515223946e-17       6.160484392958e-18 
 2182       2.072153135114e-11       7.719904113467e-13      -3.791441485408e-13       5.185113111841e-15       2.640318539018e-16       4.214549943316e-17       6.212693139026e-18 
 2183       2.063833635326e-11       7.739376372612e-13      -3.806801430864e-13       5.178124250494e-15       2.635363369168e-16       4.174784903267e-17       6.264907943142e-18 
 2184       2.055565372252e-11       7.758677122577e-13      -3.824214916246e-13       5.171141571470e-15       2.630419611430e-16       4.135221920403e-17       6.317101378455e-18 
 2185       2.047349420271e-11       7.777794061222e-13      -3.843653431639e-13       5.164165377926e-15       2.625487238192e-16       4.095862816076e-17       6.369245918057e-18 
 2186       2.039186857224e-11       7.796714842802e-13      -3.865088347373e-13       5.157195973989e-15       2.620566221593e-16       4.056709416395e-17       6.421313934864e-18 
 2187       2.031078764413e-11       7.815427077909e-13      -3.888490913881e-13       5.150233664760e-15       2.615656533529e-16       4.017763552230e-17       6.473277701499e-18 
 2188       2.023026226610e-11       7.833918333429e-13      -3.913832261554e-13       5.143278756315e-15       2.610758145646e-16       3.979027059215e-17       6.525109390186e-18 
 2189       2.015030332053e-11       7.852176132490e-13      -3.941083400603e-13       5.136331555701e-15       2.605871029343e-16       3.940501777752e-17       6.576781072626e-18 
 2190       2.007092172460e-11       7.870187954413e-13      -3.970215220912e-13       5.129392370946e-15       2.600995155769e-16       3.902189553019e-17       6.628264719892e-18 
 2191       1.999212843024e-11       7.887941234664e-13      -4.001198491896e-13       5.122461511049e-15       2.596130495828e-16       3.864092234973e-17       6.679532202307e-18 
 2192       1.991393442420e-11       7.905423364801e-13      -4.034003862362e-13       5.115539285990e-15       2.591277020170e-16       3.826211678353e-17       6.730555289333e-18 
 2193       1.983635072811e-11       7.922621692430e-13      -4.068601860359e-13       5.108626006728e-15       2.586434699202e-16       3.788549742688e-17       6.781305649461e-18 
 2194       1.975938839848e-11       7.939523521152e-13      -4.104962893042e-13       5.101721985201e-15       2.581603503076e-16       3.751108292296e-17       6.831754850087e-18 
 2195       1.968305852675e-11       7.956116110513e-13      -4.143057246526e-13       5.094827534327e-15       2.576783401696e-16       3.713889196295e-17       6.881874357406e-18 
 2196       1.960737223934e-11       7.972386675959e-13      -4.182855085741e-13       5.087942968008e-15       2.571974364717e-16       3.676894328606e-17       6.931635536297e-18 
 2197       1.953234069768e-11       7.988322388783e-13      -4.224326454296e-13       5.081068601127e-15       2.567176361543e-16       3.640125567953e-17       6.981009650203e-18 
 2198       1.945797509823e-11       8.003910376075e-13      -4.267441274330e-13       5.074204749553e-15       2.562389361324e-16       3.603584797874e-17       7.029967861022e-18 
 2199       1.938428667256e-11       8.019137720677e-13      -4.312169346371e-13       5.067351730137e-15       2.557613332962e-16       3.567273906722e-17       7.078481228993e-18 
 2200       1.931128668734e-11       8.033991461130e-13      -4.358480349194e-13       5.060509860718e-15       2.552848245106e-16       3.531194787669e-17       7.126520712578e-18 
 2201       1.923898644441e-11       8.048458591625e-13      -4.406343839677e-13       5.053679460124e-15       2.548094066153e-16       3.495349338715e-17       7.174057168350e-18 
 2202       1.916739728080e-11       8.062526061957e-13      -4.455729252661e-13       5.046860848168e-15       2.543350764249e-16       3.459739462687e-17       7.221061350879e-18 
 2203       1.909653056877e-11       8.076180777470e-13      -4.506605900802e-13       5.040054345653e-15       2.538618307284e-16       3.424367067247e-17       7.267503912618e-18 
 2204       1.902639584789e-11       8.089411159381e-13      -4.558941834133e-13       5.033260243822e-15       2.533896664156e-16       3.389234018580e-17       7.313352915250e-18 
 2205       1.895699520756e-11       8.102211837161e-13      -4.612700410734e-13       5.026478712489e-15       2.529185808551e-16       3.354342002104e-17       7.358566345895e-18 
 2206       1.888832886722e-11       8.114578987220e-13      -4.667843702998e-13       5.019709891296e-15       2.524485715184e-16       3.319692660846e-17       7.403099550969e-18 
 2207       1.882039704098e-11       8.126508775362e-13      -4.724333635689e-13       5.012953920215e-15       2.519796358543e-16       3.285287641674e-17       7.446907720028e-18 
 2208       1.875319993756e-11       8.137997356770e-13      -4.782131985776e-13       5.006210939545e-15       2.515117712890e-16       3.251128595300e-17       7.489945885597e-18 
 2209       1.868673776030e-11       8.149040875997e-13      -4.841200382258e-13       4.999481089910e-15       2.510449752260e-16       3.217217176288e-17       7.532168922990e-18 
 2210       1.862101070715e-11       8.159635466956e-13      -4.901500305995e-13       4.992764512264e-15       2.505792450459e-16       3.183555043055e-17       7.573531550139e-18 
 2211       1.855601897069e-11       8.169777252908e-13      -4.962993089536e-13       4.986061347889e-15       2.501145781064e-16       3.150143857874e-17       7.613988327412e-18 
 2212       1.849176273805e-11       8.179462346450e-13      -5.025639916949e-13       4.979371738395e-15       2.496509717428e-16       3.116985286876e-17       7.653493657445e-18 
 2213       1.842824219098e-11       8.188686849510e-13      -5.089401823650e-13       4.972695825720e-15       2.491884232670e-16       3.084081000059e-17       7.692001784960e-18 
 2214       1.836545750581e-11       8.197446853327e-13      -5.154239696230e-13       4.966033752132e-15       2.487269299684e-16       3.051432671286e-17       7.729466796591e-18 
 2215       1.830340885341e-11       8.205738438450e-13      -5.220114272288e-13       4.959385660228e-15       2.482664891134e-16       3.019041978289e-17       7.765842620711e-18 
 2216       1.824209639925e-11       8.213557674719e-13      -5.286986140258e-13       4.952751692933e-15       2.478070979452e-16       2.986910602677e-17       7.801083027252e-18 
 2217       1.818152030332e-11       8.220900621260e-13      -5.354815739234e-13       4.946131993503e-15       2.473487536843e-16       2.955040229934e-17       7.835141627532e-18 
 2218       1.812168072016e-11       8.227763326471e-13      -5.423563358808e-13       4.939526705525e-15       2.468914535281e-16       2.923432549426e-17       7.867971874080e-18 
 2219       1.806257779887e-11       8.234141828011e-13      -5.493189138891e-13       4.932935972915e-15       2.464351946508e-16       2.892089254403e-17       7.899527060457e-18 
 2220       1.800421168304e-11       8.240032152793e-13      -5.563653069545e-13       4.926359939920e-15       2.459799742036e-16       2.861012042004e-17       7.929760321085e-18 
 2221       1.794658251081e-11       8.245430316969e-13      -5.634914990812e-13       4.919798751117e-15       2.455257893148e-16       2.830202613257e-17       7.958624631067e-18 
 2222       1.788969041481e-11       8.250332325922e-13      -5.706934592545e-13       4.913252551415e-15       2.450726370892e-16       2.799662673087e-17       7.986072806012e-18 
 2223       1.783353552218e-11       8.254734174252e-13      -5.779671414233e-13       4.906721486056e-15       2.446205146086e-16       2.769393930317e-17       8.012057501863e-18 
 2224       1.777811795455e-11       8.258631845769e-13      -5.853084844833e-13       4.900205700611e-15       2.441694189315e-16       2.739398097670e-17       8.036531214717e-18 
 2225       1.772343782803e-11       8.262021313481e-13      -5.927134122599e-13       4.893705340985e-15       2.437193470934e-16       2.709676891777e-17       8.059446280649e-18 
 2226       1.766949525321e-11       8.264898539581e-13      -6.001778334909e-13       4.887220553414e-15       2.432702961061e-16       2.680232033176e-17       8.080754875542e-18 
 2227       1.761629033514e-11       8.267259475439e-13      -6.076976418095e-13       4.880751484467e-15       2.428222629585e-16       2.651065246318e-17       8.100409014905e-18 
 2228       1.756382317335e-11       8.269100061591e-13      -6.152687157275e-13       4.874298281047e-15       2.423752446159e-16       2.622178259569e-17       8.118360553701e-18 
 2229       1.751209386180e-11       8.270416227726e-13      -6.228869186176e-13       4.867861090388e-15       2.419292380202e-16       2.593572805216e-17       8.134561186168e-18 
 2230       1.746110248889e-11       8.271203892677e-13      -6.305480986969e-13       4.861440060060e-15       2.414842400902e-16       2.565250619467e-17       8.148962445648e-18 
 2231       1.741084913746e-11       8.271458964410e-13      -6.382480890094e-13       4.855035337964e-15       2.410402477210e-16       2.537213442457e-17       8.161515704408e-18 
 2232       1.736133388478e-11       8.271177340014e-13      -6.459827074093e-13       4.848647072338e-15       2.405972577842e-16       2.509463018251e-17       8.172172173463e-18 
 2233       1.731255680252e-11       8.270354905687e-13      -6.537477565433e-13       4.842275411752e-15       2.401552671280e-16       2.482001094846e-17       8.180882902405e-18 
 2234       1.726451795676e-11       8.268987536731e-13      -6.615390238341e-13       4.835920505111e-15       2.397142725772e-16       2.454829424178e-17       8.187598779223e-18 
 2235       1.721721740801e-11       8.267071097535e-13      -6.693522814631e-13       4.829582501656e-15       2.392742709327e-16       2.427949762120e-17       8.192270530129e-18 
 2236       1.717065521111e-11       8.264601441567e-13      -6.771832863531e-13       4.823261550962e-15       2.388352589721e-16       2.401363868492e-17       8.194848719383e-18 
 2237       1.712483141535e-11       8.261574411365e-13      -6.850277801516e-13       4.816957802940e-15       2.383972334493e-16       2.375073507059e-17       8.195283749116e-18 
 2238       1.707974606433e-11       8.257985838523e-13      -6.928814892133e-13       4.810671407836e-15       2.379601910943e-16       2.349080445537e-17       8.193525859155e-18 
 2239       1.703539919606e-11       8.253831543683e-13      -7.007401245834e-13       4.804402516233e-15       2.375241286138e-16       2.323386455598e-17       8.189525126846e-18 
 2240       1.699179084288e-11       8.249107336521e-13      -7.085993819799e-13       4.798151279049e-15       2.370890426905e-16       2.297993312869e-17       8.183231466881e-18 
 2241       1.694892103149e-11       8.243809015740e-13      -7.164549417774e-13       4.791917847541e-15       2.366549299834e-16       2.272902796939e-17       8.174594631120e-18 
 2242       1.690678978293e-11       8.237932369055e-13      -7.243024689893e-13       4.785702373299e-15       2.362217871278e-16       2.248116691363e-17       8.163564208416e-18 
 2243       1.686539585000e-11       8.231474593264e-13      -7.321378837660e-13       4.779504974368e-15       2.357896109421e-16       2.223636283328e-17       8.150107985343e-18 
 2244       1.682473292061e-11       8.224438564589e-13      -7.399581748541e-13       4.773325633343e-15       2.353583990504e-16       2.199460859083e-17       8.134267159704e-18 
 2245       1.678479338963e-11       8.216828596184e-13      -7.477605914127e-13       4.767164298605e-15       2.349281492641e-16       2.175589198697e-17       8.116101487047e-18 
 2246       1.674556961919e-11       8.208649020611e-13      -7.555423729693e-13       4.761020918147e-15       2.344988593752e-16       2.152020075493e-17       8.095670952745e-18 
 2247       1.670705393862e-11       8.199904189861e-13      -7.633007494098e-13       4.754895439574e-15       2.340705271559e-16       2.128752256043e-17       8.073035772257e-18 
 2248       1.666923864441e-11       8.190598475384e-13      -7.710329409671e-13       4.748787810101e-15       2.336431503593e-16       2.105784500155e-17       8.048256391392e-18 
 2249       1.663211600018e-11       8.180736268102e-13      -7.787361582110e-13       4.742697976553e-15       2.332167267184e-16       2.083115560865e-17       8.021393486570e-18 
 2250       1.659567823665e-11       8.170321978441e-13      -7.864076020374e-13       4.736625885364e-15       2.327912539472e-16       2.060744184432e-17       7.992507965081e-18 
 2251       1.655991755157e-11       8.159360036350e-13      -7.940444636577e-13       4.730571482580e-15       2.323667297395e-16       2.038669110328e-17       7.961660965355e-18 
 2252       1.652482610972e-11       8.147854891323e-13      -8.016439245878e-13       4.724534713851e-15       2.319431517699e-16       2.016889071228e-17       7.928913857214e-18 
 2253       1.649039604285e-11       8.135811012426e-13      -8.092031566380e-13       4.718515524439e-15       2.315205176932e-16       1.995402793003e-17       7.894328242143e-18 
 2254       1.645661944964e-11       8.123232888315e-13      -8.167193219020e-13       4.712513859212e-15       2.310988251444e-16       1.974208994710e-17       7.857965953546e-18 
 2255       1.642348839567e-11       8.110125027265e-13      -8.241895727464e-13       4.706529662644e-15       2.306780717389e-16       1.953306388588e-17       7.819889057010e-18 
 2256       1.639099491337e-11       8.096491957187e-13      -8.316110517999e-13       4.700562878817e-15       2.302582550722e-16       1.932693680042e-17       7.780159850570e-18 
 2257       1.635913100200e-11       8.082338225656e-13      -8.389808919429e-13       4.694613451418e-15       2.298393727203e-16       1.912369567643e-17       7.738840864964e-18 
 2258       1.632788862760e-11       8.067668399932e-13      -8.462962162966e-13       4.688681323739e-15       2.294214222390e-16       1.892332743114e-17       7.695994863903e-18 
 2259       1.629725972292e-11       8.052487066980e-13      -8.535541382124e-13       4.682766438679e-15       2.290044011647e-16       1.872581891321e-17       7.651684844328e-18 
 2260       1.626723618747e-11       8.036798833502e-13      -8.607517612616e-13       4.676868738740e-15       2.285883070135e-16       1.853115690270e-17       7.605974036672e-18 
 2261       1.623780988737e-11       8.020608325949e-13      -8.678861792241e-13       4.670988166026e-15       2.281731372821e-16       1.833932811093e-17       7.558925905127e-18 
 2262       1.620897265540e-11       8.003920190552e-13      -8.749544760785e-13       4.665124662248e-15       2.277588894468e-16       1.815031918043e-17       7.510604147900e-18 
 2263       1.618071629092e-11       7.986739093342e-13      -8.819537259908e-13       4.659278168717e-15       2.273455609644e-16       1.796411668483e-17       7.461072697477e-18 
 2264       1.615303255981e-11       7.969069720174e-13      -8.888809933041e-13       4.653448626346e-15       2.269331492713e-16       1.778070712879e-17       7.410395720887e-18 
 2265       1.612591319450e-11       7.950916776749e-13      -8.957333325281e-13       4.647635975653e-15       2.265216517843e-16       1.760007694793e-17       7.358637619963e-18 
 2266       1.609934989387e-11       7.932284988637e-13      -9.025077883279e-13       4.641840156754e-15       2.261110658999e-16       1.742221250871e-17       7.305863031603e-18 
 2267       1.607333432324e-11       7.913179101302e-13      -9.092013955140e-13       4.636061109366e-15       2.257013889947e-16       1.724710010837e-17       7.252136828033e-18 
 2268       1.604785811431e-11       7.893603880125e-13      -9.158111790311e-13       4.630298772808e-15       2.252926184252e-16       1.707472597486e-17       7.197524117068e-18 
 2269       1.602291286515e-11       7.873564110422e-13      -9.223341539480e-13       4.624553085997e-15       2.248847515278e-16       1.690507626672e-17       7.142090242376e-18 
 2270       1.599849014014e-11       7.853064597476e-13      -9.287673254463e-13       4.618823987450e-15       2.244777856186e-16       1.673813707300e-17       7.085900783738e-18 
 2271       1.597458146994e-11       7.832110166551e-13      -9.351076888106e-13       4.613111415281e-15       2.240717179939e-16       1.657389441320e-17       7.029021557313e-18 
 2272       1.595117835144e-11       7.810705662922e-13      -9.413522294169e-13       4.607415307205e-15       2.236665459295e-16       1.641233423719e-17       6.971518615895e-18 
 2273       1.592827224774e-11       7.788855951893e-13      -9.474979227226e-13       4.601735600532e-15       2.232622666811e-16       1.625344242509e-17       6.913458249180e-18 
 2274       1.590585458810e-11       7.766565918824e-13      -9.535417342558e-13       4.596072232169e-15       2.228588774841e-16       1.609720478720e-17       6.854906984026e-18 
 2275       1.588391676791e-11       7.743840469152e-13      -9.594806196044e-13       4.590425138622e-15       2.224563755539e-16       1.594360706393e-17       6.795931584714e-18 
 2276       1.586245014862e-11       7.720684528415e-13      -9.653115244057e-13       4.584794255989e-15       2.220547580852e-16       1.579263492572e-17       6.736599053213e-18 
 2277       1.584144605775e-11       7.697103042273e-13      -9.710313843354e-13       4.579179519968e-15       2.216540222527e-16       1.564427397290e-17       6.676976629440e-18 
 2278       1.582089578883e-11       7.673100976534e-13      -9.766371250974e-13       4.573580865849e-15       2.212541652106e-16       1.549850973569e-17       6.617131791520e-18 
 2279       1.580079060133e-11       7.648683317175e-13      -9.821256624130e-13       4.567998228515e-15       2.208551840928e-16       1.535532767404e-17       6.557132256053e-18 
 2280       1.578112172068e-11       7.623855070368e-13      -9.874939020101e-13       4.562431542448e-15       2.204570760128e-16       1.521471317761e-17       6.497045978372e-18 
 2281       1.576188033818e-11       7.598621262497e-13      -9.927387396127e-13       4.556880741718e-15       2.200598380635e-16       1.507665156564e-17       6.436941152807e-18 
 2282       1.574305744956e-11       7.572987512845e-13      -9.978574912920e-13       4.551345742783e-15       2.196634675621e-16       1.494113501328e-17       6.376879628991e-18 
 2283       1.572464336939e-11       7.546961755600e-13      -1.002849187559e-12       4.545826392744e-15       2.192679627844e-16       1.480818337946e-17       6.316897114085e-18 
 2284       1.570662821351e-11       7.520552528938e-13      -1.007713287552e-12       4.540322520753e-15       2.188733222350e-16       1.467782351245e-17       6.257022844065e-18 
 2285       1.568900206006e-11       7.493768403409e-13      -1.012449249432e-12       4.534833955192e-15       2.184795444031e-16       1.455008233571e-17       6.197286156248e-18 
 2286       1.567175494947e-11       7.466617981970e-13      -1.017056530374e-12       4.529360523671e-15       2.180866277624e-16       1.442498684796e-17       6.137716489406e-18 
 2287       1.565487688445e-11       7.439109900023e-13      -1.021534586577e-12       4.523902053024e-15       2.176945707712e-16       1.430256412323e-17       6.078343383877e-18 
 2288       1.563835782989e-11       7.411252825451e-13      -1.025882873252e-12       4.518458369316e-15       2.173033718726e-16       1.418284131094e-17       6.019196481674e-18 
 2289       1.562218771285e-11       7.383055458653e-13      -1.030100844630e-12       4.513029297832e-15       2.169130294937e-16       1.406584563599e-17       5.960305526596e-18 
 2290       1.560635642253e-11       7.354526532584e-13      -1.034187953958e-12       4.507614663085e-15       2.165235420467e-16       1.395160439883e-17       5.901700364338e-18 
 2291       1.559085381019e-11       7.325674812787e-13      -1.038143653497e-12       4.502214288809e-15       2.161349079279e-16       1.384014497553e-17       5.843410942600e-18 
 2292       1.557566968916e-11       7.296509097429e-13      -1.041967394522e-12       4.496827997961e-15       2.157471255181e-16       1.373149481786e-17       5.785467311203e-18 
 2293       1.556079383472e-11       7.267038217344e-13      -1.045658627325e-12       4.491455612719e-15       2.153601931827e-16       1.362568145334e-17       5.727899622191e-18 
 2294       1.554621598415e-11       7.237271036061e-13      -1.049216801207e-12       4.486096954482e-15       2.149741092714e-16       1.352273248538e-17       5.670738129949e-18 
 2295       1.553192583661e-11       7.207216449843e-13      -1.052641364483e-12       4.480751843868e-15       2.145888721184e-16       1.342267559327e-17       5.614013191308e-18 
 2296       1.551791305314e-11       7.176883387728e-13      -1.055931764481e-12       4.475420100715e-15       2.142044800421e-16       1.332553853233e-17       5.557755265658e-18 
 2297       1.550416725662e-11       7.146280811557e-13      -1.059087447539e-12       4.470101544077e-15       2.138209313455e-16       1.323134913393e-17       5.501994915060e-18 
 2298       1.549067803170e-11       7.115417716017e-13      -1.062107859004e-12       4.464795992225e-15       2.134382243158e-16       1.314013530560e-17       5.446762804352e-18 
 2299       1.547743492477e-11       7.084303128675e-13      -1.064992443233e-12       4.459503262647e-15       2.130563572244e-16       1.305192503110e-17       5.392089701262e-18 
 2300       1.546442744393e-11       7.052946110013e-13      -1.067740643592e-12       4.454223172045e-15       2.126753283271e-16       1.296674637048e-17       5.338006476520e-18 
 2301       1.545164505893e-11       7.021355753466e-13      -1.070351902456e-12       4.448955536334e-15       2.122951358642e-16       1.288462746015e-17       5.284544103964e-18 
 2302       1.543907720113e-11       6.989541185457e-13      -1.072825661204e-12       4.443700170645e-15       2.119157780599e-16       1.280559651300e-17       5.231733660655e-18 
 2303       1.542671326349e-11       6.957511565434e-13      -1.075161360225e-12       4.438456889318e-15       2.115372531228e-16       1.272968181841e-17       5.179606326985e-18 
 2304       1.541454260046e-11       6.925276085908e-13      -1.077358438912e-12       4.433225505906e-15       2.111595592456e-16       1.265691174239e-17       5.128193386786e-18 
 2305       1.540255452802e-11       6.892843972485e-13      -1.079416335663e-12       4.428005833173e-15       2.107826946054e-16       1.258731472761e-17       5.077526227446e-18 
 2306       1.539073832356e-11       6.860224483906e-13      -1.081334487881e-12       4.422797683091e-15       2.104066573632e-16       1.252091929348e-17       5.027636340011e-18 
 2307       1.537908322589e-11       6.827426912082e-13      -1.083112331972e-12       4.417600866840e-15       2.100314456644e-16       1.245775403625e-17       4.978555319302e-18 
 2308       1.536757843518e-11       6.794460582130e-13      -1.084749303344e-12       4.412415194810e-15       2.096570576383e-16       1.239784762907e-17       4.930314864025e-18 
 2309       1.535621311293e-11       6.761334852409e-13      -1.086244836408e-12       4.407240476594e-15       2.092834913984e-16       1.234122882205e-17       4.882946776877e-18 
 2310       1.534497638189e-11       6.728059114559e-13      -1.087598364578e-12       4.402076520995e-15       2.089107450422e-16       1.228792644235e-17       4.836482964661e-18 
 2311       1.533385732606e-11       6.694642793531e-13      -1.088809320265e-12       4.396923136018e-15       2.085388166515e-16       1.223796939429e-17       4.790955438393e-18 
 2312       1.532284499064e-11       6.661095347632e-13      -1.089877134882e-12       4.391780128872e-15       2.081677042919e-16       1.219138665934e-17       4.746396313415e-18 
 2313       1.531192838195e-11       6.627426268554e-13      -1.090801238842e-12       4.386647305969e-15       2.077974060130e-16       1.214820729629e-17       4.702837809505e-18 
 2314       1.530109646746e-11       6.593645081413e-13      -1.091581061555e-12       4.381524472925e-15       2.074279198486e-16       1.210846044124e-17       4.660312250985e-18 
 2315       1.529033817566e-11       6.559761344785e-13      -1.092216031428e-12       4.376411434555e-15       2.070592438163e-16       1.207217530775e-17       4.618852066834e-18 
 2316       1.527964239608e-11       6.525784650744e-13      -1.092705575866e-12       4.371307994874e-15       2.066913759176e-16       1.203938118687e-17       4.578489790797e-18 
 2317       1.526899797925e-11       6.491724624895e-13      -1.093049121272e-12       4.366213957098e-15       2.063243141382e-16       1.201010744721e-17       4.539258061498e-18 
 2318       1.525839373661e-11       6.457590926413e-13      -1.093246093041e-12       4.361129123640e-15       2.059580564474e-16       1.198438353505e-17       4.501189622545e-18 
 2319       1.524781844051e-11       6.423393248078e-13      -1.093295915564e-12       4.356053296112e-15       2.055926007986e-16       1.196223897439e-17       4.464317322646e-18 
 2320       1.523726082413e-11       6.389141316310e-13      -1.093198012228e-12       4.350986275320e-15       2.052279451290e-16       1.194370336703e-17       4.428674115717e-18 
 2321       1.522671037010e-11       6.354844509520e-13      -1.092952142867e-12       4.345927866479e-15       2.048640874067e-16       1.192877350115e-17       4.394275018349e-18 
 2322       1.521615968163e-11       6.320510710438e-13      -1.092559418466e-12       4.340877894881e-15       2.045010257726e-16       1.191731445013e-17       4.361062857613e-18 
 2323       1.520560212625e-11       6.286147446616e-13      -1.092021292857e-12       4.335836190320e-15       2.041387583993e-16       1.190915785001e-17       4.328962181256e-18 
 2324       1.519503104849e-11       6.251762271487e-13      -1.091339225855e-12       4.330802581893e-15       2.037772834442e-16       1.190413473369e-17       4.297897268975e-18 
 2325       1.518443976987e-11       6.217362764392e-13      -1.090514683260e-12       4.325776897995e-15       2.034165990495e-16       1.190207553027e-17       4.267792132130e-18 
 2326       1.517382158888e-11       6.182956530610e-13      -1.089549136868e-12       4.320758966323e-15       2.030567033420e-16       1.190281006439e-17       4.238570513450e-18 
 2327       1.516316978095e-11       6.148551201384e-13      -1.088444064473e-12       4.315748613870e-15       2.026975944333e-16       1.190616755556e-17       4.210155886740e-18 
 2328       1.515247759844e-11       6.114154433947e-13      -1.087200949879e-12       4.310745666926e-15       2.023392704197e-16       1.191197661753e-17       4.182471456594e-18 
 2329       1.514173827058e-11       6.079773911556e-13      -1.085821282905e-12       4.305749951080e-15       2.019817293819e-16       1.192006525763e-17       4.155440158100e-18 
 2330       1.513094500350e-11       6.045417343511e-13      -1.084306559388e-12       4.300761291215e-15       2.016249693855e-16       1.193026087610e-17       4.128984656551e-18 
 2331       1.512009098014e-11       6.011092465192e-13      -1.082658281196e-12       4.295779511511e-15       2.012689884807e-16       1.194239026540e-17       4.103027347152e-18 
 2332       1.510916936027e-11       5.976807038078e-13      -1.080877956230e-12       4.290804435441e-15       2.009137847022e-16       1.195627960964e-17       4.077490354729e-18 
 2333       1.509817328046e-11       5.942568849783e-13      -1.078967098433e-12       4.285835885771e-15       2.005593560693e-16       1.197175448385e-17       4.052295533439e-18 
 2334       1.508709585404e-11       5.908385714076e-13      -1.076927227796e-12       4.280873684561e-15       2.002057005857e-16       1.198863985332e-17       4.027364466476e-18 
 2335       1.507593017109e-11       5.874265470915e-13      -1.074759870367e-12       4.275917653163e-15       1.998528162400e-16       1.200676007300e-17       4.002618465783e-18 
 2336       1.506466929841e-11       5.840215986473e-13      -1.072466558251e-12       4.270967612220e-15       1.995007010050e-16       1.202593888680e-17       3.977978571758e-18 
 2337       1.505330627949e-11       5.806245153161e-13      -1.070048829628e-12       4.266023381663e-15       1.991493528380e-16       1.204599942694e-17       3.953365552964e-18 
 2338       1.504183413448e-11       5.772360889665e-13      -1.067508228748e-12       4.261084780716e-15       1.987987696810e-16       1.206676421329e-17       3.928699905836e-18 
 2339       1.503024586019e-11       5.738571140965e-13      -1.064846305946e-12       4.256151627889e-15       1.984489494603e-16       1.208805515272e-17       3.903901854394e-18 
 2340       1.501853443005e-11       5.704883878368e-13      -1.062064617645e-12       4.251223740982e-15       1.980998900865e-16       1.210969353845e-17       3.878891349946e-18 
 2341       1.500669279407e-11       5.671307099533e-13      -1.059164726365e-12       4.246300937080e-15       1.977515894548e-16       1.213150004937e-17       3.853588070799e-18 
 2342       1.499471387885e-11       5.637848828502e-13      -1.056148200727e-12       4.241383032556e-15       1.974040454448e-16       1.215329474941e-17       3.827911421969e-18 
 2343       1.498259058751e-11       5.604517115723e-13      -1.053016615461e-12       4.236469843068e-15       1.970572559203e-16       1.217489708686e-17       3.801780534888e-18 
 2344       1.497031579971e-11       5.571320038083e-13      -1.049771551415e-12       4.231561183559e-15       1.967112187296e-16       1.219612589371e-17       3.775114267114e-18 
 2345       1.495788237160e-11       5.538265698932e-13      -1.046414595559e-12       4.226656868254e-15       1.963659317054e-16       1.221679938503e-17       3.747831202039e-18 
 2346       1.494528313581e-11       5.505362228111e-13      -1.042947340991e-12       4.221756710663e-15       1.960213926644e-16       1.223673515827e-17       3.719849648595e-18 
 2347       1.493251090139e-11       5.472617781984e-13      -1.039371386948e-12       4.216860523577e-15       1.956775994079e-16       1.225575019263e-17       3.691087640968e-18 
 2348       1.491955845385e-11       5.440040543458e-13      -1.035688338809e-12       4.211968119071e-15       1.953345497213e-16       1.227366084839e-17       3.661462938304e-18 
 2349       1.490641855505e-11       5.407638722020e-13      -1.031899808103e-12       4.207079308497e-15       1.949922413743e-16       1.229028286623e-17       3.630893024415e-18 
 2350       1.489308394327e-11       5.375420553757e-13      -1.028007412515e-12       4.202193902490e-15       1.946506721208e-16       1.230543136665e-17       3.599295107491e-18 
 2351       1.487954733309e-11       5.343394301387e-13      -1.024012775896e-12       4.197311710962e-15       1.943098396990e-16       1.231892084922e-17       3.566586119810e-18 
 2352       1.486580141546e-11       5.311568254289e-13      -1.019917528264e-12       4.192432543104e-15       1.939697418311e-16       1.233056519197e-17       3.532682717442e-18 
 2353       1.485183885758e-11       5.279950728527e-13      -1.015723305817e-12       4.187556207384e-15       1.936303762236e-16       1.234017765075e-17       3.497501279961e-18 
 2354       1.483765230296e-11       5.248550066877e-13      -1.011431750935e-12       4.182682511547e-15       1.932917405672e-16       1.234757085851e-17       3.460957910152e-18 
 2355       1.482323437134e-11       5.217374638861e-13      -1.007044512189e-12       4.177811262614e-15       1.929538325366e-16       1.235255682473e-17       3.422968433723e-18 
 2356       1.480857765868e-11       5.186432840768e-13      -1.002563244349e-12       4.172942266881e-15       1.926166497906e-16       1.235494693467e-17       3.383448399007e-18 
 2357       1.479367473714e-11       5.155733095685e-13      -9.979896083878e-13       4.168075329918e-15       1.922801899722e-16       1.235455194878e-17       3.342313076679e-18 
 2358       1.477851815507e-11       5.125283853526e-13      -9.933252714886e-13       4.163210256568e-15       1.919444507083e-16       1.235118200203e-17       3.299477459458e-18 
 2359       1.476310043694e-11       5.095093591055e-13      -9.885719070538e-13       4.158346850948e-15       1.916094296101e-16       1.234464660322e-17       3.254856261818e-18 
 2360       1.474741522805e-11       5.065169884871e-13      -9.837312909848e-13       4.153484935440e-15       1.912751244032e-16       1.233482921232e-17       3.208389064518e-18 
 2361       1.473146073628e-11       5.035516624010e-13      -9.788055911671e-13       4.148624407810e-15       1.909415333201e-16       1.232191147927e-17       3.160115919241e-18 
 2362       1.471523631161e-11       5.006136780102e-13      -9.737970797951e-13       4.143765184442e-15       1.906086547107e-16       1.230615039502e-17       3.110102212416e-18 
 2363       1.469874130342e-11       4.977033332860e-13      -9.687080372695e-13       4.138907181379e-15       1.902764869111e-16       1.228780384082e-17       3.058413563242e-18 
 2364       1.468197506041e-11       4.948209270083e-13      -9.635407522054e-13       4.134050314318e-15       1.899450282442e-16       1.226713058919e-17       3.005115823935e-18 
 2365       1.466493693067e-11       4.919667587668e-13      -9.582975214419e-13       4.129194498611e-15       1.896142770195e-16       1.224439030486e-17       2.950275079977e-18 
 2366       1.464762626166e-11       4.891411289619e-13      -9.529806500503e-13       4.124339649267e-15       1.892842315331e-16       1.221984354572e-17       2.893957650373e-18 
 2367       1.463004240019e-11       4.863443388047e-13      -9.475924513437e-13       4.119485680947e-15       1.889548900675e-16       1.219375176376e-17       2.836230087893e-18 
 2368       1.461218469244e-11       4.835766903188e-13      -9.421352468850e-13       4.114632507970e-15       1.886262508919e-16       1.216637730604e-17       2.777159179327e-18 
 2369       1.459405248396e-11       4.808384863403e-13      -9.366113664965e-13       4.109780044306e-15       1.882983122619e-16       1.213798341561e-17       2.716811945734e-18 
 2370       1.457564511965e-11       4.781300305189e-13      -9.310231482681e-13       4.104928203579e-15       1.879710724195e-16       1.210883423250e-17       2.655255642694e-18 
 2371       1.455696194379e-11       4.754516273187e-13      -9.253729385669e-13       4.100076899067e-15       1.876445295936e-16       1.207919479462e-17       2.592557760553e-18 
 2372       1.453800230002e-11       4.728035820189e-13      -9.196630920453e-13       4.095226043701e-15       1.873186819990e-16       1.204933103875e-17       2.528786024679e-18 
 2373       1.451876553133e-11       4.701862007146e-13      -9.138959716504e-13       4.090375550064e-15       1.869935278374e-16       1.201950980146e-17       2.464008395710e-18 
 2374       1.449925098010e-11       4.675997903175e-13      -9.080739486326e-13       4.085525330388e-15       1.866690652966e-16       1.198999882008e-17       2.398293069802e-18 
 2375       1.447945798804e-11       4.650446585569e-13      -9.021994025545e-13       4.080675296562e-15       1.863452925512e-16       1.196106673363e-17       2.331708478883e-18 
 2376       1.445938589625e-11       4.625211139804e-13      -8.962747212997e-13       4.075825360123e-15       1.860222077617e-16       1.193298308380e-17       2.264323290900e-18 
 2377       1.443903404519e-11       4.600294659544e-13      -8.903023010819e-13       4.070975432258e-15       1.856998090754e-16       1.190601831584e-17       2.196206410072e-18 
 2378       1.441840177467e-11       4.575700246653e-13      -8.842845464533e-13       4.066125423806e-15       1.853780946257e-16       1.188044377959e-17       2.127426977137e-18 
 2379       1.439748842388e-11       4.551431011199e-13      -8.782238703139e-13       4.061275245255e-15       1.850570625325e-16       1.185653173035e-17       2.058054369606e-18 
 2380       1.437629333135e-11       4.527490071467e-13      -8.721226939203e-13       4.056424806744e-15       1.847367109020e-16       1.183455532990e-17       1.988158202010e-18 
 2381       1.435481583498e-11       4.503880553959e-13      -8.659834468941e-13       4.051574018060e-15       1.844170378265e-16       1.181478864737e-17       1.917808326150e-18 
 2382       1.433305527206e-11       4.480605593410e-13      -8.598085672314e-13       4.046722788638e-15       1.840980413849e-16       1.179750666026e-17       1.847074831351e-18 
 2383       1.431101097921e-11       4.457668332790e-13      -8.536005013113e-13       4.041871027563e-15       1.837797196421e-16       1.178298525537e-17       1.776028044707e-18 
 2384       1.428868229241e-11       4.435071923316e-13      -8.473617039045e-13       4.037018643568e-15       1.834620706494e-16       1.177150122972e-17       1.704738531337e-18 
 2385       1.426606854703e-11       4.412819524455e-13      -8.410946381828e-13       4.032165545033e-15       1.831450924444e-16       1.176333229152e-17       1.633277094629e-18 
 2386       1.424316907778e-11       4.390914303936e-13      -8.348017757275e-13       4.027311639984e-15       1.828287830508e-16       1.175875706113e-17       1.561714776496e-18 
 2387       1.421998321874e-11       4.369359437757e-13      -8.284855965382e-13       4.022456836096e-15       1.825131404784e-16       1.175805507200e-17       1.490122857620e-18 
 2388       1.419651030334e-11       4.348158110190e-13      -8.221485890421e-13       4.017601040689e-15       1.821981627234e-16       1.176150677159e-17       1.418572857708e-18 
 2389       1.417274966439e-11       4.327313513794e-13      -8.157932501024e-13       4.012744160729e-15       1.818838477681e-16       1.176939352237e-17       1.347136535741e-18 
 2390       1.414870063404e-11       4.306828849416e-13      -8.094220850272e-13       4.007886102829e-15       1.815701935808e-16       1.178199760274e-17       1.275885890219e-18 
 2391       1.412436254382e-11       4.286707326207e-13      -8.030376075788e-13       4.003026773245e-15       1.812571981162e-16       1.179960220797e-17       1.204893159419e-18 
 2392       1.409973472462e-11       4.266952161620e-13      -7.966423399820e-13       3.998166077881e-15       1.809448593149e-16       1.182249145117e-17       1.134230821639e-18 
 2393       1.407481650667e-11       4.247566581429e-13      -7.902388129331e-13       3.993303922282e-15       1.806331751037e-16       1.185095036424e-17       1.063971595451e-18 
 2394       1.404960721958e-11       4.228553819726e-13      -7.838295656092e-13       3.988440211638e-15       1.803221433953e-16       1.188526489879e-17       9.941884399528e-19 
 2395       1.402410619231e-11       4.209917118936e-13      -7.774171456763e-13       3.983574850785e-15       1.800117620888e-16       1.192572192712e-17       9.249545550129e-19 
 2396       1.399831275319e-11       4.191659729823e-13      -7.710041092987e-13       3.978707744199e-15       1.797020290689e-16       1.197260924316e-17       8.563433815257e-19 
 2397       1.397222622990e-11       4.173784911496e-13      -7.645930211479e-13       3.973838796001e-15       1.793929422068e-16       1.202621556341e-17       7.884286016596e-19 
 2398       1.394584594949e-11       4.156295931420e-13      -7.581864544110e-13       3.968967909954e-15       1.790844993593e-16       1.208683052789e-17       7.212841391073e-19 
 2399       1.391917205846e-11       4.139195154505e-13      -7.517868364849e-13       3.964095009401e-15       1.787766985574e-16       1.215465931708e-17       6.549695140750e-19 
 2400       1.389220798852e-11       4.122481304289e-13      -7.453959850110e-13       3.959220097219e-15       1.784695385716e-16       1.222956593128e-17       5.894858100716e-19 
 2401       1.386495800588e-11       4.106152185058e-13      -7.390155690268e-13       3.954343196229e-15       1.781630183494e-16       1.231132834630e-17       5.248194388741e-19 
 2402       1.383742639254e-11       4.090205591232e-13      -7.326472630284e-13       3.949464329295e-15       1.778571368283e-16       1.239972375439e-17       4.609567613298e-19 
 2403       1.380961744634e-11       4.074639307350e-13      -7.262927469773e-13       3.944583519320e-15       1.775518929354e-16       1.249452856342e-17       3.978840873018e-19 
 2404       1.378153548090e-11       4.059451108063e-13      -7.199537063050e-13       3.939700789247e-15       1.772472855876e-16       1.259551839603e-17       3.355876756134e-19 
 2405       1.375318482571e-11       4.044638758121e-13      -7.136318319195e-13       3.934816162061e-15       1.769433136914e-16       1.270246808878e-17       2.740537339934e-19 
 2406       1.372456982612e-11       4.030200012363e-13      -7.073288202101e-13       3.929929660786e-15       1.766399761428e-16       1.281515169138e-17       2.132684190211e-19 
 2407       1.369569484335e-11       4.016132615703e-13      -7.010463730539e-13       3.925041308487e-15       1.763372718276e-16       1.293334246580e-17       1.532178360710e-19 
 2408       1.366656425451e-11       4.002434303123e-13      -6.947861978208e-13       3.920151128269e-15       1.760351996211e-16       1.305681288548e-17       9.388803925778e-20 
 2409       1.363718245262e-11       3.989102799660e-13      -6.885500073793e-13       3.915259143279e-15       1.757337583885e-16       1.318533463446e-17       3.526503138154e-20 
 2410       1.360755384664e-11       3.976135820391e-13      -6.823395201024e-13       3.910365376704e-15       1.754329469842e-16       1.331867860659e-17      -2.266523612758e-20 
 2411       1.357768286147e-11       3.963531070430e-13      -6.761564598728e-13       3.905469851770e-15       1.751327642524e-16       1.345661490468e-17      -7.991686326430e-20 
 2412       1.354757393796e-11       3.951286244908e-13      -6.700025560889e-13       3.900572591746e-15       1.748332090269e-16       1.359891283966e-17      -1.365040015033e-19 
 2413       1.351723153294e-11       3.939399028968e-13      -6.638795436702e-13       3.895673619940e-15       1.745342801309e-16       1.374534092978e-17      -1.924408538541e-19 
 2414       1.348666011926e-11       3.927867097752e-13      -6.577891630633e-13       3.890772959701e-15       1.742359763773e-16       1.389566689973e-17      -2.477416749165e-19 
 2415       1.345586418575e-11       3.916688116389e-13      -6.517331602470e-13       3.885870634419e-15       1.739382965684e-16       1.404965767985e-17      -3.024207709351e-19 
 2416       1.342484823728e-11       3.905859739984e-13      -6.457132867383e-13       3.880966667525e-15       1.736412394962e-16       1.420707940531e-17      -3.564924998548e-19 
 2417       1.339361679478e-11       3.895379613608e-13      -6.397312995979e-13       3.876061082489e-15       1.733448039420e-16       1.436769741522e-17      -4.099712713757e-19 
 2418       1.336217439523e-11       3.885245372286e-13      -6.337889614362e-13       3.871153902824e-15       1.730489886766e-16       1.453127625186e-17      -4.628715470081e-19 
 2419       1.333052559168e-11       3.875454640985e-13      -6.278880404182e-13       3.866245152082e-15       1.727537924603e-16       1.469757965983e-17      -5.152078401274e-19 
 2420       1.329867495330e-11       3.866005034604e-13      -6.220303102699e-13       3.861334853856e-15       1.724592140431e-16       1.486637058520e-17      -5.669947160296e-19 
 2421       1.326662706536e-11       3.856894157963e-13      -6.162175502834e-13       3.856423031782e-15       1.721652521640e-16       1.503741117469e-17      -6.182467919859e-19 
 2422       1.323438652925e-11       3.848119605792e-13      -6.104515453229e-13       3.851509709533e-15       1.718719055519e-16       1.521046277487e-17      -6.689787372980e-19 
 2423       1.320195796254e-11       3.839678962717e-13      -6.047340858302e-13       3.846594910826e-15       1.715791729247e-16       1.538528593127e-17      -7.192052733531e-19 
 2424       1.316934599893e-11       3.831569803253e-13      -5.990669678300e-13       3.841678659416e-15       1.712870529900e-16       1.556164038762e-17      -7.689411736788e-19 
 2425       1.313655528832e-11       3.823789691789e-13      -5.934519929363e-13       3.836760979103e-15       1.709955444446e-16       1.573928508494e-17      -8.182012639984e-19 
 2426       1.310359049681e-11       3.816336182581e-13      -5.878909683574e-13       3.831841893723e-15       1.707046459749e-16       1.591797816079e-17      -8.670004222858e-19 
 2427       1.307045630670e-11       3.809206819736e-13      -5.823857069017e-13       3.826921427157e-15       1.704143562564e-16       1.609747694838e-17      -9.153535788205e-19 
 2428       1.303715741654e-11       3.802399137204e-13      -5.769380269834e-13       3.821999603325e-15       1.701246739541e-16       1.627753797576e-17      -9.632757162429e-19 
 2429       1.300369854112e-11       3.795910658767e-13      -5.715497526282e-13       3.817076446187e-15       1.698355977224e-16       1.645791696499e-17      -1.010781869609e-18 
 2430       1.297008441150e-11       3.789738898027e-13      -5.662227134788e-13       3.812151979745e-15       1.695471262048e-16       1.663836883131e-17      -1.057887126445e-18 
 2431       1.293631977501e-11       3.783881358392e-13      -5.609587448005e-13       3.807226228044e-15       1.692592580344e-16       1.681864768231e-17      -1.104606626805e-18 
 2432       1.290240939531e-11       3.778335533071e-13      -5.557596874871e-13       3.802299215166e-15       1.689719918333e-16       1.699850681711e-17      -1.150955563322e-18 
 2433       1.286835805234e-11       3.773098905057e-13      -5.506273880662e-13       3.797370965237e-15       1.686853262132e-16       1.717769872548e-17      -1.196949181266e-18 
 2434       1.283417054240e-11       3.768168947119e-13      -5.455636987051e-13       3.792441502424e-15       1.683992597747e-16       1.735597508709e-17      -1.242602778596e-18 
 2435       1.279985167813e-11       3.763543121790e-13      -5.405704772163e-13       3.787510850932e-15       1.681137911080e-16       1.753308677060e-17      -1.287931706021e-18 
 2436       1.276540628855e-11       3.759218881357e-13      -5.356495870633e-13       3.782579035011e-15       1.678289187924e-16       1.770878383288e-17      -1.332951367048e-18 
 2437       1.273083921904e-11       3.755193667845e-13      -5.308028973660e-13       3.777646078950e-15       1.675446413962e-16       1.788281551817e-17      -1.377677218040e-18 
 2438       1.269615543963e-11       3.751464540366e-13      -5.260320525373e-13       3.772712017699e-15       1.672609575346e-16       1.805497740118e-17      -1.422117240707e-18 
 2439       1.266136037034e-11       3.748027054712e-13      -5.213377796696e-13       3.767776928794e-15       1.669778660408e-16       1.822525312751e-17      -1.466249310057e-18 
 2440       1.262645955782e-11       3.744876377006e-13      -5.167205770002e-13       3.762840900626e-15       1.666953657954e-16       1.839367352283e-17      -1.510043690628e-18 
 2441       1.259145856729e-11       3.742007655720e-13      -5.121809439029e-13       3.757904021835e-15       1.664134556694e-16       1.856026952640e-17      -1.553470551619e-18 
 2442       1.255636298258e-11       3.739416021660e-13      -5.077193808900e-13       3.752966381311e-15       1.661321345243e-16       1.872507219111e-17      -1.596499966792e-18 
 2443       1.252117840616e-11       3.737096587941e-13      -5.033363896124e-13       3.748028068197e-15       1.658514012114e-16       1.888811268369e-17      -1.639101914372e-18 
 2444       1.248591045911e-11       3.735044449974e-13      -4.990324728610e-13       3.743089171886e-15       1.655712545727e-16       1.904942228477e-17      -1.681246276953e-18 
 2445       1.245056478121e-11       3.733254685441e-13      -4.948081345679e-13       3.738149782022e-15       1.652916934402e-16       1.920903238900e-17      -1.722902841400e-18 
 2446       1.241514703090e-11       3.731722354286e-13      -4.906638798069e-13       3.733209988501e-15       1.650127166362e-16       1.936697450522e-17      -1.764041298756e-18 
 2447       1.237966288532e-11       3.730442498684e-13      -4.866002147947e-13       3.728269881473e-15       1.647343229733e-16       1.952328025654e-17      -1.804631244136e-18 
 2448       1.234411804033e-11       3.729410143033e-13      -4.826176468922e-13       3.723329551338e-15       1.644565112542e-16       1.967798138048e-17      -1.844642176641e-18 
 2449       1.230851821056e-11       3.728620293929e-13      -4.787166846050e-13       3.718389088748e-15       1.641792802719e-16       1.983110972905e-17      -1.884043499253e-18 
 2450       1.227286912934e-11       3.728067940152e-13      -4.748978375845e-13       3.713448584609e-15       1.639026288095e-16       1.998269726894e-17      -1.922804518743e-18 
 2451       1.223717654884e-11       3.727748052640e-13      -4.711616166292e-13       3.708508130080e-15       1.636265556404e-16       2.013277608159e-17      -1.960894445572e-18 
 2452       1.220144623998e-11       3.727655584479e-13      -4.675085336853e-13       3.703567816572e-15       1.633510595280e-16       2.028137836331e-17      -1.998282393792e-18 
 2453       1.216568399252e-11       3.727785470878e-13      -4.639391018480e-13       3.698627735751e-15       1.630761392260e-16       2.042853642545e-17      -2.034937380956e-18 
 2454       1.212989561504e-11       3.728132629154e-13      -4.604538353623e-13       3.693687979534e-15       1.628017934781e-16       2.057428269444e-17      -2.070828328013e-18 
 2455       1.209408693499e-11       3.728691958710e-13      -4.570532496241e-13       3.688748640095e-15       1.625280210183e-16       2.071864971199e-17      -2.105924059216e-18 
 2456       1.205826379867e-11       3.729458341019e-13      -4.537378611809e-13       3.683809809860e-15       1.622548205706e-16       2.086167013517e-17      -2.140193302025e-18 
 2457       1.202243207131e-11       3.730426639606e-13      -4.505081877332e-13       3.678871581509e-15       1.619821908491e-16       2.100337673653e-17      -2.173604687009e-18 
 2458       1.198659763701e-11       3.731591700024e-13      -4.473647481354e-13       3.673934047979e-15       1.617101305579e-16       2.114380240423e-17      -2.206126747747e-18 
 2459       1.195076639883e-11       3.732948349843e-13      -4.443080623966e-13       3.668997302458e-15       1.614386383915e-16       2.128298014218e-17      -2.237727920736e-18 
 2460       1.191494427876e-11       3.734491398625e-13      -4.413386516815e-13       3.664061438392e-15       1.611677130341e-16       2.142094307010e-17      -2.268376545291e-18 
 2461       1.187913721776e-11       3.736215637907e-13      -4.384570383119e-13       3.659126549482e-15       1.608973531601e-16       2.155772442373e-17      -2.298040863447e-18 
 2462       1.184335117580e-11       3.738115841185e-13      -4.356637457672e-13       3.654192729683e-15       1.606275574341e-16       2.169335755485e-17      -2.326689019867e-18 
 2463       1.180759213183e-11       3.740186763892e-13      -4.329592986855e-13       3.649260073206e-15       1.603583245103e-16       2.182787593150e-17      -2.354289061739e-18 
 2464       1.177186608385e-11       3.742423143381e-13      -4.303442228647e-13       3.644328674520e-15       1.600896530334e-16       2.196131313801e-17      -2.380808938684e-18 
 2465       1.173617904888e-11       3.744819698904e-13      -4.278190452635e-13       3.639398628347e-15       1.598215416378e-16       2.209370287521e-17      -2.406216502656e-18 
 2466       1.170053706302e-11       3.747371131598e-13      -4.253842940022e-13       3.634470029668e-15       1.595539889480e-16       2.222507896046e-17      -2.430479507847e-18 
 2467       1.166494618145e-11       3.750072124462e-13      -4.230404983640e-13       3.629542973719e-15       1.592869935785e-16       2.235547532784e-17      -2.453565610589e-18 
 2468       1.162941247845e-11       3.752917342339e-13      -4.207881887955e-13       3.624617555994e-15       1.590205541336e-16       2.248492602825e-17      -2.475442369260e-18 
 2469       1.159394204743e-11       3.755901431899e-13      -4.186278969082e-13       3.619693872243e-15       1.587546692077e-16       2.261346522950e-17      -2.496077244181e-18 
 2470       1.155854100094e-11       3.759019021618e-13      -4.165601554793e-13       3.614772018475e-15       1.584893373851e-16       2.274112721650e-17      -2.515437597526e-18 
 2471       1.152321547067e-11       3.762264721763e-13      -4.145854984525e-13       3.609852090954e-15       1.582245572401e-16       2.286794639129e-17      -2.533490693220e-18 
 2472       1.148797160751e-11       3.765633124369e-13      -4.127044609393e-13       3.604934186205e-15       1.579603273368e-16       2.299395727325e-17      -2.550203696846e-18 
 2473       1.145281558155e-11       3.769118803222e-13      -4.109175792199e-13       3.600018401008e-15       1.576966462293e-16       2.311919449916e-17      -2.565543675546e-18 
 2474       1.141775358208e-11       3.772716313842e-13      -4.092253907438e-13       3.595104832403e-15       1.574335124615e-16       2.324369282334e-17      -2.579477597923e-18 
 2475       1.138279181764e-11       3.776420193462e-13      -4.076284341315e-13       3.590193577688e-15       1.571709245671e-16       2.336748711777e-17      -2.591972333947e-18 
 2476       1.134793651601e-11       3.780224961009e-13      -4.061272491750e-13       3.585284734421e-15       1.569088810700e-16       2.349061237223e-17      -2.602994654856e-18 
 2477       1.131319342643e-11       3.784125053838e-13      -4.047220473259e-13       3.580378403704e-15       1.566473803558e-16       2.361309235325e-17      -2.612527385997e-18 
 2478       1.127856632281e-11       3.788114637549e-13      -4.034117210295e-13       3.575474700065e-15       1.563864202881e-16       2.373490550764e-17      -2.620617969872e-18 
 2479       1.124405849171e-11       3.792187795007e-13      -4.021948285365e-13       3.570573741640e-15       1.561259985902e-16       2.385601885769e-17      -2.627330189968e-18 
 2480       1.120967322933e-11       3.796338589469e-13      -4.010699228790e-13       3.565675646885e-15       1.558661129727e-16       2.397639932383e-17      -2.632728044115e-18 
 2481       1.117541384158e-11       3.800561064567e-13      -4.000355518647e-13       3.560780534581e-15       1.556067611336e-16       2.409601372461e-17      -2.636875744700e-18 
 2482       1.114128364405e-11       3.804849244283e-13      -3.990902580713e-13       3.555888523834e-15       1.553479407582e-16       2.421482877654e-17      -2.639837718886e-18 
 2483       1.110728596202e-11       3.809197132934e-13      -3.982325788416e-13       3.550999734073e-15       1.550896495190e-16       2.433281109402e-17      -2.641678608836e-18 
 2484       1.107342413048e-11       3.813598715151e-13      -3.974610462778e-13       3.546114285052e-15       1.548318850758e-16       2.444992718923e-17      -2.642463271924e-18 
 2485       1.103970149415e-11       3.818047955857e-13      -3.967741872356e-13       3.541232296850e-15       1.545746450758e-16       2.456614347202e-17      -2.642256780961e-18 
 2486       1.100612140747e-11       3.822538800247e-13      -3.961705233195e-13       3.536353889872e-15       1.543179271533e-16       2.468142624982e-17      -2.641124424410e-18 
 2487       1.097268723462e-11       3.827065173771e-13      -3.956485708768e-13       3.531479184847e-15       1.540617289298e-16       2.479574172754e-17      -2.639131706608e-18 
 2488       1.093940234952e-11       3.831620982113e-13      -3.952068409924e-13       3.526608302831e-15       1.538060480142e-16       2.490905600747e-17      -2.636344347979e-18 
 2489       1.090627013585e-11       3.836200111168e-13      -3.948438394833e-13       3.521741365207e-15       1.535508820023e-16       2.502133508916e-17      -2.632828285262e-18 
 2490       1.087329398704e-11       3.840796427028e-13      -3.945580668932e-13       3.516878493682e-15       1.532962284775e-16       2.513254486934e-17      -2.628649671721e-18 
 2491       1.084047730633e-11       3.845403775954e-13      -3.943480184866e-13       3.512019810292e-15       1.530420850099e-16       2.524265114181e-17      -2.623874877369e-18 
 2492       1.080782350671e-11       3.850015984366e-13      -3.942121842443e-13       3.507165437398e-15       1.527884491572e-16       2.535161959736e-17      -2.618570489186e-18 
 2493       1.077533601097e-11       3.854626858813e-13      -3.941490488568e-13       3.502315497690e-15       1.525353184639e-16       2.545941582362e-17      -2.612803311338e-18 
 2494       1.074301825171e-11       3.859230185960e-13      -3.941570917197e-13       3.497470114186e-15       1.522826904618e-16       2.556600530501e-17      -2.606640365394e-18 
 2495       1.071087367135e-11       3.863819732567e-13      -3.942347869281e-13       3.492629410230e-15       1.520305626698e-16       2.567135342261e-17      -2.600148890550e-18 
 2496       1.067890572210e-11       3.868389245464e-13      -3.943806032706e-13       3.487793509495e-15       1.517789325939e-16       2.577542545407e-17      -2.593396343840e-18 
 2497       1.064711786603e-11       3.872932451540e-13      -3.945930042247e-13       3.482962535984e-15       1.515277977270e-16       2.587818657350e-17      -2.586450400363e-18 
 2498       1.061551357505e-11       3.877443057714e-13      -3.948704479506e-13       3.478136614026e-15       1.512771555493e-16       2.597960185140e-17      -2.579378953497e-18 
 2499       1.058409633089e-11       3.881914750920e-13      -3.952113872861e-13       3.473315868283e-15       1.510270035280e-16       2.607963625450e-17      -2.572250115118e-18 
 2500       1.055286962517e-11       3.886341198088e-13      -3.956142697411e-13       3.468500423742e-15       1.507773391172e-16       2.617825464571e-17      -2.565132215822e-18 
