    2       1.369440530788e-10       8.359314711781e-09       4.488328525984e-10 
    3       1.297041399674e-10       5.106343090065e-09       3.177542164174e-10 
    4       1.228369407374e-10       3.536390334833e-09       2.404217765527e-10 
    5       1.176913334586e-10       2.632468495669e-09       1.898197222260e-10 
    6       1.141670530437e-10       2.051675592835e-09       1.543751610140e-10 
    7       1.118743324238e-10       1.651987638102e-09       1.283498176195e-10 
    8       1.105478113217e-10       1.362863178698e-09       1.086166981537e-10 
    9       1.099498721904e-10       1.145642092398e-09       9.332592890337e-11 
   10       1.098418051775e-10       9.777427760205e-10       8.122864391553e-11 
   11       1.101785426541e-10       8.375268739741e-10       7.218231304106e-11 
   12       1.108007803904e-10       7.319780744178e-10       6.381588523682e-11 
   13       1.116594111334e-10       6.453097779140e-10       5.702611691097e-11 
   14       1.127220862550e-10       5.731873329583e-10       5.114086323021e-11 
   15       1.139641196563e-10       5.124711628395e-10       4.617467123409e-11 
   16       1.153046753980e-10       4.608382360444e-10       4.188507041383e-11 
   17       1.167823916194e-10       4.165373067402e-10       3.813632503676e-11 
   18       1.183324134039e-10       3.780840464453e-10       3.487856609018e-11 
   19       1.199666781059e-10       3.448575071611e-10       3.206069921588e-11 
   20       1.216804666270e-10       3.155919405558e-10       2.955513598367e-11 
   21       1.234714111258e-10       2.898272625231e-10       2.731373245652e-11 
   22       1.253086032819e-10       2.669432031927e-10       2.528290799073e-11 
   23       1.272018120725e-10       2.466336183077e-10       2.346191443812e-11 
   24       1.291509631994e-10       2.284350584582e-10       2.184201921383e-11 
   25       1.311494205940e-10       2.121008290763e-10       2.039465188337e-11 
   26       1.331760681870e-10       1.973114057867e-10       1.907297578710e-11 
   27       1.352405408739e-10       1.839902053158e-10       1.786881400428e-11 
   28       1.373469569844e-10       1.719758817104e-10       1.677258120829e-11 
   29       1.394857945586e-10       1.609768051594e-10       1.576386212175e-11 
   30       1.416630143707e-10       1.509323940187e-10       1.484076327527e-11 
   31       1.438788425673e-10       1.417681337646e-10       1.399987850279e-11 
   32       1.461238058767e-10       1.333390884647e-10       1.323085696562e-11 
   33       1.483975358442e-10       1.255993933094e-10       1.252750103225e-11 
   34       1.506944636191e-10       1.184805551940e-10       1.187933059756e-11 
   35       1.530042717887e-10       1.118766749760e-10       1.127242365600e-11 
   36       1.553347637733e-10       1.057706481380e-10       1.070488323781e-11 
   37       1.576954647522e-10       1.001433712217e-10       1.017593673984e-11 
   38       1.600907482740e-10       9.493558638685e-11       9.681431469380e-12 
   39       1.625204651865e-10       9.006926228048e-11       9.215716803203e-12 
   40       1.649836432041e-10       8.552951831553e-11       8.778839698718e-12 
   41       1.674749786451e-10       8.130443295649e-11       8.371267958831e-12 
   42       1.699831411507e-10       7.736059837976e-11       7.991750635578e-12 
   43       1.724958146159e-10       7.365548132543e-11       7.637966382645e-12 
   44       1.750179933482e-10       7.018338896517e-11       7.309072078179e-12 
   45       1.775584692222e-10       6.694079171669e-11       7.003691307003e-12 
   46       1.801245531421e-10       6.391252190160e-11       6.719083313776e-12 
   47       1.827218824015e-10       6.107086630651e-11       6.451041070540e-12 
   48       1.853540166261e-10       5.838409975040e-11       6.195107166178e-12 
   49       1.880215404108e-10       5.584704766688e-11       5.950864613611e-12 
   50       1.907223767493e-10       5.345757965773e-11       5.718680437227e-12 
   51       1.934517779450e-10       5.120750539799e-11       5.498459611047e-12 
   52       1.962021221839e-10       4.908214888098e-11       5.289610362094e-12 
   53       1.989657680042e-10       4.706495817617e-11       5.091317692109e-12 
   54       2.017449476985e-10       4.515370636720e-11       4.903526383047e-12 
   55       2.045440633849e-10       4.334771453930e-11       4.726150293149e-12 
   56       2.073667782711e-10       4.164297112636e-11       4.558764980749e-12 
   57       2.102159414415e-10       4.003191728858e-11       4.400585930845e-12 
   58       2.130935126436e-10       3.850323229019e-11       4.250446781666e-12 
   59       2.160007808549e-10       3.704495021326e-11       4.107116799565e-12 
   60       2.189392500793e-10       3.565514275702e-11       3.970388850123e-12 
   61       2.219098266962e-10       3.433334239720e-11       3.840206053909e-12 
   62       2.249124798443e-10       3.307732956118e-11       3.716334689549e-12 
   63       2.279461761676e-10       3.188303093231e-11       3.598353920238e-12 
   64       2.310088145605e-10       3.074441775429e-11       3.485645520248e-12 
   65       2.340981964060e-10       2.965516971801e-11       3.377567383916e-12 
   66       2.372153216916e-10       2.861430461857e-11       3.274039838343e-12 
   67       2.403616763674e-10       2.762156269468e-11       3.175065503657e-12 
   68       2.435382228382e-10       2.667569491920e-11       3.080551430473e-12 
   69       2.467453636732e-10       2.577441069046e-11       2.990303967168e-12 
   70       2.499829053165e-10       2.491432552347e-11       2.904023627157e-12 
   71       2.532500217972e-10       2.409090874122e-11       2.821299956180e-12 
   72       2.565458270860e-10       2.329964913007e-11       2.741719922863e-12 
   73       2.598712999993e-10       2.253992718228e-11       2.665228583274e-12 
   74       2.632276649193e-10       2.181179506079e-11       2.591828692605e-12 
   75       2.666157938726e-10       2.111480040803e-11       2.521470818278e-12 
   76       2.700361841367e-10       2.044796184455e-11       2.454050799074e-12 
   77       2.734889358459e-10       1.980974446773e-11       2.389407204271e-12 
   78       2.769737295978e-10       1.919803535042e-11       2.327318792778e-12 
   79       2.804898040593e-10       1.861011903961e-11       2.267501972269e-12 
   80       2.840363857559e-10       1.804335218144e-11       2.209682412714e-12 
   81       2.876141136621e-10       1.749737622434e-11       2.153829799597e-12 
   82       2.912238222921e-10       1.697224605878e-11       2.099959401839e-12 
   83       2.948660976874e-10       1.646775364535e-11       2.048060388826e-12 
   84       2.985412633966e-10       1.598341646021e-11       1.998094662773e-12 
   85       3.022493664554e-10       1.551846594050e-11       1.949995691087e-12 
   86       3.059901633669e-10       1.507183592983e-11       1.903667338732e-12 
   87       3.097631060813e-10       1.464215112370e-11       1.858982700593e-12 
   88       3.135673279760e-10       1.422771551497e-11       1.815782933841e-12 
   89       3.174019677550e-10       1.382691641581e-11       1.773916124188e-12 
   90       3.212672299372e-10       1.343953434310e-11       1.733363417045e-12 
   91       3.251634656677e-10       1.306561827918e-11       1.694130613024e-12 
   92       3.290908407747e-10       1.270508313285e-11       1.656209335454e-12 
   93       3.330493268124e-10       1.235770441077e-11       1.619576462505e-12 
   94       3.370386921030e-10       1.202311288871e-11       1.584193559312e-12 
   95       3.410584927794e-10       1.170078928288e-11       1.550006310094e-12 
   96       3.451080638277e-10       1.139005892126e-11       1.516943950283e-12 
   97       3.491865101293e-10       1.109008641491e-11       1.484918698641e-12 
   98       3.532926975039e-10       1.079987032926e-11       1.453825189387e-12 
   99       3.574255362961e-10       1.051847277077e-11       1.423565498949e-12 
  100       3.615848973317e-10       1.024575677048e-11       1.394129498492e-12 
  101       3.657708096619e-10       9.981743931238e-12       1.365524880635e-12 
  102       3.699831742500e-10       9.726386380340e-12       1.337752325796e-12 
  103       3.742217585598e-10       9.479564288279e-12       1.310805244553e-12 
  104       3.784861911439e-10       9.241083387523e-12       1.284669520005e-12 
  105       3.827759562321e-10       9.010672491282e-12       1.259323250130e-12 
  106       3.870903883202e-10       8.787981012281e-12       1.234736490152e-12 
  107       3.914286667582e-10       8.572576481535e-12       1.210870994895e-12 
  108       3.957898103386e-10       8.363942067115e-12       1.187679961148e-12 
  109       4.001726718853e-10       8.161474092924e-12       1.165107770024e-12 
  110       4.045761326052e-10       7.964618172746e-12       1.143102788244e-12 
  111       4.089997250253e-10       7.773302737082e-12       1.121658186729e-12 
  112       4.134430800215e-10       7.587556603012e-12       1.100775888050e-12 
  113       4.179057307730e-10       7.407374212436e-12       1.080453846667e-12 
  114       4.223871093139e-10       7.232714513163e-12       1.060685919625e-12 
  115       4.268865430848e-10       7.063499839986e-12       1.041461737269e-12 
  116       4.314032514847e-10       6.899614795777e-12       1.022766573940e-12 
  117       4.359363424227e-10       6.740905132562e-12       1.004581218681e-12 
  118       4.404848088695e-10       6.587176632610e-12       9.868818459431e-13 
  119       4.450475254095e-10       6.438193989515e-12       9.696398862868e-13 
  120       4.496232447922e-10       6.293679689279e-12       9.528218970882e-13 
  121       4.542105944841e-10       6.153312891398e-12       9.363894332421e-13 
  122       4.588080732204e-10       6.016728309946e-12       9.202989178661e-13 
  123       4.634142307056e-10       5.883595069626e-12       9.045119217646e-13 
  124       4.680282374363e-10       5.753865915009e-12       8.890276143982e-13 
  125       4.726493741471e-10       5.627554655551e-12       8.738538146339e-13 
  126       4.772768525384e-10       5.504658270283e-12       8.589968689848e-13 
  127       4.819098132689e-10       5.385156418127e-12       8.444616042085e-13 
  128       4.865473239485e-10       5.269010948207e-12       8.302512799055e-13 
  129       4.911883771309e-10       5.156165410160e-12       8.163675411173e-13 
  130       4.958318883063e-10       5.046544564454e-12       8.028103709249e-13 
  131       5.004766938944e-10       4.940053892693e-12       7.895780430473e-13 
  132       5.051215492366e-10       4.836579107938e-12       7.766670744392e-13 
  133       5.097651265891e-10       4.735985665012e-12       7.640721778901e-13 
  134       5.144060131155e-10       4.638118270817e-12       7.517862146218e-13 
  135       5.190427088795e-10       4.542800394647e-12       7.398001468875e-13 
  136       5.236736248376e-10       4.449833778497e-12       7.281029905695e-13 
  137       5.282972213306e-10       4.359040521674e-12       7.166840403695e-13 
  138       5.329124439815e-10       4.270395286162e-12       7.055399055935e-13 
  139       5.375183293080e-10       4.183905906981e-12       6.946681159378e-13 
  140       5.421138671657e-10       4.099571827961e-12       6.840648815525e-13 
  141       5.466979996328e-10       4.017383882284e-12       6.737250600637e-13 
  142       5.512696198944e-10       3.937324073026e-12       6.636421235968e-13 
  143       5.558275711271e-10       3.859365353694e-12       6.538081257995e-13 
  144       5.603706453833e-10       3.783471408766e-12       6.442136688644e-13 
  145       5.648975824759e-10       3.709596434234e-12       6.348478705522e-13 
  146       5.694070688626e-10       3.637684918139e-12       6.256983312141e-13 
  147       5.738977365307e-10       3.567671421114e-12       6.167511008152e-13 
  148       5.783681618809e-10       3.499480356924e-12       6.079906459571e-13 
  149       5.828168646126e-10       3.433025773004e-12       5.993998169010e-13 
  150       5.872423066079e-10       3.368211130999e-12       5.909598145903e-13 
  151       5.916428908163e-10       3.304929087307e-12       5.826501576738e-13 
  152       5.960169601388e-10       3.243061273613e-12       5.744486495282e-13 
  153       6.003629178788e-10       3.182502778136e-12       5.663364261224e-13 
  154       6.046796040372e-10       3.123238611340e-12       5.583136968928e-13 
  155       6.089659520249e-10       3.065273961383e-12       5.503854107148e-13 
  156       6.132208697473e-10       3.008610039225e-12       5.425562995000e-13 
  157       6.174432391087e-10       2.953243984978e-12       5.348308710952e-13 
  158       6.216319155150e-10       2.899168774237e-12       5.272134021820e-13 
  159       6.257857273782e-10       2.846373124425e-12       5.197079311761e-13 
  160       6.299034756192e-10       2.794841401127e-12       5.123182511264e-13 
  161       6.339839331721e-10       2.744553524433e-12       5.050479026148e-13 
  162       6.380258444871e-10       2.695484875276e-12       4.979001666551e-13 
  163       6.420279250350e-10       2.647606201771e-12       4.908780575927e-13 
  164       6.459888608098e-10       2.600883525553e-12       4.839843160035e-13 
  165       6.499073078334e-10       2.555278048120e-12       4.772214015936e-13 
  166       6.537818916580e-10       2.510746057166e-12       4.705914860987e-13 
  167       6.576112068709e-10       2.467238832925e-12       4.640964461830e-13 
  168       6.613938165973e-10       2.424702554512e-12       4.577378563389e-13 
  169       6.651282520042e-10       2.383078206253e-12       4.515169817863e-13 
  170       6.688130118039e-10       2.342301484035e-12       4.454347713720e-13 
  171       6.724466613457e-10       2.302315809738e-12       4.394915405287e-13 
  172       6.760281402004e-10       2.263112788367e-12       4.336860053552e-13 
  173       6.795564793908e-10       2.224694960511e-12       4.280161540156e-13 
  174       6.830307040226e-10       2.187062958011e-12       4.224795411268e-13 
  175       6.864498331947e-10       2.150215463781e-12       4.170732793939e-13 
  176       6.898128799089e-10       2.114149171625e-12       4.117940312447e-13 
  177       6.931188509800e-10       2.078858746062e-12       4.066380004643e-13 
  178       6.963667469455e-10       2.044336782139e-12       4.016009238302e-13 
  179       6.995555619756e-10       2.010573765256e-12       3.966780627471e-13 
  180       7.026842837835e-10       1.977558030984e-12       3.918641948814e-13 
  181       7.057518935348e-10       1.945275724884e-12       3.871536057962e-13 
  182       7.087573657575e-10       1.913710762328e-12       3.825400805861e-13 
  183       7.116996682522e-10       1.882844788319e-12       3.780168955121e-13 
  184       7.145777620020e-10       1.852657137308e-12       3.735768096360e-13 
  185       7.173906010821e-10       1.823124793018e-12       3.692120564556e-13 
  186       7.201371325700e-10       1.794222348262e-12       3.649143355393e-13 
  187       7.228162964555e-10       1.765921964760e-12       3.606748041610e-13 
  188       7.254270255503e-10       1.738193332963e-12       3.564840689348e-13 
  189       7.279682453982e-10       1.711003631871e-12       3.523321774497e-13 
  190       7.304388741849e-10       1.684317488853e-12       3.482086099048e-13 
  191       7.328378948633e-10       1.658103974256e-12       3.441044558243e-13 
  192       7.351645777593e-10       1.632358254908e-12       3.400191439782e-13 
  193       7.374182745277e-10       1.607081491195e-12       3.359542023185e-13 
  194       7.395983475845e-10       1.582273931283e-12       3.319111170863e-13 
  195       7.417041702526e-10       1.557934893959e-12       3.278913315974e-13 
  196       7.437351269085e-10       1.534062751472e-12       3.238962450267e-13 
  197       7.456906131277e-10       1.510654912367e-12       3.199272111934e-13 
  198       7.475700358320e-10       1.487707804330e-12       3.159855373457e-13 
  199       7.493728134348e-10       1.465216857024e-12       3.120724829458e-13 
  200       7.510983759880e-10       1.443176484931e-12       3.081892584552e-13 
  201       7.527461653279e-10       1.421580070188e-12       3.043370241191e-13 
  202       7.543156352214e-10       1.400419945429e-12       3.005168887514e-13 
  203       7.558062515123e-10       1.379687376624e-12       2.967299085200e-13 
  204       7.572174922678e-10       1.359372545916e-12       2.929770857315e-13 
  205       7.585488479243e-10       1.339464534467e-12       2.892593676159e-13 
  206       7.597998214337e-10       1.319951305287e-12       2.855776451119e-13 
  207       7.609699284102e-10       1.300819686083e-12       2.819327516518e-13 
  208       7.620586972757e-10       1.282055352094e-12       2.783254619460e-13 
  209       7.630656694064e-10       1.263642808929e-12       2.747564907684e-13 
  210       7.639903992795e-10       1.245565375411e-12       2.712264917413e-13 
  211       7.648324546184e-10       1.227805166413e-12       2.677360561199e-13 
  212       7.655914165399e-10       1.210343075696e-12       2.642857115777e-13 
  213       7.662669188335e-10       1.193162506487e-12       2.608759676377e-13 
  214       7.668587684473e-10       1.176260879040e-12       2.575074579009e-13 
  215       7.673668334248e-10       1.159638867370e-12       2.541808050788e-13 
  216       7.677910047506e-10       1.143296714114e-12       2.508965741245e-13 
  217       7.681311965995e-10       1.127234223233e-12       2.476552711407e-13 
  218       7.683873465858e-10       1.111450752722e-12       2.444573422869e-13 
  219       7.685594160125e-10       1.095945207313e-12       2.413031726876e-13 
  220       7.686473901207e-10       1.080716031181e-12       2.381930853398e-13 
  221       7.686512783386e-10       1.065761200650e-12       2.351273400208e-13 
  222       7.685711145312e-10       1.051078216900e-12       2.321061321960e-13 
  223       7.684069572489e-10       1.036664098669e-12       2.291295919264e-13 
  224       7.681588899775e-10       1.022515374965e-12       2.261977827765e-13 
  225       7.678270213869e-10       1.008628077765e-12       2.233107007220e-13 
  226       7.674114855806e-10       9.949977347260e-13       2.204682730577e-13 
  227       7.669124423448e-10       9.816193618864e-13       2.176703573049e-13 
  228       7.663300773979e-10       9.684874563753e-13       2.149167401193e-13 
  229       7.656646026394e-10       9.555959891165e-13       2.122071361988e-13 
  230       7.649162563997e-10       9.429383975347e-13       2.095411871910e-13 
  231       7.640853036887e-10       9.305075782608e-13       2.069184606013e-13 
  232       7.631720364457e-10       9.182958798382e-13       2.043384487003e-13 
  233       7.621767737879e-10       9.062950954281e-13       2.018005674317e-13 
  234       7.610998622605e-10       8.944964555154e-13       1.993041553199e-13 
  235       7.599416760853e-10       8.828906206148e-13       1.968484723777e-13 
  236       7.587026174104e-10       8.714676739757e-13       1.944326990144e-13 
  237       7.573831165590e-10       8.602171142887e-13       1.920559349432e-13 
  238       7.559836270689e-10       8.491298771983e-13       1.897173256253e-13 
  239       7.545046099599e-10       8.382045508194e-13       1.874164523619e-13 
  240       7.529465489965e-10       8.274415226319e-13       1.851529637170e-13 
  241       7.513099560493e-10       8.168409815430e-13       1.829264492880e-13 
  242       7.495953713334e-10       8.064029148724e-13       1.807364388820e-13 
  243       7.478033636466e-10       7.961271053387e-13       1.785824016932e-13 
  244       7.459345306075e-10       7.860131280448e-13       1.764637454792e-13 
  245       7.439894988942e-10       7.760603474639e-13       1.743798157382e-13 
  246       7.419689244820e-10       7.662679144249e-13       1.723298948851e-13 
  247       7.398734928823e-10       7.566347630989e-13       1.703132014292e-13 
  248       7.377039193802e-10       7.471596079841e-13       1.683288891503e-13 
  249       7.354609492733e-10       7.378409408921e-13       1.663760462758e-13 
  250       7.331453581095e-10       7.286770279336e-13       1.644536946571e-13 
  251       7.307579519259e-10       7.196659065041e-13       1.625607889471e-13 
  252       7.282995674862e-10       7.108053822697e-13       1.606962157763e-13 
  253       7.257710725198e-10       7.020930261529e-13       1.588587929298e-13 
  254       7.231733659596e-10       6.935261713182e-13       1.570472685244e-13 
  255       7.205073781803e-10       6.851019101583e-13       1.552603201848e-13 
  256       7.177740712369e-10       6.768170912793e-13       1.534965542209e-13 
  257       7.149744391025e-10       6.686683164869e-13       1.517545048043e-13 
  258       7.121095079072e-10       6.606519377719e-13       1.500326331452e-13 
  259       7.091803361759e-10       6.527640542964e-13       1.483293266691e-13 
  260       7.061880150664e-10       6.450005093789e-13       1.466428981938e-13 
  261       7.031336686085e-10       6.373568874807e-13       1.449715851057e-13 
  262       7.000184539412e-10       6.298285111914e-13       1.433135485373e-13 
  263       6.968435615519e-10       6.224104382146e-13       1.416668725433e-13 
  264       6.936102155139e-10       6.150974583539e-13       1.400295632778e-13 
  265       6.903196737252e-10       6.078840904983e-13       1.383995481710e-13 
  266       6.869731688969e-10       6.007656223429e-13       1.367751143969e-13 
  267       6.835717274787e-10       5.937412982993e-13       1.351562523471e-13 
  268       6.801163413641e-10       5.868112988314e-13       1.335433835092e-13 
  269       6.766080263924e-10       5.799757120615e-13       1.319369276640e-13 
  270       6.730478224869e-10       5.732345325169e-13       1.303373028039e-13 
  271       6.694367937929e-10       5.665876598783e-13       1.287449250523e-13 
  272       6.657760288158e-10       5.600348977270e-13       1.271602085829e-13 
  273       6.620666405595e-10       5.535759522928e-13       1.255835655379e-13 
  274       6.583097666643e-10       5.472104312009e-13       1.240154059477e-13 
  275       6.545065695454e-10       5.409378422205e-13       1.224561376498e-13 
  276       6.506582365307e-10       5.347575920114e-13       1.209061662076e-13 
  277       6.467659799989e-10       5.286689848725e-13       1.193658948296e-13 
  278       6.428310375181e-10       5.226712214886e-13       1.178357242884e-13 
  279       6.388546719837e-10       5.167633976786e-13       1.163160528397e-13 
  280       6.348381717563e-10       5.109445031427e-13       1.148072761411e-13 
  281       6.307828508003e-10       5.052134202101e-13       1.133097871716e-13 
  282       6.266900488219e-10       4.995689225868e-13       1.118239761502e-13 
  283       6.225611314071e-10       4.940096741029e-13       1.103502304550e-13 
  284       6.183974901600e-10       4.885342274605e-13       1.088889345426e-13 
  285       6.142005428409e-10       4.831410229808e-13       1.074404698663e-13 
  286       6.099717335046e-10       4.778283873524e-13       1.060052147961e-13 
  287       6.057125326382e-10       4.725945323782e-13       1.045835445370e-13 
  288       6.014244372998e-10       4.674375537234e-13       1.031758310482e-13 
  289       5.971089712561e-10       4.623554296630e-13       1.017824429623e-13 
  290       5.927676851209e-10       4.573460198296e-13       1.004037455041e-13 
  291       5.884021564932e-10       4.524070639603e-13       9.904010040989e-14 
  292       5.840139900950e-10       4.475361806454e-13       9.769186584608e-14 
  293       5.796048179103e-10       4.427308660748e-13       9.635939632854e-14 
  294       5.751762993223e-10       4.379884927865e-13       9.504304264149e-14 
  295       5.707301212520e-10       4.333063084139e-13       9.374315175653e-14 
  296       5.662679982965e-10       4.286814344331e-13       9.246006675167e-14 
  297       5.617915690431e-10       4.241114076239e-13       9.119406475182e-14 
  298       5.573020791425e-10       4.195958361924e-13       8.994516757326e-14 
  299       5.528006830671e-10       4.151348218767e-13       8.871332169739e-14 
  300       5.482885465415e-10       4.107284239892e-13       8.749845925370e-14 
  301       5.437668465392e-10       4.063766589006e-13       8.630049785478e-14 
  302       5.392367712806e-10       4.020794995231e-13       8.511934043128e-14 
  303       5.346995202299e-10       3.978368747939e-13       8.395487506693e-14 
  304       5.301563040928e-10       3.936486691584e-13       8.280697483348e-14 
  305       5.256083448138e-10       3.895147220540e-13       8.167549762572e-14 
  306       5.210568755735e-10       3.854348273932e-13       8.056028599648e-14 
  307       5.165031407862e-10       3.814087330473e-13       7.946116699155e-14 
  308       5.119483960970e-10       3.774361403295e-13       7.837795198474e-14 
  309       5.073939083793e-10       3.735167034787e-13       7.731043651282e-14 
  310       5.028409557324e-10       3.696500291426e-13       7.625840011053e-14 
  311       4.982908274785e-10       3.658356758613e-13       7.522160614555e-14 
  312       4.937448241605e-10       3.620731535507e-13       7.419980165347e-14 
  313       4.892042575389e-10       3.583619229859e-13       7.319271717285e-14 
  314       4.846704505897e-10       3.547013952847e-13       7.220006658009e-14 
  315       4.801447375015e-10       3.510909313910e-13       7.122154692452e-14 
  316       4.756284636728e-10       3.475298415580e-13       7.025683826334e-14 
  317       4.711229857097e-10       3.440173848320e-13       6.930560349658e-14 
  318       4.666296714231e-10       3.405527685356e-13       6.836748820217e-14 
  319       4.621498998258e-10       3.371351477512e-13       6.744212047081e-14 
  320       4.576850611305e-10       3.337636248045e-13       6.652911074105e-14 
  321       4.532365567469e-10       3.304372487475e-13       6.562805163426e-14 
  322       4.488057992787e-10       3.271550148426e-13       6.473851778956e-14 
  323       4.443942125216e-10       3.239158640455e-13       6.386006569887e-14 
  324       4.400032314605e-10       3.207186824890e-13       6.299223354185e-14 
  325       4.356343022666e-10       3.175623009659e-13       6.213454102093e-14 
  326       4.312888822950e-10       3.144454944132e-13       6.128648919627e-14 
  327       4.269684400822e-10       3.113669813947e-13       6.044756032071e-14 
  328       4.226744553434e-10       3.083254235849e-13       5.961721767485e-14 
  329       4.184084189698e-10       3.053194252527e-13       5.879490540193e-14 
  330       4.141718330259e-10       3.023475327439e-13       5.798004834289e-14 
  331       4.099662107472e-10       2.994082339657e-13       5.717205187133e-14 
  332       4.057929590363e-10       2.965002407773e-13       5.637041969510e-14 
  333       4.016530202941e-10       2.936233508320e-13       5.557511327630e-14 
  334       3.975472149534e-10       2.907776223345e-13       5.478620777299e-14 
  335       3.934763574409e-10       2.879630943162e-13       5.400377545052e-14 
  336       3.894412560467e-10       2.851797864258e-13       5.322788564457e-14 
  337       3.854427127945e-10       2.824276987201e-13       5.245860472411e-14 
  338       3.814815233110e-10       2.797068114540e-13       5.169599605452e-14 
  339       3.775584766962e-10       2.770170848716e-13       5.094011996056e-14 
  340       3.736743553930e-10       2.743584589962e-13       5.019103368942e-14 
  341       3.698299350568e-10       2.717308534209e-13       4.944879137373e-14 
  342       3.660259844261e-10       2.691341670994e-13       4.871344399463e-14 
  343       3.622632651917e-10       2.665682781361e-13       4.798503934475e-14 
  344       3.585425318665e-10       2.640330435768e-13       4.726362199128e-14 
  345       3.548645316559e-10       2.615282991993e-13       4.654923323898e-14 
  346       3.512300043272e-10       2.590538593038e-13       4.584191109321e-14 
  347       3.476396820796e-10       2.566095165032e-13       4.514169022296e-14 
  348       3.440942894140e-10       2.541950415140e-13       4.444860192388e-14 
  349       3.405945430029e-10       2.518101829465e-13       4.376267408131e-14 
  350       3.371411515603e-10       2.494546670954e-13       4.308393113332e-14 
  351       3.337348157111e-10       2.471281977302e-13       4.241239403373e-14 
  352       3.303762278619e-10       2.448304558860e-13       4.174808021512e-14 
  353       3.270660720698e-10       2.425610996536e-13       4.109100355189e-14 
  354       3.238050239128e-10       2.403197639704e-13       4.044117432329e-14 
  355       3.205937503598e-10       2.381060604106e-13       3.979859917641e-14 
  356       3.174329096399e-10       2.359195769757e-13       3.916328108926e-14 
  357       3.143231511128e-10       2.337598778852e-13       3.853521933376e-14 
  358       3.112651151382e-10       2.316265033671e-13       3.791440943879e-14 
  359       3.082594329461e-10       2.295189694482e-13       3.730084315323e-14 
  360       3.053067265060e-10       2.274367677447e-13       3.669450840895e-14 
  361       3.024076083976e-10       2.253793652528e-13       3.609538928388e-14 
  362       2.995626816799e-10       2.233462041389e-13       3.550346596501e-14 
  363       2.967725397614e-10       2.213367015306e-13       3.491871471145e-14 
  364       2.940377662700e-10       2.193502493067e-13       3.434110781742e-14 
  365       2.913589349226e-10       2.173862138880e-13       3.377061357531e-14 
  366       2.887366093952e-10       2.154439360278e-13       3.320719623871e-14 
  367       2.861713431926e-10       2.135227306021e-13       3.265081598543e-14 
  368       2.836636795181e-10       2.116218864005e-13       3.210142888050e-14 
  369       2.812141511439e-10       2.097406659165e-13       3.155898683927e-14 
  370       2.788232802802e-10       2.078783051379e-13       3.102343759037e-14 
  371       2.764915207358e-10       2.060341523169e-13       3.049473449006e-14 
  372       2.742190821698e-10       2.042080906917e-13       2.997286646395e-14 
  373       2.720060987123e-10       2.024001318829e-13       2.945782916354e-14 
  374       2.698526858746e-10       2.006102783177e-13       2.894961519230e-14 
  375       2.677589403685e-10       1.988385231415e-13       2.844821407727e-14 
  376       2.657249399264e-10       1.970848501292e-13       2.795361224066e-14 
  377       2.637507431205e-10       1.953492335963e-13       2.746579297144e-14 
  378       2.618363891830e-10       1.936316383106e-13       2.698473639694e-14 
  379       2.599818978252e-10       1.919320194033e-13       2.651041945444e-14 
  380       2.581872690575e-10       1.902503222803e-13       2.604281586277e-14 
  381       2.564524830092e-10       1.885864825338e-13       2.558189609390e-14 
  382       2.547774997477e-10       1.869404258534e-13       2.512762734455e-14 
  383       2.531622590986e-10       1.853120679375e-13       2.467997350773e-14 
  384       2.516066804654e-10       1.837013144049e-13       2.423889514444e-14 
  385       2.501106626486e-10       1.821080607056e-13       2.380434945514e-14 
  386       2.486740836661e-10       1.805321920327e-13       2.337629025145e-14 
  387       2.472968005724e-10       1.789735832333e-13       2.295466792769e-14 
  388       2.459786492783e-10       1.774320987203e-13       2.253942943248e-14 
  389       2.447194443709e-10       1.759075923832e-13       2.213051824034e-14 
  390       2.435189789329e-10       1.743999075000e-13       2.172787432331e-14 
  391       2.423770243624e-10       1.729088766481e-13       2.133143412249e-14 
  392       2.412933301926e-10       1.714343216158e-13       2.094113051969e-14 
  393       2.402676239116e-10       1.699760533138e-13       2.055689280899e-14 
  394       2.392996107816e-10       1.685338716863e-13       2.017864666836e-14 
  395       2.383889736592e-10       1.671075656224e-13       1.980631413123e-14 
  396       2.375353728146e-10       1.656969128676e-13       1.943981355810e-14 
  397       2.367384457515e-10       1.643016799350e-13       1.907905960813e-14 
  398       2.359978070266e-10       1.629216220165e-13       1.872396321074e-14 
  399       2.353130480695e-10       1.615564828946e-13       1.837443153720e-14 
  400       2.346837370021e-10       1.602059948532e-13       1.803036797224e-14 
  401       2.341094184587e-10       1.588698785894e-13       1.769167208561e-14 
  402       2.335896134049e-10       1.575478431244e-13       1.735823960371e-14 
  403       2.331238189582e-10       1.562395857154e-13       1.702996238117e-14 
  404       2.327115082069e-10       1.549447917662e-13       1.670672837244e-14 
  405       2.323521300303e-10       1.536631347395e-13       1.638842160341e-14 
  406       2.320451089181e-10       1.523942760672e-13       1.607492214297e-14 
  407       2.317898447901e-10       1.511378650625e-13       1.576610607462e-14 
  408       2.315857128159e-10       1.498935388310e-13       1.546184546809e-14 
  409       2.314320632346e-10       1.486609221821e-13       1.516200835088e-14 
  410       2.313282644349e-10       1.474396934361e-13       1.486647969303e-14 
  411       2.312738342451e-10       1.462297845962e-13       1.457522523806e-14 
  412       2.312683129387e-10       1.450311880924e-13       1.428822987700e-14 
  413       2.313112202453e-10       1.438438914838e-13       1.400547682609e-14 
  414       2.314020552010e-10       1.426678774177e-13       1.372694761332e-14 
  415       2.315402959985e-10       1.415031235872e-13       1.345262206501e-14 
  416       2.317253998383e-10       1.403496026895e-13       1.318247829236e-14 
  417       2.319568027782e-10       1.392072823848e-13       1.291649267801e-14 
  418       2.322339195848e-10       1.380761252536e-13       1.265463986260e-14 
  419       2.325561435831e-10       1.369560887559e-13       1.239689273131e-14 
  420       2.329228465077e-10       1.358471251889e-13       1.214322240047e-14 
  421       2.333333783527e-10       1.347491816453e-13       1.189359820406e-14 
  422       2.337870672225e-10       1.336621999719e-13       1.164798768030e-14 
  423       2.342832191821e-10       1.325861167275e-13       1.140635655820e-14 
  424       2.348211181080e-10       1.315208631414e-13       1.116866874413e-14 
  425       2.354000255380e-10       1.304663650716e-13       1.093488630837e-14 
  426       2.360191805222e-10       1.294225429630e-13       1.070496947166e-14 
  427       2.366777994732e-10       1.283893118059e-13       1.047887659179e-14 
  428       2.373750760167e-10       1.273665810940e-13       1.025656415011e-14 
  429       2.381101808421e-10       1.263542547826e-13       1.003798673814e-14 
  430       2.388822615526e-10       1.253522312474e-13       9.823097044092e-15 
  431       2.396904425162e-10       1.243604032420e-13       9.611845839453e-15 
  432       2.405338247156e-10       1.233786578570e-13       9.404181965528e-15 
  433       2.414114855991e-10       1.224068764775e-13       9.200052320004e-15 
  434       2.423224789309e-10       1.214449347419e-13       8.999401843510e-15 
  435       2.432658346417e-10       1.204927024999e-13       8.802173506179e-15 
  436       2.442405586791e-10       1.195500437709e-13       8.608308294198e-15 
  437       2.452456328578e-10       1.186168167022e-13       8.417745196377e-15 
  438       2.462800147107e-10       1.176928735273e-13       8.230421190702e-15 
  439       2.473426373389e-10       1.167780605242e-13       8.046271230894e-15 
  440       2.484324092622e-10       1.158722179736e-13       7.865228232970e-15 
  441       2.495482142698e-10       1.149751801171e-13       7.687223061801e-15 
  442       2.506889112706e-10       1.140867751156e-13       7.512184517672e-15 
  443       2.518533341438e-10       1.132068250077e-13       7.340039322840e-15 
  444       2.530402915890e-10       1.123351456676e-13       7.170712108090e-15 
  445       2.542485669775e-10       1.114715467637e-13       7.004125399302e-15 
  446       2.554769182019e-10       1.106158317166e-13       6.840199604000e-15 
  447       2.567240775270e-10       1.097677976576e-13       6.678852997919e-15 
  448       2.579887514403e-10       1.089272353870e-13       6.520001711559e-15 
  449       2.592697425761e-10       1.080939649837e-13       6.363575236760e-15 
  450       2.605663201383e-10       1.072679439894e-13       6.209563526358e-15 
  451       2.618778611738e-10       1.064491626443e-13       6.057971392686e-15 
  452       2.632037295059e-10       1.056376085317e-13       5.908803121140e-15 
  453       2.645432756571e-10       1.048332665571e-13       5.762062465953e-15 
  454       2.658958367721e-10       1.040361189279e-13       5.617752645975e-15 
  455       2.672607365406e-10       1.032461451326e-13       5.475876340446e-15 
  456       2.686372851207e-10       1.024633219206e-13       5.336435684776e-15 
  457       2.700247790615e-10       1.016876232811e-13       5.199432266319e-15 
  458       2.714225012263e-10       1.009190204232e-13       5.064867120148e-15 
  459       2.728297207153e-10       1.001574817548e-13       4.932740724836e-15 
  460       2.742456927890e-10       9.940297286243e-14       4.803052998230e-15 
  461       2.756696587907e-10       9.865545649031e-14       4.675803293225e-15 
  462       2.771008460699e-10       9.791489252013e-14       4.550990393546e-15 
  463       2.785384679051e-10       9.718123795033e-14       4.428612509519e-15 
  464       2.799817234266e-10       9.645444687557e-14       4.308667273850e-15 
  465       2.814297975398e-10       9.573447046620e-14       4.191151737403e-15 
  466       2.828818608480e-10       9.502125694764e-14       4.076062364973e-15 
  467       2.843370695755e-10       9.431475157988e-14       3.963395031066e-15 
  468       2.857945654902e-10       9.361489663692e-14       3.853145015672e-15 
  469       2.872534758272e-10       9.292163138617e-14       3.745307000044e-15 
  470       2.887129132112e-10       9.223489206793e-14       3.639875062473e-15 
  471       2.901719755799e-10       9.155461187484e-14       3.536842674067e-15 
  472       2.916297461067e-10       9.088072093128e-14       3.436202694523e-15 
  473       2.930852931237e-10       9.021314627284e-14       3.337947367908e-15 
  474       2.945376700449e-10       8.955181182578e-14       3.242068318432e-15 
  475       2.959859152891e-10       8.889663838643e-14       3.148556546228e-15 
  476       2.974290522025e-10       8.824754360068e-14       3.057402423124e-15 
  477       2.988660889822e-10       8.760444194336e-14       2.968595688423e-15 
  478       3.002960185990e-10       8.696724469776e-14       2.882125444680e-15 
  479       3.017178187203e-10       8.633585993502e-14       2.797980153474e-15 
  480       3.031304516330e-10       8.571019249358e-14       2.716147631189e-15 
  481       3.045328641668e-10       8.509014395863e-14       2.636615044789e-15 
  482       3.059239876168e-10       8.447561264156e-14       2.559368907593e-15 
  483       3.073027376668e-10       8.386649355938e-14       2.484395075054e-15 
  484       3.086680143120e-10       8.326267841420e-14       2.411678740534e-15 
  485       3.100187017822e-10       8.266405557262e-14       2.341204431079e-15 
  486       3.113536684647e-10       8.207051004522e-14       2.272956003200e-15 
  487       3.126717668272e-10       8.148192346598e-14       2.206916638643e-15 
  488       3.139719747472e-10       8.089819348678e-14       2.143068039211e-15 
  489       3.152538242906e-10       8.031929263854e-14       2.081387993384e-15 
  490       3.165169855607e-10       7.974521118387e-14       2.021852728851e-15 
  491       3.177611264417e-10       7.917593784991e-14       1.964437702297e-15 
  492       3.189859125925e-10       7.861145981754e-14       1.909117594779e-15 
  493       3.201910074411e-10       7.805176271056e-14       1.855866307099e-15 
  494       3.213760721782e-10       7.749683058491e-14       1.804656955176e-15 
  495       3.225407657520e-10       7.694664591787e-14       1.755461865422e-15 
  496       3.236847448616e-10       7.640118959727e-14       1.708252570116e-15 
  497       3.248076639515e-10       7.586044091070e-14       1.662999802774e-15 
  498       3.259091752055e-10       7.532437753472e-14       1.619673493528e-15 
  499       3.269889285408e-10       7.479297552403e-14       1.578242764494e-15 
  500       3.280465716024e-10       7.426620930073e-14       1.538675925152e-15 
  501       3.290817497565e-10       7.374405164349e-14       1.500940467713e-15 
  502       3.300941060854e-10       7.322647367675e-14       1.465003062497e-15 
  503       3.310832813809e-10       7.271344485997e-14       1.430829553308e-15 
  504       3.320489141389e-10       7.220493297678e-14       1.398384952802e-15 
  505       3.329906405531e-10       7.170090412422e-14       1.367633437866e-15 
  506       3.339080945093e-10       7.120132270194e-14       1.338538344989e-15 
  507       3.348009075796e-10       7.070615140140e-14       1.311062165638e-15 
  508       3.356687090159e-10       7.021535119508e-14       1.285166541626e-15 
  509       3.365111257450e-10       6.972888132570e-14       1.260812260495e-15 
  510       3.373277823615e-10       6.924669929539e-14       1.237959250882e-15 
  511       3.381183011230e-10       6.876876085493e-14       1.216566577894e-15 
  512       3.388823019433e-10       6.829501999293e-14       1.196592438486e-15 
  513       3.396194023870e-10       6.782542892506e-14       1.177994156828e-15 
  514       3.403292176634e-10       6.735993808324e-14       1.160728179686e-15 
  515       3.410113606208e-10       6.689849610485e-14       1.144750071788e-15 
  516       3.416654417402e-10       6.644104982195e-14       1.130014511205e-15 
  517       3.422910691297e-10       6.598754425044e-14       1.116475284719e-15 
  518       3.428878485184e-10       6.553792257932e-14       1.104085283201e-15 
  519       3.434553832507e-10       6.509212615989e-14       1.092796496982e-15 
  520       3.439932742802e-10       6.465009449490e-14       1.082560011226e-15 
  521       3.445011201639e-10       6.421176522782e-14       1.073326001307e-15 
  522       3.449785170560e-10       6.377707413201e-14       1.065043728181e-15 
  523       3.454250587026e-10       6.334595509995e-14       1.057661533756e-15 
  524       3.458403364352e-10       6.291834013243e-14       1.051126836274e-15 
  525       3.462239391649e-10       6.249415932774e-14       1.045386125677e-15 
  526       3.465754533767e-10       6.207334087092e-14       1.040384958984e-15 
  527       3.468945559597e-10       6.165582241072e-14       1.036077359826e-15 
  528       3.471812955282e-10       6.124158555803e-14       1.032454311820e-15 
  529       3.474358188579e-10       6.083062231887e-14       1.029516042934e-15 
  530       3.476582787863e-10       6.042292378691e-14       1.027262691932e-15 
  531       3.478488342467e-10       6.001848013755e-14       1.025694307803e-15 
  532       3.480076503028e-10       5.961728062211e-14       1.024810849188e-15 
  533       3.481348981822e-10       5.921931356187e-14       1.024612183812e-15 
  534       3.482307553111e-10       5.882456634224e-14       1.025098087914e-15 
  535       3.482954053481e-10       5.843302540686e-14       1.026268245671e-15 
  536       3.483290382182e-10       5.804467625169e-14       1.028122248636e-15 
  537       3.483318501472e-10       5.765950341917e-14       1.030659595158e-15 
  538       3.483040436959e-10       5.727749049232e-14       1.033879689818e-15 
  539       3.482458277939e-10       5.689862008885e-14       1.037781842854e-15 
  540       3.481574177737e-10       5.652287385527e-14       1.042365269596e-15 
  541       3.480390354054e-10       5.615023246104e-14       1.047629089887e-15 
  542       3.478909089300e-10       5.578067559265e-14       1.053572327521e-15 
  543       3.477132730942e-10       5.541418194776e-14       1.060193909664e-15 
  544       3.475063691843e-10       5.505072922931e-14       1.067492666292e-15 
  545       3.472704450600e-10       5.469029413962e-14       1.075467329612e-15 
  546       3.470057551891e-10       5.433285237456e-14       1.084116533497e-15 
  547       3.467125606811e-10       5.397837861758e-14       1.093438812914e-15 
  548       3.463911293219e-10       5.362684653393e-14       1.103432603350e-15 
  549       3.460417356071e-10       5.327822876468e-14       1.114096240247e-15 
  550       3.456646607770e-10       5.293249692090e-14       1.125427958427e-15 
  551       3.452601928501e-10       5.258962157777e-14       1.137425891523e-15 
  552       3.448286266575e-10       5.224957226865e-14       1.150088071407e-15 
  553       3.443702638771e-10       5.191231747927e-14       1.163412427622e-15 
  554       3.438854130673e-10       5.157782464178e-14       1.177396786807e-15 
  555       3.433743897017e-10       5.124606012892e-14       1.192038872132e-15 
  556       3.428375162027e-10       5.091698924808e-14       1.207336302722e-15 
  557       3.422751219762e-10       5.059057623548e-14       1.223286593088e-15 
  558       3.416875434449e-10       5.026678425024e-14       1.239887152559e-15 
  559       3.410751240834e-10       4.994557536851e-14       1.257135284707e-15 
  560       3.404382144513e-10       4.962691057761e-14       1.275028186780e-15 
  561       3.397771722284e-10       4.931074977010e-14       1.293562949129e-15 
  562       3.390923622479e-10       4.899705173794e-14       1.312736554638e-15 
  563       3.383841565310e-10       4.868577416659e-14       1.332545878153e-15 
  564       3.376529343210e-10       4.837687362913e-14       1.352987685911e-15 
  565       3.368990821171e-10       4.807030558036e-14       1.374058634972e-15 
  566       3.361230032463e-10       4.776603114904e-14       1.395753552813e-15 
  567       3.353251467787e-10       4.746403771844e-14       1.418060228644e-15 
  568       3.345059794230e-10       4.716431886363e-14       1.440964486966e-15 
  569       3.336659760945e-10       4.686686759797e-14       1.464451894066e-15 
  570       3.328056199527e-10       4.657167636974e-14       1.488507756803e-15 
  571       3.319254024388e-10       4.627873705883e-14       1.513117121396e-15 
  572       3.310258233135e-10       4.598804097337e-14       1.538264772209e-15 
  573       3.301073906947e-10       4.569957884642e-14       1.563935230535e-15 
  574       3.291706210953e-10       4.541334083258e-14       1.590112753387e-15 
  575       3.282160394605e-10       4.512931650471e-14       1.616781332281e-15 
  576       3.272441792061e-10       4.484749485057e-14       1.643924692022e-15 
  577       3.262555822557e-10       4.456786426942e-14       1.671526289492e-15 
  578       3.252507990785e-10       4.429041256878e-14       1.699569312435e-15 
  579       3.242303887270e-10       4.401512696101e-14       1.728036678243e-15 
  580       3.231949188748e-10       4.374199405999e-14       1.756911032745e-15 
  581       3.221449658543e-10       4.347099987780e-14       1.786174748988e-15 
  582       3.210811146940e-10       4.320212982135e-14       1.815809926028e-15 
  583       3.200039591567e-10       4.293536868906e-14       1.845798387713e-15 
  584       3.189141017771e-10       4.267070066751e-14       1.876121681474e-15 
  585       3.178121538990e-10       4.240810932809e-14       1.906761077104e-15 
  586       3.166987357137e-10       4.214757762367e-14       1.937697565549e-15 
  587       3.155744762970e-10       4.188908788528e-14       1.968911857696e-15 
  588       3.144400136476e-10       4.163262181872e-14       2.000384383154e-15 
  589       3.132959947242e-10       4.137816050124e-14       2.032095289042e-15 
  590       3.121430754833e-10       4.112568437824e-14       2.064024438779e-15 
  591       3.109819209173e-10       4.087517325985e-14       2.096151410865e-15 
  592       3.098132050917e-10       4.062660631766e-14       2.128455497670e-15 
  593       3.086376111828e-10       4.037996208133e-14       2.160915704220e-15 
  594       3.074558315160e-10       4.013521843530e-14       2.193510746981e-15 
  595       3.062685676028e-10       3.989235261537e-14       2.226219052651e-15 
  596       3.050765301785e-10       3.965134120546e-14       2.259018756939e-15 
  597       3.038804392406e-10       3.941216013418e-14       2.291887703355e-15 
  598       3.026810240857e-10       3.917478467153e-14       2.324803441997e-15 
  599       3.014790233477e-10       3.893918942557e-14       2.357743228335e-15 
  600       3.002751850350e-10       3.870534833904e-14       2.390684021998e-15 
  601       2.990702665689e-10       3.847323468605e-14       2.423602485562e-15 
  602       2.978650348205e-10       3.824282106874e-14       2.456474983334e-15 
  603       2.966602661489e-10       3.801407941392e-14       2.489277580137e-15 
  604       2.954567464389e-10       3.778698096974e-14       2.521986040100e-15 
  605       2.942552088263e-10       3.756150055099e-14       2.554580167929e-15 
  606       2.930561451516e-10       3.733762939409e-14       2.587056949988e-15 
  607       2.918599900411e-10       3.711536260506e-14       2.619417727251e-15 
  608       2.906671828250e-10       3.689469493691e-14       2.651663881654e-15 
  609       2.894781675546e-10       3.667562078769e-14       2.683796836309e-15 
  610       2.882933930201e-10       3.645813419858e-14       2.715818055712e-15 
  611       2.871133127673e-10       3.624222885190e-14       2.747729045945e-15 
  612       2.859383851153e-10       3.602789806915e-14       2.779531354887e-15 
  613       2.847690731736e-10       3.581513480912e-14       2.811226572424e-15 
  614       2.836058448595e-10       3.560393166587e-14       2.842816330651e-15 
  615       2.824491729152e-10       3.539428086681e-14       2.874302304085e-15 
  616       2.812995349256e-10       3.518617427077e-14       2.905686209866e-15 
  617       2.801574133347e-10       3.497960336602e-14       2.936969807973e-15 
  618       2.790232954639e-10       3.477455926831e-14       2.968154901425e-15 
  619       2.778976735286e-10       3.457103271896e-14       2.999243336490e-15 
  620       2.767810446556e-10       3.436901408287e-14       3.030237002894e-15 
  621       2.756739109009e-10       3.416849334661e-14       3.061137834027e-15 
  622       2.745767792661e-10       3.396946011642e-14       3.091947807152e-15 
  623       2.734901617165e-10       3.377190361629e-14       3.122668943611e-15 
  624       2.724145751982e-10       3.357581268602e-14       3.153303309034e-15 
  625       2.713505416549e-10       3.338117577924e-14       3.183853013545e-15 
  626       2.702985880459e-10       3.318798096148e-14       3.214320211972e-15 
  627       2.692592463629e-10       3.299621590822e-14       3.244707104050e-15 
  628       2.682330536476e-10       3.280586790290e-14       3.275015934635e-15 
  629       2.672205520088e-10       3.261692383505e-14       3.305248993905e-15 
  630       2.662222886396e-10       3.242937019825e-14       3.335408617571e-15 
  631       2.652388158351e-10       3.224319308825e-14       3.365497187086e-15 
  632       2.642706910092e-10       3.205837820097e-14       3.395517129849e-15 
  633       2.633184767124e-10       3.187491083058e-14       3.425470919415e-15 
  634       2.623827406486e-10       3.169277586755e-14       3.455361075700e-15 
  635       2.614640556927e-10       3.151195779667e-14       3.485190165192e-15 
  636       2.605629999078e-10       3.133244069512e-14       3.514960801157e-15 
  637       2.596801565625e-10       3.115420823052e-14       3.544675643844e-15 
  638       2.588161141483e-10       3.097724365899e-14       3.574337400698e-15 
  639       2.579714663967e-10       3.080152982318e-14       3.603948826562e-15 
  640       2.571468122966e-10       3.062704915032e-14       3.633512723888e-15 
  641       2.563427561115e-10       3.045378365027e-14       3.663031942942e-15 
  642       2.555599073971e-10       3.028171491359e-14       3.692509382016e-15 
  643       2.547988810183e-10       3.011082410957e-14       3.721947987630e-15 
  644       2.540602118469e-10       2.994109466211e-14       3.751348968396e-15 
  645       2.533440967014e-10       2.977252034775e-14       3.780706391804e-15 
  646       2.526506466018e-10       2.960509737703e-14       3.810012465568e-15 
  647       2.519799715525e-10       2.943882173211e-14       3.839259312598e-15 
  648       2.513321805354e-10       2.927368916558e-14       3.868438970690e-15 
  649       2.507073815026e-10       2.910969519927e-14       3.897543392215e-15 
  650       2.501056813685e-10       2.894683512309e-14       3.926564443816e-15 
  651       2.495271860032e-10       2.878510399384e-14       3.955493906094e-15 
  652       2.489720002246e-10       2.862449663405e-14       3.984323473303e-15 
  653       2.484402277910e-10       2.846500763079e-14       4.013044753040e-15 
  654       2.479319713943e-10       2.830663133449e-14       4.041649265935e-15 
  655       2.474473326520e-10       2.814936185778e-14       4.070128445347e-15 
  656       2.469864121004e-10       2.799319307428e-14       4.098473637052e-15 
  657       2.465493091868e-10       2.783811861748e-14       4.126676098934e-15 
  658       2.461361222624e-10       2.768413187951e-14       4.154727000677e-15 
  659       2.457469485748e-10       2.753122600996e-14       4.182617423461e-15 
  660       2.453818842609e-10       2.737939391477e-14       4.210338359645e-15 
  661       2.450410243391e-10       2.722862825498e-14       4.237880712466e-15 
  662       2.447244627025e-10       2.707892144557e-14       4.265235295727e-15 
  663       2.444322921110e-10       2.693026565432e-14       4.292392833489e-15 
  664       2.441646041845e-10       2.678265280059e-14       4.319343959761e-15 
  665       2.439214893950e-10       2.663607455417e-14       4.346079218195e-15 
  666       2.437030370596e-10       2.649052233409e-14       4.372589061775e-15 
  667       2.435093353331e-10       2.634598730744e-14       4.398863852509e-15 
  668       2.433404712004e-10       2.620246038821e-14       4.424893861121e-15 
  669       2.431965304695e-10       2.605993223609e-14       4.450669266739e-15 
  670       2.430775977639e-10       2.591839325531e-14       4.476180156594e-15 
  671       2.429837565154e-10       2.577783359346e-14       4.501416525703e-15 
  672       2.429150889566e-10       2.563824314031e-14       4.526368276566e-15 
  673       2.428716761138e-10       2.549961152665e-14       4.551025218857e-15 
  674       2.428535977991e-10       2.536192812306e-14       4.575377069111e-15 
  675       2.428609326037e-10       2.522518203882e-14       4.599413450423e-15 
  676       2.428937578903e-10       2.508936212064e-14       4.623123892132e-15 
  677       2.429521497854e-10       2.495445695154e-14       4.646497829518e-15 
  678       2.430361831725e-10       2.482045484968e-14       4.669524603489e-15 
  679       2.431459316844e-10       2.468734386714e-14       4.692193460276e-15 
  680       2.432814676960e-10       2.455511178878e-14       4.714493551125e-15 
  681       2.434428623168e-10       2.442374613103e-14       4.736413931982e-15 
  682       2.436301853837e-10       2.429323414075e-14       4.757943563195e-15 
  683       2.438434511523e-10       2.416356456248e-14       4.779073253158e-15 
  684       2.440824541135e-10       2.403473298401e-14       4.799801535444e-15 
  685       2.443469296581e-10       2.390673660258e-14       4.820128916516e-15 
  686       2.446366080386e-10       2.377957246607e-14       4.840055943317e-15 
  687       2.449512143488e-10       2.365323747224e-14       4.859583203461e-15 
  688       2.452904685019e-10       2.352772836805e-14       4.878711325422e-15 
  689       2.456540852095e-10       2.340304174890e-14       4.897440978726e-15 
  690       2.460417739600e-10       2.327917405793e-14       4.915772874143e-15 
  691       2.464532389975e-10       2.315612158528e-14       4.933707763875e-15 
  692       2.468881793008e-10       2.303388046740e-14       4.951246441748e-15 
  693       2.473462885613e-10       2.291244668628e-14       4.968389743406e-15 
  694       2.478272551625e-10       2.279181606876e-14       4.985138546495e-15 
  695       2.483307621583e-10       2.267198428580e-14       5.001493770860e-15 
  696       2.488564872516e-10       2.255294685176e-14       5.017456378734e-15 
  697       2.494041027735e-10       2.243469912367e-14       5.033027374927e-15 
  698       2.499732756613e-10       2.231723630051e-14       5.048207807019e-15 
  699       2.505636674378e-10       2.220055342250e-14       5.062998765550e-15 
  700       2.511749341896e-10       2.208464537036e-14       5.077401384211e-15 
  701       2.518067265462e-10       2.196950686457e-14       5.091416840033e-15 
  702       2.524586896581e-10       2.185513246471e-14       5.105046353581e-15 
  703       2.531304631761e-10       2.174151656866e-14       5.118291189144e-15 
  704       2.538216812297e-10       2.162865341196e-14       5.131152654924e-15 
  705       2.545319724059e-10       2.151653706699e-14       5.143632103228e-15 
  706       2.552609597277e-10       2.140516144234e-14       5.155730930658e-15 
  707       2.560082606330e-10       2.129452028204e-14       5.167450578305e-15 
  708       2.567734869533e-10       2.118460716482e-14       5.178792531934e-15 
  709       2.575562448923e-10       2.107541550344e-14       5.189758322180e-15 
  710       2.583561350045e-10       2.096693854393e-14       5.200349524738e-15 
  711       2.591727521743e-10       2.085916936486e-14       5.210567760551e-15 
  712       2.600056855943e-10       2.075210087667e-14       5.220414696003e-15 
  713       2.608545187441e-10       2.064572582088e-14       5.229892043111e-15 
  714       2.617188293689e-10       2.054003676941e-14       5.239001559711e-15 
  715       2.625981894586e-10       2.043502612384e-14       5.247745049655e-15 
  716       2.634921652260e-10       2.033068611470e-14       5.256124362999e-15 
  717       2.644003170859e-10       2.022700880074e-14       5.264141396190e-15 
  718       2.653221996334e-10       2.012398606820e-14       5.271798092266e-15 
  719       2.662573616230e-10       2.002160963011e-14       5.279096441037e-15 
  720       2.672053459471e-10       1.991987102553e-14       5.286038479281e-15 
  721       2.681656896145e-10       1.981876161886e-14       5.292626290935e-15 
  722       2.691379287507e-10       1.971827375576e-14       5.298861936593e-15 
  723       2.701216137514e-10       1.961840425791e-14       5.304747240049e-15 
  724       2.711162943925e-10       1.951915099740e-14       5.310283997822e-15 
  725       2.721215148169e-10       1.942051174604e-14       5.315474049628e-15 
  726       2.731368135142e-10       1.932248417487e-14       5.320319278557e-15 
  727       2.741617233005e-10       1.922506585374e-14       5.324821611247e-15 
  728       2.751957712982e-10       1.912825425083e-14       5.328983018058e-15 
  729       2.762384789160e-10       1.903204673220e-14       5.332805513247e-15 
  730       2.772893618288e-10       1.893644056132e-14       5.336291155143e-15 
  731       2.783479299573e-10       1.884143289865e-14       5.339442046320e-15 
  732       2.794136874481e-10       1.874702080113e-14       5.342260333773e-15 
  733       2.804861326534e-10       1.865320122179e-14       5.344748209094e-15 
  734       2.815647581109e-10       1.855997100921e-14       5.346907908641e-15 
  735       2.826490505238e-10       1.846732690714e-14       5.348741713721e-15 
  736       2.837384907402e-10       1.837526555401e-14       5.350251950755e-15 
  737       2.848325537335e-10       1.828378348246e-14       5.351440991462e-15 
  738       2.859307085819e-10       1.819287711892e-14       5.352311253026e-15 
  739       2.870324184485e-10       1.810254278310e-14       5.352865198275e-15 
  740       2.881371405609e-10       1.801277668759e-14       5.353105335853e-15 
  741       2.892443261912e-10       1.792357493737e-14       5.353034220397e-15 
  742       2.903534206358e-10       1.783493352937e-14       5.352654452710e-15 
  743       2.914638631952e-10       1.774684835199e-14       5.351968679934e-15 
  744       2.925750871541e-10       1.765931518466e-14       5.350979595730e-15 
  745       2.936865197609e-10       1.757232969739e-14       5.349689940445e-15 
  746       2.947975822079e-10       1.748588745029e-14       5.348102501294e-15 
  747       2.959076896108e-10       1.739998389314e-14       5.346220112529e-15 
  748       2.970162509888e-10       1.731461436492e-14       5.344045655615e-15 
  749       2.981226692444e-10       1.722977409334e-14       5.341582059409e-15 
  750       2.992263411433e-10       1.714545819441e-14       5.338832300326e-15 
  751       3.003266572940e-10       1.706166167197e-14       5.335799402522e-15 
  752       3.014230021281e-10       1.697837941723e-14       5.332486438063e-15 
  753       3.025147538796e-10       1.689560620830e-14       5.328896527103e-15 
  754       3.036012845652e-10       1.681333670978e-14       5.325032838054e-15 
  755       3.046819599640e-10       1.673156547225e-14       5.320898587768e-15 
  756       3.057561395973e-10       1.665028693185e-14       5.316497041703e-15 
  757       3.068231767086e-10       1.656949540980e-14       5.311831514105e-15 
  758       3.078824182432e-10       1.648918511195e-14       5.306905368177e-15 
  759       3.089332048282e-10       1.640935012834e-14       5.301722016258e-15 
  760       3.099748707525e-10       1.632998443272e-14       5.296284919993e-15 
  761       3.110068001171e-10       1.625108267028e-14       5.290596794479e-15 
  762       3.120285965073e-10       1.617264253836e-14       5.284657203596e-15 
  763       3.130399165335e-10       1.609466245045e-14       5.278464918927e-15 
  764       3.140404139461e-10       1.601714075192e-14       5.272018711618e-15 
  765       3.150297396275e-10       1.594007571963e-14       5.265317352393e-15 
  766       3.160075415831e-10       1.586346556173e-14       5.258359611560e-15 
  767       3.169734649332e-10       1.578730841729e-14       5.251144259025e-15 
  768       3.179271519043e-10       1.571160235607e-14       5.243670064298e-15 
  769       3.188682418204e-10       1.563634537819e-14       5.235935796506e-15 
  770       3.197963710947e-10       1.556153541381e-14       5.227940224401e-15 
  771       3.207111732212e-10       1.548717032292e-14       5.219682116369e-15 
  772       3.216122787657e-10       1.541324789496e-14       5.211160240442e-15 
  773       3.224993153579e-10       1.533976584858e-14       5.202373364307e-15 
  774       3.233719076821e-10       1.526672183130e-14       5.193320255315e-15 
  775       3.242296774697e-10       1.519411341929e-14       5.183999680491e-15 
  776       3.250722434895e-10       1.512193811699e-14       5.174410406547e-15 
  777       3.258992215403e-10       1.505019335688e-14       5.164551199886e-15 
  778       3.267102244414e-10       1.497887649915e-14       5.154420826616e-15 
  779       3.275048620249e-10       1.490798483143e-14       5.144018052561e-15 
  780       3.282827411265e-10       1.483751556848e-14       5.133341643265e-15 
  781       3.290434655775e-10       1.476746585191e-14       5.122390364009e-15 
  782       3.297866361959e-10       1.469783274986e-14       5.111162979814e-15 
  783       3.305118507782e-10       1.462861325675e-14       5.099658255458e-15 
  784       3.312187040905e-10       1.455980429294e-14       5.087874955479e-15 
  785       3.319067878602e-10       1.449140270447e-14       5.075811844188e-15 
  786       3.325756907677e-10       1.442340526275e-14       5.063467685680e-15 
  787       3.332249984374e-10       1.435580866427e-14       5.050841243843e-15 
  788       3.338542934295e-10       1.428860953031e-14       5.037931282365e-15 
  789       3.344631552312e-10       1.422180440664e-14       5.024736564749e-15 
  790       3.350511602487e-10       1.415538976323e-14       5.011255854317e-15 
  791       3.356178817980e-10       1.408936199394e-14       4.997487914226e-15 
  792       3.361628900970e-10       1.402371741628e-14       4.983431507472e-15 
  793       3.366857522564e-10       1.395845227104e-14       4.969085396904e-15 
  794       3.371860322717e-10       1.389356272205e-14       4.954448345232e-15 
  795       3.376632910143e-10       1.382904485587e-14       4.939519115037e-15 
  796       3.381170862232e-10       1.376489468151e-14       4.924296468783e-15 
  797       3.385469724962e-10       1.370110813009e-14       4.908779168821e-15 
  798       3.389525012819e-10       1.363768105461e-14       4.892965977405e-15 
  799       3.393332208706e-10       1.357460922961e-14       4.876855656701e-15 
  800       3.396887459707e-10       1.351188888895e-14       4.860448289495e-15 
  801       3.400189678460e-10       1.344951835035e-14       4.843749267736e-15 
  802       3.403238479946e-10       1.338749641990e-14       4.826765376761e-15 
  803       3.406033489156e-10       1.332582185647e-14       4.809503481450e-15 
  804       3.408574341136e-10       1.326449337157e-14       4.791970526476e-15 
  805       3.410860681037e-10       1.320350962911e-14       4.774173536565e-15 
  806       3.412892164155e-10       1.314286924524e-14       4.756119616754e-15 
  807       3.414668455978e-10       1.308257078813e-14       4.737815952646e-15 
  808       3.416189232233e-10       1.302261277780e-14       4.719269810667e-15 
  809       3.417454178927e-10       1.296299368591e-14       4.700488538326e-15 
  810       3.418462992394e-10       1.290371193557e-14       4.681479564470e-15 
  811       3.419215379341e-10       1.284476590117e-14       4.662250399542e-15 
  812       3.419711056894e-10       1.278615390814e-14       4.642808635836e-15 
  813       3.419949752638e-10       1.272787423282e-14       4.623161947758e-15 
  814       3.419931204667e-10       1.266992510221e-14       4.603318092080e-15 
  815       3.419655161628e-10       1.261230469379e-14       4.583284908198e-15 
  816       3.419121382766e-10       1.255501113537e-14       4.563070318389e-15 
  817       3.418329637966e-10       1.249804250483e-14       4.542682328072e-15 
  818       3.417279707804e-10       1.244139682998e-14       4.522129026056e-15 
  819       3.415971383586e-10       1.238507208834e-14       4.501418584807e-15 
  820       3.414404467398e-10       1.232906620696e-14       4.480559260700e-15 
  821       3.412578772148e-10       1.227337706222e-14       4.459559394277e-15 
  822       3.410494121611e-10       1.221800247964e-14       4.438427410504e-15 
  823       3.408150350476e-10       1.216294023369e-14       4.417171819029e-15 
  824       3.405547304390e-10       1.210818804757e-14       4.395801214437e-15 
  825       3.402684840004e-10       1.205374359307e-14       4.374324276512e-15 
  826       3.399562825015e-10       1.199960449034e-14       4.352749770489e-15 
  827       3.396181138216e-10       1.194576830770e-14       4.331086547312e-15 
  828       3.392539669537e-10       1.189223256144e-14       4.309343543894e-15 
  829       3.388638320090e-10       1.183899471567e-14       4.287529783371e-15 
  830       3.384477002218e-10       1.178605218205e-14       4.265654375363e-15 
  831       3.380055639537e-10       1.173340231969e-14       4.243726516227e-15 
  832       3.375374166980e-10       1.168104243488e-14       4.221755489315e-15 
  833       3.370432530845e-10       1.162896978094e-14       4.199750665234e-15 
  834       3.365230688840e-10       1.157718155801e-14       4.177721502100e-15 
  835       3.359768610123e-10       1.152567491285e-14       4.155677545796e-15 
  836       3.354046275355e-10       1.147444693868e-14       4.133628430231e-15 
  837       3.348063676739e-10       1.142349467495e-14       4.111583877595e-15 
  838       3.341820818066e-10       1.137281510716e-14       4.089553698616e-15 
  839       3.335318145571e-10       1.132240554103e-14       4.067545673533e-15 
  840       3.328557848602e-10       1.127226473239e-14       4.045559154081e-15 
  841       3.321542581668e-10       1.122239177657e-14       4.023591350716e-15 
  842       3.314275035795e-10       1.117278573569e-14       4.001639441706e-15 
  843       3.306757938646e-10       1.112344563850e-14       3.979700573036e-15 
  844       3.298994054640e-10       1.107437048030e-14       3.957771858296e-15 
  845       3.290986185069e-10       1.102555922278e-14       3.935850378583e-15 
  846       3.282737168220e-10       1.097701079390e-14       3.913933182394e-15 
  847       3.274249879489e-10       1.092872408775e-14       3.892017285523e-15 
  848       3.265527231501e-10       1.088069796446e-14       3.870099670959e-15 
  849       3.256572174230e-10       1.083293125000e-14       3.848177288780e-15 
  850       3.247387695116e-10       1.078542273614e-14       3.826247056051e-15 
  851       3.237976819182e-10       1.073817118023e-14       3.804305856718e-15 
  852       3.228342609157e-10       1.069117530514e-14       3.782350541510e-15 
  853       3.218488165589e-10       1.064443379909e-14       3.760377927826e-15 
  854       3.208416626965e-10       1.059794531555e-14       3.738384799640e-15 
  855       3.198131169834e-10       1.055170847309e-14       3.716367907392e-15 
  856       3.187635008919e-10       1.050572185525e-14       3.694323967889e-15 
  857       3.176931397238e-10       1.045998401043e-14       3.672249664196e-15 
  858       3.166023626223e-10       1.041449345174e-14       3.650141645534e-15 
  859       3.154915025839e-10       1.036924865688e-14       3.627996527179e-15 
  860       3.143608964700e-10       1.032424806803e-14       3.605810890356e-15 
  861       3.132108850189e-10       1.027949009167e-14       3.583581282135e-15 
  862       3.120418128578e-10       1.023497309850e-14       3.561304215330e-15 
  863       3.108540285141e-10       1.019069542329e-14       3.538976168389e-15 
  864       3.096478844279e-10       1.014665536476e-14       3.516593585300e-15 
  865       3.084237369635e-10       1.010285118544e-14       3.494152875478e-15 
  866       3.071819464212e-10       1.005928111154e-14       3.471650413666e-15 
  867       3.059228770494e-10       1.001594333282e-14       3.449082539831e-15 
  868       3.046468970560e-10       9.972836002499e-15       3.426445559060e-15 
  869       3.033543786209e-10       9.929957237059e-15       3.403735741457e-15 
  870       3.020456979070e-10       9.887305116167e-15       3.380949322036e-15 
  871       3.007212350728e-10       9.844877682528e-15       3.358082500621e-15 
  872       2.993813742839e-10       9.802672941754e-15       3.335131441741e-15 
  873       2.980265037250e-10       9.760688862242e-15       3.312092274528e-15 
  874       2.966570156112e-10       9.718923375038e-15       3.288961092608e-15 
  875       2.952733062008e-10       9.677374373713e-15       3.265733954004e-15 
  876       2.938757758062e-10       9.636039714229e-15       3.242406881028e-15 
  877       2.924648288064e-10       9.594917214815e-15       3.218975860179e-15 
  878       2.910408696200e-10       9.554004919378e-15       3.195438222135e-15 
  879       2.896042905282e-10       9.513301892813e-15       3.171796807094e-15 
  880       2.881554836729e-10       9.472807438662e-15       3.148055868484e-15 
  881       2.866948450882e-10       9.432520836682e-15       3.124219699252e-15 
  882       2.852227747112e-10       9.392441342750e-15       3.100292631983e-15 
  883       2.837396763937e-10       9.352568188785e-15       3.076279039001e-15 
  884       2.822459579131e-10       9.312900582650e-15       3.052183332487e-15 
  885       2.807420309839e-10       9.273437708070e-15       3.028009964585e-15 
  886       2.792283112685e-10       9.234178724542e-15       3.003763427518e-15 
  887       2.777052183887e-10       9.195122767245e-15       2.979448253694e-15 
  888       2.761731759369e-10       9.156268946956e-15       2.955069015820e-15 
  889       2.746326114872e-10       9.117616349957e-15       2.930630327010e-15 
  890       2.730839566069e-10       9.079164037950e-15       2.906136840900e-15 
  891       2.715276468673e-10       9.040911047968e-15       2.881593251755e-15 
  892       2.699641218550e-10       9.002856392285e-15       2.857004294584e-15 
  893       2.683938251836e-10       8.964999058333e-15       2.832374745246e-15 
  894       2.668172045042e-10       8.927338008605e-15       2.807709420563e-15 
  895       2.652347115171e-10       8.889872180577e-15       2.783013178434e-15 
  896       2.636468019829e-10       8.852600486612e-15       2.758290917940e-15 
  897       2.620539357336e-10       8.815521813874e-15       2.733547579460e-15 
  898       2.604565766839e-10       8.778635024243e-15       2.708788144780e-15 
  899       2.588551928425e-10       8.741938954221e-15       2.684017637202e-15 
  900       2.572502563232e-10       8.705432414850e-15       2.659241121658e-15 
  901       2.556422433560e-10       8.669114191619e-15       2.634463704819e-15 
  902       2.540316342987e-10       8.632983044376e-15       2.609690535209e-15 
  903       2.524189136476e-10       8.597037707245e-15       2.584926803308e-15 
  904       2.508045700493e-10       8.561276888531e-15       2.560177741674e-15 
  905       2.491890963112e-10       8.525699270637e-15       2.535448625045e-15 
  906       2.475729894135e-10       8.490303509971e-15       2.510744770453e-15 
  907       2.459567505197e-10       8.455088236863e-15       2.486071537336e-15 
  908       2.443408849884e-10       8.420052055474e-15       2.461434327648e-15 
  909       2.427259023841e-10       8.385193543707e-15       2.436838585969e-15 
  910       2.411123164887e-10       8.350511253119e-15       2.412289799616e-15 
  911       2.395006453123e-10       8.316003708836e-15       2.387793498757e-15 
  912       2.378914111051e-10       8.281669409461e-15       2.363355256516e-15 
  913       2.362851403678e-10       8.247506826988e-15       2.338980689090e-15 
  914       2.346823638636e-10       8.213514406711e-15       2.314675455856e-15 
  915       2.330836166287e-10       8.179690567141e-15       2.290445259484e-15 
  916       2.314894379840e-10       8.146033699911e-15       2.266295846046e-15 
  917       2.299003283508e-10       8.112542360832e-15       2.242232412151e-15 
  918       2.283166189210e-10       8.079215846550e-15       2.218257815782e-15 
  919       2.267385999339e-10       8.046053626892e-15       2.194374337189e-15 
  920       2.251665636885e-10       8.013055154503e-15       2.170584269310e-15 
  921       2.236008045486e-10       7.980219864782e-15       2.146889917801e-15 
  922       2.220416189479e-10       7.947547175822e-15       2.123293601058e-15 
  923       2.204893053950e-10       7.915036488349e-15       2.099797650246e-15 
  924       2.189441644782e-10       7.882687185660e-15       2.076404409325e-15 
  925       2.174064988712e-10       7.850498633566e-15       2.053116235075e-15 
  926       2.158766133376e-10       7.818470180325e-15       2.029935497124e-15 
  927       2.143548147359e-10       7.786601156587e-15       2.006864577972e-15 
  928       2.128414120253e-10       7.754890875327e-15       1.983905873021e-15 
  929       2.113367162697e-10       7.723338631790e-15       1.961061790599e-15 
  930       2.098410406436e-10       7.691943703426e-15       1.938334751986e-15 
  931       2.083547004369e-10       7.660705349831e-15       1.915727191441e-15 
  932       2.068780130597e-10       7.629622812685e-15       1.893241556230e-15 
  933       2.054112980477e-10       7.598695315690e-15       1.870880306650e-15 
  934       2.039548770671e-10       7.567922064514e-15       1.848645916055e-15 
  935       2.025090739197e-10       7.537302246722e-15       1.826540870884e-15 
  936       2.010742145478e-10       7.506835031724e-15       1.804567670690e-15 
  937       1.996506270396e-10       7.476519570706e-15       1.782728828158e-15 
  938       1.982386416339e-10       7.446354996575e-15       1.761026869142e-15 
  939       1.968385907255e-10       7.416340423894e-15       1.739464332682e-15 
  940       1.954508088697e-10       7.386474948822e-15       1.718043771036e-15 
  941       1.940756327880e-10       7.356757649057e-15       1.696767749705e-15 
  942       1.927134013729e-10       7.327187583769e-15       1.675638847459e-15 
  943       1.913644556928e-10       7.297763793542e-15       1.654659656362e-15 
  944       1.900291389972e-10       7.268485300314e-15       1.633832781803e-15 
  945       1.887077967219e-10       7.239351107314e-15       1.613160842517e-15 
  946       1.874007764936e-10       7.210360199001e-15       1.592646470612e-15 
  947       1.861084281356e-10       7.181511541007e-15       1.572292311601e-15 
  948       1.848311036722e-10       7.152804080069e-15       1.552101024421e-15 
  949       1.835691573344e-10       7.124236743975e-15       1.532075281465e-15 
  950       1.823229455643e-10       7.095808441498e-15       1.512217768604e-15 
  951       1.810928270207e-10       7.067518062339e-15       1.492531185216e-15 
  952       1.798791625838e-10       7.039364477063e-15       1.473018244212e-15 
  953       1.786823153606e-10       7.011346537039e-15       1.453681672063e-15 
  954       1.775026506896e-10       6.983463074380e-15       1.434524208825e-15 
  955       1.763405361460e-10       6.955712901880e-15       1.415548608164e-15 
  956       1.751962876234e-10       6.928094948144e-15       1.396756745541e-15 
  957       1.740700066666e-10       6.900608665352e-15       1.378146927772e-15 
  958       1.729617406635e-10       6.873253627604e-15       1.359716542417e-15 
  959       1.718715365419e-10       6.846029396248e-15       1.341462945813e-15 
  960       1.707994407671e-10       6.818935519843e-15       1.323383462979e-15 
  961       1.697454993399e-10       6.791971534108e-15       1.305475387528e-15 
  962       1.687097577948e-10       6.765136961888e-15       1.287735981576e-15 
  963       1.676922611975e-10       6.738431313104e-15       1.270162475652e-15 
  964       1.666930541435e-10       6.711854084710e-15       1.252752068605e-15 
  965       1.657121807557e-10       6.685404760653e-15       1.235501927517e-15 
  966       1.647496846825e-10       6.659082811830e-15       1.218409187609e-15 
  967       1.638056090956e-10       6.632887696040e-15       1.201470952152e-15 
  968       1.628799966883e-10       6.606818857946e-15       1.184684292377e-15 
  969       1.619728896733e-10       6.580875729029e-15       1.168046247381e-15 
  970       1.610843297807e-10       6.555057727544e-15       1.151553824043e-15 
  971       1.602143582560e-10       6.529364258480e-15       1.135203996926e-15 
  972       1.593630158580e-10       6.503794713515e-15       1.118993708191e-15 
  973       1.585303428569e-10       6.478348470971e-15       1.102919867505e-15 
  974       1.577163790324e-10       6.453024895774e-15       1.086979351951e-15 
  975       1.569211636712e-10       6.427823339408e-15       1.071169005935e-15 
  976       1.561447355655e-10       6.402743139873e-15       1.055485641101e-15 
  977       1.553871330110e-10       6.377783621643e-15       1.039926036232e-15 
  978       1.546483938042e-10       6.352944095621e-15       1.024486937168e-15 
  979       1.539285552413e-10       6.328223859096e-15       1.009165056709e-15 
  980       1.532276541155e-10       6.303622195699e-15       9.939570745282e-16 
  981       1.525457267153e-10       6.279138375364e-15       9.788596370787e-16 
  982       1.518828088224e-10       6.254771654277e-15       9.638693575054e-16 
  983       1.512389357098e-10       6.230521274842e-15       9.489828155526e-16 
  984       1.506141421395e-10       6.206386465631e-15       9.341965574742e-16 
  985       1.500084623609e-10       6.182366441341e-15       9.195070959426e-16 
  986       1.494219301082e-10       6.158460402757e-15       9.049109099587e-16 
  987       1.488545785990e-10       6.134667536700e-15       8.904044447607e-16 
  988       1.483064405320e-10       6.110987015992e-15       8.759841117337e-16 
  989       1.477775480849e-10       6.087417999406e-15       8.616462883193e-16 
  990       1.472679329126e-10       6.063959631627e-15       8.473873179246e-16 
  991       1.467776261449e-10       6.040611043208e-15       8.332035098318e-16 
  992       1.463066583849e-10       6.017371350526e-15       8.190911391078e-16 
  993       1.458550597064e-10       5.994239655739e-15       8.050464465131e-16 
  994       1.454228596525e-10       5.971215046741e-15       7.910656384116e-16 
  995       1.450100529773e-10       5.948296698710e-15       7.771456740544e-16 
  996       1.446164963247e-10       5.925484180453e-15       7.632866402750e-16 
  997       1.442420100291e-10       5.902777152469e-15       7.494894114744e-16 
  998       1.438864122274e-10       5.880175265740e-15       7.357548654117e-16 
  999       1.435495188531e-10       5.857678161701e-15       7.220838832091e-16 
 1000       1.432311436297e-10       5.835285472206e-15       7.084773493562e-16 
 1001       1.429310980650e-10       5.812996819500e-15       6.949361517153e-16 
 1002       1.426491914446e-10       5.790811816187e-15       6.814611815254e-16 
 1003       1.423852308260e-10       5.768730065199e-15       6.680533334076e-16 
 1004       1.421390210323e-10       5.746751159765e-15       6.547135053695e-16 
 1005       1.419103646459e-10       5.724874683381e-15       6.414425988099e-16 
 1006       1.416990620027e-10       5.703100209777e-15       6.282415185237e-16 
 1007       1.415049111855e-10       5.681427302890e-15       6.151111727065e-16 
 1008       1.413277080181e-10       5.659855516827e-15       6.020524729593e-16 
 1009       1.411672460593e-10       5.638384395840e-15       5.890663342934e-16 
 1010       1.410233165963e-10       5.617013474291e-15       5.761536751350e-16 
 1011       1.408957086388e-10       5.595742276624e-15       5.633154173300e-16 
 1012       1.407842089128e-10       5.574570317333e-15       5.505524861484e-16 
 1013       1.406886018545e-10       5.553497100929e-15       5.378658102898e-16 
 1014       1.406086696040e-10       5.532522121913e-15       5.252563218872e-16 
 1015       1.405441919993e-10       5.511644864741e-15       5.127249565123e-16 
 1016       1.404949465698e-10       5.490864803797e-15       5.002726531802e-16 
 1017       1.404607085307e-10       5.470181403358e-15       4.879003543539e-16 
 1018       1.404412507763e-10       5.449594117566e-15       4.756090059492e-16 
 1019       1.404363438740e-10       5.429102390398e-15       4.633995573395e-16 
 1020       1.404457560584e-10       5.408705655631e-15       4.512729613601e-16 
 1021       1.404692532248e-10       5.388403336813e-15       4.392301743135e-16 
 1022       1.405065989231e-10       5.368194847236e-15       4.272721559738e-16 
 1023       1.405575543518e-10       5.348079589897e-15       4.153998695915e-16 
 1024       1.406218783515e-10       5.328056957475e-15       4.036142818982e-16 
 1025       1.406993273994e-10       5.308126332295e-15       3.919163631113e-16 
 1026       1.407896556022e-10       5.288287086299e-15       3.803070869390e-16 
 1027       1.408926146907e-10       5.268538581014e-15       3.687874305844e-16 
 1028       1.410079540134e-10       5.248880167525e-15       3.573583747511e-16 
 1029       1.411354205302e-10       5.229311186437e-15       3.460209036471e-16 
 1030       1.412747588064e-10       5.209830967850e-15       3.347760049901e-16 
 1031       1.414257110064e-10       5.190438831326e-15       3.236246700120e-16 
 1032       1.415880168877e-10       5.171134085858e-15       3.125678934636e-16 
 1033       1.417614137946e-10       5.151916029839e-15       3.016066736193e-16 
 1034       1.419456368765e-10       5.132784028109e-15       2.907422185663e-16 
 1035       1.421404197586e-10       5.113737744351e-15       2.799765682526e-16 
 1036       1.423454938682e-10       5.094776911916e-15       2.693119812372e-16 
 1037       1.425605882055e-10       5.075901257021e-15       2.587507292295e-16 
 1038       1.427854293370e-10       5.057110498729e-15       2.482950971184e-16 
 1039       1.430197413898e-10       5.038404348925e-15       2.379473829990e-16 
 1040       1.432632460449e-10       5.019782512292e-15       2.277098982013e-16 
 1041       1.435156625317e-10       5.001244686293e-15       2.175849673178e-16 
 1042       1.437767076215e-10       4.982790561144e-15       2.075749282312e-16 
 1043       1.440460956212e-10       4.964419819795e-15       1.976821321423e-16 
 1044       1.443235383675e-10       4.946132137907e-15       1.879089435981e-16 
 1045       1.446087452208e-10       4.927927183829e-15       1.782577405195e-16 
 1046       1.449014230586e-10       4.909804618575e-15       1.687309142290e-16 
 1047       1.452012762698e-10       4.891764095805e-15       1.593308694789e-16 
 1048       1.455080067485e-10       4.873805261800e-15       1.500600244789e-16 
 1049       1.458213138875e-10       4.855927755437e-15       1.409208109239e-16 
 1050       1.461408945728e-10       4.838131208176e-15       1.319156740223e-16 
 1051       1.464664431768e-10       4.820415244025e-15       1.230470725232e-16 
 1052       1.467976515526e-10       4.802779479530e-15       1.143174787449e-16 
 1053       1.471342090278e-10       4.785223523743e-15       1.057293786023e-16 
 1054       1.474758023980e-10       4.767746978206e-15       9.728527163507e-17 
 1055       1.478221159213e-10       4.750349436926e-15       8.898767103519e-17 
 1056       1.481728313115e-10       4.733030486353e-15       8.083910367511e-17 
 1057       1.485276277324e-10       4.715789705359e-15       7.284211013547e-17 
 1058       1.488861817915e-10       4.698626665212e-15       6.499924473296e-17 
 1059       1.492481675340e-10       4.681540929559e-15       5.731307554821e-17 
 1060       1.496132564363e-10       4.664532054401e-15       4.978618445362e-17 
 1061       1.499811174003e-10       4.647599588068e-15       4.242116714126e-17 
 1062       1.503514167471e-10       4.630743071203e-15       3.522063315066e-17 
 1063       1.507238182106e-10       4.613962036734e-15       2.818720589675e-17 
 1064       1.510979829319e-10       4.597256009855e-15       2.132352269767e-17 
 1065       1.514735694526e-10       4.580624508001e-15       1.463223480262e-17 
 1066       1.518502337090e-10       4.564067040830e-15       8.116007419776e-18 
 1067       1.522276290259e-10       4.547583110196e-15       1.777519744084e-18 
 1068       1.526054061105e-10       4.531172210129e-15      -4.380535014842e-18 
 1069       1.529832130460e-10       4.514833826813e-15      -1.035544960487e-17 
 1070       1.533606952857e-10       4.498567438563e-15      -1.614450270351e-17 
 1071       1.537374956470e-10       4.482372515802e-15      -2.174495889000e-17 
 1072       1.541132543050e-10       4.466248521043e-15      -2.715406861753e-17 
 1073       1.544876378039e-10       4.450194964276e-15      -3.237003182890e-17 
 1074       1.548604265366e-10       4.434211570032e-15      -3.739490322887e-17 
 1075       1.552314284441e-10       4.418298112553e-15      -4.223172651696e-17 
 1076       1.556004501031e-10       4.402454360567e-15      -4.688357440364e-17 
 1077       1.559672967225e-10       4.386680077268e-15      -5.135354868283e-17 
 1078       1.563317721407e-10       4.370975020303e-15      -5.564478030439e-17 
 1079       1.566936788223e-10       4.355338941754e-15      -5.976042944659e-17 
 1080       1.570528178547e-10       4.339771588121e-15      -6.370368558860e-17 
 1081       1.574089889456e-10       4.324272700306e-15      -6.747776758298e-17 
 1082       1.577619904192e-10       4.308842013598e-15      -7.108592372816e-17 
 1083       1.581116192137e-10       4.293479257653e-15      -7.453143184093e-17 
 1084       1.584576708777e-10       4.278184156481e-15      -7.781759932894e-17 
 1085       1.587999395674e-10       4.262956428426e-15      -8.094776326313e-17 
 1086       1.591382180433e-10       4.247795786153e-15      -8.392529045031e-17 
 1087       1.594722976672e-10       4.232701936631e-15      -8.675357750554e-17 
 1088       1.598019683989e-10       4.217674581113e-15      -8.943605092469e-17 
 1089       1.601270187934e-10       4.202713415122e-15      -9.197616715690e-17 
 1090       1.604472359973e-10       4.187818128437e-15      -9.437741267706e-17 
 1091       1.607624057464e-10       4.172988405071e-15      -9.664330405830e-17 
 1092       1.610723123619e-10       4.158223923260e-15      -9.877738804450e-17 
 1093       1.613767387474e-10       4.143524355441e-15      -1.007832416227e-16 
 1094       1.616754663862e-10       4.128889368240e-15      -1.026644720958e-16 
 1095       1.619682753378e-10       4.114318622453e-15      -1.044247171545e-16 
 1096       1.622549442349e-10       4.099811773031e-15      -1.060676449507e-16 
 1097       1.625352502802e-10       4.085368469064e-15      -1.075969541690e-16 
 1098       1.628089692435e-10       4.070988353759e-15      -1.090163741000e-16 
 1099       1.630758754582e-10       4.056671064433e-15      -1.103296647120e-16 
 1100       1.633357418187e-10       4.042416232487e-15      -1.115406167244e-16 
 1101       1.635883397768e-10       4.028223483396e-15      -1.126530516793e-16 
 1102       1.638334393388e-10       4.014092436690e-15      -1.136708220146e-16 
 1103       1.640708090625e-10       4.000022705936e-15      -1.145978111362e-16 
 1104       1.643002160539e-10       3.986013898726e-15      -1.154379334905e-16 
 1105       1.645214259640e-10       3.972065616654e-15      -1.161951346371e-16 
 1106       1.647342029859e-10       3.958177455307e-15      -1.168733913209e-16 
 1107       1.649383098518e-10       3.944349004241e-15      -1.174767115450e-16 
 1108       1.651335078292e-10       3.930579846971e-15      -1.180091346430e-16 
 1109       1.653195567188e-10       3.916869560950e-15      -1.184747313512e-16 
 1110       1.654962148504e-10       3.903217717554e-15      -1.188776038817e-16 
 1111       1.656632390806e-10       3.889623882066e-15      -1.192218859944e-16 
 1112       1.658204219885e-10       3.876087658612e-15      -1.195111561064e-16 
 1113       1.659677040072e-10       3.862608825647e-15      -1.197466680294e-16 
 1114       1.661050627597e-10       3.849187202216e-15      -1.199290971264e-16 
 1115       1.662324759939e-10       3.835822603152e-15      -1.200591251823e-16 
 1116       1.663499215828e-10       3.822514839062e-15      -1.201374404189e-16 
 1117       1.664573775254e-10       3.809263716317e-15      -1.201647375111e-16 
 1118       1.665548219464e-10       3.796069037036e-15      -1.201417176022e-16 
 1119       1.666422330978e-10       3.782930599079e-15      -1.200690883194e-16 
 1120       1.667195893584e-10       3.769848196030e-15      -1.199475637893e-16 
 1121       1.667868692348e-10       3.756821617188e-15      -1.197778646540e-16 
 1122       1.668440513617e-10       3.743850647554e-15      -1.195607180858e-16 
 1123       1.668911145025e-10       3.730935067819e-15      -1.192968578038e-16 
 1124       1.669280375499e-10       3.718074654350e-15      -1.189870240886e-16 
 1125       1.669547995259e-10       3.705269179181e-15      -1.186319637983e-16 
 1126       1.669713795830e-10       3.692518409998e-15      -1.182324303840e-16 
 1127       1.669777570040e-10       3.679822110129e-15      -1.177891839056e-16 
 1128       1.669739112030e-10       3.667180038531e-15      -1.173029910467e-16 
 1129       1.669598217256e-10       3.654591949776e-15      -1.167746251311e-16 
 1130       1.669354682496e-10       3.642057594044e-15      -1.162048661375e-16 
 1131       1.669008305852e-10       3.629576717103e-15      -1.155945007158e-16 
 1132       1.668558886758e-10       3.617149060304e-15      -1.149443222021e-16 
 1133       1.668006225983e-10       3.604774360567e-15      -1.142551306347e-16 
 1134       1.667350125636e-10       3.592452350365e-15      -1.135277327694e-16 
 1135       1.666590389173e-10       3.580182757717e-15      -1.127629420953e-16 
 1136       1.665726821397e-10       3.567965306174e-15      -1.119615788500e-16 
 1137       1.664759228470e-10       3.555799714804e-15      -1.111244700356e-16 
 1138       1.663687417910e-10       3.543685698184e-15      -1.102524494341e-16 
 1139       1.662511198604e-10       3.531622966387e-15      -1.093463576231e-16 
 1140       1.661230380805e-10       3.519611224967e-15      -1.084070419909e-16 
 1141       1.659844776143e-10       3.507650174950e-15      -1.074353567528e-16 
 1142       1.658354197627e-10       3.495739512821e-15      -1.064321629660e-16 
 1143       1.656758459651e-10       3.483878930511e-15      -1.053983285457e-16 
 1144       1.655057377996e-10       3.472068115385e-15      -1.043347282803e-16 
 1145       1.653250769840e-10       3.460306750230e-15      -1.032422438472e-16 
 1146       1.651338453759e-10       3.448594513245e-15      -1.021217638282e-16 
 1147       1.649320249733e-10       3.436931078024e-15      -1.009741837254e-16 
 1148       1.647195979150e-10       3.425316113550e-15      -9.980040597628e-17 
 1149       1.644965464815e-10       3.413749284177e-15      -9.860133996974e-17 
 1150       1.642628530947e-10       3.402230249621e-15      -9.737790206138e-17 
 1151       1.640185244404e-10       3.390758699276e-15      -9.613047463106e-17 
 1152       1.637636641663e-10       3.379334455668e-15      -9.485727570413e-17 
 1153       1.634984011078e-10       3.367957372287e-15      -9.355596865972e-17 
 1154       1.632228652531e-10       3.356627299375e-15      -9.222420127806e-17 
 1155       1.629371877457e-10       3.345344083911e-15      -9.085960570699e-17 
 1156       1.626415008876e-10       3.334107569607e-15      -8.945979842870e-17 
 1157       1.623359381412e-10       3.322917596895e-15      -8.802238022624e-17 
 1158       1.620206341326e-10       3.311774002920e-15      -8.654493615020e-17 
 1159       1.616957246540e-10       3.300676621530e-15      -8.502503548532e-17 
 1160       1.613613466666e-10       3.289625283270e-15      -8.346023171708e-17 
 1161       1.610176383029e-10       3.278619815366e-15      -8.184806249836e-17 
 1162       1.606647388697e-10       3.267660041724e-15      -8.018604961602e-17 
 1163       1.603027888506e-10       3.256745782915e-15      -7.847169895754e-17 
 1164       1.599319299087e-10       3.245876856171e-15      -7.670250047762e-17 
 1165       1.595523048893e-10       3.235053075369e-15      -7.487592816482e-17 
 1166       1.591640578227e-10       3.224274251031e-15      -7.298944000815e-17 
 1167       1.587673339266e-10       3.213540190306e-15      -7.104047796373e-17 
 1168       1.583622796090e-10       3.202850696967e-15      -6.902646792135e-17 
 1169       1.579490424707e-10       3.192205571400e-15      -6.694481967114e-17 
 1170       1.575277713081e-10       3.181604610594e-15      -6.479292687016e-17 
 1171       1.570986161158e-10       3.171047608133e-15      -6.256816700902e-17 
 1172       1.566617280894e-10       3.160534354189e-15      -6.026790137850e-17 
 1173       1.562172596279e-10       3.150064635507e-15      -5.788947503619e-17 
 1174       1.557653643368e-10       3.139638235403e-15      -5.543021677307e-17 
 1175       1.553061970303e-10       3.129254933750e-15      -5.288743908014e-17 
 1176       1.548399137343e-10       3.118914506971e-15      -5.025843811505e-17 
 1177       1.543666716889e-10       3.108616728029e-15      -4.754049366871e-17 
 1178       1.538866293512e-10       3.098361366421e-15      -4.473086913191e-17 
 1179       1.533999463979e-10       3.088148188162e-15      -4.182681146194e-17 
 1180       1.529067837279e-10       3.077976955785e-15      -3.882555114920e-17 
 1181       1.524073034652e-10       3.067847428324e-15      -3.572430218380e-17 
 1182       1.519016689612e-10       3.057759361310e-15      -3.252026202224e-17 
 1183       1.513900447978e-10       3.047712506760e-15      -2.921061155395e-17 
 1184       1.508725967899e-10       3.037706613168e-15      -2.579251506796e-17 
 1185       1.503494919879e-10       3.027741425496e-15      -2.226312021950e-17 
 1186       1.498208986806e-10       3.017816685167e-15      -1.861955799663e-17 
 1187       1.492869863976e-10       3.007932130050e-15      -1.485894268682e-17 
 1188       1.487479259125e-10       2.998087494458e-15      -1.097837184363e-17 
 1189       1.482038892450e-10       2.988282509137e-15      -6.974926253263e-18 
 1190       1.476550501737e-10       2.978516926466e-15      -2.847108851565e-18 
 1191       1.471015857750e-10       2.968790596436e-15       1.400819111141e-18 
 1192       1.465436749084e-10       2.959103391587e-15       5.763121041959e-18 
 1193       1.459814977110e-10       2.949455181877e-15       1.023401903659e-17 
 1194       1.454152356004e-10       2.939845834672e-15       1.480769379087e-17 
 1195       1.448450712772e-10       2.930275214739e-15       1.947828451233e-17 
 1196       1.442711887277e-10       2.920743184243e-15       2.423988883175e-17 
 1197       1.436937732267e-10       2.911249602732e-15       2.908656271468e-17 
 1198       1.431130113405e-10       2.901794327141e-15       3.401232037303e-17 
 1199       1.425290909290e-10       2.892377211775e-15       3.901113417657e-17 
 1200       1.419422011490e-10       2.882998108308e-15       4.407693456453e-17 
 1201       1.413525324565e-10       2.873656865774e-15       4.920360995709e-17 
 1202       1.407602766098e-10       2.864353330561e-15       5.438500666698e-17 
 1203       1.401656266716e-10       2.855087346403e-15       5.961492881101e-17 
 1204       1.395687770127e-10       2.845858754375e-15       6.488713822161e-17 
 1205       1.389699233136e-10       2.836667392882e-15       7.019535435838e-17 
 1206       1.383692625679e-10       2.827513097659e-15       7.553325421966e-17 
 1207       1.377669930852e-10       2.818395701755e-15       8.089447225403e-17 
 1208       1.371633144930e-10       2.809315035535e-15       8.627260027194e-17 
 1209       1.365584277401e-10       2.800270926668e-15       9.166118735716e-17 
 1210       1.359525350992e-10       2.791263200120e-15       9.705373977839e-17 
 1211       1.353458401694e-10       2.782291678149e-15       1.024437209008e-16 
 1212       1.347385478791e-10       2.773356180298e-15       1.078245510976e-16 
 1213       1.341308644886e-10       2.764456523386e-15       1.131896076615e-16 
 1214       1.335229975929e-10       2.755592521504e-15       1.185322247164e-16 
 1215       1.329151561245e-10       2.746763986007e-15       1.238456931288e-16 
 1216       1.323075503557e-10       2.737970725503e-15       1.291232604194e-16 
 1217       1.317003919020e-10       2.729212545855e-15       1.343581306747e-16 
 1218       1.310938937242e-10       2.720489250165e-15       1.395434644584e-16 
 1219       1.304882701314e-10       2.711800638772e-15       1.446723787233e-16 
 1220       1.298837367836e-10       2.703146509245e-15       1.497379467222e-16 
 1221       1.292805106947e-10       2.694526656374e-15       1.547331979203e-16 
 1222       1.286788102347e-10       2.685940872164e-15       1.596511179060e-16 
 1223       1.280788551329e-10       2.677388945829e-15       1.644846483027e-16 
 1224       1.274808664805e-10       2.668870663784e-15       1.692266866807e-16 
 1225       1.268850667329e-10       2.660385809639e-15       1.738700864682e-16 
 1226       1.262916797132e-10       2.651934164191e-15       1.784076568631e-16 
 1227       1.257009306142e-10       2.643515505417e-15       1.828321627446e-16 
 1228       1.251130460014e-10       2.635129608468e-15       1.871363245847e-16 
 1229       1.245282348689e-10       2.626776267710e-15       1.913149199916e-16 
 1230       1.239466315542e-10       2.618455363142e-15       1.953711158779e-16 
 1231       1.233683521499e-10       2.610166794754e-15       1.993102114319e-16 
 1232       1.227935133900e-10       2.601910460545e-15       2.031375433962e-16 
 1233       1.222222326511e-10       2.593686256518e-15       2.068584861461e-16 
 1234       1.216546279538e-10       2.585494076677e-15       2.104784517677e-16 
 1235       1.210908179635e-10       2.577333813017e-15       2.140028901365e-16 
 1236       1.205309219923e-10       2.569205355525e-15       2.174372889955e-16 
 1237       1.199750599994e-10       2.561108592169e-15       2.207871740341e-16 
 1238       1.194233525931e-10       2.553043408898e-15       2.240581089660e-16 
 1239       1.188759210314e-10       2.545009689632e-15       2.272556956077e-16 
 1240       1.183328872234e-10       2.537007316262e-15       2.303855739571e-16 
 1241       1.177943737307e-10       2.529036168638e-15       2.334534222716e-16 
 1242       1.172605037685e-10       2.521096124573e-15       2.364649571465e-16 
 1243       1.167314012065e-10       2.513187059829e-15       2.394259335938e-16 
 1244       1.162071905708e-10       2.505308848115e-15       2.423421451198e-16 
 1245       1.156879970443e-10       2.497461361086e-15       2.452194238044e-16 
 1246       1.151739464686e-10       2.489644468331e-15       2.480636403787e-16 
 1247       1.146651653447e-10       2.481858037373e-15       2.508807043037e-16 
 1248       1.141617808346e-10       2.474101933660e-15       2.536765638490e-16 
 1249       1.136639207624e-10       2.466376020563e-15       2.564572061704e-16 
 1250       1.131717136152e-10       2.458680159369e-15       2.592286573891e-16 
 1251       1.126852885447e-10       2.451014209277e-15       2.619969826696e-16 
 1252       1.122047753684e-10       2.443378027392e-15       2.647682862982e-16 
 1253       1.117303045705e-10       2.435771468719e-15       2.675487117614e-16 
 1254       1.112620073035e-10       2.428194386161e-15       2.703444418242e-16 
 1255       1.108000153890e-10       2.420646630509e-15       2.731616986086e-16 
 1256       1.103444613193e-10       2.413128050442e-15       2.760067436719e-16 
 1257       1.098954782583e-10       2.405638492518e-15       2.788858780852e-16 
 1258       1.094532000429e-10       2.398177801170e-15       2.818054425117e-16 
 1259       1.090177611842e-10       2.390745818703e-15       2.847718172848e-16 
 1260       1.085892968688e-10       2.383342385283e-15       2.877914224870e-16 
 1261       1.081679429595e-10       2.375967338941e-15       2.908707180281e-16 
 1262       1.077538359972e-10       2.368620515557e-15       2.940162037232e-16 
 1263       1.073471132018e-10       2.361301748865e-15       2.972344193718e-16 
 1264       1.069479124732e-10       2.354010870440e-15       3.005319448353e-16 
 1265       1.065563723931e-10       2.346747709698e-15       3.039154001163e-16 
 1266       1.061726322254e-10       2.339512093889e-15       3.073914454363e-16 
 1267       1.057968319181e-10       2.332303848089e-15       3.109667813144e-16 
 1268       1.054290878699e-10       2.325122811354e-15       3.146460515484e-16 
 1269       1.050694199215e-10       2.317968885382e-15       3.184255255405e-16 
 1270       1.047178235253e-10       2.310841986395e-15       3.222993432883e-16 
 1271       1.043742939021e-10       2.303742029039e-15       3.262616057960e-16 
 1272       1.040388260411e-10       2.296668926379e-15       3.303063749964e-16 
 1273       1.037114146990e-10       2.289622589889e-15       3.344276736731e-16 
 1274       1.033920543995e-10       2.282602929456e-15       3.386194853825e-16 
 1275       1.030807394326e-10       2.275609853370e-15       3.428757543754e-16 
 1276       1.027774638543e-10       2.268643268325e-15       3.471903855194e-16 
 1277       1.024822214856e-10       2.261703079410e-15       3.515572442208e-16 
 1278       1.021950059121e-10       2.254789190109e-15       3.559701563463e-16 
 1279       1.019158104837e-10       2.247901502295e-15       3.604229081455e-16 
 1280       1.016446283132e-10       2.241039916227e-15       3.649092461724e-16 
 1281       1.013814522767e-10       2.234204330544e-15       3.694228772075e-16 
 1282       1.011262750123e-10       2.227394642266e-15       3.739574681803e-16 
 1283       1.008790889197e-10       2.220610746783e-15       3.785066460903e-16 
 1284       1.006398861597e-10       2.213852537857e-15       3.830639979299e-16 
 1285       1.004086586534e-10       2.207119907615e-15       3.876230706061e-16 
 1286       1.001853980819e-10       2.200412746547e-15       3.921773708621e-16 
 1287       9.997009588554e-11       2.193730943499e-15       3.967203651999e-16 
 1288       9.976274326314e-11       2.187074385673e-15       4.012454798019e-16 
 1289       9.956333117169e-11       2.180442958618e-15       4.057461004528e-16 
 1290       9.937185032559e-11       2.173836546232e-15       4.102155724622e-16 
 1291       9.918829119612e-11       2.167255030754e-15       4.146472005858e-16 
 1292       9.901264401079e-11       2.160698292759e-15       4.190342489478e-16 
 1293       9.884489875280e-11       2.154166211160e-15       4.233699409629e-16 
 1294       9.868504516040e-11       2.147658663197e-15       4.276474592584e-16 
 1295       9.853307272632e-11       2.141175524437e-15       4.318599455956e-16 
 1296       9.838897069716e-11       2.134716668771e-15       4.360005007925e-16 
 1297       9.825272807280e-11       2.128281968404e-15       4.400621846454e-16 
 1298       9.812433360581e-11       2.121871293860e-15       4.440380158511e-16 
 1299       9.800377580084e-11       2.115484513971e-15       4.479209719284e-16 
 1300       9.789104291404e-11       2.109121495875e-15       4.517039891409e-16 
 1301       9.778612295246e-11       2.102782105013e-15       4.553799624183e-16 
 1302       9.768900367342e-11       2.096466205126e-15       4.589417452785e-16 
 1303       9.759967258399e-11       2.090173658245e-15       4.623821497499e-16 
 1304       9.751811694032e-11       2.083904324697e-15       4.656939462932e-16 
 1305       9.744432374707e-11       2.077658063092e-15       4.688698637233e-16 
 1306       9.737827975684e-11       2.071434730324e-15       4.719025891315e-16 
 1307       9.731995642198e-11       2.065234194676e-15       4.747867927853e-16 
 1308       9.726926456716e-11       2.059056375310e-15       4.775252277751e-16 
 1309       9.722609920859e-11       2.052901203213e-15       4.801226984461e-16 
 1310       9.719035455390e-11       2.046768608119e-15       4.825840416750e-16 
 1311       9.716192400051e-11       2.040658518511e-15       4.849141269335e-16 
 1312       9.714070013393e-11       2.034570861614e-15       4.871178563530e-16 
 1313       9.712657472618e-11       2.028505563394e-15       4.892001647883e-16 
 1314       9.711943873409e-11       2.022462548555e-15       4.911660198822e-16 
 1315       9.711918229764e-11       2.016441740532e-15       4.930204221289e-16 
 1316       9.712569473835e-11       2.010443061497e-15       4.947684049391e-16 
 1317       9.713886455759e-11       2.004466432344e-15       4.964150347032e-16 
 1318       9.715857943494e-11       1.998511772698e-15       4.979654108559e-16 
 1319       9.718472622655e-11       1.992579000902e-15       4.994246659403e-16 
 1320       9.721719096348e-11       1.986668034019e-15       5.007979656721e-16 
 1321       9.725585885002e-11       1.980778787830e-15       5.020905090035e-16 
 1322       9.730061426208e-11       1.974911176827e-15       5.033075281873e-16 
 1323       9.735134074554e-11       1.969065114213e-15       5.044542888414e-16 
 1324       9.740792101454e-11       1.963240511897e-15       5.055360900125e-16 
 1325       9.747023694990e-11       1.957437280494e-15       5.065582642407e-16 
 1326       9.753816959742e-11       1.951655329316e-15       5.075261776230e-16 
 1327       9.761159916624e-11       1.945894566377e-15       5.084452298780e-16 
 1328       9.769040502719e-11       1.940154898384e-15       5.093208544097e-16 
 1329       9.777446571116e-11       1.934436230735e-15       5.101585183718e-16 
 1330       9.786365890739e-11       1.928738467518e-15       5.109637227319e-16 
 1331       9.795786146188e-11       1.923061511506e-15       5.117420023351e-16 
 1332       9.805694937571e-11       1.917405264155e-15       5.124989259689e-16 
 1333       9.816079780339e-11       1.911769625601e-15       5.132400964268e-16 
 1334       9.826928105119e-11       1.906154494655e-15       5.139711505726e-16 
 1335       9.838227257552e-11       1.900559768802e-15       5.146977594043e-16 
 1336       9.849964498127e-11       1.894985344199e-15       5.154256281188e-16 
 1337       9.862127002015e-11       1.889431115669e-15       5.161604961754e-16 
 1338       9.874701858902e-11       1.883896976699e-15       5.169081373602e-16 
 1339       9.887676072827e-11       1.878382819439e-15       5.176743598504e-16 
 1340       9.901036562016e-11       1.872888534696e-15       5.184650062779e-16 
 1341       9.914770158717e-11       1.867414011932e-15       5.192859537942e-16 
 1342       9.928863609031e-11       1.861959139263e-15       5.201431141337e-16 
 1343       9.943303572753e-11       1.856523803451e-15       5.210424336786e-16 
 1344       9.958076623202e-11       1.851107889908e-15       5.219898935222e-16 
 1345       9.973169247059e-11       1.845711282687e-15       5.229915095340e-16 
 1346       9.988567950928e-11       1.840333874837e-15       5.240516564157e-16 
 1347       1.000425958263e-10       1.834975599595e-15       5.251680198217e-16 
 1348       1.002023101309e-10       1.829636399529e-15       5.263365895295e-16 
 1349       1.003646902972e-10       1.824316216205e-15       5.275533304251e-16 
 1350       1.005296033631e-10       1.819014990192e-15       5.288141824561e-16 
 1351       1.006969155285e-10       1.813732661052e-15       5.301150605849e-16 
 1352       1.008664921535e-10       1.808469167343e-15       5.314518547421e-16 
 1353       1.010381977573e-10       1.803224446613e-15       5.328204297793e-16 
 1354       1.012118960163e-10       1.797998435402e-15       5.342166254227e-16 
 1355       1.013874497623e-10       1.792791069235e-15       5.356362562260e-16 
 1356       1.015647209816e-10       1.787602282623e-15       5.370751115239e-16 
 1357       1.017435708126e-10       1.782432009058e-15       5.385289553850e-16 
 1358       1.019238595450e-10       1.777280181014e-15       5.399935265652e-16 
 1359       1.021054466175e-10       1.772146729940e-15       5.414645384607e-16 
 1360       1.022881906167e-10       1.767031586263e-15       5.429376790616e-16 
 1361       1.024719492755e-10       1.761934679382e-15       5.444086109044e-16 
 1362       1.026565794713e-10       1.756855937665e-15       5.458729710260e-16 
 1363       1.028419372244e-10       1.751795288451e-15       5.473263709164e-16 
 1364       1.030278776967e-10       1.746752658042e-15       5.487643964721e-16 
 1365       1.032142551898e-10       1.741727971706e-15       5.501826079490e-16 
 1366       1.034009231438e-10       1.736721153671e-15       5.515765399160e-16 
 1367       1.035877341354e-10       1.731732127124e-15       5.529417012080e-16 
 1368       1.037745398761e-10       1.726760814208e-15       5.542735748792e-16 
 1369       1.039611912115e-10       1.721807136020e-15       5.555676181560e-16 
 1370       1.041475381186e-10       1.716871012611e-15       5.568192623906e-16 
 1371       1.043334297051e-10       1.711952362978e-15       5.580239130140e-16 
 1372       1.045187142073e-10       1.707051105067e-15       5.591769494891e-16 
 1373       1.047032389889e-10       1.702167155768e-15       5.602737252641e-16 
 1374       1.048868505390e-10       1.697300430915e-15       5.613095677257e-16 
 1375       1.050693944709e-10       1.692450845279e-15       5.622797781521e-16 
 1376       1.052507155202e-10       1.687618312571e-15       5.631796316663e-16 
 1377       1.054306575436e-10       1.682802745437e-15       5.640043771894e-16 
 1378       1.056090635169e-10       1.678004055454e-15       5.647492373937e-16 
 1379       1.057857755337e-10       1.673222153132e-15       5.654094086558e-16 
 1380       1.059606348036e-10       1.668456947907e-15       5.659800610101e-16 
 1381       1.061334816510e-10       1.663708348143e-15       5.664563381016e-16 
 1382       1.063041555130e-10       1.658976261127e-15       5.668333571394e-16 
 1383       1.064724949383e-10       1.654260593064e-15       5.671062088499e-16 
 1384       1.066383375853e-10       1.649561249082e-15       5.672699574298e-16 
 1385       1.068015342040e-10       1.644878141594e-15       5.673210508912e-16 
 1386       1.069619907462e-10       1.640211215504e-15       5.672615684830e-16 
 1387       1.071196266968e-10       1.635560423265e-15       5.670950180224e-16 
 1388       1.072743611300e-10       1.630925716532e-15       5.668249296133e-16 
 1389       1.074261127087e-10       1.626307046154e-15       5.664548556872e-16 
 1390       1.075747996836e-10       1.621704362181e-15       5.659883710454e-16 
 1391       1.077203398927e-10       1.617117613854e-15       5.654290728998e-16 
 1392       1.078626507604e-10       1.612546749610e-15       5.647805809143e-16 
 1393       1.080016492969e-10       1.607991717075e-15       5.640465372464e-16 
 1394       1.081372520977e-10       1.603452463064e-15       5.632306065884e-16 
 1395       1.082693753423e-10       1.598928933580e-15       5.623364762088e-16 
 1396       1.083979347941e-10       1.594421073813e-15       5.613678559936e-16 
 1397       1.085228457994e-10       1.589928828133e-15       5.603284784879e-16 
 1398       1.086440232869e-10       1.585452140096e-15       5.592220989371e-16 
 1399       1.087613817667e-10       1.580990952434e-15       5.580524953280e-16 
 1400       1.088748353296e-10       1.576545207060e-15       5.568234684307e-16 
 1401       1.089842976468e-10       1.572114845063e-15       5.555388418397e-16 
 1402       1.090896819688e-10       1.567699806705e-15       5.542024620152e-16 
 1403       1.091909011248e-10       1.563300031422e-15       5.528181983245e-16 
 1404       1.092878675221e-10       1.558915457821e-15       5.513899430835e-16 
 1405       1.093804931452e-10       1.554546023676e-15       5.499216115979e-16 
 1406       1.094686895551e-10       1.550191665931e-15       5.484171422047e-16 
 1407       1.095523678890e-10       1.545852320694e-15       5.468804963135e-16 
 1408       1.096314388591e-10       1.541527923236e-15       5.453156584477e-16 
 1409       1.097058127519e-10       1.537218407989e-15       5.437266362863e-16 
 1410       1.097753994279e-10       1.532923708548e-15       5.421174607049e-16 
 1411       1.098401083207e-10       1.528643757663e-15       5.404921858170e-16 
 1412       1.098998484360e-10       1.524378487240e-15       5.388548890159e-16 
 1413       1.099545283513e-10       1.520127828343e-15       5.372096710154e-16 
 1414       1.100040562151e-10       1.515891711184e-15       5.355606558916e-16 
 1415       1.100483397459e-10       1.511670065129e-15       5.339119911241e-16 
 1416       1.100872862320e-10       1.507462818690e-15       5.322678476374e-16 
 1417       1.101208025303e-10       1.503269899528e-15       5.306324198422e-16 
 1418       1.101487950659e-10       1.499091234450e-15       5.290099256771e-16 
 1419       1.101711698313e-10       1.494926749403e-15       5.274046066495e-16 
 1420       1.101878323856e-10       1.490776369479e-15       5.258207278770e-16 
 1421       1.101986878541e-10       1.486640018908e-15       5.242625781293e-16 
 1422       1.102036409270e-10       1.482517621058e-15       5.227344698691e-16 
 1423       1.102025958595e-10       1.478409098433e-15       5.212407392933e-16 
 1424       1.101954737047e-10       1.474314379471e-15       5.197845650513e-16 
 1425       1.101822642092e-10       1.470233419027e-15       5.183644110414e-16 
 1426       1.101629744496e-10       1.466166178092e-15       5.169775471640e-16 
 1427       1.101376116464e-10       1.462112617021e-15       5.156212273015e-16 
 1428       1.101061831644e-10       1.458072695522e-15       5.142926892900e-16 
 1429       1.100686965134e-10       1.454046372660e-15       5.129891548912e-16 
 1430       1.100251593480e-10       1.450033606855e-15       5.117078297632e-16 
 1431       1.099755794683e-10       1.446034355880e-15       5.104459034325e-16 
 1432       1.099199648199e-10       1.442048576857e-15       5.092005492654e-16 
 1433       1.098583234945e-10       1.438076226260e-15       5.079689244395e-16 
 1434       1.097906637300e-10       1.434117259912e-15       5.067481699149e-16 
 1435       1.097169939110e-10       1.430171632980e-15       5.055354104065e-16 
 1436       1.096373225688e-10       1.426239299979e-15       5.043277543545e-16 
 1437       1.095516583820e-10       1.422320214769e-15       5.031222938966e-16 
 1438       1.094600101769e-10       1.418414330551e-15       5.019161048395e-16 
 1439       1.093623869275e-10       1.414521599867e-15       5.007062466299e-16 
 1440       1.092587977558e-10       1.410641974600e-15       4.994897623266e-16 
 1441       1.091492519325e-10       1.406775405971e-15       4.982636785715e-16 
 1442       1.090337588769e-10       1.402921844540e-15       4.970250055614e-16 
 1443       1.089123281576e-10       1.399081240199e-15       4.957707370196e-16 
 1444       1.087849694924e-10       1.395253542176e-15       4.944978501671e-16 
 1445       1.086516927489e-10       1.391438699033e-15       4.932033056943e-16 
 1446       1.085125079445e-10       1.387636658661e-15       4.918840477325e-16 
 1447       1.083674252474e-10       1.383847368282e-15       4.905370038253e-16 
 1448       1.082164549760e-10       1.380070774447e-15       4.891590849003e-16 
 1449       1.080596075998e-10       1.376306823033e-15       4.877471852404e-16 
 1450       1.078968937397e-10       1.372555459244e-15       4.862981824554e-16 
 1451       1.077283241680e-10       1.368816627605e-15       4.848089374535e-16 
 1452       1.075539098090e-10       1.365090271968e-15       4.832762944129e-16 
 1453       1.073736617392e-10       1.361376335503e-15       4.816970807531e-16 
 1454       1.071875911875e-10       1.357674760702e-15       4.800681071066e-16 
 1455       1.069957095357e-10       1.353985489373e-15       4.783861672903e-16 
 1456       1.067980283187e-10       1.350308462644e-15       4.766480382770e-16 
 1457       1.065945592251e-10       1.346643620957e-15       4.748504801671e-16 
 1458       1.063853140969e-10       1.342990904068e-15       4.729902361598e-16 
 1459       1.061703049304e-10       1.339350251045e-15       4.710640325249e-16 
 1460       1.059495438761e-10       1.335721600270e-15       4.690685785739e-16 
 1461       1.057230432395e-10       1.332104889431e-15       4.670005666320e-16 
 1462       1.054908154807e-10       1.328500055529e-15       4.648566720094e-16 
 1463       1.052528838650e-10       1.324907040210e-15       4.626345766534e-16 
 1464       1.050093145266e-10       1.321325805854e-15       4.603360513571e-16 
 1465       1.047601847261e-10       1.317756319649e-15       4.579639043073e-16 
 1466       1.045055722303e-10       1.314198548260e-15       4.555209602280e-16 
 1467       1.042455553135e-10       1.310652457831e-15       4.530100604098e-16 
 1468       1.039802127581e-10       1.307118013980e-15       4.504340627386e-16 
 1469       1.037096238561e-10       1.303595181801e-15       4.477958417243e-16 
 1470       1.034338684093e-10       1.300083925863e-15       4.450982885297e-16 
 1471       1.031530267306e-10       1.296584210205e-15       4.423443109998e-16 
 1472       1.028671796449e-10       1.293095998341e-15       4.395368336901e-16 
 1473       1.025764084900e-10       1.289619253252e-15       4.366787978955e-16 
 1474       1.022807951173e-10       1.286153937391e-15       4.337731616796e-16 
 1475       1.019804218931e-10       1.282700012678e-15       4.308228999032e-16 
 1476       1.016753716990e-10       1.279257440501e-15       4.278310042533e-16 
 1477       1.013657279332e-10       1.275826181712e-15       4.248004832718e-16 
 1478       1.010515745114e-10       1.272406196630e-15       4.217343623845e-16 
 1479       1.007329958674e-10       1.268997445037e-15       4.186356839301e-16 
 1480       1.004100769545e-10       1.265599886177e-15       4.155075071887e-16 
 1481       1.000829032457e-10       1.262213478756e-15       4.123529084109e-16 
 1482       9.975156073544e-11       1.258838180939e-15       4.091749808467e-16 
 1483       9.941613593985e-11       1.255473950353e-15       4.059768347742e-16 
 1484       9.907671589798e-11       1.252120744080e-15       4.027615975285e-16 
 1485       9.873338817261e-11       1.248778518661e-15       3.995324135307e-16 
 1486       9.838624085120e-11       1.245447230091e-15       3.962924443167e-16 
 1487       9.803536254677e-11       1.242126833822e-15       3.930448685658e-16 
 1488       9.768084239882e-11       1.238817284756e-15       3.897928821300e-16 
 1489       9.732277007423e-11       1.235518537252e-15       3.865396980626e-16 
 1490       9.696123576817e-11       1.232230545116e-15       3.832885466470e-16 
 1491       9.659633020502e-11       1.228953261606e-15       3.800426754257e-16 
 1492       9.622814463929e-11       1.225686639429e-15       3.768053492292e-16 
 1493       9.585677085646e-11       1.222430630740e-15       3.735798502048e-16 
 1494       9.548230117399e-11       1.219185187140e-15       3.703694778452e-16 
 1495       9.510482844216e-11       1.215950259676e-15       3.671775490179e-16 
 1496       9.472444604497e-11       1.212725798840e-15       3.640073979937e-16 
 1497       9.434124790110e-11       1.209511754566e-15       3.608623764755e-16 
 1498       9.395532846479e-11       1.206308076231e-15       3.577458536274e-16 
 1499       9.356678272675e-11       1.203114712654e-15       3.546612161034e-16 
 1500       9.317570621506e-11       1.199931612092e-15       3.516118680762e-16 
 1501       9.278219499609e-11       1.196758722242e-15       3.486012312665e-16 
 1502       9.238634517440e-11       1.193595994608e-15       3.456320157452e-16 
 1503       9.198825138532e-11       1.190443397663e-15       3.427040245161e-16 
 1504       9.158800828945e-11       1.187300903810e-15       3.398163276117e-16 
 1505       9.118571107331e-11       1.184168485028e-15       3.369679893693e-16 
 1506       9.078145545014e-11       1.181046112870e-15       3.341580684208e-16 
 1507       9.037533766086e-11       1.177933758461e-15       3.313856176829e-16 
 1508       8.996745447485e-11       1.174831392497e-15       3.286496843476e-16 
 1509       8.955790319095e-11       1.171738985245e-15       3.259493098716e-16 
 1510       8.914678163824e-11       1.168656506542e-15       3.232835299671e-16 
 1511       8.873418817698e-11       1.165583925795e-15       3.206513745913e-16 
 1512       8.832022169949e-11       1.162521211976e-15       3.180518679369e-16 
 1513       8.790498163099e-11       1.159468333626e-15       3.154840284222e-16 
 1514       8.748856793054e-11       1.156425258854e-15       3.129468686807e-16 
 1515       8.707108109186e-11       1.153391955330e-15       3.104393955518e-16 
 1516       8.665262214427e-11       1.150368390293e-15       3.079606100708e-16 
 1517       8.623329265354e-11       1.147354530541e-15       3.055095074585e-16 
 1518       8.581319472276e-11       1.144350342438e-15       3.030850771119e-16 
 1519       8.539243099327e-11       1.141355791908e-15       3.006863025941e-16 
 1520       8.497110464549e-11       1.138370844437e-15       2.983121616241e-16 
 1521       8.454931939982e-11       1.135395465070e-15       2.959616260674e-16 
 1522       8.412717951754e-11       1.132429618411e-15       2.936336619256e-16 
 1523       8.370478980166e-11       1.129473268622e-15       2.913272293270e-16 
 1524       8.328225559784e-11       1.126526379423e-15       2.890412825164e-16 
 1525       8.285968279524e-11       1.123588914089e-15       2.867747698449e-16 
 1526       8.243717782740e-11       1.120660835452e-15       2.845266337608e-16 
 1527       8.201484767314e-11       1.117742105897e-15       2.822958107990e-16 
 1528       8.159279985746e-11       1.114832687364e-15       2.800812315714e-16 
 1529       8.117114245237e-11       1.111932541345e-15       2.778818207568e-16 
 1530       8.074998407781e-11       1.109041628883e-15       2.756964970914e-16 
 1531       8.032943390252e-11       1.106159910573e-15       2.735241733583e-16 
 1532       7.990960164492e-11       1.103287346560e-15       2.713637563781e-16 
 1533       7.949059757401e-11       1.100423896537e-15       2.692141469988e-16 
 1534       7.907253251022e-11       1.097569519747e-15       2.670742400860e-16 
 1535       7.865551782632e-11       1.094724174979e-15       2.649429245129e-16 
 1536       7.823966544828e-11       1.091887820568e-15       2.628190831502e-16 
 1537       7.782508785617e-11       1.089060414397e-15       2.607015928567e-16 
 1538       7.741189808504e-11       1.086241913890e-15       2.585893244689e-16 
 1539       7.700020972580e-11       1.083432276017e-15       2.564811427914e-16 
 1540       7.659013692607e-11       1.080631457292e-15       2.543759065870e-16 
 1541       7.618178510816e-11       1.077839417315e-15       2.522726202926e-16 
 1542       7.577522302467e-11       1.075056129462e-15       2.501708907628e-16 
 1543       7.537051043935e-11       1.072281570295e-15       2.480704748424e-16 
 1544       7.496770738642e-11       1.069515716029e-15       2.459711280313e-16 
 1545       7.456687417097e-11       1.066758542527e-15       2.438726044826e-16 
 1546       7.416807136935e-11       1.064010025300e-15       2.417746570002e-16 
 1547       7.377135982965e-11       1.061270139508e-15       2.396770370364e-16 
 1548       7.337680067203e-11       1.058538859956e-15       2.375794946900e-16 
 1549       7.298445528920e-11       1.055816161099e-15       2.354817787038e-16 
 1550       7.259438534681e-11       1.053102017034e-15       2.333836364625e-16 
 1551       7.220665278383e-11       1.050396401505e-15       2.312848139902e-16 
 1552       7.182131981302e-11       1.047699287900e-15       2.291850559487e-16 
 1553       7.143844892131e-11       1.045010649250e-15       2.270841056346e-16 
 1554       7.105810287021e-11       1.042330458229e-15       2.249817049776e-16 
 1555       7.068034469625e-11       1.039658687153e-15       2.228775945380e-16 
 1556       7.030523771135e-11       1.036995307981e-15       2.207715135044e-16 
 1557       6.993284550328e-11       1.034340292309e-15       2.186631996916e-16 
 1558       6.956323193604e-11       1.031693611377e-15       2.165523895383e-16 
 1559       6.919646115028e-11       1.029055236062e-15       2.144388181051e-16 
 1560       6.883259756375e-11       1.026425136878e-15       2.123222190718e-16 
 1561       6.847170587163e-11       1.023803283981e-15       2.102023247354e-16 
 1562       6.811385104703e-11       1.021189647159e-15       2.080788660080e-16 
 1563       6.775909834135e-11       1.018584195841e-15       2.059515724144e-16 
 1564       6.740751328473e-11       1.015986899089e-15       2.038201720898e-16 
 1565       6.705916168641e-11       1.013397725600e-15       2.016843917777e-16 
 1566       6.671410963520e-11       1.010816643706e-15       1.995439568275e-16 
 1567       6.637242349987e-11       1.008243621372e-15       1.973985911926e-16 
 1568       6.603416992955e-11       1.005678626195e-15       1.952480174278e-16 
 1569       6.569941585416e-11       1.003121625405e-15       1.930919566870e-16 
 1570       6.536822848481e-11       1.000572585863e-15       1.909301287214e-16 
 1571       6.504067531424e-11       9.980314740612e-16       1.887622518770e-16 
 1572       6.471682411720e-11       9.954982561205e-16       1.865880430921e-16 
 1573       6.439674295088e-11       9.929728977915e-16       1.844072178956e-16 
 1574       6.408050015531e-11       9.904553644532e-16       1.822194904043e-16 
 1575       6.376816435382e-11       9.879456211122e-16       1.800245733211e-16 
 1576       6.345980445337e-11       9.854436324021e-16       1.778221779321e-16 
 1577       6.315548964503e-11       9.829493625828e-16       1.756120141052e-16 
 1578       6.285528940438e-11       9.804627755396e-16       1.733937902871e-16 
 1579       6.255927349191e-11       9.779838347827e-16       1.711672135016e-16 
 1580       6.226750027982e-11       9.755125063602e-16       1.689321500449e-16 
 1581       6.197998161340e-11       9.730487676273e-16       1.666891092044e-16 
 1582       6.169671762512e-11       9.705925985572e-16       1.644387640143e-16 
 1583       6.141770837863e-11       9.681439788336e-16       1.621817909694e-16 
 1584       6.114295386853e-11       9.657028878500e-16       1.599188700307e-16 
 1585       6.087245402030e-11       9.632693047097e-16       1.576506846309e-16 
 1586       6.060620869010e-11       9.608432082247e-16       1.553779216796e-16 
 1587       6.034421766464e-11       9.584245769156e-16       1.531012715694e-16 
 1588       6.008648066105e-11       9.560133890104e-16       1.508214281806e-16 
 1589       5.983299732670e-11       9.536096224444e-16       1.485390888875e-16 
 1590       5.958376723906e-11       9.512132548596e-16       1.462549545629e-16 
 1591       5.933878990559e-11       9.488242636039e-16       1.439697295847e-16 
 1592       5.909806476353e-11       9.464426257305e-16       1.416841218405e-16 
 1593       5.886159117980e-11       9.440683179977e-16       1.393988427334e-16 
 1594       5.862936845083e-11       9.417013168678e-16       1.371146071875e-16 
 1595       5.840139580242e-11       9.393415985071e-16       1.348321336535e-16 
 1596       5.817767238961e-11       9.369891387847e-16       1.325521441137e-16 
 1597       5.795819729647e-11       9.346439132724e-16       1.302753640882e-16 
 1598       5.774296953605e-11       9.323058972439e-16       1.280025226398e-16 
 1599       5.753198805013e-11       9.299750656741e-16       1.257343523796e-16 
 1600       5.732525170915e-11       9.276513932391e-16       1.234715894727e-16 
 1601       5.712275931201e-11       9.253348543148e-16       1.212149736434e-16 
 1602       5.692450958598e-11       9.230254229769e-16       1.189652481809e-16 
 1603       5.673050118647e-11       9.207230730001e-16       1.167231599446e-16 
 1604       5.654073269697e-11       9.184277778577e-16       1.144894593699e-16 
 1605       5.635520262884e-11       9.161395107207e-16       1.122649004732e-16 
 1606       5.617390942120e-11       9.138582444574e-16       1.100502408578e-16 
 1607       5.599685144073e-11       9.115839516331e-16       1.078462417189e-16 
 1608       5.582402698161e-11       9.093166045090e-16       1.056536678499e-16 
 1609       5.565543426528e-11       9.070561750418e-16       1.034732876469e-16 
 1610       5.549107144035e-11       9.048026348835e-16       1.013058731149e-16 
 1611       5.533093658243e-11       9.025559553803e-16       9.915219987303e-17 
 1612       5.517502769400e-11       9.003161075721e-16       9.701304715988e-17 
 1613       5.502334270423e-11       8.980830621925e-16       9.488919783926e-17 
 1614       5.487587946886e-11       8.958567896672e-16       9.278143840551e-17 
 1615       5.473263577006e-11       8.936372601144e-16       9.069055898902e-17 
 1616       5.459360931625e-11       8.914244433436e-16       8.861735336170e-17 
 1617       5.445879774196e-11       8.892183088554e-16       8.656261894248e-17 
 1618       5.432819860771e-11       8.870188258407e-16       8.452715680278e-17 
 1619       5.420180198474e-11       8.848259655816e-16       8.251169204049e-17 
 1620       5.407956813627e-11       8.826397086794e-16       8.051663410399e-17 
 1621       5.396144963428e-11       8.804600378909e-16       7.854231431330e-17 
 1622       5.384739875580e-11       8.782869357322e-16       7.658906529682e-17 
 1623       5.373736748246e-11       8.761203844784e-16       7.465722099321e-17 
 1624       5.363130749995e-11       8.739603661631e-16       7.274711665317e-17 
 1625       5.352917019758e-11       8.718068625778e-16       7.085908884133e-17 
 1626       5.343090666777e-11       8.696598552714e-16       6.899347543807e-17 
 1627       5.333646770558e-11       8.675193255500e-16       6.715061564133e-17 
 1628       5.324580380819e-11       8.653852544763e-16       6.533084996848e-17 
 1629       5.315886517444e-11       8.632576228689e-16       6.353452025815e-17 
 1630       5.307560170435e-11       8.611364113021e-16       6.176196967204e-17 
 1631       5.299596299862e-11       8.590216001056e-16       6.001354269680e-17 
 1632       5.291989835811e-11       8.569131693634e-16       5.828958514582e-17 
 1633       5.284735678343e-11       8.548110989141e-16       5.659044416111e-17 
 1634       5.277828697438e-11       8.527153683496e-16       5.491646821510e-17 
 1635       5.271263732951e-11       8.506259570156e-16       5.326800711252e-17 
 1636       5.265035594560e-11       8.485428440101e-16       5.164541199217e-17 
 1637       5.259139061720e-11       8.464660081839e-16       5.004903532883e-17 
 1638       5.253568883612e-11       8.443954281393e-16       4.847923093505e-17 
 1639       5.248319779097e-11       8.423310822303e-16       4.693635396298e-17 
 1640       5.243386436664e-11       8.402729485615e-16       4.542076090625e-17 
 1641       5.238763514385e-11       8.382210049883e-16       4.393280960178e-17 
 1642       5.234445639861e-11       8.361752291159e-16       4.247285923161e-17 
 1643       5.230427410181e-11       8.341355982990e-16       4.104127032475e-17 
 1644       5.226703391865e-11       8.321020896415e-16       3.963840475899e-17 
 1645       5.223268120822e-11       8.300746799957e-16       3.826462576280e-17 
 1646       5.220116102297e-11       8.280533459621e-16       3.692029791708e-17 
 1647       5.217241810824e-11       8.260380638889e-16       3.560578715707e-17 
 1648       5.214639690179e-11       8.240288098714e-16       3.432146077414e-17 
 1649       5.212304153326e-11       8.220255597516e-16       3.306768741765e-17 
 1650       5.210229582374e-11       8.200282891177e-16       3.184483709679e-17 
 1651       5.208410328526e-11       8.180369733037e-16       3.065328118238e-17 
 1652       5.206840712030e-11       8.160515873890e-16       2.949339240876e-17 
 1653       5.205515022131e-11       8.140721061976e-16       2.836554487560e-17 
 1654       5.204427517021e-11       8.120985042981e-16       2.727011404970e-17 
 1655       5.203572423791e-11       8.101307560027e-16       2.620747676690e-17 
 1656       5.202943938386e-11       8.081688353673e-16       2.517801123387e-17 
 1657       5.202536225547e-11       8.062127161906e-16       2.418209702994e-17 
 1658       5.202343404959e-11       8.042623740109e-16       2.321995462775e-17 
 1659       5.202359509612e-11       8.023177921168e-16       2.229116240265e-17 
 1660       5.202578526971e-11       8.003789555886e-16       2.139513536498e-17 
 1661       5.202994412709e-11       7.984458493056e-16       2.053128524927e-17 
 1662       5.203601090653e-11       7.965184579458e-16       1.969902050909e-17 
 1663       5.204392452740e-11       7.945967659854e-16       1.889774631186e-17 
 1664       5.205362358964e-11       7.926807576985e-16       1.812686453374e-17 
 1665       5.206504637329e-11       7.907704171565e-16       1.738577375439e-17 
 1666       5.207813083798e-11       7.888657282281e-16       1.667386925189e-17 
 1667       5.209281462244e-11       7.869666745785e-16       1.599054299751e-17 
 1668       5.210903504403e-11       7.850732396695e-16       1.533518365057e-17 
 1669       5.212672909822e-11       7.831854067587e-16       1.470717655327e-17 
 1670       5.214583345808e-11       7.813031588992e-16       1.410590372553e-17 
 1671       5.216628447386e-11       7.794264789393e-16       1.353074385982e-17 
 1672       5.218801817241e-11       7.775553495222e-16       1.298107231602e-17 
 1673       5.221097025674e-11       7.756897530855e-16       1.245626111619e-17 
 1674       5.223507610552e-11       7.738296718606e-16       1.195567893950e-17 
 1675       5.226027077257e-11       7.719750878729e-16       1.147869111698e-17 
 1676       5.228648898639e-11       7.701259829408e-16       1.102465962639e-17 
 1677       5.231366514963e-11       7.682823386757e-16       1.059294308707e-17 
 1678       5.234173333865e-11       7.664441364815e-16       1.018289675476e-17 
 1679       5.237062730298e-11       7.646113575541e-16       9.793872516420e-18 
 1680       5.240028046486e-11       7.627839828814e-16       9.425218885090e-18 
 1681       5.243062591870e-11       7.609619932423e-16       9.076280994713e-18 
 1682       5.246159643067e-11       7.591453692069e-16       8.746400594977e-18 
 1683       5.249312443811e-11       7.573340911358e-16       8.434916046141e-18 
 1684       5.252514204912e-11       7.555281391800e-16       8.141162313878e-18 
 1685       5.255758104199e-11       7.537274932799e-16       7.864470964108e-18 
 1686       5.259037286478e-11       7.519321331659e-16       7.604170157832e-18 
 1687       5.262344863478e-11       7.501420383569e-16       7.359584645966e-18 
 1688       5.265673913805e-11       7.483571881608e-16       7.130035764182e-18 
 1689       5.269017482887e-11       7.465775616737e-16       6.914841427738e-18 
 1690       5.272368582933e-11       7.448031377797e-16       6.713316126314e-18 
 1691       5.275720192875e-11       7.430338951502e-16       6.524770918850e-18 
 1692       5.279065258326e-11       7.412698122441e-16       6.348513428376e-18 
 1693       5.282396691527e-11       7.395108673066e-16       6.183847836855e-18 
 1694       5.285707371297e-11       7.377570383697e-16       6.030074880009e-18 
 1695       5.288990142987e-11       7.360083032512e-16       5.886491842163e-18 
 1696       5.292237818426e-11       7.342646395545e-16       5.752392551075e-18 
 1697       5.295443750436e-11       7.325260263372e-16       5.627171308290e-18 
 1698       5.298603561873e-11       7.307924491334e-16       5.510635670485e-18 
 1699       5.301713431392e-11       7.290638949741e-16       5.402696354591e-18 
 1700       5.304769520218e-11       7.273403507214e-16       5.303263546216e-18 
 1701       5.307767972116e-11       7.256218030687e-16       5.212246898802e-18 
 1702       5.310704913373e-11       7.239082385400e-16       5.129555532792e-18 
 1703       5.313576452766e-11       7.221996434900e-16       5.055098034793e-18 
 1704       5.316378681538e-11       7.204960041031e-16       4.988782456739e-18 
 1705       5.319107673377e-11       7.187973063940e-16       4.930516315055e-18 
 1706       5.321759484385e-11       7.171035362065e-16       4.880206589821e-18 
 1707       5.324330153054e-11       7.154146792140e-16       4.837759723935e-18 
 1708       5.326815700244e-11       7.137307209183e-16       4.803081622277e-18 
 1709       5.329212129153e-11       7.120516466502e-16       4.776077650873e-18 
 1710       5.331515425296e-11       7.103774415684e-16       4.756652636057e-18 
 1711       5.333721556475e-11       7.087080906599e-16       4.744710863637e-18 
 1712       5.335826472757e-11       7.070435787390e-16       4.740156078058e-18 
 1713       5.337826106449e-11       7.053838904476e-16       4.742891481562e-18 
 1714       5.339716372070e-11       7.037290102543e-16       4.752819733359e-18 
 1715       5.341493166326e-11       7.020789224546e-16       4.769842948782e-18 
 1716       5.343152368087e-11       7.004336111703e-16       4.793862698458e-18 
 1717       5.344689838361e-11       6.987930603493e-16       4.824780007467e-18 
 1718       5.346101420265e-11       6.971572537652e-16       4.862495354509e-18 
 1719       5.347382939005e-11       6.955261750170e-16       4.906908671063e-18 
 1720       5.348530201847e-11       6.938998075290e-16       4.957919340556e-18 
 1721       5.349538998092e-11       6.922781345501e-16       5.015426197524e-18 
 1722       5.350405099053e-11       6.906611391538e-16       5.079327526773e-18 
 1723       5.351124258027e-11       6.890488042377e-16       5.149521062547e-18 
 1724       5.351692210269e-11       6.874411125234e-16       5.225903987692e-18 
 1725       5.352104672972e-11       6.858380465560e-16       5.308372932815e-18 
 1726       5.352357345234e-11       6.842395887037e-16       5.396823975450e-18 
 1727       5.352445908038e-11       6.826457211579e-16       5.491152639223e-18 
 1728       5.352366024225e-11       6.810564259325e-16       5.591253893016e-18 
 1729       5.352113338470e-11       6.794716848634e-16       5.697022150125e-18 
 1730       5.351683477253e-11       6.778914796091e-16       5.808351267431e-18 
 1731       5.351072048837e-11       6.763157916492e-16       5.925134544560e-18 
 1732       5.350274643241e-11       6.747446022849e-16       6.047264723045e-18 
 1733       5.349286832217e-11       6.731778926386e-16       6.174633985494e-18 
 1734       5.348104169221e-11       6.716156436532e-16       6.307133954751e-18 
 1735       5.346722189390e-11       6.700578360921e-16       6.444655693057e-18 
 1736       5.345137147438e-11       6.685044519462e-16       6.587103393285e-18 
 1737       5.343348238195e-11       6.669554786686e-16       6.734435580479e-18 
 1738       5.341355394736e-11       6.654109049751e-16       6.886624255920e-18 
 1739       5.339158552156e-11       6.638707194395e-16       7.043641236288e-18 
 1740       5.336757647579e-11       6.623349104935e-16       7.205458153370e-18 
 1741       5.334152620162e-11       6.608034664267e-16       7.372046453772e-18 
 1742       5.331343411095e-11       6.592763753857e-16       7.543377398622e-18 
 1743       5.328329963608e-11       6.577536253746e-16       7.719422063284e-18 
 1744       5.325112222975e-11       6.562352042541e-16       7.900151337063e-18 
 1745       5.321690136517e-11       6.547210997418e-16       8.085535922915e-18 
 1746       5.318063653607e-11       6.532112994113e-16       8.275546337155e-18 
 1747       5.314232725672e-11       6.517057906925e-16       8.470152909166e-18 
 1748       5.310197306200e-11       6.502045608714e-16       8.669325781108e-18 
 1749       5.305957350741e-11       6.487075970890e-16       8.873034907623e-18 
 1750       5.301512816912e-11       6.472148863423e-16       9.081250055549e-18 
 1751       5.296863664403e-11       6.457264154828e-16       9.293940803625e-18 
 1752       5.292009854979e-11       6.442421712171e-16       9.511076542198e-18 
 1753       5.286951352484e-11       6.427621401065e-16       9.732626472937e-18 
 1754       5.281688122843e-11       6.412863085662e-16       9.958559608537e-18 
 1755       5.276220134073e-11       6.398146628659e-16       1.018884477243e-17 
 1756       5.270547356278e-11       6.383471891287e-16       1.042345059848e-17 
 1757       5.264669761660e-11       6.368838733315e-16       1.066234553073e-17 
 1758       5.258587324519e-11       6.354247013043e-16       1.090549782306e-17 
 1759       5.252300021258e-11       6.339696587302e-16       1.115287553894e-17 
 1760       5.245807830388e-11       6.325187311451e-16       1.140444655108e-17 
 1761       5.239110732532e-11       6.310719039374e-16       1.166017854123e-17 
 1762       5.232208710426e-11       6.296291623476e-16       1.192003899980e-17 
 1763       5.225101748928e-11       6.281904914684e-16       1.218399522561e-17 
 1764       5.217789835016e-11       6.267558762440e-16       1.245201432560e-17 
 1765       5.210272957799e-11       6.253253014703e-16       1.272406321452e-17 
 1766       5.202551108514e-11       6.238987517943e-16       1.300010861466e-17 
 1767       5.194624280534e-11       6.224762117140e-16       1.328011705553e-17 
 1768       5.186492469373e-11       6.210576655781e-16       1.356405487362e-17 
 1769       5.178155672686e-11       6.196430975857e-16       1.385188821204e-17 
 1770       5.169613890276e-11       6.182324917860e-16       1.414358302028e-17 
 1771       5.160867124098e-11       6.168258320785e-16       1.443910505390e-17 
 1772       5.151915378260e-11       6.154231022119e-16       1.473841987424e-17 
 1773       5.142758659031e-11       6.140242857847e-16       1.504149284813e-17 
 1774       5.133396974843e-11       6.126293662444e-16       1.534828914759e-17 
 1775       5.123830814309e-11       6.112383281057e-16       1.565878872946e-17 
 1776       5.114062584579e-11       6.098511606170e-16       1.597303140984e-17 
 1777       5.104095184848e-11       6.084678541235e-16       1.629107216065e-17 
 1778       5.093931529445e-11       6.070883988515e-16       1.661296616373e-17 
 1779       5.083574547851e-11       6.057127849086e-16       1.693876881111e-17 
 1780       5.073027184723e-11       6.043410022827e-16       1.726853570531e-17 
 1781       5.062292399914e-11       6.029730408425e-16       1.760232265960e-17 
 1782       5.051373168499e-11       6.016088903369e-16       1.794018569829e-17 
 1783       5.040272480794e-11       6.002485403948e-16       1.828218105699e-17 
 1784       5.028993342381e-11       5.988919805251e-16       1.862836518292e-17 
 1785       5.017538774125e-11       5.975392001164e-16       1.897879473516e-17 
 1786       5.005911812204e-11       5.961901884367e-16       1.933352658494e-17 
 1787       4.994115508124e-11       5.948449346332e-16       1.969261781593e-17 
 1788       4.982152928745e-11       5.935034277321e-16       2.005612572450e-17 
 1789       4.970027156302e-11       5.921656566387e-16       2.042410782001e-17 
 1790       4.957741288426e-11       5.908316101367e-16       2.079662182506e-17 
 1791       4.945298438172e-11       5.895012768881e-16       2.117372567584e-17 
 1792       4.932701734031e-11       5.881746454333e-16       2.155547752232e-17 
 1793       4.919954319963e-11       5.868517041907e-16       2.194193572859e-17 
 1794       4.907059355411e-11       5.855324414563e-16       2.233315887312e-17 
 1795       4.894020015328e-11       5.842168454037e-16       2.272920574904e-17 
 1796       4.880839490197e-11       5.829049040840e-16       2.313013536442e-17 
 1797       4.867520986054e-11       5.815966054253e-16       2.353600694252e-17 
 1798       4.854067724510e-11       5.802919372326e-16       2.394687992213e-17 
 1799       4.840482942772e-11       5.789908871878e-16       2.436281395780e-17 
 1800       4.826769893667e-11       5.776934428492e-16       2.478386892012e-17 
 1801       4.812931845665e-11       5.763995916513e-16       2.521010489603e-17 
 1802       4.798972082898e-11       5.751093209049e-16       2.564158218907e-17 
 1803       4.784893905184e-11       5.738226177964e-16       2.607836131967e-17 
 1804       4.770700628049e-11       5.725394693881e-16       2.652050302542e-17 
 1805       4.756395582750e-11       5.712598626177e-16       2.696806826137e-17 
 1806       4.741982116297e-11       5.699837842981e-16       2.742111820029e-17 
 1807       4.727463591473e-11       5.687112211172e-16       2.787971423295e-17 
 1808       4.712843386858e-11       5.674421596379e-16       2.834391796840e-17 
 1809       4.698124896852e-11       5.661765862974e-16       2.881379123425e-17 
 1810       4.683311531695e-11       5.649144874076e-16       2.928939607697e-17 
 1811       4.668406717493e-11       5.636558491545e-16       2.977079476212e-17 
 1812       4.653413896235e-11       5.624006575979e-16       3.025804977467e-17 
 1813       4.638336525817e-11       5.611488986717e-16       3.075122381927e-17 
 1814       4.623178098643e-11       5.599005591464e-16       3.125034819985e-17 
 1815       4.607942197528e-11       5.586556295278e-16       3.175532767897e-17 
 1816       4.592632440286e-11       5.574141011817e-16       3.226603485156e-17 
 1817       4.577252461223e-11       5.561759653723e-16       3.278234169498e-17 
 1818       4.561805911154e-11       5.549412132619e-16       3.330411956822e-17 
 1819       4.546296457430e-11       5.537098359112e-16       3.383123921095e-17 
 1820       4.530727783959e-11       5.524818242786e-16       3.436357074272e-17 
 1821       4.515103591230e-11       5.512571692205e-16       3.490098366204e-17 
 1822       4.499427596336e-11       5.500358614906e-16       3.544334684551e-17 
 1823       4.483703532994e-11       5.488178917403e-16       3.599052854697e-17 
 1824       4.467935151571e-11       5.476032505180e-16       3.654239639660e-17 
 1825       4.452126219107e-11       5.463919282693e-16       3.709881740005e-17 
 1826       4.436280519335e-11       5.451839153367e-16       3.765965793760e-17 
 1827       4.420401852707e-11       5.439792019592e-16       3.822478376323e-17 
 1828       4.404494036415e-11       5.427777782725e-16       3.879406000380e-17 
 1829       4.388560904414e-11       5.415796343087e-16       3.936735115812e-17 
 1830       4.372606307445e-11       5.403847599960e-16       3.994452109616e-17 
 1831       4.356634113060e-11       5.391931451587e-16       4.052543305806e-17 
 1832       4.340648205641e-11       5.380047795166e-16       4.110994965338e-17 
 1833       4.324652486425e-11       5.368196526856e-16       4.169793286013e-17 
 1834       4.308650873526e-11       5.356377541769e-16       4.228924402395e-17 
 1835       4.292647301962e-11       5.344590733968e-16       4.288374385721e-17 
 1836       4.276645723670e-11       5.332835996471e-16       4.348129243815e-17 
 1837       4.260650107536e-11       5.321113221242e-16       4.408174921000e-17 
 1838       4.244664439414e-11       5.309422299195e-16       4.468497298012e-17 
 1839       4.228692722151e-11       5.297763120189e-16       4.529082191909e-17 
 1840       4.212738975607e-11       5.286135573028e-16       4.589915355989e-17 
 1841       4.196807236683e-11       5.274539545457e-16       4.650982479697e-17 
 1842       4.180901559337e-11       5.262974924164e-16       4.712269188542e-17 
 1843       4.165026014612e-11       5.251441594773e-16       4.773761044008e-17 
 1844       4.149184690658e-11       5.239939441849e-16       4.835443543465e-17 
 1845       4.133381692754e-11       5.228468348888e-16       4.897302120086e-17 
 1846       4.117621143330e-11       5.217028198324e-16       4.959322142754e-17 
 1847       4.101907181991e-11       5.205618871520e-16       5.021488915978e-17 
 1848       4.086243965541e-11       5.194240248769e-16       5.083787679806e-17 
 1849       4.070635668003e-11       5.182892209296e-16       5.146203609737e-17 
 1850       4.055086480647e-11       5.171574631248e-16       5.208721816632e-17 
 1851       4.039600612004e-11       5.160287391700e-16       5.271327346628e-17 
 1852       4.024182287899e-11       5.149030366649e-16       5.334005181053e-17 
 1853       4.008835401769e-11       5.137803439694e-16       5.396740839835e-17 
 1854       3.993562462575e-11       5.126606528151e-16       5.459522197145e-17 
 1855       3.978365638630e-11       5.115439557141e-16       5.522337679920e-17 
 1856       3.963247106551e-11       5.104302450925e-16       5.585175665601e-17 
 1857       3.948209051271e-11       5.093195132905e-16       5.648024482063e-17 
 1858       3.933253666051e-11       5.082117525621e-16       5.710872407550e-17 
 1859       3.918383152485e-11       5.071069550751e-16       5.773707670610e-17 
 1860       3.903599720520e-11       5.060051129107e-16       5.836518450026e-17 
 1861       3.888905588456e-11       5.049062180637e-16       5.899292874753e-17 
 1862       3.874302982966e-11       5.038102624420e-16       5.962019023849e-17 
 1863       3.859794139100e-11       5.027172378667e-16       6.024684926409e-17 
 1864       3.845381300301e-11       5.016271360719e-16       6.087278561500e-17 
 1865       3.831066718409e-11       5.005399487045e-16       6.149787858095e-17 
 1866       3.816852653680e-11       4.994556673241e-16       6.212200695003e-17 
 1867       3.802741374788e-11       4.983742834028e-16       6.274504900807e-17 
 1868       3.788735158844e-11       4.972957883251e-16       6.336688253798e-17 
 1869       3.774836291398e-11       4.962201733878e-16       6.398738481904e-17 
 1870       3.761047066459e-11       4.951474297998e-16       6.460643262627e-17 
 1871       3.747369786497e-11       4.940775486820e-16       6.522390222979e-17 
 1872       3.733806762460e-11       4.930105210669e-16       6.583966939408e-17 
 1873       3.720360313779e-11       4.919463378990e-16       6.645360937742e-17 
 1874       3.707032768385e-11       4.908849900340e-16       6.706559693114e-17 
 1875       3.693826462716e-11       4.898264682392e-16       6.767550629899e-17 
 1876       3.680743741725e-11       4.887707631931e-16       6.828321121650e-17 
 1877       3.667786958898e-11       4.877178654851e-16       6.888858491028e-17 
 1878       3.654958476258e-11       4.866677656158e-16       6.949150009737e-17 
 1879       3.642260664378e-11       4.856204539965e-16       7.009182898458e-17 
 1880       3.629695902391e-11       4.845759209491e-16       7.068944326783e-17 
 1881       3.617266578004e-11       4.835341567060e-16       7.128421413150e-17 
 1882       3.604975087504e-11       4.824951514101e-16       7.187601224770e-17 
 1883       3.592823835770e-11       4.814588951143e-16       7.246470777572e-17 
 1884       3.580815236286e-11       4.804253777818e-16       7.305017036125e-17 
 1885       3.568951711149e-11       4.793945892855e-16       7.363226913581e-17 
 1886       3.557235691080e-11       4.783665194082e-16       7.421087271602e-17 
 1887       3.545669615437e-11       4.773411578425e-16       7.478584920299e-17 
 1888       3.534255932223e-11       4.763184941901e-16       7.535706618161e-17 
 1889       3.522997098096e-11       4.752985179624e-16       7.592439071992e-17 
 1890       3.511895578384e-11       4.742812185797e-16       7.648768936844e-17 
 1891       3.500953847090e-11       4.732665853716e-16       7.704682815950e-17 
 1892       3.490173935379e-11       4.722546083079e-16       7.760170843926e-17 
 1893       3.479556073184e-11       4.712452801987e-16       7.815237466817e-17 
 1894       3.469100037110e-11       4.702385945113e-16       7.869890745302e-17 
 1895       3.458805601009e-11       4.692345446398e-16       7.924138779055e-17 
 1896       3.448672535971e-11       4.682331239054e-16       7.977989706793e-17 
 1897       3.438700610319e-11       4.672343255561e-16       8.031451706332e-17 
 1898       3.428889589611e-11       4.662381427666e-16       8.084532994644e-17 
 1899       3.419239236627e-11       4.652445686382e-16       8.137241827905e-17 
 1900       3.409749311370e-11       4.642535961985e-16       8.189586501552e-17 
 1901       3.400419571062e-11       4.632652184017e-16       8.241575350337e-17 
 1902       3.391249770134e-11       4.622794281279e-16       8.293216748380e-17 
 1903       3.382239660228e-11       4.612962181836e-16       8.344519109221e-17 
 1904       3.373388990189e-11       4.603155813011e-16       8.395490885878e-17 
 1905       3.364697506061e-11       4.593375101385e-16       8.446140570897e-17 
 1906       3.356164951083e-11       4.583619972798e-16       8.496476696408e-17 
 1907       3.347791065682e-11       4.573890352345e-16       8.546507834176e-17 
 1908       3.339575587475e-11       4.564186164376e-16       8.596242595658e-17 
 1909       3.331518251258e-11       4.554507332495e-16       8.645689632056e-17 
 1910       3.323618789002e-11       4.544853779557e-16       8.694857634369e-17 
 1911       3.315876929854e-11       4.535225427671e-16       8.743755333448e-17 
 1912       3.308292400127e-11       4.525622198194e-16       8.792391500049e-17 
 1913       3.300864923296e-11       4.516044011732e-16       8.840774944890e-17 
 1914       3.293594219998e-11       4.506490788139e-16       8.888914518699e-17 
 1915       3.286480008021e-11       4.496962446516e-16       8.936819112273e-17 
 1916       3.279522002307e-11       4.487458905208e-16       8.984497656528e-17 
 1917       3.272719914939e-11       4.477980081804e-16       9.031959122557e-17 
 1918       3.266073455144e-11       4.468525893138e-16       9.079212521679e-17 
 1919       3.259582329286e-11       4.459096255283e-16       9.126266905496e-17 
 1920       3.253246240858e-11       4.449691083554e-16       9.173131365945e-17 
 1921       3.247064890483e-11       4.440310292503e-16       9.219815035354e-17 
 1922       3.241037975906e-11       4.430953795923e-16       9.266327086491e-17 
 1923       3.235165191992e-11       4.421621506842e-16       9.312676732625e-17 
 1924       3.229446230718e-11       4.412313337523e-16       9.358873227574e-17 
 1925       3.223880781172e-11       4.403029199465e-16       9.404925865761e-17 
 1926       3.218468529548e-11       4.393769003399e-16       9.450843982265e-17 
 1927       3.213209159138e-11       4.384532659288e-16       9.496636952881e-17 
 1928       3.208102350333e-11       4.375320076326e-16       9.542314194167e-17 
 1929       3.203147780614e-11       4.366131162936e-16       9.587885163501e-17 
 1930       3.198345124550e-11       4.356965826770e-16       9.633359359136e-17 
 1931       3.193693767096e-11       4.347823980928e-16       9.678739419827e-17 
 1932       3.189191941127e-11       4.338705562677e-16       9.724000366439e-17 
 1933       3.184837583357e-11       4.329610514872e-16       9.769110203114e-17 
 1934       3.180628620432e-11       4.320538779746e-16       9.814036803247e-17 
 1935       3.176562968911e-11       4.311490298909e-16       9.858747909311e-17 
 1936       3.172638535258e-11       4.302465013348e-16       9.903211132694e-17 
 1937       3.168853215825e-11       4.293462863426e-16       9.947393953528e-17 
 1938       3.165204896839e-11       4.284483788879e-16       9.991263720525e-17 
 1939       3.161691454389e-11       4.275527728818e-16       1.003478765080e-16 
 1940       3.158310754412e-11       4.266594621724e-16       1.007793282972e-16 
 1941       3.155060652676e-11       4.257684405452e-16       1.012066621071e-16 
 1942       3.151938994772e-11       4.248797017225e-16       1.016295461510e-16 
 1943       3.148943616099e-11       4.239932393638e-16       1.020476473198e-16 
 1944       3.146072341844e-11       4.231090470651e-16       1.024606311797e-16 
 1945       3.143322986977e-11       4.222271183593e-16       1.028681619712e-16 
 1946       3.140693356233e-11       4.213474467160e-16       1.032699026071e-16 
 1947       3.138181244098e-11       4.204700255413e-16       1.036655146705e-16 
 1948       3.135784434796e-11       4.195948481776e-16       1.040546584140e-16 
 1949       3.133500702276e-11       4.187219079038e-16       1.044369927569e-16 
 1950       3.131327810197e-11       4.178511979348e-16       1.048121752845e-16 
 1951       3.129263511915e-11       4.169827114218e-16       1.051798622457e-16 
 1952       3.127305550470e-11       4.161164414521e-16       1.055397085520e-16 
 1953       3.125451658571e-11       4.152523810487e-16       1.058913677750e-16 
 1954       3.123699558583e-11       4.143905231706e-16       1.062344921456e-16 
 1955       3.122046962513e-11       4.135308607125e-16       1.065687325514e-16 
 1956       3.120491571997e-11       4.126733865045e-16       1.068937385360e-16 
 1957       3.119031078284e-11       4.118180933125e-16       1.072091582964e-16 
 1958       3.117663162227e-11       4.109649738377e-16       1.075146386819e-16 
 1959       3.116385494265e-11       4.101140207167e-16       1.078098251923e-16 
 1960       3.115195734409e-11       4.092652265211e-16       1.080943619761e-16 
 1961       3.114091532232e-11       4.084185837579e-16       1.083678918289e-16 
 1962       3.113070526853e-11       4.075740848690e-16       1.086300561916e-16 
 1963       3.112130346924e-11       4.067317222311e-16       1.088804951491e-16 
 1964       3.111268610613e-11       4.058914881558e-16       1.091188474280e-16 
 1965       3.110482925598e-11       4.050533748896e-16       1.093447503956e-16 
 1966       3.109770889044e-11       4.042173746132e-16       1.095578400575e-16 
 1967       3.109130087595e-11       4.033834794422e-16       1.097577510565e-16 
 1968       3.108558097362e-11       4.025516814264e-16       1.099441166709e-16 
 1969       3.108052483902e-11       4.017219725500e-16       1.101165688122e-16 
 1970       3.107610804221e-11       4.008943452846e-16       1.102748441159e-16 
 1971       3.107230612803e-11       4.000687942535e-16       1.104191030760e-16 
 1972       3.106909455594e-11       3.992453145797e-16       1.105496132779e-16 
 1973       3.106644867987e-11       3.984239013335e-16       1.106666435234e-16 
 1974       3.106434374804e-11       3.976045495325e-16       1.107704638323e-16 
 1975       3.106275490287e-11       3.967872541417e-16       1.108613454443e-16 
 1976       3.106165718078e-11       3.959720100732e-16       1.109395608201e-16 
 1977       3.106102551212e-11       3.951588121861e-16       1.110053836434e-16 
 1978       3.106083472099e-11       3.943476552865e-16       1.110590888223e-16 
 1979       3.106105952513e-11       3.935385341274e-16       1.111009524910e-16 
 1980       3.106167453577e-11       3.927314434089e-16       1.111312520112e-16 
 1981       3.106265425747e-11       3.919263777774e-16       1.111502659741e-16 
 1982       3.106397308805e-11       3.911233318263e-16       1.111582742015e-16 
 1983       3.106560531837e-11       3.903223000953e-16       1.111555577477e-16 
 1984       3.106752513228e-11       3.895232770709e-16       1.111423989012e-16 
 1985       3.106970660639e-11       3.887262571857e-16       1.111190811858e-16 
 1986       3.107212371004e-11       3.879312348188e-16       1.110858893628e-16 
 1987       3.107475030506e-11       3.871382042955e-16       1.110431094322e-16 
 1988       3.107756014570e-11       3.863471598873e-16       1.109910286345e-16 
 1989       3.108052687847e-11       3.855580958117e-16       1.109299354522e-16 
 1990       3.108362404202e-11       3.847710062321e-16       1.108601196113e-16 
 1991       3.108682506697e-11       3.839858852581e-16       1.107818720831e-16 
 1992       3.109010327581e-11       3.832027269448e-16       1.106954850858e-16 
 1993       3.109343188276e-11       3.824215252931e-16       1.106012520858e-16 
 1994       3.109678399358e-11       3.816422742498e-16       1.104994677997e-16 
 1995       3.110013260553e-11       3.808649677070e-16       1.103904281955e-16 
 1996       3.110345060713e-11       3.800895995023e-16       1.102744304945e-16 
 1997       3.110671077812e-11       3.793161634189e-16       1.101517731729e-16 
 1998       3.110988578924e-11       3.785446531851e-16       1.100227559631e-16 
 1999       3.111294820214e-11       3.777750624746e-16       1.098876798556e-16 
 2000       3.111587046925e-11       3.770073849060e-16       1.097468471004e-16 
 2001       3.111862493361e-11       3.762416140433e-16       1.096005612087e-16 
 2002       3.112118382875e-11       3.754777433953e-16       1.094491269545e-16 
 2003       3.112351927858e-11       3.747157664156e-16       1.092928503763e-16 
 2004       3.112560329719e-11       3.739556765028e-16       1.091320387783e-16 
 2005       3.112740778879e-11       3.731974670002e-16       1.089670007325e-16 
 2006       3.112890454750e-11       3.724411311956e-16       1.087980460798e-16 
 2007       3.113006525729e-11       3.716866623216e-16       1.086254859322e-16 
 2008       3.113086149176e-11       3.709340535550e-16       1.084496326739e-16 
 2009       3.113126707641e-11       3.701832985022e-16       1.082707437362e-16 
 2010       3.113126519424e-11       3.694343926575e-16       1.080888524716e-16 
 2011       3.113084133162e-11       3.686873319553e-16       1.079039360510e-16 
 2012       3.112998092059e-11       3.679421122855e-16       1.077159715781e-16 
 2013       3.112866933877e-11       3.671987294938e-16       1.075249360895e-16 
 2014       3.112689190935e-11       3.664571793814e-16       1.073308065549e-16 
 2015       3.112463390096e-11       3.657174577052e-16       1.071335598767e-16 
 2016       3.112188052764e-11       3.649795601775e-16       1.069331728898e-16 
 2017       3.111861694879e-11       3.642434824660e-16       1.067296223620e-16 
 2018       3.111482826904e-11       3.635092201937e-16       1.065228849935e-16 
 2019       3.111049953827e-11       3.627767689389e-16       1.063129374172e-16 
 2020       3.110561575145e-11       3.620461242351e-16       1.060997561981e-16 
 2021       3.110016184866e-11       3.613172815710e-16       1.058833178339e-16 
 2022       3.109412271496e-11       3.605902363902e-16       1.056635987542e-16 
 2023       3.108748318038e-11       3.598649840915e-16       1.054405753211e-16 
 2024       3.108022801980e-11       3.591415200283e-16       1.052142238286e-16 
 2025       3.107234195291e-11       3.584198395092e-16       1.049845205030e-16 
 2026       3.106380964414e-11       3.576999377974e-16       1.047514415023e-16 
 2027       3.105461570262e-11       3.569818101108e-16       1.045149629166e-16 
 2028       3.104474468204e-11       3.562654516220e-16       1.042750607676e-16 
 2029       3.103418108068e-11       3.555508574581e-16       1.040317110091e-16 
 2030       3.102290934127e-11       3.548380227008e-16       1.037848895261e-16 
 2031       3.101091385097e-11       3.541269423861e-16       1.035345721357e-16 
 2032       3.099817894126e-11       3.534176115046e-16       1.032807345862e-16 
 2033       3.098468888792e-11       3.527100250010e-16       1.030233525575e-16 
 2034       3.097042791092e-11       3.520041777742e-16       1.027624016608e-16 
 2035       3.095538017440e-11       3.513000646773e-16       1.024978574385e-16 
 2036       3.093952978656e-11       3.505976805177e-16       1.022296953646e-16 
 2037       3.092286079963e-11       3.498970200564e-16       1.019578908439e-16 
 2038       3.090535720977e-11       3.491980780087e-16       1.016824192124e-16 
 2039       3.088700295703e-11       3.485008490437e-16       1.014032557371e-16 
 2040       3.086778192528e-11       3.478053277842e-16       1.011203756160e-16 
 2041       3.084767794212e-11       3.471115088069e-16       1.008337539779e-16 
 2042       3.082667477886e-11       3.464193866419e-16       1.005433658824e-16 
 2043       3.080475615041e-11       3.457289557733e-16       1.002491863198e-16 
 2044       3.078190571522e-11       3.450402106383e-16       9.995119021100e-17 
 2045       3.075810707524e-11       3.443531456279e-16       9.964935240760e-17 
 2046       3.073334377584e-11       3.436677550863e-16       9.934364769158e-17 
 2047       3.070759930573e-11       3.429840333112e-16       9.903405077534e-17 
 2048       3.068086009815e-11       3.423019748635e-16       9.872054930728e-17 
 2049       3.065312455799e-11       3.416215755005e-16       9.840318299012e-17 
 2050       3.062439409904e-11       3.409428312491e-16       9.808200474199e-17 
 2051       3.059467014865e-11       3.402657380969e-16       9.775706771649e-17 
 2052       3.056395414774e-11       3.395902919916e-16       9.742842530295e-17 
 2053       3.053224755081e-11       3.389164888411e-16       9.709613112678e-17 
 2054       3.049955182597e-11       3.382443245135e-16       9.676023904974e-17 
 2055       3.046586845496e-11       3.375737948368e-16       9.642080317024e-17 
 2056       3.043119893316e-11       3.369048955993e-16       9.607787782362e-17 
 2057       3.039554476962e-11       3.362376225491e-16       9.573151758250e-17 
 2058       3.035890748709e-11       3.355719713943e-16       9.538177725702e-17 
 2059       3.032128862200e-11       3.349079378028e-16       9.502871189517e-17 
 2060       3.028268972453e-11       3.342455174021e-16       9.467237678310e-17 
 2061       3.024311235858e-11       3.335847057797e-16       9.431282744536e-17 
 2062       3.020255810184e-11       3.329254984828e-16       9.395011964526e-17 
 2063       3.016102854578e-11       3.322678910178e-16       9.358430938515e-17 
 2064       3.011852529565e-11       3.316118788511e-16       9.321545290671e-17 
 2065       3.007504997055e-11       3.309574574083e-16       9.284360669122e-17 
 2066       3.003060420341e-11       3.303046220745e-16       9.246882745993e-17 
 2067       2.998518964104e-11       3.296533681942e-16       9.209117217429e-17 
 2068       2.993880794412e-11       3.290036910712e-16       9.171069803628e-17 
 2069       2.989146078722e-11       3.283555859684e-16       9.132746248870e-17 
 2070       2.984314985885e-11       3.277090481080e-16       9.094152321547e-17 
 2071       2.979387686146e-11       3.270640726714e-16       9.055293814193e-17 
 2072       2.974364351145e-11       3.264206547989e-16       9.016176543513e-17 
 2073       2.969245153923e-11       3.257787895898e-16       8.976806350413e-17 
 2074       2.964030268916e-11       3.251384721025e-16       8.937189100032e-17 
 2075       2.958719871967e-11       3.244996973541e-16       8.897330681766e-17 
 2076       2.953314140321e-11       3.238624603206e-16       8.857237009305e-17 
 2077       2.947813252628e-11       3.232267559367e-16       8.816914020658e-17 
 2078       2.942217388947e-11       3.225925790960e-16       8.776367678186e-17 
 2079       2.936526730747e-11       3.219599246503e-16       8.735603968626e-17 
 2080       2.930741460909e-11       3.213287874105e-16       8.694628903129e-17 
 2081       2.924861763727e-11       3.206991621457e-16       8.653448517282e-17 
 2082       2.918887824911e-11       3.200710435834e-16       8.612068871145e-17 
 2083       2.912819831589e-11       3.194444264097e-16       8.570496049274e-17 
 2084       2.906657972309e-11       3.188193052689e-16       8.528736160754e-17 
 2085       2.900402437041e-11       3.181956747637e-16       8.486795339232e-17 
 2086       2.894053417176e-11       3.175735294548e-16       8.444679742939e-17 
 2087       2.887611298125e-11       3.169528642250e-16       8.402395230886e-17 
 2088       2.881077238570e-11       3.163336753733e-16       8.359946388886e-17 
 2089       2.874452595274e-11       3.157159595280e-16       8.317337496755e-17 
 2090       2.867738730870e-11       3.150997132840e-16       8.274572851559e-17 
 2091       2.860937013869e-11       3.144849332023e-16       8.231656767629e-17 
 2092       2.854048818660e-11       3.138716158101e-16       8.188593576586e-17 
 2093       2.847075525527e-11       3.132597576012e-16       8.145387627361e-17 
 2094       2.840018520648e-11       3.126493550351e-16       8.102043286215e-17 
 2095       2.832879196108e-11       3.120404045375e-16       8.058564936759e-17 
 2096       2.825658949904e-11       3.114329025004e-16       8.014956979977e-17 
 2097       2.818359185951e-11       3.108268452815e-16       7.971223834246e-17 
 2098       2.810981314091e-11       3.102222292046e-16       7.927369935358e-17 
 2099       2.803526750100e-11       3.096190505593e-16       7.883399736538e-17 
 2100       2.795996915696e-11       3.090173056012e-16       7.839317708467e-17 
 2101       2.788393238545e-11       3.084169905515e-16       7.795128339303e-17 
 2102       2.780717152267e-11       3.078181015973e-16       7.750836134701e-17 
 2103       2.772970096447e-11       3.072206348914e-16       7.706445617833e-17 
 2104       2.765153516639e-11       3.066245865521e-16       7.661961329412e-17 
 2105       2.757268864375e-11       3.060299526634e-16       7.617387827710e-17 
 2106       2.749317597172e-11       3.054367292748e-16       7.572729688580e-17 
 2107       2.741301178538e-11       3.048449124014e-16       7.527991505476e-17 
 2108       2.733221077982e-11       3.042544980236e-16       7.483177889475e-17 
 2109       2.725078771017e-11       3.036654820872e-16       7.438293469298e-17 
 2110       2.716875739173e-11       3.030778605035e-16       7.393342891328e-17 
 2111       2.708613469997e-11       3.024916291489e-16       7.348330819637e-17 
 2112       2.700293457069e-11       3.019067838651e-16       7.303261935998e-17 
 2113       2.691917200001e-11       3.013233204592e-16       7.258140939915e-17 
 2114       2.683486204449e-11       3.007412347030e-16       7.212972548637e-17 
 2115       2.675001982121e-11       3.001605223338e-16       7.167761497184e-17 
 2116       2.666466050779e-11       2.995811790537e-16       7.122512538364e-17 
 2117       2.657879934251e-11       2.990032005300e-16       7.077230442794e-17 
 2118       2.649245162440e-11       2.984265823946e-16       7.031919998925e-17 
 2119       2.640563271323e-11       2.978513202447e-16       6.986586013058e-17 
 2120       2.631835802968e-11       2.972774096420e-16       6.941233309368e-17 
 2121       2.623064305533e-11       2.967048461132e-16       6.895866729922e-17 
 2122       2.614250333280e-11       2.961336251495e-16       6.850491134705e-17 
 2123       2.605395446579e-11       2.955637422072e-16       6.805111401633e-17 
 2124       2.596501211914e-11       2.949951927068e-16       6.759732426583e-17 
 2125       2.587569201892e-11       2.944279720335e-16       6.714359123405e-17 
 2126       2.578601001026e-11       2.938620758361e-16       6.668995993754e-17 
 2127       2.569598223110e-11       2.932975009257e-16       6.623645833276e-17 
 2128       2.560562493977e-11       2.927342443826e-16       6.578311016555e-17 
 2129       2.551495445742e-11       2.921723032585e-16       6.532993926506e-17 
 2130       2.542398716809e-11       2.916116745763e-16       6.487696954382e-17 
 2131       2.533273951882e-11       2.910523553298e-16       6.442422499792e-17 
 2132       2.524122801968e-11       2.904943424837e-16       6.397172970702e-17 
 2133       2.514946924387e-11       2.899376329739e-16       6.351950783449e-17 
 2134       2.505747982777e-11       2.893822237071e-16       6.306758362747e-17 
 2135       2.496527647104e-11       2.888281115610e-16       6.261598141701e-17 
 2136       2.487287593670e-11       2.882752933839e-16       6.216472561814e-17 
 2137       2.478029505117e-11       2.877237659953e-16       6.171384072995e-17 
 2138       2.468755070436e-11       2.871735261850e-16       6.126335133571e-17 
 2139       2.459465984977e-11       2.866245707139e-16       6.081328210294e-17 
 2140       2.450163950452e-11       2.860768963134e-16       6.036365778354e-17 
 2141       2.440850674945e-11       2.855304996854e-16       5.991450321385e-17 
 2142       2.431527872919e-11       2.849853775028e-16       5.946584331476e-17 
 2143       2.422197265225e-11       2.844415264086e-16       5.901770309179e-17 
 2144       2.412860579105e-11       2.838989430165e-16       5.857010763522e-17 
 2145       2.403519548205e-11       2.833576239107e-16       5.812308212015e-17 
 2146       2.394175912578e-11       2.828175656458e-16       5.767665180659e-17 
 2147       2.384831418694e-11       2.822787647467e-16       5.723084203960e-17 
 2148       2.375487819445e-11       2.817412177087e-16       5.678567824933e-17 
 2149       2.366146874155e-11       2.812049209974e-16       5.634118595114e-17 
 2150       2.356810348588e-11       2.806698710485e-16       5.589739074571e-17 
 2151       2.347480014951e-11       2.801360642682e-16       5.545431831911e-17 
 2152       2.338157651906e-11       2.796034970326e-16       5.501199444290e-17 
 2153       2.328845044574e-11       2.790721656880e-16       5.457044497422e-17 
 2154       2.319543984547e-11       2.785420665509e-16       5.412969585591e-17 
 2155       2.310256269888e-11       2.780131959076e-16       5.368977311656e-17 
 2156       2.300983705147e-11       2.774855500145e-16       5.325070287066e-17 
 2157       2.291728101363e-11       2.769591250982e-16       5.281251131865e-17 
 2158       2.282491276072e-11       2.764339173547e-16       5.237522474702e-17 
 2159       2.273275053316e-11       2.759099229504e-16       5.193886952843e-17 
 2160       2.264081263648e-11       2.753871380211e-16       5.150347212178e-17 
 2161       2.254911744144e-11       2.748655586727e-16       5.106905907232e-17 
 2162       2.245768338406e-11       2.743451809805e-16       5.063565701172e-17 
 2163       2.236652896568e-11       2.738260009899e-16       5.020329265821e-17 
 2164       2.227567275311e-11       2.733080147156e-16       4.977199281662e-17 
 2165       2.218513193902e-11       2.727912184328e-16       4.934178714083e-17 
 2166       2.209491801261e-11       2.722756095513e-16       4.891271644116e-17 
 2167       2.200504105984e-11       2.717611857470e-16       4.848482443333e-17 
 2168       2.191551120042e-11       2.712479446716e-16       4.805815498141e-17 
 2169       2.182633858785e-11       2.707358839531e-16       4.763275209798e-17 
 2170       2.173753340945e-11       2.702250011950e-16       4.720865994429e-17 
 2171       2.164910588642e-11       2.697152939767e-16       4.678592283043e-17 
 2172       2.156106627383e-11       2.692067598534e-16       4.636458521551e-17 
 2173       2.147342486071e-11       2.686993963564e-16       4.594469170780e-17 
 2174       2.138619197008e-11       2.681932009921e-16       4.552628706491e-17 
 2175       2.129937795892e-11       2.676881712432e-16       4.510941619396e-17 
 2176       2.121299321832e-11       2.671843045677e-16       4.469412415173e-17 
 2177       2.112704817342e-11       2.666815983993e-16       4.428045614484e-17 
 2178       2.104155328349e-11       2.661800501473e-16       4.386845752989e-17 
 2179       2.095651904196e-11       2.656796571966e-16       4.345817381367e-17 
 2180       2.087195597648e-11       2.651804169076e-16       4.304965065327e-17 
 2181       2.078787464891e-11       2.646823266162e-16       4.264293385631e-17 
 2182       2.070428565541e-11       2.641853836335e-16       4.223806938103e-17 
 2183       2.062119962642e-11       2.636895852465e-16       4.183510333651e-17 
 2184       2.053862722675e-11       2.631949287171e-16       4.143408198283e-17 
 2185       2.045657915559e-11       2.627014112828e-16       4.103505173121e-17 
 2186       2.037506614656e-11       2.622090301565e-16       4.063805914420e-17 
 2187       2.029409896774e-11       2.617177825260e-16       4.024315093583e-17 
 2188       2.021368842169e-11       2.612276655546e-16       3.985037397176e-17 
 2189       2.013384534553e-11       2.607386763809e-16       3.945977526951e-17 
 2190       2.005458061094e-11       2.602508121185e-16       3.907140199853e-17 
 2191       1.997590512422e-11       2.597640698561e-16       3.868530148046e-17 
 2192       1.989782982630e-11       2.592784466576e-16       3.830152118923e-17 
 2193       1.982036569281e-11       2.587939395618e-16       3.792010875123e-17 
 2194       1.974352373410e-11       2.583105455829e-16       3.754111194553e-17 
 2195       1.966731499527e-11       2.578282617096e-16       3.716457870396e-17 
 2196       1.959175055624e-11       2.573470849059e-16       3.679055711136e-17 
 2197       1.951684153174e-11       2.568670121107e-16       3.641909540569e-17 
 2198       1.944259907139e-11       2.563880402376e-16       3.605024197822e-17 
 2199       1.936903435970e-11       2.559101661751e-16       3.568404537367e-17 
 2200       1.929615861615e-11       2.554333867868e-16       3.532055429040e-17 
 2201       1.922398309518e-11       2.549576989106e-16       3.495981758059e-17 
 2202       1.915251908628e-11       2.544830993596e-16       3.460188425034e-17 
 2203       1.908177791397e-11       2.540095849212e-16       3.424680345991e-17 
 2204       1.901176907181e-11       2.535371524837e-16       3.389461505364e-17 
 2205       1.894249461065e-11       2.530657994135e-16       3.354532108068e-17 
 2206       1.887395471315e-11       2.525955231801e-16       3.319891408544e-17 
 2207       1.880614955649e-11       2.521263212303e-16       3.285538656056e-17 
 2208       1.873907931234e-11       2.516581909880e-16       3.251473094679e-17 
 2209       1.867274414683e-11       2.511911298547e-16       3.217693963298e-17 
 2210       1.860714422062e-11       2.507251352088e-16       3.184200495599e-17 
 2211       1.854227968879e-11       2.502602044059e-16       3.150991920059e-17 
 2212       1.847815070090e-11       2.497963347791e-16       3.118067459945e-17 
 2213       1.841475740096e-11       2.493335236381e-16       3.085426333304e-17 
 2214       1.835209992743e-11       2.488717682701e-16       3.053067752953e-17 
 2215       1.829017841320e-11       2.484110659393e-16       3.020990926479e-17 
 2216       1.822899298557e-11       2.479514138867e-16       2.989195056228e-17 
 2217       1.816854376627e-11       2.474928093304e-16       2.957679339296e-17 
 2218       1.810883087144e-11       2.470352494657e-16       2.926442967529e-17 
 2219       1.804985441161e-11       2.465787314645e-16       2.895485127507e-17 
 2220       1.799161449171e-11       2.461232524757e-16       2.864805000547e-17 
 2221       1.793411121104e-11       2.456688096252e-16       2.834401762687e-17 
 2222       1.787734466329e-11       2.452154000155e-16       2.804274584686e-17 
 2223       1.782131493650e-11       2.447630207261e-16       2.774422632015e-17 
 2224       1.776602211306e-11       2.443116688133e-16       2.744845064846e-17 
 2225       1.771146626974e-11       2.438613413098e-16       2.715541038052e-17 
 2226       1.765764747760e-11       2.434120352254e-16       2.686509701197e-17 
 2227       1.760456580207e-11       2.429637475465e-16       2.657750198526e-17 
 2228       1.755222130288e-11       2.425164752358e-16       2.629261668965e-17 
 2229       1.750061403407e-11       2.420702152331e-16       2.601043246107e-17 
 2230       1.744974404400e-11       2.416249644545e-16       2.573094058210e-17 
 2231       1.739961137531e-11       2.411807197926e-16       2.545413228188e-17 
 2232       1.735021606494e-11       2.407374781167e-16       2.517999873606e-17 
 2233       1.730155814409e-11       2.402952362724e-16       2.490853106670e-17 
 2234       1.725363763824e-11       2.398539910819e-16       2.463972034223e-17 
 2235       1.720645456712e-11       2.394137393438e-16       2.437355757737e-17 
 2236       1.716000894473e-11       2.389744778330e-16       2.411003373306e-17 
 2237       1.711430077929e-11       2.385362033007e-16       2.384913971639e-17 
 2238       1.706933007327e-11       2.380989124747e-16       2.359086638055e-17 
 2239       1.702509682336e-11       2.376626020587e-16       2.333520452472e-17 
 2240       1.698160102046e-11       2.372272687330e-16       2.308214489405e-17 
 2241       1.693884264969e-11       2.367929091540e-16       2.283167817956e-17 
 2242       1.689682169036e-11       2.363595199543e-16       2.258379501808e-17 
 2243       1.685553685777e-11       2.359270979499e-16       2.233848958990e-17 
 2244       1.681498181962e-11       2.354956407638e-16       2.209577043744e-17 
 2245       1.677514895490e-11       2.350651462064e-16       2.185564971705e-17 
 2246       1.673603060978e-11       2.346356120689e-16       2.161813960773e-17 
 2247       1.669761909759e-11       2.342070361225e-16       2.138325231113e-17 
 2248       1.665990669880e-11       2.337794161193e-16       2.115100005161e-17 
 2249       1.662288566093e-11       2.333527497916e-16       2.092139507619e-17 
 2250       1.658654819856e-11       2.329270348521e-16       2.069444965463e-17 
 2251       1.655088649328e-11       2.325022689940e-16       2.047017607942e-17 
 2252       1.651589269362e-11       2.320784498907e-16       2.024858666578e-17 
 2253       1.648155891507e-11       2.316555751961e-16       2.002969375173e-17 
 2254       1.644787723997e-11       2.312336425442e-16       1.981350969804e-17 
 2255       1.641483971753e-11       2.308126495493e-16       1.960004688829e-17 
 2256       1.638243836377e-11       2.303925938061e-16       1.938931772890e-17 
 2257       1.635066516149e-11       2.299734728894e-16       1.918133464908e-17 
 2258       1.631951206018e-11       2.295552843541e-16       1.897611010094e-17 
 2259       1.628897097608e-11       2.291380257354e-16       1.877365655942e-17 
 2260       1.625903379205e-11       2.287216945486e-16       1.857398652238e-17 
 2261       1.622969235758e-11       2.283062882891e-16       1.837711251054e-17 
 2262       1.620093848872e-11       2.278918044322e-16       1.818304706759e-17 
 2263       1.617276396808e-11       2.274782404336e-16       1.799180276012e-17 
 2264       1.614516054477e-11       2.270655937288e-16       1.780339217768e-17 
 2265       1.611811993434e-11       2.266538617332e-16       1.761782793282e-17 
 2266       1.609163381878e-11       2.262430418424e-16       1.743512266104e-17 
 2267       1.606569384646e-11       2.258331314319e-16       1.725528902087e-17 
 2268       1.604029163210e-11       2.254241278569e-16       1.707833969385e-17 
 2269       1.601541875673e-11       2.250160284527e-16       1.690428738457e-17 
 2270       1.599106676762e-11       2.246088305345e-16       1.673314482067e-17 
 2271       1.596722717831e-11       2.242025313971e-16       1.656492475288e-17 
 2272       1.594389146850e-11       2.237971283153e-16       1.639963995499e-17 
 2273       1.592105108406e-11       2.233926185436e-16       1.623730322393e-17 
 2274       1.589869743696e-11       2.229889993163e-16       1.607792737974e-17 
 2275       1.587682190525e-11       2.225862678474e-16       1.592152526561e-17 
 2276       1.585541583302e-11       2.221844213306e-16       1.576810974787e-17 
 2277       1.583447053036e-11       2.217834569392e-16       1.561769371605e-17 
 2278       1.581397727330e-11       2.213833718263e-16       1.547029008288e-17 
 2279       1.579392730382e-11       2.209841631245e-16       1.532591178426e-17 
 2280       1.577431182974e-11       2.205858279461e-16       1.518457177937e-17 
 2281       1.575512202477e-11       2.201883633827e-16       1.504628305061e-17 
 2282       1.573634887177e-11       2.197917667504e-16       1.491105641943e-17 
 2283       1.571798269184e-11       2.193960363249e-16       1.477889397851e-17 
 2284       1.570001361219e-11       2.190011706106e-16       1.464979561746e-17 
 2285       1.568243172239e-11       2.186071680966e-16       1.452376120322e-17 
 2286       1.566522707438e-11       2.182140272568e-16       1.440079057998e-17 
 2287       1.564838968237e-11       2.178217465493e-16       1.428088356917e-17 
 2288       1.563190952288e-11       2.174303244170e-16       1.416403996942e-17 
 2289       1.561577653462e-11       2.170397592873e-16       1.405025955652e-17 
 2290       1.559998061846e-11       2.166500495719e-16       1.393954208340e-17 
 2291       1.558451163744e-11       2.162611936672e-16       1.383188728011e-17 
 2292       1.556935941668e-11       2.158731899540e-16       1.372729485375e-17 
 2293       1.555451374334e-11       2.154860367975e-16       1.362576448844e-17 
 2294       1.553996436659e-11       2.150997325473e-16       1.352729584534e-17 
 2295       1.552570099758e-11       2.147142755374e-16       1.343188856255e-17 
 2296       1.551171330937e-11       2.143296640864e-16       1.333954225511e-17 
 2297       1.549799093690e-11       2.139458964968e-16       1.325025651497e-17 
 2298       1.548452347695e-11       2.135629710559e-16       1.316403091095e-17 
 2299       1.547130048811e-11       2.131808860349e-16       1.308086498870e-17 
 2300       1.545831149070e-11       2.127996396897e-16       1.300075827068e-17 
 2301       1.544554596678e-11       2.124192302600e-16       1.292371025610e-17 
 2302       1.543299336004e-11       2.120396559702e-16       1.284972042093e-17 
 2303       1.542064307583e-11       2.116609150286e-16       1.277878821784e-17 
 2304       1.540848448109e-11       2.112830056279e-16       1.271091307616e-17 
 2305       1.539650690426e-11       2.109059259447e-16       1.264609440185e-17 
 2306       1.538469963532e-11       2.105296741402e-16       1.258433157750e-17 
 2307       1.537305192570e-11       2.101542483594e-16       1.252562396226e-17 
 2308       1.536155298823e-11       2.097796467314e-16       1.246997089180e-17 
 2309       1.535019199713e-11       2.094058673697e-16       1.241737167831e-17 
 2310       1.533895808793e-11       2.090329083715e-16       1.236782561044e-17 
 2311       1.532784035748e-11       2.086607678183e-16       1.232133195331e-17 
 2312       1.531682786385e-11       2.082894437756e-16       1.227788994840e-17 
 2313       1.530590962633e-11       2.079189342928e-16       1.223749881359e-17 
 2314       1.529507462535e-11       2.075492374034e-16       1.220015774309e-17 
 2315       1.528431180248e-11       2.071803511248e-16       1.216586590742e-17 
 2316       1.527361006036e-11       2.068122734583e-16       1.213462245335e-17 
 2317       1.526295826267e-11       2.064450023893e-16       1.210642650393e-17 
 2318       1.525234523407e-11       2.060785358870e-16       1.208127715837e-17 
 2319       1.524175976018e-11       2.057128719043e-16       1.205917349208e-17 
 2320       1.523119058752e-11       2.053480083783e-16       1.204011455661e-17 
 2321       1.522062721381e-11       2.049839432765e-16       1.202407659097e-17 
 2322       1.521006226433e-11       2.046206747375e-16       1.201094449865e-17 
 2323       1.519948913044e-11       2.042582009314e-16       1.200057993830e-17 
 2324       1.518890118061e-11       2.038965200131e-16       1.199284407260e-17 
 2325       1.517829176042e-11       2.035356301221e-16       1.198759756767e-17 
 2326       1.516765419248e-11       2.031755293826e-16       1.198470059258e-17 
 2327       1.515698177644e-11       2.028162159037e-16       1.198401281879e-17 
 2328       1.514626778896e-11       2.024576877790e-16       1.198539341958e-17 
 2329       1.513550548369e-11       2.020999430866e-16       1.198870106958e-17 
 2330       1.512468809123e-11       2.017429798894e-16       1.199379394415e-17 
 2331       1.511380881912e-11       2.013867962349e-16       1.200052971890e-17 
 2332       1.510286085181e-11       2.010313901551e-16       1.200876556910e-17 
 2333       1.509183735063e-11       2.006767596667e-16       1.201835816920e-17 
 2334       1.508073145377e-11       2.003229027707e-16       1.202916369222e-17 
 2335       1.506953627628e-11       1.999698174528e-16       1.204103780927e-17 
 2336       1.505824490999e-11       1.996175016832e-16       1.205383568896e-17 
 2337       1.504685042352e-11       1.992659534165e-16       1.206741199690e-17 
 2338       1.503534586228e-11       1.989151705917e-16       1.208162089513e-17 
 2339       1.502372424838e-11       1.985651511324e-16       1.209631604161e-17 
 2340       1.501197858066e-11       1.982158929466e-16       1.211135058962e-17 
 2341       1.500010183466e-11       1.978673939265e-16       1.212657718731e-17 
 2342       1.498808696256e-11       1.975196519489e-16       1.214184797708e-17 
 2343       1.497592689319e-11       1.971726648749e-16       1.215701459508e-17 
 2344       1.496361453199e-11       1.968264305497e-16       1.217192817064e-17 
 2345       1.495114276100e-11       1.964809468032e-16       1.218643932576e-17 
 2346       1.493850443880e-11       1.961362114493e-16       1.220039817457e-17 
 2347       1.492569240053e-11       1.957922222864e-16       1.221365432276e-17 
 2348       1.491269945784e-11       1.954489770969e-16       1.222605686705e-17 
 2349       1.489951839887e-11       1.951064736476e-16       1.223745439468e-17 
 2350       1.488614198822e-11       1.947647096894e-16       1.224769498282e-17 
 2351       1.487256296694e-11       1.944236829577e-16       1.225662619806e-17 
 2352       1.485877405249e-11       1.940833911716e-16       1.226409509587e-17 
 2353       1.484476793871e-11       1.937438320346e-16       1.226994822005e-17 
 2354       1.483053729583e-11       1.934050032345e-16       1.227403160218e-17 
 2355       1.481607477041e-11       1.930669024429e-16       1.227619076112e-17 
 2356       1.480137298532e-11       1.927295273156e-16       1.227627070241e-17 
 2357       1.478642453973e-11       1.923928754926e-16       1.227411591778e-17 
 2358       1.477122200908e-11       1.920569445977e-16       1.226957038458e-17 
 2359       1.475575794505e-11       1.917217322390e-16       1.226247756526e-17 
 2360       1.474002601982e-11       1.913872361394e-16       1.225274403989e-17 
 2361       1.472402446669e-11       1.910534545310e-16       1.224053083634e-17 
 2362       1.470775266073e-11       1.907203857632e-16       1.222606328603e-17 
 2363       1.469120997651e-11       1.903880281722e-16       1.220956749946e-17 
 2364       1.467439578801e-11       1.900563800807e-16       1.219127036704e-17 
 2365       1.465730946867e-11       1.897254397978e-16       1.217139955991e-17 
 2366       1.463995039141e-11       1.893952056195e-16       1.215018353078e-17 
 2367       1.462231792857e-11       1.890656758282e-16       1.212785151475e-17 
 2368       1.460441145196e-11       1.887368486927e-16       1.210463353017e-17 
 2369       1.458623033282e-11       1.884087224686e-16       1.208076037942e-17 
 2370       1.456777394187e-11       1.880812953976e-16       1.205646364977e-17 
 2371       1.454904164928e-11       1.877545657082e-16       1.203197571423e-17 
 2372       1.453003282463e-11       1.874285316153e-16       1.200752973232e-17 
 2373       1.451074683701e-11       1.871031913201e-16       1.198335965097e-17 
 2374       1.449118305492e-11       1.867785430104e-16       1.195970020530e-17 
 2375       1.447134084634e-11       1.864545848603e-16       1.193678691946e-17 
 2376       1.445121957866e-11       1.861313150303e-16       1.191485610747e-17 
 2377       1.443081861877e-11       1.858087316673e-16       1.189414487405e-17 
 2378       1.441013733299e-11       1.854868329045e-16       1.187489111544e-17 
 2379       1.438917508708e-11       1.851656168615e-16       1.185733352024e-17 
 2380       1.436793124627e-11       1.848450816442e-16       1.184171157022e-17 
 2381       1.434640517522e-11       1.845252253448e-16       1.182826554119e-17 
 2382       1.432459623807e-11       1.842060460417e-16       1.181723650378e-17 
 2383       1.430250379839e-11       1.838875417997e-16       1.180886632431e-17 
 2384       1.428012721920e-11       1.835697106698e-16       1.180339766559e-17 
 2385       1.425746586298e-11       1.832525506891e-16       1.180107398777e-17 
 2386       1.423451909166e-11       1.829360598813e-16       1.180213954917e-17 
 2387       1.421128626662e-11       1.826202362557e-16       1.180683940710e-17 
 2388       1.418776674868e-11       1.823050778083e-16       1.181541941869e-17 
 2389       1.416395989813e-11       1.819905825211e-16       1.182812624172e-17 
 2390       1.413986507470e-11       1.816767483620e-16       1.184520733546e-17 
 2391       1.411548163756e-11       1.813635732854e-16       1.186691096149e-17 
 2392       1.409080894535e-11       1.810510552316e-16       1.189348618454e-17 
 2393       1.406584635615e-11       1.807391921271e-16       1.192518287329e-17 
 2394       1.404059322749e-11       1.804279818842e-16       1.196225170124e-17 
 2395       1.401504891635e-11       1.801174224017e-16       1.200494414753e-17 
 2396       1.398921277917e-11       1.798075115640e-16       1.205351249774e-17 
 2397       1.396308417182e-11       1.794982472418e-16       1.210820984475e-17 
 2398       1.393666244965e-11       1.791896272917e-16       1.216929008957e-17 
 2399       1.390994778458e-11       1.788816497445e-16       1.223693366550e-17 
 2400       1.388294362207e-11       1.785743133703e-16       1.231102421357e-17 
 2401       1.385565423917e-11       1.782676171171e-16       1.239137054578e-17 
 2402       1.382808392875e-11       1.779615599223e-16       1.247778079723e-17 
 2403       1.380023699952e-11       1.776561407131e-16       1.257006242543e-17 
 2404       1.377211777606e-11       1.773513584064e-16       1.266802220960e-17 
 2405       1.374373059881e-11       1.770472119087e-16       1.277146624988e-17 
 2406       1.371507982411e-11       1.767437001161e-16       1.288019996670e-17 
 2407       1.368616982420e-11       1.764408219146e-16       1.299402809999e-17 
 2408       1.365700498726e-11       1.761385761795e-16       1.311275470850e-17 
 2409       1.362758971740e-11       1.758369617759e-16       1.323618316909e-17 
 2410       1.359792843470e-11       1.755359775583e-16       1.336411617597e-17 
 2411       1.356802557519e-11       1.752356223710e-16       1.349635574002e-17 
 2412       1.353788559092e-11       1.749358950477e-16       1.363270318806e-17 
 2413       1.350751294995e-11       1.746367944119e-16       1.377295916212e-17 
 2414       1.347691213636e-11       1.743383192762e-16       1.391692361875e-17 
 2415       1.344608765026e-11       1.740404684431e-16       1.406439582826e-17 
 2416       1.341504400785e-11       1.737432407045e-16       1.421517437404e-17 
 2417       1.338378574138e-11       1.734466348418e-16       1.436905715182e-17 
 2418       1.335231739921e-11       1.731506496259e-16       1.452584136898e-17 
 2419       1.332064354582e-11       1.728552838170e-16       1.468532354378e-17 
 2420       1.328876876180e-11       1.725605361650e-16       1.484729950469e-17 
 2421       1.325669764389e-11       1.722664054092e-16       1.501156438965e-17 
 2422       1.322443480501e-11       1.719728902781e-16       1.517791264536e-17 
 2423       1.319198487424e-11       1.716799894899e-16       1.534613802656e-17 
 2424       1.315935249686e-11       1.713877017521e-16       1.551603359529e-17 
 2425       1.312654233438e-11       1.710960257614e-16       1.568739172021e-17 
 2426       1.309355906452e-11       1.708049602043e-16       1.586000407587e-17 
 2427       1.306040738125e-11       1.705145037562e-16       1.603366164195e-17 
 2428       1.302709199483e-11       1.702246550821e-16       1.620815470262e-17 
 2429       1.299361763177e-11       1.699354128363e-16       1.638327284575e-17 
 2430       1.295998903490e-11       1.696467756625e-16       1.655880496222e-17 
 2431       1.292621096334e-11       1.693587421935e-16       1.673453924522e-17 
 2432       1.289228819258e-11       1.690713110514e-16       1.691026318950e-17 
 2433       1.285822551443e-11       1.687844808479e-16       1.708576359066e-17 
 2434       1.282402773707e-11       1.684982501837e-16       1.726082654445e-17 
 2435       1.278969968508e-11       1.682126176487e-16       1.743523744604e-17 
 2436       1.275524619943e-11       1.679275818221e-16       1.760878098928e-17 
 2437       1.272067213750e-11       1.676431412725e-16       1.778124116602e-17 
 2438       1.268598247786e-11       1.673592946144e-16       1.795243807086e-17 
 2439       1.265118263515e-11       1.670760406794e-16       1.812233855850e-17 
 2440       1.261627814715e-11       1.667933783463e-16       1.829094624953e-17 
 2441       1.258127457016e-11       1.665113064839e-16       1.845826478531e-17 
 2442       1.254617747906e-11       1.662298239516e-16       1.862429782805e-17 
 2443       1.251099246730e-11       1.659489295990e-16       1.878904906075e-17 
 2444       1.247572514698e-11       1.656686222658e-16       1.895252218731e-17 
 2445       1.244038114878e-11       1.653889007820e-16       1.911472093249e-17 
 2446       1.240496612206e-11       1.651097639680e-16       1.927564904196e-17 
 2447       1.236948573482e-11       1.648312106342e-16       1.943531028233e-17 
 2448       1.233394567376e-11       1.645532395813e-16       1.959370844116e-17 
 2449       1.229835164429e-11       1.642758496002e-16       1.975084732699e-17 
 2450       1.226270937051e-11       1.639990394719e-16       1.990673076938e-17 
 2451       1.222702459529e-11       1.637228079676e-16       2.006136261891e-17 
 2452       1.219130308026e-11       1.634471538488e-16       2.021474674721e-17 
 2453       1.215555060581e-11       1.631720758669e-16       2.036688704700e-17 
 2454       1.211977297115e-11       1.628975727636e-16       2.051778743209e-17 
 2455       1.208397599429e-11       1.626236432707e-16       2.066745183745e-17 
 2456       1.204816551209e-11       1.623502861100e-16       2.081588421916e-17 
 2457       1.201234738025e-11       1.620774999935e-16       2.096308855451e-17 
 2458       1.197652747336e-11       1.618052836231e-16       2.110906884198e-17 
 2459       1.194071168491e-11       1.615336356911e-16       2.125382910129e-17 
 2460       1.190490592728e-11       1.612625548796e-16       2.139737337338e-17 
 2461       1.186911613179e-11       1.609920398607e-16       2.153970572049e-17 
 2462       1.183334824872e-11       1.607220892968e-16       2.168083022616e-17 
 2463       1.179760824731e-11       1.604527018400e-16       2.182075099526e-17 
 2464       1.176190211581e-11       1.601838761325e-16       2.195947215398e-17 
 2465       1.172623586145e-11       1.599156108067e-16       2.209699784991e-17 
 2466       1.169061551050e-11       1.596479044848e-16       2.223333225204e-17 
 2467       1.165504710827e-11       1.593807557789e-16       2.236847955077e-17 
 2468       1.161953671916e-11       1.591141632911e-16       2.250244395794e-17 
 2469       1.158409042663e-11       1.588481256136e-16       2.263522970689e-17 
 2470       1.154871433324e-11       1.585826413284e-16       2.276684105242e-17 
 2471       1.151341456070e-11       1.583177090073e-16       2.289728227089e-17 
 2472       1.147819724983e-11       1.580533272123e-16       2.302655766018e-17 
 2473       1.144306856064e-11       1.577894944950e-16       2.315467153973e-17 
 2474       1.140803467230e-11       1.575262093971e-16       2.328162825061e-17 
 2475       1.137310178318e-11       1.572634704499e-16       2.340743215548e-17 
 2476       1.133827611089e-11       1.570012761749e-16       2.353208763865e-17 
 2477       1.130356339295e-11       1.567396249558e-16       2.365559650976e-17 
 2478       1.126896738571e-11       1.564785146556e-16       2.377795019799e-17 
 2479       1.123449135662e-11       1.562179429975e-16       2.389913751175e-17 
 2480       1.120013858273e-11       1.559579076921e-16       2.401914723081e-17 
 2481       1.116591235072e-11       1.556984064372e-16       2.413796810626e-17 
 2482       1.113181595688e-11       1.554394369180e-16       2.425558886053e-17 
 2483       1.109785270713e-11       1.551809968068e-16       2.437199818728e-17 
 2484       1.106402591705e-11       1.549230837634e-16       2.448718475146e-17 
 2485       1.103033891186e-11       1.546656954347e-16       2.460113718924e-17 
 2486       1.099679502643e-11       1.544088294550e-16       2.471384410796e-17 
 2487       1.096339760532e-11       1.541524834457e-16       2.482529408618e-17 
 2488       1.093015000277e-11       1.538966550153e-16       2.493547567358e-17 
 2489       1.089705558270e-11       1.536413417598e-16       2.504437739096e-17 
 2490       1.086411771873e-11       1.533865412621e-16       2.515198773022e-17 
 2491       1.083133979418e-11       1.531322510925e-16       2.525829515434e-17 
 2492       1.079872520210e-11       1.528784688083e-16       2.536328809733e-17 
 2493       1.076627734527e-11       1.526251919539e-16       2.546695496422e-17 
 2494       1.073399963619e-11       1.523724180610e-16       2.556928413102e-17 
 2495       1.070189549712e-11       1.521201446482e-16       2.567026394472e-17 
 2496       1.066996836007e-11       1.518683692214e-16       2.576988272324e-17 
 2497       1.063822166680e-11       1.516170892734e-16       2.586812875542e-17 
 2498       1.060665886886e-11       1.513663022842e-16       2.596499030097e-17 
 2499       1.057528342757e-11       1.511160057207e-16       2.606045559046e-17 
 2500       1.054409881407e-11       1.508661970370e-16       2.615451282531e-17 
