    2       1.369435772377e-10       8.359314711781e-09       4.488328525984e-10 
    3       1.297031906094e-10       5.106343090065e-09       3.177542164174e-10 
    4       1.228353635751e-10       3.536390334833e-09       2.404217765527e-10 
    5       1.176889771280e-10       2.632468495669e-09       1.898197222260e-10 
    6       1.141637696893e-10       2.051675592835e-09       1.543751610140e-10 
    7       1.118699781941e-10       1.651987638102e-09       1.283498176195e-10 
    8       1.105422467645e-10       1.362863178698e-09       1.086166981537e-10 
    9       1.099429625416e-10       1.145642092398e-09       9.332592890337e-11 
   10       1.098334205385e-10       9.777427760205e-10       8.122864391553e-11 
   11       1.101685580605e-10       8.375268739741e-10       7.218231304106e-11 
   12       1.107890757735e-10       7.319780744178e-10       6.381588523682e-11 
   13       1.116458711858e-10       6.453097779140e-10       5.702611691097e-11 
   14       1.127066002074e-10       5.731873329583e-10       5.114086323021e-11 
   15       1.139465809825e-10       5.124711628395e-10       4.617467123409e-11 
   16       1.152849814617e-10       4.608382360444e-10       4.188507041383e-11 
   17       1.167604432815e-10       4.165373067402e-10       3.813632503676e-11 
   18       1.183081145996e-10       3.780840464453e-10       3.487856609018e-11 
   19       1.199399354599e-10       3.448575071611e-10       3.206069921588e-11 
   20       1.216511889921e-10       3.155919405558e-10       2.955513598367e-11 
   21       1.234395092731e-10       2.898272625231e-10       2.731373245652e-11 
   22       1.252739895069e-10       2.669432031927e-10       2.528290799073e-11 
   23       1.271644000054e-10       2.466336183077e-10       2.346191443812e-11 
   24       1.291106675164e-10       2.284350584582e-10       2.184201921383e-11 
   25       1.311061569404e-10       2.121008290763e-10       2.039465188337e-11 
   26       1.331297530405e-10       1.973114057867e-10       1.907297578710e-11 
   27       1.351910917529e-10       1.839902053158e-10       1.786881400428e-11 
   28       1.372942924222e-10       1.719758817104e-10       1.677258120829e-11 
   29       1.394298341030e-10       1.609768051594e-10       1.576386212175e-11 
   30       1.416036790172e-10       1.509323940187e-10       1.484076327527e-11 
   31       1.438160549613e-10       1.417681337646e-10       1.399987850279e-11 
   32       1.460574904913e-10       1.333390884647e-10       1.323085696562e-11 
   33       1.483276193783e-10       1.255993933094e-10       1.252750103225e-11 
   34       1.506208753016e-10       1.184805551940e-10       1.187933059756e-11 
   35       1.529269436210e-10       1.118766749760e-10       1.127242365600e-11 
   36       1.552536306576e-10       1.057706481380e-10       1.070488323781e-11 
   37       1.576104647389e-10       1.001433712217e-10       1.017593673984e-11 
   38       1.600018228714e-10       9.493558638685e-11       9.681431469380e-12 
   39       1.624275595352e-10       9.006926228048e-11       9.215716803203e-12 
   40       1.648867057247e-10       8.552951831553e-11       8.778839698718e-12 
   41       1.673739610755e-10       8.130443295649e-11       8.371267958831e-12 
   42       1.698779987417e-10       7.736059837976e-11       7.991750635578e-12 
   43       1.723865060977e-10       7.365548132543e-11       7.637966382645e-12 
   44       1.749044800928e-10       7.018338896517e-11       7.309072078179e-12 
   45       1.774407149806e-10       6.694079171669e-11       7.003691307003e-12 
   46       1.800025240007e-10       6.391252190160e-11       6.719083313776e-12 
   47       1.825955467359e-10       6.107086630651e-11       6.451041070540e-12 
   48       1.852233448975e-10       5.838409975040e-11       6.195107166178e-12 
   49       1.878865044425e-10       5.584704766688e-11       5.950864613611e-12 
   50       1.905829493721e-10       5.345757965773e-11       5.718680437227e-12 
   51       1.933079327761e-10       5.120750539799e-11       5.498459611047e-12 
   52       1.960538333948e-10       4.908214888098e-11       5.289610362094e-12 
   53       1.988130102440e-10       4.706495817617e-11       5.091317692109e-12 
   54       2.015876965492e-10       4.515370636720e-11       4.903526383047e-12 
   55       2.043822954040e-10       4.334771453930e-11       4.726150293149e-12 
   56       2.072004708778e-10       4.164297112636e-11       4.558764980749e-12 
   57       2.100450727997e-10       4.003191728858e-11       4.400585930845e-12 
   58       2.129180615414e-10       3.850323229019e-11       4.250446781666e-12 
   59       2.158207269564e-10       3.704495021326e-11       4.107116799565e-12 
   60       2.187545753991e-10       3.565514275702e-11       3.970388850123e-12 
   61       2.217205161292e-10       3.433334239720e-11       3.840206053909e-12 
   62       2.247185213556e-10       3.307732956118e-11       3.716334689549e-12 
   63       2.277475609911e-10       3.188303093231e-11       3.598353920238e-12 
   64       2.308055374072e-10       3.074441775429e-11       3.485645520248e-12 
   65       2.338902558082e-10       2.965516971801e-11       3.377567383916e-12 
   66       2.370027207663e-10       2.861430461857e-11       3.274039838343e-12 
   67       2.401444232662e-10       2.762156269468e-11       3.175065503657e-12 
   68       2.433163310916e-10       2.667569491920e-11       3.080551430473e-12 
   69       2.465188525478e-10       2.577441069046e-11       2.990303967168e-12 
   70       2.497518001853e-10       2.491432552347e-11       2.904023627157e-12 
   71       2.530143545226e-10       2.409090874122e-11       2.821299956180e-12 
   72       2.563056359327e-10       2.329964913007e-11       2.741719922863e-12 
   73       2.596266280033e-10       2.253992718228e-11       2.665228583274e-12 
   74       2.629785595263e-10       2.181179506079e-11       2.591828692605e-12 
   75       2.663623070356e-10       2.111480040803e-11       2.521470818278e-12 
   76       2.697783724151e-10       2.044796184455e-11       2.454050799074e-12 
   77       2.732268605071e-10       1.980974446773e-11       2.389407204271e-12 
   78       2.767074567202e-10       1.919803535042e-11       2.327318792778e-12 
   79       2.802194046376e-10       1.861011903961e-11       2.267501972269e-12 
   80       2.837619354088e-10       1.804335218144e-11       2.209682412714e-12 
   81       2.873356910649e-10       1.749737622434e-11       2.153829799597e-12 
   82       2.909415086658e-10       1.697224605878e-11       2.099959401839e-12 
   83       2.945799766613e-10       1.646775364535e-11       2.048060388826e-12 
   84       2.982514208661e-10       1.598341646021e-11       1.998094662773e-12 
   85       3.019558904344e-10       1.551846594050e-11       1.949995691087e-12 
   86       3.056931438340e-10       1.507183592983e-11       1.903667338732e-12 
   87       3.094626348211e-10       1.464215112370e-11       1.858982700593e-12 
   88       3.132634984149e-10       1.422771551497e-11       1.815782933841e-12 
   89       3.170948754144e-10       1.382691641581e-11       1.773916124188e-12 
   90       3.209569748616e-10       1.343953434310e-11       1.733363417045e-12 
   91       3.248501531788e-10       1.306561827918e-11       1.694130613024e-12 
   92       3.287745816348e-10       1.270508313285e-11       1.656209335454e-12 
   93       3.327302373906e-10       1.235770441077e-11       1.619576462505e-12 
   94       3.367168945461e-10       1.202311288871e-11       1.584193559312e-12 
   95       3.407341151864e-10       1.170078928288e-11       1.550006310094e-12 
   96       3.447812404280e-10       1.139005892126e-11       1.516943950283e-12 
   97       3.488573814653e-10       1.109008641491e-11       1.484918698641e-12 
   98       3.529614106165e-10       1.079987032926e-11       1.453825189387e-12 
   99       3.570922448033e-10       1.051847277077e-11       1.423565498949e-12 
  100       3.612497611568e-10       1.024575677048e-11       1.394129498492e-12 
  101       3.654339950689e-10       9.981743931238e-12       1.365524880635e-12 
  102       3.696448539893e-10       9.726386380340e-12       1.337752325796e-12 
  103       3.738821120159e-10       9.479564288279e-12       1.310805244553e-12 
  104       3.781454044860e-10       9.241083387523e-12       1.284669520005e-12 
  105       3.824342225672e-10       9.010672491282e-12       1.259323250130e-12 
  106       3.867479078485e-10       8.787981012281e-12       1.234736490152e-12 
  107       3.910856469311e-10       8.572576481535e-12       1.210870994895e-12 
  108       3.954464660195e-10       8.363942067115e-12       1.187679961148e-12 
  109       3.998292255122e-10       8.161474092924e-12       1.165107770024e-12 
  110       4.042328135447e-10       7.964618172746e-12       1.143102788244e-12 
  111       4.086567663736e-10       7.773302737082e-12       1.121658186729e-12 
  112       4.131007176351e-10       7.587556603012e-12       1.100775888050e-12 
  113       4.175642030759e-10       7.407374212436e-12       1.080453846667e-12 
  114       4.220466570997e-10       7.232714513163e-12       1.060685919625e-12 
  115       4.265474093135e-10       7.063499839986e-12       1.041461737269e-12 
  116       4.310656810738e-10       6.899614795777e-12       1.022766573940e-12 
  117       4.356005820328e-10       6.740905132562e-12       1.004581218681e-12 
  118       4.401511066850e-10       6.587176632610e-12       9.868818459431e-13 
  119       4.447161309127e-10       6.438193989515e-12       9.696398862868e-13 
  120       4.492944085333e-10       6.293679689279e-12       9.528218970882e-13 
  121       4.538845678445e-10       6.153312891398e-12       9.363894332421e-13 
  122       4.584851081715e-10       6.016728309946e-12       9.202989178661e-13 
  123       4.630945803652e-10       5.883595069626e-12       9.045119217646e-13 
  124       4.677121591357e-10       5.753865915009e-12       8.890276143982e-13 
  125       4.723371302670e-10       5.627554655551e-12       8.738538146339e-13 
  126       4.769687105680e-10       5.504658270283e-12       8.589968689848e-13 
  127       4.816060458658e-10       5.385156418127e-12       8.444616042085e-13 
  128       4.862482089994e-10       5.269010948207e-12       8.302512799055e-13 
  129       4.908941978132e-10       5.156165410160e-12       8.163675411173e-13 
  130       4.955429331508e-10       5.046544564454e-12       8.028103709249e-13 
  131       5.001932568481e-10       4.940053892693e-12       7.895780430473e-13 
  132       5.048439297274e-10       4.836579107938e-12       7.766670744392e-13 
  133       5.094936295906e-10       4.735985665012e-12       7.640721778901e-13 
  134       5.141409492129e-10       4.638118270817e-12       7.517862146218e-13 
  135       5.187843943362e-10       4.542800394647e-12       7.398001468875e-13 
  136       5.234223816632e-10       4.449833778497e-12       7.281029905695e-13 
  137       5.280533764284e-10       4.359040521674e-12       7.166840403695e-13 
  138       5.326763254280e-10       4.270395286162e-12       7.055399055935e-13 
  139       5.372902652043e-10       4.183905906981e-12       6.946681159378e-13 
  140       5.418941853777e-10       4.099571827961e-12       6.840648815525e-13 
  141       5.464870275265e-10       4.017383882284e-12       6.737250600637e-13 
  142       5.510676840665e-10       3.937324073026e-12       6.636421235968e-13 
  143       5.556349971300e-10       3.859365353694e-12       6.538081257995e-13 
  144       5.601877574456e-10       3.783471408766e-12       6.442136688644e-13 
  145       5.647247032180e-10       3.709596434234e-12       6.348478705522e-13 
  146       5.692445190067e-10       3.637684918139e-12       6.256983312141e-13 
  147       5.737458346065e-10       3.567671421114e-12       6.167511008152e-13 
  148       5.782272239260e-10       3.499480356924e-12       6.079906459571e-13 
  149       5.826872038678e-10       3.433025773004e-12       5.993998169010e-13 
  150       5.871242332079e-10       3.368211130999e-12       5.909598145903e-13 
  151       5.915367114748e-10       3.304929087307e-12       5.826501576738e-13 
  152       5.959229778294e-10       3.243061273613e-12       5.744486495282e-13 
  153       6.002814320899e-10       3.182502778136e-12       5.663364261224e-13 
  154       6.046109128213e-10       3.123238611340e-12       5.583136968928e-13 
  155       6.089103524118e-10       3.065273961383e-12       5.503854107148e-13 
  156       6.131786575908e-10       3.008610039225e-12       5.425562995000e-13 
  157       6.174147089307e-10       2.953243984978e-12       5.348308710952e-13 
  158       6.216173603483e-10       2.899168774237e-12       5.272134021820e-13 
  159       6.257854386067e-10       2.846373124425e-12       5.197079311761e-13 
  160       6.299177428162e-10       2.794841401127e-12       5.123182511264e-13 
  161       6.340130439368e-10       2.744553524433e-12       5.050479026148e-13 
  162       6.380700842791e-10       2.695484875276e-12       4.979001666551e-13 
  163       6.420875770059e-10       2.647606201771e-12       4.908780575927e-13 
  164       6.460642056342e-10       2.600883525553e-12       4.839843160035e-13 
  165       6.499986235365e-10       2.555278048120e-12       4.772214015936e-13 
  166       6.538894534423e-10       2.510746057166e-12       4.705914860987e-13 
  167       6.577352869398e-10       2.467238832925e-12       4.640964461830e-13 
  168       6.615346839776e-10       2.424702554512e-12       4.577378563389e-13 
  169       6.652861723660e-10       2.383078206253e-12       4.515169817863e-13 
  170       6.689882472787e-10       2.342301484035e-12       4.454347713720e-13 
  171       6.726394699909e-10       2.302315809738e-12       4.394915405287e-13 
  172       6.762387743749e-10       2.263112788367e-12       4.336860053552e-13 
  173       6.797851851244e-10       2.224694960511e-12       4.280161540156e-13 
  174       6.832777207253e-10       2.187062958011e-12       4.224795411268e-13 
  175       6.867153933624e-10       2.150215463781e-12       4.170732793939e-13 
  176       6.900972088259e-10       2.114149171625e-12       4.117940312447e-13 
  177       6.934221664175e-10       2.078858746062e-12       4.066380004643e-13 
  178       6.966892588574e-10       2.044336782139e-12       4.016009238302e-13 
  179       6.998974721904e-10       2.010573765256e-12       3.966780627471e-13 
  180       7.030457856922e-10       1.977558030984e-12       3.918641948814e-13 
  181       7.061331717764e-10       1.945275724884e-12       3.871536057962e-13 
  182       7.091585959005e-10       1.913710762328e-12       3.825400805861e-13 
  183       7.121210164725e-10       1.882844788319e-12       3.780168955121e-13 
  184       7.150193847573e-10       1.852657137308e-12       3.735768096360e-13 
  185       7.178526447835e-10       1.823124793018e-12       3.692120564556e-13 
  186       7.206197332492e-10       1.794222348262e-12       3.649143355393e-13 
  187       7.233195794291e-10       1.765921964760e-12       3.606748041610e-13 
  188       7.259511050806e-10       1.738193332963e-12       3.564840689348e-13 
  189       7.285132243504e-10       1.711003631871e-12       3.523321774497e-13 
  190       7.310048436810e-10       1.684317488853e-12       3.482086099048e-13 
  191       7.334249345322e-10       1.658103974256e-12       3.441044558243e-13 
  192       7.357727578346e-10       1.632358254908e-12       3.400191439782e-13 
  193       7.380476562305e-10       1.607081491195e-12       3.359542023185e-13 
  194       7.402489829166e-10       1.582273931283e-12       3.319111170863e-13 
  195       7.423761017887e-10       1.557934893959e-12       3.278913315974e-13 
  196       7.444283875863e-10       1.534062751472e-12       3.238962450267e-13 
  197       7.464052260374e-10       1.510654912367e-12       3.199272111934e-13 
  198       7.483060140032e-10       1.487707804330e-12       3.159855373457e-13 
  199       7.501301596229e-10       1.465216857024e-12       3.120724829458e-13 
  200       7.518770824584e-10       1.443176484931e-12       3.081892584552e-13 
  201       7.535462136389e-10       1.421580070188e-12       3.043370241191e-13 
  202       7.551369960059e-10       1.400419945429e-12       3.005168887514e-13 
  203       7.566488842576e-10       1.379687376624e-12       2.967299085200e-13 
  204       7.580813450940e-10       1.359372545916e-12       2.929770857315e-13 
  205       7.594338573611e-10       1.339464534467e-12       2.892593676159e-13 
  206       7.607059121964e-10       1.319951305287e-12       2.855776451119e-13 
  207       7.618970131728e-10       1.300819686083e-12       2.819327516518e-13 
  208       7.630066764438e-10       1.282055352094e-12       2.783254619460e-13 
  209       7.640344308884e-10       1.263642808929e-12       2.747564907684e-13 
  210       7.649798182552e-10       1.245565375411e-12       2.712264917413e-13 
  211       7.658423933077e-10       1.227805166413e-12       2.677360561199e-13 
  212       7.666217239689e-10       1.210343075696e-12       2.642857115777e-13 
  213       7.673174311005e-10       1.193162506487e-12       2.608759676377e-13 
  214       7.679293105300e-10       1.176260879040e-12       2.575074579009e-13 
  215       7.684572195474e-10       1.159638867370e-12       2.541808050788e-13 
  216       7.689010382592e-10       1.143296714114e-12       2.508965741245e-13 
  217       7.692606698370e-10       1.127234223233e-12       2.476552711407e-13 
  218       7.695360407670e-10       1.111450752722e-12       2.444573422869e-13 
  219       7.697271010985e-10       1.095945207313e-12       2.413031726876e-13 
  220       7.698338246935e-10       1.080716031181e-12       2.381930853398e-13 
  221       7.698562094756e-10       1.065761200650e-12       2.351273400208e-13 
  222       7.697942776790e-10       1.051078216900e-12       2.321061321960e-13 
  223       7.696480760977e-10       1.036664098669e-12       2.291295919264e-13 
  224       7.694176763343e-10       1.022515374965e-12       2.261977827765e-13 
  225       7.691031750495e-10       1.008628077765e-12       2.233107007220e-13 
  226       7.687046942107e-10       9.949977347260e-13       2.204682730577e-13 
  227       7.682223813416e-10       9.816193618864e-13       2.176703573049e-13 
  228       7.676564097707e-10       9.684874563753e-13       2.149167401193e-13 
  229       7.670069788808e-10       9.555959891165e-13       2.122071361988e-13 
  230       7.662743143581e-10       9.429383975347e-13       2.095411871910e-13 
  231       7.654586684406e-10       9.305075782608e-13       2.069184606013e-13 
  232       7.645603201683e-10       9.182958798382e-13       2.043384487003e-13 
  233       7.635795756311e-10       9.062950954281e-13       2.018005674317e-13 
  234       7.625167682188e-10       8.944964555154e-13       1.993041553199e-13 
  235       7.613722588695e-10       8.828906206148e-13       1.968484723777e-13 
  236       7.601464363193e-10       8.714676739757e-13       1.944326990144e-13 
  237       7.588397173507e-10       8.602171142887e-13       1.920559349432e-13 
  238       7.574525426932e-10       8.491298771983e-13       1.897173256253e-13 
  239       7.559853639324e-10       8.382045508194e-13       1.874164523619e-13 
  240       7.544386562906e-10       8.274415226319e-13       1.851529637170e-13 
  241       7.528129231434e-10       8.168409815430e-13       1.829264492880e-13 
  242       7.511086962591e-10       8.064029148724e-13       1.807364388820e-13 
  243       7.493265360389e-10       7.961271053387e-13       1.785824016932e-13 
  244       7.474670317570e-10       7.860131280448e-13       1.764637454792e-13 
  245       7.455308017999e-10       7.760603474639e-13       1.743798157382e-13 
  246       7.435184939068e-10       7.662679144249e-13       1.723298948851e-13 
  247       7.414307854095e-10       7.566347630989e-13       1.703132014292e-13 
  248       7.392683834717e-10       7.471596079841e-13       1.683288891503e-13 
  249       7.370320253299e-10       7.378409408921e-13       1.663760462758e-13 
  250       7.347224785323e-10       7.286770279336e-13       1.644536946571e-13 
  251       7.323405411794e-10       7.196659065041e-13       1.625607889471e-13 
  252       7.298870421634e-10       7.108053822697e-13       1.606962157763e-13 
  253       7.273628414085e-10       7.020930261529e-13       1.588587929298e-13 
  254       7.247688301105e-10       6.935261713182e-13       1.570472685244e-13 
  255       7.221059309771e-10       6.851019101583e-13       1.552603201848e-13 
  256       7.193750984671e-10       6.768170912793e-13       1.534965542209e-13 
  257       7.165773190311e-10       6.686683164869e-13       1.517545048043e-13 
  258       7.137136113507e-10       6.606519377719e-13       1.500326331452e-13 
  259       7.107850265790e-10       6.527640542964e-13       1.483293266691e-13 
  260       7.077926485799e-10       6.450005093789e-13       1.466428981938e-13 
  261       7.047375941687e-10       6.373568874807e-13       1.449715851057e-13 
  262       7.016210133512e-10       6.298285111914e-13       1.433135485373e-13 
  263       6.984440895643e-10       6.224104382146e-13       1.416668725433e-13 
  264       6.952080399154e-10       6.150974583539e-13       1.400295632778e-13 
  265       6.919141154226e-10       6.078840904983e-13       1.383995481710e-13 
  266       6.885635427789e-10       6.007656223429e-13       1.367751143969e-13 
  267       6.851573456480e-10       5.937412982993e-13       1.351562523471e-13 
  268       6.816965141311e-10       5.868112988314e-13       1.335433835092e-13 
  269       6.781820625094e-10       5.799757120615e-13       1.319369276640e-13 
  270       6.746150293849e-10       5.732345325169e-13       1.303373028039e-13 
  271       6.709964778218e-10       5.665876598783e-13       1.287449250523e-13 
  272       6.673274954874e-10       5.600348977270e-13       1.271602085829e-13 
  273       6.636091947934e-10       5.535759522928e-13       1.255835655379e-13 
  274       6.598427130367e-10       5.472104312009e-13       1.240154059477e-13 
  275       6.560292125406e-10       5.409378422205e-13       1.224561376498e-13 
  276       6.521698807963e-10       5.347575920114e-13       1.209061662076e-13 
  277       6.482659306032e-10       5.286689848725e-13       1.193658948296e-13 
  278       6.443186002107e-10       5.226712214886e-13       1.178357242884e-13 
  279       6.403291534590e-10       5.167633976786e-13       1.163160528397e-13 
  280       6.362988799203e-10       5.109445031427e-13       1.148072761411e-13 
  281       6.322290950396e-10       5.052134202101e-13       1.133097871716e-13 
  282       6.281211402763e-10       4.995689225868e-13       1.118239761502e-13 
  283       6.239763832448e-10       4.940096741029e-13       1.103502304550e-13 
  284       6.197962178561e-10       4.885342274605e-13       1.088889345426e-13 
  285       6.155820644582e-10       4.831410229808e-13       1.074404698663e-13 
  286       6.113353699780e-10       4.778283873524e-13       1.060052147961e-13 
  287       6.070576080619e-10       4.725945323782e-13       1.045835445370e-13 
  288       6.027502792168e-10       4.674375537234e-13       1.031758310482e-13 
  289       5.984149109516e-10       4.623554296630e-13       1.017824429623e-13 
  290       5.940530579182e-10       4.573460198296e-13       1.004037455041e-13 
  291       5.896663020521e-10       4.524070639603e-13       9.904010040989e-14 
  292       5.852562527144e-10       4.475361806454e-13       9.769186584608e-14 
  293       5.808245468319e-10       4.427308660748e-13       9.635939632854e-14 
  294       5.763728490389e-10       4.379884927865e-13       9.504304264149e-14 
  295       5.719028518182e-10       4.333063084139e-13       9.374315175653e-14 
  296       5.674162756419e-10       4.286814344331e-13       9.246006675167e-14 
  297       5.629147654406e-10       4.241114076239e-13       9.119406475182e-14 
  298       5.583995741432e-10       4.195958361924e-13       8.994516757326e-14 
  299       5.538718639971e-10       4.151348218767e-13       8.871332169739e-14 
  300       5.493328088520e-10       4.107284239892e-13       8.749845925370e-14 
  301       5.447835941597e-10       4.063766589006e-13       8.630049785478e-14 
  302       5.402254169754e-10       4.020794995231e-13       8.511934043128e-14 
  303       5.356594859576e-10       3.978368747939e-13       8.395487506693e-14 
  304       5.310870213691e-10       3.936486691584e-13       8.280697483348e-14 
  305       5.265092550772e-10       3.895147220540e-13       8.167549762572e-14 
  306       5.219274305547e-10       3.854348273932e-13       8.056028599648e-14 
  307       5.173428028797e-10       3.814087330473e-13       7.946116699155e-14 
  308       5.127566387367e-10       3.774361403295e-13       7.837795198474e-14 
  309       5.081702164172e-10       3.735167034787e-13       7.731043651282e-14 
  310       5.035848258198e-10       3.696500291426e-13       7.625840011053e-14 
  311       4.990017684509e-10       3.658356758613e-13       7.522160614555e-14 
  312       4.944223574254e-10       3.620731535507e-13       7.419980165347e-14 
  313       4.898479174671e-10       3.583619229859e-13       7.319271717285e-14 
  314       4.852797849093e-10       3.547013952847e-13       7.220006658009e-14 
  315       4.807193076951e-10       3.510909313910e-13       7.122154692452e-14 
  316       4.761678453783e-10       3.475298415580e-13       7.025683826334e-14 
  317       4.716267691237e-10       3.440173848320e-13       6.930560349658e-14 
  318       4.670974617076e-10       3.405527685356e-13       6.836748820217e-14 
  319       4.625813175186e-10       3.371351477512e-13       6.744212047081e-14 
  320       4.580797425577e-10       3.337636248045e-13       6.652911074105e-14 
  321       4.535941544392e-10       3.304372487475e-13       6.562805163426e-14 
  322       4.491259823912e-10       3.271550148426e-13       6.473851778956e-14 
  323       4.446766672560e-10       3.239158640455e-13       6.386006569887e-14 
  324       4.402476614906e-10       3.207186824890e-13       6.299223354185e-14 
  325       4.358404291673e-10       3.175623009659e-13       6.213454102093e-14 
  326       4.314564459745e-10       3.144454944132e-13       6.128648919627e-14 
  327       4.270971992166e-10       3.113669813947e-13       6.044756032071e-14 
  328       4.227641878152e-10       3.083254235849e-13       5.961721767485e-14 
  329       4.184589223093e-10       3.053194252527e-13       5.879490540193e-14 
  330       4.141829248559e-10       3.023475327439e-13       5.798004834289e-14 
  331       4.099377292302e-10       2.994082339657e-13       5.717205187133e-14 
  332       4.057247620207e-10       2.965002407773e-13       5.637041969510e-14 
  333       4.015449804839e-10       2.936233508320e-13       5.557511327630e-14 
  334       3.973992188869e-10       2.907776223345e-13       5.478620777299e-14 
  335       3.932883057603e-10       2.879630943162e-13       5.400377545052e-14 
  336       3.892130637691e-10       2.851797864258e-13       5.322788564457e-14 
  337       3.851743095851e-10       2.824276987201e-13       5.245860472411e-14 
  338       3.811728537580e-10       2.797068114540e-13       5.169599605452e-14 
  339       3.772095005871e-10       2.770170848716e-13       5.094011996056e-14 
  340       3.732850479929e-10       2.743584589962e-13       5.019103368942e-14 
  341       3.694002873887e-10       2.717308534209e-13       4.944879137373e-14 
  342       3.655560035520e-10       2.691341670994e-13       4.871344399463e-14 
  343       3.617529744964e-10       2.665682781361e-13       4.798503934475e-14 
  344       3.579919713428e-10       2.640330435768e-13       4.726362199128e-14 
  345       3.542737581914e-10       2.615282991993e-13       4.654923323898e-14 
  346       3.505990919928e-10       2.590538593038e-13       4.584191109321e-14 
  347       3.469687224200e-10       2.566095165032e-13       4.514169022296e-14 
  348       3.433833917397e-10       2.541950415140e-13       4.444860192388e-14 
  349       3.398438346841e-10       2.518101829465e-13       4.376267408131e-14 
  350       3.363507783223e-10       2.494546670954e-13       4.308393113332e-14 
  351       3.329049419319e-10       2.471281977302e-13       4.241239403373e-14 
  352       3.295070368707e-10       2.448304558860e-13       4.174808021512e-14 
  353       3.261577664482e-10       2.425610996536e-13       4.109100355189e-14 
  354       3.228578257970e-10       2.403197639704e-13       4.044117432329e-14 
  355       3.196079017447e-10       2.381060604106e-13       3.979859917641e-14 
  356       3.164086726854e-10       2.359195769757e-13       3.916328108926e-14 
  357       3.132608084511e-10       2.337598778852e-13       3.853521933376e-14 
  358       3.101649701834e-10       2.316265033671e-13       3.791440943879e-14 
  359       3.071218102050e-10       2.295189694482e-13       3.730084315323e-14 
  360       3.041319718915e-10       2.274367677447e-13       3.669450840895e-14 
  361       3.011960895427e-10       2.253793652528e-13       3.609538928388e-14 
  362       2.983147882544e-10       2.233462041389e-13       3.550346596501e-14 
  363       2.954886837898e-10       2.213367015306e-13       3.491871471145e-14 
  364       2.927183824512e-10       2.193502493067e-13       3.434110781742e-14 
  365       2.900044809514e-10       2.173862138880e-13       3.377061357531e-14 
  366       2.873475662856e-10       2.154439360278e-13       3.320719623871e-14 
  367       2.847482156028e-10       2.135227306021e-13       3.265081598543e-14 
  368       2.822069960771e-10       2.116218864005e-13       3.210142888050e-14 
  369       2.797244647798e-10       2.097406659165e-13       3.155898683927e-14 
  370       2.773011685507e-10       2.078783051379e-13       3.102343759037e-14 
  371       2.749375836576e-10       2.060341523169e-13       3.049473449006e-14 
  372       2.726339324348e-10       2.042080906917e-13       2.997286646395e-14 
  373       2.703903592234e-10       2.024001318829e-13       2.945782916354e-14 
  374       2.682069897556e-10       2.006102783177e-13       2.894961519230e-14 
  375       2.660839309743e-10       1.988385231415e-13       2.844821407727e-14 
  376       2.640212708520e-10       1.970848501292e-13       2.795361224066e-14 
  377       2.620190782103e-10       1.953492335963e-13       2.746579297144e-14 
  378       2.600774025389e-10       1.936316383106e-13       2.698473639694e-14 
  379       2.581962738150e-10       1.919320194033e-13       2.651041945444e-14 
  380       2.563757023223e-10       1.902503222803e-13       2.604281586277e-14 
  381       2.546156784705e-10       1.885864825338e-13       2.558189609390e-14 
  382       2.529161726145e-10       1.869404258534e-13       2.512762734455e-14 
  383       2.512771348733e-10       1.853120679375e-13       2.467997350773e-14 
  384       2.496984949496e-10       1.837013144049e-13       2.423889514444e-14 
  385       2.481801619487e-10       1.821080607056e-13       2.380434945514e-14 
  386       2.467220241981e-10       1.805321920327e-13       2.337629025145e-14 
  387       2.453239490664e-10       1.789735832333e-13       2.295466792769e-14 
  388       2.439857827826e-10       1.774320987203e-13       2.253942943248e-14 
  389       2.427073502555e-10       1.759075923832e-13       2.213051824034e-14 
  390       2.414884548928e-10       1.743999075000e-13       2.172787432331e-14 
  391       2.403288784201e-10       1.729088766481e-13       2.133143412249e-14 
  392       2.392283807005e-10       1.714343216158e-13       2.094113051969e-14 
  393       2.381866995537e-10       1.699760533138e-13       2.055689280899e-14 
  394       2.372035505751e-10       1.685338716863e-13       2.017864666836e-14 
  395       2.362786269551e-10       1.671075656224e-13       1.980631413123e-14 
  396       2.354115992985e-10       1.656969128676e-13       1.943981355810e-14 
  397       2.346021154434e-10       1.643016799350e-13       1.907905960813e-14 
  398       2.338498002805e-10       1.629216220165e-13       1.872396321074e-14 
  399       2.331542555727e-10       1.615564828946e-13       1.837443153720e-14 
  400       2.325150597739e-10       1.602059948532e-13       1.803036797224e-14 
  401       2.319317678481e-10       1.588698785894e-13       1.769167208561e-14 
  402       2.314039110894e-10       1.575478431244e-13       1.735823960371e-14 
  403       2.309309969403e-10       1.562395857154e-13       1.702996238117e-14 
  404       2.305125088115e-10       1.549447917662e-13       1.670672837244e-14 
  405       2.301479059008e-10       1.536631347395e-13       1.638842160341e-14 
  406       2.298366230127e-10       1.523942760672e-13       1.607492214297e-14 
  407       2.295780703774e-10       1.511378650625e-13       1.576610607462e-14 
  408       2.293716334697e-10       1.498935388310e-13       1.546184546809e-14 
  409       2.292166728290e-10       1.486609221821e-13       1.516200835088e-14 
  410       2.291125649847e-10       1.474396934361e-13       1.486647969303e-14 
  411       2.290588272004e-10       1.462297845962e-13       1.457522523806e-14 
  412       2.290549967933e-10       1.450311880924e-13       1.428822987700e-14 
  413       2.291005902749e-10       1.438438914838e-13       1.400547682609e-14 
  414       2.291951031999e-10       1.426678774177e-13       1.372694761332e-14 
  415       2.293380100145e-10       1.415031235872e-13       1.345262206501e-14 
  416       2.295287639049e-10       1.403496026895e-13       1.318247829236e-14 
  417       2.297667966458e-10       1.392072823848e-13       1.291649267801e-14 
  418       2.300515184491e-10       1.380761252536e-13       1.265463986260e-14 
  419       2.303823178121e-10       1.369560887559e-13       1.239689273131e-14 
  420       2.307585613662e-10       1.358471251889e-13       1.214322240047e-14 
  421       2.311795937252e-10       1.347491816453e-13       1.189359820406e-14 
  422       2.316447373341e-10       1.336621999719e-13       1.164798768030e-14 
  423       2.321532923173e-10       1.325861167275e-13       1.140635655820e-14 
  424       2.327045363273e-10       1.315208631414e-13       1.116866874413e-14 
  425       2.332977243930e-10       1.304663650716e-13       1.093488630837e-14 
  426       2.339320887684e-10       1.294225429630e-13       1.070496947166e-14 
  427       2.346068387811e-10       1.283893118059e-13       1.047887659179e-14 
  428       2.353211606804e-10       1.273665810940e-13       1.025656415011e-14 
  429       2.360742174866e-10       1.263542547826e-13       1.003798673814e-14 
  430       2.368651488385e-10       1.253522312474e-13       9.823097044092e-15 
  431       2.376930708427e-10       1.243604032420e-13       9.611845839453e-15 
  432       2.385570759218e-10       1.233786578570e-13       9.404181965528e-15 
  433       2.394562326627e-10       1.224068764775e-13       9.200052320004e-15 
  434       2.403895856656e-10       1.214449347419e-13       8.999401843510e-15 
  435       2.413561553918e-10       1.204927024999e-13       8.802173506179e-15 
  436       2.423549380130e-10       1.195500437709e-13       8.608308294198e-15 
  437       2.433849052590e-10       1.186168167022e-13       8.417745196377e-15 
  438       2.444450042670e-10       1.176928735273e-13       8.230421190702e-15 
  439       2.455341574293e-10       1.167780605242e-13       8.046271230894e-15 
  440       2.466512622424e-10       1.158722179736e-13       7.865228232970e-15 
  441       2.477951911553e-10       1.149751801171e-13       7.687223061801e-15 
  442       2.489647914177e-10       1.140867751156e-13       7.512184517672e-15 
  443       2.501588849292e-10       1.132068250077e-13       7.340039322840e-15 
  444       2.513762680871e-10       1.123351456676e-13       7.170712108090e-15 
  445       2.526157116351e-10       1.114715467637e-13       7.004125399302e-15 
  446       2.538759605120e-10       1.106158317166e-13       6.840199604000e-15 
  447       2.551557337002e-10       1.097677976576e-13       6.678852997919e-15 
  448       2.564537240738e-10       1.089272353870e-13       6.520001711559e-15 
  449       2.577687201450e-10       1.080939649837e-13       6.363575236760e-15 
  450       2.590999759495e-10       1.072679439894e-13       6.209563526358e-15 
  451       2.604468528358e-10       1.064491626443e-13       6.057971392686e-15 
  452       2.618086985711e-10       1.056376085317e-13       5.908803121140e-15 
  453       2.631848472622e-10       1.048332665571e-13       5.762062465953e-15 
  454       2.645746192766e-10       1.040361189279e-13       5.617752645975e-15 
  455       2.659773211628e-10       1.032461451326e-13       5.475876340446e-15 
  456       2.673922455717e-10       1.024633219206e-13       5.336435684776e-15 
  457       2.688186711775e-10       1.016876232811e-13       5.199432266319e-15 
  458       2.702558625982e-10       1.009190204232e-13       5.064867120148e-15 
  459       2.717030703169e-10       1.001574817548e-13       4.932740724836e-15 
  460       2.731595306024e-10       9.940297286243e-14       4.803052998230e-15 
  461       2.746244654303e-10       9.865545649031e-14       4.675803293225e-15 
  462       2.760970824040e-10       9.791489252013e-14       4.550990393546e-15 
  463       2.775765746750e-10       9.718123795033e-14       4.428612509519e-15 
  464       2.790621208645e-10       9.645444687557e-14       4.308667273850e-15 
  465       2.805528849841e-10       9.573447046620e-14       4.191151737403e-15 
  466       2.820480163562e-10       9.502125694764e-14       4.076062364973e-15 
  467       2.835466495357e-10       9.431475157988e-14       3.963395031066e-15 
  468       2.850479042302e-10       9.361489663692e-14       3.853145015672e-15 
  469       2.865508852214e-10       9.292163138617e-14       3.745307000044e-15 
  470       2.880546822856e-10       9.223489206793e-14       3.639875062473e-15 
  471       2.895583701148e-10       9.155461187484e-14       3.536842674067e-15 
  472       2.910610082376e-10       9.088072093128e-14       3.436202694523e-15 
  473       2.925616409401e-10       9.021314627284e-14       3.337947367908e-15 
  474       2.940592971866e-10       8.955181182578e-14       3.242068318432e-15 
  475       2.955529905407e-10       8.889663838643e-14       3.148556546228e-15 
  476       2.970417190864e-10       8.824754360068e-14       3.057402423124e-15 
  477       2.985244653482e-10       8.760444194336e-14       2.968595688423e-15 
  478       3.000001962130e-10       8.696724469776e-14       2.882125444680e-15 
  479       3.014678628503e-10       8.633585993502e-14       2.797980153474e-15 
  480       3.029264006334e-10       8.571019249358e-14       2.716147631189e-15 
  481       3.043747290601e-10       8.509014395863e-14       2.636615044789e-15 
  482       3.058117516737e-10       8.447561264156e-14       2.559368907593e-15 
  483       3.072363559841e-10       8.386649355938e-14       2.484395075054e-15 
  484       3.086474133882e-10       8.326267841420e-14       2.411678740534e-15 
  485       3.100437790913e-10       8.266405557262e-14       2.341204431079e-15 
  486       3.114242920278e-10       8.207051004522e-14       2.272956003200e-15 
  487       3.127877747818e-10       8.148192346598e-14       2.206916638643e-15 
  488       3.141331772433e-10       8.089819348678e-14       2.143068039211e-15 
  489       3.154600124459e-10       8.031929263854e-14       2.081387993384e-15 
  490       3.167679335625e-10       7.974521118387e-14       2.021852728851e-15 
  491       3.180565913391e-10       7.917593784991e-14       1.964437702297e-15 
  492       3.193256340870e-10       7.861145981754e-14       1.909117594779e-15 
  493       3.205747076767e-10       7.805176271056e-14       1.855866307099e-15 
  494       3.218034555307e-10       7.749683058491e-14       1.804656955176e-15 
  495       3.230115186169e-10       7.694664591787e-14       1.755461865422e-15 
  496       3.241985354416e-10       7.640118959727e-14       1.708252570116e-15 
  497       3.253641420425e-10       7.586044091070e-14       1.662999802774e-15 
  498       3.265079719825e-10       7.532437753472e-14       1.619673493528e-15 
  499       3.276296563421e-10       7.479297552403e-14       1.578242764494e-15 
  500       3.287288237133e-10       7.426620930073e-14       1.538675925152e-15 
  501       3.298051001921e-10       7.374405164349e-14       1.500940467713e-15 
  502       3.308581093723e-10       7.322647367675e-14       1.465003062497e-15 
  503       3.318874723381e-10       7.271344485997e-14       1.430829553308e-15 
  504       3.328928076576e-10       7.220493297678e-14       1.398384952802e-15 
  505       3.338737313761e-10       7.170090412422e-14       1.367633437866e-15 
  506       3.348298570089e-10       7.120132270194e-14       1.338538344989e-15 
  507       3.357607955347e-10       7.070615140140e-14       1.311062165638e-15 
  508       3.366661553888e-10       7.021535119508e-14       1.285166541626e-15 
  509       3.375455424562e-10       6.972888132570e-14       1.260812260495e-15 
  510       3.383985600646e-10       6.924669929539e-14       1.237959250882e-15 
  511       3.392248089780e-10       6.876876085493e-14       1.216566577894e-15 
  512       3.400238873895e-10       6.829501999293e-14       1.196592438486e-15 
  513       3.407953909147e-10       6.782542892506e-14       1.177994156828e-15 
  514       3.415389125847e-10       6.735993808324e-14       1.160728179686e-15 
  515       3.422540428394e-10       6.689849610485e-14       1.144750071788e-15 
  516       3.429403695205e-10       6.644104982195e-14       1.130014511205e-15 
  517       3.435974778649e-10       6.598754425044e-14       1.116475284719e-15 
  518       3.442249504978e-10       6.553792257932e-14       1.104085283201e-15 
  519       3.448223674258e-10       6.509212615989e-14       1.092796496982e-15 
  520       3.453893060302e-10       6.465009449490e-14       1.082560011226e-15 
  521       3.459253410598e-10       6.421176522782e-14       1.073326001307e-15 
  522       3.464300446248e-10       6.377707413201e-14       1.065043728181e-15 
  523       3.469029861891e-10       6.334595509995e-14       1.057661533756e-15 
  524       3.473437325643e-10       6.291834013243e-14       1.051126836274e-15 
  525       3.477518479023e-10       6.249415932774e-14       1.045386125677e-15 
  526       3.481268936886e-10       6.207334087092e-14       1.040384958984e-15 
  527       3.484685250963e-10       6.165582241072e-14       1.036077359826e-15 
  528       3.487767829866e-10       6.124158555803e-14       1.032454311820e-15 
  529       3.490518099588e-10       6.083062231887e-14       1.029516042934e-15 
  530       3.492937547530e-10       6.042292378691e-14       1.027262691932e-15 
  531       3.495027722857e-10       6.001848013755e-14       1.025694307803e-15 
  532       3.496790236837e-10       5.961728062211e-14       1.024810849188e-15 
  533       3.498226763194e-10       5.921931356187e-14       1.024612183812e-15 
  534       3.499339038453e-10       5.882456634224e-14       1.025098087914e-15 
  535       3.500128862287e-10       5.843302540686e-14       1.026268245671e-15 
  536       3.500598097867e-10       5.804467625169e-14       1.028122248636e-15 
  537       3.500748672203e-10       5.765950341917e-14       1.030659595158e-15 
  538       3.500582576500e-10       5.727749049232e-14       1.033879689818e-15 
  539       3.500101866499e-10       5.689862008885e-14       1.037781842854e-15 
  540       3.499308662825e-10       5.652287385527e-14       1.042365269596e-15 
  541       3.498205151337e-10       5.615023246104e-14       1.047629089887e-15 
  542       3.496793583473e-10       5.578067559265e-14       1.053572327521e-15 
  543       3.495076276599e-10       5.541418194776e-14       1.060193909664e-15 
  544       3.493055614354e-10       5.505072922931e-14       1.067492666292e-15 
  545       3.490734046999e-10       5.469029413962e-14       1.075467329612e-15 
  546       3.488114091763e-10       5.433285237456e-14       1.084116533497e-15 
  547       3.485198333194e-10       5.397837861758e-14       1.093438812914e-15 
  548       3.481989423501e-10       5.362684653393e-14       1.103432603350e-15 
  549       3.478490082905e-10       5.327822876468e-14       1.114096240247e-15 
  550       3.474703099983e-10       5.293249692090e-14       1.125427958427e-15 
  551       3.470631332021e-10       5.258962157777e-14       1.137425891523e-15 
  552       3.466277705353e-10       5.224957226865e-14       1.150088071407e-15 
  553       3.461645215718e-10       5.191231747927e-14       1.163412427622e-15 
  554       3.456736928599e-10       5.157782464178e-14       1.177396786807e-15 
  555       3.451555979575e-10       5.124606012892e-14       1.192038872132e-15 
  556       3.446105574665e-10       5.091698924808e-14       1.207336302722e-15 
  557       3.440388990680e-10       5.059057623548e-14       1.223286593088e-15 
  558       3.434409575565e-10       5.026678425024e-14       1.239887152559e-15 
  559       3.428170748749e-10       4.994557536851e-14       1.257135284707e-15 
  560       3.421676001495e-10       4.962691057761e-14       1.275028186780e-15 
  561       3.414928897240e-10       4.931074977010e-14       1.293562949129e-15 
  562       3.407933071951e-10       4.899705173794e-14       1.312736554638e-15 
  563       3.400692234463e-10       4.868577416659e-14       1.332545878153e-15 
  564       3.393210166837e-10       4.837687362913e-14       1.352987685911e-15 
  565       3.385490724696e-10       4.807030558036e-14       1.374058634972e-15 
  566       3.377537957184e-10       4.776603114904e-14       1.395753552813e-15 
  567       3.369356469499e-10       4.746403771844e-14       1.418060228644e-15 
  568       3.360951070368e-10       4.716431886363e-14       1.440964486966e-15 
  569       3.352326653682e-10       4.686686759797e-14       1.464451894066e-15 
  570       3.343488198885e-10       4.657167636974e-14       1.488507756803e-15 
  571       3.334440771367e-10       4.627873705883e-14       1.513117121396e-15 
  572       3.325189522858e-10       4.598804097337e-14       1.538264772209e-15 
  573       3.315739691818e-10       4.569957884642e-14       1.563935230535e-15 
  574       3.306096603828e-10       4.541334083258e-14       1.590112753387e-15 
  575       3.296265671984e-10       4.512931650471e-14       1.616781332281e-15 
  576       3.286252397291e-10       4.484749485057e-14       1.643924692022e-15 
  577       3.276062369049e-10       4.456786426942e-14       1.671526289492e-15 
  578       3.265701265249e-10       4.429041256878e-14       1.699569312435e-15 
  579       3.255174852968e-10       4.401512696101e-14       1.728036678243e-15 
  580       3.244488988754e-10       4.374199405999e-14       1.756911032745e-15 
  581       3.233649619022e-10       4.347099987780e-14       1.786174748988e-15 
  582       3.222662780446e-10       4.320212982135e-14       1.815809926028e-15 
  583       3.211534600353e-10       4.293536868906e-14       1.845798387713e-15 
  584       3.200271297108e-10       4.267070066751e-14       1.876121681474e-15 
  585       3.188879180514e-10       4.240810932809e-14       1.906761077104e-15 
  586       3.177364652201e-10       4.214757762367e-14       1.937697565549e-15 
  587       3.165734206014e-10       4.188908788528e-14       1.968911857696e-15 
  588       3.153994428414e-10       4.163262181872e-14       2.000384383154e-15 
  589       3.142151998860e-10       4.137816050124e-14       2.032095289042e-15 
  590       3.130213690209e-10       4.112568437824e-14       2.064024438779e-15 
  591       3.118186369102e-10       4.087517325985e-14       2.096151410865e-15 
  592       3.106076996361e-10       4.062660631766e-14       2.128455497670e-15 
  593       3.093892627379e-10       4.037996208133e-14       2.160915704220e-15 
  594       3.081640412510e-10       4.013521843530e-14       2.193510746981e-15 
  595       3.069327597463e-10       3.989235261537e-14       2.226219052651e-15 
  596       3.056961523696e-10       3.965134120546e-14       2.259018756939e-15 
  597       3.044549628804e-10       3.941216013418e-14       2.291887703355e-15 
  598       3.032099446913e-10       3.917478467153e-14       2.324803441997e-15 
  599       3.019618609073e-10       3.893918942557e-14       2.357743228335e-15 
  600       3.007114843648e-10       3.870534833904e-14       2.390684021998e-15 
  601       2.994595976709e-10       3.847323468605e-14       2.423602485562e-15 
  602       2.982069932426e-10       3.824282106874e-14       2.456474983334e-15 
  603       2.969544733461e-10       3.801407941392e-14       2.489277580137e-15 
  604       2.957028501358e-10       3.778698096974e-14       2.521986040100e-15 
  605       2.944528828168e-10       3.756150055099e-14       2.554580167929e-15 
  606       2.932050873901e-10       3.733762939409e-14       2.587056949988e-15 
  607       2.919599224038e-10       3.711536260506e-14       2.619417727251e-15 
  608       2.907178514337e-10       3.689469493691e-14       2.651663881654e-15 
  609       2.894793431018e-10       3.667562078769e-14       2.683796836309e-15 
  610       2.882448710952e-10       3.645813419858e-14       2.715818055712e-15 
  611       2.870149141846e-10       3.624222885190e-14       2.747729045945e-15 
  612       2.857899562428e-10       3.602789806915e-14       2.779531354887e-15 
  613       2.845704862633e-10       3.581513480912e-14       2.811226572424e-15 
  614       2.833569983794e-10       3.560393166587e-14       2.842816330651e-15 
  615       2.821499918822e-10       3.539428086681e-14       2.874302304085e-15 
  616       2.809499712396e-10       3.518617427077e-14       2.905686209866e-15 
  617       2.797574461148e-10       3.497960336602e-14       2.936969807973e-15 
  618       2.785729313849e-10       3.477455926831e-14       2.968154901425e-15 
  619       2.773969471595e-10       3.457103271896e-14       2.999243336490e-15 
  620       2.762300187996e-10       3.436901408287e-14       3.030237002894e-15 
  621       2.750726769358e-10       3.416849334661e-14       3.061137834027e-15 
  622       2.739254574871e-10       3.396946011642e-14       3.091947807152e-15 
  623       2.727889016798e-10       3.377190361629e-14       3.122668943611e-15 
  624       2.716635560656e-10       3.357581268602e-14       3.153303309034e-15 
  625       2.705499725406e-10       3.338117577924e-14       3.183853013545e-15 
  626       2.694487083638e-10       3.318798096148e-14       3.214320211972e-15 
  627       2.683603261757e-10       3.299621590822e-14       3.244707104050e-15 
  628       2.672853940171e-10       3.280586790290e-14       3.275015934635e-15 
  629       2.662244853473e-10       3.261692383505e-14       3.305248993905e-15 
  630       2.651781790634e-10       3.242937019825e-14       3.335408617571e-15 
  631       2.641470595181e-10       3.224319308825e-14       3.365497187086e-15 
  632       2.631317165390e-10       3.205837820097e-14       3.395517129849e-15 
  633       2.621327454470e-10       3.187491083058e-14       3.425470919415e-15 
  634       2.611507470746e-10       3.169277586755e-14       3.455361075700e-15 
  635       2.601863277851e-10       3.151195779667e-14       3.485190165192e-15 
  636       2.592400994909e-10       3.133244069512e-14       3.514960801157e-15 
  637       2.583126796720e-10       3.115420823052e-14       3.544675643844e-15 
  638       2.574046913948e-10       3.097724365899e-14       3.574337400698e-15 
  639       2.565167633309e-10       3.080152982318e-14       3.603948826562e-15 
  640       2.556495297754e-10       3.062704915032e-14       3.633512723888e-15 
  641       2.548036306654e-10       3.045378365027e-14       3.663031942942e-15 
  642       2.539797115993e-10       3.028171491359e-14       3.692509382016e-15 
  643       2.531784238547e-10       3.011082410957e-14       3.721947987630e-15 
  644       2.524003356098e-10       2.994109466211e-14       3.751348968396e-15 
  645       2.516456633625e-10       2.977252034775e-14       3.780706391804e-15 
  646       2.509145344701e-10       2.960509737703e-14       3.810012465568e-15 
  647       2.502070753894e-10       2.943882173211e-14       3.839259312598e-15 
  648       2.495234116700e-10       2.927368916558e-14       3.868438970690e-15 
  649       2.488636679467e-10       2.910969519927e-14       3.897543392215e-15 
  650       2.482279679330e-10       2.894683512309e-14       3.926564443816e-15 
  651       2.476164344140e-10       2.878510399384e-14       3.955493906094e-15 
  652       2.470291892389e-10       2.862449663405e-14       3.984323473303e-15 
  653       2.464663533146e-10       2.846500763079e-14       4.013044753040e-15 
  654       2.459280465982e-10       2.830663133449e-14       4.041649265935e-15 
  655       2.454143880904e-10       2.814936185778e-14       4.070128445347e-15 
  656       2.449254958280e-10       2.799319307428e-14       4.098473637052e-15 
  657       2.444614868772e-10       2.783811861748e-14       4.126676098934e-15 
  658       2.440224773263e-10       2.768413187951e-14       4.154727000677e-15 
  659       2.436085822790e-10       2.753122600996e-14       4.182617423461e-15 
  660       2.432199158471e-10       2.737939391477e-14       4.210338359645e-15 
  661       2.428565911438e-10       2.722862825498e-14       4.237880712466e-15 
  662       2.425187202760e-10       2.707892144557e-14       4.265235295727e-15 
  663       2.422064143382e-10       2.693026565432e-14       4.292392833489e-15 
  664       2.419197834045e-10       2.678265280059e-14       4.319343959761e-15 
  665       2.416589365224e-10       2.663607455417e-14       4.346079218195e-15 
  666       2.414239817052e-10       2.649052233409e-14       4.372589061775e-15 
  667       2.412150259254e-10       2.634598730744e-14       4.398863852509e-15 
  668       2.410321751072e-10       2.620246038821e-14       4.424893861121e-15 
  669       2.408755341199e-10       2.605993223609e-14       4.450669266739e-15 
  670       2.407452067705e-10       2.591839325531e-14       4.476180156594e-15 
  671       2.406412957971e-10       2.577783359346e-14       4.501416525703e-15 
  672       2.405639028615e-10       2.563824314031e-14       4.526368276566e-15 
  673       2.405131285423e-10       2.549961152665e-14       4.551025218857e-15 
  674       2.404890723278e-10       2.536192812306e-14       4.575377069111e-15 
  675       2.404918326091e-10       2.522518203882e-14       4.599413450423e-15 
  676       2.405215066731e-10       2.508936212064e-14       4.623123892132e-15 
  677       2.405781906953e-10       2.495445695154e-14       4.646497829518e-15 
  678       2.406619797326e-10       2.482045484968e-14       4.669524603489e-15 
  679       2.407729677170e-10       2.468734386714e-14       4.692193460276e-15 
  680       2.409112474475e-10       2.455511178878e-14       4.714493551125e-15 
  681       2.410769105843e-10       2.442374613103e-14       4.736413931982e-15 
  682       2.412700476405e-10       2.429323414075e-14       4.757943563195e-15 
  683       2.414906894245e-10       2.416356456248e-14       4.779073253158e-15 
  684       2.417386300065e-10       2.403473298401e-14       4.799801535444e-15 
  685       2.420135999588e-10       2.390673660258e-14       4.820128916516e-15 
  686       2.423153245430e-10       2.377957246607e-14       4.840055943317e-15 
  687       2.426435236884e-10       2.365323747224e-14       4.859583203461e-15 
  688       2.429979119692e-10       2.352772836805e-14       4.878711325422e-15 
  689       2.433781985832e-10       2.340304174890e-14       4.897440978726e-15 
  690       2.437840873291e-10       2.327917405793e-14       4.915772874143e-15 
  691       2.442152765849e-10       2.315612158528e-14       4.933707763875e-15 
  692       2.446714592854e-10       2.303388046740e-14       4.951246441748e-15 
  693       2.451523229005e-10       2.291244668628e-14       4.968389743406e-15 
  694       2.456575494129e-10       2.279181606876e-14       4.985138546495e-15 
  695       2.461868152962e-10       2.267198428580e-14       5.001493770860e-15 
  696       2.467397914926e-10       2.255294685176e-14       5.017456378734e-15 
  697       2.473161433911e-10       2.243469912367e-14       5.033027374927e-15 
  698       2.479155308053e-10       2.231723630051e-14       5.048207807019e-15 
  699       2.485376079511e-10       2.220055342250e-14       5.062998765550e-15 
  700       2.491820234252e-10       2.208464537036e-14       5.077401384211e-15 
  701       2.498484201823e-10       2.196950686457e-14       5.091416840033e-15 
  702       2.505364355138e-10       2.185513246471e-14       5.105046353581e-15 
  703       2.512457010249e-10       2.174151656866e-14       5.118291189144e-15 
  704       2.519758426135e-10       2.162865341196e-14       5.131152654924e-15 
  705       2.527264804471e-10       2.151653706699e-14       5.143632103228e-15 
  706       2.534972289416e-10       2.140516144234e-14       5.155730930658e-15 
  707       2.542876967386e-10       2.129452028204e-14       5.167450578305e-15 
  708       2.550974866838e-10       2.118460716482e-14       5.178792531934e-15 
  709       2.559261958044e-10       2.107541550344e-14       5.189758322180e-15 
  710       2.567734152878e-10       2.096693854393e-14       5.200349524738e-15 
  711       2.576387304586e-10       2.085916936486e-14       5.210567760551e-15 
  712       2.585217207574e-10       2.075210087667e-14       5.220414696003e-15 
  713       2.594219597181e-10       2.064572582088e-14       5.229892043111e-15 
  714       2.603390149461e-10       2.054003676941e-14       5.239001559711e-15 
  715       2.612724480962e-10       2.043502612384e-14       5.247745049655e-15 
  716       2.622218148506e-10       2.033068611470e-14       5.256124362999e-15 
  717       2.631866648967e-10       2.022700880074e-14       5.264141396190e-15 
  718       2.641665419050e-10       2.012398606820e-14       5.271798092266e-15 
  719       2.651609835071e-10       2.002160963011e-14       5.279096441037e-15 
  720       2.661695212739e-10       1.991987102553e-14       5.286038479281e-15 
  721       2.671916806930e-10       1.981876161886e-14       5.292626290935e-15 
  722       2.682269839452e-10       1.971827375576e-14       5.298861936593e-15 
  723       2.692749583392e-10       1.961840425791e-14       5.304747240049e-15 
  724       2.703351280034e-10       1.951915099740e-14       5.310283997822e-15 
  725       2.714070110821e-10       1.942051174604e-14       5.315474049628e-15 
  726       2.724901197134e-10       1.932248417487e-14       5.320319278557e-15 
  727       2.735839600084e-10       1.922506585374e-14       5.324821611247e-15 
  728       2.746880320296e-10       1.912825425083e-14       5.328983018058e-15 
  729       2.758018297693e-10       1.903204673220e-14       5.332805513247e-15 
  730       2.769248411282e-10       1.893644056132e-14       5.336291155143e-15 
  731       2.780565478941e-10       1.884143289865e-14       5.339442046320e-15 
  732       2.791964257206e-10       1.874702080113e-14       5.342260333773e-15 
  733       2.803439441053e-10       1.865320122179e-14       5.344748209094e-15 
  734       2.814985663687e-10       1.855997100921e-14       5.346907908641e-15 
  735       2.826597496324e-10       1.846732690714e-14       5.348741713721e-15 
  736       2.838269447982e-10       1.837526555401e-14       5.350251950755e-15 
  737       2.849995965264e-10       1.828378348246e-14       5.351440991462e-15 
  738       2.861771432140e-10       1.819287711892e-14       5.352311253026e-15 
  739       2.873590169740e-10       1.810254278310e-14       5.352865198275e-15 
  740       2.885446436135e-10       1.801277668759e-14       5.353105335853e-15 
  741       2.897334426123e-10       1.792357493737e-14       5.353034220397e-15 
  742       2.909248271016e-10       1.783493352937e-14       5.352654452710e-15 
  743       2.921182038425e-10       1.774684835199e-14       5.351968679934e-15 
  744       2.933129732047e-10       1.765931518466e-14       5.350979595730e-15 
  745       2.945085291449e-10       1.757232969739e-14       5.349689940445e-15 
  746       2.957042591853e-10       1.748588745029e-14       5.348102501294e-15 
  747       2.968995443926e-10       1.739998389314e-14       5.346220112529e-15 
  748       2.980937593560e-10       1.731461436492e-14       5.344045655615e-15 
  749       2.992862721662e-10       1.722977409334e-14       5.341582059409e-15 
  750       3.004764443939e-10       1.714545819441e-14       5.338832300326e-15 
  751       3.016636310682e-10       1.706166167197e-14       5.335799402522e-15 
  752       3.028471806552e-10       1.697837941723e-14       5.332486438063e-15 
  753       3.040264350368e-10       1.689560620830e-14       5.328896527103e-15 
  754       3.052007294891e-10       1.681333670978e-14       5.325032838054e-15 
  755       3.063693926609e-10       1.673156547225e-14       5.320898587768e-15 
  756       3.075317465524e-10       1.665028693185e-14       5.316497041703e-15 
  757       3.086871064938e-10       1.656949540980e-14       5.311831514105e-15 
  758       3.098347811238e-10       1.648918511195e-14       5.306905368177e-15 
  759       3.109740723681e-10       1.640935012834e-14       5.301722016258e-15 
  760       3.121042754181e-10       1.632998443272e-14       5.296284919993e-15 
  761       3.132247364525e-10       1.625108267028e-14       5.290596794479e-15 
  762       3.143350270594e-10       1.617264253836e-14       5.284657203596e-15 
  763       3.154347731152e-10       1.609466245045e-14       5.278464918927e-15 
  764       3.165235973352e-10       1.601714075192e-14       5.272018711618e-15 
  765       3.176011192640e-10       1.594007571963e-14       5.265317352393e-15 
  766       3.186669552662e-10       1.586346556173e-14       5.258359611560e-15 
  767       3.197207185166e-10       1.578730841729e-14       5.251144259025e-15 
  768       3.207620189909e-10       1.571160235607e-14       5.243670064298e-15 
  769       3.217904634564e-10       1.563634537819e-14       5.235935796506e-15 
  770       3.228056554622e-10       1.556153541381e-14       5.227940224401e-15 
  771       3.238071953298e-10       1.548717032292e-14       5.219682116369e-15 
  772       3.247946801440e-10       1.541324789496e-14       5.211160240442e-15 
  773       3.257677037428e-10       1.533976584858e-14       5.202373364307e-15 
  774       3.267258567083e-10       1.526672183130e-14       5.193320255315e-15 
  775       3.276687263572e-10       1.519411341929e-14       5.183999680491e-15 
  776       3.285958967313e-10       1.512193811699e-14       5.174410406547e-15 
  777       3.295069485880e-10       1.505019335688e-14       5.164551199886e-15 
  778       3.304014593908e-10       1.497887649915e-14       5.154420826616e-15 
  779       3.312790032997e-10       1.490798483143e-14       5.144018052561e-15 
  780       3.321391511621e-10       1.483751556848e-14       5.133341643265e-15 
  781       3.329814705029e-10       1.476746585191e-14       5.122390364009e-15 
  782       3.338055255153e-10       1.469783274986e-14       5.111162979814e-15 
  783       3.346108770513e-10       1.462861325675e-14       5.099658255458e-15 
  784       3.353970826120e-10       1.455980429294e-14       5.087874955479e-15 
  785       3.361636963383e-10       1.449140270447e-14       5.075811844188e-15 
  786       3.369102690015e-10       1.442340526275e-14       5.063467685680e-15 
  787       3.376363479935e-10       1.435580866427e-14       5.050841243843e-15 
  788       3.383414773179e-10       1.428860953031e-14       5.037931282365e-15 
  789       3.390251975798e-10       1.422180440664e-14       5.024736564749e-15 
  790       3.396870459768e-10       1.415538976323e-14       5.011255854317e-15 
  791       3.403265562895e-10       1.408936199394e-14       4.997487914226e-15 
  792       3.409432588718e-10       1.402371741628e-14       4.983431507472e-15 
  793       3.415366806416e-10       1.395845227104e-14       4.969085396904e-15 
  794       3.421063450713e-10       1.389356272205e-14       4.954448345232e-15 
  795       3.426517721782e-10       1.382904485587e-14       4.939519115037e-15 
  796       3.431724785152e-10       1.376489468151e-14       4.924296468783e-15 
  797       3.436679771612e-10       1.370110813009e-14       4.908779168821e-15 
  798       3.441377777116e-10       1.363768105461e-14       4.892965977405e-15 
  799       3.445813862690e-10       1.357460922961e-14       4.876855656701e-15 
  800       3.449983795622e-10       1.351188888895e-14       4.860448289495e-15 
  801       3.453886288051e-10       1.344951835035e-14       4.843749267736e-15 
  802       3.457520799023e-10       1.338749641990e-14       4.826765376761e-15 
  803       3.460886796948e-10       1.332582185647e-14       4.809503481450e-15 
  804       3.463983759641e-10       1.326449337157e-14       4.791970526476e-15 
  805       3.466811174370e-10       1.320350962911e-14       4.774173536565e-15 
  806       3.469368537899e-10       1.314286924524e-14       4.756119616754e-15 
  807       3.471655356528e-10       1.308257078813e-14       4.737815952646e-15 
  808       3.473671146144e-10       1.302261277780e-14       4.719269810667e-15 
  809       3.475415432259e-10       1.296299368591e-14       4.700488538326e-15 
  810       3.476887750058e-10       1.290371193557e-14       4.681479564470e-15 
  811       3.478087644440e-10       1.284476590117e-14       4.662250399542e-15 
  812       3.479014670064e-10       1.278615390814e-14       4.642808635836e-15 
  813       3.479668391394e-10       1.272787423282e-14       4.623161947758e-15 
  814       3.480048382739e-10       1.266992510221e-14       4.603318092080e-15 
  815       3.480154228302e-10       1.261230469379e-14       4.583284908198e-15 
  816       3.479985522219e-10       1.255501113537e-14       4.563070318389e-15 
  817       3.479541868608e-10       1.249804250483e-14       4.542682328072e-15 
  818       3.478822881610e-10       1.244139682998e-14       4.522129026056e-15 
  819       3.477828185433e-10       1.238507208834e-14       4.501418584807e-15 
  820       3.476557414398e-10       1.232906620696e-14       4.480559260700e-15 
  821       3.475010212981e-10       1.227337706222e-14       4.459559394277e-15 
  822       3.473186235858e-10       1.221800247964e-14       4.438427410504e-15 
  823       3.471085147949e-10       1.216294023369e-14       4.417171819029e-15 
  824       3.468706624461e-10       1.210818804757e-14       4.395801214437e-15 
  825       3.466050350935e-10       1.205374359307e-14       4.374324276512e-15 
  826       3.463116023285e-10       1.199960449034e-14       4.352749770489e-15 
  827       3.459903347849e-10       1.194576830770e-14       4.331086547312e-15 
  828       3.456412041425e-10       1.189223256144e-14       4.309343543894e-15 
  829       3.452641831321e-10       1.183899471567e-14       4.287529783371e-15 
  830       3.448592455398e-10       1.178605218205e-14       4.265654375363e-15 
  831       3.444263662112e-10       1.173340231969e-14       4.243726516227e-15 
  832       3.439655210559e-10       1.168104243488e-14       4.221755489315e-15 
  833       3.434766870519e-10       1.162896978094e-14       4.199750665234e-15 
  834       3.429598422502e-10       1.157718155801e-14       4.177721502100e-15 
  835       3.424149657789e-10       1.152567491285e-14       4.155677545796e-15 
  836       3.418420378477e-10       1.147444693868e-14       4.133628430231e-15 
  837       3.412410397524e-10       1.142349467495e-14       4.111583877595e-15 
  838       3.406119538793e-10       1.137281510716e-14       4.089553698616e-15 
  839       3.399548115935e-10       1.132240554103e-14       4.067545673533e-15 
  840       3.392698378091e-10       1.127226473239e-14       4.045559154081e-15 
  841       3.385573089429e-10       1.122239177657e-14       4.023591350716e-15 
  842       3.378175052707e-10       1.117278573569e-14       4.001639441706e-15 
  843       3.370507109395e-10       1.112344563850e-14       3.979700573036e-15 
  844       3.362572139809e-10       1.107437048030e-14       3.957771858296e-15 
  845       3.354373063226e-10       1.102555922278e-14       3.935850378583e-15 
  846       3.345912838020e-10       1.097701079390e-14       3.913933182394e-15 
  847       3.337194461778e-10       1.092872408775e-14       3.892017285523e-15 
  848       3.328220971432e-10       1.088069796446e-14       3.870099670959e-15 
  849       3.318995443385e-10       1.083293125000e-14       3.848177288780e-15 
  850       3.309520993630e-10       1.078542273614e-14       3.826247056051e-15 
  851       3.299800777882e-10       1.073817118023e-14       3.804305856718e-15 
  852       3.289837991701e-10       1.069117530514e-14       3.782350541510e-15 
  853       3.279635870618e-10       1.064443379909e-14       3.760377927826e-15 
  854       3.269197690262e-10       1.059794531555e-14       3.738384799640e-15 
  855       3.258526766480e-10       1.055170847309e-14       3.716367907392e-15 
  856       3.247626455471e-10       1.050572185525e-14       3.694323967889e-15 
  857       3.236500153904e-10       1.045998401043e-14       3.672249664196e-15 
  858       3.225151299049e-10       1.041449345174e-14       3.650141645534e-15 
  859       3.213583368900e-10       1.036924865688e-14       3.627996527179e-15 
  860       3.201799882299e-10       1.032424806803e-14       3.605810890356e-15 
  861       3.189804399064e-10       1.027949009167e-14       3.583581282135e-15 
  862       3.177600520117e-10       1.023497309850e-14       3.561304215330e-15 
  863       3.165191887604e-10       1.019069542329e-14       3.538976168389e-15 
  864       3.152582185022e-10       1.014665536476e-14       3.516593585300e-15 
  865       3.139775137348e-10       1.010285118544e-14       3.494152875478e-15 
  866       3.126774511162e-10       1.005928111154e-14       3.471650413666e-15 
  867       3.113584114773e-10       1.001594333282e-14       3.449082539831e-15 
  868       3.100207798342e-10       9.972836002499e-15       3.426445559060e-15 
  869       3.086649454013e-10       9.929957237059e-15       3.403735741457e-15 
  870       3.072913016035e-10       9.887305116167e-15       3.380949322036e-15 
  871       3.059002460887e-10       9.844877682528e-15       3.358082500621e-15 
  872       3.044921807405e-10       9.802672941754e-15       3.335131441741e-15 
  873       3.030675116908e-10       9.760688862242e-15       3.312092274528e-15 
  874       3.016266493322e-10       9.718923375038e-15       3.288961092608e-15 
  875       3.001700083308e-10       9.677374373713e-15       3.265733954004e-15 
  876       2.986980076384e-10       9.636039714229e-15       3.242406881028e-15 
  877       2.972110705053e-10       9.594917214815e-15       3.218975860179e-15 
  878       2.957096224892e-10       9.554004919378e-15       3.195438222135e-15 
  879       2.941940854204e-10       9.513301892813e-15       3.171796807094e-15 
  880       2.926648833608e-10       9.472807438662e-15       3.148055868484e-15 
  881       2.911224446114e-10       9.432520836682e-15       3.124219699252e-15 
  882       2.895672017237e-10       9.392441342750e-15       3.100292631983e-15 
  883       2.879995915128e-10       9.352568188785e-15       3.076279039001e-15 
  884       2.864200550690e-10       9.312900582650e-15       3.052183332487e-15 
  885       2.848290377704e-10       9.273437708070e-15       3.028009964585e-15 
  886       2.832269892950e-10       9.234178724542e-15       3.003763427518e-15 
  887       2.816143636330e-10       9.195122767245e-15       2.979448253694e-15 
  888       2.799916190990e-10       9.156268946956e-15       2.955069015820e-15 
  889       2.783592183442e-10       9.117616349957e-15       2.930630327010e-15 
  890       2.767176283689e-10       9.079164037950e-15       2.906136840900e-15 
  891       2.750673205345e-10       9.040911047968e-15       2.881593251755e-15 
  892       2.734087705755e-10       9.002856392285e-15       2.857004294584e-15 
  893       2.717424586126e-10       8.964999058333e-15       2.832374745246e-15 
  894       2.700688691639e-10       8.927338008605e-15       2.807709420563e-15 
  895       2.683884911580e-10       8.889872180577e-15       2.783013178434e-15 
  896       2.667018179455e-10       8.852600486612e-15       2.758290917940e-15 
  897       2.650093473121e-10       8.815521813874e-15       2.733547579460e-15 
  898       2.633115814900e-10       8.778635024243e-15       2.708788144780e-15 
  899       2.616090271707e-10       8.741938954221e-15       2.684017637202e-15 
  900       2.599021955171e-10       8.705432414850e-15       2.659241121658e-15 
  901       2.581916021755e-10       8.669114191619e-15       2.634463704819e-15 
  902       2.564777672882e-10       8.632983044376e-15       2.609690535209e-15 
  903       2.547612155057e-10       8.597037707245e-15       2.584926803308e-15 
  904       2.530424759987e-10       8.561276888531e-15       2.560177741674e-15 
  905       2.513220824706e-10       8.525699270637e-15       2.535448625045e-15 
  906       2.496005731694e-10       8.490303509971e-15       2.510744770453e-15 
  907       2.478784909006e-10       8.455088236863e-15       2.486071537336e-15 
  908       2.461563830386e-10       8.420052055474e-15       2.461434327648e-15 
  909       2.444348015397e-10       8.385193543707e-15       2.436838585969e-15 
  910       2.427143029538e-10       8.350511253119e-15       2.412289799616e-15 
  911       2.409954484370e-10       8.316003708836e-15       2.387793498757e-15 
  912       2.392788037637e-10       8.281669409461e-15       2.363355256516e-15 
  913       2.375649393387e-10       8.247506826988e-15       2.338980689090e-15 
  914       2.358544302099e-10       8.213514406711e-15       2.314675455856e-15 
  915       2.341478560799e-10       8.179690567141e-15       2.290445259484e-15 
  916       2.324458013188e-10       8.146033699911e-15       2.266295846046e-15 
  917       2.307488096748e-10       8.112542360832e-15       2.242232412151e-15 
  918       2.290572475913e-10       8.079215846550e-15       2.218257815782e-15 
  919       2.273714387380e-10       8.046053626892e-15       2.194374337189e-15 
  920       2.256917091203e-10       8.013055154503e-15       2.170584269310e-15 
  921       2.240183870854e-10       7.980219864782e-15       2.146889917801e-15 
  922       2.223518033281e-10       7.947547175822e-15       2.123293601058e-15 
  923       2.206922908963e-10       7.915036488349e-15       2.099797650246e-15 
  924       2.190401851972e-10       7.882687185660e-15       2.076404409325e-15 
  925       2.173958240028e-10       7.850498633566e-15       2.053116235075e-15 
  926       2.157595474557e-10       7.818470180325e-15       2.029935497124e-15 
  927       2.141316980752e-10       7.786601156587e-15       2.006864577972e-15 
  928       2.125126207625e-10       7.754890875327e-15       1.983905873021e-15 
  929       2.109026628071e-10       7.723338631790e-15       1.961061790599e-15 
  930       2.093021738922e-10       7.691943703426e-15       1.938334751986e-15 
  931       2.077115061007e-10       7.660705349831e-15       1.915727191441e-15 
  932       2.061310139207e-10       7.629622812685e-15       1.893241556230e-15 
  933       2.045610542517e-10       7.598695315690e-15       1.870880306650e-15 
  934       2.030019864100e-10       7.567922064514e-15       1.848645916055e-15 
  935       2.014541721349e-10       7.537302246722e-15       1.826540870884e-15 
  936       1.999179755939e-10       7.506835031724e-15       1.804567670690e-15 
  937       1.983937633890e-10       7.476519570706e-15       1.782728828158e-15 
  938       1.968819045625e-10       7.446354996575e-15       1.761026869142e-15 
  939       1.953827706023e-10       7.416340423894e-15       1.739464332682e-15 
  940       1.938967354482e-10       7.386474948822e-15       1.718043771036e-15 
  941       1.924241754974e-10       7.356757649057e-15       1.696767749705e-15 
  942       1.909654696103e-10       7.327187583769e-15       1.675638847459e-15 
  943       1.895209991166e-10       7.297763793542e-15       1.654659656362e-15 
  944       1.880911478205e-10       7.268485300314e-15       1.633832781803e-15 
  945       1.866763020072e-10       7.239351107314e-15       1.613160842517e-15 
  946       1.852768504480e-10       7.210360199001e-15       1.592646470612e-15 
  947       1.838931844065e-10       7.181511541007e-15       1.572292311601e-15 
  948       1.825256976445e-10       7.152804080069e-15       1.552101024421e-15 
  949       1.811747864273e-10       7.124236743975e-15       1.532075281465e-15 
  950       1.798408495300e-10       7.095808441498e-15       1.512217768604e-15 
  951       1.785242882428e-10       7.067518062339e-15       1.492531185216e-15 
  952       1.772255063772e-10       7.039364477063e-15       1.473018244212e-15 
  953       1.759449102717e-10       7.011346537039e-15       1.453681672063e-15 
  954       1.746829087974e-10       6.983463074380e-15       1.434524208825e-15 
  955       1.734399133640e-10       6.955712901880e-15       1.415548608164e-15 
  956       1.722162789586e-10       6.928094948144e-15       1.396756745541e-15 
  957       1.710121262639e-10       6.900608665352e-15       1.378146927772e-15 
  958       1.698275168346e-10       6.873253627604e-15       1.359716542417e-15 
  959       1.686625118153e-10       6.846029396248e-15       1.341462945813e-15 
  960       1.675171719387e-10       6.818935519843e-15       1.323383462979e-15 
  961       1.663915575240e-10       6.791971534108e-15       1.305475387528e-15 
  962       1.652857284745e-10       6.765136961888e-15       1.287735981576e-15 
  963       1.641997442761e-10       6.738431313104e-15       1.270162475652e-15 
  964       1.631336639949e-10       6.711854084710e-15       1.252752068605e-15 
  965       1.620875462756e-10       6.685404760653e-15       1.235501927517e-15 
  966       1.610614493392e-10       6.659082811830e-15       1.218409187609e-15 
  967       1.600554309817e-10       6.632887696040e-15       1.201470952152e-15 
  968       1.590695485713e-10       6.606818857946e-15       1.184684292377e-15 
  969       1.581038590471e-10       6.580875729029e-15       1.168046247381e-15 
  970       1.571584189169e-10       6.555057727544e-15       1.151553824043e-15 
  971       1.562332842554e-10       6.529364258480e-15       1.135203996926e-15 
  972       1.553285107018e-10       6.503794713515e-15       1.118993708191e-15 
  973       1.544441534587e-10       6.478348470971e-15       1.102919867505e-15 
  974       1.535802672891e-10       6.453024895774e-15       1.086979351951e-15 
  975       1.527369065155e-10       6.427823339408e-15       1.071169005935e-15 
  976       1.519141250171e-10       6.402743139873e-15       1.055485641101e-15 
  977       1.511119762283e-10       6.377783621643e-15       1.039926036232e-15 
  978       1.503305131369e-10       6.352944095621e-15       1.024486937168e-15 
  979       1.495697882816e-10       6.328223859096e-15       1.009165056709e-15 
  980       1.488298537504e-10       6.303622195699e-15       9.939570745282e-16 
  981       1.481107611789e-10       6.279138375364e-15       9.788596370787e-16 
  982       1.474125617477e-10       6.254771654277e-15       9.638693575054e-16 
  983       1.467353061811e-10       6.230521274842e-15       9.489828155526e-16 
  984       1.460790447449e-10       6.206386465631e-15       9.341965574742e-16 
  985       1.454438272441e-10       6.182366441341e-15       9.195070959426e-16 
  986       1.448297030217e-10       6.158460402757e-15       9.049109099587e-16 
  987       1.442367209561e-10       6.134667536700e-15       8.904044447607e-16 
  988       1.436649294594e-10       6.110987015992e-15       8.759841117337e-16 
  989       1.431143764756e-10       6.087417999406e-15       8.616462883193e-16 
  990       1.425851094783e-10       6.063959631627e-15       8.473873179246e-16 
  991       1.420771754692e-10       6.040611043208e-15       8.332035098318e-16 
  992       1.415906209756e-10       6.017371350526e-15       8.190911391078e-16 
  993       1.411254920490e-10       5.994239655739e-15       8.050464465131e-16 
  994       1.406818342629e-10       5.971215046741e-15       7.910656384116e-16 
  995       1.402596535523e-10       5.948296698710e-15       7.771456740544e-16 
  996       1.398587981078e-10       5.925484180453e-15       7.632866402750e-16 
  997       1.394790747436e-10       5.902777152469e-15       7.494894114744e-16 
  998       1.391202878928e-10       5.880175265740e-15       7.357548654117e-16 
  999       1.387822396003e-10       5.857678161701e-15       7.220838832091e-16 
 1000       1.384647295159e-10       5.835285472206e-15       7.084773493562e-16 
 1001       1.381675548883e-10       5.812996819500e-15       6.949361517153e-16 
 1002       1.378905105576e-10       5.790811816187e-15       6.814611815254e-16 
 1003       1.376333889493e-10       5.768730065199e-15       6.680533334076e-16 
 1004       1.373959800672e-10       5.746751159765e-15       6.547135053695e-16 
 1005       1.371780714867e-10       5.724874683381e-15       6.414425988099e-16 
 1006       1.369794483484e-10       5.703100209777e-15       6.282415185237e-16 
 1007       1.367998933512e-10       5.681427302890e-15       6.151111727065e-16 
 1008       1.366391867457e-10       5.659855516827e-15       6.020524729593e-16 
 1009       1.364971063275e-10       5.638384395840e-15       5.890663342934e-16 
 1010       1.363734274303e-10       5.617013474291e-15       5.761536751350e-16 
 1011       1.362679229195e-10       5.595742276624e-15       5.633154173300e-16 
 1012       1.361803631856e-10       5.574570317333e-15       5.505524861484e-16 
 1013       1.361105161369e-10       5.553497100929e-15       5.378658102898e-16 
 1014       1.360581471937e-10       5.532522121913e-15       5.252563218872e-16 
 1015       1.360230192807e-10       5.511644864741e-15       5.127249565123e-16 
 1016       1.360048928212e-10       5.490864803797e-15       5.002726531802e-16 
 1017       1.360035257296e-10       5.470181403358e-15       4.879003543539e-16 
 1018       1.360186734052e-10       5.449594117566e-15       4.756090059492e-16 
 1019       1.360500887254e-10       5.429102390398e-15       4.633995573395e-16 
 1020       1.360975220391e-10       5.408705655631e-15       4.512729613601e-16 
 1021       1.361607211598e-10       5.388403336813e-15       4.392301743135e-16 
 1022       1.362394313590e-10       5.368194847236e-15       4.272721559738e-16 
 1023       1.363333953595e-10       5.348079589897e-15       4.153998695915e-16 
 1024       1.364423533289e-10       5.328056957475e-15       4.036142818982e-16 
 1025       1.365660428728e-10       5.308126332295e-15       3.919163631113e-16 
 1026       1.367041990277e-10       5.288287086299e-15       3.803070869390e-16 
 1027       1.368565542552e-10       5.268538581014e-15       3.687874305844e-16 
 1028       1.370228384343e-10       5.248880167525e-15       3.573583747511e-16 
 1029       1.372027788556e-10       5.229311186437e-15       3.460209036471e-16 
 1030       1.373961002139e-10       5.209830967850e-15       3.347760049901e-16 
 1031       1.376025246022e-10       5.190438831326e-15       3.236246700120e-16 
 1032       1.378217715042e-10       5.171134085858e-15       3.125678934636e-16 
 1033       1.380535577884e-10       5.151916029839e-15       3.016066736193e-16 
 1034       1.382975960583e-10       5.132784028109e-15       2.907422185663e-16 
 1035       1.385535896928e-10       5.113737744351e-15       2.799765682526e-16 
 1036       1.388212377225e-10       5.094776911916e-15       2.693119812372e-16 
 1037       1.391002364592e-10       5.075901257021e-15       2.587507292295e-16 
 1038       1.393902794892e-10       5.057110498729e-15       2.482950971184e-16 
 1039       1.396910576659e-10       5.038404348925e-15       2.379473829990e-16 
 1040       1.400022591036e-10       5.019782512292e-15       2.277098982013e-16 
 1041       1.403235691701e-10       5.001244686293e-15       2.175849673178e-16 
 1042       1.406546704802e-10       4.982790561144e-15       2.075749282312e-16 
 1043       1.409952428885e-10       4.964419819795e-15       1.976821321423e-16 
 1044       1.413449634827e-10       4.946132137907e-15       1.879089435981e-16 
 1045       1.417035065767e-10       4.927927183829e-15       1.782577405195e-16 
 1046       1.420705437039e-10       4.909804618575e-15       1.687309142290e-16 
 1047       1.424457436100e-10       4.891764095805e-15       1.593308694789e-16 
 1048       1.428287722463e-10       4.873805261800e-15       1.500600244789e-16 
 1049       1.432192927629e-10       4.855927755437e-15       1.409208109239e-16 
 1050       1.436169655017e-10       4.838131208176e-15       1.319156740223e-16 
 1051       1.440214479896e-10       4.820415244025e-15       1.230470725232e-16 
 1052       1.444323949314e-10       4.802779479530e-15       1.143174787449e-16 
 1053       1.448494582035e-10       4.785223523743e-15       1.057293786023e-16 
 1054       1.452722868464e-10       4.767746978206e-15       9.728527163507e-17 
 1055       1.457005270582e-10       4.750349436926e-15       8.898767103519e-17 
 1056       1.461338221874e-10       4.733030486353e-15       8.083910367511e-17 
 1057       1.465718127266e-10       4.715789705359e-15       7.284211013547e-17 
 1058       1.470141363049e-10       4.698626665212e-15       6.499924473296e-17 
 1059       1.474604276817e-10       4.681540929559e-15       5.731307554821e-17 
 1060       1.479103187392e-10       4.664532054401e-15       4.978618445362e-17 
 1061       1.483634384762e-10       4.647599588068e-15       4.242116714126e-17 
 1062       1.488194130006e-10       4.630743071203e-15       3.522063315066e-17 
 1063       1.492778655230e-10       4.613962036734e-15       2.818720589675e-17 
 1064       1.497384163494e-10       4.597256009855e-15       2.132352269767e-17 
 1065       1.502006828749e-10       4.580624508001e-15       1.463223480262e-17 
 1066       1.506642795761e-10       4.564067040830e-15       8.116007419776e-18 
 1067       1.511288180048e-10       4.547583110196e-15       1.777519744084e-18 
 1068       1.515939067811e-10       4.531172210129e-15      -4.380535014842e-18 
 1069       1.520591515861e-10       4.514833826813e-15      -1.035544960487e-17 
 1070       1.525241551554e-10       4.498567438563e-15      -1.614450270351e-17 
 1071       1.529885172721e-10       4.482372515802e-15      -2.174495889000e-17 
 1072       1.534518347601e-10       4.466248521043e-15      -2.715406861753e-17 
 1073       1.539137327623e-10       4.450194964276e-15      -3.237003182890e-17 
 1074       1.543739590571e-10       4.434211570032e-15      -3.739490322887e-17 
 1075       1.548322910125e-10       4.418298112553e-15      -4.223172651696e-17 
 1076       1.552885044140e-10       4.402454360567e-15      -4.688357440364e-17 
 1077       1.557423734606e-10       4.386680077268e-15      -5.135354868283e-17 
 1078       1.561936707615e-10       4.370975020303e-15      -5.564478030439e-17 
 1079       1.566421673320e-10       4.355338941754e-15      -5.976042944659e-17 
 1080       1.570876325906e-10       4.339771588121e-15      -6.370368558860e-17 
 1081       1.575298343546e-10       4.324272700306e-15      -6.747776758298e-17 
 1082       1.579685388371e-10       4.308842013598e-15      -7.108592372816e-17 
 1083       1.584035106432e-10       4.293479257653e-15      -7.453143184093e-17 
 1084       1.588345127661e-10       4.278184156481e-15      -7.781759932894e-17 
 1085       1.592613065839e-10       4.262956428426e-15      -8.094776326313e-17 
 1086       1.596836518558e-10       4.247795786153e-15      -8.392529045031e-17 
 1087       1.601013067185e-10       4.232701936631e-15      -8.675357750554e-17 
 1088       1.605140276825e-10       4.217674581113e-15      -8.943605092469e-17 
 1089       1.609215696287e-10       4.202713415122e-15      -9.197616715690e-17 
 1090       1.613236858045e-10       4.187818128437e-15      -9.437741267706e-17 
 1091       1.617201278203e-10       4.172988405071e-15      -9.664330405830e-17 
 1092       1.621106456462e-10       4.158223923260e-15      -9.877738804450e-17 
 1093       1.624949876079e-10       4.143524355441e-15      -1.007832416227e-16 
 1094       1.628729003833e-10       4.128889368240e-15      -1.026644720958e-16 
 1095       1.632441289990e-10       4.114318622453e-15      -1.044247171545e-16 
 1096       1.636084168263e-10       4.099811773031e-15      -1.060676449507e-16 
 1097       1.639655055781e-10       4.085368469064e-15      -1.075969541690e-16 
 1098       1.643151353049e-10       4.070988353759e-15      -1.090163741000e-16 
 1099       1.646570443915e-10       4.056671064433e-15      -1.103296647120e-16 
 1100       1.649909695529e-10       4.042416232487e-15      -1.115406167244e-16 
 1101       1.653166458314e-10       4.028223483396e-15      -1.126530516793e-16 
 1102       1.656338065921e-10       4.014092436690e-15      -1.136708220146e-16 
 1103       1.659421835201e-10       4.000022705936e-15      -1.145978111362e-16 
 1104       1.662415066164e-10       3.986013898726e-15      -1.154379334905e-16 
 1105       1.665315041946e-10       3.972065616654e-15      -1.161951346371e-16 
 1106       1.668119028768e-10       3.958177455307e-15      -1.168733913209e-16 
 1107       1.670824275907e-10       3.944349004241e-15      -1.174767115450e-16 
 1108       1.673428015651e-10       3.930579846971e-15      -1.180091346430e-16 
 1109       1.675927463273e-10       3.916869560950e-15      -1.184747313512e-16 
 1110       1.678319816986e-10       3.903217717554e-15      -1.188776038817e-16 
 1111       1.680602257911e-10       3.889623882066e-15      -1.192218859944e-16 
 1112       1.682772370663e-10       3.876087658612e-15      -1.195111561064e-16 
 1113       1.684829411230e-10       3.862608825647e-15      -1.197466680294e-16 
 1114       1.686773055680e-10       3.849187202216e-15      -1.199290971264e-16 
 1115       1.688602981062e-10       3.835822603152e-15      -1.200591251823e-16 
 1116       1.690318865401e-10       3.822514839062e-15      -1.201374404189e-16 
 1117       1.691920387710e-10       3.809263716317e-15      -1.201647375111e-16 
 1118       1.693407227993e-10       3.796069037036e-15      -1.201417176022e-16 
 1119       1.694779067245e-10       3.782930599079e-15      -1.200690883194e-16 
 1120       1.696035587466e-10       3.769848196030e-15      -1.199475637893e-16 
 1121       1.697176471654e-10       3.756821617188e-15      -1.197778646540e-16 
 1122       1.698201403821e-10       3.743850647554e-15      -1.195607180858e-16 
 1123       1.699110068989e-10       3.730935067819e-15      -1.192968578038e-16 
 1124       1.699902153200e-10       3.718074654350e-15      -1.189870240886e-16 
 1125       1.700577343516e-10       3.705269179181e-15      -1.186319637983e-16 
 1126       1.701135328029e-10       3.692518409998e-15      -1.182324303840e-16 
 1127       1.701575795860e-10       3.679822110129e-15      -1.177891839056e-16 
 1128       1.701898437171e-10       3.667180038531e-15      -1.173029910467e-16 
 1129       1.702102943160e-10       3.654591949776e-15      -1.167746251311e-16 
 1130       1.702189006074e-10       3.642057594044e-15      -1.162048661375e-16 
 1131       1.702156319210e-10       3.629576717103e-15      -1.155945007158e-16 
 1132       1.702004576918e-10       3.617149060304e-15      -1.149443222021e-16 
 1133       1.701733474611e-10       3.604774360567e-15      -1.142551306347e-16 
 1134       1.701342708763e-10       3.592452350365e-15      -1.135277327694e-16 
 1135       1.700831976920e-10       3.580182757717e-15      -1.127629420953e-16 
 1136       1.700200977699e-10       3.567965306174e-15      -1.119615788500e-16 
 1137       1.699449410796e-10       3.555799714804e-15      -1.111244700356e-16 
 1138       1.698576976991e-10       3.543685698184e-15      -1.102524494341e-16 
 1139       1.697583378150e-10       3.531622966387e-15      -1.093463576231e-16 
 1140       1.696468317233e-10       3.519611224967e-15      -1.084070419909e-16 
 1141       1.695231498293e-10       3.507650174950e-15      -1.074353567528e-16 
 1142       1.693872626489e-10       3.495739512821e-15      -1.064321629660e-16 
 1143       1.692391408084e-10       3.483878930511e-15      -1.053983285457e-16 
 1144       1.690787550450e-10       3.472068115385e-15      -1.043347282803e-16 
 1145       1.689060762077e-10       3.460306750230e-15      -1.032422438472e-16 
 1146       1.687210752573e-10       3.448594513245e-15      -1.021217638282e-16 
 1147       1.685237232672e-10       3.436931078024e-15      -1.009741837254e-16 
 1148       1.683139914237e-10       3.425316113550e-15      -9.980040597628e-17 
 1149       1.680918510263e-10       3.413749284177e-15      -9.860133996974e-17 
 1150       1.678572734886e-10       3.402230249621e-15      -9.737790206138e-17 
 1151       1.676102589144e-10       3.390758699276e-15      -9.613047463106e-17 
 1152       1.673509222235e-10       3.379334455668e-15      -9.485727570413e-17 
 1153       1.670794081205e-10       3.367957372287e-15      -9.355596865972e-17 
 1154       1.667958626211e-10       3.356627299375e-15      -9.222420127806e-17 
 1155       1.665004330551e-10       3.345344083911e-15      -9.085960570699e-17 
 1156       1.661932680693e-10       3.334107569607e-15      -8.945979842870e-17 
 1157       1.658745176308e-10       3.322917596895e-15      -8.802238022624e-17 
 1158       1.655443330297e-10       3.311774002920e-15      -8.654493615020e-17 
 1159       1.652028668827e-10       3.300676621530e-15      -8.502503548532e-17 
 1160       1.648502731355e-10       3.289625283270e-15      -8.346023171708e-17 
 1161       1.644867070664e-10       3.278619815366e-15      -8.184806249836e-17 
 1162       1.641123252890e-10       3.267660041724e-15      -8.018604961602e-17 
 1163       1.637272857555e-10       3.256745782915e-15      -7.847169895754e-17 
 1164       1.633317477594e-10       3.245876856171e-15      -7.670250047762e-17 
 1165       1.629258719389e-10       3.235053075369e-15      -7.487592816482e-17 
 1166       1.625098202799e-10       3.224274251031e-15      -7.298944000815e-17 
 1167       1.620837561188e-10       3.213540190306e-15      -7.104047796373e-17 
 1168       1.616478441459e-10       3.202850696967e-15      -6.902646792135e-17 
 1169       1.612022504080e-10       3.192205571400e-15      -6.694481967114e-17 
 1170       1.607471423121e-10       3.181604610594e-15      -6.479292687016e-17 
 1171       1.602826886277e-10       3.171047608133e-15      -6.256816700902e-17 
 1172       1.598090594903e-10       3.160534354189e-15      -6.026790137850e-17 
 1173       1.593264264047e-10       3.150064635507e-15      -5.788947503619e-17 
 1174       1.588349622472e-10       3.139638235403e-15      -5.543021677307e-17 
 1175       1.583348412695e-10       3.129254933750e-15      -5.288743908014e-17 
 1176       1.578262391013e-10       3.118914506971e-15      -5.025843811505e-17 
 1177       1.573093327536e-10       3.108616728029e-15      -4.754049366871e-17 
 1178       1.567843006214e-10       3.098361366421e-15      -4.473086913191e-17 
 1179       1.562513224871e-10       3.088148188162e-15      -4.182681146194e-17 
 1180       1.557105795234e-10       3.077976955785e-15      -3.882555114920e-17 
 1181       1.551622542963e-10       3.067847428324e-15      -3.572430218380e-17 
 1182       1.546065307683e-10       3.057759361310e-15      -3.252026202224e-17 
 1183       1.540435943014e-10       3.047712506760e-15      -2.921061155395e-17 
 1184       1.534736316600e-10       3.037706613168e-15      -2.579251506796e-17 
 1185       1.528968310140e-10       3.027741425496e-15      -2.226312021950e-17 
 1186       1.523133819421e-10       3.017816685167e-15      -1.861955799663e-17 
 1187       1.517234754345e-10       3.007932130050e-15      -1.485894268682e-17 
 1188       1.511273038963e-10       2.998087494458e-15      -1.097837184363e-17 
 1189       1.505250611502e-10       2.988282509137e-15      -6.974926253263e-18 
 1190       1.499169443526e-10       2.978516926466e-15      -2.847108851565e-18 
 1191       1.493031597611e-10       2.968790596436e-15       1.400819111141e-18 
 1192       1.486839170438e-10       2.959103391587e-15       5.763121041959e-18 
 1193       1.480594273763e-10       2.949455181877e-15       1.023401903659e-17 
 1194       1.474299034446e-10       2.939845834672e-15       1.480769379087e-17 
 1195       1.467955594485e-10       2.930275214739e-15       1.947828451233e-17 
 1196       1.461566111048e-10       2.920743184243e-15       2.423988883175e-17 
 1197       1.455132756505e-10       2.911249602732e-15       2.908656271468e-17 
 1198       1.448657718461e-10       2.901794327141e-15       3.401232037303e-17 
 1199       1.442143199785e-10       2.892377211775e-15       3.901113417657e-17 
 1200       1.435591418645e-10       2.882998108308e-15       4.407693456453e-17 
 1201       1.429004608541e-10       2.873656865774e-15       4.920360995709e-17 
 1202       1.422385018333e-10       2.864353330561e-15       5.438500666698e-17 
 1203       1.415734912278e-10       2.855087346403e-15       5.961492881101e-17 
 1204       1.409056570058e-10       2.845858754375e-15       6.488713822161e-17 
 1205       1.402352286814e-10       2.836667392882e-15       7.019535435838e-17 
 1206       1.395624373178e-10       2.827513097659e-15       7.553325421966e-17 
 1207       1.388875155307e-10       2.818395701755e-15       8.089447225403e-17 
 1208       1.382106974910e-10       2.809315035535e-15       8.627260027194e-17 
 1209       1.375322189286e-10       2.800270926668e-15       9.166118735716e-17 
 1210       1.368523171352e-10       2.791263200120e-15       9.705373977839e-17 
 1211       1.361712309676e-10       2.782291678149e-15       1.024437209008e-16 
 1212       1.354892008511e-10       2.773356180298e-15       1.078245510976e-16 
 1213       1.348064687825e-10       2.764456523386e-15       1.131896076615e-16 
 1214       1.341232783335e-10       2.755592521504e-15       1.185322247164e-16 
 1215       1.334398746536e-10       2.746763986007e-15       1.238456931288e-16 
 1216       1.327565044737e-10       2.737970725503e-15       1.291232604194e-16 
 1217       1.320734161091e-10       2.729212545855e-15       1.343581306747e-16 
 1218       1.313908594625e-10       2.720489250165e-15       1.395434644584e-16 
 1219       1.307090860277e-10       2.711800638772e-15       1.446723787233e-16 
 1220       1.300283488926e-10       2.703146509245e-15       1.497379467222e-16 
 1221       1.293489027421e-10       2.694526656374e-15       1.547331979203e-16 
 1222       1.286710038618e-10       2.685940872164e-15       1.596511179060e-16 
 1223       1.279949101409e-10       2.677388945829e-15       1.644846483027e-16 
 1224       1.273208810756e-10       2.668870663784e-15       1.692266866807e-16 
 1225       1.266491777721e-10       2.660385809639e-15       1.738700864682e-16 
 1226       1.259800629499e-10       2.651934164191e-15       1.784076568631e-16 
 1227       1.253138009452e-10       2.643515505417e-15       1.828321627446e-16 
 1228       1.246506577139e-10       2.635129608468e-15       1.871363245847e-16 
 1229       1.239908795509e-10       2.626776267710e-15       1.913149199916e-16 
 1230       1.233346289656e-10       2.618455363142e-15       1.953711158779e-16 
 1231       1.226820480500e-10       2.610166794754e-15       1.993102114319e-16 
 1232       1.220332796952e-10       2.601910460545e-15       2.031375433962e-16 
 1233       1.213884675927e-10       2.593686256518e-15       2.068584861461e-16 
 1234       1.207477562361e-10       2.585494076677e-15       2.104784517677e-16 
 1235       1.201112909225e-10       2.577333813017e-15       2.140028901365e-16 
 1236       1.194792177541e-10       2.569205355525e-15       2.174372889955e-16 
 1237       1.188516836396e-10       2.561108592169e-15       2.207871740341e-16 
 1238       1.182288362959e-10       2.553043408898e-15       2.240581089660e-16 
 1239       1.176108242494e-10       2.545009689632e-15       2.272556956077e-16 
 1240       1.169977968378e-10       2.537007316262e-15       2.303855739571e-16 
 1241       1.163899042114e-10       2.529036168638e-15       2.334534222716e-16 
 1242       1.157872973346e-10       2.521096124573e-15       2.364649571465e-16 
 1243       1.151901279876e-10       2.513187059829e-15       2.394259335938e-16 
 1244       1.145985487679e-10       2.505308848115e-15       2.423421451198e-16 
 1245       1.140127130917e-10       2.497461361086e-15       2.452194238044e-16 
 1246       1.134327751954e-10       2.489644468331e-15       2.480636403787e-16 
 1247       1.128588901373e-10       2.481858037373e-15       2.508807043037e-16 
 1248       1.122912137989e-10       2.474101933660e-15       2.536765638490e-16 
 1249       1.117299028868e-10       2.466376020563e-15       2.564572061704e-16 
 1250       1.111751149337e-10       2.458680159369e-15       2.592286573891e-16 
 1251       1.106270083003e-10       2.451014209277e-15       2.619969826696e-16 
 1252       1.100857421768e-10       2.443378027392e-15       2.647682862982e-16 
 1253       1.095514765841e-10       2.435771468719e-15       2.675487117614e-16 
 1254       1.090243723758e-10       2.428194386161e-15       2.703444418242e-16 
 1255       1.085045912394e-10       2.420646630509e-15       2.731616986086e-16 
 1256       1.079922956977e-10       2.413128050442e-15       2.760067436719e-16 
 1257       1.074876491109e-10       2.405638492518e-15       2.788858780852e-16 
 1258       1.069908156774e-10       2.398177801170e-15       2.818054425117e-16 
 1259       1.065019604359e-10       2.390745818703e-15       2.847718172848e-16 
 1260       1.060212492666e-10       2.383342385283e-15       2.877914224870e-16 
 1261       1.055488488926e-10       2.375967338941e-15       2.908707180281e-16 
 1262       1.050849268821e-10       2.368620515557e-15       2.940162037232e-16 
 1263       1.046296516491e-10       2.361301748865e-15       2.972344193718e-16 
 1264       1.041831924553e-10       2.354010870440e-15       3.005319448353e-16 
 1265       1.037457194117e-10       2.346747709698e-15       3.039154001163e-16 
 1266       1.033174034801e-10       2.339512093889e-15       3.073914454363e-16 
 1267       1.028984164742e-10       2.332303848089e-15       3.109667813144e-16 
 1268       1.024889023752e-10       2.325122811354e-15       3.146460515484e-16 
 1269       1.020888909101e-10       2.317968885382e-15       3.184255255405e-16 
 1270       1.016983829800e-10       2.310841986395e-15       3.222993432883e-16 
 1271       1.013173792551e-10       2.303742029039e-15       3.262616057960e-16 
 1272       1.009458801744e-10       2.296668926379e-15       3.303063749964e-16 
 1273       1.005838859453e-10       2.289622589889e-15       3.344276736731e-16 
 1274       1.002313965425e-10       2.282602929456e-15       3.386194853825e-16 
 1275       9.988841170781e-11       2.275609853370e-15       3.428757543754e-16 
 1276       9.955493094921e-11       2.268643268325e-15       3.471903855194e-16 
 1277       9.923095354046e-11       2.261703079410e-15       3.515572442208e-16 
 1278       9.891647852039e-11       2.254789190109e-15       3.559701563463e-16 
 1279       9.861150469230e-11       2.247901502295e-15       3.604229081455e-16 
 1280       9.831603062330e-11       2.241039916227e-15       3.649092461724e-16 
 1281       9.803005464377e-11       2.234204330544e-15       3.694228772075e-16 
 1282       9.775357484668e-11       2.227394642266e-15       3.739574681803e-16 
 1283       9.748658908700e-11       2.220610746783e-15       3.785066460903e-16 
 1284       9.722909498108e-11       2.213852537857e-15       3.830639979299e-16 
 1285       9.698108990602e-11       2.207119907615e-15       3.876230706061e-16 
 1286       9.674257099907e-11       2.200412746547e-15       3.921773708621e-16 
 1287       9.651353515699e-11       2.193730943499e-15       3.967203651999e-16 
 1288       9.629397903548e-11       2.187074385673e-15       4.012454798019e-16 
 1289       9.608389904851e-11       2.180442958618e-15       4.057461004528e-16 
 1290       9.588329136771e-11       2.173836546232e-15       4.102155724622e-16 
 1291       9.569215192178e-11       2.167255030754e-15       4.146472005858e-16 
 1292       9.551047639587e-11       2.160698292759e-15       4.190342489478e-16 
 1293       9.533826023094e-11       2.154166211160e-15       4.233699409629e-16 
 1294       9.517549862314e-11       2.147658663197e-15       4.276474592584e-16 
 1295       9.502218652322e-11       2.141175524437e-15       4.318599455956e-16 
 1296       9.487831863592e-11       2.134716668771e-15       4.360005007925e-16 
 1297       9.474388941929e-11       2.128281968404e-15       4.400621846454e-16 
 1298       9.461889308414e-11       2.121871293860e-15       4.440380158511e-16 
 1299       9.450332359341e-11       2.115484513971e-15       4.479209719284e-16 
 1300       9.439717466150e-11       2.109121495875e-15       4.517039891409e-16 
 1301       9.430043975373e-11       2.102782105013e-15       4.553799624183e-16 
 1302       9.421311208567e-11       2.096466205126e-15       4.589417452785e-16 
 1303       9.413518462254e-11       2.090173658245e-15       4.623821497499e-16 
 1304       9.406665007858e-11       2.083904324697e-15       4.656939462932e-16 
 1305       9.400750091648e-11       2.077658063092e-15       4.688698637233e-16 
 1306       9.395772934668e-11       2.071434730324e-15       4.719025891315e-16 
 1307       9.391730845993e-11       2.065234194676e-15       4.747867927853e-16 
 1308       9.388613539500e-11       2.059056375310e-15       4.775252277751e-16 
 1309       9.386408753397e-11       2.052901203213e-15       4.801226984461e-16 
 1310       9.385104130948e-11       2.046768608119e-15       4.825840416750e-16 
 1311       9.384687220282e-11       2.040658518511e-15       4.849141269335e-16 
 1312       9.385145474199e-11       2.034570861614e-15       4.871178563530e-16 
 1313       9.386466249972e-11       2.028505563394e-15       4.892001647883e-16 
 1314       9.388636809156e-11       2.022462548555e-15       4.911660198822e-16 
 1315       9.391644317396e-11       2.016441740532e-15       4.930204221289e-16 
 1316       9.395475844227e-11       2.010443061497e-15       4.947684049391e-16 
 1317       9.400118362883e-11       2.004466432344e-15       4.964150347032e-16 
 1318       9.405558750105e-11       1.998511772698e-15       4.979654108559e-16 
 1319       9.411783785941e-11       1.992579000902e-15       4.994246659403e-16 
 1320       9.418780153559e-11       1.986668034019e-15       5.007979656721e-16 
 1321       9.426534439047e-11       1.980778787830e-15       5.020905090035e-16 
 1322       9.435033131223e-11       1.974911176827e-15       5.033075281873e-16 
 1323       9.444262621436e-11       1.969065114213e-15       5.044542888414e-16 
 1324       9.454209203377e-11       1.963240511897e-15       5.055360900125e-16 
 1325       9.464859072882e-11       1.957437280494e-15       5.065582642407e-16 
 1326       9.476198327738e-11       1.951655329316e-15       5.075261776230e-16 
 1327       9.488212967490e-11       1.945894566377e-15       5.084452298780e-16 
 1328       9.500888893247e-11       1.940154898384e-15       5.093208544097e-16 
 1329       9.514211907483e-11       1.934436230735e-15       5.101585183718e-16 
 1330       9.528167713852e-11       1.928738467518e-15       5.109637227319e-16 
 1331       9.542741916984e-11       1.923061511506e-15       5.117420023351e-16 
 1332       9.557920022298e-11       1.917405264155e-15       5.124989259689e-16 
 1333       9.573687435805e-11       1.911769625601e-15       5.132400964268e-16 
 1334       9.590029463914e-11       1.906154494655e-15       5.139711505726e-16 
 1335       9.606931313238e-11       1.900559768802e-15       5.146977594043e-16 
 1336       9.624378090398e-11       1.894985344199e-15       5.154256281188e-16 
 1337       9.642354801834e-11       1.889431115669e-15       5.161604961754e-16 
 1338       9.660846353605e-11       1.883896976699e-15       5.169081373602e-16 
 1339       9.679837551197e-11       1.878382819439e-15       5.176743598504e-16 
 1340       9.699313099330e-11       1.872888534696e-15       5.184650062779e-16 
 1341       9.719257601765e-11       1.867414011932e-15       5.192859537942e-16 
 1342       9.739655561104e-11       1.861959139263e-15       5.201431141337e-16 
 1343       9.760491378601e-11       1.856523803451e-15       5.210424336786e-16 
 1344       9.781749353969e-11       1.851107889908e-15       5.219898935222e-16 
 1345       9.803413685179e-11       1.845711282687e-15       5.229915095340e-16 
 1346       9.825468479168e-11       1.840333874837e-15       5.240516564157e-16 
 1347       9.847897784454e-11       1.834975599595e-15       5.251680198217e-16 
 1348       9.870685558486e-11       1.829636399529e-15       5.263365895295e-16 
 1349       9.893815656588e-11       1.824316216205e-15       5.275533304251e-16 
 1350       9.917271831766e-11       1.819014990192e-15       5.288141824561e-16 
 1351       9.941037734514e-11       1.813732661052e-15       5.301150605849e-16 
 1352       9.965096912622e-11       1.808469167343e-15       5.314518547421e-16 
 1353       9.989432810979e-11       1.803224446613e-15       5.328204297793e-16 
 1354       1.001402877138e-10       1.797998435402e-15       5.342166254227e-16 
 1355       1.003886803235e-10       1.792791069235e-15       5.356362562260e-16 
 1356       1.006393372891e-10       1.787602282623e-15       5.370751115239e-16 
 1357       1.008920889243e-10       1.782432009058e-15       5.385289553850e-16 
 1358       1.011467645040e-10       1.777280181014e-15       5.399935265652e-16 
 1359       1.014031922626e-10       1.772146729940e-15       5.414645384607e-16 
 1360       1.016611993920e-10       1.767031586263e-15       5.429376790616e-16 
 1361       1.019206120394e-10       1.761934679382e-15       5.444086109044e-16 
 1362       1.021812553059e-10       1.756855937665e-15       5.458729710260e-16 
 1363       1.024429532442e-10       1.751795288451e-15       5.473263709164e-16 
 1364       1.027055288567e-10       1.746752658042e-15       5.487643964721e-16 
 1365       1.029688040934e-10       1.741727971706e-15       5.501826079490e-16 
 1366       1.032325998505e-10       1.736721153671e-15       5.515765399160e-16 
 1367       1.034967359680e-10       1.731732127124e-15       5.529417012080e-16 
 1368       1.037610312279e-10       1.726760814208e-15       5.542735748792e-16 
 1369       1.040253033521e-10       1.721807136020e-15       5.555676181560e-16 
 1370       1.042893690009e-10       1.716871012611e-15       5.568192623906e-16 
 1371       1.045530437707e-10       1.711952362978e-15       5.580239130140e-16 
 1372       1.048161421921e-10       1.707051105067e-15       5.591769494891e-16 
 1373       1.050784777280e-10       1.702167155768e-15       5.602737252641e-16 
 1374       1.053398627718e-10       1.697300430915e-15       5.613095677257e-16 
 1375       1.056001086453e-10       1.692450845279e-15       5.622797781521e-16 
 1376       1.058590255969e-10       1.687618312571e-15       5.631796316663e-16 
 1377       1.061164227993e-10       1.682802745437e-15       5.640043771894e-16 
 1378       1.063721083483e-10       1.678004055454e-15       5.647492373937e-16 
 1379       1.066258892601e-10       1.673222153132e-15       5.654094086558e-16 
 1380       1.068775714698e-10       1.668456947907e-15       5.659800610101e-16 
 1381       1.071269598293e-10       1.663708348143e-15       5.664563381016e-16 
 1382       1.073738581054e-10       1.658976261127e-15       5.668333571394e-16 
 1383       1.076180689780e-10       1.654260593064e-15       5.671062088499e-16 
 1384       1.078593940379e-10       1.649561249082e-15       5.672699574298e-16 
 1385       1.080976500547e-10       1.644878141594e-15       5.673210508912e-16 
 1386       1.083327179717e-10       1.640211215504e-15       5.672615684830e-16 
 1387       1.085644944241e-10       1.635560423265e-15       5.670950180224e-16 
 1388       1.087928755159e-10       1.630925716532e-15       5.668249296133e-16 
 1389       1.090177568188e-10       1.626307046154e-15       5.664548556872e-16 
 1390       1.092390333710e-10       1.621704362181e-15       5.659883710454e-16 
 1391       1.094565996769e-10       1.617117613854e-15       5.654290728998e-16 
 1392       1.096703497056e-10       1.612546749610e-15       5.647805809143e-16 
 1393       1.098801768902e-10       1.607991717075e-15       5.640465372464e-16 
 1394       1.100859741269e-10       1.603452463064e-15       5.632306065884e-16 
 1395       1.102876337741e-10       1.598928933580e-15       5.623364762088e-16 
 1396       1.104850476515e-10       1.594421073813e-15       5.613678559936e-16 
 1397       1.106781070390e-10       1.589928828133e-15       5.603284784879e-16 
 1398       1.108667026760e-10       1.585452140096e-15       5.592220989371e-16 
 1399       1.110507247605e-10       1.580990952434e-15       5.580524953280e-16 
 1400       1.112300629479e-10       1.576545207060e-15       5.568234684307e-16 
 1401       1.114046063503e-10       1.572114845063e-15       5.555388418397e-16 
 1402       1.115742435356e-10       1.567699806705e-15       5.542024620152e-16 
 1403       1.117388625265e-10       1.563300031422e-15       5.528181983245e-16 
 1404       1.118983507997e-10       1.558915457821e-15       5.513899430835e-16 
 1405       1.120525952848e-10       1.554546023676e-15       5.499216115979e-16 
 1406       1.122014823635e-10       1.550191665931e-15       5.484171422047e-16 
 1407       1.123448978686e-10       1.545852320694e-15       5.468804963135e-16 
 1408       1.124827270832e-10       1.541527923236e-15       5.453156584477e-16 
 1409       1.126148547398e-10       1.537218407989e-15       5.437266362863e-16 
 1410       1.127411650192e-10       1.532923708548e-15       5.421174607049e-16 
 1411       1.128615415496e-10       1.528643757663e-15       5.404921858170e-16 
 1412       1.129758674061e-10       1.524378487240e-15       5.388548890159e-16 
 1413       1.130840251092e-10       1.520127828343e-15       5.372096710154e-16 
 1414       1.131858966241e-10       1.515891711184e-15       5.355606558916e-16 
 1415       1.132813633599e-10       1.511670065129e-15       5.339119911241e-16 
 1416       1.133703061687e-10       1.507462818690e-15       5.322678476374e-16 
 1417       1.134526053445e-10       1.503269899528e-15       5.306324198422e-16 
 1418       1.135281406224e-10       1.499091234450e-15       5.290099256771e-16 
 1419       1.135967911775e-10       1.494926749403e-15       5.274046066495e-16 
 1420       1.136584356243e-10       1.490776369479e-15       5.258207278770e-16 
 1421       1.137129520156e-10       1.486640018908e-15       5.242625781293e-16 
 1422       1.137602178416e-10       1.482517621058e-15       5.227344698691e-16 
 1423       1.138001100289e-10       1.478409098433e-15       5.212407392933e-16 
 1424       1.138325261963e-10       1.474314379471e-15       5.197845650513e-16 
 1425       1.138574486627e-10       1.470233419027e-15       5.183644110414e-16 
 1426       1.138748810944e-10       1.466166178092e-15       5.169775471640e-16 
 1427       1.138848273091e-10       1.462112617021e-15       5.156212273015e-16 
 1428       1.138872912757e-10       1.458072695522e-15       5.142926892900e-16 
 1429       1.138822771150e-10       1.454046372660e-15       5.129891548912e-16 
 1430       1.138697890998e-10       1.450033606855e-15       5.117078297632e-16 
 1431       1.138498316556e-10       1.446034355880e-15       5.104459034325e-16 
 1432       1.138224093602e-10       1.442048576857e-15       5.092005492654e-16 
 1433       1.137875269451e-10       1.438076226260e-15       5.079689244395e-16 
 1434       1.137451892948e-10       1.434117259912e-15       5.067481699149e-16 
 1435       1.136954014479e-10       1.430171632980e-15       5.055354104065e-16 
 1436       1.136381685969e-10       1.426239299979e-15       5.043277543545e-16 
 1437       1.135734960891e-10       1.422320214769e-15       5.031222938966e-16 
 1438       1.135013894263e-10       1.418414330551e-15       5.019161048395e-16 
 1439       1.134218542656e-10       1.414521599867e-15       5.007062466299e-16 
 1440       1.133348964198e-10       1.410641974600e-15       4.994897623266e-16 
 1441       1.132405218571e-10       1.406775405971e-15       4.982636785715e-16 
 1442       1.131387367023e-10       1.402921844540e-15       4.970250055614e-16 
 1443       1.130295472365e-10       1.399081240199e-15       4.957707370196e-16 
 1444       1.129129598977e-10       1.395253542176e-15       4.944978501671e-16 
 1445       1.127889812812e-10       1.391438699033e-15       4.932033056943e-16 
 1446       1.126576181397e-10       1.387636658661e-15       4.918840477325e-16 
 1447       1.125188773839e-10       1.383847368282e-15       4.905370038253e-16 
 1448       1.123727660825e-10       1.380070774447e-15       4.891590849003e-16 
 1449       1.122192914631e-10       1.376306823033e-15       4.877471852404e-16 
 1450       1.120584609120e-10       1.372555459244e-15       4.862981824554e-16 
 1451       1.118902819747e-10       1.368816627605e-15       4.848089374535e-16 
 1452       1.117147623564e-10       1.365090271968e-15       4.832762944129e-16 
 1453       1.115319099221e-10       1.361376335503e-15       4.816970807531e-16 
 1454       1.113417326972e-10       1.357674760702e-15       4.800681071066e-16 
 1455       1.111442388676e-10       1.353985489373e-15       4.783861672903e-16 
 1456       1.109394367801e-10       1.350308462644e-15       4.766480382770e-16 
 1457       1.107273349428e-10       1.346643620957e-15       4.748504801671e-16 
 1458       1.105079420256e-10       1.342990904068e-15       4.729902361598e-16 
 1459       1.102812668602e-10       1.339350251045e-15       4.710640325249e-16 
 1460       1.100473184404e-10       1.335721600270e-15       4.690685785739e-16 
 1461       1.098061059231e-10       1.332104889431e-15       4.670005666320e-16 
 1462       1.095576386277e-10       1.328500055529e-15       4.648566720094e-16 
 1463       1.093019399935e-10       1.324907040210e-15       4.626345766534e-16 
 1464       1.090390896007e-10       1.321325805854e-15       4.603360513571e-16 
 1465       1.087691815699e-10       1.317756319649e-15       4.579639043073e-16 
 1466       1.084923106449e-10       1.314198548260e-15       4.555209602280e-16 
 1467       1.082085721940e-10       1.310652457831e-15       4.530100604098e-16 
 1468       1.079180622111e-10       1.307118013980e-15       4.504340627386e-16 
 1469       1.076208773168e-10       1.303595181801e-15       4.477958417243e-16 
 1470       1.073171147595e-10       1.300083925863e-15       4.450982885297e-16 
 1471       1.070068724165e-10       1.296584210205e-15       4.423443109998e-16 
 1472       1.066902487951e-10       1.293095998341e-15       4.395368336901e-16 
 1473       1.063673430339e-10       1.289619253252e-15       4.366787978955e-16 
 1474       1.060382549037e-10       1.286153937391e-15       4.337731616796e-16 
 1475       1.057030848088e-10       1.282700012678e-15       4.308228999032e-16 
 1476       1.053619337879e-10       1.279257440501e-15       4.278310042533e-16 
 1477       1.050149035155e-10       1.275826181712e-15       4.248004832718e-16 
 1478       1.046620963028e-10       1.272406196630e-15       4.217343623845e-16 
 1479       1.043036150989e-10       1.268997445037e-15       4.186356839301e-16 
 1480       1.039395634921e-10       1.265599886177e-15       4.155075071887e-16 
 1481       1.035700457106e-10       1.262213478756e-15       4.123529084109e-16 
 1482       1.031951666241e-10       1.258838180939e-15       4.091749808467e-16 
 1483       1.028150317443e-10       1.255473950353e-15       4.059768347742e-16 
 1484       1.024297472269e-10       1.252120744080e-15       4.027615975285e-16 
 1485       1.020394198720e-10       1.248778518661e-15       3.995324135307e-16 
 1486       1.016441571254e-10       1.245447230091e-15       3.962924443167e-16 
 1487       1.012440670798e-10       1.242126833822e-15       3.930448685658e-16 
 1488       1.008392584761e-10       1.238817284756e-15       3.897928821300e-16 
 1489       1.004298407039e-10       1.235518537252e-15       3.865396980626e-16 
 1490       1.000159238036e-10       1.232230545116e-15       3.832885466470e-16 
 1491       9.959761846645e-11       1.228953261606e-15       3.800426754257e-16 
 1492       9.917503603648e-11       1.225686639429e-15       3.768053492292e-16 
 1493       9.874828851123e-11       1.222430630740e-15       3.735798502048e-16 
 1494       9.831748854299e-11       1.219185187140e-15       3.703694778452e-16 
 1495       9.788274943987e-11       1.215950259676e-15       3.671775490179e-16 
 1496       9.744418516700e-11       1.212725798840e-15       3.640073979937e-16 
 1497       9.700191034755e-11       1.209511754566e-15       3.608623764755e-16 
 1498       9.655604026395e-11       1.206308076231e-15       3.577458536274e-16 
 1499       9.610669085892e-11       1.203114712654e-15       3.546612161034e-16 
 1500       9.565397873668e-11       1.199931612092e-15       3.516118680762e-16 
 1501       9.519802116401e-11       1.196758722242e-15       3.486012312665e-16 
 1502       9.473893628396e-11       1.193595994608e-15       3.456320157452e-16 
 1503       9.427684375697e-11       1.190443397663e-15       3.427040245161e-16 
 1504       9.381186412824e-11       1.187300903810e-15       3.398163276117e-16 
 1505       9.334411861683e-11       1.184168485028e-15       3.369679893693e-16 
 1506       9.287372911684e-11       1.181046112870e-15       3.341580684208e-16 
 1507       9.240081819846e-11       1.177933758461e-15       3.313856176829e-16 
 1508       9.192550910920e-11       1.174831392497e-15       3.286496843476e-16 
 1509       9.144792577494e-11       1.171738985245e-15       3.259493098716e-16 
 1510       9.096819280112e-11       1.168656506542e-15       3.232835299671e-16 
 1511       9.048643547386e-11       1.165583925795e-15       3.206513745913e-16 
 1512       9.000277976105e-11       1.162521211976e-15       3.180518679369e-16 
 1513       8.951735231355e-11       1.159468333626e-15       3.154840284222e-16 
 1514       8.903028046629e-11       1.156425258854e-15       3.129468686807e-16 
 1515       8.854169223937e-11       1.153391955330e-15       3.104393955518e-16 
 1516       8.805171633927e-11       1.150368390293e-15       3.079606100708e-16 
 1517       8.756048215991e-11       1.147354530541e-15       3.055095074585e-16 
 1518       8.706811978382e-11       1.144350342438e-15       3.030850771119e-16 
 1519       8.657475998327e-11       1.141355791908e-15       3.006863025941e-16 
 1520       8.608053422139e-11       1.138370844437e-15       2.983121616241e-16 
 1521       8.558557465332e-11       1.135395465070e-15       2.959616260674e-16 
 1522       8.509001412733e-11       1.132429618411e-15       2.936336619256e-16 
 1523       8.459398618595e-11       1.129473268622e-15       2.913272293270e-16 
 1524       8.409762506711e-11       1.126526379423e-15       2.890412825164e-16 
 1525       8.360106570529e-11       1.123588914089e-15       2.867747698449e-16 
 1526       8.310444373261e-11       1.120660835452e-15       2.845266337608e-16 
 1527       8.260789548001e-11       1.117742105897e-15       2.822958107990e-16 
 1528       8.211155797835e-11       1.114832687364e-15       2.800812315714e-16 
 1529       8.161556895955e-11       1.111932541345e-15       2.778818207568e-16 
 1530       8.112006685774e-11       1.109041628883e-15       2.756964970914e-16 
 1531       8.062519081037e-11       1.106159910573e-15       2.735241733583e-16 
 1532       8.013108065936e-11       1.103287346560e-15       2.713637563781e-16 
 1533       7.963787695222e-11       1.100423896537e-15       2.692141469988e-16 
 1534       7.914572094319e-11       1.097569519747e-15       2.670742400860e-16 
 1535       7.865475459436e-11       1.094724174979e-15       2.649429245129e-16 
 1536       7.816512057684e-11       1.091887820568e-15       2.628190831502e-16 
 1537       7.767696227185e-11       1.089060414397e-15       2.607015928567e-16 
 1538       7.719042377187e-11       1.086241913890e-15       2.585893244689e-16 
 1539       7.670564988177e-11       1.083432276017e-15       2.564811427914e-16 
 1540       7.622278611997e-11       1.080631457292e-15       2.543759065870e-16 
 1541       7.574196742318e-11       1.077839417315e-15       2.522726202926e-16 
 1542       7.526328414130e-11       1.075056129462e-15       2.501708907628e-16 
 1543       7.478681572201e-11       1.072281570295e-15       2.480704748424e-16 
 1544       7.431264197839e-11       1.069515716029e-15       2.459711280313e-16 
 1545       7.384084308946e-11       1.066758542527e-15       2.438726044826e-16 
 1546       7.337149960080e-11       1.064010025300e-15       2.417746570002e-16 
 1547       7.290469242501e-11       1.061270139508e-15       2.396770370364e-16 
 1548       7.244050284239e-11       1.058538859956e-15       2.375794946900e-16 
 1549       7.197901250141e-11       1.055816161099e-15       2.354817787038e-16 
 1550       7.152030341933e-11       1.053102017034e-15       2.333836364625e-16 
 1551       7.106445798273e-11       1.050396401505e-15       2.312848139902e-16 
 1552       7.061155894808e-11       1.047699287900e-15       2.291850559487e-16 
 1553       7.016168944231e-11       1.045010649250e-15       2.270841056346e-16 
 1554       6.971493296337e-11       1.042330458229e-15       2.249817049776e-16 
 1555       6.927137338079e-11       1.039658687153e-15       2.228775945380e-16 
 1556       6.883109493624e-11       1.036995307981e-15       2.207715135044e-16 
 1557       6.839418224411e-11       1.034340292309e-15       2.186631996916e-16 
 1558       6.796072029203e-11       1.031693611377e-15       2.165523895383e-16 
 1559       6.753079444149e-11       1.029055236062e-15       2.144388181051e-16 
 1560       6.710449042835e-11       1.026425136878e-15       2.123222190718e-16 
 1561       6.668189436343e-11       1.023803283981e-15       2.102023247354e-16 
 1562       6.626309273308e-11       1.021189647159e-15       2.080788660080e-16 
 1563       6.584817239972e-11       1.018584195841e-15       2.059515724144e-16 
 1564       6.543722060241e-11       1.015986899089e-15       2.038201720898e-16 
 1565       6.503032495742e-11       1.013397725600e-15       2.016843917777e-16 
 1566       6.462757345879e-11       1.010816643706e-15       1.995439568275e-16 
 1567       6.422905447888e-11       1.008243621372e-15       1.973985911926e-16 
 1568       6.383485676895e-11       1.005678626195e-15       1.952480174278e-16 
 1569       6.344506945972e-11       1.003121625405e-15       1.930919566870e-16 
 1570       6.305978206191e-11       1.000572585863e-15       1.909301287214e-16 
 1571       6.267908446683e-11       9.980314740612e-16       1.887622518770e-16 
 1572       6.230306694694e-11       9.954982561205e-16       1.865880430921e-16 
 1573       6.193182015639e-11       9.929728977915e-16       1.844072178956e-16 
 1574       6.156543513160e-11       9.904553644532e-16       1.822194904043e-16 
 1575       6.120400329182e-11       9.879456211122e-16       1.800245733211e-16 
 1576       6.084761643970e-11       9.854436324021e-16       1.778221779321e-16 
 1577       6.049636676183e-11       9.829493625828e-16       1.756120141052e-16 
 1578       6.015034682932e-11       9.804627755396e-16       1.733937902871e-16 
 1579       5.980964959838e-11       9.779838347827e-16       1.711672135016e-16 
 1580       5.947435331333e-11       9.755125063602e-16       1.689321500449e-16 
 1581       5.914447606186e-11       9.730487676273e-16       1.666891092044e-16 
 1582       5.882002080014e-11       9.705925985572e-16       1.644387640143e-16 
 1583       5.850099041201e-11       9.681439788336e-16       1.621817909694e-16 
 1584       5.818738770880e-11       9.657028878500e-16       1.599188700307e-16 
 1585       5.787921542918e-11       9.632693047097e-16       1.576506846309e-16 
 1586       5.757647623896e-11       9.608432082247e-16       1.553779216796e-16 
 1587       5.727917273098e-11       9.584245769156e-16       1.531012715694e-16 
 1588       5.698730742491e-11       9.560133890104e-16       1.508214281806e-16 
 1589       5.670088276709e-11       9.536096224444e-16       1.485390888875e-16 
 1590       5.641990113040e-11       9.512132548596e-16       1.462549545629e-16 
 1591       5.614436481404e-11       9.488242636039e-16       1.439697295847e-16 
 1592       5.587427604344e-11       9.464426257305e-16       1.416841218405e-16 
 1593       5.560963697000e-11       9.440683179977e-16       1.393988427334e-16 
 1594       5.535044967105e-11       9.417013168678e-16       1.371146071875e-16 
 1595       5.509671614957e-11       9.393415985071e-16       1.348321336535e-16 
 1596       5.484843833410e-11       9.369891387847e-16       1.325521441137e-16 
 1597       5.460561807856e-11       9.346439132724e-16       1.302753640882e-16 
 1598       5.436825716207e-11       9.323058972439e-16       1.280025226398e-16 
 1599       5.413635728880e-11       9.299750656741e-16       1.257343523796e-16 
 1600       5.390992008781e-11       9.276513932391e-16       1.234715894727e-16 
 1601       5.368894711290e-11       9.253348543148e-16       1.212149736434e-16 
 1602       5.347343984241e-11       9.230254229769e-16       1.189652481809e-16 
 1603       5.326339967908e-11       9.207230730001e-16       1.167231599446e-16 
 1604       5.305882794990e-11       9.184277778577e-16       1.144894593699e-16 
 1605       5.285972590592e-11       9.161395107207e-16       1.122649004732e-16 
 1606       5.266609472211e-11       9.138582444574e-16       1.100502408578e-16 
 1607       5.247793549717e-11       9.115839516331e-16       1.078462417189e-16 
 1608       5.229524925340e-11       9.093166045090e-16       1.056536678499e-16 
 1609       5.211803693653e-11       9.070561750418e-16       1.034732876469e-16 
 1610       5.194629941552e-11       9.048026348835e-16       1.013058731149e-16 
 1611       5.178003748244e-11       9.025559553803e-16       9.915219987303e-17 
 1612       5.161925185231e-11       9.003161075721e-16       9.701304715988e-17 
 1613       5.146394316289e-11       8.980830621925e-16       9.488919783926e-17 
 1614       5.131411197458e-11       8.958567896672e-16       9.278143840551e-17 
 1615       5.116975877018e-11       8.936372601144e-16       9.069055898902e-17 
 1616       5.103088395483e-11       8.914244433436e-16       8.861735336170e-17 
 1617       5.089748785573e-11       8.892183088554e-16       8.656261894248e-17 
 1618       5.076957072207e-11       8.870188258407e-16       8.452715680278e-17 
 1619       5.064712258511e-11       8.848259655816e-16       8.251169204049e-17 
 1620       5.053009273866e-11       8.826397086794e-16       8.051663410399e-17 
 1621       5.041841998251e-11       8.804600378909e-16       7.854231431330e-17 
 1622       5.031204273645e-11       8.782869357322e-16       7.658906529682e-17 
 1623       5.021089903972e-11       8.761203844784e-16       7.465722099321e-17 
 1624       5.011492655031e-11       8.739603661631e-16       7.274711665317e-17 
 1625       5.002406254437e-11       8.718068625778e-16       7.085908884133e-17 
 1626       4.993824391559e-11       8.696598552714e-16       6.899347543807e-17 
 1627       4.985740717455e-11       8.675193255500e-16       6.715061564133e-17 
 1628       4.978148844809e-11       8.653852544763e-16       6.533084996848e-17 
 1629       4.971042347871e-11       8.632576228689e-16       6.353452025815e-17 
 1630       4.964414762394e-11       8.611364113021e-16       6.176196967204e-17 
 1631       4.958259585568e-11       8.590216001056e-16       6.001354269680e-17 
 1632       4.952570275961e-11       8.569131693634e-16       5.828958514582e-17 
 1633       4.947340253454e-11       8.548110989141e-16       5.659044416111e-17 
 1634       4.942562899180e-11       8.527153683496e-16       5.491646821510e-17 
 1635       4.938231555461e-11       8.506259570156e-16       5.326800711252e-17 
 1636       4.934339525744e-11       8.485428440101e-16       5.164541199217e-17 
 1637       4.930880074539e-11       8.464660081839e-16       5.004903532883e-17 
 1638       4.927846427357e-11       8.443954281393e-16       4.847923093505e-17 
 1639       4.925231770648e-11       8.423310822303e-16       4.693635396298e-17 
 1640       4.923029251734e-11       8.402729485615e-16       4.542076090625e-17 
 1641       4.921231978753e-11       8.382210049883e-16       4.393280960178e-17 
 1642       4.919833020590e-11       8.361752291159e-16       4.247285923161e-17 
 1643       4.918825406820e-11       8.341355982990e-16       4.104127032475e-17 
 1644       4.918202127641e-11       8.321020896415e-16       3.963840475899e-17 
 1645       4.917956133812e-11       8.300746799957e-16       3.826462576280e-17 
 1646       4.918080336592e-11       8.280533459621e-16       3.692029791708e-17 
 1647       4.918567607676e-11       8.260380638889e-16       3.560578715707e-17 
 1648       4.919410779134e-11       8.240288098714e-16       3.432146077414e-17 
 1649       4.920602643347e-11       8.220255597516e-16       3.306768741765e-17 
 1650       4.922135952941e-11       8.200282891177e-16       3.184483709679e-17 
 1651       4.924003420733e-11       8.180369733037e-16       3.065328118238e-17 
 1652       4.926197719660e-11       8.160515873890e-16       2.949339240876e-17 
 1653       4.928711482719e-11       8.140721061976e-16       2.836554487560e-17 
 1654       4.931537302906e-11       8.120985042981e-16       2.727011404970e-17 
 1655       4.934667733152e-11       8.101307560027e-16       2.620747676690e-17 
 1656       4.938095286260e-11       8.081688353673e-16       2.517801123387e-17 
 1657       4.941812434843e-11       8.062127161906e-16       2.418209702994e-17 
 1658       4.945811537361e-11       8.042623740109e-16       2.321995462775e-17 
 1659       4.950084615652e-11       8.023177921168e-16       2.229116240265e-17 
 1660       4.954623575313e-11       8.003789555886e-16       2.139513536498e-17 
 1661       4.959420279355e-11       7.984458493056e-16       2.053128524927e-17 
 1662       4.964466548141e-11       7.965184579458e-16       1.969902050909e-17 
 1663       4.969754159314e-11       7.945967659854e-16       1.889774631186e-17 
 1664       4.975274847738e-11       7.926807576985e-16       1.812686453374e-17 
 1665       4.981020305425e-11       7.907704171565e-16       1.738577375439e-17 
 1666       4.986982181474e-11       7.888657282281e-16       1.667386925189e-17 
 1667       4.993152082005e-11       7.869666745785e-16       1.599054299751e-17 
 1668       4.999521570089e-11       7.850732396695e-16       1.533518365057e-17 
 1669       5.006082165688e-11       7.831854067587e-16       1.470717655327e-17 
 1670       5.012825345583e-11       7.813031588992e-16       1.410590372553e-17 
 1671       5.019742543313e-11       7.794264789393e-16       1.353074385982e-17 
 1672       5.026825149107e-11       7.775553495222e-16       1.298107231602e-17 
 1673       5.034064509817e-11       7.756897530855e-16       1.245626111619e-17 
 1674       5.041451928854e-11       7.738296718606e-16       1.195567893950e-17 
 1675       5.048978666123e-11       7.719750878729e-16       1.147869111698e-17 
 1676       5.056635937954e-11       7.701259829408e-16       1.102465962639e-17 
 1677       5.064414917037e-11       7.682823386757e-16       1.059294308707e-17 
 1678       5.072306732359e-11       7.664441364815e-16       1.018289675476e-17 
 1679       5.080302469133e-11       7.646113575541e-16       9.793872516420e-18 
 1680       5.088393168739e-11       7.627839828814e-16       9.425218885090e-18 
 1681       5.096569828649e-11       7.609619932423e-16       9.076280994713e-18 
 1682       5.104823402371e-11       7.591453692069e-16       8.746400594977e-18 
 1683       5.113144799374e-11       7.573340911358e-16       8.434916046141e-18 
 1684       5.121524885031e-11       7.555281391800e-16       8.141162313878e-18 
 1685       5.129954480544e-11       7.537274932799e-16       7.864470964108e-18 
 1686       5.138424362885e-11       7.519321331659e-16       7.604170157832e-18 
 1687       5.146925264728e-11       7.501420383569e-16       7.359584645966e-18 
 1688       5.155447874382e-11       7.483571881608e-16       7.130035764182e-18 
 1689       5.163982835725e-11       7.465775616737e-16       6.914841427738e-18 
 1690       5.172520748140e-11       7.448031377797e-16       6.713316126314e-18 
 1691       5.181052166448e-11       7.430338951502e-16       6.524770918850e-18 
 1692       5.189567600843e-11       7.412698122441e-16       6.348513428376e-18 
 1693       5.198057516823e-11       7.395108673066e-16       6.183847836855e-18 
 1694       5.206512335129e-11       7.377570383697e-16       6.030074880009e-18 
 1695       5.214922431674e-11       7.360083032512e-16       5.886491842163e-18 
 1696       5.223278137483e-11       7.342646395545e-16       5.752392551075e-18 
 1697       5.231570475846e-11       7.325260263372e-16       5.627171308290e-18 
 1698       5.239793380893e-11       7.307924491334e-16       5.510635670485e-18 
 1699       5.247941498016e-11       7.290638949741e-16       5.402696354591e-18 
 1700       5.256009448352e-11       7.273403507214e-16       5.303263546216e-18 
 1701       5.263991828740e-11       7.256218030687e-16       5.212246898802e-18 
 1702       5.271883211692e-11       7.239082385400e-16       5.129555532792e-18 
 1703       5.279678145352e-11       7.221996434900e-16       5.055098034793e-18 
 1704       5.287371153465e-11       7.204960041031e-16       4.988782456739e-18 
 1705       5.294956735343e-11       7.187973063940e-16       4.930516315055e-18 
 1706       5.302429365823e-11       7.171035362065e-16       4.880206589821e-18 
 1707       5.309783495240e-11       7.154146792140e-16       4.837759723935e-18 
 1708       5.317013549385e-11       7.137307209183e-16       4.803081622277e-18 
 1709       5.324113929476e-11       7.120516466502e-16       4.776077650873e-18 
 1710       5.331079012117e-11       7.103774415684e-16       4.756652636057e-18 
 1711       5.337903149266e-11       7.087080906599e-16       4.744710863637e-18 
 1712       5.344580668200e-11       7.070435787390e-16       4.740156078058e-18 
 1713       5.351105871478e-11       7.053838904476e-16       4.742891481562e-18 
 1714       5.357473036907e-11       7.037290102543e-16       4.752819733358e-18 
 1715       5.363676417509e-11       7.020789224546e-16       4.769842948782e-18 
 1716       5.369710241479e-11       7.004336111703e-16       4.793862698458e-18 
 1717       5.375568712157e-11       6.987930603493e-16       4.824780007467e-18 
 1718       5.381246007990e-11       6.971572537652e-16       4.862495354509e-18 
 1719       5.386736282497e-11       6.955261750170e-16       4.906908671063e-18 
 1720       5.392033664232e-11       6.938998075290e-16       4.957919340556e-18 
 1721       5.397132256752e-11       6.922781345501e-16       5.015426197524e-18 
 1722       5.402026138579e-11       6.906611391538e-16       5.079327526773e-18 
 1723       5.406709363167e-11       6.890488042377e-16       5.149521062547e-18 
 1724       5.411175958867e-11       6.874411125234e-16       5.225903987692e-18 
 1725       5.415419928887e-11       6.858380465560e-16       5.308372932815e-18 
 1726       5.419435251263e-11       6.842395887037e-16       5.396823975450e-18 
 1727       5.423215878822e-11       6.826457211579e-16       5.491152639223e-18 
 1728       5.426755739144e-11       6.810564259325e-16       5.591253893016e-18 
 1729       5.430048734530e-11       6.794716848634e-16       5.697022150125e-18 
 1730       5.433088741965e-11       6.778914796091e-16       5.808351267431e-18 
 1731       5.435869613084e-11       6.763157916492e-16       5.925134544560e-18 
 1732       5.438385174136e-11       6.747446022849e-16       6.047264723045e-18 
 1733       5.440629225950e-11       6.731778926386e-16       6.174633985494e-18 
 1734       5.442595543897e-11       6.716156436532e-16       6.307133954751e-18 
 1735       5.444277877858e-11       6.700578360921e-16       6.444655693057e-18 
 1736       5.445670959121e-11       6.685044519462e-16       6.587103393285e-18 
 1737       5.446773530430e-11       6.669554786686e-16       6.734435580479e-18 
 1738       5.447585341408e-11       6.654109049751e-16       6.886624255920e-18 
 1739       5.448106143939e-11       6.638707194395e-16       7.043641236288e-18 
 1740       5.448335692181e-11       6.623349104935e-16       7.205458153371e-18 
 1741       5.448273742567e-11       6.608034664267e-16       7.372046453772e-18 
 1742       5.447920053808e-11       6.592763753857e-16       7.543377398622e-18 
 1743       5.447274386901e-11       6.577536253746e-16       7.719422063284e-18 
 1744       5.446336505134e-11       6.562352042541e-16       7.900151337063e-18 
 1745       5.445106174087e-11       6.547210997418e-16       8.085535922915e-18 
 1746       5.443583161643e-11       6.532112994113e-16       8.275546337155e-18 
 1747       5.441767237987e-11       6.517057906925e-16       8.470152909166e-18 
 1748       5.439658175614e-11       6.502045608714e-16       8.669325781108e-18 
 1749       5.437255749333e-11       6.487075970890e-16       8.873034907623e-18 
 1750       5.434559736273e-11       6.472148863423e-16       9.081250055549e-18 
 1751       5.431569915885e-11       6.457264154828e-16       9.293940803625e-18 
 1752       5.428286069951e-11       6.442421712171e-16       9.511076542198e-18 
 1753       5.424707982586e-11       6.427621401065e-16       9.732626472937e-18 
 1754       5.420835440242e-11       6.412863085662e-16       9.958559608537e-18 
 1755       5.416668231717e-11       6.398146628659e-16       1.018884477243e-17 
 1756       5.412206148156e-11       6.383471891287e-16       1.042345059848e-17 
 1757       5.407448983056e-11       6.368838733315e-16       1.066234553073e-17 
 1758       5.402396532275e-11       6.354247013043e-16       1.090549782306e-17 
 1759       5.397048594030e-11       6.339696587302e-16       1.115287553894e-17 
 1760       5.391404968910e-11       6.325187311451e-16       1.140444655108e-17 
 1761       5.385465459875e-11       6.310719039374e-16       1.166017854123e-17 
 1762       5.379229872260e-11       6.296291623476e-16       1.192003899980e-17 
 1763       5.372698013786e-11       6.281904914684e-16       1.218399522561e-17 
 1764       5.365869694561e-11       6.267558762440e-16       1.245201432560e-17 
 1765       5.358744727082e-11       6.253253014703e-16       1.272406321452e-17 
 1766       5.351322926246e-11       6.238987517943e-16       1.300010861466e-17 
 1767       5.343604109352e-11       6.224762117140e-16       1.328011705553e-17 
 1768       5.335588096104e-11       6.210576655781e-16       1.356405487362e-17 
 1769       5.327274708619e-11       6.196430975857e-16       1.385188821204e-17 
 1770       5.318663771430e-11       6.182324917860e-16       1.414358302028e-17 
 1771       5.309755111491e-11       6.168258320785e-16       1.443910505390e-17 
 1772       5.300548558183e-11       6.154231022119e-16       1.473841987424e-17 
 1773       5.291043943319e-11       6.140242857847e-16       1.504149284813e-17 
 1774       5.281241101145e-11       6.126293662444e-16       1.534828914759e-17 
 1775       5.271140560320e-11       6.112383281057e-16       1.565878872946e-17 
 1776       5.260745626061e-11       6.098511606170e-16       1.597303140984e-17 
 1777       5.250060315169e-11       6.084678541235e-16       1.629107216065e-17 
 1778       5.239088665651e-11       6.070883988515e-16       1.661296616373e-17 
 1779       5.227834736747e-11       6.057127849086e-16       1.693876881111e-17 
 1780       5.216302608968e-11       6.043410022827e-16       1.726853570531e-17 
 1781       5.204496384122e-11       6.029730408425e-16       1.760232265960e-17 
 1782       5.192420185345e-11       6.016088903369e-16       1.794018569829e-17 
 1783       5.180078157136e-11       6.002485403948e-16       1.828218105699e-17 
 1784       5.167474465387e-11       5.988919805251e-16       1.862836518292e-17 
 1785       5.154613297409e-11       5.975392001164e-16       1.897879473516e-17 
 1786       5.141498861972e-11       5.961901884367e-16       1.933352658494e-17 
 1787       5.128135389330e-11       5.948449346332e-16       1.969261781593e-17 
 1788       5.114527131252e-11       5.935034277321e-16       2.005612572450e-17 
 1789       5.100678361060e-11       5.921656566387e-16       2.042410782001e-17 
 1790       5.086593373650e-11       5.908316101367e-16       2.079662182506e-17 
 1791       5.072276485531e-11       5.895012768881e-16       2.117372567584e-17 
 1792       5.057732034856e-11       5.881746454333e-16       2.155547752232e-17 
 1793       5.042964381446e-11       5.868517041907e-16       2.194193572859e-17 
 1794       5.027977906831e-11       5.855324414563e-16       2.233315887312e-17 
 1795       5.012777014274e-11       5.842168454037e-16       2.272920574904e-17 
 1796       4.997366128805e-11       5.829049040840e-16       2.313013536442e-17 
 1797       4.981749697252e-11       5.815966054253e-16       2.353600694252e-17 
 1798       4.965932188271e-11       5.802919372326e-16       2.394687992213e-17 
 1799       4.949918092381e-11       5.789908871878e-16       2.436281395780e-17 
 1800       4.933711921990e-11       5.776934428492e-16       2.478386892012e-17 
 1801       4.917318211429e-11       5.763995916513e-16       2.521010489603e-17 
 1802       4.900741516985e-11       5.751093209049e-16       2.564158218907e-17 
 1803       4.883986416927e-11       5.738226177964e-16       2.607836131967e-17 
 1804       4.867057511543e-11       5.725394693881e-16       2.652050302542e-17 
 1805       4.849959423168e-11       5.712598626177e-16       2.696806826137e-17 
 1806       4.832696796214e-11       5.699837842981e-16       2.742111820029e-17 
 1807       4.815274297206e-11       5.687112211172e-16       2.787971423295e-17 
 1808       4.797696614807e-11       5.674421596379e-16       2.834391796840e-17 
 1809       4.779968459855e-11       5.661765862974e-16       2.881379123425e-17 
 1810       4.762094565390e-11       5.649144874076e-16       2.928939607697e-17 
 1811       4.744079686689e-11       5.636558491545e-16       2.977079476212e-17 
 1812       4.725928601292e-11       5.624006575979e-16       3.025804977467e-17 
 1813       4.707646109039e-11       5.611488986717e-16       3.075122381927e-17 
 1814       4.689237093793e-11       5.599005591464e-16       3.125034819985e-17 
 1815       4.670706709107e-11       5.586556295278e-16       3.175532767897e-17 
 1816       4.652060194119e-11       5.574141011817e-16       3.226603485156e-17 
 1817       4.633302812023e-11       5.561759653723e-16       3.278234169498e-17 
 1818       4.614439850107e-11       5.549412132619e-16       3.330411956822e-17 
 1819       4.595476619782e-11       5.537098359112e-16       3.383123921095e-17 
 1820       4.576418456618e-11       5.524818242786e-16       3.436357074272e-17 
 1821       4.557270720375e-11       5.512571692205e-16       3.490098366204e-17 
 1822       4.538038795041e-11       5.500358614906e-16       3.544334684551e-17 
 1823       4.518728088860e-11       5.488178917403e-16       3.599052854697e-17 
 1824       4.499344034370e-11       5.476032505180e-16       3.654239639660e-17 
 1825       4.479892088432e-11       5.463919282693e-16       3.709881740005e-17 
 1826       4.460377732270e-11       5.451839153367e-16       3.765965793760e-17 
 1827       4.440806471496e-11       5.439792019592e-16       3.822478376323e-17 
 1828       4.421183836151e-11       5.427777782725e-16       3.879406000380e-17 
 1829       4.401515380734e-11       5.415796343087e-16       3.936735115813e-17 
 1830       4.381806684237e-11       5.403847599960e-16       3.994452109616e-17 
 1831       4.362063350180e-11       5.391931451587e-16       4.052543305806e-17 
 1832       4.342291006640e-11       5.380047795166e-16       4.110994965338e-17 
 1833       4.322495306289e-11       5.368196526856e-16       4.169793286013e-17 
 1834       4.302681926425e-11       5.356377541769e-16       4.228924402395e-17 
 1835       4.282856569006e-11       5.344590733968e-16       4.288374385721e-17 
 1836       4.263024960685e-11       5.332835996471e-16       4.348129243815e-17 
 1837       4.243192852840e-11       5.321113221242e-16       4.408174921000e-17 
 1838       4.223366021612e-11       5.309422299195e-16       4.468497298012e-17 
 1839       4.203550267934e-11       5.297763120189e-16       4.529082191909e-17 
 1840       4.183751417566e-11       5.286135573028e-16       4.589915355989e-17 
 1841       4.163975321132e-11       5.274539545457e-16       4.650982479697e-17 
 1842       4.144227854147e-11       5.262974924164e-16       4.712269188542e-17 
 1843       4.124514917056e-11       5.251441594773e-16       4.773761044008e-17 
 1844       4.104842435264e-11       5.239939441849e-16       4.835443543466e-17 
 1845       4.085216359172e-11       5.228468348888e-16       4.897302120086e-17 
 1846       4.065642664209e-11       5.217028198324e-16       4.959322142754e-17 
 1847       4.046127350865e-11       5.205618871520e-16       5.021488915978e-17 
 1848       4.026676444725e-11       5.194240248769e-16       5.083787679806e-17 
 1849       4.007295996503e-11       5.182892209296e-16       5.146203609737e-17 
 1850       3.987992082077e-11       5.171574631248e-16       5.208721816632e-17 
 1851       3.968770802517e-11       5.160287391700e-16       5.271327346628e-17 
 1852       3.949638284124e-11       5.149030366649e-16       5.334005181053e-17 
 1853       3.930600197873e-11       5.137803439694e-16       5.396740839835e-17 
 1854       3.911660313521e-11       5.126606528151e-16       5.459522197145e-17 
 1855       3.892821934148e-11       5.115439557141e-16       5.522337679920e-17 
 1856       3.874088375723e-11       5.104302450925e-16       5.585175665601e-17 
 1857       3.855462967122e-11       5.093195132905e-16       5.648024482063e-17 
 1858       3.836949050145e-11       5.082117525621e-16       5.710872407550e-17 
 1859       3.818549979532e-11       5.071069550751e-16       5.773707670610e-17 
 1860       3.800269122979e-11       5.060051129107e-16       5.836518450026e-17 
 1861       3.782109861158e-11       5.049062180637e-16       5.899292874753e-17 
 1862       3.764075587727e-11       5.038102624420e-16       5.962019023849e-17 
 1863       3.746169709356e-11       5.027172378667e-16       6.024684926409e-17 
 1864       3.728395645734e-11       5.016271360719e-16       6.087278561500e-17 
 1865       3.710756829594e-11       5.005399487045e-16       6.149787858095e-17 
 1866       3.693256706724e-11       4.994556673241e-16       6.212200695002e-17 
 1867       3.675898735985e-11       4.983742834028e-16       6.274504900807e-17 
 1868       3.658686389331e-11       4.972957883251e-16       6.336688253798e-17 
 1869       3.641623151819e-11       4.962201733878e-16       6.398738481904e-17 
 1870       3.624712521634e-11       4.951474297998e-16       6.460643262627e-17 
 1871       3.607958010098e-11       4.940775486820e-16       6.522390222978e-17 
 1872       3.591363141692e-11       4.930105210669e-16       6.583966939408e-17 
 1873       3.574931454070e-11       4.919463378990e-16       6.645360937742e-17 
 1874       3.558666498075e-11       4.908849900340e-16       6.706559693113e-17 
 1875       3.542571837759e-11       4.898264682392e-16       6.767550629899e-17 
 1876       3.526651050398e-11       4.887707631931e-16       6.828321121650e-17 
 1877       3.510907726506e-11       4.877178654851e-16       6.888858491028e-17 
 1878       3.495345469856e-11       4.866677656158e-16       6.949150009736e-17 
 1879       3.479967897495e-11       4.856204539965e-16       7.009182898458e-17 
 1880       3.464778639758e-11       4.845759209491e-16       7.068944326783e-17 
 1881       3.449781340289e-11       4.835341567060e-16       7.128421413149e-17 
 1882       3.434979656057e-11       4.824951514101e-16       7.187601224770e-17 
 1883       3.420377257368e-11       4.814588951143e-16       7.246470777572e-17 
 1884       3.405977827889e-11       4.804253777818e-16       7.305017036125e-17 
 1885       3.391785064657e-11       4.793945892855e-16       7.363226913581e-17 
 1886       3.377802678102e-11       4.783665194082e-16       7.421087271602e-17 
 1887       3.364034392060e-11       4.773411578425e-16       7.478584920299e-17 
 1888       3.350483943792e-11       4.763184941901e-16       7.535706618161e-17 
 1889       3.337155083998e-11       4.752985179624e-16       7.592439071992e-17 
 1890       3.324051576836e-11       4.742812185797e-16       7.648768936844e-17 
 1891       3.311177199938e-11       4.732665853716e-16       7.704682815950e-17 
 1892       3.298535082275e-11       4.722546083079e-16       7.760170843926e-17 
 1893       3.286125712119e-11       4.712452801987e-16       7.815237466817e-17 
 1894       3.273948913705e-11       4.702385945113e-16       7.869890745302e-17 
 1895       3.262004507981e-11       4.692345446398e-16       7.924138779055e-17 
 1896       3.250292312597e-11       4.682331239054e-16       7.977989706793e-17 
 1897       3.238812141905e-11       4.672343255561e-16       8.031451706333e-17 
 1898       3.227563806952e-11       4.662381427666e-16       8.084532994645e-17 
 1899       3.216547115470e-11       4.652445686382e-16       8.137241827906e-17 
 1900       3.205761871878e-11       4.642535961985e-16       8.189586501553e-17 
 1901       3.195207877271e-11       4.632652184017e-16       8.241575350338e-17 
 1902       3.184884929415e-11       4.622794281279e-16       8.293216748380e-17 
 1903       3.174792822745e-11       4.612962181836e-16       8.344519109222e-17 
 1904       3.164931348356e-11       4.603155813011e-16       8.395490885879e-17 
 1905       3.155300293999e-11       4.593375101385e-16       8.446140570898e-17 
 1906       3.145899444073e-11       4.583619972798e-16       8.496476696408e-17 
 1907       3.136728579625e-11       4.573890352345e-16       8.546507834176e-17 
 1908       3.127787478338e-11       4.564186164376e-16       8.596242595659e-17 
 1909       3.119075914532e-11       4.554507332495e-16       8.645689632057e-17 
 1910       3.110593659152e-11       4.544853779557e-16       8.694857634370e-17 
 1911       3.102340479766e-11       4.535225427671e-16       8.743755333448e-17 
 1912       3.094316140561e-11       4.525622198194e-16       8.792391500050e-17 
 1913       3.086520402333e-11       4.516044011732e-16       8.840774944890e-17 
 1914       3.078953022486e-11       4.506490788139e-16       8.888914518700e-17 
 1915       3.071613755024e-11       4.496962446516e-16       8.936819112273e-17 
 1916       3.064502350546e-11       4.487458905208e-16       8.984497656529e-17 
 1917       3.057618556239e-11       4.477980081804e-16       9.031959122558e-17 
 1918       3.050962115877e-11       4.468525893138e-16       9.079212521680e-17 
 1919       3.044532769809e-11       4.459096255283e-16       9.126266905497e-17 
 1920       3.038330254961e-11       4.449691083554e-16       9.173131365946e-17 
 1921       3.032354304822e-11       4.440310292503e-16       9.219815035354e-17 
 1922       3.026604649447e-11       4.430953795923e-16       9.266327086492e-17 
 1923       3.021081015444e-11       4.421621506842e-16       9.312676732626e-17 
 1924       3.015783125976e-11       4.412313337523e-16       9.358873227575e-17 
 1925       3.010710700746e-11       4.403029199465e-16       9.404925865761e-17 
 1926       3.005863456002e-11       4.393769003399e-16       9.450843982266e-17 
 1927       3.001241104524e-11       4.384532659288e-16       9.496636952881e-17 
 1928       2.996843355621e-11       4.375320076326e-16       9.542314194167e-17 
 1929       2.992669915126e-11       4.366131162936e-16       9.587885163502e-17 
 1930       2.988720485389e-11       4.356965826770e-16       9.633359359136e-17 
 1931       2.984994317884e-11       4.347823980928e-16       9.678739419827e-17 
 1932       2.981488867322e-11       4.338705562677e-16       9.724000366438e-17 
 1933       2.978201127328e-11       4.329610514872e-16       9.769110203114e-17 
 1934       2.975128076879e-11       4.320538779746e-16       9.814036803247e-17 
 1935       2.972266680289e-11       4.311490298909e-16       9.858747909311e-17 
 1936       2.969613887186e-11       4.302465013348e-16       9.903211132693e-17 
 1937       2.967166632492e-11       4.293462863426e-16       9.947393953528e-17 
 1938       2.964921836405e-11       4.284483788879e-16       9.991263720524e-17 
 1939       2.962876404378e-11       4.275527728818e-16       1.003478765080e-16 
 1940       2.961027227099e-11       4.266594621724e-16       1.007793282972e-16 
 1941       2.959371180472e-11       4.257684405452e-16       1.012066621070e-16 
 1942       2.957905125596e-11       4.248797017225e-16       1.016295461510e-16 
 1943       2.956625908745e-11       4.239932393638e-16       1.020476473197e-16 
 1944       2.955530361350e-11       4.231090470650e-16       1.024606311797e-16 
 1945       2.954615299977e-11       4.222271183593e-16       1.028681619712e-16 
 1946       2.953877526307e-11       4.213474467160e-16       1.032699026070e-16 
 1947       2.953313827118e-11       4.204700255413e-16       1.036655146705e-16 
 1948       2.952920974265e-11       4.195948481776e-16       1.040546584139e-16 
 1949       2.952695724657e-11       4.187219079037e-16       1.044369927569e-16 
 1950       2.952634820241e-11       4.178511979348e-16       1.048121752844e-16 
 1951       2.952734987979e-11       4.169827114218e-16       1.051798622457e-16 
 1952       2.952992939830e-11       4.161164414521e-16       1.055397085520e-16 
 1953       2.953405372730e-11       4.152523810487e-16       1.058913677750e-16 
 1954       2.953968968572e-11       4.143905231706e-16       1.062344921455e-16 
 1955       2.954680394184e-11       4.135308607124e-16       1.065687325514e-16 
 1956       2.955536301312e-11       4.126733865045e-16       1.068937385360e-16 
 1957       2.956533326599e-11       4.118180933125e-16       1.072091582963e-16 
 1958       2.957668091565e-11       4.109649738377e-16       1.075146386819e-16 
 1959       2.958937202588e-11       4.101140207167e-16       1.078098251923e-16 
 1960       2.960337250881e-11       4.092652265211e-16       1.080943619761e-16 
 1961       2.961864812476e-11       4.084185837579e-16       1.083678918288e-16 
 1962       2.963516448202e-11       4.075740848690e-16       1.086300561916e-16 
 1963       2.965288703666e-11       4.067317222311e-16       1.088804951491e-16 
 1964       2.967178109233e-11       4.058914881558e-16       1.091188474280e-16 
 1965       2.969181180004e-11       4.050533748896e-16       1.093447503955e-16 
 1966       2.971294415799e-11       4.042173746132e-16       1.095578400574e-16 
 1967       2.973514301137e-11       4.033834794422e-16       1.097577510565e-16 
 1968       2.975837305213e-11       4.025516814264e-16       1.099441166709e-16 
 1969       2.978259881881e-11       4.017219725500e-16       1.101165688122e-16 
 1970       2.980778444556e-11       4.008943452846e-16       1.102748441159e-16 
 1971       2.983389290755e-11       4.000687942535e-16       1.104191030760e-16 
 1972       2.986088676957e-11       3.992453145797e-16       1.105496132779e-16 
 1973       2.988872843604e-11       3.984239013335e-16       1.106666435234e-16 
 1974       2.991738015088e-11       3.976045495325e-16       1.107704638323e-16 
 1975       2.994680399723e-11       3.967872541417e-16       1.108613454443e-16 
 1976       2.997696189728e-11       3.959720100732e-16       1.109395608201e-16 
 1977       3.000781561207e-11       3.951588121861e-16       1.110053836434e-16 
 1978       3.003932674125e-11       3.943476552865e-16       1.110590888223e-16 
 1979       3.007145672292e-11       3.935385341275e-16       1.111009524910e-16 
 1980       3.010416683337e-11       3.927314434089e-16       1.111312520113e-16 
 1981       3.013741818692e-11       3.919263777775e-16       1.111502659741e-16 
 1982       3.017117173569e-11       3.911233318263e-16       1.111582742015e-16 
 1983       3.020538826938e-11       3.903223000954e-16       1.111555577478e-16 
 1984       3.024002841510e-11       3.895232770709e-16       1.111423989012e-16 
 1985       3.027505263714e-11       3.887262571857e-16       1.111190811858e-16 
 1986       3.031042123675e-11       3.879312348189e-16       1.110858893629e-16 
 1987       3.034609435198e-11       3.871382042956e-16       1.110431094323e-16 
 1988       3.038203195742e-11       3.863471598874e-16       1.109910286346e-16 
 1989       3.041819386401e-11       3.855580958117e-16       1.109299354523e-16 
 1990       3.045453971887e-11       3.847710062322e-16       1.108601196114e-16 
 1991       3.049102900503e-11       3.839858852581e-16       1.107818720832e-16 
 1992       3.052762104127e-11       3.832027269448e-16       1.106954850859e-16 
 1993       3.056427498191e-11       3.824215252932e-16       1.106012520859e-16 
 1994       3.060094981658e-11       3.816422742499e-16       1.104994677998e-16 
 1995       3.063760437002e-11       3.808649677071e-16       1.103904281956e-16 
 1996       3.067419730189e-11       3.800895995024e-16       1.102744304946e-16 
 1997       3.071068710655e-11       3.793161634190e-16       1.101517731730e-16 
 1998       3.074703211285e-11       3.785446531852e-16       1.100227559632e-16 
 1999       3.078319048394e-11       3.777750624746e-16       1.098876798556e-16 
 2000       3.081912021705e-11       3.770073849061e-16       1.097468471004e-16 
 2001       3.085477914326e-11       3.762416140434e-16       1.096005612087e-16 
 2002       3.089012492736e-11       3.754777433953e-16       1.094491269546e-16 
 2003       3.092511506756e-11       3.747157664156e-16       1.092928503764e-16 
 2004       3.095970689537e-11       3.739556765029e-16       1.091320387784e-16 
 2005       3.099385757530e-11       3.731974670002e-16       1.089670007325e-16 
 2006       3.102752410474e-11       3.724411311956e-16       1.087980460799e-16 
 2007       3.106066331370e-11       3.716866623216e-16       1.086254859323e-16 
 2008       3.109323186461e-11       3.709340535550e-16       1.084496326739e-16 
 2009       3.112518966266e-11       3.701832985021e-16       1.082707437361e-16 
 2010       3.115651011430e-11       3.694343926575e-16       1.080888524716e-16 
 2011       3.118716994308e-11       3.686873319553e-16       1.079039360509e-16 
 2012       3.121714578575e-11       3.679421122855e-16       1.077159715780e-16 
 2013       3.124641419220e-11       3.671987294937e-16       1.075249360894e-16 
 2014       3.127495162534e-11       3.664571793814e-16       1.073308065548e-16 
 2015       3.130273446098e-11       3.657174577052e-16       1.071335598766e-16 
 2016       3.132973898775e-11       3.649795601774e-16       1.069331728897e-16 
 2017       3.135594140696e-11       3.642434824659e-16       1.067296223618e-16 
 2018       3.138131783255e-11       3.635092201936e-16       1.065228849934e-16 
 2019       3.140584429092e-11       3.627767689388e-16       1.063129374170e-16 
 2020       3.142949672088e-11       3.620461242350e-16       1.060997561979e-16 
 2021       3.145225097350e-11       3.613172815709e-16       1.058833178337e-16 
 2022       3.147408281204e-11       3.605902363901e-16       1.056635987540e-16 
 2023       3.149496791181e-11       3.598649840913e-16       1.054405753208e-16 
 2024       3.151488186011e-11       3.591415200281e-16       1.052142238284e-16 
 2025       3.153380015607e-11       3.584198395090e-16       1.049845205027e-16 
 2026       3.155169821061e-11       3.576999377972e-16       1.047514415020e-16 
 2027       3.156855134625e-11       3.569818101106e-16       1.045149629163e-16 
 2028       3.158433479710e-11       3.562654516217e-16       1.042750607673e-16 
 2029       3.159902370868e-11       3.555508574578e-16       1.040317110088e-16 
 2030       3.161259313784e-11       3.548380227005e-16       1.037848895258e-16 
 2031       3.162501805266e-11       3.541269423859e-16       1.035345721354e-16 
 2032       3.163627333236e-11       3.534176115044e-16       1.032807345859e-16 
 2033       3.164633376714e-11       3.527100250007e-16       1.030233525572e-16 
 2034       3.165517405814e-11       3.520041777739e-16       1.027624016604e-16 
 2035       3.166276881729e-11       3.513000646771e-16       1.024978574382e-16 
 2036       3.166909256722e-11       3.505976805174e-16       1.022296953643e-16 
 2037       3.167411974116e-11       3.498970200562e-16       1.019578908436e-16 
 2038       3.167782468282e-11       3.491980780085e-16       1.016824192121e-16 
 2039       3.168018164631e-11       3.485008490435e-16       1.014032557368e-16 
 2040       3.168116479598e-11       3.478053277841e-16       1.011203756157e-16 
 2041       3.168074820640e-11       3.471115088067e-16       1.008337539777e-16 
 2042       3.167890586218e-11       3.464193866418e-16       1.005433658822e-16 
 2043       3.167561165788e-11       3.457289557731e-16       1.002491863196e-16 
 2044       3.167083939794e-11       3.450402106382e-16       9.995119021087e-17 
 2045       3.166456279654e-11       3.443531456278e-16       9.964935240751e-17 
 2046       3.165675547751e-11       3.436677550863e-16       9.934364769153e-17 
 2047       3.164739097422e-11       3.429840333112e-16       9.903405077534e-17 
 2048       3.163644735357e-11       3.423019748636e-16       9.872054930733e-17 
 2049       3.162392112442e-11       3.416215755005e-16       9.840318299023e-17 
 2050       3.160981342834e-11       3.409428312492e-16       9.808200474216e-17 
 2051       3.159412542460e-11       3.402657380971e-16       9.775706771672e-17 
 2052       3.157685829017e-11       3.395902919919e-16       9.742842530325e-17 
 2053       3.155801321976e-11       3.389164888414e-16       9.709613112715e-17 
 2054       3.153759142585e-11       3.382443245138e-16       9.676023905018e-17 
 2055       3.151559413868e-11       3.375737948372e-16       9.642080317074e-17 
 2056       3.149202260634e-11       3.369048955997e-16       9.607787782419e-17 
 2057       3.146687809473e-11       3.362376225496e-16       9.573151758314e-17 
 2058       3.144016188765e-11       3.355719713948e-16       9.538177725773e-17 
 2059       3.141187528676e-11       3.349079378033e-16       9.502871189595e-17 
 2060       3.138201961167e-11       3.342455174027e-16       9.467237678394e-17 
 2061       3.135059619994e-11       3.335847057804e-16       9.431282744626e-17 
 2062       3.131760640709e-11       3.329254984835e-16       9.395011964622e-17 
 2063       3.128305160665e-11       3.322678910186e-16       9.358430938617e-17 
 2064       3.124693319017e-11       3.316118788519e-16       9.321545290778e-17 
 2065       3.120925256728e-11       3.309574574091e-16       9.284360669234e-17 
 2066       3.117001116567e-11       3.303046220754e-16       9.246882746109e-17 
 2067       3.112921043116e-11       3.296533681951e-16       9.209117217549e-17 
 2068       3.108685182769e-11       3.290036910721e-16       9.171069803750e-17 
 2069       3.104293683737e-11       3.283555859693e-16       9.132746248995e-17 
 2070       3.099746696051e-11       3.277090481089e-16       9.094152321673e-17 
 2071       3.095044371562e-11       3.270640726723e-16       9.055293814320e-17 
 2072       3.090186863946e-11       3.264206547998e-16       9.016176543640e-17 
 2073       3.085174328707e-11       3.257787895907e-16       8.976806350539e-17 
 2074       3.080006923179e-11       3.251384721034e-16       8.937189100155e-17 
 2075       3.074684806526e-11       3.244996973549e-16       8.897330681886e-17 
 2076       3.069208139751e-11       3.238624603214e-16       8.857237009421e-17 
 2077       3.063577085691e-11       3.232267559375e-16       8.816914020769e-17 
 2078       3.057791809026e-11       3.225925790967e-16       8.776367678290e-17 
 2079       3.051852476279e-11       3.219599246510e-16       8.735603968722e-17 
 2080       3.045759255818e-11       3.213287874112e-16       8.694628903216e-17 
 2081       3.039512317860e-11       3.206991621462e-16       8.653448517359e-17 
 2082       3.033111834473e-11       3.200710435839e-16       8.612068871209e-17 
 2083       3.026557979580e-11       3.194444264101e-16       8.570496049324e-17 
 2084       3.019850928959e-11       3.188193052692e-16       8.528736160790e-17 
 2085       3.012990860249e-11       3.181956747638e-16       8.486795339250e-17 
 2086       3.005977952949e-11       3.175735294548e-16       8.444679742939e-17 
 2087       2.998812705694e-11       3.169528642249e-16       8.402395230866e-17 
 2088       2.991496890494e-11       3.163336753730e-16       8.359946388844e-17 
 2089       2.984032605189e-11       3.157159595276e-16       8.317337496690e-17 
 2090       2.976421956805e-11       3.150997132833e-16       8.274572851470e-17 
 2091       2.968667061557e-11       3.144849332014e-16       8.231656767514e-17 
 2092       2.960770044868e-11       3.138716158091e-16       8.188593576446e-17 
 2093       2.952733041375e-11       3.132597576000e-16       8.145387627194e-17 
 2094       2.944558194946e-11       3.126493550337e-16       8.102043286021e-17 
 2095       2.936247658684e-11       3.120404045359e-16       8.058564936538e-17 
 2096       2.927803594945e-11       3.114329024986e-16       8.014956979729e-17 
 2097       2.919228175347e-11       3.108268452795e-16       7.971223833972e-17 
 2098       2.910523580780e-11       3.102222292024e-16       7.927369935058e-17 
 2099       2.901692001420e-11       3.096190505569e-16       7.883399736213e-17 
 2100       2.892735636739e-11       3.090173055986e-16       7.839317708118e-17 
 2101       2.883656695516e-11       3.084169905488e-16       7.795128338931e-17 
 2102       2.874457395850e-11       3.078181015945e-16       7.750836134307e-17 
 2103       2.865139965169e-11       3.072206348884e-16       7.706445617419e-17 
 2104       2.855706640244e-11       3.066245865490e-16       7.661961328980e-17 
 2105       2.846159667199e-11       3.060299526602e-16       7.617387827262e-17 
 2106       2.836501301523e-11       3.054367292715e-16       7.572729688118e-17 
 2107       2.826733808081e-11       3.048449123980e-16       7.527991505002e-17 
 2108       2.816859461125e-11       3.042544980201e-16       7.483177888993e-17 
 2109       2.806880544307e-11       3.036654820837e-16       7.438293468809e-17 
 2110       2.796799350689e-11       3.030778605000e-16       7.393342890837e-17 
 2111       2.786618182754e-11       3.024916291454e-16       7.348330819146e-17 
 2112       2.776339352419e-11       3.019067838617e-16       7.303261935512e-17 
 2113       2.765965181046e-11       3.013233204557e-16       7.258140939436e-17 
 2114       2.755497999452e-11       3.007412346996e-16       7.212972548171e-17 
 2115       2.744940147923e-11       3.001605223306e-16       7.167761496735e-17 
 2116       2.734293976222e-11       2.995811790506e-16       7.122512537935e-17 
 2117       2.723561843604e-11       2.990032005271e-16       7.077230442391e-17 
 2118       2.712746118826e-11       2.984265823919e-16       7.031919998553e-17 
 2119       2.701849180155e-11       2.978513202423e-16       6.986586012721e-17 
 2120       2.690873415387e-11       2.972774096399e-16       6.941233309072e-17 
 2121       2.679821221852e-11       2.967048461114e-16       6.895866729674e-17 
 2122       2.668695006426e-11       2.961336251481e-16       6.850491134509e-17 
 2123       2.657497185546e-11       2.955637422062e-16       6.805111401496e-17 
 2124       2.646230185218e-11       2.949951927062e-16       6.759732426511e-17 
 2125       2.634896441031e-11       2.944279720335e-16       6.714359123405e-17 
 2126       2.623498427810e-11       2.938620758367e-16       6.668995993832e-17 
 2127       2.612038748779e-11       2.932975009268e-16       6.623645833439e-17 
 2128       2.600520047037e-11       2.927342443844e-16       6.578311016808e-17 
 2129       2.588944975982e-11       2.921723032610e-16       6.532993926852e-17 
 2130       2.577316199318e-11       2.916116745795e-16       6.487696954827e-17 
 2131       2.565636391075e-11       2.910523553337e-16       6.442422500337e-17 
 2132       2.553908235615e-11       2.904943424883e-16       6.397172971350e-17 
 2133       2.542134427648e-11       2.899376329793e-16       6.351950784200e-17 
 2134       2.530317672242e-11       2.893822237132e-16       6.306758363602e-17 
 2135       2.518460684836e-11       2.888281115678e-16       6.261598142660e-17 
 2136       2.506566191253e-11       2.882752933915e-16       6.216472562876e-17 
 2137       2.494636927711e-11       2.877237660036e-16       6.171384074157e-17 
 2138       2.482675640834e-11       2.871735261940e-16       6.126335134830e-17 
 2139       2.470685087669e-11       2.866245707236e-16       6.081328211647e-17 
 2140       2.458668035692e-11       2.860768963237e-16       6.036365779796e-17 
 2141       2.446627262825e-11       2.855304996964e-16       5.991450322911e-17 
 2142       2.434565557447e-11       2.849853775143e-16       5.946584333079e-17 
 2143       2.422485718402e-11       2.844415264206e-16       5.901770310853e-17 
 2144       2.410390555020e-11       2.838989430290e-16       5.857010765259e-17 
 2145       2.398282887120e-11       2.833576239236e-16       5.812308213806e-17 
 2146       2.386165545028e-11       2.828175656590e-16       5.767665182494e-17 
 2147       2.374041369588e-11       2.822787647601e-16       5.723084205829e-17 
 2148       2.361913212173e-11       2.817412177223e-16       5.678567826824e-17 
 2149       2.349783934696e-11       2.812049210110e-16       5.634118597016e-17 
 2150       2.337656409628e-11       2.806698710621e-16       5.589739076470e-17 
 2151       2.325533520003e-11       2.801360642817e-16       5.545431833793e-17 
 2152       2.313418159435e-11       2.796034970459e-16       5.501199446141e-17 
 2153       2.301313232128e-11       2.790721657009e-16       5.457044499226e-17 
 2154       2.289221652890e-11       2.785420665633e-16       5.412969587331e-17 
 2155       2.277146347143e-11       2.780131959195e-16       5.368977313315e-17 
 2156       2.265090250938e-11       2.774855500257e-16       5.325070288626e-17 
 2157       2.253056310962e-11       2.769591251085e-16       5.281251133306e-17 
 2158       2.241047484558e-11       2.764339173641e-16       5.237522476005e-17 
 2159       2.229066739730e-11       2.759099229586e-16       5.193886953986e-17 
 2160       2.217117055160e-11       2.753871380280e-16       5.150347213140e-17 
 2161       2.205201420217e-11       2.748655586781e-16       5.106905907990e-17 
 2162       2.193322834970e-11       2.743451809843e-16       5.063565701702e-17 
 2163       2.181484310204e-11       2.738260009919e-16       5.020329266099e-17 
 2164       2.169688867426e-11       2.733080147156e-16       4.977199281662e-17 
 2165       2.157939316498e-11       2.727912184306e-16       4.934178713780e-17 
 2166       2.146237586855e-11       2.722756095468e-16       4.891271643486e-17 
 2167       2.134585391792e-11       2.717611857399e-16       4.848482442356e-17 
 2168       2.122984450434e-11       2.712479446620e-16       4.805815496800e-17 
 2169       2.111436487753e-11       2.707358839408e-16       4.763275208079e-17 
 2170       2.099943234567e-11       2.702250011798e-16       4.720865992320e-17 
 2171       2.088506427548e-11       2.697152939587e-16       4.678592280538e-17 
 2172       2.077127809233e-11       2.692067598326e-16       4.636458518644e-17 
 2173       2.065809128022e-11       2.686993963326e-16       4.594469167470e-17 
 2174       2.054552138195e-11       2.681932009655e-16       4.552628702780e-17 
 2175       2.043358599908e-11       2.676881712137e-16       4.510941615289e-17 
 2176       2.032230279208e-11       2.671843045354e-16       4.469412410678e-17 
 2177       2.021168948035e-11       2.666815983643e-16       4.428045609611e-17 
 2178       2.010176384229e-11       2.661800501097e-16       4.386845747754e-17 
 2179       1.999254371537e-11       2.656796571566e-16       4.345817375786e-17 
 2180       1.988404699621e-11       2.651804168653e-16       4.304965059422e-17 
 2181       1.977629164062e-11       2.646823265716e-16       4.264293379426e-17 
 2182       1.966929566368e-11       2.641853835870e-16       4.223806931625e-17 
 2183       1.956307713979e-11       2.636895851982e-16       4.183510326931e-17 
 2184       1.945765420278e-11       2.631949286674e-16       4.143408191355e-17 
 2185       1.935304504589e-11       2.627014112319e-16       4.103505166022e-17 
 2186       1.924926792193e-11       2.622090301046e-16       4.063805907190e-17 
 2187       1.914634114329e-11       2.617177824735e-16       4.024315086265e-17 
 2188       1.904428308202e-11       2.612276655018e-16       3.985037389819e-17 
 2189       1.894311216987e-11       2.607386763282e-16       3.945977519605e-17 
 2190       1.884284689841e-11       2.602508120662e-16       3.907140192572e-17 
 2191       1.874350581903e-11       2.597640698047e-16       3.868530140887e-17 
 2192       1.864510754308e-11       2.592784466075e-16       3.830152111946e-17 
 2193       1.854767074186e-11       2.587939395135e-16       3.792010868392e-17 
 2194       1.845121414671e-11       2.583105455368e-16       3.754111188135e-17 
 2195       1.835575654913e-11       2.578282616663e-16       3.716457864363e-17 
 2196       1.826131680074e-11       2.573470848659e-16       3.679055705561e-17 
 2197       1.816791381345e-11       2.568670120745e-16       3.641909535531e-17 
 2198       1.807556655946e-11       2.563880402058e-16       3.605024193400e-17 
 2199       1.798429407134e-11       2.559101661484e-16       3.568404533646e-17 
 2200       1.789411544211e-11       2.554333867657e-16       3.532055426109e-17 
 2201       1.780504982529e-11       2.549576988959e-16       3.495981756009e-17 
 2202       1.771711643496e-11       2.544830993518e-16       3.460188423960e-17 
 2203       1.763033454585e-11       2.540095849212e-16       3.424680345991e-17 
 2204       1.754472037569e-11       2.535371524921e-16       3.389461506537e-17 
 2205       1.746027770958e-11       2.530657994310e-16       3.354532110505e-17 
 2206       1.737700721347e-11       2.525955232072e-16       3.319891412323e-17 
 2207       1.729490954621e-11       2.521263212675e-16       3.285538661243e-17 
 2208       1.721398535953e-11       2.516581910358e-16       3.251473101328e-17 
 2209       1.713423529801e-11       2.511911299132e-16       3.217693971452e-17 
 2210       1.705565999910e-11       2.507251352783e-16       3.184200505286e-17 
 2211       1.697826009308e-11       2.502602044866e-16       3.150991931299e-17 
 2212       1.690203620307e-11       2.497963348709e-16       3.118067472743e-17 
 2213       1.682698894499e-11       2.493335237411e-16       3.085426347653e-17 
 2214       1.675311892757e-11       2.488717683841e-16       3.053067768835e-17 
 2215       1.668042675236e-11       2.484110660640e-16       3.020990943863e-17 
 2216       1.660891301367e-11       2.479514140219e-16       2.989195075070e-17 
 2217       1.653857829857e-11       2.474928094757e-16       2.957679359541e-17 
 2218       1.646942318690e-11       2.470352496206e-16       2.926442989108e-17 
 2219       1.640144825127e-11       2.465787316284e-16       2.895485150340e-17 
 2220       1.633465405698e-11       2.461232526479e-16       2.864805024540e-17 
 2221       1.626904116209e-11       2.456688098049e-16       2.834401787735e-17 
 2222       1.620461011735e-11       2.452154002020e-16       2.804274610670e-17 
 2223       1.614136146622e-11       2.447630209184e-16       2.774422658804e-17 
 2224       1.607929574485e-11       2.443116690103e-16       2.744845092296e-17 
 2225       1.601841348205e-11       2.438613415104e-16       2.715541066007e-17 
 2226       1.595871519931e-11       2.434120354285e-16       2.686509729487e-17 
 2227       1.590020141076e-11       2.429637477506e-16       2.657750226969e-17 
 2228       1.584287262319e-11       2.425164754397e-16       2.629261697366e-17 
 2229       1.578672933599e-11       2.420702154352e-16       2.601043274258e-17 
 2230       1.573177204119e-11       2.416249646532e-16       2.573094085889e-17 
 2231       1.567800122341e-11       2.411807199862e-16       2.545413255163e-17 
 2232       1.562541735988e-11       2.407374783035e-16       2.517999899628e-17 
 2233       1.557402092039e-11       2.402952364505e-16       2.490853131480e-17 
 2234       1.552381236732e-11       2.398539912493e-16       2.463972057547e-17 
 2235       1.547479215558e-11       2.394137394985e-16       2.437355779288e-17 
 2236       1.542696073267e-11       2.389744779728e-16       2.411003392785e-17 
 2237       1.538031853857e-11       2.385362034234e-16       2.384913988732e-17 
 2238       1.533486600583e-11       2.380989125779e-16       2.359086652436e-17 
 2239       1.529060355947e-11       2.376626021400e-16       2.333520463801e-17 
 2240       1.524753161705e-11       2.372272687899e-16       2.308214497329e-17 
 2241       1.520565058858e-11       2.367929091838e-16       2.283167822108e-17 
 2242       1.516496087655e-11       2.363595199543e-16       2.258379501808e-17 
 2243       1.512546065537e-11       2.359270979173e-16       2.233848954454e-17 
 2244       1.508713919375e-11       2.354956406962e-16       2.209577034324e-17 
 2245       1.504998348869e-11       2.350651461016e-16       2.185564957099e-17 
 2246       1.501398048201e-11       2.346356119250e-16       2.161813940725e-17 
 2247       1.497911706033e-11       2.342070359381e-16       2.138325205414e-17 
 2248       1.494538005494e-11       2.337794158931e-16       2.115099973648e-17 
 2249       1.491275624179e-11       2.333527495229e-16       2.092139470177e-17 
 2250       1.488123234140e-11       2.329270345403e-16       2.069444922022e-17 
 2251       1.485079501879e-11       2.325022686390e-16       2.047017558480e-17 
 2252       1.482143088344e-11       2.320784494927e-16       2.024858611121e-17 
 2253       1.479312648921e-11       2.316555747556e-16       2.002969313793e-17 
 2254       1.476586833425e-11       2.312336420620e-16       1.981350902621e-17 
 2255       1.473964286098e-11       2.308126490267e-16       1.960004616012e-17 
 2256       1.471443645602e-11       2.303925932446e-16       1.938931694653e-17 
 2257       1.469023545008e-11       2.299734722909e-16       1.918133381516e-17 
 2258       1.466702611795e-11       2.295552837209e-16       1.897610921859e-17 
 2259       1.464479467839e-11       2.291380250700e-16       1.877365563225e-17 
 2260       1.462352729411e-11       2.287216938540e-16       1.857398555446e-17 
 2261       1.460321007166e-11       2.283062875685e-16       1.837711150647e-17 
 2262       1.458382906140e-11       2.278918036893e-16       1.818304603243e-17 
 2263       1.456537025743e-11       2.274782396724e-16       1.799180169942e-17 
 2264       1.454781959750e-11       2.270655929535e-16       1.780339109751e-17 
 2265       1.453116296297e-11       2.266538609487e-16       1.761782683971e-17 
 2266       1.451538617873e-11       2.262430410537e-16       1.743512156204e-17 
 2267       1.450047501317e-11       2.258331306443e-16       1.725528792351e-17 
 2268       1.448641517805e-11       2.254241270763e-16       1.707833860617e-17 
 2269       1.447319232851e-11       2.250160276852e-16       1.690428631512e-17 
 2270       1.446079206294e-11       2.246088297865e-16       1.673314377849e-17 
 2271       1.444919992296e-11       2.242025306755e-16       1.656492374750e-17 
 2272       1.443840139333e-11       2.237971276274e-16       1.639963899648e-17 
 2273       1.442838190191e-11       2.233926178969e-16       1.623730232284e-17 
 2274       1.441912681957e-11       2.229889987187e-16       1.607792654714e-17 
 2275       1.441062146014e-11       2.225862673073e-16       1.592152451308e-17 
 2276       1.440285108032e-11       2.221844208566e-16       1.576810908752e-17 
 2277       1.439580087966e-11       2.217834565405e-16       1.561769316048e-17 
 2278       1.438945600046e-11       2.213833715122e-16       1.547028964521e-17 
 2279       1.438380152773e-11       2.209841629049e-16       1.532591147815e-17 
 2280       1.437882248908e-11       2.205858278310e-16       1.518457161897e-17 
 2281       1.437450385472e-11       2.201883633827e-16       1.504628305061e-17 
 2282       1.437083020412e-11       2.197917668762e-16       1.491105659466e-17 
 2283       1.436778472396e-11       2.193960365860e-16       1.477889434240e-17 
 2284       1.436535020366e-11       2.190011710155e-16       1.464979618167e-17 
 2285       1.436350936790e-11       2.186071686524e-16       1.452376197762e-17 
 2286       1.436224487660e-11       2.182140279692e-16       1.440079157265e-17 
 2287       1.436153932481e-11       2.178217474229e-16       1.428088478638e-17 
 2288       1.436137524265e-11       2.174303254550e-16       1.416404141564e-17 
 2289       1.436173509525e-11       2.170397604915e-16       1.405026123442e-17 
 2290       1.436260128264e-11       2.166500509430e-16       1.393954399383e-17 
 2291       1.436395613973e-11       2.162611952045e-16       1.383188942209e-17 
 2292       1.436578193619e-11       2.158731916554e-16       1.372729722445e-17 
 2293       1.436806087642e-11       2.154860386597e-16       1.362576708323e-17 
 2294       1.437077509944e-11       2.150997345657e-16       1.352729865772e-17 
 2295       1.437390667883e-11       2.147142777060e-16       1.343189158418e-17 
 2296       1.437743762267e-11       2.143296663978e-16       1.333954547580e-17 
 2297       1.438134987345e-11       2.139458989425e-16       1.325025992266e-17 
 2298       1.438562530803e-11       2.135629736257e-16       1.316403449171e-17 
 2299       1.439024573750e-11       2.131808887177e-16       1.308086872673e-17 
 2300       1.439519290720e-11       2.127996424726e-16       1.300076214828e-17 
 2301       1.440044849656e-11       2.124192331291e-16       1.292371425371e-17 
 2302       1.440599411909e-11       2.120396589099e-16       1.284972451708e-17 
 2303       1.441181132226e-11       2.116609180223e-16       1.277879238915e-17 
 2304       1.441788158747e-11       2.112830086573e-16       1.271091729736e-17 
 2305       1.442418632997e-11       2.109059289905e-16       1.264609864575e-17 
 2306       1.443070689875e-11       2.105296771814e-16       1.258433581499e-17 
 2307       1.443742457650e-11       2.101542513737e-16       1.252562816229e-17 
 2308       1.444432057954e-11       2.097796496952e-16       1.246997502140e-17 
 2309       1.445137605773e-11       2.094058702578e-16       1.241737570258e-17 
 2310       1.445857209443e-11       2.090329111576e-16       1.236782949252e-17 
 2311       1.446588970637e-11       2.086607704745e-16       1.232133565438e-17 
 2312       1.447330984363e-11       2.082894462726e-16       1.227789342769e-17 
 2313       1.448081338955e-11       2.079189366000e-16       1.223750202837e-17 
 2314       1.448838116065e-11       2.075492394887e-16       1.220016064864e-17 
 2315       1.449599390657e-11       2.071803529546e-16       1.216586845705e-17 
 2316       1.450363231000e-11       2.068122749978e-16       1.213462459840e-17 
 2317       1.451127698658e-11       2.064450036021e-16       1.210642819371e-17 
 2318       1.451890848486e-11       2.060785367352e-16       1.208127834023e-17 
 2319       1.452650728620e-11       2.057128723488e-16       1.205917411135e-17 
 2320       1.453405380475e-11       2.053480083783e-16       1.204011455661e-17 
 2321       1.454152974616e-11       2.049839427910e-16       1.202407591447e-17 
 2322       1.454892219362e-11       2.046206737292e-16       1.201094309380e-17 
 2323       1.455621954746e-11       2.042581993682e-16       1.200057776014e-17 
 2324       1.456341016865e-11       2.038965178675e-16       1.199284108303e-17 
 2325       1.457048237871e-11       2.035356273718e-16       1.198759373554e-17 
 2326       1.457742445969e-11       2.031755260103e-16       1.198469589368e-17 
 2327       1.458422465410e-11       2.028162118970e-16       1.198400723587e-17 
 2328       1.459087116492e-11       2.024576831304e-16       1.198538694240e-17 
 2329       1.459735215550e-11       2.020999377939e-16       1.198869369490e-17 
 2330       1.460365574957e-11       2.017429739553e-16       1.199378567578e-17 
 2331       1.460977003114e-11       2.013867896672e-16       1.200052056771e-17 
 2332       1.461568304452e-11       2.010313829668e-16       1.200875555308e-17 
 2333       1.462138279424e-11       2.006767518756e-16       1.201834731341e-17 
 2334       1.462685724500e-11       2.003228944001e-16       1.202915202889e-17 
 2335       1.463209432166e-11       1.999698085309e-16       1.204102537777e-17 
 2336       1.463708190917e-11       1.996174922434e-16       1.205382253587e-17 
 2337       1.464180785255e-11       1.992659434974e-16       1.206739817599e-17 
 2338       1.464625995683e-11       1.989151602372e-16       1.208160646743e-17 
 2339       1.465042598702e-11       1.985651403914e-16       1.209630107538e-17 
 2340       1.465429366805e-11       1.982158818733e-16       1.211133516044e-17 
 2341       1.465785068475e-11       1.978673825805e-16       1.212656137805e-17 
 2342       1.466108468180e-11       1.975196403948e-16       1.214183187794e-17 
 2343       1.466398326368e-11       1.971726531827e-16       1.215699830362e-17 
 2344       1.466653399465e-11       1.968264187949e-16       1.217191179181e-17 
 2345       1.466872439865e-11       1.964809350663e-16       1.218642297192e-17 
 2346       1.467054195935e-11       1.961361998163e-16       1.220038196551e-17 
 2347       1.467197412003e-11       1.957922108486e-16       1.221363838571e-17 
 2348       1.467300828357e-11       1.954489659510e-16       1.222604133675e-17 
 2349       1.467363181239e-11       1.951064628957e-16       1.223743941335e-17 
 2350       1.467383202845e-11       1.947646994390e-16       1.224768070021e-17 
 2351       1.467359621315e-11       1.944236733216e-16       1.225661277150e-17 
 2352       1.467291160733e-11       1.940833822682e-16       1.226408269025e-17 
 2353       1.467176541121e-11       1.937438239878e-16       1.226993700788e-17 
 2354       1.467014478436e-11       1.934049961735e-16       1.227402176359e-17 
 2355       1.466803684563e-11       1.930668965025e-16       1.227618248388e-17 
 2356       1.466542867315e-11       1.927295226360e-16       1.227626418200e-17 
 2357       1.466230730426e-11       1.923928722196e-16       1.227411135736e-17 
 2358       1.465865973546e-11       1.920569428828e-16       1.226956799505e-17 
 2359       1.465447292239e-11       1.917217322390e-16       1.226247756526e-17 
 2360       1.464973578987e-11       1.913872380127e-16       1.225274665015e-17 
 2361       1.464444527579e-11       1.910534584212e-16       1.224053625685e-17 
 2362       1.463860032461e-11       1.907203917948e-16       1.222607169025e-17 
 2363       1.463219988072e-11       1.903880364505e-16       1.220957903422e-17 
 2364       1.462524288838e-11       1.900563906919e-16       1.219128515247e-17 
 2365       1.461772829180e-11       1.897254528090e-16       1.217141768933e-17 
 2366       1.460965503508e-11       1.893952210784e-16       1.215020507062e-17 
 2367       1.460102206224e-11       1.890656937629e-16       1.212787650447e-17 
 2368       1.459182831718e-11       1.887368691123e-16       1.210466198213e-17 
 2369       1.458207274376e-11       1.884087453623e-16       1.208079227883e-17 
 2370       1.457175428572e-11       1.880813207353e-16       1.205649895458e-17 
 2371       1.456087188673e-11       1.877545934401e-16       1.203201435502e-17 
 2372       1.454942449037e-11       1.874285616719e-16       1.200757161225e-17 
 2373       1.453741104014e-11       1.871032236121e-16       1.198340464566e-17 
 2374       1.452483047945e-11       1.867785774287e-16       1.195974816272e-17 
 2375       1.451168175165e-11       1.864546212759e-16       1.193683765988e-17 
 2376       1.449796379999e-11       1.861313532943e-16       1.191490942336e-17 
 2377       1.448367556764e-11       1.858087716107e-16       1.189420052995e-17 
 2378       1.446881599771e-11       1.854868743382e-16       1.187494884790e-17 
 2379       1.445338403322e-11       1.851656595763e-16       1.185739303772e-17 
 2380       1.443737861713e-11       1.848451254106e-16       1.184177255301e-17 
 2381       1.442079869231e-11       1.845252699130e-16       1.182832764129e-17 
 2382       1.440364320156e-11       1.842060911417e-16       1.181729934482e-17 
 2383       1.438591108762e-11       1.838875871410e-16       1.180892950147e-17 
 2384       1.436760129314e-11       1.835697559412e-16       1.180346074548e-17 
 2385       1.434871276072e-11       1.832525955592e-16       1.180113650838e-17 
 2386       1.432924443287e-11       1.829361039977e-16       1.180220101972e-17 
 2387       1.430919525206e-11       1.826202792456e-16       1.180689930798e-17 
 2388       1.428856416067e-11       1.823051192781e-16       1.181547720137e-17 
 2389       1.426735010102e-11       1.819906220561e-16       1.182818132864e-17 
 2390       1.424555201539e-11       1.816767855269e-16       1.184525911996e-17 
 2391       1.422316884595e-11       1.813636076239e-16       1.186695880768e-17 
 2392       1.420019953485e-11       1.810510862662e-16       1.189352942723e-17 
 2393       1.417664302417e-11       1.807392193593e-16       1.192522081790e-17 
 2394       1.415249825591e-11       1.804280047945e-16       1.196228362371e-17 
 2395       1.412776417204e-11       1.801174404490e-16       1.200496929419e-17 
 2396       1.410243971444e-11       1.798075241863e-16       1.205353008525e-17 
 2397       1.407652382497e-11       1.794982538555e-16       1.210821906000e-17 
 2398       1.405001544542e-11       1.791896272917e-16       1.216929008957e-17 
 2399       1.402291498736e-11       1.788816425201e-16       1.223692359929e-17 
 2400       1.399522875156e-11       1.785742983683e-16       1.231100331023e-17 
 2401       1.396696453555e-11       1.782675938576e-16       1.239133813671e-17 
 2402       1.393813016627e-11       1.779615279992e-16       1.247773631651e-17 
 2403       1.390873350008e-11       1.776560997941e-16       1.257000541018e-17 
 2404       1.387878242282e-11       1.773513082335e-16       1.266795230027e-17 
 2405       1.384828484981e-11       1.770471522983e-16       1.277138319066e-17 
 2406       1.381724872592e-11       1.767436309594e-16       1.288010360584e-17 
 2407       1.378568202556e-11       1.764407431776e-16       1.299391839014e-17 
 2408       1.375359275275e-11       1.761384879033e-16       1.311263170709e-17 
 2409       1.372098894111e-11       1.758368640771e-16       1.323604703863e-17 
 2410       1.368787865394e-11       1.755358706294e-16       1.336396718444e-17 
 2411       1.365426998421e-11       1.752355064801e-16       1.349619426120e-17 
 2412       1.362017105461e-11       1.749357705394e-16       1.363252970188e-17 
 2413       1.358559001761e-11       1.746366617069e-16       1.377277425501e-17 
 2414       1.355053505541e-11       1.743381788722e-16       1.391672798400e-17 
 2415       1.351501438007e-11       1.740403209145e-16       1.406419026636e-17 
 2416       1.347903623347e-11       1.737430867031e-16       1.421495979304e-17 
 2417       1.344260888738e-11       1.734464750966e-16       1.436883456767e-17 
 2418       1.340574064347e-11       1.731504849438e-16       1.452561190587e-17 
 2419       1.336843983336e-11       1.728551150828e-16       1.468508843454e-17 
 2420       1.333071481864e-11       1.725603643416e-16       1.484706009108e-17 
 2421       1.329257399091e-11       1.722662315380e-16       1.501132212277e-17 
 2422       1.325402577179e-11       1.719727154793e-16       1.517766908596e-17 
 2423       1.321507861297e-11       1.716798149626e-16       1.534589484540e-17 
 2424       1.317574099627e-11       1.713875287745e-16       1.551579257352e-17 
 2425       1.313602143361e-11       1.710958556914e-16       1.568715474971e-17 
 2426       1.309592846707e-11       1.708047944792e-16       1.585977315958e-17 
 2427       1.305547066896e-11       1.705143438936e-16       1.603343889427e-17 
 2428       1.301465664177e-11       1.702245026797e-16       1.620794234972e-17 
 2429       1.297349501830e-11       1.699352695723e-16       1.638307322596e-17 
 2430       1.293199446159e-11       1.696466432957e-16       1.655862052637e-17 
 2431       1.289016366503e-11       1.693586225639e-16       1.673437255699e-17 
 2432       1.284801135237e-11       1.690712060803e-16       1.691011692580e-17 
 2433       1.280554627772e-11       1.687843925378e-16       1.708564054196e-17 
 2434       1.276277722563e-11       1.684981806190e-16       1.726072961516e-17 
 2435       1.271971301108e-11       1.682125689960e-16       1.743516965484e-17 
 2436       1.267636247956e-11       1.679275563301e-16       1.760874546951e-17 
 2437       1.263273450704e-11       1.676431412725e-16       1.778124116602e-17 
 2438       1.258883826746e-11       1.673593224597e-16       1.795247686958e-17 
 2439       1.254468403672e-11       1.670760985017e-16       1.812241912629e-17 
 2440       1.250028239357e-11       1.667934679942e-16       1.829107116220e-17 
 2441       1.245564395267e-11       1.665114295220e-16       1.845843622286e-17 
 2442       1.241077936464e-11       1.662299816594e-16       1.862451757332e-17 
 2443       1.236569931606e-11       1.659491229700e-16       1.878931849812e-17 
 2444       1.232041452957e-11       1.656688520067e-16       1.895284230139e-17 
 2445       1.227493576382e-11       1.653891673116e-16       1.911509230679e-17 
 2446       1.222927381361e-11       1.651100674162e-16       1.927607185757e-17 
 2447       1.218343950985e-11       1.648315508412e-16       1.943578431663e-17 
 2448       1.213744371961e-11       1.645536160967e-16       1.959423306646e-17 
 2449       1.209129734619e-11       1.642762616818e-16       1.975142150924e-17 
 2450       1.204501132913e-11       1.639994860851e-16       1.990735306683e-17 
 2451       1.199859664424e-11       1.637232877841e-16       2.006203118077e-17 
 2452       1.195206430368e-11       1.634476652457e-16       2.021545931238e-17 
 2453       1.190542535593e-11       1.631726169261e-16       2.036764094267e-17 
 2454       1.185869088589e-11       1.628981412705e-16       2.051857957248e-17 
 2455       1.181187201489e-11       1.626242367132e-16       2.066827872241e-17 
 2456       1.176497990071e-11       1.623509016778e-16       2.081674193290e-17 
 2457       1.171802573767e-11       1.620781345770e-16       2.096397276423e-17 
 2458       1.167102075660e-11       1.618059338127e-16       2.110997479656e-17 
 2459       1.162397622492e-11       1.615342977756e-16       2.125475162992e-17 
 2460       1.157690344667e-11       1.612632248459e-16       2.139830688427e-17 
 2461       1.152981376256e-11       1.609927133926e-16       2.154064419950e-17 
 2462       1.148271854996e-11       1.607227617738e-16       2.168176723547e-17 
 2463       1.143562922299e-11       1.604533683368e-16       2.182167967201e-17 
 2464       1.138855723253e-11       1.601845314179e-16       2.196038520896e-17 
 2465       1.134151406627e-11       1.599162493423e-16       2.209788756620e-17 
 2466       1.129451124873e-11       1.596485204243e-16       2.223419048366e-17 
 2467       1.124756034132e-11       1.593813429672e-16       2.236929772134e-17 
 2468       1.120067294234e-11       1.591147152632e-16       2.250321305934e-17 
 2469       1.115386068707e-11       1.588486355937e-16       2.263594029790e-17 
 2470       1.110713524776e-11       1.585831022289e-16       2.276748325737e-17 
 2471       1.106050833370e-11       1.583181134279e-16       2.289784577831e-17 
 2472       1.101399169123e-11       1.580536674387e-16       2.302703172145e-17 
 2473       1.096759710379e-11       1.577897624985e-16       2.315504496773e-17 
 2474       1.092133639198e-11       1.575263968331e-16       2.328188941834e-17 
 2475       1.087522141354e-11       1.572635686573e-16       2.340756899474e-17 
 2476       1.082926406345e-11       1.570012761749e-16       2.353208763865e-17 
 2477       1.078347543998e-11       1.567395176853e-16       2.365544704228e-17 
 2478       1.073786333761e-11       1.564782919051e-16       2.377763982412e-17 
 2479       1.069243473935e-11       1.562175976486e-16       2.389865631283e-17 
 2480       1.064719664942e-11       1.559574337208e-16       2.401848681341e-17 
 2481       1.060215609321e-11       1.556977989180e-16       2.413712160717e-17 
 2482       1.055732011734e-11       1.554386920269e-16       2.425455095170e-17 
 2483       1.051269578969e-11       1.551801118255e-16       2.437076508085e-17 
 2484       1.046829019936e-11       1.549220570822e-16       2.448575420472e-17 
 2485       1.042411045676e-11       1.546645265567e-16       2.459950850965e-17 
 2486       1.038016369361e-11       1.544075189992e-16       2.471201815815e-17 
 2487       1.033645706291e-11       1.541510331509e-16       2.482327328895e-17 
 2488       1.029299773906e-11       1.538950677436e-16       2.493326401691e-17 
 2489       1.024979291778e-11       1.536396215003e-16       2.504198043303e-17 
 2490       1.020684981619e-11       1.533846931343e-16       2.514941260445e-17 
 2491       1.016417567284e-11       1.531302813501e-16       2.525555057438e-17 
 2492       1.012177774766e-11       1.528763848426e-16       2.536038436213e-17 
 2493       1.007966332206e-11       1.526230022977e-16       2.546390396304e-17 
 2494       1.003783969892e-11       1.523701323920e-16       2.556609934850e-17 
 2495       9.996314202599e-12       1.521177737928e-16       2.566696046591e-17 
 2496       9.955094178967e-12       1.518659251580e-16       2.576647723864e-17 
 2497       9.914186995428e-12       1.516145851364e-16       2.586463956606e-17 
 2498       9.873600040940e-12       1.513637523674e-16       2.596143732346e-17 
 2499       9.833340726029e-12       1.511134254812e-16       2.605686036208e-17 
 2500       9.793416482820e-12       1.508636030984e-16       2.615089850905e-17 
 2501       9.753834765049e-12       1.506142838305e-16       2.624354156739e-17 
 2502       9.714603048089e-12       1.503654662796e-16       2.633477931598e-17 
 2503       9.675728828968e-12       1.501171490385e-16       2.642460150955e-17 
 2504       9.637219626394e-12       1.498693306905e-16       2.651299787863e-17 
 2505       9.599082980769e-12       1.496220098094e-16       2.659995812958e-17 
 2506       9.561326454218e-12       1.493751849600e-16       2.668547194450e-17 
 2507       9.523957630602e-12       1.491288546974e-16       2.676952898129e-17 
 2508       9.486984115545e-12       1.488830175673e-16       2.685211887355e-17 
 2509       9.450413536450e-12       1.486376721061e-16       2.693323123062e-17 
 2510       9.414253542525e-12       1.483928168406e-16       2.701285563751e-17 
 2511       9.378511804799e-12       1.481484502882e-16       2.709098165492e-17 
 2512       9.343196016145e-12       1.479045709570e-16       2.716759881919e-17 
 2513       9.308313891301e-12       1.476611773454e-16       2.724269664229e-17 
 2514       9.273873166890e-12       1.474182679423e-16       2.731626461182e-17 
 2515       9.239881601442e-12       1.471758412274e-16       2.738829219093e-17 
 2516       9.206345701273e-12       1.469338958217e-16       2.745876940832e-17 
 2517       9.173266889979e-12       1.466924309421e-16       2.752768863182e-17 
 2518       9.140645316689e-12       1.464514459499e-16       2.759504280504e-17 
 2519       9.108481128182e-12       1.462109401996e-16       2.766082485840e-17 
 2520       9.076774468880e-12       1.459709130390e-16       2.772502770905e-17 
 2521       9.045525480848e-12       1.457313638093e-16       2.778764426091e-17 
 2522       9.014734303788e-12       1.454922918449e-16       2.784866740463e-17 
 2523       8.984401075036e-12       1.452536964738e-16       2.790809001761e-17 
 2524       8.954525929560e-12       1.450155770170e-16       2.796590496396e-17 
 2525       8.925108999956e-12       1.447779327890e-16       2.802210509452e-17 
 2526       8.896150416445e-12       1.445407630973e-16       2.807668324680e-17 
 2527       8.867650306869e-12       1.443040672431e-16       2.812963224504e-17 
 2528       8.839608796689e-12       1.440678445204e-16       2.818094490013e-17 
 2529       8.812026008979e-12       1.438320942169e-16       2.823061400966e-17 
 2530       8.784902064427e-12       1.435968156132e-16       2.827863235787e-17 
 2531       8.758237081327e-12       1.433620079834e-16       2.832499271565e-17 
 2532       8.732031175578e-12       1.431276705946e-16       2.836968784054e-17 
 2533       8.706284460682e-12       1.428938027073e-16       2.841271047671e-17 
 2534       8.680997047739e-12       1.426604035751e-16       2.845405335494e-17 
 2535       8.656169045443e-12       1.424274724450e-16       2.849370919264e-17 
 2536       8.631800560079e-12       1.421950085570e-16       2.853167069382e-17 
 2537       8.607891695523e-12       1.419630111443e-16       2.856793054908e-17 
 2538       8.584442553234e-12       1.417314794334e-16       2.860248143560e-17 
 2539       8.561453232252e-12       1.415004126439e-16       2.863531601712e-17 
 2540       8.538923829198e-12       1.412698099885e-16       2.866642694397e-17 
 2541       8.516854438266e-12       1.410396706733e-16       2.869580685302e-17 
 2542       8.495245151222e-12       1.408099938973e-16       2.872344836767e-17 
 2543       8.474096057402e-12       1.405807788527e-16       2.874934409787e-17 
 2544       8.453407243705e-12       1.403520247249e-16       2.877348664008e-17 
 2545       8.433178794592e-12       1.401237306924e-16       2.879586857727e-17 
 2546       8.413410792085e-12       1.398958959267e-16       2.881648247893e-17 
 2547       8.394103315760e-12       1.396685195926e-16       2.883532090103e-17 
 2548       8.375256442742e-12       1.394416008479e-16       2.885237638601e-17 
 2549       8.356870247710e-12       1.392151388434e-16       2.886764146281e-17 
 2550       8.338944802883e-12       1.389891327231e-16       2.888110864681e-17 
 2551       8.321480178026e-12       1.387635816240e-16       2.889277043985e-17 
 2552       8.304476440441e-12       1.385384846764e-16       2.890261933021e-17 
 2553       8.287933654964e-12       1.383138410032e-16       2.891064779259e-17 
 2554       8.271851883966e-12       1.380896497208e-16       2.891684828814e-17 
 2555       8.256230248798e-12       1.378659098873e-16       2.892122290354e-17 
 2556       8.241064108265e-12       1.376426203501e-16       2.892381232878e-17 
 2557       8.226347863979e-12       1.374197798975e-16       2.892466704545e-17 
 2558       8.212075897412e-12       1.371973873100e-16       2.892383770288e-17 
 2559       8.198242569881e-12       1.369754413600e-16       2.892137511827e-17 
 2560       8.184842222521e-12       1.367539408121e-16       2.891733027686e-17 
 2561       8.171869176270e-12       1.365328844229e-16       2.891175433213e-17 
 2562       8.159317731845e-12       1.363122709408e-16       2.890469860594e-17 
 2563       8.147182169723e-12       1.360920991065e-16       2.889621458868e-17 
 2564       8.135456750121e-12       1.358723676526e-16       2.888635393949e-17 
 2565       8.124135712973e-12       1.356530753035e-16       2.887516848638e-17 
 2566       8.113213277913e-12       1.354342207760e-16       2.886271022642e-17 
 2567       8.102683644250e-12       1.352158027784e-16       2.884903132590e-17 
 2568       8.092540990952e-12       1.349978200112e-16       2.883418412049e-17 
 2569       8.082779476623e-12       1.347802711669e-16       2.881822111543e-17 
 2570       8.073393239481e-12       1.345631549299e-16       2.880119498567e-17 
 2571       8.064376397342e-12       1.343464699763e-16       2.878315857604e-17 
 2572       8.055723047595e-12       1.341302149745e-16       2.876416490146e-17 
 2573       8.047427267182e-12       1.339143885845e-16       2.874426714704e-17 
 2574       8.039483112582e-12       1.336989894585e-16       2.872351866830e-17 
 2575       8.031884619784e-12       1.334840162402e-16       2.870197299130e-17 
 2576       8.024625804271e-12       1.332694675656e-16       2.867968381284e-17 
 2577       8.017700660996e-12       1.330553420623e-16       2.865670500061e-17 
 2578       8.011103164366e-12       1.328416383498e-16       2.863309059335e-17 
 2579       8.004827268218e-12       1.326283550396e-16       2.860889480103e-17 
 2580       7.998866905797e-12       1.324154907349e-16       2.858417200502e-17 
 2581       7.993215989740e-12       1.322030440309e-16       2.855897675823e-17 
 2582       7.987868412053e-12       1.319910135144e-16       2.853336378533e-17 
 2583       7.982818044091e-12       1.317793977641e-16       2.850738798285e-17 
 2584       7.978058736534e-12       1.315681953507e-16       2.848110441940e-17 
 2585       7.973584319373e-12       1.313574048364e-16       2.845456833582e-17 
 2586       7.969388601883e-12       1.311470247754e-16       2.842783514533e-17 
 2587       7.965465372609e-12       1.309370537136e-16       2.840096043374e-17 
 2588       7.961808399338e-12       1.307274901887e-16       2.837399995955e-17 
 2589       7.958411429084e-12       1.305183327301e-16       2.834700965418e-17 
 2590       7.955268188066e-12       1.303095798591e-16       2.832004562213e-17 
 2591       7.952372381687e-12       1.301012300886e-16       2.829316414110e-17 
 2592       7.949717694511e-12       1.298932819233e-16       2.826642166221e-17 
 2593       7.947297790250e-12       1.296857338595e-16       2.823987481012e-17 
 2594       7.945106154304e-12       1.294785845420e-16       2.821356827276e-17 
 2595       7.943135620485e-12       1.292718332347e-16       2.818749839528e-17 
 2596       7.941378841584e-12       1.290654793523e-16       2.816164938088e-17 
 2597       7.939828446536e-12       1.288595223043e-16       2.813600538260e-17 
 2598       7.938477040396e-12       1.286539614947e-16       2.811055050329e-17 
 2599       7.937317204317e-12       1.284487963219e-16       2.808526879549e-17 
 2600       7.936341495525e-12       1.282440261792e-16       2.806014426147e-17 
 2601       7.935542447296e-12       1.280396504542e-16       2.803516085313e-17 
 2602       7.934912568933e-12       1.278356685292e-16       2.801030247195e-17 
 2603       7.934444345744e-12       1.276320797809e-16       2.798555296897e-17 
 2604       7.934130239014e-12       1.274288835807e-16       2.796089614472e-17 
 2605       7.933962685987e-12       1.272260792945e-16       2.793631574915e-17 
 2606       7.933934099842e-12       1.270236662826e-16       2.791179548164e-17 
 2607       7.934036869665e-12       1.268216439000e-16       2.788731899090e-17 
 2608       7.934263360430e-12       1.266200114962e-16       2.786286987495e-17 
 2609       7.934605912975e-12       1.264187684150e-16       2.783843168104e-17 
 2610       7.935056843978e-12       1.262179139949e-16       2.781398790565e-17 
 2611       7.935608445931e-12       1.260174475688e-16       2.778952199438e-17 
 2612       7.936252987124e-12       1.258173684643e-16       2.776501734196e-17 
 2613       7.936982711613e-12       1.256176760031e-16       2.774045729216e-17 
 2614       7.937789839202e-12       1.254183695017e-16       2.771582513776e-17 
 2615       7.938666565418e-12       1.252194482709e-16       2.769110412050e-17 
 2616       7.939605061489e-12       1.250209116161e-16       2.766627743102e-17 
 2617       7.940597474318e-12       1.248227588369e-16       2.764132820882e-17 
 2618       7.941635926461e-12       1.246249892278e-16       2.761623954223e-17 
 2619       7.942712516105e-12       1.244276020772e-16       2.759099446832e-17 
 2620       7.943819317043e-12       1.242305966684e-16       2.756557597288e-17 
 2621       7.944948378650e-12       1.240339722788e-16       2.753996699036e-17 
 2622       7.946091725862e-12       1.238377281804e-16       2.751415040383e-17 
 2623       7.947241359151e-12       1.236418636395e-16       2.748810904493e-17 
 2624       7.948389254500e-12       1.234463779170e-16       2.746182569382e-17 
 2625       7.949527363386e-12       1.232512702680e-16       2.743528307911e-17 
 2626       7.950647612748e-12       1.230565399421e-16       2.740846387784e-17 
 2627       7.951741904970e-12       1.228621861832e-16       2.738135071544e-17 
 2628       7.952802117854e-12       1.226682082298e-16       2.735392616563e-17 
 2629       7.953820104600e-12       1.224746053144e-16       2.732617275044e-17 
 2630       7.954787693779e-12       1.222813766643e-16       2.729807294009e-17 
 2631       7.955696689313e-12       1.220885215008e-16       2.726960915299e-17 
 2632       7.956538870448e-12       1.218960390398e-16       2.724076375569e-17 
 2633       7.957306555598e-12       1.217039285080e-16       2.721152298236e-17 
 2634       7.957994297326e-12       1.215121891924e-16       2.718188871729e-17 
 2635       7.958597196743e-12       1.213208203915e-16       2.715186677784e-17 
 2636       7.959110340484e-12       1.211298213980e-16       2.712146300086e-17 
 2637       7.959528800697e-12       1.209391914996e-16       2.709068324269e-17 
 2638       7.959847635027e-12       1.207489299784e-16       2.705953337919e-17 
 2639       7.960061886605e-12       1.205590361112e-16       2.702801930576e-17 
 2640       7.960166584033e-12       1.203695091693e-16       2.699614693736e-17 
 2641       7.960156741370e-12       1.201803484188e-16       2.696392220853e-17 
 2642       7.960027358119e-12       1.199915531201e-16       2.693135107338e-17 
 2643       7.959773419213e-12       1.198031225285e-16       2.689843950568e-17 
 2644       7.959389895002e-12       1.196150558936e-16       2.686519349879e-17 
 2645       7.958871741240e-12       1.194273524599e-16       2.683161906574e-17 
 2646       7.958213899069e-12       1.192400114660e-16       2.679772223924e-17 
 2647       7.957411295007e-12       1.190530321456e-16       2.676350907167e-17 
 2648       7.956458840936e-12       1.188664137266e-16       2.672898563514e-17 
 2649       7.955351434086e-12       1.186801554314e-16       2.669415802147e-17 
 2650       7.954083957020e-12       1.184942564773e-16       2.665903234225e-17 
 2651       7.952651277624e-12       1.183087160758e-16       2.662361472881e-17 
 2652       7.951048249093e-12       1.181235334330e-16       2.658791133228e-17 
 2653       7.949269709915e-12       1.179387077497e-16       2.655192832360e-17 
 2654       7.947310483858e-12       1.177542382209e-16       2.651567189352e-17 
 2655       7.945165379959e-12       1.175701240365e-16       2.647914825264e-17 
 2656       7.942829192505e-12       1.173863643805e-16       2.644236363141e-17 
 2657       7.940296701028e-12       1.172029584318e-16       2.640532428019e-17 
 2658       7.937562670281e-12       1.170199053634e-16       2.636803646920e-17 
 2659       7.934621850233e-12       1.168372043431e-16       2.633050648862e-17 
 2660       7.931468976050e-12       1.166548545329e-16       2.629274064852e-17 
 2661       7.928098768085e-12       1.164728550896e-16       2.625474527897e-17 
 2662       7.924505931862e-12       1.162912051641e-16       2.621652672999e-17 
 2663       7.920685158063e-12       1.161099039022e-16       2.617809137161e-17 
 2664       7.916631122515e-12       1.159289504436e-16       2.613944559386e-17 
 2665       7.912338486176e-12       1.157483439230e-16       2.610059580680e-17 
 2666       7.907801895121e-12       1.155680834691e-16       2.606154844057e-17 
 2667       7.903015980529e-12       1.153881682053e-16       2.602230994534e-17 
 2668       7.897975358669e-12       1.152085972494e-16       2.598288679140e-17 
 2669       7.892674630887e-12       1.150293697134e-16       2.594328546914e-17 
 2670       7.887108383592e-12       1.148504847041e-16       2.590351248907e-17 
 2671       7.881271188240e-12       1.146719413223e-16       2.586357438185e-17 
 2672       7.875158464685e-12       1.144937386781e-16       2.582346803370e-17 
 2673       7.868769076398e-12       1.143158759341e-16       2.578315163460e-17 
 2674       7.862102749444e-12       1.141383522623e-16       2.574257357092e-17 
 2675       7.855159210409e-12       1.139611668291e-16       2.570168207539e-17 
 2676       7.847938186408e-12       1.137843187958e-16       2.566042522700e-17 
 2677       7.840439405080e-12       1.136078073182e-16       2.561875095079e-17 
 2678       7.832662594592e-12       1.134316315466e-16       2.557660701780e-17 
 2679       7.824607483639e-12       1.132557906263e-16       2.553394104484e-17 
 2680       7.816273801446e-12       1.130802836967e-16       2.549070049439e-17 
 2681       7.807661277768e-12       1.129051098923e-16       2.544683267445e-17 
 2682       7.798769642889e-12       1.127302683419e-16       2.540228473841e-17 
 2683       7.789598627626e-12       1.125557581690e-16       2.535700368487e-17 
 2684       7.780147963331e-12       1.123815784917e-16       2.531093635753e-17 
 2685       7.770417381887e-12       1.122077284226e-16       2.526402944504e-17 
 2686       7.760406615711e-12       1.120342070689e-16       2.521622948084e-17 
 2687       7.750115397758e-12       1.118610135325e-16       2.516748284304e-17 
 2688       7.739543461517e-12       1.116881469097e-16       2.511773575426e-17 
 2689       7.728690541015e-12       1.115156062915e-16       2.506693428149e-17 
 2690       7.717556370819e-12       1.113433907633e-16       2.501502433595e-17 
 2691       7.706140686031e-12       1.111714994052e-16       2.496195167296e-17 
 2692       7.694443222297e-12       1.109999312917e-16       2.490766189176e-17 
 2693       7.682463715802e-12       1.108286854919e-16       2.485210043539e-17 
 2694       7.670201903272e-12       1.106577610696e-16       2.479521259056e-17 
 2695       7.657657521977e-12       1.104871570828e-16       2.473694348749e-17 
 2696       7.644830309730e-12       1.103168725842e-16       2.467723809975e-17 
 2697       7.631720004889e-12       1.101469066210e-16       2.461604124416e-17 
 2698       7.618326346356e-12       1.099772582349e-16       2.455329758061e-17 
 2699       7.604649073580e-12       1.098079264621e-16       2.448895161192e-17 
 2700       7.590687926558e-12       1.096389103333e-16       2.442294768371e-17 
 2701       7.576442645834e-12       1.094702088736e-16       2.435522998427e-17 
 2702       7.561912972500e-12       1.093018211026e-16       2.428574254437e-17 
 2703       7.547098648201e-12       1.091337460346e-16       2.421442923716e-17 
 2704       7.531999415128e-12       1.089659826781e-16       2.414123377802e-17 
 2705       7.516615016029e-12       1.087985300361e-16       2.406609972439e-17 
 2706       7.500945194200e-12       1.086313871062e-16       2.398897047564e-17 
 2707       7.484989693494e-12       1.084645528803e-16       2.390978927297e-17 
 2708       7.468748258315e-12       1.082980263448e-16       2.382849919918e-17 
 2709       7.452220633625e-12       1.081318064805e-16       2.374504317861e-17 
 2710       7.435406564940e-12       1.079658922628e-16       2.365936397693e-17 
 2711       7.418306451730e-12       1.078002827895e-16       2.357142072254e-17 
 2712       7.400923311462e-12       1.076349776666e-16       2.348123856825e-17 
 2713       7.383260826166e-12       1.074699766248e-16       2.338885929758e-17 
 2714       7.365322690017e-12       1.073052793916e-16       2.329432482770e-17 
 2715       7.347112609342e-12       1.071408856909e-16       2.319767720962e-17 
 2716       7.328634302639e-12       1.069767952435e-16       2.309895862828e-17 
 2717       7.309891500580e-12       1.068130077669e-16       2.299821140271e-17 
 2718       7.290887946029e-12       1.066495229750e-16       2.289547798610e-17 
 2719       7.271627394050e-12       1.064863405787e-16       2.279080096597e-17 
 2720       7.252113611922e-12       1.063234602852e-16       2.268422306431e-17 
 2721       7.232350379146e-12       1.061608817987e-16       2.257578713765e-17 
 2722       7.212341487459e-12       1.059986048198e-16       2.246553617725e-17 
 2723       7.192090740849e-12       1.058366290458e-16       2.235351330916e-17 
 2724       7.171601955558e-12       1.056749541707e-16       2.223976179441e-17 
 2725       7.150878960102e-12       1.055135798851e-16       2.212432502909e-17 
 2726       7.129925595278e-12       1.053525058762e-16       2.200724654451e-17 
 2727       7.108745714179e-12       1.051917318280e-16       2.188857000730e-17 
 2728       7.087343182199e-12       1.050312574208e-16       2.176833921955e-17 
 2729       7.065721877053e-12       1.048710823318e-16       2.164659811894e-17 
 2730       7.043885688782e-12       1.047112062347e-16       2.152339077883e-17 
 2731       7.021838519769e-12       1.045516287998e-16       2.139876140845e-17 
 2732       6.999584284747e-12       1.043923496942e-16       2.127275435297e-17 
 2733       6.977126910812e-12       1.042333685812e-16       2.114541409367e-17 
 2734       6.954470337437e-12       1.040746851212e-16       2.101678524802e-17 
 2735       6.931618516478e-12       1.039162989707e-16       2.088691256984e-17 
 2736       6.908575412192e-12       1.037582097832e-16       2.075584094942e-17 
 2737       6.885345001243e-12       1.036004172085e-16       2.062361541365e-17 
 2738       6.861931272718e-12       1.034429208933e-16       2.049028112611e-17 
 2739       6.838338228134e-12       1.032857204804e-16       2.035588338727e-17 
 2740       6.814569881456e-12       1.031288156097e-16       2.022046763453e-17 
 2741       6.790630259100e-12       1.029722059173e-16       2.008407944242e-17 
 2742       6.766523399953e-12       1.028158910360e-16       1.994676452267e-17 
 2743       6.742253355379e-12       1.026598705952e-16       1.980856872438e-17 
 2744       6.717824189233e-12       1.025041442208e-16       1.966953803411e-17 
 2745       6.693239977872e-12       1.023487115354e-16       1.952971857604e-17 
 2746       6.668504810165e-12       1.021935721578e-16       1.938915661208e-17 
 2747       6.643622787509e-12       1.020387257038e-16       1.924789854198e-17 
 2748       6.618598023834e-12       1.018841717853e-16       1.910599090347e-17 
 2749       6.593434645622e-12       1.017299100111e-16       1.896348037242e-17 
 2750       6.568136932639e-12       1.015759399106e-16       1.882042028764e-17 
 2751       6.542709740951e-12       1.014222607057e-16       1.867689026326e-17 
 2752       6.517158082189e-12       1.012688715381e-16       1.853297668105e-17 
 2753       6.491486983036e-12       1.011157715445e-16       1.838876617545e-17 
 2754       6.465701485243e-12       1.009629598567e-16       1.824434563375e-17 
 2755       6.439806645641e-12       1.008104356021e-16       1.809980219638e-17 
 2756       6.413807536160e-12       1.006581979027e-16       1.795522325708e-17 
 2757       6.387709243835e-12       1.005062458762e-16       1.781069646314e-17 
 2758       6.361516870827e-12       1.003545786352e-16       1.766630971569e-17 
 2759       6.335235534433e-12       1.002031952875e-16       1.752215116983e-17 
 2760       6.308870367098e-12       1.000520949361e-16       1.737830923495e-17 
 2761       6.282426516435e-12       9.990127667906e-17       1.723487257492e-17 
 2762       6.255909145233e-12       9.975073960977e-17       1.709193010831e-17 
 2763       6.229323431473e-12       9.960048281663e-17       1.694957100864e-17 
 2764       6.202674568341e-12       9.945050538321e-17       1.680788470460e-17 
 2765       6.175967764245e-12       9.930080638823e-17       1.666696088028e-17 
 2766       6.149208242823e-12       9.915138490553e-17       1.652688947541e-17 
 2767       6.122401242963e-12       9.900224000407e-17       1.638776068558e-17 
 2768       6.095552018811e-12       9.885337074795e-17       1.624966496247e-17 
 2769       6.068665839790e-12       9.870477619635e-17       1.611269301408e-17 
 2770       6.041747990611e-12       9.855645540359e-17       1.597693580496e-17 
 2771       6.014803771286e-12       9.840840741909e-17       1.584248455644e-17 
 2772       5.987838497144e-12       9.826063128736e-17       1.570943074688e-17 
 2773       5.960857498845e-12       9.811312604800e-17       1.557786611186e-17 
 2774       5.933866122389e-12       9.796589073570e-17       1.544788264443e-17 
 2775       5.906869729137e-12       9.781892438026e-17       1.531957259535e-17 
 2776       5.879873695820e-12       9.767222600651e-17       1.519302847330e-17 
 2777       5.852883414554e-12       9.752579463440e-17       1.506834304514e-17 
 2778       5.825904292853e-12       9.737962927892e-17       1.494560933609e-17 
 2779       5.798941753645e-12       9.723372895011e-17       1.482492063002e-17 
 2780       5.772001235285e-12       9.708809265312e-17       1.470637046962e-17 
 2781       5.745088191565e-12       9.694271938808e-17       1.459005265669e-17 
 2782       5.718208091734e-12       9.679760815024e-17       1.447606125231e-17 
 2783       5.691366420507e-12       9.665275792983e-17       1.436449057711e-17 
 2784       5.664568678083e-12       9.650816771214e-17       1.425543521150e-17 
 2785       5.637820380154e-12       9.636383647752e-17       1.414898999586e-17 
 2786       5.611127057921e-12       9.621976320129e-17       1.404525003083e-17 
 2787       5.584494258110e-12       9.607594685383e-17       1.394431067749e-17 
 2788       5.557927542983e-12       9.593238640053e-17       1.384626755760e-17 
 2789       5.531432146270e-12       9.578908094787e-17       1.375117997754e-17 
 2790       5.505011938960e-12       9.564603018255e-17       1.365896098972e-17 
 2791       5.478670458111e-12       9.550323393468e-17       1.356948675432e-17 
 2792       5.452411250441e-12       9.536069203185e-17       1.348263306284e-17 
 2793       5.426237872340e-12       9.521840429920e-17       1.339827533778e-17 
 2794       5.400153889877e-12       9.507637055934e-17       1.331628863228e-17 
 2795       5.374162878810e-12       9.493459063241e-17       1.323654762980e-17 
 2796       5.348268424594e-12       9.479306433603e-17       1.315892664377e-17 
 2797       5.322474122388e-12       9.465179148534e-17       1.308329961731e-17 
 2798       5.296783577065e-12       9.451077189294e-17       1.300954012281e-17 
 2799       5.271200403221e-12       9.437000536895e-17       1.293752136168e-17 
 2800       5.245728225182e-12       9.422949172097e-17       1.286711616394e-17 
 2801       5.220370677012e-12       9.408923075409e-17       1.279819698796e-17 
 2802       5.195131402525e-12       9.394922227087e-17       1.273063592005e-17 
 2803       5.170014055290e-12       9.380946607135e-17       1.266430467420e-17 
 2804       5.145022298640e-12       9.366996195307e-17       1.259907459169e-17 
 2805       5.120159805681e-12       9.353070971102e-17       1.253481664078e-17 
 2806       5.095430259302e-12       9.339170913766e-17       1.247140141636e-17 
 2807       5.070837352180e-12       9.325296002292e-17       1.240869913966e-17 
 2808       5.046384786793e-12       9.311446215421e-17       1.234657965784e-17 
 2809       5.022076275425e-12       9.297621531639e-17       1.228491244373e-17 
 2810       4.997915540174e-12       9.283821929177e-17       1.222356659545e-17 
 2811       4.973906312964e-12       9.270047386013e-17       1.216241083609e-17 
 2812       4.950052335551e-12       9.256297879870e-17       1.210131351338e-17 
 2813       4.926357359532e-12       9.242573388215e-17       1.204014259936e-17 
 2814       4.902825146353e-12       9.228873888261e-17       1.197876569002e-17 
 2815       4.879459467318e-12       9.215199356964e-17       1.191705000499e-17 
 2816       4.856264103599e-12       9.201549771025e-17       1.185486238720e-17 
 2817       4.833242846241e-12       9.187925106888e-17       1.179206930254e-17 
 2818       4.810399496173e-12       9.174325340743e-17       1.172853683954e-17 
 2819       4.787737864217e-12       9.160750448519e-17       1.166413070901e-17 
 2820       4.765261771094e-12       9.147200405891e-17       1.159871624373e-17 
 2821       4.742975047434e-12       9.133675188277e-17       1.153215839811e-17 
 2822       4.720881533787e-12       9.120174770834e-17       1.146432174785e-17 
 2823       4.698985080625e-12       9.106699128464e-17       1.139507048961e-17 
 2824       4.677289548356e-12       9.093248235810e-17       1.132426844067e-17 
 2825       4.655798807333e-12       9.079822067255e-17       1.125177903860e-17 
 2826       4.634516737858e-12       9.066420596926e-17       1.117746534094e-17 
 2827       4.613447230193e-12       9.053043798688e-17       1.110119002482e-17 
 2828       4.592593622355e-12       9.039691639603e-17       1.102285913665e-17 
 2829       4.571957010310e-12       9.026364060260e-17       1.094255358912e-17 
 2830       4.551537929043e-12       9.013060994338e-17       1.086039834451e-17 
 2831       4.531336913978e-12       8.999782375149e-17       1.077651872684e-17 
 2832       4.511354500981e-12       8.986528135630e-17       1.069104042226e-17 
 2833       4.491591226356e-12       8.973298208346e-17       1.060408947933e-17 
 2834       4.472047626847e-12       8.960092525489e-17       1.051579230935e-17 
 2835       4.452724239637e-12       8.946911018879e-17       1.042627568669e-17 
 2836       4.433621602351e-12       8.933753619963e-17       1.033566674910e-17 
 2837       4.414740253051e-12       8.920620259811e-17       1.024409299803e-17 
 2838       4.396080730240e-12       8.907510869122e-17       1.015168229899e-17 
 2839       4.377643572863e-12       8.894425378218e-17       1.005856288181e-17 
 2840       4.359429320303e-12       8.881363717047e-17       9.964863341003e-18 
 2841       4.341438512383e-12       8.868325815181e-17       9.870712636090e-18 
 2842       4.323671689366e-12       8.855311601816e-17       9.776240091898e-18 
 2843       4.306129391956e-12       8.842321005772e-17       9.681575398896e-18 
 2844       4.288812161298e-12       8.829353955493e-17       9.586848613516e-18 
 2845       4.271720538975e-12       8.816410379044e-17       9.492190158472e-18 
 2846       4.254855067013e-12       8.803490204115e-17       9.397730823085e-18 
 2847       4.238216287876e-12       8.790593358015e-17       9.303601763603e-18 
 2848       4.221804744471e-12       8.777719767676e-17       9.209934503522e-18 
 2849       4.205620980143e-12       8.764869359654e-17       9.116860933912e-18 
 2850       4.189665538679e-12       8.752042060122e-17       9.024513313734e-18 
 2851       4.173938964307e-12       8.739237794876e-17       8.933024270165e-18 
 2852       4.158441801695e-12       8.726456489330e-17       8.842526798919e-18 
 2853       4.143174595952e-12       8.713698068520e-17       8.753154264569e-18 
 2854       4.128137892627e-12       8.700962457099e-17       8.665040400870e-18 
 2855       4.113332237712e-12       8.688249579342e-17       8.578319311077e-18 
 2856       4.098758177637e-12       8.675559359141e-17       8.493125468275e-18 
 2857       4.084416259276e-12       8.662891720004e-17       8.409593715689e-18 
 2858       4.070307029943e-12       8.650246585060e-17       8.327859267019e-18 
 2859       4.056431037391e-12       8.637623877053e-17       8.248057706752e-18 
 2860       4.042788829818e-12       8.625023518347e-17       8.170324990489e-18 
 2861       4.029380955860e-12       8.612445430919e-17       8.094797445265e-18 
 2862       4.016207964596e-12       8.599889536365e-17       8.021611769870e-18 
 2863       4.003270405545e-12       8.587355755894e-17       7.950905035177e-18 
 2864       3.990568828670e-12       8.574844010334e-17       7.882814684453e-18 
 2865       3.978103784372e-12       8.562354220124e-17       7.817478533693e-18 
 2866       3.965875823496e-12       8.549886305321e-17       7.755034771932e-18 
 2867       3.953885047786e-12       8.537440194670e-17       7.695588107918e-18 
 2868       3.942129758744e-12       8.525015852890e-17       7.639108020532e-18 
 2869       3.930607801873e-12       8.512613253525e-17       7.585529989235e-18 
 2870       3.919317015580e-12       8.500232369888e-17       7.534789300340e-18 
 2871       3.908255231171e-12       8.487873175054e-17       7.486821046843e-18 
 2872       3.897420272847e-12       8.475535641865e-17       7.441560128251e-18 
 2873       3.886809957694e-12       8.463219742926e-17       7.398941250407e-18 
 2874       3.876422095681e-12       8.450925450606e-17       7.358898925321e-18 
 2875       3.866254489646e-12       8.438652737039e-17       7.321367470997e-18 
 2876       3.856304935299e-12       8.426401574122e-17       7.286281011259e-18 
 2877       3.846571221208e-12       8.414171933514e-17       7.253573475581e-18 
 2878       3.837051128795e-12       8.401963786640e-17       7.223178598915e-18 
 2879       3.827742432332e-12       8.389777104685e-17       7.195029921516e-18 
 2880       3.818642898930e-12       8.377611858598e-17       7.169060788775e-18 
 2881       3.809750288535e-12       8.365468019090e-17       7.145204351041e-18 
 2882       3.801062353922e-12       8.353345556634e-17       7.123393563453e-18 
 2883       3.792576840687e-12       8.341244441464e-17       7.103561185767e-18 
 2884       3.784291487241e-12       8.329164643577e-17       7.085639782182e-18 
 2885       3.776204024804e-12       8.317106132731e-17       7.069561721170e-18 
 2886       3.768312177399e-12       8.305068878443e-17       7.055259175305e-18 
 2887       3.760613661844e-12       8.293052849994e-17       7.042664121087e-18 
 2888       3.753106187745e-12       8.281058016422e-17       7.031708338771e-18 
 2889       3.745787457491e-12       8.269084346528e-17       7.022323412199e-18 
 2890       3.738655166250e-12       8.257131808870e-17       7.014440728622e-18 
 2891       3.731707001955e-12       8.245200371770e-17       7.007991478532e-18 
 2892       3.724940645306e-12       8.233290003304e-17       7.002906655488e-18 
 2893       3.718353769758e-12       8.221400671312e-17       6.999117055943e-18 
 2894       3.711944041516e-12       8.209532343390e-17       6.996553279076e-18 
 2895       3.705709119529e-12       8.197684986894e-17       6.995145726615e-18 
 2896       3.699646655484e-12       8.185858568937e-17       6.994824602667e-18 
 2897       3.693754293796e-12       8.174053056391e-17       6.995519913547e-18 
 2898       3.688029671606e-12       8.162268415885e-17       6.997161467603e-18 
 2899       3.682470418774e-12       8.150504613808e-17       6.999678875048e-18 
 2900       3.677074157868e-12       8.138761616304e-17       7.003001547782e-18 
 2901       3.671838504163e-12       8.127039389274e-17       7.007058699227e-18 
 2902       3.666761065631e-12       8.115337898377e-17       7.011779344148e-18 
 2903       3.661839442935e-12       8.103657109027e-17       7.017092298485e-18 
 2904       3.657071229425e-12       8.091996986396e-17       7.022926179183e-18 
 2905       3.652454011129e-12       8.080357495411e-17       7.029209404011e-18 
 2906       3.647985251050e-12       8.068738600327e-17       7.035872778670e-18 
 2907       3.643661941443e-12       8.057140263441e-17       7.042857272662e-18 
 2908       3.639480949772e-12       8.045562446368e-17       7.050106282263e-18 
 2909       3.635439134243e-12       8.034005110475e-17       7.057563046677e-18 
 2910       3.631533343790e-12       8.022468216873e-17       7.065170647902e-18 
 2911       3.627760418074e-12       8.010951726424e-17       7.072872010591e-18 
 2912       3.624117187466e-12       7.999455599733e-17       7.080609901920e-18 
 2913       3.620600473048e-12       7.987979797154e-17       7.088326931452e-18 
 2914       3.617207086598e-12       7.976524278789e-17       7.095965551002e-18 
 2915       3.613933830586e-12       7.965089004482e-17       7.103468054497e-18 
 2916       3.610777498162e-12       7.953673933828e-17       7.110776577850e-18 
 2917       3.607734873153e-12       7.942279026163e-17       7.117833098815e-18 
 2918       3.604802730049e-12       7.930904240572e-17       7.124579436857e-18 
 2919       3.601977834001e-12       7.919549535884e-17       7.130957253015e-18 
 2920       3.599256940806e-12       7.908214870673e-17       7.136908049767e-18 
 2921       3.596636796907e-12       7.896900203256e-17       7.142373170896e-18 
 2922       3.594114139376e-12       7.885605491697e-17       7.147293801351e-18 
 2923       3.591685695912e-12       7.874330693803e-17       7.151610967115e-18 
 2924       3.589348184833e-12       7.863075767124e-17       7.155265535069e-18 
 2925       3.587098315062e-12       7.851840668955e-17       7.158198212855e-18 
 2926       3.584932786126e-12       7.840625356334e-17       7.160349548741e-18 
 2927       3.582848288144e-12       7.829429786040e-17       7.161659931490e-18 
 2928       3.580841501818e-12       7.818253914599e-17       7.162069590216e-18 
 2929       3.578909098427e-12       7.807097698275e-17       7.161518594256e-18 
 2930       3.577047739821e-12       7.795961093077e-17       7.159946853034e-18 
 2931       3.575254078405e-12       7.784844054755e-17       7.157294115921e-18 
 2932       3.573524757140e-12       7.773746538801e-17       7.153499972104e-18 
 2933       3.571856409529e-12       7.762668500448e-17       7.148503850448e-18 
 2934       3.570245659611e-12       7.751609894670e-17       7.142245019362e-18 
 2935       3.568689121952e-12       7.740570676184e-17       7.134662586664e-18 
 2936       3.567183401638e-12       7.729550799445e-17       7.125695499445e-18 
 2937       3.565725094266e-12       7.718550218649e-17       7.115282543933e-18 
 2938       3.564310785936e-12       7.707568887733e-17       7.103362345359e-18 
 2939       3.562937053242e-12       7.696606760372e-17       7.089873367819e-18 
 2940       3.561600463267e-12       7.685663789984e-17       7.074753914142e-18 
 2941       3.560297573569e-12       7.674739929722e-17       7.057942125754e-18 
 2942       3.559024932181e-12       7.663835132481e-17       7.039375982539e-18 
 2943       3.557779077594e-12       7.652949350894e-17       7.018993302709e-18 
 2944       3.556556538755e-12       7.642082537332e-17       6.996731742664e-18 
 2945       3.555353986256e-12       7.631234644562e-17       6.972565850564e-18 
 2946       3.554168686737e-12       7.620405627724e-17       6.946618428613e-18 
 2947       3.552998050724e-12       7.609595442362e-17       6.919049724338e-18 
 2948       3.551839481635e-12       7.598804043769e-17       6.890020427562e-18 
 2949       3.550690375769e-12       7.588031386985e-17       6.859691670784e-18 
 2950       3.549548122301e-12       7.577277426799e-17       6.828225029553e-18 
 2951       3.548410103278e-12       7.566542117747e-17       6.795782522848e-18 
 2952       3.547273693611e-12       7.555825414110e-17       6.762526613454e-18 
 2953       3.546136261070e-12       7.545127269919e-17       6.728620208336e-18 
 2954       3.544995166277e-12       7.534447638949e-17       6.694226659024e-18 
 2955       3.543847762701e-12       7.523786474724e-17       6.659509761981e-18 
 2956       3.542691396650e-12       7.513143730510e-17       6.624633758986e-18 
 2957       3.541523407269e-12       7.502519359324e-17       6.589763337509e-18 
 2958       3.540341126528e-12       7.491913313924e-17       6.555063631089e-18 
 2959       3.539141879221e-12       7.481325546816e-17       6.520700219711e-18 
 2960       3.537922982959e-12       7.470756010249e-17       6.486839130182e-18 
 2961       3.536681748162e-12       7.460204656219e-17       6.453646836510e-18 
 2962       3.535415478053e-12       7.449671436466e-17       6.421290260278e-18 
 2963       3.534121468655e-12       7.439156302472e-17       6.389936771026e-18 
 2964       3.532797008781e-12       7.428659205465e-17       6.359754186623e-18 
 2965       3.531439380033e-12       7.418180096417e-17       6.330910773648e-18 
 2966       3.530045856789e-12       7.407718926043e-17       6.303575247764e-18 
 2967       3.528613706203e-12       7.397275644800e-17       6.277916774099e-18 
 2968       3.527140188196e-12       7.386850202891e-17       6.254104967619e-18 
 2969       3.525622555452e-12       7.376442550257e-17       6.232309893507e-18 
 2970       3.524058053409e-12       7.366052636586e-17       6.212702067541e-18 
 2971       3.522443920255e-12       7.355680411306e-17       6.195452456470e-18 
 2972       3.520777386921e-12       7.345325823588e-17       6.180732478392e-18 
 2973       3.519055677077e-12       7.334988822342e-17       6.168714003127e-18 
 2974       3.517276007123e-12       7.324669356222e-17       6.159569352603e-18 
 2975       3.515435586184e-12       7.314367373623e-17       6.153471301223e-18 
 2976       3.513531616107e-12       7.304082822680e-17       6.150593076250e-18 
 2977       3.511561291448e-12       7.293815651269e-17       6.151108358179e-18 
 2978       3.509521799473e-12       7.283565807006e-17       6.155191281118e-18 
 2979       3.507410320150e-12       7.273333237248e-17       6.163016433161e-18 
 2980       3.505224026139e-12       7.263117889090e-17       6.174758856769e-18 
 2981       3.502960082790e-12       7.252919709370e-17       6.190594049145e-18 
 2982       3.500615648138e-12       7.242738644661e-17       6.210697962611e-18 
 2983       3.498187872893e-12       7.232574641277e-17       6.235247004987e-18 
 2984       3.495674773241e-12       7.222427682630e-17       6.264363683329e-18 
 2985       3.493077853936e-12       7.212297901496e-17       6.297953242940e-18 
 2986       3.490399498071e-12       7.202185468299e-17       6.335866227279e-18 
 2987       3.487642095447e-12       7.192090553800e-17       6.377952761416e-18 
 2988       3.484808042581e-12       7.182013329105e-17       6.424062551677e-18 
 2989       3.481899742708e-12       7.171953965655e-17       6.474044885286e-18 
 2990       3.478919605793e-12       7.161912635234e-17       6.527748630013e-18 
 2991       3.475870048528e-12       7.151889509967e-17       6.585022233820e-18 
 2992       3.472753494346e-12       7.141884762318e-17       6.645713724501e-18 
 2993       3.469572373421e-12       7.131898565093e-17       6.709670709329e-18 
 2994       3.466329122677e-12       7.121931091441e-17       6.776740374704e-18 
 2995       3.463026185791e-12       7.111982514849e-17       6.846769485793e-18 
 2996       3.459666013203e-12       7.102053009149e-17       6.919604386178e-18 
 2997       3.456251062117e-12       7.092142748514e-17       6.995090997499e-18 
 2998       3.452783796508e-12       7.082251907459e-17       7.073074819100e-18 
 2999       3.449266687129e-12       7.072380660843e-17       7.153400927674e-18 
 3000       3.445702211517e-12       7.062529183865e-17       7.235913976906e-18 
