    2       1.419069590570e-10       4.349985499581e-15       3.543121405155e-13       2.164046226863e-19       8.121370134285e-09       4.765587707001e-10      -1.870910382965e-12 
    3       1.334494866675e-10       5.438369154356e-15       3.971559215529e-13       4.328908372243e-19       4.979359349347e-09       3.356408830147e-10      -1.396369958175e-12 
    4       1.257269663213e-10       4.573412704239e-15       3.693012129426e-13       7.216648232425e-19       3.446837415887e-09       2.530008922184e-10      -8.936513730269e-13 
    5       1.200103675757e-10       2.962065505821e-15       3.122539144121e-13       1.082831995731e-18       2.563893909803e-09       1.991740174365e-10      -4.777745574054e-13 
    6       1.160846148955e-10       1.618656330352e-15       2.495136953671e-13       1.516521270969e-18       1.997004970555e-09       1.616399138712e-10      -1.786321158511e-13 
    7       1.135477796774e-10       8.767018875063e-16       1.945100002341e-13       2.022883252598e-18       1.607130770359e-09       1.341954009880e-10       5.189820628274e-15 
    8       1.120167242031e-10       5.811350683907e-16       1.528984402225e-13       2.602088139948e-18       1.325396100550e-09       1.134318880806e-10       9.225887236890e-14 
    9       1.112673965701e-10       4.709360421191e-16       1.256264888072e-13       3.254323401734e-18       1.113980564028e-09       9.733629450066e-11       1.093310425707e-13 
   10       1.110867848836e-10       3.967029093431e-16       1.110062470508e-13       3.979791262699e-18       9.505942138860e-10       8.459633321986e-11       8.477673753900e-14 
   11       1.113065912596e-10       3.313354386442e-16       1.061499354213e-13       4.778706054278e-18       8.138583224719e-10       7.506268949262e-11       4.397259219733e-14 
   12       1.119060571184e-10       2.920480006112e-16       1.078649241428e-13       5.651291482492e-18       7.110318066857e-10       6.635766560283e-11       4.287636296807e-15 
   13       1.127438341194e-10       2.843625774331e-16       1.133702432851e-13       6.597777867327e-18       6.266126693888e-10       5.925397470760e-11      -2.331091025759e-14 
   14       1.137521225094e-10       2.972921696946e-16       1.207095546818e-13       7.618399407477e-18       5.563742377283e-10       5.304860060188e-11      -3.600921072688e-14 
   15       1.149844246031e-10       3.211277260543e-16       1.287090140909e-13       8.713391522789e-18       4.972548645211e-10       4.783178770608e-11      -3.542816170441e-14 
   16       1.163345903134e-10       3.565370165007e-16       1.368232143888e-13       9.882988323896e-18       4.469893062802e-10       4.337219849330e-11      -2.654104147691e-14 
   17       1.178151947303e-10       4.095920904199e-16       1.450028016254e-13       1.112742025453e-17       4.038700138791e-10       3.951665420743e-11      -1.496262034664e-14 
   18       1.193923481682e-10       4.837886549567e-16       1.534650209600e-13       1.244691188957e-17       3.664498119435e-10       3.610288613576e-11      -5.507468277933e-15 
   19       1.210667588796e-10       5.785577704210e-16       1.624248371098e-13       1.384168032485e-17       3.341226730896e-10       3.309675350145e-11      -1.743398347841e-16 
   20       1.228047205518e-10       6.915636894279e-16       1.720301769612e-13       1.531193290085e-17       3.056551590532e-10       3.044191499458e-11       2.473962305102e-16 
   21       1.246133644083e-10       8.224949871135e-16       1.821535972777e-13       1.685786685212e-17       2.805983394961e-10       2.811059425986e-11      -3.053804750989e-15 
   22       1.264830014265e-10       9.713760743745e-16       1.924976960724e-13       1.847966700321e-17       2.583477870217e-10       2.604418193874e-11      -7.835852072293e-15 
   23       1.284213452225e-10       1.138090579914e-15       2.027125953318e-13       2.017750688611e-17       2.386047944235e-10       2.420661459911e-11      -1.235849568356e-14 
   24       1.304185834632e-10       1.322439752465e-15       2.123922473050e-13       2.195154603761e-17       2.209178155420e-10       2.254450765276e-11      -1.504386352063e-14 
   25       1.324668949577e-10       1.525152397930e-15       2.212500210109e-13       2.380193176659e-17       2.050462980086e-10       2.102847143930e-11      -1.559684418025e-14 
   26       1.345469333504e-10       1.747374052695e-15       2.290569192086e-13       2.572879728426e-17       1.906790132068e-10       1.962669687938e-11      -1.428238533847e-14 
   27       1.366711978828e-10       1.990756075245e-15       2.357863663632e-13       2.773226747495e-17       1.777410106247e-10       1.834567613848e-11      -1.175805549378e-14 
   28       1.388474541697e-10       2.257282604687e-15       2.415090069425e-13       2.981245271119e-17       1.660750465815e-10       1.719325504773e-11      -9.019259008392e-15 
   29       1.410686354118e-10       2.548957302993e-15       2.463251277691e-13       3.196944901989e-17       1.553973110543e-10       1.616367351464e-11      -7.125310681618e-15 
   30       1.433353734205e-10       2.866928118631e-15       2.502776113203e-13       3.420334941736e-17       1.456485914802e-10       1.524219577121e-11      -6.277801184615e-15 
   31       1.456385107106e-10       3.212007593949e-15       2.534082326228e-13       3.651423547956e-17       1.367562114185e-10       1.439933301415e-11      -6.378741703601e-15 
   32       1.479599249208e-10       3.584925100219e-15       2.557400291497e-13       3.890217688505e-17       1.285791239586e-10       1.359991913353e-11      -7.229655687497e-15 
   33       1.503029466179e-10       3.986473381478e-15       2.571328349008e-13       4.136724289481e-17       1.210725537351e-10       1.284510934326e-11      -8.431600733112e-15 
   34       1.526708325460e-10       4.417401303586e-15       2.573713279495e-13       4.390949415002e-17       1.141697954483e-10       1.214462580961e-11      -9.432999535005e-15 
   35       1.550617598295e-10       4.878419637257e-15       2.562423826055e-13       4.652898295550e-17       1.077678482900e-10       1.150437681568e-11      -9.705652265761e-15 
   36       1.574826972064e-10       5.370378473560e-15       2.536833522292e-13       4.922576618516e-17       1.018499369709e-10       1.092268811135e-11      -9.297506017057e-15 
   37       1.599388972748e-10       5.894144103248e-15       2.496843426049e-13       5.199989645335e-17       9.639737388584e-11       1.039203839054e-11      -8.471216686200e-15 
   38       1.624293025573e-10       6.450548799684e-15       2.442501619041e-13       5.485141855844e-17       9.135252257992e-11       9.899459585706e-12      -7.564477919995e-15 
   39       1.649489537713e-10       7.040389314697e-15       2.373962157562e-13       5.778037233265e-17       8.663954573167e-11       9.430644016348e-12      -6.911199540531e-15 
   40       1.674989554133e-10       7.664427893605e-15       2.291321721892e-13       6.078680262417e-17       8.224389621003e-11       8.985090169708e-12      -6.559857939592e-15 
   41       1.700787017570e-10       8.323387376889e-15       2.194743348475e-13       6.387075253753e-17       7.815391813851e-11       8.565337053869e-12      -6.467952910549e-15 
   42       1.726825648807e-10       9.017947789252e-15       2.084507952295e-13       6.703226088505e-17       7.433713137028e-11       8.172716041143e-12      -6.576709631928e-15 
   43       1.753031754884e-10       9.748743339958e-15       1.960820139571e-13       7.027136238019e-17       7.075221611341e-11       7.807388472005e-12      -6.819625751318e-15 
   44       1.779436390235e-10       1.051635816423e-14       1.823139656892e-13       7.358808800843e-17       6.739357585820e-11       7.468758089315e-12      -7.154003665415e-15 
   45       1.806083094670e-10       1.132132508576e-14       1.670651186072e-13       7.698246497203e-17       6.425772109046e-11       7.154983980059e-12      -7.537324475100e-15 
   46       1.832991138492e-10       1.216412359718e-14       1.502439458607e-13       8.045451674489e-17       6.132989104090e-11       6.862726366198e-12      -7.917900622961e-15 
   47       1.860153051417e-10       1.304517735741e-14       1.317482361653e-13       8.400426319582e-17       5.858317539800e-11       6.587036214107e-12      -8.234347717047e-15 
   48       1.887549435654e-10       1.396483160798e-14       1.114837221222e-13       8.763171816621e-17       5.598678262240e-11       6.322777729457e-12      -8.433984296599e-15 
   49       1.915204108680e-10       1.492328373323e-14       8.942778322017e-14       9.133688110840e-17       5.353565033152e-11       6.069627584805e-12      -8.535396795745e-15 
   50       1.943140258952e-10       1.592062882614e-14       6.558251545971e-14       9.511974330190e-17       5.122767272388e-11       5.828295249664e-12      -8.582603410882e-15 
   51       1.971362968780e-10       1.695687462011e-14       3.995727035710e-14       9.898029018648e-17       4.905488123735e-11       5.599081752965e-12      -8.628092736706e-15 
   52       1.999857625093e-10       1.803193796182e-14       1.256895114041e-14       1.029185013555e-16       4.700303292540e-11       5.381847500933e-12      -8.733261301279e-15 
   53       2.028603053385e-10       1.914573083678e-14      -1.656679211578e-14       1.069343483000e-16       4.505607210863e-11       5.176186478510e-12      -8.951474820043e-15 
   54       2.057618542731e-10       2.029845253503e-14      -4.746531696802e-14       1.110277869767e-16       4.321180975469e-11       4.982075522351e-12      -9.271131217937e-15 
   55       2.086926143115e-10       2.149036646644e-14      -8.015036905074e-14       1.151987633169e-16       4.146955853744e-11       4.799335914895e-12      -9.658719231237e-15 
   56       2.116536050668e-10       2.272171740668e-14      -1.146457342079e-13       1.194472152098e-16       3.982540984579e-11       4.627418615540e-12      -1.007462866928e-14 
   57       2.146445635762e-10       2.399273172490e-14      -1.509753238931e-13       1.237730724019e-16       3.827202649012e-11       4.465380731917e-12      -1.047285938429e-14 
   58       2.176638471102e-10       2.530361761141e-14      -1.891632605694e-13       1.281762563950e-16       3.679843540866e-11       4.311861991165e-12      -1.080073024122e-14 
   59       2.207094406608e-10       2.665443456853e-14      -2.292268506579e-13       1.326566838308e-16       3.539304175051e-11       4.165442236377e-12      -1.101139537515e-14 
   60       2.237824733607e-10       2.804466597380e-14      -2.711534037819e-13       1.372142777868e-16       3.405395930560e-11       4.025864302237e-12      -1.110544818661e-14 
   61       2.268843483618e-10       2.947354747917e-14      -3.149181716263e-13       1.418489589297e-16       3.278071700975e-11       3.893054048549e-12      -1.109848184885e-14 
   62       2.300156514338e-10       3.094018490191e-14      -3.604908345442e-13       1.465606422780e-16       3.157115241210e-11       3.766753908845e-12      -1.100927171884e-14 
   63       2.331760912205e-10       3.244355002048e-14      -4.078353458569e-13       1.513492372195e-16       3.042131358071e-11       3.646512277779e-12      -1.085991845247e-14 
   64       2.363644394956e-10       3.398247637051e-14      -4.569097761539e-13       1.562146475280e-16       2.932536100817e-11       3.531672898499e-12      -1.067599111966e-14 
   65       2.395793656449e-10       3.555580976861e-14      -5.076748887458e-13       1.611567839328e-16       2.827717471832e-11       3.421555261214e-12      -1.048174518682e-14 
   66       2.428222797170e-10       3.716290637910e-14      -5.601223266313e-13       1.661756048806e-16       2.727579151700e-11       3.316064042231e-12      -1.028427789312e-14 
   67       2.460949864632e-10       3.880323292567e-14      -6.142521343516e-13       1.712710844622e-16       2.632094730655e-11       3.215190143889e-12      -1.008626317381e-14 
   68       2.493988101587e-10       4.047622139281e-14      -6.700646404565e-13       1.764432009838e-16       2.541142403881e-11       3.118825901119e-12      -9.890585945391e-15 
   69       2.527345598731e-10       4.218126914975e-14      -7.275605460317e-13       1.816919373350e-16       2.454499931865e-11       3.026759811792e-12      -9.700347454891e-15 
   70       2.561024947388e-10       4.391773907446e-14      -7.867410132269e-13       1.870172813572e-16       2.371839600750e-11       2.938671267075e-12      -9.518870629040e-15 
   71       2.595022892209e-10       4.568495967766e-14      -8.476077537843e-13       1.924192262116e-16       2.292723182690e-11       2.854125281781e-12      -9.349705423510e-15 
   72       2.629334719330e-10       4.748215881280e-14      -9.101566090387e-13       1.978977848198e-16       2.216714403893e-11       2.772688331439e-12      -9.195838173018e-15 
   73       2.663969167788e-10       4.930824979969e-14      -9.743566665228e-13       2.034530355756e-16       2.143752540849e-11       2.694313315399e-12      -9.057132054515e-15 
   74       2.698935766040e-10       5.116200428022e-14      -1.040167276116e-12       2.090850861140e-16       2.073841762336e-11       2.619019308339e-12      -8.932402700461e-15 
   75       2.734240114982e-10       5.304211362619e-14      -1.107544144349e-12       2.147940606937e-16       2.006937658966e-11       2.546774538794e-12      -8.820158060164e-15 
   76       2.769883648761e-10       5.494718754695e-14      -1.176439274334e-12       2.205801008871e-16       1.942944886369e-11       2.477493884497e-12      -8.718585575508e-15 
   77       2.805863395586e-10       5.687575269711e-14      -1.246800905697e-12       2.264433662698e-16       1.881714808366e-11       2.411036367732e-12      -8.625539356673e-15 
   78       2.842171738530e-10       5.882625128421e-14      -1.318573454510e-12       2.323840351095e-16       1.823043140150e-11       2.347202650672e-12      -8.538527357859e-15 
   79       2.878796176349e-10       6.079703967642e-14      -1.391697453222e-12       2.384023050563e-16       1.766667591462e-11       2.285732530729e-12      -8.454698553016e-15 
   80       2.915724530927e-10       6.278645506600e-14      -1.466114093800e-12       2.444983905323e-16       1.712332859812e-11       2.226371626909e-12      -8.371481010792e-15 
   81       2.952962137342e-10       6.479303185569e-14      -1.541779897941e-12       2.506725128646e-16       1.660003793787e-11       2.169090286391e-12      -8.288651947805e-15 
   82       2.990517216463e-10       6.681532048553e-14      -1.618654496854e-12       2.569249096890e-16       1.609685119872e-11       2.113898300286e-12      -8.206605445562e-15 
   83       3.028395557272e-10       6.885182258481e-14      -1.696696279116e-12       2.632558387168e-16       1.561356287951e-11       2.060777884773e-12      -8.125732722916e-15 
   84       3.066600378532e-10       7.090099084007e-14      -1.775862415856e-12       2.696655783624e-16       1.514970361701e-11       2.009682457758e-12      -8.046421365484e-15 
   85       3.105132190466e-10       7.296122886305e-14      -1.856108885926e-12       2.761544283719e-16       1.470452909001e-11       1.960535415532e-12      -7.969054555053e-15 
   86       3.143988656429e-10       7.503089105868e-14      -1.937390501079e-12       2.827227104518e-16       1.427700892326e-11       1.913228909437e-12      -7.894010299004e-15 
   87       3.183164454581e-10       7.710828249305e-14      -2.019660931145e-12       2.893707688970e-16       1.386581559152e-11       1.867622622521e-12      -7.821660659717e-15 
   88       3.222651139556e-10       7.919165876140e-14      -2.102872729208e-12       2.960989712194e-16       1.346931332354e-11       1.823542546201e-12      -7.752370983990e-15 
   89       3.262440424762e-10       8.127924475446e-14      -2.186976203096e-12       3.029076924575e-16       1.308594675241e-11       1.780823357952e-12      -7.686394361307e-15 
   90       3.302534920839e-10       8.336929461913e-14      -2.271915772097e-12       3.097972639149e-16       1.271550092291e-11       1.739445839448e-12      -7.623537704561e-15 
   91       3.342938834696e-10       8.546004100420e-14      -2.357633082460e-12       3.167680175009e-16       1.235801941446e-11       1.699418861246e-12      -7.563441624868e-15 
   92       3.383654612983e-10       8.754967714827e-14      -2.444068117979e-12       3.238203017119e-16       1.201341715421e-11       1.660737138554e-12      -7.505678232184e-15 
   93       3.424682855011e-10       8.963635703085e-14      -2.531159207892e-12       3.309544820157e-16       1.168147530976e-11       1.623380661089e-12      -7.449748795111e-15 
   94       3.466022225670e-10       9.171819552347e-14      -2.618843034768e-12       3.381709412346e-16       1.136183618189e-11       1.587314122941e-12      -7.395081400707e-15 
   95       3.507669368346e-10       9.379326854074e-14      -2.707054642405e-12       3.454700799303e-16       1.105399809723e-11       1.552486352425e-12      -7.341028614295e-15 
   96       3.549618817841e-10       9.585961319152e-14      -2.795727443716e-12       3.528523167873e-16       1.075731030104e-11       1.518829741947e-12      -7.286865139273e-15 
   97       3.591862913293e-10       9.791522792993e-14      -2.884793228629e-12       3.603180889967e-16       1.047096784988e-11       1.486259677858e-12      -7.231785476919e-15 
   98       3.634391711091e-10       9.995807270652e-14      -2.974182171972e-12       3.678678526405e-16       1.019400650433e-11       1.454673970318e-12      -7.174901586203e-15 
   99       3.677195439650e-10       1.019861171968e-13      -3.063823933378e-12       3.755020869811e-16       9.925523183219e-12       1.423976956048e-12      -7.115463156277e-15 
  100       3.720272448691e-10       1.039974929549e-13      -3.153651117674e-12       3.832213071940e-16       9.665383995133e-12       1.394156934410e-12      -7.053559082146e-15 
  101       3.763622229375e-10       1.059903631921e-13      -3.243596321568e-12       3.910260541601e-16       9.413607472215e-12       1.365218691359e-12      -6.989511461838e-15 
  102       3.807242917337e-10       1.079628773466e-13      -3.333591106230e-12       3.989168911467e-16       9.170145612353e-12       1.337159537397e-12      -6.923662201397e-15 
  103       3.851131236416e-10       1.099131718174e-13      -3.423566018420e-12       4.068944042389e-16       8.934881505973e-12       1.309969036507e-12      -6.856373373031e-15 
  104       3.895282442384e-10       1.118393706982e-13      -3.513450611618e-12       4.149592027709e-16       8.707626962837e-12       1.283628735070e-12      -6.788027573252e-15 
  105       3.939690266675e-10       1.137395865113e-13      -3.603173467152e-12       4.231119197568e-16       8.488120138838e-12       1.258111890794e-12      -6.719028281022e-15 
  106       3.984346860114e-10       1.156119209412e-13      -3.692662215329e-12       4.313532123223e-16       8.276023162791e-12       1.233383201635e-12      -6.649800215898e-15 
  107       4.029242736643e-10       1.174544655687e-13      -3.781843556562e-12       4.396837621361e-16       8.070919763231e-12       1.209398534727e-12      -6.580789696175e-15 
  108       4.074366717055e-10       1.192653026047e-13      -3.870643282499e-12       4.481042758407e-16       7.872312895205e-12       1.186104655303e-12      -6.512464997030e-15 
  109       4.119705872719e-10       1.210425056240e-13      -3.958986297152e-12       4.566154854839e-16       7.679622367067e-12       1.163438955618e-12      -6.445316708667e-15 
  110       4.165247757514e-10       1.227841873167e-13      -4.046797418384e-12       4.652181364093e-16       7.492315309682e-12       1.141343965197e-12      -6.379761222965e-15 
  111       4.210987549005e-10       1.244886481125e-13      -4.134003853608e-12       4.739129482408e-16       7.310321652972e-12       1.119813573713e-12      -6.315836386728e-15 
  112       4.256921720125e-10       1.261542480390e-13      -4.220533081938e-12       4.827006496888e-16       7.133667627432e-12       1.098852243856e-12      -6.253467387699e-15 
  113       4.303045799275e-10       1.277793625866e-13      -4.306312130627e-12       4.915819909488e-16       6.962346619446e-12       1.078460634446e-12      -6.192559557149e-15 
  114       4.349354336538e-10       1.293623839048e-13      -4.391267603857e-12       5.005577440103e-16       6.796318103654e-12       1.058635474631e-12      -6.132997775972e-15 
  115       4.395840869897e-10       1.309017219978e-13      -4.475325711549e-12       5.096287029640e-16       6.635506575329e-12       1.039369438082e-12      -6.074645880766e-15 
  116       4.442497891455e-10       1.323958059205e-13      -4.558412298149e-12       5.187956843099e-16       6.479800482744e-12       1.020651017190e-12      -6.017346069933e-15 
  117       4.489316813648e-10       1.338430849746e-13      -4.640452871436e-12       5.280595272659e-16       6.329051159544e-12       1.002464397260e-12      -5.960918309761e-15 
  118       4.536287935466e-10       1.352420299045e-13      -4.721372631316e-12       5.374210940752e-16       6.183071757119e-12       9.847893307065e-13      -5.905159740521e-15 
  119       4.583400408669e-10       1.365911340931e-13      -4.801096498620e-12       5.468812703145e-16       6.041636176969e-12       9.676010112506e-13      -5.849844082551e-15 
  120       4.630642204003e-10       1.378889147578e-13      -4.879549143902e-12       5.564409652023e-16       5.904478003083e-12       9.508699481149e-13      -5.794721042350e-15 
  121       4.678000077421e-10       1.391339141467e-13      -4.956655016241e-12       5.661011119064e-16       5.771289434302e-12       9.345618402189e-13      -5.739515718667e-15 
  122       4.725459536295e-10       1.403247007341e-13      -5.032338372035e-12       5.758626678523e-16       5.641720216696e-12       9.186374503751e-13      -5.683928008593e-15 
  123       4.773006506628e-10       1.414599181422e-13      -5.106524095006e-12       5.857265697860e-16       5.515453047344e-12       9.030612166088e-13      -5.627693913311e-15 
  124       4.820632623508e-10       1.425384357218e-13      -5.179140201534e-12       5.956935924607e-16       5.392441868433e-12       8.878284742630e-13      -5.570778695174e-15 
  125       4.868330487589e-10       1.435592176047e-13      -5.250115678755e-12       6.057644742206e-16       5.272699064277e-12       8.729411386944e-13      -5.513204894935e-15 
  126       4.916091998357e-10       1.445212780834e-13      -5.319379753794e-12       6.159399607445e-16       5.156220980731e-12       8.583991917833e-13      -5.454992313837e-15 
  127       4.963908333726e-10       1.454236831822e-13      -5.386861928794e-12       6.262208049978e-16       5.042987459225e-12       8.442006248718e-13      -5.396157906715e-15 
  128       5.011769929640e-10       1.462655522287e-13      -5.452492015935e-12       6.366077671848e-16       4.932961370797e-12       8.303413817017e-13      -5.336715675109e-15 
  129       5.059666459672e-10       1.470460594253e-13      -5.516200172457e-12       6.471016147003e-16       4.826088150129e-12       8.168153013518e-13      -5.276676560362e-15 
  130       5.107586814627e-10       1.477644354208e-13      -5.577916935689e-12       6.577031220819e-16       4.722295329583e-12       8.036140611761e-13      -5.216048336728e-15 
  131       5.155519082140e-10       1.484199688814e-13      -5.637573258066e-12       6.684130709621e-16       4.621492073229e-12       7.907271197415e-13      -5.154835504480e-15 
  132       5.203450526277e-10       1.490120080625e-13      -5.695100542154e-12       6.792322500202e-16       4.523568710888e-12       7.781416597655e-13      -5.093039183014e-15 
  133       5.251367567137e-10       1.495399623802e-13      -5.750430675676e-12       6.901614549344e-16       4.428396272159e-12       7.658425310539e-13      -5.030657003951e-15 
  134       5.299255760451e-10       1.500033039824e-13      -5.803496066532e-12       7.012014883335e-16       4.335826020456e-12       7.538121934387e-13      -4.967683004251e-15 
  135       5.347099777181e-10       1.504015693203e-13      -5.854229677825e-12       7.123531597497e-16       4.245688987044e-12       7.420306597162e-13      -4.904107519310e-15 
  136       5.394883383124e-10       1.507343607204e-13      -5.902565062881e-12       7.236172855698e-16       4.157795505068e-12       7.304754385840e-13      -4.839917076069e-15 
  137       5.442590867534e-10       1.510013760259e-13      -5.948437085795e-12       7.349946699047e-16       4.071975350205e-12       7.191267250930e-13      -4.775110594955e-15 
  138       5.490211539022e-10       1.512024976599e-13      -5.991784093064e-12       7.464860450626e-16       3.988203836894e-12       7.079836989732e-13      -4.709750114161e-15 
  139       5.537735658378e-10       1.513377158015e-13      -6.032546034123e-12       7.580921247964e-16       3.906487947693e-12       6.970498125039e-13      -4.643915136033e-15 
  140       5.585153020187e-10       1.514071028746e-13      -6.070663834998e-12       7.698136226664e-16       3.826826691146e-12       6.863276707919e-13      -4.577686785845e-15 
  141       5.632452941632e-10       1.514108152978e-13      -6.106079437682e-12       7.816512518712e-16       3.749210893558e-12       6.758190080163e-13      -4.511147808428e-15 
  142       5.679624251289e-10       1.513490952342e-13      -6.138735839506e-12       7.936057250787e-16       3.673622990761e-12       6.655246636734e-13      -4.444382564787e-15 
  143       5.726655277925e-10       1.512222723409e-13      -6.168577132519e-12       8.056777542570e-16       3.600036819895e-12       6.554445588209e-13      -4.377477028721e-15 
  144       5.773533839296e-10       1.510307655183e-13      -6.195548542857e-12       8.178680505054e-16       3.528417411173e-12       6.455776723234e-13      -4.310518783446e-15 
  145       5.820247230945e-10       1.507750846602e-13      -6.219596470121e-12       8.301773238850e-16       3.458720779656e-12       6.359220170965e-13      -4.243597018214e-15 
  146       5.866782214998e-10       1.504558324029e-13      -6.240668526747e-12       8.426062832499e-16       3.390893717026e-12       6.264746163519e-13      -4.176802524936e-15 
  147       5.913125008964e-10       1.500737058754e-13      -6.258713577389e-12       8.551556360781e-16       3.324873583357e-12       6.172314798422e-13      -4.110227694801e-15 
  148       5.959261274532e-10       1.496294984485e-13      -6.273681778282e-12       8.678260883022e-16       3.260588098886e-12       6.081875801054e-13      -4.043966514899e-15 
  149       6.005176106366e-10       1.491241014847e-13      -6.285524616628e-12       8.806183441407e-16       3.197955135789e-12       5.993368287100e-13      -3.978114564838e-15 
  150       6.050854020907e-10       1.485585060875e-13      -6.294194949961e-12       8.935331059284e-16       3.136882509948e-12       5.906720524994e-13      -3.912769013370e-15 
  151       6.096278945168e-10       1.479338048514e-13      -6.299647045527e-12       9.065710739476e-16       3.077267772729e-12       5.821849698368e-13      -3.848028615009e-15 
  152       6.141434205532e-10       1.472511936114e-13      -6.301836619657e-12       9.197329462591e-16       3.018998002748e-12       5.738661668500e-13      -3.783993706650e-15 
  153       6.186303724938e-10       1.465119589345e-13      -6.300721107524e-12       9.330193609068e-16       2.961973093126e-12       5.657070251077e-13      -3.720745554375e-15 
  154       6.230875763221e-10       1.457174356052e-13      -6.296260417767e-12       9.464307168441e-16       2.906178486728e-12       5.577057562302e-13      -3.658282241157e-15 
  155       6.275139504643e-10       1.448690485063e-13      -6.288416323397e-12       9.599673359650e-16       2.851618835181e-12       5.498618854362e-13      -3.596576786559e-15 
  156       6.319083875750e-10       1.439683281851e-13      -6.277152277930e-12       9.736295187761e-16       2.798295023112e-12       5.421743368161e-13      -3.535597153401e-15 
  157       6.362697540318e-10       1.430169125296e-13      -6.262433455931e-12       9.874175439336e-16       2.746204079577e-12       5.346414195147e-13      -3.475306139213e-15 
  158       6.405968894306e-10       1.420165484463e-13      -6.244226793565e-12       1.001331667781e-15       2.695339089497e-12       5.272608139148e-13      -3.415661267683e-15 
  159       6.448886060807e-10       1.409690935367e-13      -6.222501029140e-12       1.015372123886e-15       2.645689105090e-12       5.200295578206e-13      -3.356614680116e-15 
  160       6.491436885006e-10       1.398765177745e-13      -6.197226743661e-12       1.029539122579e-15       2.597239057306e-12       5.129440326405e-13      -3.298113026883e-15 
  161       6.533608929121e-10       1.387409051825e-13      -6.168376401374e-12       1.043832850490e-15       2.549969667257e-12       5.059999495711e-13      -3.240097358872e-15 
  162       6.575389467365e-10       1.375644555097e-13      -6.135924390312e-12       1.058253470085e-15       2.503857357657e-12       4.991923357798e-13      -3.182503018942e-15 
  163       6.616765480894e-10       1.363494859082e-13      -6.099847062848e-12       1.072801119205e-15       2.458874164248e-12       4.925155205886e-13      -3.125259533379e-15 
  164       6.657723652758e-10       1.350984326102e-13      -6.060122776238e-12       1.087475910602e-15       2.414987647236e-12       4.859631216570e-13      -3.068290503340e-15 
  165       6.698250362854e-10       1.338138526051e-13      -6.016731933174e-12       1.102277931479e-15       2.372160802729e-12       4.795280311657e-13      -3.011513496316e-15 
  166       6.738331682877e-10       1.324984253163e-13      -5.969657022324e-12       1.117207243023e-15       2.330351974161e-12       4.732024019995e-13      -2.954839937576e-15 
  167       6.777953371275e-10       1.311549542785e-13      -5.918882658887e-12       1.132263879947e-15       2.289514763735e-12       4.669776339308e-13      -2.898175001621e-15 
  168       6.817100868197e-10       1.297863688143e-13      -5.864395625138e-12       1.147447850024e-15       2.249597943851e-12       4.608443598030e-13      -2.841417503642e-15 
  169       6.855759290447e-10       1.283957257115e-13      -5.806184910976e-12       1.162759133628e-15       2.210545368540e-12       4.547924317134e-13      -2.784459790966e-15 
  170       6.893913426436e-10       1.269862109001e-13      -5.744241754471e-12       1.178197683268e-15       2.172295884897e-12       4.488109071970e-13      -2.727187634511e-15 
  171       6.931548735805e-10       1.255610462200e-13      -5.678558983389e-12       1.193763402539e-15       2.134795673051e-12       4.428905321383e-13      -2.669509276035e-15 
  172       6.968654452393e-10       1.241231974910e-13      -5.609128893266e-12       1.209456081980e-15       2.098036606095e-12       4.370314507539e-13      -2.611445515008e-15 
  173       7.005220731529e-10       1.226756452017e-13      -5.535945269281e-12       1.225275456956e-15       2.062020933823e-12       4.312361149937e-13      -2.553046960250e-15 
  174       7.041237667710e-10       1.212214785075e-13      -5.459004106764e-12       1.241221227222e-15       2.026749104533e-12       4.255068420755e-13      -2.494365560602e-15 
  175       7.076695293647e-10       1.197638965204e-13      -5.378303648897e-12       1.257293056377e-15       1.992219727160e-12       4.198458108553e-13      -2.435454615333e-15 
  176       7.111583579321e-10       1.183062095988e-13      -5.293844424403e-12       1.273490571317e-15       1.958429533428e-12       4.142550581965e-13      -2.376368784545e-15 
  177       7.145892431031e-10       1.168518406373e-13      -5.205629285249e-12       1.289813361687e-15       1.925373339981e-12       4.087364753403e-13      -2.317164099586e-15 
  178       7.179611690446e-10       1.154043263564e-13      -5.113663444336e-12       1.306260979336e-15       1.893044010532e-12       4.032918042753e-13      -2.257897973450e-15 
  179       7.212731133655e-10       1.139673185923e-13      -5.017954513197e-12       1.322832937771e-15       1.861432418002e-12       3.979226341076e-13      -2.198629211190e-15 
  180       7.245240470219e-10       1.125445855867e-13      -4.918512539692e-12       1.339528711607e-15       1.830527406660e-12       3.926303974301e-13      -2.139418020320e-15 
  181       7.277129342222e-10       1.111400132764e-13      -4.815350045708e-12       1.356347736026e-15       1.800315754264e-12       3.874163666931e-13      -2.080326021226e-15 
  182       7.308387323323e-10       1.097576065834e-13      -4.708482064847e-12       1.373289406226e-15       1.770782134208e-12       3.822816505738e-13      -2.021416257574e-15 
  183       7.339003917802e-10       1.084014907043e-13      -4.597926180129e-12       1.390353076876e-15       1.741909077654e-12       3.772271903460e-13      -1.962753206712e-15 
  184       7.368968559618e-10       1.070759124003e-13      -4.483702561683e-12       1.407538061567e-15       1.713676935684e-12       3.722537562503e-13      -1.904402790083e-15 
  185       7.398270611455e-10       1.057852412871e-13      -4.365834004447e-12       1.424843632272e-15       1.686063841431e-12       3.673619438639e-13      -1.846432383627e-15 
  186       7.426899363774e-10       1.045339711242e-13      -4.244345965860e-12       1.442269018791e-15       1.659045672230e-12       3.625521704701e-13      -1.788910828192e-15 
  187       7.454844033865e-10       1.033267211051e-13      -4.119266603559e-12       1.459813408210e-15       1.632596011751e-12       3.578246714287e-13      -1.731908439940e-15 
  188       7.482093764898e-10       1.021682371468e-13      -3.990626813076e-12       1.477475944355e-15       1.606686112148e-12       3.531794965455e-13      -1.675497020755e-15 
  189       7.508637624973e-10       1.010633931800e-13      -3.858460265532e-12       1.495255727239e-15       1.581284856193e-12       3.486165064424e-13      -1.619749868646e-15 
  190       7.534464606170e-10       1.000171924383e-13      -3.722803445335e-12       1.513151812524e-15       1.556358719423e-12       3.441353689268e-13      -1.564741788161e-15 
  191       7.559564342415e-10       9.903456432666e-14      -3.583693517672e-12       1.531163206658e-15       1.531878379863e-12       3.397356051905e-13      -1.510534582805e-15 
  192       7.583929325179e-10       9.811973532260e-14      -3.441161673812e-12       1.549288853041e-15       1.507839179782e-12       3.354167398370e-13      -1.457132295342e-15 
  193       7.607552852528e-10       9.727681326156e-14      -3.295239358058e-12       1.567527643770e-15       1.484242129387e-12       3.311781551460e-13      -1.404522622472e-15 
  194       7.630428326648e-10       9.650998813182e-14      -3.145960423452e-12       1.585878423295e-15       1.461087381264e-12       3.270190388128e-13      -1.352691094055e-15 
  195       7.652549255253e-10       9.582353269534e-14      -2.993361162363e-12       1.604339987864e-15       1.438374214275e-12       3.229383804814e-13      -1.301621036007e-15 
  196       7.673909252984e-10       9.522180310857e-14      -2.837480337087e-12       1.622911084958e-15       1.416101017446e-12       3.189349682776e-13      -1.251293533204e-15 
  197       7.694502042812e-10       9.470923954334e-14      -2.678359210438e-12       1.641590412732e-15       1.394265273865e-12       3.150073853417e-13      -1.201687392378e-15 
  198       7.714321457445e-10       9.429036680769e-14      -2.516041576346e-12       1.660376619454e-15       1.372863544574e-12       3.111540063614e-13      -1.152779105022e-15 
  199       7.733361440726e-10       9.396979496675e-14      -2.350573790445e-12       1.679268302943e-15       1.351891452466e-12       3.073729941050e-13      -1.104542810290e-15 
  200       7.751616049040e-10       9.375221996353e-14      -2.182004800676e-12       1.698264010013e-15       1.331343666175e-12       3.036622959539e-13      -1.056950257895e-15 
  201       7.769079452714e-10       9.364242423984e-14      -2.010386177873e-12       1.717362235905e-15       1.311213883973e-12       3.000196404358e-13      -1.009970771013e-15 
  202       7.785745937424e-10       9.364527735710e-14      -1.835772146363e-12       1.736561423733e-15       1.291494817660e-12       2.964425337577e-13      -9.635712091831e-16 
  203       7.801609905594e-10       9.376573661721e-14      -1.658219614556e-12       1.755859963920e-15       1.272178176465e-12       2.929282563385e-13      -9.177159312047e-16 
  204       7.816665877802e-10       9.400884768339e-14      -1.477788205545e-12       1.775256193639e-15       1.253254650933e-12       2.894738593420e-13      -8.723667580427e-16 
  205       7.830908494182e-10       9.437974520104e-14      -1.294540287695e-12       1.794748396248e-15       1.234713896822e-12       2.860761612101e-13      -8.274829357257e-16 
  206       7.844332515826e-10       9.488365341857e-14      -1.108541005240e-12       1.814334800737e-15       1.216544518996e-12       2.827317441954e-13      -7.830210982475e-16 
  207       7.856932826189e-10       9.552588680830e-14      -9.198583088759e-13       1.834013581160e-15       1.198734055321e-12       2.794369508941e-13      -7.389352304673e-16 
  208       7.868704432492e-10       9.631185068725e-14      -7.285629863567e-13       1.853782856078e-15       1.181268960556e-12       2.761878807792e-13      -6.951766310109e-16 
  209       7.879642467123e-10       9.724704183803e-14      -5.347286930875e-13       1.873640687998e-15       1.164134590251e-12       2.729803867332e-13      -6.516938751709e-16 
  210       7.889742189042e-10       9.833704912969e-14      -3.384319827193e-13       1.893585082813e-15       1.147315184636e-12       2.698100715811e-13      -6.084327778077e-16 
  211       7.898998985184e-10       9.958755413856e-14      -1.397523377432e-13       1.913613989239e-15       1.130793852518e-12       2.666722846231e-13      -5.653363562501e-16 
  212       7.907408371861e-10       1.010043317691e-13       6.122779991506e-14       1.933725298255e-15       1.114552555174e-12       2.635621181679e-13      -5.223447931958e-16 
  213       7.914966406371e-10       1.025929245485e-13       2.644272296437e-13       1.953916908895e-15       1.098575618248e-12       2.604754059714e-13      -4.794091090101e-16 
  214       7.921670949823e-10       1.043576397563e-13       4.697789734254e-13       1.974186931722e-15       1.082860564658e-12       2.574118007484e-13      -4.365332826332e-16 
  215       7.927520492343e-10       1.063024857394e-13       6.772181124607e-13       1.994533498016e-15       1.067407982442e-12       2.543718978803e-13      -3.937349047035e-16 
  216       7.932513752996e-10       1.084314919157e-13       8.866776152757e-13       2.014954694275e-15       1.052218055733e-12       2.513562513629e-13      -3.510317228014e-16 
  217       7.936649682274e-10       1.107487085349e-13       1.098088318267e-12       2.035448561830e-15       1.037290557934e-12       2.483653729767e-13      -3.084416404411e-16 
  218       7.939927464578e-10       1.132582064411e-13       1.311378906247e-12       2.056013096455e-15       1.022624844907e-12       2.453997314577e-13      -2.659827160632e-16 
  219       7.942346520699e-10       1.159640768340e-13       1.526475892988e-12       2.076646247986e-15       1.008219848148e-12       2.424597516676e-13      -2.236731620270e-16 
  220       7.943906510302e-10       1.188704310309e-13       1.743303601771e-12       2.097345919933e-15       9.940740679736e-13       2.395458137649e-13      -1.815313436026e-16 
  221       7.944607334410e-10       1.219814002283e-13       1.961784145924e-12       2.118109969092e-15       9.801855667013e-13       2.366582523750e-13      -1.395757779635e-16 
  222       7.944449137887e-10       1.253011352639e-13       2.181837409376e-12       2.138936205162e-15       9.665519618309e-13       2.337973557608e-13      -9.782513317845e-17 
  223       7.943432311919e-10       1.288338063781e-13       2.403381027193e-12       2.159822390358e-15       9.531704192270e-13       2.309633649936e-13      -5.629822720417e-17 
  224       7.941557496499e-10       1.325836029760e-13       2.626330366131e-12       2.180766239026e-15       9.400376463006e-13       2.281564731232e-13      -1.501402687739e-17 
  225       7.938825582909e-10       1.365547333889e-13       2.850598505177e-12       2.201765417252e-15       9.271498851907e-13       2.253768243487e-13       2.600835309279e-17 
  226       7.935237716203e-10       1.407514246362e-13       3.076096216094e-12       2.222817542484e-15       9.145029059467e-13       2.226245131889e-13       6.674965113262e-17 
  227       7.930795297691e-10       1.451779221874e-13       3.302731943968e-12       2.243920183140e-15       9.020919997099e-13       2.198995836531e-13       1.071904598114e-16 
  228       7.925499987422e-10       1.498384897233e-13       3.530411787751e-12       2.265070858223e-15       8.899119718953e-13       2.172020284115e-13       1.473112268492e-16 
  229       7.919353706664e-10       1.547374088983e-13       3.759039480810e-12       2.286267036939e-15       8.779571353734e-13       2.145317879655e-13       1.870922561245e-16 
  230       7.912358640392e-10       1.598789791017e-13       3.988516371468e-12       2.307506138304e-15       8.662213036524e-13       2.118887498189e-13       2.265137086821e-16 
  231       7.904517239766e-10       1.652675172200e-13       4.218741403549e-12       2.328785530765e-15       8.546977840597e-13       2.092727476476e-13       2.655556037406e-16 
  232       7.895832224618e-10       1.709073573980e-13       4.449611096928e-12       2.350102531809e-15       8.433793709236e-13       2.066835604710e-13       3.041978197003e-16 
  233       7.886306585932e-10       1.768028508012e-13       4.681019528072e-12       2.371454407580e-15       8.322583387559e-13       2.041209118220e-13       3.424200951507e-16 
  234       7.875943588331e-10       1.829583653771e-13       4.912858310586e-12       2.392838372491e-15       8.213264354327e-13       2.015844689175e-13       3.802020298783e-16 
  235       7.864746772553e-10       1.893782856173e-13       5.145016575758e-12       2.414251588840e-15       8.105748753770e-13       1.990738418296e-13       4.175230858745e-16 
  236       7.852719957943e-10       1.960670123188e-13       5.377380953105e-12       2.435691166422e-15       7.999943327404e-13       1.965885826552e-13       4.543625883430e-16 
  237       7.839867244928e-10       2.030289623463e-13       5.609835550918e-12       2.457154162144e-15       7.895749345847e-13       1.941281846874e-13       4.906997267079e-16 
  238       7.826192974014e-10       2.102681771675e-13       5.842268516619e-12       2.478637724335e-15       7.793081563315e-13       1.916922500013e-13       5.265173584566e-16 
  239       7.811701594868e-10       2.177871226356e-13       6.074592199083e-12       2.500139536168e-15       7.691926496305e-13       1.892810051938e-13       5.618136743087e-16 
  240       7.796397794118e-10       2.255878160315e-13       6.306724170088e-12       2.521657398352e-15       7.592287543405e-13       1.868948152807e-13       5.965912417181e-16 
  241       7.780286540512e-10       2.336722096922e-13       6.538580748823e-12       2.543189086775e-15       7.494166252268e-13       1.845340176192e-13       6.308532745800e-16 
  242       7.763373087304e-10       2.420421899477e-13       6.770076996310e-12       2.564732352421e-15       7.397562291566e-13       1.821989214343e-13       6.646036422607e-16 
  243       7.745662974649e-10       2.506995760567e-13       7.001126709832e-12       2.586284921289e-15       7.302473422932e-13       1.798898073441e-13       6.978468786285e-16 
  244       7.727162031994e-10       2.596461191438e-13       7.231642417359e-12       2.607844494315e-15       7.208895472915e-13       1.776069268860e-13       7.305881910836e-16 
  245       7.707876380468e-10       2.688835011351e-13       7.461535371976e-12       2.629408747287e-15       7.116822304927e-13       1.753505020426e-13       7.628334695882e-16 
  246       7.687812435275e-10       2.784133336953e-13       7.690715546305e-12       2.650975330770e-15       7.026245791192e-13       1.731207247671e-13       7.945892956973e-16 
  247       7.666976908081e-10       2.882371571639e-13       7.919091626935e-12       2.672541870020e-15       6.937155784697e-13       1.709177565096e-13       8.258629515888e-16 
  248       7.645376809412e-10       2.983564394914e-13       8.146571008844e-12       2.694105964904e-15       6.849540091138e-13       1.687417277429e-13       8.566624290933e-16 
  249       7.623019451040e-10       3.087725751758e-13       8.373059789832e-12       2.715665189823e-15       6.763384440873e-13       1.665927374879e-13       8.869964387254e-16 
  250       7.599912448375e-10       3.194868841994e-13       8.598462764940e-12       2.737217093627e-15       6.678672460870e-13       1.644708528401e-13       9.168744187128e-16 
  251       7.576063722859e-10       3.305006109648e-13       8.822683420878e-12       2.758759199538e-15       6.595385646652e-13       1.623761084950e-13       9.463065440277e-16 
  252       7.551481504353e-10       3.418149232312e-13       9.045623930454e-12       2.780289005064e-15       6.513503334253e-13       1.603085062739e-13       9.753037354163e-16 
  253       7.526174333534e-10       3.534309110514e-13       9.267185146999e-12       2.801803981925e-15       6.433002672165e-13       1.582680146501e-13       1.003877668429e-15 
  254       7.500151064279e-10       3.653495857076e-13       9.487266598790e-12       2.823301575966e-15       6.353858593283e-13       1.562545682746e-13       1.032040782453e-15 
  255       7.473420866063e-10       3.775718786482e-13       9.705766483479e-12       2.844779207082e-15       6.276043786859e-13       1.542680675018e-13       1.059806289737e-15 
  256       7.445993226347e-10       3.900986404242e-13       9.922581662521e-12       2.866234269131e-15       6.199528670451e-13       1.523083779153e-13       1.087188184428e-15 
  257       7.417877952967e-10       4.029306396252e-13       1.013760765559e-11       2.887664129859e-15       6.124281361870e-13       1.503753298542e-13       1.114201251599e-15 
  258       7.389085176532e-10       4.160685618165e-13       1.035073863503e-11       2.909066130816e-15       6.050267651129e-13       1.484687179384e-13       1.140861076277e-15 
  259       7.359625352808e-10       4.295130084749e-13       1.056186742025e-11       2.930437587276e-15       5.977450972397e-13       1.465883005948e-13       1.167184052476e-15 
  260       7.329509265114e-10       4.432644959254e-13       1.077088547216e-11       2.951775788156e-15       5.905792375941e-13       1.447337995830e-13       1.193187392227e-15 
  261       7.298748026711e-10       4.573234542777e-13       1.097768288761e-11       2.973077995937e-15       5.835250500080e-13       1.429048995211e-13       1.218889134609e-15 
  262       7.267353083194e-10       4.716902263624e-13       1.118214839381e-11       2.994341446580e-15       5.765781543135e-13       1.411012474118e-13       1.244308154776e-15 
  263       7.235336214883e-10       4.863650666674e-13       1.138416934274e-11       3.015563349448e-15       5.697339235373e-13       1.393224521679e-13       1.269464172990e-15 
  264       7.202709539215e-10       5.013481402748e-13       1.158363170561e-11       3.036740887225e-15       5.629874810964e-13       1.375680841383e-13       1.294377763651e-15 
  265       7.169485513133e-10       5.166395217965e-13       1.178042006725e-11       3.057871215834e-15       5.563336979921e-13       1.358376746341e-13       1.319070364328e-15 
  266       7.135676364062e-10       5.322389284813e-13       1.197442552873e-11       3.078951664700e-15       5.497681633166e-13       1.341307925566e-13       1.343559280996e-15 
  267       7.101292343658e-10       5.481449056717e-13       1.216556990195e-11       3.099980349750e-15       5.432901599250e-13       1.324472798702e-13       1.367842384717e-15 
  268       7.066343383886e-10       5.643555950454e-13       1.235378281806e-11       3.120955593543e-15       5.368998448917e-13       1.307870279939e-13       1.391912601522e-15 
  269       7.030839661316e-10       5.808689949580e-13       1.253899394525e-11       3.141875728182e-15       5.305972895928e-13       1.291499015077e-13       1.415762841954e-15 
  270       6.994791598553e-10       5.976829589303e-13       1.272113299663e-11       3.162739095569e-15       5.243824785457e-13       1.275357378087e-13       1.439386001647e-15 
  271       6.958209865660e-10       6.147951941353e-13       1.290012973792e-11       3.183544047666e-15       5.182553082487e-13       1.259443467675e-13       1.462774961898e-15 
  272       6.921105381586e-10       6.322032598856e-13       1.307591399533e-11       3.204288946749e-15       5.122155860202e-13       1.243755103837e-13       1.485922590246e-15 
  273       6.883489315590e-10       6.499045661205e-13       1.324841566330e-11       3.224972165670e-15       5.062630288381e-13       1.228289824428e-13       1.508821741045e-15 
  274       6.845373088665e-10       6.678963718936e-13       1.341756471227e-11       3.245592088110e-15       5.003972621797e-13       1.213044881715e-13       1.531465256043e-15 
  275       6.806768374970e-10       6.861757838600e-13       1.358329119652e-11       3.266147108841e-15       4.946178188604e-13       1.198017238945e-13       1.553845964954e-15 
  276       6.767687103250e-10       7.047397547630e-13       1.374552526192e-11       3.286635633982e-15       4.889241378739e-13       1.183203566903e-13       1.575956686038e-15 
  277       6.728141458264e-10       7.235850819223e-13       1.390419715372e-11       3.307056081257e-15       4.833155632312e-13       1.168600240474e-13       1.597790226672e-15 
  278       6.688143882210e-10       7.427084057204e-13       1.405923722435e-11       3.327406880252e-15       4.777913428001e-13       1.154203335202e-13       1.619339383931e-15 
  279       6.647707076150e-10       7.621062080904e-13       1.421057594122e-11       3.347686472674e-15       4.723506271449e-13       1.140008623856e-13       1.640596945159e-15 
  280       6.606844001441e-10       7.817748110033e-13       1.435814389448e-11       3.367893312606e-15       4.669924683653e-13       1.126011572987e-13       1.661555688549e-15 
  281       6.565567881152e-10       8.017103749546e-13       1.450187180481e-11       3.388025866770e-15       4.617158189364e-13       1.112207339490e-13       1.682208383715e-15 
  282       6.523892201497e-10       8.219088974525e-13       1.464169053123e-11       3.408082614780e-15       4.565195305481e-13       1.098590767166e-13       1.702547792271e-15 
  283       6.481830713260e-10       8.423662115044e-13       1.477753107888e-11       3.428062049402e-15       4.514023529442e-13       1.085156383284e-13       1.722566668404e-15 
  284       6.439397433214e-10       8.630779841046e-13       1.490932460680e-11       3.447962676810e-15       4.463629327620e-13       1.071898395139e-13       1.742257759453e-15 
  285       6.396606645557e-10       8.840397147214e-13       1.503700243570e-11       3.467783016846e-15       4.413998123718e-13       1.058810686617e-13       1.761613806482e-15 
  286       6.353472903330e-10       9.052467337845e-13       1.516049605580e-11       3.487521603277e-15       4.365114287165e-13       1.045886814755e-13       1.780627544855e-15 
  287       6.310011029845e-10       9.266942011719e-13       1.527973713458e-11       3.507176984051e-15       4.316961121505e-13       1.033120006299e-13       1.799291704817e-15 
  288       6.266236120113e-10       9.483771046978e-13       1.539465752456e-11       3.526747721558e-15       4.269520852800e-13       1.020503154271e-13       1.817599012064e-15 
  289       6.222163542266e-10       9.702902585991e-13       1.550518927112e-11       3.546232392885e-15       4.222774618015e-13       1.008028814525e-13       1.835542188323e-15 
  290       6.177808938987e-10       9.924283020234e-13       1.561126462026e-11       3.565629590074e-15       4.176702453421e-13       9.956892023121e-14       1.853113951923e-15 
  291       6.133188228931e-10       1.014785697516e-12       1.571281602641e-11       3.584937920383e-15       4.131283282981e-13       9.834761888380e-14       1.870307018376e-15 
  292       6.088317608154e-10       1.037356729506e-12       1.580977616020e-11       3.604156006539e-15       4.086494906754e-13       9.713812978272e-14       1.887114100952e-15 
  293       6.043213551540e-10       1.060135502797e-12       1.590207791625e-11       3.623282486998e-15       4.042313989281e-13       9.593957020830e-14       1.903527911249e-15 
  294       5.997892814221e-10       1.083115941049e-12       1.598965442097e-11       3.642316016204e-15       3.998716047984e-13       9.475102200486e-14       1.919541159777e-15 
  295       5.952372433010e-10       1.106291785271e-12       1.607243904034e-11       3.661255264845e-15       3.955675441559e-13       9.357153123688e-14       1.935146556529e-15 
  296       5.906669727822e-10       1.129656592305e-12       1.615036538770e-11       3.680098920112e-15       3.913165358372e-13       9.240010784505e-14       1.950336811556e-15 
  297       5.860801263709e-10       1.153203892300e-12       1.622337393042e-11       3.698845849600e-15       3.871162849192e-13       9.123592929866e-14       1.965106107572e-15 
  298       5.814779678123e-10       1.176927672711e-12       1.629143214983e-11       3.717495601319e-15       3.829664220370e-13       9.007896322995e-14       1.979454595900e-15 
  299       5.768616701885e-10       1.200821914929e-12       1.635451537850e-11       3.736047928545e-15       3.788670367837e-13       8.892937445806e-14       1.993384120650e-15 
  300       5.722324184668e-10       1.224880436120e-12       1.641260030654e-11       3.754502628843e-15       3.748181795594e-13       8.778732365919e-14       2.006896768995e-15 
  301       5.675914095014e-10       1.249096887934e-12       1.646566499830e-11       3.772859544552e-15       3.708198610943e-13       8.665296729927e-14       2.019994873737e-15 
  302       5.629398520347e-10       1.273464755205e-12       1.651368890914e-11       3.791118563260e-15       3.668720519727e-13       8.552645756668e-14       2.032681015881e-15 
  303       5.582789666993e-10       1.297977354655e-12       1.655665290213e-11       3.809279618286e-15       3.629746821554e-13       8.440794230495e-14       2.044958027210e-15 
  304       5.536099860195e-10       1.322627833596e-12       1.659453926481e-11       3.827342689161e-15       3.591276405039e-13       8.329756494545e-14       2.056828992851e-15 
  305       5.489341544129e-10       1.347409168635e-12       1.662733172591e-11       3.845307802104e-15       3.553307743034e-13       8.219546444012e-14       2.068297253850e-15 
  306       5.442527281923e-10       1.372314164373e-12       1.665501547210e-11       3.863175030504e-15       3.515838887864e-13       8.110177519419e-14       2.079366409743e-15 
  307       5.395669755669e-10       1.397335452112e-12       1.667757716472e-11       3.880944495399e-15       3.478867466559e-13       8.001662699884e-14       2.090040321126e-15 
  308       5.348781766445e-10       1.422465488553e-12       1.669500495651e-11       3.898616365956e-15       3.442390676086e-13       7.894014496394e-14       2.100323112231e-15 
  309       5.301876234327e-10       1.447696554505e-12       1.670728850833e-11       3.916190859951e-15       3.406405278588e-13       7.787244945075e-14       2.110219173493e-15 
  310       5.254966198408e-10       1.473020753582e-12       1.671441900593e-11       3.933668244248e-15       3.370907596613e-13       7.681365600461e-14       2.119733164122e-15 
  311       5.208064816814e-10       1.498430010909e-12       1.671638917667e-11       3.951048835278e-15       3.335893508350e-13       7.576387528767e-14       2.128870014679e-15 
  312       5.161185366721e-10       1.523916071825e-12       1.671319330624e-11       3.968332999520e-15       3.301358442864e-13       7.472321301160e-14       2.137634929642e-15 
  313       5.114341244369e-10       1.549470500584e-12       1.670482725540e-11       3.985521153980e-15       3.267297375325e-13       7.369176987025e-14       2.146033389982e-15 
  314       5.067545965082e-10       1.575084679058e-12       1.669128847675e-11       4.002613766671e-15       3.233704822247e-13       7.266964147241e-14       2.154071155731e-15 
  315       5.020813163283e-10       1.600749805442e-12       1.667257603140e-11       4.019611357090e-15       3.200574836719e-13       7.165691827449e-14       2.161754268558e-15 
  316       4.974156592509e-10       1.626456892955e-12       1.664869060577e-11       4.036514496703e-15       3.167901003640e-13       7.065368551323e-14       2.169089054336e-15 
  317       4.927590125431e-10       1.652196768543e-12       1.661963452828e-11       4.053323809420e-15       3.135676434952e-13       6.966002313840e-14       2.176082125717e-15 
  318       4.881127753867e-10       1.677960071581e-12       1.658541178612e-11       4.070039972077e-15       3.103893764874e-13       6.867600574551e-14       2.182740384701e-15 
  319       4.834783588800e-10       1.703737252579e-12       1.654602804193e-11       4.086663714914e-15       3.072545145136e-13       6.770170250854e-14       2.189071025210e-15 
  320       4.788571860397e-10       1.729518571882e-12       1.650149065062e-11       4.103195822056e-15       3.041622240211e-13       6.673717711260e-14       2.195081535660e-15 
  321       4.742506918019e-10       1.755294098371e-12       1.645180867601e-11       4.119637131991e-15       3.011116222554e-13       6.578248768667e-14       2.200779701528e-15 
  322       4.696603230246e-10       1.781053708172e-12       1.639699290765e-11       4.135988538054e-15       2.981017767828e-13       6.483768673630e-14       2.206173607930e-15 
  323       4.650875384886e-10       1.806787083354e-12       1.633705587749e-11       4.152250988899e-15       2.951317050145e-13       6.390282107631e-14       2.211271642187e-15 
  324       4.605338088995e-10       1.832483710631e-12       1.627201187664e-11       4.168425488986e-15       2.922003737295e-13       6.297793176349e-14       2.216082496401e-15 
  325       4.560006168895e-10       1.858132880069e-12       1.620187697213e-11       4.184513099058e-15       2.893066985983e-13       6.206305402934e-14       2.220615170024e-15 
  326       4.514894570186e-10       1.883723683786e-12       1.612666902360e-11       4.200514936617e-15       2.864495437059e-13       6.115821721272e-14       2.224878972431e-15 
  327       4.470018357769e-10       1.909245014655e-12       1.604640770006e-11       4.216432176412e-15       2.836277210755e-13       6.026344469262e-14       2.228883525489e-15 
  328       4.425392715856e-10       1.934685565008e-12       1.596111449662e-11       4.232266050908e-15       2.808399901920e-13       5.937875382079e-14       2.232638766134e-15 
  329       4.381032947988e-10       1.960033825337e-12       1.587081275123e-11       4.248017850776e-15       2.780850575249e-13       5.850415585454e-14       2.236154948936e-15 
  330       4.336954477057e-10       1.985278082999e-12       1.577552766141e-11       4.263688925365e-15       2.753615760519e-13       5.763965588936e-14       2.239442648676e-15 
  331       4.293172845315e-10       2.010406420918e-12       1.567528630098e-11       4.279280683187e-15       2.726681447826e-13       5.678525279168e-14       2.242512762915e-15 
  332       4.249702531501e-10       2.035407567056e-12       1.557011831768e-11       4.294794556757e-15       2.700035698115e-13       5.594094263475e-14       2.245374408574e-15 
  333       4.206553345167e-10       2.060273486437e-12       1.546005802533e-11       4.310231894466e-15       2.673676610357e-13       5.510672930980e-14       2.248028505035e-15 
  334       4.163733875037e-10       2.084996899697e-12       1.534514243567e-11       4.325594064929e-15       2.647604692726e-13       5.428261424632e-14       2.250473916048e-15 
  335       4.121252656447e-10       2.109570442146e-12       1.522541060320e-11       4.340882492634e-15       2.621820276736e-13       5.346859288731e-14       2.252709530748e-15 
  336       4.079118170075e-10       2.133986663395e-12       1.510090364259e-11       4.356098658384e-15       2.596323515316e-13       5.266465462589e-14       2.254734263942e-15 
  337       4.037338840676e-10       2.158238026982e-12       1.497166474618e-11       4.371244099737e-15       2.571114380881e-13       5.187078274171e-14       2.256547056396e-15 
  338       3.995923035814e-10       2.182316909996e-12       1.483773920145e-11       4.386320411447e-15       2.546192663404e-13       5.108695433753e-14       2.258146875118e-15 
  339       3.954879064596e-10       2.206215602706e-12       1.469917440851e-11       4.401329245904e-15       2.521557968490e-13       5.031314027568e-14       2.259532713645e-15 
  340       3.914215176399e-10       2.229926308186e-12       1.455601989753e-11       4.416272313579e-15       2.497209715448e-13       4.954930511462e-14       2.260703592327e-15 
  341       3.873939559611e-10       2.253441141942e-12       1.440832734626e-11       4.431151383458e-15       2.473147135362e-13       4.879540704540e-14       2.261658558618e-15 
  342       3.834060340356e-10       2.276752131537e-12       1.425615059751e-11       4.445968283490e-15       2.449369269166e-13       4.805139782817e-14       2.262396687356e-15 
  343       3.794585581232e-10       2.299851216219e-12       1.409954567655e-11       4.460724901023e-15       2.425874965714e-13       4.731722272874e-14       2.262917081050e-15 
  344       3.755523280038e-10       2.322730246545e-12       1.393857080869e-11       4.475423183248e-15       2.402662879855e-13       4.659282045503e-14       2.263218870169e-15 
  345       3.716881368515e-10       2.345380984010e-12       1.377328643665e-11       4.490065137638e-15       2.379731470502e-13       4.587812309361e-14       2.263301213423e-15 
  346       3.678667711069e-10       2.367795100671e-12       1.360375523812e-11       4.504652832391e-15       2.357078998709e-13       4.517305604621e-14       2.263163298053e-15 
  347       3.640890103510e-10       2.389964178774e-12       1.343004214318e-11       4.519188396868e-15       2.334703525740e-13       4.447753796621e-14       2.262804340115e-15 
  348       3.603556271782e-10       2.411879710381e-12       1.325221435179e-11       4.533674022038e-15       2.312602911143e-13       4.379148069516e-14       2.262223584762e-15 
  349       3.566673870698e-10       2.433533096996e-12       1.307034135127e-11       4.548111960913e-15       2.290774810822e-13       4.311478919929e-14       2.261420306538e-15 
  350       3.530250482669e-10       2.454915649190e-12       1.288449493376e-11       4.562504528997e-15       2.269216675108e-13       4.244736150602e-14       2.260393809657e-15 
  351       3.494293616438e-10       2.476018586228e-12       1.269474921373e-11       4.576854104720e-15       2.247925746836e-13       4.178908864045e-14       2.259143428289e-15 
  352       3.458810705816e-10       2.496833035696e-12       1.250118064539e-11       4.591163129881e-15       2.226899059412e-13       4.113985456189e-14       2.257668526851e-15 
  353       3.423809108408e-10       2.517350033128e-12       1.230386804022e-11       4.605434110091e-15       2.206133434891e-13       4.049953610038e-14       2.255968500287e-15 
  354       3.389296104350e-10       2.537560521629e-12       1.210289258443e-11       4.619669615213e-15       2.185625482042e-13       3.986800289314e-14       2.254042774356e-15 
  355       3.355278895044e-10       2.557455351503e-12       1.189833785641e-11       4.633872279801e-15       2.165371594429e-13       3.924511732116e-14       2.251890805919e-15 
  356       3.321764601883e-10       2.577025279883e-12       1.169028984425e-11       4.648044803542e-15       2.145367948479e-13       3.863073444565e-14       2.249512083223e-15 
  357       3.288760264991e-10       2.596260970349e-12       1.147883696316e-11       4.662189951698e-15       2.125610501552e-13       3.802470194455e-14       2.246906126185e-15 
  358       3.256272841950e-10       2.615152992563e-12       1.126407007298e-11       4.676310555548e-15       2.106094990021e-13       3.742686004909e-14       2.244072486684e-15 
  359       3.224309206537e-10       2.633691821890e-12       1.104608249566e-11       4.690409512826e-15       2.086816927336e-13       3.683704148023e-14       2.241010748839e-15 
  360       3.192876147454e-10       2.651867839024e-12       1.082497003269e-11       4.704489788161e-15       2.067771602103e-13       3.625507138522e-14       2.237720529300e-15 
  361       3.161980367062e-10       2.669671329619e-12       1.060083098263e-11       4.718554413523e-15       2.048954076152e-13       3.568076727408e-14       2.234201477532e-15 
  362       3.131628480111e-10       2.687092483910e-12       1.037376615853e-11       4.732606488662e-15       2.030359182613e-13       3.511393895613e-14       2.230453276102e-15 
  363       3.101827012476e-10       2.704121396342e-12       1.014387890547e-11       4.746649181544e-15       2.011981523987e-13       3.455438847648e-14       2.226475640961e-15 
  364       3.072582399888e-10       2.720748065196e-12       9.911275117942e-12       4.760685728801e-15       1.993815470217e-13       3.400191005254e-14       2.222268321735e-15 
  365       3.043900986666e-10       2.736962392214e-12       9.676063257422e-12       4.774719436163e-15       1.975855156763e-13       3.345629001055e-14       2.217831102006e-15 
  366       3.015789024451e-10       2.752754182227e-12       9.438354369775e-12       4.788753678906e-15       1.958094482672e-13       3.291730672206e-14       2.213163799601e-15 
  367       2.988252670936e-10       2.768113142782e-12       9.198262102761e-12       4.802791902288e-15       1.940527108654e-13       3.238473054047e-14       2.208266266876e-15 
  368       2.961297988602e-10       2.783028883763e-12       8.955902723496e-12       4.816837621993e-15       1.923146455151e-13       3.185832373749e-14       2.203138391003e-15 
  369       2.934930943448e-10       2.797490917024e-12       8.711395135933e-12       4.830894424570e-15       1.905945700411e-13       3.133784043970e-14       2.197780094255e-15 
  370       2.909157403726e-10       2.811488656012e-12       8.464860898334e-12       4.844965967876e-15       1.888917778561e-13       3.082302656503e-14       2.192191334290e-15 
  371       2.883982515551e-10       2.825012700387e-12       8.216415540701e-12       4.859055654621e-15       1.872056666762e-13       3.031366840554e-14       2.186372652588e-15 
  372       2.859408805404e-10       2.838058746040e-12       7.966142106926e-12       4.873165638030e-15       1.855361306135e-13       2.980974060060e-14       2.180326842815e-15 
  373       2.835438000951e-10       2.850623827233e-12       7.714116612376e-12       4.887297778167e-15       1.838831830369e-13       2.931126382515e-14       2.174057348252e-15 
  374       2.812071645662e-10       2.862705046139e-12       7.460416660421e-12       4.901453965474e-15       1.822468289673e-13       2.881825664455e-14       2.167567720296e-15 
  375       2.789311097002e-10       2.874299573592e-12       7.205121452342e-12       4.915636120931e-15       1.806270649968e-13       2.833073549346e-14       2.160861619224e-15 
  376       2.767157524622e-10       2.885404649827e-12       6.948311797241e-12       4.929846196210e-15       1.790238792080e-13       2.784871465461e-14       2.153942814951e-15 
  377       2.745611908549e-10       2.896017585225e-12       6.690070121949e-12       4.944086173831e-15       1.774372510937e-13       2.737220623759e-14       2.146815187800e-15 
  378       2.724675037378e-10       2.906135761057e-12       6.430480480938e-12       4.958358067321e-15       1.758671514757e-13       2.690122015771e-14       2.139482729254e-15 
  379       2.704347506460e-10       2.915756630225e-12       6.169628566231e-12       4.972663921371e-15       1.743135424246e-13       2.643576411474e-14       2.131949542729e-15 
  380       2.684629716098e-10       2.924877718009e-12       5.907601717305e-12       4.987005811990e-15       1.727763771789e-13       2.597584357178e-14       2.124219844328e-15 
  381       2.665521869732e-10       2.933496622808e-12       5.644488931010e-12       5.001385846664e-15       1.712556000642e-13       2.552146173400e-14       2.116297963608e-15 
  382       2.647023972133e-10       2.941611016886e-12       5.380380871468e-12       5.015806164513e-15       1.697511464129e-13       2.507261952752e-14       2.108188344341e-15 
  383       2.629135827594e-10       2.949218647111e-12       5.115369879992e-12       5.030268936445e-15       1.682629424833e-13       2.462931557814e-14       2.099895545278e-15 
  384       2.611857038119e-10       2.956317335706e-12       4.849549984989e-12       5.044776365316e-15       1.667909053789e-13       2.419154619020e-14       2.091424240905e-15 
  385       2.595187001615e-10       2.962904980984e-12       4.583016911872e-12       5.059330686084e-15       1.653349429679e-13       2.375930532538e-14       2.082779222216e-15 
  386       2.579124910084e-10       2.968979558099e-12       4.315868092968e-12       5.073934165969e-15       1.638949538023e-13       2.333258458146e-14       2.073965397464e-15 
  387       2.563669747810e-10       2.974539119783e-12       4.048202677428e-12       5.088589104605e-15       1.624708270374e-13       2.291137317121e-14       2.064987792933e-15 
  388       2.548820289553e-10       2.979581797096e-12       3.780121541139e-12       5.103297834201e-15       1.610624423513e-13       2.249565790110e-14       2.055851553694e-15 
  389       2.534575098740e-10       2.984105800165e-12       3.511727296628e-12       5.118062719698e-15       1.596696698639e-13       2.208542315018e-14       2.046561944369e-15 
  390       2.520932525654e-10       2.988109418928e-12       3.243124302976e-12       5.132886158920e-15       1.582923700562e-13       2.168065084885e-14       2.037124349895e-15 
  391       2.507890705624e-10       2.991591023880e-12       2.974418675724e-12       5.147770582738e-15       1.569303936901e-13       2.128132045767e-14       2.027544276284e-15 
  392       2.495447557219e-10       2.994549066814e-12       2.705718296786e-12       5.162718455221e-15       1.555835817272e-13       2.088740894618e-14       2.017827351389e-15 
  393       2.483600780438e-10       2.996982081567e-12       2.437132824356e-12       5.177732273797e-15       1.542517652485e-13       2.049889077169e-14       2.007979325660e-15 
  394       2.472347854896e-10       2.998888684761e-12       2.168773702818e-12       5.192814569407e-15       1.529347653736e-13       2.011573785810e-14       1.998006072913e-15 
  395       2.461686038024e-10       3.000267576548e-12       1.900754172653e-12       5.207967906663e-15       1.516323931800e-13       1.973791957469e-14       1.987913591088e-15 
  396       2.451612363249e-10       3.001117541354e-12       1.633189280354e-12       5.223194884003e-15       1.503444496224e-13       1.936540271494e-14       1.977708003014e-15 
  397       2.442123638195e-10       3.001437448620e-12       1.366195888329e-12       5.238498133850e-15       1.490707254522e-13       1.899815147532e-14       1.967395557170e-15 
  398       2.433216442865e-10       3.001226253550e-12       1.099892684816e-12       5.253880322769e-15       1.478110011369e-13       1.863612743413e-14       1.956982628446e-15 
  399       2.424887127838e-10       3.000482997849e-12       8.344001937877e-13       5.269344151621e-15       1.465650467788e-13       1.827928953026e-14       1.946475718909e-15 
  400       2.417131812458e-10       2.999206810473e-12       5.698407848637e-13       5.284892355721e-15       1.453326220353e-13       1.792759404203e-14       1.935881458562e-15 
  401       2.409946383023e-10       2.997396908366e-12       3.063386832193e-13       5.300527704996e-15       1.441134760374e-13       1.758099456598e-14       1.925206606107e-15 
  402       2.403326490977e-10       2.995052597208e-12       4.401997949448e-14       5.316253004140e-15       1.429073473095e-13       1.723944199567e-14       1.914458049710e-15 
  403       2.397267551103e-10       2.992173272158e-12      -2.169873602966e-13       5.332071092772e-15       1.417139636887e-13       1.690288450052e-14       1.903642807760e-15 
  404       2.391764739709e-10       2.988758418594e-12      -4.765534848559e-13       5.347984845591e-15       1.405330422438e-13       1.657126750458e-14       1.892768029632e-15 
  405       2.386812992823e-10       2.984807612863e-12      -7.345466476924e-13       5.363997172535e-15       1.393642891951e-13       1.624453366534e-14       1.881840996450e-15 
  406       2.382407004383e-10       2.980320523017e-12      -9.908331972129e-13       5.380111018938e-15       1.382073998334e-13       1.592262285257e-14       1.870869121851e-15 
  407       2.378541224426e-10       2.975296909565e-12      -1.245277566812e-12       5.396329365681e-15       1.370620584394e-13       1.560547212707e-14       1.859859952744e-15 
  408       2.375209857279e-10       2.969736626207e-12      -1.497742264963e-12       5.412655229358e-15       1.359279382030e-13       1.529301571952e-14       1.848821170075e-15 
  409       2.372406859753e-10       2.963639620586e-12      -1.748087865310e-12       5.429091662425e-15       1.348047011430e-13       1.498518500927e-14       1.837760589586e-15 
  410       2.370125939330e-10       2.957005935026e-12      -1.996172996755e-12       5.445641753360e-15       1.336919980259e-13       1.468190850317e-14       1.826686162583e-15 
  411       2.368360969299e-10       2.949836443403e-12      -2.241868831572e-12       5.462308187656e-15       1.325895299706e-13       1.438312293007e-14       1.815604381211e-15 
  412       2.367107254006e-10       2.942135088903e-12      -2.485103133955e-12       5.479091913397e-15       1.314972358249e-13       1.408880699969e-14       1.804515430663e-15 
  413       2.366360304755e-10       2.933906726791e-12      -2.725817748370e-12       5.495993428836e-15       1.304151112508e-13       1.379894879494e-14       1.793417867182e-15 
  414       2.366115425394e-10       2.925156396692e-12      -2.963954242493e-12       5.513013217155e-15       1.293431476013e-13       1.351353475067e-14       1.782310197706e-15 
  415       2.366367710801e-10       2.915889323850e-12      -3.199453907568e-12       5.530151746300e-15       1.282813318826e-13       1.323254964030e-14       1.771190879496e-15 
  416       2.367112045367e-10       2.906110920402e-12      -3.432257758775e-12       5.547409468836e-15       1.272296467180e-13       1.295597656258e-14       1.760058319771e-15 
  417       2.368343101488e-10       2.895826786635e-12      -3.662306535594e-12       5.564786821787e-15       1.261880703102e-13       1.268379692819e-14       1.748910875340e-15 
  418       2.370055338048e-10       2.885042712258e-12      -3.889540702173e-12       5.582284226481e-15       1.251565764047e-13       1.241599044650e-14       1.737746852230e-15 
  419       2.372242998905e-10       2.873764677662e-12      -4.113900447688e-12       5.599902088399e-15       1.241351342529e-13       1.215253511219e-14       1.726564505321e-15 
  420       2.374900111378e-10       2.861998855189e-12      -4.335325686710e-12       5.617640797019e-15       1.231237085751e-13       1.189340719198e-14       1.715362037976e-15 
  421       2.378020484733e-10       2.849751610395e-12      -4.553756059571e-12       5.635500725659e-15       1.221222595235e-13       1.163858121129e-14       1.704137601672e-15 
  422       2.381597708670e-10       2.837029503315e-12      -4.769130932728e-12       5.653482231329e-15       1.211307426451e-13       1.138802994092e-14       1.692889295637e-15 
  423       2.385625151809e-10       2.823839289730e-12      -4.981389399128e-12       5.671585654567e-15       1.201491088450e-13       1.114172438375e-14       1.681615166472e-15 
  424       2.390095960175e-10       2.810187922433e-12      -5.190470278572e-12       5.689811319294e-15       1.191773043495e-13       1.089963376141e-14       1.670313207793e-15 
  425       2.395003055685e-10       2.796082552488e-12      -5.396312118081e-12       5.708159532654e-15       1.182152706688e-13       1.066172550097e-14       1.658981359856e-15 
  426       2.400339134637e-10       2.781530530505e-12      -5.598853192260e-12       5.726630584859e-15       1.172629445603e-13       1.042796522163e-14       1.647617509189e-15 
  427       2.406096666190e-10       2.766539407897e-12      -5.798031503665e-12       5.745224749040e-15       1.163202579916e-13       1.019831672137e-14       1.636219488229e-15 
  428       2.412267890857e-10       2.751116938148e-12      -5.993784783165e-12       5.763942281086e-15       1.153871381036e-13       9.972741963682e-15       1.624785074947e-15 
  429       2.418844818988e-10       2.735271078080e-12      -6.186050490308e-12       5.782783419494e-15       1.144635071734e-13       9.751201064222e-15       1.613311992483e-15 
  430       2.425819229255e-10       2.719009989116e-12      -6.374765813687e-12       5.801748385211e-15       1.135492825776e-13       9.533652277500e-15       1.601797908779e-15 
  431       2.433182667140e-10       2.702342038545e-12      -6.559867671302e-12       5.820837381482e-15       1.126443767549e-13       9.320051983564e-15       1.590240436207e-15 
  432       2.440926443423e-10       2.685275800789e-12      -6.741292710930e-12       5.840050593698e-15       1.117486971697e-13       9.110354674684e-15       1.578637131204e-15 
  433       2.449041632665e-10       2.667820058667e-12      -6.918977310484e-12       5.859388189233e-15       1.108621462748e-13       8.904512942035e-15       1.566985493902e-15 
  434       2.457519071694e-10       2.649983804662e-12      -7.092857578381e-12       5.878850317299e-15       1.099846214745e-13       8.702477462379e-15       1.555282967759e-15 
  435       2.466349358097e-10       2.631776242182e-12      -7.262869353908e-12       5.898437108787e-15       1.091160150876e-13       8.504196984752e-15       1.543526939195e-15 
  436       2.475522848697e-10       2.613206786830e-12      -7.428948207584e-12       5.918148676111e-15       1.082562143107e-13       8.309618317143e-15       1.531714737215e-15 
  437       2.485029658049e-10       2.594285067667e-12      -7.591029441527e-12       5.937985113056e-15       1.074051011810e-13       8.118686313180e-15       1.519843633052e-15 
  438       2.494859656919e-10       2.575020928477e-12      -7.749048089818e-12       5.957946494625e-15       1.065625525393e-13       7.931343858813e-15       1.507910839788e-15 
  439       2.505002470774e-10       2.555424429032e-12      -7.902938918864e-12       5.978032876880e-15       1.057284399933e-13       7.747531858996e-15       1.495913511994e-15 
  440       2.515447478265e-10       2.535505846360e-12      -8.052636427769e-12       5.998244296792e-15       1.049026298806e-13       7.567189224372e-15       1.483848745355e-15 
  441       2.526183809719e-10       2.515275676006e-12      -8.198074848691e-12       6.018580772083e-15       1.040849832314e-13       7.390252857957e-15       1.471713576307e-15 
  442       2.537200345620e-10       2.494744633300e-12      -8.339188147213e-12       6.039042301073e-15       1.032753557320e-13       7.216657641820e-15       1.459504981666e-15 
  443       2.548485715095e-10       2.473923654622e-12      -8.475910022705e-12       6.059628862527e-15       1.024735976876e-13       7.046336423770e-15       1.447219878259e-15 
  444       2.560028294405e-10       2.452823898666e-12      -8.608173908689e-12       6.080340415498e-15       1.016795539854e-13       6.879220004037e-15       1.434855122559e-15 
  445       2.571816205428e-10       2.431456747707e-12      -8.735912973205e-12       6.101176899173e-15       1.008930640577e-13       6.715237121957e-15       1.422407510312e-15 
  446       2.583837314144e-10       2.409833808864e-12      -8.859060119174e-12       6.122138232720e-15       1.001139618449e-13       6.554314442653e-15       1.409873776174e-15 
  447       2.596079229125e-10       2.387966915367e-12      -8.977547984765e-12       6.143224315132e-15       9.934207575838e-14       6.396376543722e-15       1.397250593336e-15 
  448       2.608529300018e-10       2.365868127822e-12      -9.091308943760e-12       6.164435025074e-15       9.857722864393e-14       6.241345901914e-15       1.384534573164e-15 
  449       2.621174616034e-10       2.343549735475e-12      -9.200275105916e-12       6.185770220727e-15       9.781923774447e-14       6.089142879820e-15       1.371722264823e-15 
  450       2.634002004430e-10       2.321024257480e-12      -9.304378317333e-12       6.207229739634e-15       9.706791466324e-14       5.939685712551e-15       1.358810154914e-15 
  451       2.646999286147e-10       2.298303942002e-12      -9.403562019742e-12       6.228813163370e-15       9.632309755167e-14       5.792903263541e-15       1.345795756384e-15 
  452       2.660159090333e-10       2.275399243198e-12      -9.497817248353e-12       6.250519103524e-15       9.558474889030e-14       5.648773771585e-15       1.332680914657e-15 
  453       2.673475159768e-10       2.252320297645e-12      -9.587147794849e-12       6.272345892401e-15       9.485286078638e-14       5.507287326318e-15       1.319468607327e-15 
  454       2.686941104063e-10       2.229077423028e-12      -9.671558460633e-12       6.294291815827e-15       9.412742301590e-14       5.368433206169e-15       1.306161864780e-15 
  455       2.700550398884e-10       2.205681119109e-12      -9.751055064176e-12       6.316355112858e-15       9.340842300560e-14       5.232199872570e-15       1.292763770464e-15 
  456       2.714296385174e-10       2.182142068699e-12      -9.825644448362e-12       6.338533975481e-15       9.269584581500e-14       5.098574964146e-15       1.279277461166e-15 
  457       2.728172268388e-10       2.158471138627e-12      -9.895334487834e-12       6.360826548327e-15       9.198967411838e-14       4.967545290925e-15       1.265706127282e-15 
  458       2.742171117711e-10       2.134679380707e-12      -9.960134096340e-12       6.383230928377e-15       9.128988818686e-14       4.839096828529e-15       1.252053013089e-15 
  459       2.756285865289e-10       2.110778032711e-12      -1.002005323408e-11       6.405745164665e-15       9.059646587035e-14       4.713214712379e-15       1.238321417022e-15 
  460       2.770509305452e-10       2.086778519336e-12      -1.007510291505e-11       6.428367257992e-15       8.990938257961e-14       4.589883231897e-15       1.224514691941e-15 
  461       2.784834093946e-10       2.062692453175e-12      -1.012529521438e-11       6.451095160626e-15       8.922861126825e-14       4.469085824699e-15       1.210636245409e-15 
  462       2.799252747151e-10       2.038531635687e-12      -1.017064327570e-11       6.473926776012e-15       8.855412241476e-14       4.350805070803e-15       1.196689539964e-15 
  463       2.813757641315e-10       2.014308058167e-12      -1.021116131847e-11       6.496859958483e-15       8.788588400451e-14       4.235022686824e-15       1.182678093390e-15 
  464       2.828341011777e-10       1.990033902711e-12      -1.024686464532e-11       6.519892512960e-15       8.722386151178e-14       4.121719520173e-15       1.168605478991e-15 
  465       2.842994952192e-10       1.965721543193e-12      -1.027776964943e-11       6.543022194663e-15       8.656801788177e-14       4.010875543265e-15       1.154475325863e-15 
  466       2.857711413760e-10       1.941383546230e-12      -1.030389382183e-11       6.566246708819e-15       8.591831351262e-14       3.902469847708e-15       1.140291319169e-15 
  467       2.872482204449e-10       1.917032672150e-12      -1.032525575876e-11       6.589563710367e-15       8.527470623744e-14       3.796480638511e-15       1.126057200409e-15 
  468       2.887298988226e-10       1.892681875968e-12      -1.034187516904e-11       6.612970803664e-15       8.463715130630e-14       3.692885228283e-15       1.111776767696e-15 
  469       2.902153284278e-10       1.868344308349e-12      -1.035377288140e-11       6.636465542196e-15       8.400560136827e-14       3.591660031429e-15       1.097453876028e-15 
  470       2.917036466244e-10       1.844033316581e-12      -1.036097085182e-11       6.660045428281e-15       8.338000645341e-14       3.492780558354e-15       1.083092437557e-15 
  471       2.931939761435e-10       1.819762445544e-12      -1.036349217086e-11       6.683707912781e-15       8.276031395484e-14       3.396221409663e-15       1.068696421868e-15 
  472       2.946854250066e-10       1.795545438680e-12      -1.036136107106e-11       6.707450394802e-15       8.214646861069e-14       3.301956270358e-15       1.054269856250e-15 
  473       2.961770864478e-10       1.771396238961e-12      -1.035460293422e-11       6.731270221407e-15       8.153841248617e-14       3.209957904041e-15       1.039816825963e-15 
  474       2.976680388366e-10       1.747328989863e-12      -1.034324429881e-11       6.755164687322e-15       8.093608495556e-14       3.120198147113e-15       1.025341474523e-15 
  475       2.991573456008e-10       1.723358036328e-12      -1.032731286725e-11       6.779131034641e-15       8.033942268424e-14       3.032647902973e-15       1.010848003961e-15 
  476       3.006440551486e-10       1.699497925741e-12      -1.030683751332e-11       6.803166452534e-15       7.974835961069e-14       2.947277136220e-15       9.963406751065e-16 
  477       3.021272007916e-10       1.675763408896e-12      -1.028184828944e-11       6.827268076955e-15       7.916282692854e-14       2.864054866853e-15       9.818238078562e-16 
  478       3.036058006673e-10       1.652169440967e-12      -1.025237643409e-11       6.851432990349e-15       7.858275306853e-14       2.782949164468e-15       9.673017814464e-16 
  479       3.050788576618e-10       1.628731182475e-12      -1.021845437908e-11       6.875658221357e-15       7.800806368061e-14       2.703927142463e-15       9.527790347273e-16 
  480       3.065453593323e-10       1.605464000262e-12      -1.018011575696e-11       6.899940744525e-15       7.743868161586e-14       2.626954952232e-15       9.382600664351e-16 
  481       3.080042778300e-10       1.582383468456e-12      -1.013739540831e-11       6.924277480012e-15       7.687452690860e-14       2.551997777373e-15       9.237494354653e-16 
  482       3.094545698222e-10       1.559505369445e-12      -1.009032938916e-11       6.948665293294e-15       7.631551675834e-14       2.479019827878e-15       9.092517611454e-16 
  483       3.108951764157e-10       1.536845694842e-12      -1.003895497823e-11       6.973100994873e-15       7.576156551183e-14       2.407984334344e-15       8.947717235079e-16 
  484       3.123250230787e-10       1.514420646458e-12      -9.983310684379e-12       6.997581339986e-15       7.521258464506e-14       2.338853542163e-15       8.803140635632e-16 
  485       3.137430195639e-10       1.492246637273e-12      -9.923436253893e-12       7.022103028307e-15       7.466848274530e-14       2.271588705729e-15       8.658835835724e-16 
  486       3.151480598309e-10       1.470340292399e-12      -9.859372677843e-12       7.046662703658e-15       7.412916549309e-14       2.206150082635e-15       8.514851473203e-16 
  487       3.165390219688e-10       1.448718450058e-12      -9.791162199435e-12       7.071256953715e-15       7.359453564428e-14       2.142496927874e-15       8.371236803883e-16 
  488       3.179147681191e-10       1.427398162544e-12      -9.718848321353e-12       7.095882309717e-15       7.306449301202e-14       2.080587488040e-15       8.228041704270e-16 
  489       3.192741443981e-10       1.406396697199e-12      -9.642475813106e-12       7.120535246169e-15       7.253893444883e-14       2.020378995524e-15       8.085316674298e-16 
  490       3.206159808195e-10       1.385731537378e-12      -9.562090718373e-12       7.145212180552e-15       7.201775382853e-14       1.961827662720e-15       7.943112840049e-16 
  491       3.219392369851e-10       1.365418717141e-12      -9.477742409253e-12       7.169909632014e-15       7.150085952707e-14       1.904895061646e-15       7.801473781656e-16 
  492       3.232434440615e-10       1.345467769078e-12      -9.389489801033e-12       7.194624703214e-15       7.098822747085e-14       1.849567482512e-15       7.660410745135e-16 
  493       3.245282757437e-10       1.325886628733e-12      -9.297395336001e-12       7.219354612175e-15       7.047984962440e-14       1.795837137198e-15       7.519926701610e-16 
  494       3.257934036666e-10       1.306683287484e-12      -9.201522961524e-12       7.244096534378e-15       6.997571662453e-14       1.743695823064e-15       7.380024454417e-16 
  495       3.270384973993e-10       1.287865792696e-12      -9.101938138415e-12       7.268847602543e-15       6.947581777100e-14       1.693134920318e-15       7.240706637778e-16 
  496       3.282632244411e-10       1.269442247853e-12      -8.998707849294e-12       7.293604906423e-15       6.898014101727e-14       1.644145389391e-15       7.101975715462e-16 
  497       3.294672502156e-10       1.251420812705e-12      -8.891900606949e-12       7.318365492582e-15       6.848867296116e-14       1.596717768309e-15       6.963833979459e-16 
  498       3.306502380664e-10       1.233809703410e-12      -8.781586462700e-12       7.343126364187e-15       6.800139883559e-14       1.550842170064e-15       6.826283548645e-16 
  499       3.318118492519e-10       1.216617192675e-12      -8.667837014763e-12       7.367884480789e-15       6.751830249931e-14       1.506508279986e-15       6.689326367451e-16 
  500       3.329517429401e-10       1.199851609897e-12      -8.550725416609e-12       7.392636758116e-15       6.703936642756e-14       1.463705353113e-15       6.552964204532e-16 
  501       3.340695762042e-10       1.183521341305e-12      -8.430326385331e-12       7.417380067850e-15       6.656457170282e-14       1.422422211567e-15       6.417198651435e-16 
  502       3.351650040170e-10       1.167634830105e-12      -8.306716210001e-12       7.442111237422e-15       6.609389800549e-14       1.382647241926e-15       6.282031121263e-16 
  503       3.362376792466e-10       1.152200576616e-12      -8.179972760038e-12       7.466827049792e-15       6.562732360463e-14       1.344368392591e-15       6.147462847352e-16 
  504       3.372872526509e-10       1.137227138418e-12      -8.050175493569e-12       7.491524243236e-15       6.516482534863e-14       1.307573171162e-15       6.013494881931e-16 
  505       3.383133728728e-10       1.122723130492e-12      -7.917405465789e-12       7.516199511135e-15       6.470637865598e-14       1.272248641809e-15       5.880128094792e-16 
  506       3.393156864353e-10       1.108697225359e-12      -7.781745337327e-12       7.540849501757e-15       6.425195750590e-14       1.238381422646e-15       5.747363171962e-16 
  507       3.402938377366e-10       1.095158153224e-12      -7.643279382606e-12       7.565470818048e-15       6.380153442913e-14       1.205957683097e-15       5.615200614367e-16 
  508       3.412474690450e-10       1.082114702120e-12      -7.502093498207e-12       7.590060017412e-15       6.335508049857e-14       1.174963141277e-15       5.483640736502e-16 
  509       3.421762204940e-10       1.069575718048e-12      -7.358275211233e-12       7.614613611503e-15       6.291256532005e-14       1.145383061355e-15       5.352683665098e-16 
  510       3.430797300773e-10       1.057550105115e-12      -7.211913687666e-12       7.639128066005e-15       6.247395702298e-14       1.117202250933e-15       5.222329337792e-16 
  511       3.439576336439e-10       1.046046825685e-12      -7.063099740738e-12       7.663599800424e-15       6.203922225113e-14       1.090405058413e-15       5.092577501795e-16 
  512       3.448095648932e-10       1.035074900512e-12      -6.911925839285e-12       7.688025187871e-15       6.160832615326e-14       1.064975370372e-15       4.963427712556e-16 
  513       3.456351553698e-10       1.024643408887e-12      -6.758486116117e-12       7.712400554848e-15       6.118123237389e-14       1.040896608932e-15       4.834879332438e-16 
  514       3.464340344587e-10       1.014761488777e-12      -6.602876376374e-12       7.736722181033e-15       6.075790304398e-14       1.018151729136e-15       4.706931529377e-16 
  515       3.472058293805e-10       1.005438336971e-12      -6.445194105894e-12       7.760986299069e-15       6.033829877167e-14       9.967232163129e-16       4.579583275557e-16 
  516       3.479501651861e-10       9.966832092162e-13      -6.285538479574e-12       7.785189094350e-15       5.992237863294e-14       9.765930834571e-16       4.452833346078e-16 
  517       3.486666647520e-10       9.885054203648e-13      -6.124010369728e-12       7.809326704803e-15       5.951010016236e-14       9.577428685951e-16       4.326680317619e-16 
  518       3.493549487751e-10       9.809143445136e-13      -5.960712354458e-12       7.833395220677e-15       5.910141934378e-14       9.401536321601e-16       4.201122567111e-16 
  519       3.500146357680e-10       9.739194151461e-13      -5.795748726009e-12       7.857390684329e-15       5.869629060107e-14       9.238059543633e-16       4.076158270402e-16 
  520       3.506453420541e-10       9.675301252750e-13      -5.629225499136e-12       7.881309090011e-15       5.829466678879e-14       9.086799325657e-16       3.951785400928e-16 
  521       3.512466817621e-10       9.617560275835e-13      -5.461250419466e-12       7.905146383654e-15       5.789649918290e-14       8.947551786505e-16       3.828001728380e-16 
  522       3.518182668218e-10       9.566067345675e-13      -5.291932971858e-12       7.928898462653e-15       5.750173747151e-14       8.820108163948e-16       3.704804817372e-16 
  523       3.523597069583e-10       9.520919186774e-13      -5.121384388768e-12       7.952561175658e-15       5.711032974556e-14       8.704254788418e-16       3.582192026107e-16 
  524       3.528706096878e-10       9.482213124601e-13      -4.949717658613e-12       7.976130322354e-15       5.672222248952e-14       8.599773056726e-16       3.460160505051e-16 
  525       3.533505803123e-10       9.450047087009e-13      -4.777047534127e-12       7.999601653253e-15       5.633736057213e-14       8.506439405783e-16       3.338707195594e-16 
  526       3.537992219146e-10       9.424519605652e-13      -4.603490540734e-12       8.022970869473e-15       5.595568723710e-14       8.424025286321e-16       3.217828828724e-16 
  527       3.542161353534e-10       9.405729817408e-13      -4.429164984900e-12       8.046233622533e-15       5.557714409378e-14       8.352297136611e-16       3.097521923692e-16 
  528       3.546009192583e-10       9.393777465792e-13      -4.254190962502e-12       8.069385514130e-15       5.520167110794e-14       8.291016356183e-16       2.977782786680e-16 
  529       3.549531700250e-10       9.388762902382e-13      -4.078690367189e-12       8.092422095930e-15       5.482920659242e-14       8.239939279547e-16       2.858607509474e-16 
  530       3.552724818101e-10       9.390787088233e-13      -3.902786898745e-12       8.115338869356e-15       5.445968719787e-14       8.198817149915e-16       2.739991968123e-16 
  531       3.555585404882e-10       9.399933276227e-13      -3.726597038648e-12       8.138131751126e-15       5.409305798776e-14       8.167419435624e-16       2.621933768973e-16 
  532       3.558114083641e-10       9.416211503301e-13      -3.550202687858e-12       8.160798484353e-15       5.372930298584e-14       8.145604535350e-16       2.504438148083e-16 
  533       3.560312472542e-10       9.439612579591e-13      -3.373677795546e-12       8.183337265704e-15       5.336841544766e-14       8.133250959036e-16       2.387512230874e-16 
  534       3.562182252661e-10       9.470126263532e-13      -3.197097328573e-12       8.205746283124e-15       5.301038784695e-14       8.130234144161e-16       2.271163098901e-16 
  535       3.563725168328e-10       9.507741255496e-13      -3.020537276014e-12       8.228023715819e-15       5.265521187067e-14       8.136426439377e-16       2.155397789346e-16 
  536       3.564943027481e-10       9.552445191427e-13      -2.844074653683e-12       8.250167734241e-15       5.230287841399e-14       8.151697088143e-16       2.040223294511e-16 
  537       3.565837702017e-10       9.604224636481e-13      -2.667787508659e-12       8.272176500072e-15       5.195337757523e-14       8.175912212366e-16       1.925646561317e-16 
  538       3.566411128134e-10       9.663065078663e-13      -2.491754923812e-12       8.294048166205e-15       5.160669865094e-14       8.208934796028e-16       1.811674490799e-16 
  539       3.566665306691e-10       9.728950922462e-13      -2.316057022328e-12       8.315780876735e-15       5.126283013083e-14       8.250624668829e-16       1.698313937599e-16 
  540       3.566602303548e-10       9.801865482491e-13      -2.140774972235e-12       8.337372766933e-15       5.092175969277e-14       8.300838489821e-16       1.585571709463e-16 
  541       3.566224249921e-10       9.881790977120e-13      -1.965990990929e-12       8.358821963239e-15       5.058347419782e-14       8.359429731040e-16       1.473454566737e-16 
  542       3.565533342732e-10       9.968708522120e-13      -1.791788349696e-12       8.380126583240e-15       5.024795968519e-14       8.426248661148e-16       1.361969221860e-16 
  543       3.564531844954e-10       1.006259812429e-12      -1.618251378243e-12       8.401284735656e-15       4.991520136723e-14       8.501142329064e-16       1.251122338862e-16 
  544       3.563222085964e-10       1.016343867512e-12      -1.445465469220e-12       8.422294520326e-15       4.958518362445e-14       8.583954547600e-16       1.140920532859e-16 
  545       3.561606461893e-10       1.027120794437e-12      -1.273517082746e-12       8.443154028187e-15       4.925789000050e-14       8.674525877099e-16       1.031370369546e-16 
  546       3.559687435973e-10       1.038588257379e-12      -1.102493750934e-12       8.463861341261e-15       4.893330319715e-14       8.772693609069e-16       9.224783646966e-17 
  547       3.557467538888e-10       1.050743807069e-12      -9.324840824208e-13       8.484414532640e-15       4.861140506931e-14       8.878291749820e-16       8.142509836532e-17 
  548       3.554949369124e-10       1.063584880159e-12      -7.635777668852e-13       8.504811666468e-15       4.829217661999e-14       8.991151004097e-16       7.066946408266e-17 
  549       3.552135593318e-10       1.077108798590e-12      -5.958655795795e-13       8.525050797923e-15       4.797559799533e-14       9.111098758721e-16       5.998156991898e-17 
  550       3.549028946606e-10       1.091312768950e-12      -4.294393858525e-13       8.545129973207e-15       4.766164847956e-14       9.237959066218e-16       4.936204697733e-17 
  551       3.545632232976e-10       1.106193881840e-12      -2.643921456757e-13       8.565047229524e-15       4.735030649003e-14       9.371552628460e-16       3.881152111607e-17 
  552       3.541948325614e-10       1.121749111241e-12      -1.008179181685e-13       8.584800595065e-15       4.704154957215e-14       9.511696780299e-16       2.833061289840e-17 
  553       3.537980167256e-10       1.137975313871e-12       6.118813387598e-14       8.604388088995e-15       4.673535439444e-14       9.658205473200e-16       1.791993754192e-17 
  554       3.533730770536e-10       1.154869228554e-12       2.215297394656e-13       8.623807721434e-15       4.643169674349e-14       9.810889258882e-16       7.580104868147e-18 
  555       3.529203218336e-10       1.172427475583e-12       3.801095148837e-13       8.643057493441e-15       4.613055151896e-14       9.969555272950e-16      -2.688280747949e-18 
  556       3.524400664137e-10       1.190646556081e-12       5.368289591631e-13       8.662135396999e-15       4.583189272859e-14       1.013400721853e-15      -1.288462042838e-17 
  557       3.519326332366e-10       1.209522851368e-12       6.915884495611e-13       8.681039414999e-15       4.553569348315e-14       1.030404534991e-15      -2.300832084263e-17 
  558       3.513983518746e-10       1.229052622324e-12       8.442872370340e-13       8.699767521223e-15       4.524192599148e-14       1.047946645617e-15      -3.305879425809e-17 
  559       3.508375590648e-10       1.249232008749e-12       9.948234417109e-13       8.718317680328e-15       4.495056155546e-14       1.066006384482e-15      -4.303545859055e-17 
  560       3.502505987438e-10       1.270057028733e-12       1.143094048369e-12       8.736687847831e-15       4.466157056501e-14       1.084562732543e-15      -5.293773745461e-17 
  561       3.496378220828e-10       1.291523578014e-12       1.288994901907e-12       8.754875970091e-15       4.437492249308e-14       1.103594319329e-15      -6.276506021422e-17 
  562       3.489995875223e-10       1.313627429347e-12       1.432420702821e-12       8.772879984295e-15       4.409058589065e-14       1.123079421300e-15      -7.251686203306e-17 
  563       3.483362608074e-10       1.336364231863e-12       1.573265002679e-12       8.790697818441e-15       4.380852838170e-14       1.142995960215e-15      -8.219258392504e-17 
  564       3.476482150226e-10       1.359729510434e-12       1.711420199592e-12       8.808327391320e-15       4.352871665824e-14       1.163321501493e-15      -9.179167280477e-17 
  565       3.469358306267e-10       1.383718665038e-12       1.846777533693e-12       8.825766612503e-15       4.325111647527e-14       1.184033252579e-15      -1.013135815380e-16 
  566       3.461994954877e-10       1.408326970124e-12       1.979227082609e-12       8.843013382324e-15       4.297569264581e-14       1.205108061304e-15      -1.107577689921e-16 
  567       3.454396049182e-10       1.433549573972e-12       2.108657756937e-12       8.860065591863e-15       4.270240903584e-14       1.226522414252e-15      -1.201237000864e-16 
  568       3.446565617096e-10       1.459381498058e-12       2.234957295715e-12       8.876921122930e-15       4.243122855934e-14       1.248252435121e-15      -1.294108458430e-16 
  569       3.438507761676e-10       1.485817636420e-12       2.358012261902e-12       8.893577848049e-15       4.216211317327e-14       1.270273883088e-15      -1.386186834368e-16 
  570       3.430226661472e-10       1.512852755019e-12       2.477708037847e-12       8.910033630443e-15       4.189502387256e-14       1.292562151173e-15      -1.477466962462e-16 
  571       3.421726630217e-10       1.540480749740e-12       2.593943193594e-12       8.926286777278e-15       4.162992667036e-14       1.315096217671e-15      -1.567944068129e-16 
  572       3.413012296875e-10       1.568692400888e-12       2.706673003571e-12       8.942337412127e-15       4.136681071647e-14       1.337870614497e-15      -1.657614765430e-16 
  573       3.404088430878e-10       1.597477560171e-12       2.815867030765e-12       8.958186137474e-15       4.110567063114e-14       1.360883760836e-15      -1.746476086481e-16 
  574       3.394959883565e-10       1.626825885971e-12       2.921494855068e-12       8.973833584776e-15       4.084650055876e-14       1.384134037511e-15      -1.834525155284e-16 
  575       3.385631588555e-10       1.656726842438e-12       3.023526074037e-12       8.989280414608e-15       4.058929416506e-14       1.407619786799e-15      -1.921759188356e-16 
  576       3.376108562121e-10       1.687169698583e-12       3.121930303642e-12       9.004527316813e-15       4.033404463434e-14       1.431339312243e-15      -2.008175495350e-16 
  577       3.366395903555e-10       1.718143527365e-12       3.216677179028e-12       9.019575010658e-15       4.008074466662e-14       1.455290878475e-15      -2.093771479683e-16 
  578       3.356498795544e-10       1.749637204786e-12       3.307736355267e-12       9.034424244979e-15       3.982938647485e-14       1.479472711023e-15      -2.178544639162e-16 
  579       3.346422504540e-10       1.781639408978e-12       3.395077508114e-12       9.049075798335e-15       3.957996178212e-14       1.503882996137e-15      -2.262492566608e-16 
  580       3.336172381133e-10       1.814138619302e-12       3.478670334760e-12       9.063530479156e-15       3.933246181882e-14       1.528519880595e-15      -2.345612950480e-16 
  581       3.325753860419e-10       1.847123115431e-12       3.558484554592e-12       9.077789125894e-15       3.908687731984e-14       1.553381471527e-15      -2.427903575505e-16 
  582       3.315172462374e-10       1.880580976447e-12       3.634489909942e-12       9.091852607174e-15       3.884319852179e-14       1.578465836227e-15      -2.509362323300e-16 
  583       3.304433792224e-10       1.914500079929e-12       3.706656166847e-12       9.105721821945e-15       3.860141516017e-14       1.603771001968e-15      -2.589987173001e-16 
  584       3.293543540818e-10       1.948868101046e-12       3.774953115803e-12       9.119397699629e-15       3.836151646653e-14       1.629294955823e-15      -2.669776201882e-16 
  585       3.282507484997e-10       1.983672511648e-12       3.839350572519e-12       9.132881200272e-15       3.812349116574e-14       1.655035644474e-15      -2.748727585987e-16 
  586       3.271331487968e-10       2.018900579358e-12       3.899818378672e-12       9.146173314695e-15       3.788732747312e-14       1.680990974034e-15      -2.826839600755e-16 
  587       3.260021499672e-10       2.054539366663e-12       3.956326402664e-12       9.159275064644e-15       3.765301309164e-14       1.707158809860e-15      -2.904110621640e-16 
  588       3.248583557159e-10       2.090575730002e-12       4.008844540376e-12       9.172187502938e-15       3.742053520914e-14       1.733536976369e-15      -2.980539124742e-16 
  589       3.237023784957e-10       2.126996318865e-12       4.057342715923e-12       9.184911713626e-15       3.718988049549e-14       1.760123256854e-15      -3.056123687431e-16 
  590       3.225348395442e-10       2.163787574876e-12       4.101790882409e-12       9.197448812130e-15       3.696103509983e-14       1.786915393302e-15      -3.130862988973e-16 
  591       3.213563689214e-10       2.200935730889e-12       4.142159022685e-12       9.209799945399e-15       3.673398464768e-14       1.813911086206e-15      -3.204755811153e-16 
  592       3.201676055465e-10       2.238426810080e-12       4.178417150099e-12       9.221966292060e-15       3.650871423823e-14       1.841107994387e-15      -3.277801038903e-16 
  593       3.189691972350e-10       2.276246625034e-12       4.210535309256e-12       9.233949062568e-15       3.628520844145e-14       1.868503734803e-15      -3.349997660927e-16 
  594       3.177618007360e-10       2.314380776843e-12       4.238483576769e-12       9.245749499354e-15       3.606345129533e-14       1.896095882370e-15      -3.421344770327e-16 
  595       3.165460817691e-10       2.352814654188e-12       4.262232062019e-12       9.257368876980e-15       3.584342630308e-14       1.923881969775e-15      -3.491841565227e-16 
  596       3.153227150620e-10       2.391533432441e-12       4.281750907905e-12       9.268808502283e-15       3.562511643026e-14       1.951859487294e-15      -3.561487349400e-16 
  597       3.140923843871e-10       2.430522072748e-12       4.297010291604e-12       9.280069714534e-15       3.540850410204e-14       1.980025882607e-15      -3.630281532892e-16 
  598       3.128557825988e-10       2.469765321124e-12       4.307980425322e-12       9.291153885579e-15       3.519357120037e-14       2.008378560614e-15      -3.698223632650e-16 
  599       3.116136116710e-10       2.509247707545e-12       4.314631557051e-12       9.302062419998e-15       3.498029906116e-14       2.036914883252e-15      -3.765313273144e-16 
  600       3.103665827336e-10       2.548953545036e-12       4.316933971326e-12       9.312796755248e-15       3.476866847147e-14       2.065632169309e-15      -3.831550186997e-16 
  601       3.091154161102e-10       2.588866928767e-12       4.314857989976e-12       9.323358361820e-15       3.455865966673e-14       2.094527694240e-15      -3.896934215606e-16 
  602       3.078608413548e-10       2.628971735139e-12       4.308373972884e-12       9.333748743385e-15       3.435025232792e-14       2.123598689988e-15      -3.961465309770e-16 
  603       3.066035972893e-10       2.669251620881e-12       4.297452318737e-12       9.343969436945e-15       3.414342557873e-14       2.152842344791e-15      -4.025143530316e-16 
  604       3.053444320403e-10       2.709690022137e-12       4.282063465785e-12       9.354022012986e-15       3.393815798281e-14       2.182255803005e-15      -4.087969048722e-16 
  605       3.040841030766e-10       2.750270153558e-12       4.262177892596e-12       9.363908075625e-15       3.373442754091e-14       2.211836164920e-15      -4.149942147745e-16 
  606       3.028233772461e-10       2.790975007396e-12       4.237766118808e-12       9.373629262764e-15       3.353221168811e-14       2.241580486569e-15      -4.211063222047e-16 
  607       3.015630308126e-10       2.831787352592e-12       4.208798705889e-12       9.383187246236e-15       3.333148729098e-14       2.271485779554e-15      -4.271332778818e-16 
  608       3.003038494939e-10       2.872689733870e-12       4.175246257888e-12       9.392583731960e-15       3.313223064482e-14       2.301549010854e-15      -4.330751438400e-16 
  609       2.990466284979e-10       2.913664470827e-12       4.137079422190e-12       9.401820460089e-15       3.293441747079e-14       2.331767102643e-15      -4.389319934921e-16 
  610       2.977921725602e-10       2.954693657024e-12       4.094268890277e-12       9.410899205160e-15       3.273802291315e-14       2.362136932108e-15      -4.447039116909e-16 
  611       2.965412287081e-10       2.995760125074e-12       4.046796063809e-12       9.419821895552e-15       3.254302520918e-14       2.392654411940e-15      -4.503909403170e-16 
  612       2.952942827151e-10       3.036850369019e-12       3.994685330679e-12       9.428590974677e-15       3.234941680081e-14       2.423311708104e-15      -4.559929134871e-16 
  613       2.940517578665e-10       3.077951689841e-12       3.937972560055e-12       9.437209048700e-15       3.215719348240e-14       2.454099955364e-15      -4.615096185397e-16 
  614       2.928140818082e-10       3.119051235173e-12       3.876694510878e-12       9.445678768197e-15       3.196635075036e-14       2.485010170126e-15      -4.669408501999e-16 
  615       2.915816865630e-10       3.160135998702e-12       3.810888836034e-12       9.454002828346e-15       3.177688380148e-14       2.516033249956e-15      -4.722864106247e-16 
  616       2.903550085456e-10       3.201192819570e-12       3.740594086541e-12       9.462183969115e-15       3.158878753133e-14       2.547159973105e-15      -4.775461094478e-16 
  617       2.891344885784e-10       3.242208381774e-12       3.665849715718e-12       9.470224975452e-15       3.140205653264e-14       2.578380998024e-15      -4.827197638249e-16 
  618       2.879205719068e-10       3.283169213573e-12       3.586696083367e-12       9.478128677471e-15       3.121668509365e-14       2.609686862891e-15      -4.878071984788e-16 
  619       2.867137082151e-10       3.324061686879e-12       3.503174459951e-12       9.485897950644e-15       3.103266719648e-14       2.641067985130e-15      -4.928082457442e-16 
  620       2.855143516419e-10       3.364872016669e-12       3.415327030770e-12       9.493535715986e-15       3.084999651552e-14       2.672514660928e-15      -4.977227456130e-16 
  621       2.843229607955e-10       3.405586260381e-12       3.323196900140e-12       9.501044940247e-15       3.066866641579e-14       2.704017064763e-15      -5.025505457793e-16 
  622       2.831399987696e-10       3.446190317313e-12       3.226828095573e-12       9.508428636102e-15       3.048866995129e-14       2.735565248917e-15      -5.072915016844e-16 
  623       2.819659331588e-10       3.486669928032e-12       3.126265571949e-12       9.515689862332e-15       3.030999986343e-14       2.767149143006e-15      -5.119454765621e-16 
  624       2.808012360741e-10       3.527010673768e-12       3.021555215699e-12       9.522831724022e-15       3.013264857934e-14       2.798758553491e-15      -5.165123414835e-16 
  625       2.796463841586e-10       3.567197975817e-12       2.912743848982e-12       9.529857372744e-15       2.995660821025e-14       2.830383163209e-15      -5.209919754022e-16 
  626       2.785018586028e-10       3.607217094947e-12       2.799879233860e-12       9.536770006749e-15       2.978187054991e-14       2.862012530884e-15      -5.253842651994e-16 
  627       2.773681451604e-10       3.647053130793e-12       2.683010076480e-12       9.543572871151e-15       2.960842707290e-14       2.893636090657e-15      -5.296891057288e-16 
  628       2.762457341636e-10       3.686691021262e-12       2.562186031247e-12       9.550269258122e-15       2.943626893302e-14       2.925243151600e-15      -5.339063998620e-16 
  629       2.751351205390e-10       3.726115541933e-12       2.437457705007e-12       9.556862507076e-15       2.926538696170e-14       2.956822897242e-15      -5.380360585331e-16 
  630       2.740368038226e-10       3.765311305460e-12       2.308876661220e-12       9.563356004858e-15       2.909577166631e-14       2.988364385085e-15      -5.420780007842e-16 
  631       2.729512881758e-10       3.804262760971e-12       2.176495424142e-12       9.569753185938e-15       2.892741322857e-14       3.019856546130e-15      -5.460321538104e-16 
  632       2.718790824010e-10       3.842954193472e-12       2.040367483001e-12       9.576057532592e-15       2.876030150291e-14       3.051288184395e-15      -5.498984530046e-16 
  633       2.708206999566e-10       3.881369723244e-12       1.900547296171e-12       9.582272575094e-15       2.859442601484e-14       3.082647976435e-15      -5.536768420028e-16 
  634       2.697766589732e-10       3.919493305250e-12       1.757090295359e-12       9.588401891909e-15       2.842977595933e-14       3.113924470866e-15      -5.573672727291e-16 
  635       2.687474822686e-10       3.957308728532e-12       1.610052889774e-12       9.594449109874e-15       2.826634019915e-14       3.145106087885e-15      -5.609697054408e-16 
  636       2.677336973637e-10       3.994799615615e-12       1.459492470308e-12       9.600417904392e-15       2.810410726330e-14       3.176181118788e-15      -5.644841087735e-16 
  637       2.667358364981e-10       4.031949421906e-12       1.305467413716e-12       9.606311999620e-15       2.794306534531e-14       3.207137725495e-15      -5.679104597860e-16 
  638       2.657544366451e-10       4.068741435098e-12       1.148037086790e-12       9.612135168656e-15       2.778320230167e-14       3.237963940068e-15      -5.712487440058e-16 
  639       2.647900395278e-10       4.105158774568e-12       9.872618505398e-13       9.617891233728e-15       2.762450565017e-14       3.268647664235e-15      -5.744989554734e-16 
  640       2.638431916347e-10       4.141184390783e-12       8.232030643690e-13       9.623584066385e-15       2.746696256827e-14       3.299176668907e-15      -5.776610967882e-16 
  641       2.629144442346e-10       4.176801064695e-12       6.559230902538e-13       9.629217587684e-15       2.731055989149e-14       3.329538593703e-15      -5.807351791532e-16 
  642       2.620043533928e-10       4.211991407149e-12       4.854852969204e-13       9.634795768377e-15       2.715528411177e-14       3.359720946466e-15      -5.837212224198e-16 
  643       2.611134799863e-10       4.246737858281e-12       3.119540640231e-13       9.640322629104e-15       2.700112137583e-14       3.389711102790e-15      -5.866192551334e-16 
  644       2.602423897195e-10       4.281022686917e-12       1.353947863218e-13       9.645802240578e-15       2.684805748356e-14       3.419496305537e-15      -5.894293145781e-16 
  645       2.593916531398e-10       4.314827989979e-12      -4.412612213991e-14       9.651238723775e-15       2.669607788638e-14       3.449063664357e-15      -5.921514468220e-16 
  646       2.585618456527e-10       4.348135691885e-12      -2.265412238572e-13       9.656636250122e-15       2.654516768561e-14       3.478400155213e-15      -5.947857067621e-16 
  647       2.577535475381e-10       4.380927543949e-12      -4.117820536859e-13       9.661999041688e-15       2.639531163086e-14       3.507492619898e-15      -5.973321581694e-16 
  648       2.569673439650e-10       4.413185123781e-12      -5.997791146647e-13       9.667331371371e-15       2.624649411836e-14       3.536327765559e-15      -5.997908737340e-16 
  649       2.562038250079e-10       4.444889834694e-12      -7.904618738376e-13       9.672637563085e-15       2.609869918939e-14       3.564892164215e-15      -6.021619351101e-16 
  650       2.554635856615e-10       4.476022905099e-12      -9.837587580758e-13       9.677921991953e-15       2.595191052858e-14       3.593172252280e-15      -6.044454329614e-16 
  651       2.547471387171e-10       4.506567533446e-12      -1.179596656590e-12       9.683188778854e-15       2.580611380496e-14       3.621156866970e-15      -6.066414928646e-16 
  652       2.540546512170e-10       4.536515376968e-12      -1.377899424702e-12       9.688440866192e-15       2.566130375568e-14       3.648844918827e-15      -6.087503535672e-16 
  653       2.533862021301e-10       4.565860207025e-12      -1.578589338309e-12       9.693680921810e-15       2.551747725764e-14       3.676237890024e-15      -6.107722905711e-16 
  654       2.527418689486e-10       4.594595776729e-12      -1.781587579860e-12       9.698911642856e-15       2.537463099827e-14       3.703337313265e-15      -6.127075904847e-16 
  655       2.521217276790e-10       4.622715820950e-12      -1.986814234033e-12       9.704135755885e-15       2.523276147455e-14       3.730144772029e-15      -6.145565510751e-16 
  656       2.515258528326e-10       4.650214056328e-12      -2.194188283418e-12       9.709356016963e-15       2.509186499206e-14       3.756661900804e-15      -6.163194813206e-16 
  657       2.509543174169e-10       4.677084181275e-12      -2.403627604202e-12       9.714575211765e-15       2.495193766399e-14       3.782890385326e-15      -6.179967014632e-16 
  658       2.504071929262e-10       4.703319875990e-12      -2.615048961850e-12       9.719796155682e-15       2.481297541021e-14       3.808831962817e-15      -6.195885430604e-16 
  659       2.498845493326e-10       4.728914802460e-12      -2.828368006790e-12       9.725021693924e-15       2.467497395626e-14       3.834488422225e-15      -6.210953490386e-16 
  660       2.493864550769e-10       4.753862604472e-12      -3.043499270091e-12       9.730254701615e-15       2.453792883242e-14       3.859861604458e-15      -6.225174737443e-16 
  661       2.489129770596e-10       4.778156907620e-12      -3.260356159151e-12       9.735498083903e-15       2.440183537273e-14       3.884953402629e-15      -6.238552829976e-16 
  662       2.484641806314e-10       4.801791319314e-12      -3.478850953377e-12       9.740754776060e-15       2.426668871400e-14       3.909765762286e-15      -6.251091541437e-16 
  663       2.480401295849e-10       4.824759428785e-12      -3.698894799866e-12       9.746027743583e-15       2.413248379489e-14       3.934300681657e-15      -6.262794761057e-16 
  664       2.476408861448e-10       4.847054807097e-12      -3.920397709094e-12       9.751319982296e-15       2.399921535491e-14       3.958560211884e-15      -6.273666494371e-16 
  665       2.472665109589e-10       4.868671007150e-12      -4.143268550591e-12       9.756634518454e-15       2.386687793344e-14       3.982546457262e-15      -6.283710863738e-16 
  666       2.469170630894e-10       4.889601563692e-12      -4.367415048627e-12       9.761974408846e-15       2.373546586881e-14       4.006261575481e-15      -6.292932108868e-16 
  667       2.465926000035e-10       4.909839993327e-12      -4.592743777899e-12       9.767342740896e-15       2.360497329730e-14       4.029707777856e-15      -6.301334587343e-16 
  668       2.462931775643e-10       4.929379794518e-12      -4.819160159205e-12       9.772742632762e-15       2.347539415219e-14       4.052887329574e-15      -6.308922775144e-16 
  669       2.460188500220e-10       4.948214447602e-12      -5.046568455134e-12       9.778177233446e-15       2.334672216275e-14       4.075802549925e-15      -6.315701267173e-16 
  670       2.457696700042e-10       4.966337414792e-12      -5.274871765745e-12       9.783649722888e-15       2.321895085335e-14       4.098455812547e-15      -6.321674777777e-16 
  671       2.455456885076e-10       4.983742140187e-12      -5.503972024252e-12       9.789163312077e-15       2.309207354242e-14       4.120849545658e-15      -6.326848141270e-16 
  672       2.453469548882e-10       5.000422049783e-12      -5.733769992704e-12       9.794721243143e-15       2.296608334153e-14       4.142986232297e-15      -6.331226312461e-16 
  673       2.451735168528e-10       5.016370551475e-12      -5.964165257670e-12       9.800326789469e-15       2.284097315440e-14       4.164868410561e-15      -6.334814367176e-16 
  674       2.450254204494e-10       5.031581035069e-12      -6.195056225921e-12       9.805983255788e-15       2.271673567595e-14       4.186498673846e-15      -6.337617502778e-16 
  675       2.449027100585e-10       5.046046872289e-12      -6.426340120113e-12       9.811693978285e-15       2.259336339130e-14       4.207879671083e-15      -6.339641038697e-16 
  676       2.448054283838e-10       5.059761416786e-12      -6.657912974468e-12       9.817462324703e-15       2.247084857484e-14       4.229014106973e-15      -6.340890416950e-16 
  677       2.447336164430e-10       5.072718004142e-12      -6.889669630460e-12       9.823291694442e-15       2.234918328927e-14       4.249904742233e-15      -6.341371202665e-16 
  678       2.446873135591e-10       5.084909951883e-12      -7.121503732493e-12       9.829185518663e-15       2.222835938457e-14       4.270554393827e-15      -6.341089084607e-16 
  679       2.446665573510e-10       5.096330559485e-12      -7.353307723590e-12       9.835147260388e-15       2.210836849712e-14       4.290965935207e-15      -6.340049875699e-16 
  680       2.446713837243e-10       5.106973108380e-12      -7.584972841069e-12       9.841180414606e-15       2.198920204866e-14       4.311142296552e-15      -6.338259513547e-16 
  681       2.447018268627e-10       5.116830861965e-12      -7.816389112231e-12       9.847288508372e-15       2.187085124537e-14       4.331086465003e-15      -6.335724060965e-16 
  682       2.447579192183e-10       5.125897065613e-12      -8.047445350040e-12       9.853475100912e-15       2.175330707687e-14       4.350801484906e-15      -6.332449706498e-16 
  683       2.448396915031e-10       5.134164946676e-12      -8.278029148806e-12       9.859743783722e-15       2.163656031529e-14       4.370290458045e-15      -6.328442764944e-16 
  684       2.449471726794e-10       5.141627714495e-12      -8.508026879867e-12       9.866098180675e-15       2.152060151425e-14       4.389556543885e-15      -6.323709677881e-16 
  685       2.450803899510e-10       5.148278560411e-12      -8.737323687276e-12       9.872541948117e-15       2.140542100796e-14       4.408602959805e-15      -6.318257014187e-16 
  686       2.452393687540e-10       5.154110657766e-12      -8.965803483477e-12       9.879078774976e-15       2.129100891021e-14       4.427432981342e-15      -6.312091470569e-16 
  687       2.454241327478e-10       5.159117161920e-12      -9.193348944993e-12       9.885712382859e-15       2.117735511339e-14       4.446049942423e-15      -6.305219872081e-16 
  688       2.456347038059e-10       5.163291210249e-12      -9.419841508107e-12       9.892446526158e-15       2.106444928758e-14       4.464457235608e-15      -6.297649172653e-16 
  689       2.458711020070e-10       5.166625922161e-12      -9.645161364544e-12       9.899284992151e-15       2.095228087952e-14       4.482658312326e-15      -6.289386455610e-16 
  690       2.461333456256e-10       5.169114399099e-12      -9.869187457154e-12       9.906231601101e-15       2.084083911168e-14       4.500656683114e-15      -6.280438934201e-16 
  691       2.464214002824e-10       5.170751691262e-12      -1.009180708124e-11       9.913289680354e-15       2.073011447041e-14       4.518454533363e-15      -6.270813610051e-16 
  692       2.467350252354e-10       5.171540743278e-12      -1.031294491956e-11       9.920460474216e-15       2.062010320677e-14       4.536048538029e-15      -6.260516239569e-16 
  693       2.470739238277e-10       5.171486574001e-12      -1.053253461144e-11       9.927744700726e-15       2.051080292873e-14       4.553433959085e-15      -6.249552346771e-16 
  694       2.474377940124e-10       5.170594321658e-12      -1.075050920067e-11       9.935143074593e-15       2.040221112009e-14       4.570606021901e-15      -6.237927563806e-16 
  695       2.478263283307e-10       5.168869244356e-12      -1.096680113363e-11       9.942656307173e-15       2.029432513988e-14       4.587559915144e-15      -6.225647631399e-16 
  696       2.482392138906e-10       5.166316720581e-12      -1.118134225736e-11       9.950285106433e-15       2.018714222176e-14       4.604290790659e-15      -6.212718399281e-16 
  697       2.486761323442e-10       5.162942249698e-12      -1.139406381767e-11       9.958030176926e-15       2.008065947341e-14       4.620793763365e-15      -6.199145826636e-16 
  698       2.491367598667e-10       5.158751452455e-12      -1.160489645721e-11       9.965892219759e-15       1.997487387599e-14       4.637063911145e-15      -6.184935982533e-16 
  699       2.496207671340e-10       5.153750071484e-12      -1.181377021360e-11       9.973871932563e-15       1.986978228349e-14       4.653096274738e-15      -6.170095046364e-16 
  700       2.501278193010e-10       5.147943971800e-12      -1.202061451748e-11       9.981970009466e-15       1.976538142216e-14       4.668885857624e-15      -6.154629308288e-16 
  701       2.506575759797e-10       5.141339141307e-12      -1.222535819064e-11       9.990187141060e-15       1.966166788992e-14       4.684427625922e-15      -6.138545169660e-16 
  702       2.512096912176e-10       5.133941691294e-12      -1.242792944411e-11       9.998524014372e-15       1.955863815578e-14       4.699716508276e-15      -6.121849143475e-16 
  703       2.517838134756e-10       5.125757856942e-12      -1.262825587620e-11       1.000698131284e-14       1.945628855920e-14       4.714747395749e-15      -6.104547854807e-16 
  704       2.523795856061e-10       5.116793997821e-12      -1.282626447069e-11       1.001555971627e-14       1.935461530957e-14       4.729515141710e-15      -6.086648041240e-16 
  705       2.529966448314e-10       5.107056598395e-12      -1.302188159483e-11       1.002425990082e-14       1.925361448553e-14       4.744014561728e-15      -6.068156553315e-16 
  706       2.536346227216e-10       5.096552268521e-12      -1.321503299749e-11       1.003308253896e-14       1.915328203445e-14       4.758240433459e-15      -6.049080354960e-16 
  707       2.542931451730e-10       5.085287743950e-12      -1.340564380722e-11       1.004202829946e-14       1.905361377180e-14       4.772187496542e-15      -6.029426523933e-16 
  708       2.549718323860e-10       5.073269886833e-12      -1.359363853038e-11       1.005109784733e-14       1.895460538056e-14       4.785850452485e-15      -6.009202252258e-16 
  709       2.556702988435e-10       5.060505686215e-12      -1.377894104919e-11       1.006029184383e-14       1.885625241065e-14       4.799223964559e-15      -5.988414846664e-16 
  710       2.563881532887e-10       5.047002258545e-12      -1.396147461986e-11       1.006961094639e-14       1.875855027830e-14       4.812302657684e-15      -5.967071729020e-16 
  711       2.571249987036e-10       5.032766848170e-12      -1.414116187066e-11       1.007905580863e-14       1.866149426549e-14       4.825081118327e-15      -5.945180436778e-16 
  712       2.578804322872e-10       5.017806827842e-12      -1.431792480003e-11       1.008862708030e-14       1.856507951934e-14       4.837553894386e-15      -5.922748623407e-16 
  713       2.586540454330e-10       5.002129699215e-12      -1.449168477467e-11       1.009832540727e-14       1.846930105152e-14       4.849715495084e-15      -5.899784058832e-16 
  714       2.594454237081e-10       4.985743093351e-12      -1.466236252760e-11       1.010815143146e-14       1.837415373765e-14       4.861560390860e-15      -5.876294629872e-16 
  715       2.602541468306e-10       4.968654771218e-12      -1.482987815630e-11       1.011810579088e-14       1.827963231672e-14       4.873083013257e-15      -5.852288340680e-16 
  716       2.610797886481e-10       4.950872624192e-12      -1.499415112081e-11       1.012818911953e-14       1.818573139050e-14       4.884277754815e-15      -5.827773313176e-16 
  717       2.619219171156e-10       4.932404674560e-12      -1.515510024176e-11       1.013840204742e-14       1.809244542292e-14       4.895138968963e-15      -5.802757787490e-16 
  718       2.627800942742e-10       4.913259076020e-12      -1.531264369851e-11       1.014874520050e-14       1.799976873952e-14       4.905660969905e-15      -5.777250122399e-16 
  719       2.636538762284e-10       4.893444114184e-12      -1.546669902725e-11       1.015921920066e-14       1.790769552679e-14       4.915838032516e-15      -5.751258795761e-16 
  720       2.645428131251e-10       4.872968207078e-12      -1.561718311906e-11       1.016982466571e-14       1.781621983167e-14       4.925664392230e-15      -5.724792404959e-16 
  721       2.654464491312e-10       4.851839905644e-12      -1.576401221805e-11       1.018056220929e-14       1.772533556088e-14       4.935134244929e-15      -5.697859667333e-16 
  722       2.663643224118e-10       4.830067894242e-12      -1.590710191938e-11       1.019143244093e-14       1.763503648034e-14       4.944241746839e-15      -5.670469420624e-16 
  723       2.672959651087e-10       4.807660991150e-12      -1.604636716744e-11       1.020243596593e-14       1.754531621461e-14       4.952981014416e-15      -5.642630623406e-16 
  724       2.682409033183e-10       4.784628149066e-12      -1.618172225389e-11       1.021357338540e-14       1.745616824628e-14       4.961346124236e-15      -5.614352355529e-16 
  725       2.691986570696e-10       4.760978455613e-12      -1.631308081575e-11       1.022484529620e-14       1.736758591535e-14       4.969331112892e-15      -5.585643818553e-16 
  726       2.701687403025e-10       4.736721133835e-12      -1.644035583351e-11       1.023625229088e-14       1.727956241869e-14       4.976929976877e-15      -5.556514336189e-16 
  727       2.711506608463e-10       4.711865542701e-12      -1.656345962925e-11       1.024779495774e-14       1.719209080939e-14       4.984136672482e-15      -5.526973354736e-16 
  728       2.721439203971e-10       4.686421177606e-12      -1.668230386467e-11       1.025947388070e-14       1.710516399621e-14       4.990945115679e-15      -5.497030443517e-16 
  729       2.731480144966e-10       4.660397670875e-12      -1.679679953924e-11       1.027128963932e-14       1.701877474297e-14       4.997349182019e-15      -5.466695295321e-16 
  730       2.741624325101e-10       4.633804792261e-12      -1.690685698825e-11       1.028324280878e-14       1.693291566795e-14       5.003342706519e-15      -5.435977726836e-16 
  731       2.751866702925e-10       4.606652947837e-12      -1.701239917750e-11       1.029533356864e-14       1.684758024117e-14       5.008921230117e-15      -5.404886443353e-16 
  732       2.762202685094e-10       4.578954686577e-12      -1.711340188202e-11       1.030756052070e-14       1.676276579910e-14       5.014087277492e-15      -5.373425304939e-16 
  733       2.772627750375e-10       4.550723224828e-12      -1.720985430520e-11       1.031992184753e-14       1.667847058891e-14       5.018845184334e-15      -5.341596986632e-16 
  734       2.783137323266e-10       4.521971951255e-12      -1.730174585590e-11       1.033241570134e-14       1.659469277572e-14       5.023199360593e-15      -5.309404207593e-16 
  735       2.793726773810e-10       4.492714427453e-12      -1.738906614957e-11       1.034504020392e-14       1.651143044220e-14       5.027154290767e-15      -5.276849731265e-16 
  736       2.804391417401e-10       4.462964388562e-12      -1.747180500926e-11       1.035779344651e-14       1.642868158819e-14       5.030714534182e-15      -5.243936365539e-16 
  737       2.815126514595e-10       4.432735743880e-12      -1.754995246677e-11       1.037067348965e-14       1.634644413040e-14       5.033884725274e-15      -5.210666962907e-16 
  738       2.825927270922e-10       4.402042577474e-12      -1.762349876367e-11       1.038367836310e-14       1.626471590196e-14       5.036669573871e-15      -5.177044420630e-16 
  739       2.836788836693e-10       4.370899148797e-12      -1.769243435238e-11       1.039680606571e-14       1.618349465208e-14       5.039073865477e-15      -5.143071680893e-16 
  740       2.847706306812e-10       4.339319893298e-12      -1.775674989729e-11       1.041005456529e-14       1.610277804571e-14       5.041102461555e-15      -5.108751730972e-16 
  741       2.858674720585e-10       4.307319423037e-12      -1.781643627576e-11       1.042342179853e-14       1.602256366313e-14       5.042760299807e-15      -5.074087603388e-16 
  742       2.869689061530e-10       4.274912527299e-12      -1.787148457929e-11       1.043690567083e-14       1.594284899960e-14       5.044052394456e-15      -5.039082376075e-16 
  743       2.880744257187e-10       4.242114173203e-12      -1.792188611449e-11       1.045050405621e-14       1.586363146499e-14       5.044983836533e-15      -5.003739172534e-16 
  744       2.891835178929e-10       4.208939506321e-12      -1.796763240424e-11       1.046421479722e-14       1.578490838341e-14       5.045559794154e-15      -4.968061161999e-16 
  745       2.902956641771e-10       4.175403851288e-12      -1.800871518874e-11       1.047803570475e-14       1.570667699282e-14       5.045785512805e-15      -4.932051559594e-16 
  746       2.914103404179e-10       4.141522712414e-12      -1.804512642655e-11       1.049196455801e-14       1.562893444472e-14       5.045666315626e-15      -4.895713626499e-16 
  747       2.925270167882e-10       4.107311774302e-12      -1.807685829572e-11       1.050599910430e-14       1.555167780369e-14       5.045207603688e-15      -4.859050670104e-16 
  748       2.936451577681e-10       4.072786902455e-12      -1.810390319483e-11       1.052013705901e-14       1.547490404710e-14       5.044414856283e-15      -4.822066044174e-16 
  749       2.947642221257e-10       4.037964143896e-12      -1.812625374407e-11       1.053437610541e-14       1.539861006472e-14       5.043293631198e-15      -4.784763149013e-16 
  750       2.958836628985e-10       4.002859727775e-12      -1.814390278633e-11       1.054871389457e-14       1.532279265832e-14       5.041849565006e-15      -4.747145431615e-16 
  751       2.970029273741e-10       3.967490065987e-12      -1.815684338825e-11       1.056314804524e-14       1.524744854134e-14       5.040088373341e-15      -4.709216385836e-16 
  752       2.981214570714e-10       3.931871753781e-12      -1.816506884133e-11       1.057767614376e-14       1.517257433849e-14       5.038015851184e-15      -4.670979552546e-16 
  753       2.992386877212e-10       3.896021570377e-12      -1.816857266297e-11       1.059229574387e-14       1.509816658541e-14       5.035637873147e-15      -4.632438519798e-16 
  754       3.003540492477e-10       3.859956479578e-12      -1.816734859756e-11       1.060700436666e-14       1.502422172827e-14       5.032960393751e-15      -4.593596922979e-16 
  755       3.014669657493e-10       3.823693630383e-12      -1.816139061756e-11       1.062179950045e-14       1.495073612342e-14       5.029989447712e-15      -4.554458444981e-16 
  756       3.025768554793e-10       3.787250357600e-12      -1.815069292457e-11       1.063667860062e-14       1.487770603702e-14       5.026731150221e-15      -4.515026816354e-16 
  757       3.036831308273e-10       3.750644182459e-12      -1.813524995042e-11       1.065163908954e-14       1.480512764468e-14       5.023191697228e-15      -4.475305815472e-16 
  758       3.047851983002e-10       3.713892813226e-12      -1.811505635821e-11       1.066667835643e-14       1.473299703105e-14       5.019377365724e-15      -4.435299268691e-16 
  759       3.058824585029e-10       3.677014145817e-12      -1.809010704342e-11       1.068179375726e-14       1.466131018950e-14       5.015294514024e-15      -4.395011050509e-16 
  760       3.069743061193e-10       3.640026264409e-12      -1.806039713495e-11       1.069698261463e-14       1.459006302173e-14       5.010949582048e-15      -4.354445083731e-16 
  761       3.080601298937e-10       3.602947442055e-12      -1.802592199625e-11       1.071224221762e-14       1.451925133738e-14       5.006349091604e-15      -4.313605339626e-16 
  762       3.091393126114e-10       3.565796141298e-12      -1.798667722635e-11       1.072756982172e-14       1.444887085370e-14       5.001499646671e-15      -4.272495838090e-16 
  763       3.102112310798e-10       3.528591014780e-12      -1.794265866092e-11       1.074296264869e-14       1.437891719517e-14       4.996407933680e-15      -4.231120647805e-16 
  764       3.112752561096e-10       3.491350905862e-12      -1.789386237341e-11       1.075841788642e-14       1.430938589309e-14       4.991080721798e-15      -4.189483886400e-16 
  765       3.123307524954e-10       3.454094849231e-12      -1.784028467607e-11       1.077393268887e-14       1.424027238527e-14       4.985524863210e-15      -4.147589720616e-16 
  766       3.133770789970e-10       3.416842071516e-12      -1.778192212105e-11       1.078950417589e-14       1.417157201563e-14       4.979747293401e-15      -4.105442366460e-16 
  767       3.144135883203e-10       3.379611991902e-12      -1.771877150146e-11       1.080512943315e-14       1.410328003383e-14       4.973755031437e-15      -4.063046089371e-16 
  768       3.154396270985e-10       3.342424222743e-12      -1.765082985245e-11       1.082080551199e-14       1.403539159490e-14       4.967555180252e-15      -4.020405204378e-16 
  769       3.164545358725e-10       3.305298570171e-12      -1.757809445229e-11       1.083652942933e-14       1.396790175889e-14       4.961154926925e-15      -3.977524076265e-16 
  770       3.174576490728e-10       3.268255034717e-12      -1.750056282347e-11       1.085229816752e-14       1.390080549047e-14       4.954561542965e-15      -3.934407119724e-16 
  771       3.184483567795e-10       3.231312501444e-12      -1.741824139419e-11       1.086810867689e-14       1.383409831855e-14       4.947780986605e-15      -3.891059262810e-16 
  772       3.194262913270e-10       3.194484781948e-12      -1.733117166069e-11       1.088395788354e-14       1.376777832946e-14       4.940813680109e-15      -3.847487346562e-16 
  773       3.203911441928e-10       3.157784498682e-12      -1.723940452212e-11       1.089984268145e-14       1.370184421075e-14       4.933658653121e-15      -3.803698752179e-16 
  774       3.213426045311e-10       3.121224388990e-12      -1.714299166774e-11       1.091575992975e-14       1.363629459439e-14       4.926314933418e-15      -3.759700940392e-16 
  775       3.222803591667e-10       3.084817305456e-12      -1.704198557977e-11       1.093170645258e-14       1.357112805657e-14       4.918781546904e-15      -3.715501451714e-16 
  776       3.232040925877e-10       3.048576216255e-12      -1.693643953615e-11       1.094767903899e-14       1.350634311740e-14       4.911057517616e-15      -3.671107906697e-16 
  777       3.241134869394e-10       3.012514205502e-12      -1.682640761343e-11       1.096367444285e-14       1.344193824075e-14       4.903141867726e-15      -3.626528006185e-16 
  778       3.250082220177e-10       2.976644473599e-12      -1.671194468954e-11       1.097968938268e-14       1.337791183397e-14       4.895033617535e-15      -3.581769531568e-16 
  779       3.258879752625e-10       2.940980337585e-12      -1.659310644663e-11       1.099572054157e-14       1.331426224765e-14       4.886731785478e-15      -3.536840345038e-16 
  780       3.267524217510e-10       2.905535231486e-12      -1.646994937390e-11       1.101176456703e-14       1.325098777541e-14       4.878235388125e-15      -3.491748389842e-16 
  781       3.276012341917e-10       2.870322706664e-12      -1.634253077038e-11       1.102781807094e-14       1.318808665364e-14       4.869543440179e-15      -3.446501690534e-16 
  782       3.284340829170e-10       2.835356432163e-12      -1.621090874783e-11       1.104387762935e-14       1.312555706127e-14       4.860654954480e-15      -3.401108353235e-16 
  783       3.292506358774e-10       2.800650195065e-12      -1.607514223348e-11       1.105993978241e-14       1.306339711954e-14       4.851568942001e-15      -3.355576565880e-16 
  784       3.300505586346e-10       2.766217900829e-12      -1.593529097289e-11       1.107600103425e-14       1.300160489177e-14       4.842284411851e-15      -3.309914598480e-16 
  785       3.308335143550e-10       2.732073573648e-12      -1.579141553278e-11       1.109205785285e-14       1.294017838311e-14       4.832800371279e-15      -3.264130803369e-16 
  786       3.315991638030e-10       2.698231356798e-12      -1.564357730383e-11       1.110810666995e-14       1.287911554029e-14       4.823115825666e-15      -3.218233615463e-16 
  787       3.323471653350e-10       2.664705512980e-12      -1.549183850350e-11       1.112414388089e-14       1.281841425143e-14       4.813229778535e-15      -3.172231552513e-16 
  788       3.330771748920e-10       2.631510424677e-12      -1.533626217886e-11       1.114016584453e-14       1.275807234576e-14       4.803141231545e-15      -3.126133215357e-16 
  789       3.337888459940e-10       2.598660594498e-12      -1.517691220944e-11       1.115616888311e-14       1.269808759339e-14       4.792849184494e-15      -3.079947288179e-16 
  790       3.344818297325e-10       2.566170645530e-12      -1.501385330998e-11       1.117214928215e-14       1.263845770510e-14       4.782352635320e-15      -3.033682538758e-16 
  791       3.351557747648e-10       2.534055321685e-12      -1.484715103333e-11       1.118810329034e-14       1.257918033209e-14       4.771650580100e-15      -2.987347818727e-16 
  792       3.358103273068e-10       2.502329488051e-12      -1.467687177320e-11       1.120402711938e-14       1.252025306572e-14       4.760742013052e-15      -2.940952063823e-16 
  793       3.364451311270e-10       2.471008131237e-12      -1.450308276706e-11       1.121991694392e-14       1.246167343731e-14       4.749625926535e-15      -2.894504294144e-16 
  794       3.370598275393e-10       2.440106359729e-12      -1.432585209887e-11       1.123576890139e-14       1.240343891789e-14       4.738301311050e-15      -2.848013614402e-16 
  795       3.376540553971e-10       2.409639404232e-12      -1.414524870199e-11       1.125157909193e-14       1.234554691794e-14       4.726767155239e-15      -2.801489214178e-16 
  796       3.382274510865e-10       2.379622618023e-12      -1.396134236192e-11       1.126734357825e-14       1.228799478721e-14       4.715022445887e-15      -2.754940368177e-16 
  797       3.387796485195e-10       2.350071477299e-12      -1.377420371920e-11       1.128305838549e-14       1.223077981443e-14       4.703066167922e-15      -2.708376436479e-16 
  798       3.393102791279e-10       2.321001581527e-12      -1.358390427216e-11       1.129871950116e-14       1.217389922708e-14       4.690897304417e-15      -2.661806864796e-16 
  799       3.398189718564e-10       2.292428653791e-12      -1.339051637980e-11       1.131432287498e-14       1.211735019120e-14       4.678514836587e-15      -2.615241184727e-16 
  800       3.403053531562e-10       2.264368541143e-12      -1.319411326456e-11       1.132986441876e-14       1.206112981108e-14       4.665917743795e-15      -2.568689014010e-16 
  801       3.407690469784e-10       2.236837214950e-12      -1.299476901519e-11       1.134534000632e-14       1.200523512911e-14       4.653105003546e-15      -2.522160056777e-16 
  802       3.412096747676e-10       2.209850771247e-12      -1.279255858952e-11       1.136074547333e-14       1.194966312546e-14       4.640075591494e-15      -2.475664103808e-16 
  803       3.416268554551e-10       2.183425431080e-12      -1.258755781733e-11       1.137607661722e-14       1.189441071791e-14       4.626828481437e-15      -2.429211032786e-16 
  804       3.420202054526e-10       2.157577540861e-12      -1.237984340314e-11       1.139132919708e-14       1.183947476155e-14       4.613362645322e-15      -2.382810808550e-16 
  805       3.423893386454e-10       2.132323572713e-12      -1.216949292905e-11       1.140649893347e-14       1.178485204863e-14       4.599677053242e-15      -2.336473483353e-16 
  806       3.427338663860e-10       2.107680124822e-12      -1.195658485753e-11       1.142158150841e-14       1.173053930823e-14       4.585770673440e-15      -2.290209197110e-16 
  807       3.430533974878e-10       2.083663921783e-12      -1.174119853430e-11       1.143657256516e-14       1.167653320609e-14       4.571642472306e-15      -2.244028177657e-16 
  808       3.433475382179e-10       2.060291814951e-12      -1.152341419107e-11       1.145146770817e-14       1.162283034434e-14       4.557291414380e-15      -2.197940741004e-16 
  809       3.436158922911e-10       2.037580782791e-12      -1.130331294844e-11       1.146626250294e-14       1.156942726129e-14       4.542716462353e-15      -2.151957291588e-16 
  810       3.438580608634e-10       2.015547931223e-12      -1.108097681868e-11       1.148095247590e-14       1.151632043114e-14       4.527916577064e-15      -2.106088322529e-16 
  811       3.440737121971e-10       1.994208200966e-12      -1.085648768257e-11       1.149553350082e-14       1.146350671511e-14       4.512891304993e-15      -2.060342661638e-16 
  812       3.442627920465e-10       1.973567443603e-12      -1.062992419415e-11       1.151000296581e-14       1.141098472381e-14       4.497642552322e-15      -2.014722174321e-16 
  813       3.444253170451e-10       1.953629221619e-12      -1.040136482584e-11       1.152435862711e-14       1.135875347886e-14       4.482172842794e-15      -1.969226965864e-16 
  814       3.445613053827e-10       1.934397090055e-12      -1.017088889207e-11       1.153859822437e-14       1.130681196371e-14       4.466484733224e-15      -1.923857126977e-16 
  815       3.446707768114e-10       1.915874596435e-12      -9.938576551878e-12       1.155271948064e-14       1.125515912345e-14       4.450580813613e-15      -1.878612733732e-16 
  816       3.447537526517e-10       1.898065280700e-12      -9.704508811535e-12       1.156672010234e-14       1.120379386467e-14       4.434463707246e-15      -1.833493847491e-16 
  817       3.448102557988e-10       1.880972675139e-12      -9.468767527199e-12       1.158059777918e-14       1.115271505531e-14       4.418136070809e-15      -1.788500514846e-16 
  818       3.448403107289e-10       1.864600304322e-12      -9.231435407543e-12       1.159435018413e-14       1.110192152449e-14       4.401600594489e-15      -1.743632767553e-16 
  819       3.448439435049e-10       1.848951685026e-12      -8.992596016387e-12       1.160797497335e-14       1.105141206239e-14       4.384860002085e-15      -1.698890622464e-16 
  820       3.448211817828e-10       1.834030326173e-12      -8.752333775332e-12       1.162146978619e-14       1.100118542004e-14       4.367917051118e-15      -1.654274081462e-16 
  821       3.447720548179e-10       1.819839728755e-12      -8.510733966399e-12       1.163483224510e-14       1.095124030924e-14       4.350774532933e-15      -1.609783131400e-16 
  822       3.446965934709e-10       1.806383385768e-12      -8.267882734657e-12       1.164805995562e-14       1.090157540233e-14       4.333435272812e-15      -1.565417744028e-16 
  823       3.445948302140e-10       1.793664782146e-12      -8.023867090862e-12       1.166115050629e-14       1.085218933209e-14       4.315902130077e-15      -1.521177875936e-16 
  824       3.444667991371e-10       1.781687394686e-12      -7.778774914091e-12       1.167410146864e-14       1.080308069157e-14       4.298177998202e-15      -1.477063468481e-16 
  825       3.443125359539e-10       1.770454691984e-12      -7.532694954372e-12       1.168691039714e-14       1.075424803391e-14       4.280265804916e-15      -1.433074447726e-16 
  826       3.441320780080e-10       1.759970134364e-12      -7.285716835323e-12       1.169957482912e-14       1.070568987225e-14       4.262168512316e-15      -1.389210724374e-16 
  827       3.439254642792e-10       1.750237173813e-12      -7.037931056784e-12       1.171209228477e-14       1.065740467949e-14       4.243889116969e-15      -1.345472193702e-16 
  828       3.436927353896e-10       1.741259253904e-12      -6.789428997452e-12       1.172446026707e-14       1.060939088822e-14       4.225430650023e-15      -1.301858735495e-16 
  829       3.434339336096e-10       1.733039809737e-12      -6.540302917515e-12       1.173667626173e-14       1.056164689050e-14       4.206796177315e-15      -1.258370213982e-16 
  830       3.431491028642e-10       1.725582267862e-12      -6.290645961285e-12       1.174873773717e-14       1.051417103775e-14       4.187988799476e-15      -1.215006477769e-16 
  831       3.428382887392e-10       1.718890046217e-12      -6.040552159836e-12       1.176064214447e-14       1.046696164058e-14       4.169011652042e-15      -1.171767359775e-16 
  832       3.425015384872e-10       1.712966554054e-12      -5.790116433635e-12       1.177238691730e-14       1.042001696862e-14       4.149867905557e-15      -1.128652677165e-16 
  833       3.421389010336e-10       1.707815191873e-12      -5.539434595174e-12       1.178396947189e-14       1.037333525040e-14       4.130560765685e-15      -1.085662231286e-16 
  834       3.417504269832e-10       1.703439351351e-12      -5.288603351612e-12       1.179538720700e-14       1.032691467315e-14       4.111093473316e-15      -1.042795807603e-16 
  835       3.413361686259e-10       1.699842415277e-12      -5.037720307402e-12       1.180663750384e-14       1.028075338272e-14       4.091469304674e-15      -1.000053175629e-16 
  836       3.408961799434e-10       1.697027757478e-12      -4.786883966927e-12       1.181771772605e-14       1.023484948334e-14       4.071691571421e-15      -9.574340888635e-17 
  837       3.404305166144e-10       1.694998742756e-12      -4.536193737138e-12       1.182862521963e-14       1.018920103751e-14       4.051763620772e-15      -9.149382847253e-17 
  838       3.399392360219e-10       1.693758726813e-12      -4.285749930183e-12       1.183935731293e-14       1.014380606585e-14       4.031688835595e-15      -8.725654844881e-17 
  839       3.394223972585e-10       1.693311056189e-12      -4.035653766045e-12       1.184991131655e-14       1.009866254695e-14       4.011470634525e-15      -8.303153932144e-17 
  840       3.388800611328e-10       1.693659068187e-12      -3.786007375174e-12       1.186028452336e-14       1.005376841718e-14       3.991112472065e-15      -7.881876996904e-17 
  841       3.383122901756e-10       1.694806090807e-12      -3.536913801123e-12       1.187047420838e-14       1.000912157057e-14       3.970617838700e-15      -7.461820763603e-17 
  842       3.377191486462e-10       1.696755442678e-12      -3.288477003181e-12       1.188047762880e-14       9.964719858644e-15       3.949990261001e-15      -7.042981792610e-17 
  843       3.371007025380e-10       1.699510432989e-12      -3.040801859008e-12       1.189029202390e-14       9.920561090274e-15       3.929233301732e-15      -6.625356479568e-17 
  844       3.364570195855e-10       1.703074361417e-12      -2.793994167268e-12       1.189991461499e-14       9.876643031511e-15       3.908350559962e-15      -6.208941054738e-17 
  845       3.357881692696e-10       1.707450518063e-12      -2.548160650266e-12       1.190934260540e-14       9.832963405444e-15       3.887345671166e-15      -5.793731582347e-17 
  846       3.350942228241e-10       1.712642183380e-12      -2.303408956580e-12       1.191857318041e-14       9.789519892039e-15       3.866222307339e-15      -5.379723959930e-17 
  847       3.343752532421e-10       1.718652628104e-12      -2.059847663694e-12       1.192760350722e-14       9.746310127990e-15       3.844984177099e-15      -4.966913917679e-17 
  848       3.336313352818e-10       1.725485113188e-12      -1.817586280637e-12       1.193643073486e-14       9.703331706561e-15       3.823635025798e-15      -4.555297017789e-17 
  849       3.328625454725e-10       1.733142889731e-12      -1.576735250611e-12       1.194505199422e-14       9.660582177433e-15       3.802178635627e-15      -4.144868653801e-17 
  850       3.320689621215e-10       1.741629198910e-12      -1.337405953633e-12       1.195346439792e-14       9.618059046553e-15       3.780618825725e-15      -3.735624049951e-17 
  851       3.312507016734e-10       1.750945452566e-12      -1.099701202797e-12       1.196166554697e-14       9.575760086947e-15       3.758959283917e-15      -3.327569982517e-17 
  852       3.304080284632e-10       1.761085740906e-12      -8.636865490945e-13       1.196965506015e-14       9.533684277330e-15       3.737203058555e-15      -2.920760165573e-17 
  853       3.295412468580e-10       1.772042230459e-12      -6.294184896423e-13       1.197743307075e-14       9.491830879293e-15       3.715353058174e-15      -2.515260470876e-17 
  854       3.286506650864e-10       1.783806974521e-12      -3.969539305029e-13       1.198499972232e-14       9.450199127685e-15       3.693412219150e-15      -2.111137262145e-17 
  855       3.277365952498e-10       1.796371912775e-12      -1.663501877461e-13       1.199235516874e-14       9.408788230514e-15       3.671383505785e-15      -1.708457396348e-17 
  856       3.267993533351e-10       1.809728870932e-12       6.233501149103e-14       1.199949957425e-14       9.367597368842e-15       3.649269910379e-15      -1.307288224988e-17 
  857       3.258392592269e-10       1.823869560351e-12       2.890435279425e-13       1.200643311347e-14       9.326625696682e-15       3.627074453316e-15      -9.076975953886e-18 
  858       3.248566367191e-10       1.838785577677e-12       5.137168091529e-13       1.201315597144e-14       9.285872340897e-15       3.604800183140e-15      -5.097538519801e-18 
  859       3.238518135278e-10       1.854468404465e-12       7.362958884163e-13       1.201966834368e-14       9.245336401099e-15       3.582450176637e-15      -1.135258375849e-18 
  860       3.228251213030e-10       1.870909406816e-12       9.567213837156e-13       1.202597043620e-14       9.205016949542e-15       3.560027538914e-15       2.809171052963e-18 
  861       3.217768956410e-10       1.888099835002e-12       1.174933496661e-12       1.203206246556e-14       9.164913031023e-15       3.537535403476e-15       6.735051331989e-18 
  862       3.207074760961e-10       1.906030823099e-12       1.390872011430e-12       1.203794465889e-14       9.125023662779e-15       3.514976932313e-15       1.064167900409e-17 
  863       3.196172061936e-10       1.924693388615e-12       1.604476293706e-12       1.204361725394e-14       9.085347834383e-15       3.492355315971e-15       1.452834557676e-17 
  864       3.185064334410e-10       1.944078432122e-12       1.815685289617e-12       1.204908049910e-14       9.045884507642e-15       3.469673773637e-15       1.839433750928e-17 
  865       3.173755093410e-10       1.964176736885e-12       2.024437524675e-12       1.205433465346e-14       9.006632616497e-15       3.446935553219e-15       2.223893619988e-17 
  866       3.162247894032e-10       1.984978968495e-12       2.230671102716e-12       1.205937998684e-14       8.967591066917e-15       3.424143931422e-15       2.606141797284e-17 
  867       3.150546331562e-10       2.006475674492e-12       2.434323704837e-12       1.206421677981e-14       8.928758736796e-15       3.401302213831e-15       2.986105406564e-17 
  868       3.138654041601e-10       2.028657284004e-12       2.635332588338e-12       1.206884532375e-14       8.890134475855e-15       3.378413734991e-15       3.363711061614e-17 
  869       3.126574700186e-10       2.051514107371e-12       2.833634585657e-12       1.207326592088e-14       8.851717105536e-15       3.355481858484e-15       3.738884864968e-17 
  870       3.114312023907e-10       2.075036335775e-12       3.029166103314e-12       1.207747888429e-14       8.813505418899e-15       3.332509977010e-15       4.111552406623e-17 
  871       3.101869770035e-10       2.099214040876e-12       3.221863120846e-12       1.208148453800e-14       8.775498180522e-15       3.309501512469e-15       4.481638762755e-17 
  872       3.089251736641e-10       2.124037174434e-12       3.411661189748e-12       1.208528321695e-14       8.737694126397e-15       3.286459916036e-15       4.849068494432e-17 
  873       3.076461762716e-10       2.149495567947e-12       3.598495432413e-12       1.208887526709e-14       8.700091963827e-15       3.263388668245e-15       5.213765646327e-17 
  874       3.063503728295e-10       2.175578932273e-12       3.782300541068e-12       1.209226104540e-14       8.662690371325e-15       3.240291279068e-15       5.575653745435e-17 
  875       3.050381554577e-10       2.202276857268e-12       3.963010776716e-12       1.209544091991e-14       8.625487998508e-15       3.217171287994e-15       5.934655799784e-17 
  876       3.037099204049e-10       2.229578811411e-12       4.140559968075e-12       1.209841526976e-14       8.588483466000e-15       3.194032264105e-15       6.290694297151e-17 
  877       3.023660680604e-10       2.257474141436e-12       4.314881510513e-12       1.210118448522e-14       8.551675365326e-15       3.170877806165e-15       6.643691203777e-17 
  878       3.010070029667e-10       2.285952071960e-12       4.485908364993e-12       1.210374896773e-14       8.515062258808e-15       3.147711542690e-15       6.993567963078e-17 
  879       2.996331338311e-10       2.315001705116e-12       4.653573057008e-12       1.210610912996e-14       8.478642679466e-15       3.124537132034e-15       7.340245494364e-17 
  880       2.982448735386e-10       2.344612020183e-12       4.817807675523e-12       1.210826539582e-14       8.442415130914e-15       3.101358262466e-15       7.683644191547e-17 
  881       2.968426391633e-10       2.374771873213e-12       4.978543871911e-12       1.211021820050e-14       8.406378087257e-15       3.078178652250e-15       8.023683921861e-17 
  882       2.954268519811e-10       2.405469996664e-12       5.135712858893e-12       1.211196799054e-14       8.370529992988e-15       3.055002049727e-15       8.360284024574e-17 
  883       2.939979374818e-10       2.436694999029e-12       5.289245409479e-12       1.211351522381e-14       8.334869262887e-15       3.031832233390e-15       8.693363309701e-17 
  884       2.925563253808e-10       2.468435364465e-12       5.439071855905e-12       1.211486036960e-14       8.299394281917e-15       3.008673011970e-15       9.022840056718e-17 
  885       2.911024496321e-10       2.500679452426e-12       5.585122088574e-12       1.211600390863e-14       8.264103405125e-15       2.985528224509e-15       9.348632013279e-17 
  886       2.896367484394e-10       2.533415497290e-12       5.727325554992e-12       1.211694633309e-14       8.228994957532e-15       2.962401740447e-15       9.670656393927e-17 
  887       2.881596642694e-10       2.566631607993e-12       5.865611258710e-12       1.211768814670e-14       8.194067234040e-15       2.939297459693e-15       9.988829878813e-17 
  888       2.866716438630e-10       2.600315767653e-12       5.999907758263e-12       1.211822986471e-14       8.159318499320e-15       2.916219312714e-15       1.030306861240e-16 
  889       2.851731382481e-10       2.634455833206e-12       6.130143166106e-12       1.211857201396e-14       8.124746987718e-15       2.893171260609e-15       1.061328820219e-16 
  890       2.836646027514e-10       2.669039535034e-12       6.256245147557e-12       1.211871513292e-14       8.090350903147e-15       2.870157295188e-15       1.091940371744e-16 
  891       2.821464836832e-10       2.704054251063e-12       6.378152731182e-12       1.211866006808e-14       8.056128638459e-15       2.847180886516e-15       1.122134970646e-16 
  892       2.806191781270e-10       2.739486325756e-12       6.495851954177e-12       1.211840886842e-14       8.022079437707e-15       2.824243315437e-15       1.151914061074e-16 
  893       2.790830735154e-10       2.775321739230e-12       6.609340798948e-12       1.211796390566e-14       7.988202744533e-15       2.801345313885e-15       1.181281133817e-16 
  894       2.775385609075e-10       2.811546331368e-12       6.718617435324e-12       1.211732757936e-14       7.954497983604e-15       2.778487614941e-15       1.210239733596e-16 
  895       2.759860349994e-10       2.848145801421e-12       6.823680221277e-12       1.211650231692e-14       7.920964560549e-15       2.755670952832e-15       1.238793459231e-16 
  896       2.744258941342e-10       2.885105707599e-12       6.924527703643e-12       1.211549057373e-14       7.887601861887e-15       2.732896062926e-15       1.266945963819e-16 
  897       2.728585403125e-10       2.922411466670e-12       7.021158618850e-12       1.211429483322e-14       7.854409254953e-15       2.710163681728e-15       1.294700954903e-16 
  898       2.712843792021e-10       2.960048353552e-12       7.113571893635e-12       1.211291760696e-14       7.821386087838e-15       2.687474546878e-15       1.322062194653e-16 
  899       2.697038201483e-10       2.998001500916e-12       7.201766645769e-12       1.211136143471e-14       7.788531689311e-15       2.664829397145e-15       1.349033500032e-16 
  900       2.681172761842e-10       3.036255898775e-12       7.285742184780e-12       1.210962888456e-14       7.755845368753e-15       2.642228972427e-15       1.375618742975e-16 
  901       2.665251640407e-10       3.074796394084e-12       7.365498012672e-12       1.210772255295e-14       7.723326416088e-15       2.619674013743e-15       1.401821850558e-16 
  902       2.649279041568e-10       3.113607690336e-12       7.441033824652e-12       1.210564506479e-14       7.690974101715e-15       2.597165263230e-15       1.427646805178e-16 
  903       2.633259206894e-10       3.152674347156e-12       7.512349509851e-12       1.210339907352e-14       7.658787676435e-15       2.574703464145e-15       1.453097644720e-16 
  904       2.617196415240e-10       3.191980779897e-12       7.579445152043e-12       1.210098726122e-14       7.626766371382e-15       2.552289360851e-15       1.478178462735e-16 
  905       2.601094982843e-10       3.231511259241e-12       7.642321030374e-12       1.209841233865e-14       7.594909397959e-15       2.529923698825e-15       1.502893408612e-16 
  906       2.584959263427e-10       3.271249910786e-12       7.700977620077e-12       1.209567704539e-14       7.563215947759e-15       2.507607224644e-15       1.527246687753e-16 
  907       2.568793648305e-10       3.311180714652e-12       7.755415593200e-12       1.209278414986e-14       7.531685192508e-15       2.485340685989e-15       1.551242561744e-16 
  908       2.552602566476e-10       3.351287505070e-12       7.805635819328e-12       1.208973644946e-14       7.500316283982e-15       2.463124831635e-15       1.574885348532e-16 
  909       2.536390484732e-10       3.391553969980e-12       7.851639366302e-12       1.208653677060e-14       7.469108353949e-15       2.440960411454e-15       1.598179422595e-16 
  910       2.520161907756e-10       3.431963650629e-12       7.893427500945e-12       1.208318796881e-14       7.438060514093e-15       2.418848176405e-15       1.621129215120e-16 
  911       2.503921378226e-10       3.472499941165e-12       7.931001689782e-12       1.207969292883e-14       7.407171855948e-15       2.396788878534e-15       1.643739214174e-16 
  912       2.487673476912e-10       3.513146088232e-12       7.964363599764e-12       1.207605456467e-14       7.376441450825e-15       2.374783270970e-15       1.666013964876e-16 
  913       2.471422822785e-10       3.553885190569e-12       7.993515098990e-12       1.207227581970e-14       7.345868349747e-15       2.352832107919e-15       1.687958069576e-16 
  914       2.455174073110e-10       3.594700198605e-12       8.018458257430e-12       1.206835966676e-14       7.315451583377e-15       2.330936144665e-15       1.709576188022e-16 
  915       2.438931923554e-10       3.635573914054e-12       8.039195347645e-12       1.206430910817e-14       7.285190161948e-15       2.309096137561e-15       1.730873037539e-16 
  916       2.422701108284e-10       3.676488989510e-12       8.055728845514e-12       1.206012717591e-14       7.255083075195e-15       2.287312844027e-15       1.751853393200e-16 
  917       2.406486400072e-10       3.717427928047e-12       8.068061430951e-12       1.205581693161e-14       7.225129292286e-15       2.265587022549e-15       1.772522088003e-16 
  918       2.390292610391e-10       3.758373082813e-12       8.076195988634e-12       1.205138146669e-14       7.195327761751e-15       2.243919432673e-15       1.792884013038e-16 
  919       2.374124589522e-10       3.799306656624e-12       8.080135608719e-12       1.204682390244e-14       7.165677411414e-15       2.222310835001e-15       1.812944117667e-16 
  920       2.357987226652e-10       3.840210701563e-12       8.079883587571e-12       1.204214739005e-14       7.136177148322e-15       2.200761991187e-15       1.832707409695e-16 
  921       2.341885449977e-10       3.881067118575e-12       8.075443428480e-12       1.203735511077e-14       7.106825858679e-15       2.179273663937e-15       1.852178955545e-16 
  922       2.325824226804e-10       3.921857657061e-12       8.066818842390e-12       1.203245027593e-14       7.077622407772e-15       2.157846616999e-15       1.871363880430e-16 
  923       2.309808563652e-10       3.962563914479e-12       8.054013748612e-12       1.202743612704e-14       7.048565639904e-15       2.136481615166e-15       1.890267368527e-16 
  924       2.293843506350e-10       4.003167335935e-12       8.037032275556e-12       1.202231593589e-14       7.019654378325e-15       2.115179424268e-15       1.908894663152e-16 
  925       2.277934140147e-10       4.043649213781e-12       8.015878761450e-12       1.201709300461e-14       6.990887425164e-15       2.093940811168e-15       1.927251066933e-16 
  926       2.262085589804e-10       4.083990687213e-12       7.990557755058e-12       1.201177066576e-14       6.962263561354e-15       2.072766543763e-15       1.945341941981e-16 
  927       2.246303019702e-10       4.124172741862e-12       7.961074016410e-12       1.200635228241e-14       6.933781546569e-15       2.051657390975e-15       1.963172710070e-16 
  928       2.230591633941e-10       4.164176209397e-12       7.927432517519e-12       1.200084124823e-14       6.905440119151e-15       2.030614122749e-15       1.980748852804e-16 
  929       2.214956676442e-10       4.203981767114e-12       7.889638443107e-12       1.199524098756e-14       6.877237996041e-15       2.009637510052e-15       1.998075911795e-16 
  930       2.199403431047e-10       4.243569937538e-12       7.847697191324e-12       1.198955495552e-14       6.849173872712e-15       1.988728324864e-15       2.015159488834e-16 
  931       2.183936728968e-10       4.282922543681e-12       7.801621408568e-12       1.198378654734e-14       6.821246576811e-15       1.967887296301e-15       2.032003916301e-16 
  932       2.168559462452e-10       4.322027100666e-12       7.751452213375e-12       1.197793882486e-14       6.793455531892e-15       1.947114978210e-15       2.048608245189e-16 
  933       2.153274048002e-10       4.360872492186e-12       7.697238306852e-12       1.197201478592e-14       6.765800300817e-15       1.926411879489e-15       2.064970194500e-16 
  934       2.138082916955e-10       4.399447520875e-12       7.639028970446e-12       1.196601745476e-14       6.738280432658e-15       1.905778507765e-15       2.081087475291e-16 
  935       2.122988515515e-10       4.437740908108e-12       7.576874067639e-12       1.195994988209e-14       6.710895462647e-15       1.885215369387e-15       2.096957790668e-16 
  936       2.107993304785e-10       4.475741293798e-12       7.510824045649e-12       1.195381514515e-14       6.683644912126e-15       1.864722969415e-15       2.112578835776e-16 
  937       2.093099760799e-10       4.513437236192e-12       7.440929937119e-12       1.194761634776e-14       6.656528288501e-15       1.844301811609e-15       2.127948297787e-16 
  938       2.078310374562e-10       4.550817211671e-12       7.367243361815e-12       1.194135662045e-14       6.629545085193e-15       1.823952398420e-15       2.143063855887e-16 
  939       2.063627652075e-10       4.587869614542e-12       7.289816528320e-12       1.193503912046e-14       6.602694781588e-15       1.803675230984e-15       2.157923181273e-16 
  940       2.049054114375e-10       4.624582756844e-12       7.208702235732e-12       1.192866703185e-14       6.575976842994e-15       1.783470809106e-15       2.172523937137e-16 
  941       2.034592297562e-10       4.660944868137e-12       7.123953875356e-12       1.192224356558e-14       6.549390720587e-15       1.763339631253e-15       2.186863778657e-16 
  942       2.020244752840e-10       4.696944095304e-12       7.035625432402e-12       1.191577195954e-14       6.522935851367e-15       1.743282194548e-15       2.200940352987e-16 
  943       2.006014046545e-10       4.732568502345e-12       6.943771487678e-12       1.190925547863e-14       6.496611658107e-15       1.723298994753e-15       2.214751299249e-16 
  944       1.991902760178e-10       4.767806070181e-12       6.848447219286e-12       1.190269741488e-14       6.470417549307e-15       1.703390526265e-15       2.228294248518e-16 
  945       1.977913490444e-10       4.802644696441e-12       6.749708404319e-12       1.189610108743e-14       6.444352919145e-15       1.683557282102e-15       2.241566823816e-16 
  946       1.964048849276e-10       4.837072195271e-12       6.647611420552e-12       1.188946984268e-14       6.418417147429e-15       1.663799753899e-15       2.254566640101e-16 
  947       1.950311463880e-10       4.871076297120e-12       6.542213248142e-12       1.188280705432e-14       6.392609599549e-15       1.644118431893e-15       2.267291304255e-16 
  948       1.936703976759e-10       4.904644648548e-12       6.433571471322e-12       1.187611612341e-14       6.366929626428e-15       1.624513804913e-15       2.279738415074e-16 
  949       1.923229045749e-10       4.937764812014e-12       6.321744280093e-12       1.186940047844e-14       6.341376564474e-15       1.604986360375e-15       2.291905563260e-16 
  950       1.909889344054e-10       4.970424265681e-12       6.206790471924e-12       1.186266357543e-14       6.315949735534e-15       1.585536584269e-15       2.303790331410e-16 
  951       1.896687560281e-10       5.002610403207e-12       6.088769453444e-12       1.185590889794e-14       6.290648446843e-15       1.566164961148e-15       2.315390294002e-16 
  952       1.883626398466e-10       5.034310533547e-12       5.967741242138e-12       1.184913995720e-14       6.265471990979e-15       1.546871974122e-15       2.326703017392e-16 
  953       1.870708578116e-10       5.065511880750e-12       5.843766468044e-12       1.184236029216e-14       6.240419645809e-15       1.527658104846e-15       2.337726059796e-16 
  954       1.857936834238e-10       5.096201583751e-12       5.716906375444e-12       1.183557346955e-14       6.215490674449e-15       1.508523833509e-15       2.348456971286e-16 
  955       1.845313917371e-10       5.126366696177e-12       5.587222824565e-12       1.182878308393e-14       6.190684325210e-15       1.489469638826e-15       2.358893293775e-16 
  956       1.832842593623e-10       5.155994186136e-12       5.454778293271e-12       1.182199275784e-14       6.165999831552e-15       1.470495998030e-15       2.369032561012e-16 
  957       1.820525644703e-10       5.185070936021e-12       5.319635878756e-12       1.181520614175e-14       6.141436412034e-15       1.451603386858e-15       2.378872298565e-16 
  958       1.808365867953e-10       5.213583742303e-12       5.181859299244e-12       1.180842691425e-14       6.116993270268e-15       1.432792279544e-15       2.388410023818e-16 
  959       1.796366076384e-10       5.241519315330e-12       5.041512895682e-12       1.180165878202e-14       6.092669594872e-15       1.414063148809e-15       2.397643245954e-16 
  960       1.784529098706e-10       5.268864279124e-12       4.898661633436e-12       1.179490547997e-14       6.068464559417e-15       1.395416465851e-15       2.406569465951e-16 
  961       1.772857779364e-10       5.295605171180e-12       4.753371103983e-12       1.178817077128e-14       6.044377322385e-15       1.376852700335e-15       2.415186176568e-16 
  962       1.761354978572e-10       5.321728442259e-12       4.605707526611e-12       1.178145844746e-14       6.020407027114e-15       1.358372320383e-15       2.423490862333e-16 
  963       1.750023572344e-10       5.347220456191e-12       4.455737750113e-12       1.177477232843e-14       5.996552801758e-15       1.339975792566e-15       2.431480999539e-16 
  964       1.738866452527e-10       5.372067489669e-12       4.303529254478e-12       1.176811626262e-14       5.972813759231e-15       1.321663581891e-15       2.439154056228e-16 
  965       1.727886526838e-10       5.396255732046e-12       4.149150152593e-12       1.176149412697e-14       5.949188997163e-15       1.303436151795e-15       2.446507492184e-16 
  966       1.717086718895e-10       5.419771285136e-12       3.992669191934e-12       1.175490982708e-14       5.925677597854e-15       1.285293964133e-15       2.453538758920e-16 
  967       1.706469968248e-10       5.442600163004e-12       3.834155756261e-12       1.174836729721e-14       5.902278628218e-15       1.267237479167e-15       2.460245299671e-16 
  968       1.696039230419e-10       5.464728291773e-12       3.673679867315e-12       1.174187050039e-14       5.878991139745e-15       1.249267155561e-15       2.466624549381e-16 
  969       1.685797476928e-10       5.486141509413e-12       3.511312186514e-12       1.173542342849e-14       5.855814168444e-15       1.231383450365e-15       2.472673934696e-16 
  970       1.675747695331e-10       5.506825565544e-12       3.347124016645e-12       1.172903010226e-14       5.832746734802e-15       1.213586819010e-15       2.478390873950e-16 
  971       1.665892362543e-10       5.526768294827e-12       3.181186010407e-12       1.172269417483e-14       5.809787956271e-15       1.195877818550e-15       2.483773458962e-16 
  972       1.656231856063e-10       5.545966173372e-12       3.013564271326e-12       1.171641773544e-14       5.786937386708e-15       1.178257419106e-15       2.488822511679e-16 
  973       1.646766018920e-10       5.564417860546e-12       2.844324197559e-12       1.171020248782e-14       5.764194681946e-15       1.160726697088e-15       2.493539558449e-16 
  974       1.637494684178e-10       5.582122034387e-12       2.673531771259e-12       1.170405014523e-14       5.741559487687e-15       1.143286732369e-15       2.497926151092e-16 
  975       1.628417674906e-10       5.599077391680e-12       2.501253560104e-12       1.169796243043e-14       5.719031439460e-15       1.125938608287e-15       2.501983866980e-16 
  976       1.619534804144e-10       5.615282648033e-12       2.327556718832e-12       1.169194107573e-14       5.696610162596e-15       1.108683411649e-15       2.505714309112e-16 
  977       1.610845874867e-10       5.630736537943e-12       2.152508990772e-12       1.168598782298e-14       5.674295272188e-15       1.091522232739e-15       2.509119106190e-16 
  978       1.602350679955e-10       5.645437814879e-12       1.976178709368e-12       1.168010442364e-14       5.652086373059e-15       1.074456165312e-15       2.512199912698e-16 
  979       1.594049002154e-10       5.659385251350e-12       1.798634799719e-12       1.167429263874e-14       5.629983059730e-15       1.057486306608e-15       2.514958408974e-16 
  980       1.585940614050e-10       5.672577638979e-12       1.619946780104e-12       1.166855423894e-14       5.607984916383e-15       1.040613757345e-15       2.517396301289e-16 
  981       1.578025278028e-10       5.685013788580e-12       1.440184763514e-12       1.166289100453e-14       5.586091516829e-15       1.023839621733e-15       2.519515321927e-16 
  982       1.570302746243e-10       5.696692530227e-12       1.259419459184e-12       1.165730472546e-14       5.564302424474e-15       1.007165007467e-15       2.521317229254e-16 
  983       1.562772760585e-10       5.707612713333e-12       1.077722174122e-12       1.165179720135e-14       5.542617192287e-15       9.905910257386e-16       2.522803807800e-16 
  984       1.555435052646e-10       5.717773206720e-12       8.951648146421e-13       1.164637024151e-14       5.521035362760e-15       9.741187912342e-16       2.523976868334e-16 
  985       1.548289343685e-10       5.727172898692e-12       7.118198878933e-13       1.164102566497e-14       5.499556467882e-15       9.577494221412e-16       2.524838247940e-16 
  986       1.541335344596e-10       5.735810697112e-12       5.277605033915e-13       1.163576530048e-14       5.478180029101e-15       9.414840401499e-16       2.525389810093e-16 
  987       1.534572755873e-10       5.743685529476e-12       3.430603745503e-13       1.163059098656e-14       5.456905557289e-15       9.253237704578e-16       2.525633444737e-16 
  988       1.528001267578e-10       5.750796342981e-12       1.577938202112e-13       1.162550457147e-14       5.435732552712e-15       9.092697417723e-16       2.525571068361e-16 
  989       1.521620559305e-10       5.757142104606e-12      -2.796423382498e-14       1.162050791330e-14       5.414660504994e-15       8.933230863143e-16       2.525204624075e-16 
  990       1.515430300151e-10       5.762721801180e-12      -2.141382532676e-13       1.161560287990e-14       5.393688893081e-15       8.774849398218e-16       2.524536081685e-16 
  991       1.509430148676e-10       5.767534439459e-12      -4.006520938050e-13       1.161079134899e-14       5.372817185212e-15       8.617564415529e-16       2.523567437772e-16 
  992       1.503619752874e-10       5.771579046199e-12      -5.874289995741e-13       1.160607520810e-14       5.352044838881e-15       8.461387342895e-16       2.522300715769e-16 
  993       1.497998750140e-10       5.774854668230e-12      -7.743916016293e-13       1.160145635466e-14       5.331371300806e-15       8.306329643406e-16       2.520737966033e-16 
  994       1.492566767232e-10       5.777360372527e-12      -9.614619164114e-13       1.159693669597e-14       5.310796006894e-15       8.152402815453e-16       2.518881265927e-16 
  995       1.487323420242e-10       5.779095246288e-12      -1.148561344217e-12       1.159251814921e-14       5.290318382205e-15       7.999618392769e-16       2.516732719893e-16 
  996       1.482268314559e-10       5.780058397005e-12      -1.335610667669e-12       1.158820264153e-14       5.269937840923e-15       7.847987944455e-16       2.514294459528e-16 
  997       1.477401044838e-10       5.780248952539e-12      -1.522530050182e-12       1.158399210998e-14       5.249653786319e-15       7.697523075019e-16       2.511568643663e-16 
  998       1.472721194964e-10       5.779666061191e-12      -1.709239034436e-12       1.157988850159e-14       5.229465610715e-15       7.548235424410e-16       2.508557458439e-16 
  999       1.468228338021e-10       5.778308891781e-12      -1.895656540842e-12       1.157589377338e-14       5.209372695457e-15       7.400136668046e-16       2.505263117380e-16 
 1000       1.463922036256e-10       5.776176633715e-12      -2.081700866014e-12       1.157200989235e-14       5.189374410874e-15       7.253238516854e-16       2.501687861475e-16 
 1001       1.459801841048e-10       5.773268497065e-12      -2.267289681236e-12       1.156823883554e-14       5.169470116248e-15       7.107552717301e-16       2.497833959250e-16 
 1002       1.455867292872e-10       5.769583712640e-12      -2.452340030932e-12       1.156458258999e-14       5.149659159779e-15       6.963091051429e-16       2.493703706846e-16 
 1003       1.452117921265e-10       5.765121532056e-12      -2.636768331134e-12       1.156104315285e-14       5.129940878553e-15       6.819865336887e-16       2.489299428096e-16 
 1004       1.448553244797e-10       5.759881227818e-12      -2.820490367955e-12       1.155762253131e-14       5.110314598506e-15       6.677887426965e-16       2.484623474601e-16 
 1005       1.445172771031e-10       5.753862093387e-12      -3.003421296053e-12       1.155432274266e-14       5.090779634389e-15       6.537169210630e-16       2.479678225806e-16 
 1006       1.441975996495e-10       5.747063443256e-12      -3.185475637102e-12       1.155114581432e-14       5.071335289740e-15       6.397722612556e-16       2.474466089078e-16 
 1007       1.438962406645e-10       5.739484613023e-12      -3.366567278265e-12       1.154809378382e-14       5.051980856841e-15       6.259559593163e-16       2.468989499778e-16 
 1008       1.436131475831e-10       5.731124959466e-12      -3.546609470657e-12       1.154516869886e-14       5.032715616694e-15       6.122692148645e-16       2.463250921345e-16 
 1009       1.433482667267e-10       5.721983860616e-12      -3.725514827818e-12       1.154237261732e-14       5.013538838981e-15       5.987132311007e-16       2.457252845366e-16 
 1010       1.431015432994e-10       5.712060715830e-12      -3.903195324181e-12       1.153970760725e-14       4.994449782031e-15       5.852892148099e-16       2.450997791654e-16 
 1011       1.428728947005e-10       5.701356478244e-12      -4.079570283655e-12       1.153717531179e-14       4.975447777374e-15       5.719982013527e-16       2.444488445458e-16 
 1012       1.426621300454e-10       5.689878276225e-12      -4.254590474892e-12       1.153477563688e-14       4.956532484806e-15       5.588405268625e-16       2.437728071100e-16 
 1013       1.424690294752e-10       5.677634858839e-12      -4.428214361117e-12       1.153250804460e-14       4.937703640938e-15       5.458163484293e-16       2.430720104462e-16 
 1014       1.422933707289e-10       5.664635069777e-12      -4.600400140992e-12       1.153037198659e-14       4.918960974927e-15       5.329258184028e-16       2.423468016495e-16 
 1015       1.421349291374e-10       5.650887847611e-12      -4.771105748018e-12       1.152836690397e-14       4.900304208448e-15       5.201690843758e-16       2.415975313307e-16 
 1016       1.419934776166e-10       5.636402226049e-12      -4.940288849945e-12       1.152649222737e-14       4.881733055667e-15       5.075462891668e-16       2.408245536256e-16 
 1017       1.418687866609e-10       5.621187334184e-12      -5.107906848174e-12       1.152474737682e-14       4.863247223226e-15       4.950575708027e-16       2.400282262044e-16 
 1018       1.417606243369e-10       5.605252396749e-12      -5.273916877168e-12       1.152313176180e-14       4.844846410208e-15       4.827030625018e-16       2.392089102809e-16 
 1019       1.416687562771e-10       5.588606734375e-12      -5.438275803854e-12       1.152164478112e-14       4.826530308124e-15       4.704828926567e-16       2.383669706217e-16 
 1020       1.415929456727e-10       5.571259763836e-12      -5.600940227031e-12       1.152028582298e-14       4.808298600880e-15       4.583971848172e-16       2.375027755555e-16 
 1021       1.415329532680e-10       5.553220998312e-12      -5.761866476779e-12       1.151905426488e-14       4.790150964759e-15       4.464460576728e-16       2.366166969823e-16 
 1022       1.414885373533e-10       5.534500047633e-12      -5.921010613860e-12       1.151794947360e-14       4.772087068394e-15       4.346296250359e-16       2.357091103828e-16 
 1023       1.414594537585e-10       5.515106618540e-12      -6.078328429129e-12       1.151697080516e-14       4.754106572746e-15       4.229479958247e-16       2.347803948275e-16 
 1024       1.414454558470e-10       5.495050514934e-12      -6.233775442937e-12       1.151611760481e-14       4.736209131079e-15       4.114012740456e-16       2.338309329860e-16 
 1025       1.414462945086e-10       5.474341638132e-12      -6.387306904539e-12       1.151538920700e-14       4.718394388936e-15       3.999895587766e-16       2.328611111363e-16 
 1026       1.414617181535e-10       5.452989987119e-12      -6.538877791500e-12       1.151478493532e-14       4.700661984115e-15       3.887129441496e-16       2.318713191739e-16 
 1027       1.414914727057e-10       5.431005658802e-12      -6.688442809101e-12       1.151430410247e-14       4.683011546647e-15       3.775715193337e-16       2.308619506213e-16 
 1028       1.415353015964e-10       5.408398848262e-12      -6.835956389747e-12       1.151394601026e-14       4.665442698769e-15       3.665653685179e-16       2.298334026371e-16 
 1029       1.415929457574e-10       5.385179849011e-12      -6.981372692370e-12       1.151370994956e-14       4.647955054903e-15       3.556945708939e-16       2.287860760252e-16 
 1030       1.416641436151e-10       5.361359053240e-12      -7.124645601839e-12       1.151359520026e-14       4.630548221630e-15       3.449592006390e-16       2.277203752443e-16 
 1031       1.417486310835e-10       5.336946952079e-12      -7.265728728361e-12       1.151360103125e-14       4.613221797668e-15       3.343593268988e-16       2.266367084168e-16 
 1032       1.418461415578e-10       5.311954135845e-12      -7.404575406895e-12       1.151372670038e-14       4.595975373845e-15       3.238950137704e-16       2.255354873383e-16 
 1033       1.419564059083e-10       5.286391294298e-12      -7.541138696550e-12       1.151397145443e-14       4.578808533079e-15       3.135663202847e-16       2.244171274868e-16 
 1034       1.420791524733e-10       5.260269216895e-12      -7.675371379999e-12       1.151433452909e-14       4.561720850352e-15       3.033733003898e-16       2.232820480319e-16 
 1035       1.422141070532e-10       5.233598793039e-12      -7.807225962879e-12       1.151481514890e-14       4.544711892684e-15       2.933160029337e-16       2.221306718443e-16 
 1036       1.423609929037e-10       5.206391012340e-12      -7.936654673201e-12       1.151541252726e-14       4.527781219115e-15       2.833944716469e-16       2.209634255047e-16 
 1037       1.425195307292e-10       5.178656964862e-12      -8.063609460754e-12       1.151612586635e-14       4.510928380674e-15       2.736087451254e-16       2.197807393131e-16 
 1038       1.426894386768e-10       5.150407841380e-12      -8.188041996515e-12       1.151695435715e-14       4.494152920361e-15       2.639588568137e-16       2.185830472983e-16 
 1039       1.428704323290e-10       5.121654933629e-12      -8.309903672049e-12       1.151789717935e-14       4.477454373120e-15       2.544448349873e-16       2.173707872270e-16 
 1040       1.430622246981e-10       5.092409634566e-12      -8.429145598923e-12       1.151895350138e-14       4.460832265815e-15       2.450667027361e-16       2.161444006132e-16 
 1041       1.432645262192e-10       5.062683438613e-12      -8.545718608106e-12       1.152012248031e-14       4.444286117208e-15       2.358244779466e-16       2.149043327270e-16 
 1042       1.434770447438e-10       5.032487941919e-12      -8.659573249377e-12       1.152140326189e-14       4.427815437932e-15       2.267181732852e-16       2.136510326045e-16 
 1043       1.436994855334e-10       5.001834842607e-12      -8.770659790734e-12       1.152279498047e-14       4.411419730472e-15       2.177477961808e-16       2.123849530566e-16 
 1044       1.439315512527e-10       4.970735941034e-12      -8.878928217798e-12       1.152429675898e-14       4.395098489136e-15       2.089133488080e-16       2.111065506783e-16 
 1045       1.441729419636e-10       4.939203140037e-12      -8.984328233217e-12       1.152590770889e-14       4.378851200033e-15       2.002148280694e-16       2.098162858582e-16 
 1046       1.444233551184e-10       4.907248445193e-12      -9.086809256078e-12       1.152762693021e-14       4.362677341050e-15       1.916522255791e-16       2.085146227875e-16 
 1047       1.446824855534e-10       4.874883965069e-12      -9.186320421309e-12       1.152945351141e-14       4.346576381828e-15       1.832255276448e-16       2.072020294695e-16 
 1048       1.449500254823e-10       4.842121911476e-12      -9.282810579085e-12       1.153138652944e-14       4.330547783737e-15       1.749347152513e-16       2.058789777284e-16 
 1049       1.452256644899e-10       4.808974599723e-12      -9.376228294237e-12       1.153342504964e-14       4.314590999853e-15       1.667797640431e-16       2.045459432191e-16 
 1050       1.455090895255e-10       4.775454448870e-12      -9.466521845657e-12       1.153556812578e-14       4.298705474932e-15       1.587606443071e-16       2.032034054362e-16 
 1051       1.457999946814e-10       4.741574003660e-12      -9.553648537264e-12       1.153781459471e-14       4.282890703519e-15       1.508772436804e-16       2.018517734782e-16 
 1052       1.460981106907e-10       4.707346000144e-12      -9.637602773840e-12       1.154016245748e-14       4.267146405197e-15       1.431291341296e-16       2.004911621921e-16 
 1053       1.464031758266e-10       4.672783301472e-12      -9.718388374289e-12       1.154260948959e-14       4.251472351725e-15       1.355158016981e-16       1.991216129354e-16 
 1054       1.467149261494e-10       4.637898876552e-12      -9.796009295882e-12       1.154515344539e-14       4.235868309112e-15       1.280367234623e-16       1.977431675404e-16 
 1055       1.470330955008e-10       4.602705800306e-12      -9.870469634675e-12       1.154779205805e-14       4.220334037599e-15       1.206913675060e-16       1.963558683149e-16 
 1056       1.473574154985e-10       4.567217253926e-12      -9.941773625924e-12       1.155052303946e-14       4.204869291642e-15       1.134791928949e-16       1.949597580441e-16 
 1057       1.476876155310e-10       4.531446525131e-12      -1.000992564450e-11       1.155334408023e-14       4.189473819892e-15       1.063996496511e-16       1.935548799912e-16 
 1058       1.480234227521e-10       4.495407008420e-12      -1.007493020532e-11       1.155625284961e-14       4.174147365182e-15       9.945217872742e-17       1.921412778989e-16 
 1059       1.483645620753e-10       4.459112205330e-12      -1.013679196374e-11       1.155924699541e-14       4.158889664505e-15       9.263621198203e-17       1.907189959903e-16 
 1060       1.487107561683e-10       4.422575724689e-12      -1.019551571599e-11       1.156232414401e-14       4.143700448998e-15       8.595117215281e-17       1.892880789706e-16 
 1061       1.490617254481e-10       4.385811282878e-12      -1.025110639959e-11       1.156548190025e-14       4.128579443927e-15       7.939647283185e-17       1.878485720277e-16 
 1062       1.494171880750e-10       4.348832704079e-12      -1.030356909376e-11       1.156871784738e-14       4.113526368663e-15       7.297151843988e-17       1.864005208338e-16 
 1063       1.497768599474e-10       4.311653920536e-12      -1.035290901982e-11       1.157202954705e-14       4.098540936672e-15       6.667570420079e-17       1.849439715466e-16 
 1064       1.501404546965e-10       4.274288972810e-12      -1.039913154166e-11       1.157541453920e-14       4.083622855492e-15       6.050841611601e-17       1.834789708103e-16 
 1065       1.505076836807e-10       4.236752010033e-12      -1.044224216610e-11       1.157887034204e-14       4.068771826717e-15       5.446903093905e-17       1.820055657568e-16 
 1066       1.508782559801e-10       4.199057290165e-12      -1.048224654335e-11       1.158239445201e-14       4.053987545981e-15       4.855691614992e-17       1.805238040070e-16 
 1067       1.512518783914e-10       4.161219180250e-12      -1.051915046738e-11       1.158598434366e-14       4.039269702937e-15       4.277142992959e-17       1.790337336721e-16 
 1068       1.516282554222e-10       4.123252156671e-12      -1.055295987638e-11       1.158963746968e-14       4.024617981242e-15       3.711192113447e-17       1.775354033545e-16 
 1069       1.520070892854e-10       4.085170805407e-12      -1.058368085316e-11       1.159335126078e-14       4.010032058541e-15       3.157772927087e-17       1.760288621492e-16 
 1070       1.523880798943e-10       4.046989822288e-12      -1.061131962557e-11       1.159712312567e-14       3.995511606443e-15       2.616818446944e-17       1.745141596451e-16 
 1071       1.527709248569e-10       4.008724013250e-12      -1.063588256691e-11       1.160095045100e-14       3.981056290512e-15       2.088260745965e-17       1.729913459258e-16 
 1072       1.531553194703e-10       3.970388294593e-12      -1.065737619636e-11       1.160483060131e-14       3.966665770241e-15       1.572030954425e-17       1.714604715712e-16 
 1073       1.535409567156e-10       3.931997693235e-12      -1.067580717937e-11       1.160876091893e-14       3.952339699041e-15       1.068059257373e-17       1.699215876586e-16 
 1074       1.539275272520e-10       3.893567346968e-12      -1.069118232812e-11       1.161273872402e-14       3.938077724221e-15       5.762748920776e-18       1.683747457638e-16 
 1075       1.543147194121e-10       3.855112504715e-12      -1.070350860188e-11       1.161676131442e-14       3.923879486968e-15       9.660614547495e-19       1.668199979621e-16 
 1076       1.547022191958e-10       3.816648526782e-12      -1.071279310750e-11       1.162082596565e-14       3.909744622334e-15      -3.710196483876e-18       1.652573968301e-16 
 1077       1.550897102651e-10       3.778190885121e-12      -1.071904309975e-11       1.162492993085e-14       3.895672759214e-15      -8.266761109036e-18       1.636869954464e-16 
 1078       1.554768739389e-10       3.739755163579e-12      -1.072226598180e-11       1.162907044070e-14       3.881663520331e-15      -1.270437821462e-17       1.621088473927e-16 
 1079       1.558633891872e-10       3.701357058156e-12      -1.072246930559e-11       1.163324470339e-14       3.867716522219e-15      -1.702380320001e-17       1.605230067556e-16 
 1080       1.562489326260e-10       3.663012377262e-12      -1.071966077227e-11       1.163744990458e-14       3.853831375203e-15      -2.122580109560e-17       1.589295281270e-16 
 1081       1.566331785115e-10       3.624737041972e-12      -1.071384823263e-11       1.164168320729e-14       3.840007683383e-15      -2.531114658839e-17       1.573284666061e-16 
 1082       1.570157987353e-10       3.586547086281e-12      -1.070503968749e-11       1.164594175192e-14       3.826245044615e-15      -2.928062404744e-17       1.557198778000e-16 
 1083       1.573964628180e-10       3.548458657361e-12      -1.069324328811e-11       1.165022265611e-14       3.812543050496e-15      -3.313502754948e-17       1.541038178251e-16 
 1084       1.577748379049e-10       3.510488015816e-12      -1.067846733666e-11       1.165452301479e-14       3.798901286345e-15      -3.687516090443e-17       1.524803433084e-16 
 1085       1.581505887597e-10       3.472651535938e-12      -1.066072028657e-11       1.165883990001e-14       3.785319331183e-15      -4.050183768090e-17       1.508495113885e-16 
 1086       1.585233777595e-10       3.434965705964e-12      -1.064001074300e-11       1.166317036100e-14       3.771796757719e-15      -4.401588123179e-17       1.492113797168e-16 
 1087       1.588928648892e-10       3.397447128330e-12      -1.061634746321e-11       1.166751142402e-14       3.758333132332e-15      -4.741812471979e-17       1.475660064591e-16 
 1088       1.592587077363e-10       3.360112519926e-12      -1.058973935704e-11       1.167186009236e-14       3.744928015052e-15      -5.070941114290e-17       1.459134502962e-16 
 1089       1.596205614850e-10       3.322978712355e-12      -1.056019548726e-11       1.167621334629e-14       3.731580959540e-15      -5.389059336003e-17       1.442537704255e-16 
 1090       1.599780789115e-10       3.286062652188e-12      -1.052772507002e-11       1.168056814295e-14       3.718291513078e-15      -5.696253411649e-17       1.425870265620e-16 
 1091       1.603309449672e-10       3.249380015733e-12      -1.049234262677e-11       1.168492154455e-14       3.705059266427e-15      -5.992629643808e-17       1.409133034259e-16 
 1092       1.606789810493e-10       3.212941032530e-12      -1.045408351482e-11       1.168927110466e-14       3.691884004203e-15      -6.278371755412e-17       1.392327845615e-16 
 1093       1.610220421163e-10       3.176754606430e-12      -1.041298860556e-11       1.169361448698e-14       3.678765556481e-15      -6.553684271171e-17       1.375456795092e-16 
 1094       1.613599822232e-10       3.140829696122e-12      -1.036909915284e-11       1.169794933753e-14       3.665703749087e-15      -6.818773554886e-17       1.358521994128e-16 
 1095       1.616926545196e-10       3.105175315253e-12      -1.032245679385e-11       1.170227328465e-14       3.652698403578e-15      -7.073847813923e-17       1.341525570227e-16 
 1096       1.620199112478e-10       3.069800532538e-12      -1.027310355006e-11       1.170658393896e-14       3.639749337237e-15      -7.319117103682e-17       1.324469667002e-16 
 1097       1.623416037409e-10       3.034714471880e-12      -1.022108182818e-11       1.171087889328e-14       3.626856363056e-15      -7.554793332073e-17       1.307356444204e-16 
 1098       1.626575824207e-10       2.999926312488e-12      -1.016643442108e-11       1.171515572263e-14       3.614019289723e-15      -7.781090263981e-17       1.290188077765e-16 
 1099       1.629676967960e-10       2.965445288988e-12      -1.010920450871e-11       1.171941198417e-14       3.601237921612e-15      -7.998223525742e-17       1.272966759832e-16 
 1100       1.632717954604e-10       2.931280691545e-12      -1.004943565907e-11       1.172364521717e-14       3.588512058769e-15      -8.206410609612e-17       1.255694698805e-16 
 1101       1.635697260904e-10       2.897441865975e-12      -9.987171829116e-12       1.172785294293e-14       3.575841496900e-15      -8.405870878239e-17       1.238374119369e-16 
 1102       1.638613354436e-10       2.863938213863e-12      -9.922457365722e-12       1.173203266481e-14       3.563226027358e-15      -8.596825569135e-17       1.221007262538e-16 
 1103       1.641464693569e-10       2.830779192679e-12      -9.855337006592e-12       1.173618186812e-14       3.550665437129e-15      -8.779497799147e-17       1.203596385687e-16 
 1104       1.644249727440e-10       2.797974315893e-12      -9.785855881207e-12       1.174029802012e-14       3.538159508822e-15      -8.954112568926e-17       1.186143762586e-16 
 1105       1.646966895940e-10       2.765533153096e-12      -9.714059511760e-12       1.174437856995e-14       3.525708020656e-15      -9.120896767402e-17       1.168651683445e-16 
 1106       1.649614629691e-10       2.733465330108e-12      -9.639993814093e-12       1.174842094863e-14       3.513310746446e-15      -9.280079176254e-17       1.151122454942e-16 
 1107       1.652191350031e-10       2.701780529104e-12      -9.563705098628e-12       1.175242256896e-14       3.500967455591e-15      -9.431890474378e-17       1.133558400265e-16 
 1108       1.654695468990e-10       2.670488488720e-12      -9.485240071309e-12       1.175638082555e-14       3.488677913062e-15      -9.576563242363e-17       1.115961859146e-16 
 1109       1.657125389270e-10       2.639599004179e-12      -9.404645834532e-12       1.176029309471e-14       3.476441879389e-15      -9.714331966963e-17       1.098335187899e-16 
 1110       1.659479504233e-10       2.609121927400e-12      -9.321969888086e-12       1.176415673445e-14       3.464259110649e-15      -9.845433045561e-17       1.080680759456e-16 
 1111       1.661756197872e-10       2.579067167119e-12      -9.237260130083e-12       1.176796908443e-14       3.452129358451e-15      -9.970104790648e-17       1.063000963403e-16 
 1112       1.663953844798e-10       2.549444689001e-12      -9.150564857900e-12       1.177172746591e-14       3.440052369928e-15      -1.008858743429e-16       1.045298206020e-16 
 1113       1.666070810219e-10       2.520264515759e-12      -9.061932769109e-12       1.177542918173e-14       3.428027887719e-15      -1.020112313260e-16       1.027574910311e-16 
 1114       1.668105449918e-10       2.491536727272e-12      -8.971412962419e-12       1.177907151623e-14       3.416055649962e-15      -1.030795597022e-16       1.009833516048e-16 
 1115       1.670056110239e-10       2.463271460696e-12      -8.879054938606e-12       1.178265173527e-14       3.404135390277e-15      -1.040933196477e-16       9.920764798023e-17 
 1116       1.671921128063e-10       2.435478910586e-12      -8.784908601451e-12       1.178616708610e-14       3.392266837755e-15      -1.050549907133e-16       9.743062749841e-17 
 1117       1.673698830788e-10       2.408169329006e-12      -8.689024258676e-12       1.178961479742e-14       3.380449716945e-15      -1.059670718692e-16       9.565253918774e-17 
 1118       1.675387536313e-10       2.381353025651e-12      -8.591452622882e-12       1.179299207927e-14       3.368683747844e-15      -1.068320815496e-16       9.387363376778e-17 
 1119       1.676985553019e-10       2.355040367962e-12      -8.492244812480e-12       1.179629612300e-14       3.356968645880e-15      -1.076525576976e-16       9.209416365283e-17 
 1120       1.678491179744e-10       2.329241781239e-12      -8.391452352630e-12       1.179952410125e-14       3.345304121902e-15      -1.084310578096e-16       9.031438295563e-17 
 1121       1.679902705771e-10       2.303967748760e-12      -8.289127176176e-12       1.180267316789e-14       3.333689882170e-15      -1.091701589802e-16       8.853454749104e-17 
 1122       1.681218410801e-10       2.279228811897e-12      -8.185321624583e-12       1.180574045798e-14       3.322125628335e-15      -1.098724579469e-16       8.675491477965e-17 
 1123       1.682436564940e-10       2.255035570233e-12      -8.080088448870e-12       1.180872308774e-14       3.310611057436e-15      -1.105405711349e-16       8.497574405149e-17 
 1124       1.683555428677e-10       2.231398681675e-12      -7.973480810549e-12       1.181161815451e-14       3.299145861877e-15      -1.111771347016e-16       8.319729624966e-17 
 1125       1.684573252863e-10       2.208328862574e-12      -7.865552282558e-12       1.181442273669e-14       3.287729729426e-15      -1.117848045815e-16       8.141983403404e-17 
 1126       1.685488278693e-10       2.185836887840e-12      -7.756356850198e-12       1.181713389369e-14       3.276362343191e-15      -1.123662565309e-16       7.964362178487e-17 
 1127       1.686298737690e-10       2.163933591056e-12      -7.645948912071e-12       1.181974866595e-14       3.265043381615e-15      -1.129241861725e-16       7.786892560649e-17 
 1128       1.687002851677e-10       2.142629864599e-12      -7.534383281011e-12       1.182226407484e-14       3.253772518462e-15      -1.134613090401e-16       7.609601333098e-17 
 1129       1.687598832768e-10       2.121936659750e-12      -7.421715185024e-12       1.182467712261e-14       3.242549422803e-15      -1.139803606234e-16       7.432515452180e-17 
 1130       1.688084883340e-10       2.101864986818e-12      -7.308000268221e-12       1.182698479241e-14       3.231373759002e-15      -1.144840964129e-16       7.255662047746e-17 
 1131       1.688459554709e-10       2.082424060833e-12      -7.193293208648e-12       1.182918439953e-14       3.220245219293e-15      -1.149744174141e-16       7.079067730589e-17 
 1132       1.688722828259e-10       2.063615712193e-12      -7.077643550327e-12       1.183127465028e-14       3.209163621972e-15      -1.154497342303e-16       6.902756504205e-17 
 1133       1.688875048240e-10       2.045439904030e-12      -6.961099819219e-12       1.183325459675e-14       3.198128814447e-15      -1.159075690101e-16       6.726751826777e-17 
 1134       1.688916564365e-10       2.027896580023e-12      -6.843710902253e-12       1.183512328665e-14       3.187140640759e-15      -1.163454268516e-16       6.551077301956e-17 
 1135       1.688847731815e-10       2.010985664332e-12      -6.725526048135e-12       1.183687976337e-14       3.176198941570e-15      -1.167607957648e-16       6.375756679171e-17 
 1136       1.688668911261e-10       1.994707061549e-12      -6.606594868147e-12       1.183852306592e-14       3.165303554154e-15      -1.171511466347e-16       6.200813853919e-17 
 1137       1.688380468877e-10       1.979060656636e-12      -6.486967336962e-12       1.184005222895e-14       3.154454312390e-15      -1.175139331839e-16       6.026272868078e-17 
 1138       1.687982776348e-10       1.964046314866e-12      -6.366693793444e-12       1.184146628272e-14       3.143651046751e-15      -1.178465919352e-16       5.852157910199e-17 
 1139       1.687476210892e-10       1.949663881770e-12      -6.245824941455e-12       1.184276425313e-14       3.132893584291e-15      -1.181465421746e-16       5.678493315812e-17 
 1140       1.686861155271e-10       1.935913183078e-12      -6.124411850666e-12       1.184394516166e-14       3.122181748643e-15      -1.184111859139e-16       5.505303567726e-17 
 1141       1.686137997803e-10       1.922794024656e-12      -6.002505957355e-12       1.184500802540e-14       3.111515360003e-15      -1.186379078535e-16       5.332613296331e-17 
 1142       1.685307132381e-10       1.910306192457e-12      -5.880159065220e-12       1.184595185703e-14       3.100894235123e-15      -1.188240753450e-16       5.160447279898e-17 
 1143       1.684368958481e-10       1.898449452458e-12      -5.757423346182e-12       1.184677566480e-14       3.090318187302e-15      -1.189670383542e-16       4.988830444880e-17 
 1144       1.683323881184e-10       1.887223550603e-12      -5.634351341193e-12       1.184747845256e-14       3.079787026374e-15      -1.190641294236e-16       4.817787866218e-17 
 1145       1.682172311183e-10       1.876628212749e-12      -5.510995961038e-12       1.184805921969e-14       3.069300558702e-15      -1.191126636354e-16       4.647344767634e-17 
 1146       1.680914664801e-10       1.866663144601e-12      -5.387410487148e-12       1.184851696115e-14       3.058858587165e-15      -1.191099385739e-16       4.477526521939e-17 
 1147       1.679551364004e-10       1.857328031664e-12      -5.263648572399e-12       1.184885066744e-14       3.048460911152e-15      -1.190532342885e-16       4.308358651334e-17 
 1148       1.678082836416e-10       1.848622539176e-12      -5.139764241924e-12       1.184905932460e-14       3.038107326550e-15      -1.189398132565e-16       4.139866827705e-17 
 1149       1.676509515331e-10       1.840546312060e-12      -5.015811893915e-12       1.184914191420e-14       3.027797625733e-15      -1.187669203455e-16       3.972076872933e-17 
 1150       1.674831839733e-10       1.833098974856e-12      -4.891846300431e-12       1.184909741334e-14       3.017531597558e-15      -1.185317827767e-16       3.805014759188e-17 
 1151       1.673050254300e-10       1.826280131673e-12      -4.767922608204e-12       1.184892479464e-14       3.007309027350e-15      -1.182316100869e-16       3.638706609235e-17 
 1152       1.671165209431e-10       1.820089366125e-12      -4.644096339445e-12       1.184862302620e-14       2.997129696895e-15      -1.178635940921e-16       3.473178696732e-17 
 1153       1.669177161248e-10       1.814526241276e-12      -4.520423392651e-12       1.184819107163e-14       2.986993384429e-15      -1.174249088496e-16       3.308457446534e-17 
 1154       1.667086571618e-10       1.809590299584e-12      -4.396960043410e-12       1.184762789006e-14       2.976899864631e-15      -1.169127106207e-16       3.144569434993e-17 
 1155       1.664893908166e-10       1.805281062839e-12      -4.273762945206e-12       1.184693243606e-14       2.966848908613e-15      -1.163241378342e-16       2.981541390259e-17 
 1156       1.662599644285e-10       1.801598032110e-12      -4.150889130229e-12       1.184610365969e-14       2.956840283905e-15      -1.156563110482e-16       2.819400192581e-17 
 1157       1.660204259156e-10       1.798540687684e-12      -4.028396010177e-12       1.184514050647e-14       2.946873754456e-15      -1.149063329136e-16       2.658172874611e-17 
 1158       1.657708237759e-10       1.796108489010e-12      -3.906341377065e-12       1.184404191740e-14       2.936949080613e-15      -1.140712881363e-16       2.497886621701e-17 
 1159       1.655112070887e-10       1.794300874643e-12      -3.784783404030e-12       1.184280682889e-14       2.927066019120e-15      -1.131482434403e-16       2.338568772206e-17 
 1160       1.652416255159e-10       1.793117262183e-12      -3.663780646137e-12       1.184143417282e-14       2.917224323106e-15      -1.121342475303e-16       2.180246817790e-17 
 1161       1.649621293041e-10       1.792557048219e-12      -3.543392041186e-12       1.183992287650e-14       2.907423742071e-15      -1.110263310544e-16       2.022948403717e-17 
 1162       1.646727692851e-10       1.792619608274e-12      -3.423676910516e-12       1.183827186263e-14       2.897664021885e-15      -1.098215065670e-16       1.866701329164e-17 
 1163       1.643735968778e-10       1.793304296743e-12      -3.304694959814e-12       1.183648004938e-14       2.887944904771e-15      -1.085167684914e-16       1.711533547512e-17 
 1164       1.640646640898e-10       1.794610446837e-12      -3.186506279921e-12       1.183454635027e-14       2.878266129299e-15      -1.071090930826e-16       1.557473166655e-17 
 1165       1.637460235183e-10       1.796537370528e-12      -3.069171347635e-12       1.183246967427e-14       2.868627430376e-15      -1.055954383900e-16       1.404548449297e-17 
 1166       1.634177283519e-10       1.799084358488e-12      -2.952751026520e-12       1.183024892570e-14       2.859028539236e-15      -1.039727442202e-16       1.252787813254e-17 
 1167       1.630798323721e-10       1.802250680033e-12      -2.837306567711e-12       1.182788300428e-14       2.849469183432e-15      -1.022379320999e-16       1.102219831756e-17 
 1168       1.627323899542e-10       1.806035583065e-12      -2.722899610721e-12       1.182537080511e-14       2.839949086823e-15      -1.003879052382e-16       9.528732337493e-18 
 1169       1.623754560695e-10       1.810438294016e-12      -2.609592184246e-12       1.182271121864e-14       2.830467969568e-15      -9.841954848987e-17       8.047769041941e-18 
 1170       1.620090862858e-10       1.815458017788e-12      -2.497446706974e-12       1.181990313068e-14       2.821025548115e-15      -9.632972831762e-17       6.579598843698e-18 
 1171       1.616333537667e-10       1.821092745458e-12      -2.386519799032e-12       1.181694576100e-14       2.811621564558e-15      -9.411629103116e-17       5.124440169410e-18 
 1172       1.612484004961e-10       1.827335661213e-12      -2.276843630169e-12       1.181383968370e-14       2.802255875117e-15      -9.178107121756e-17       3.682217800598e-18 
 1173       1.608543866955e-10       1.834178690457e-12      -2.168444340380e-12       1.181058581955e-14       2.792928362745e-15      -8.932692078546e-17       2.252781772065e-18 
 1174       1.604514738879e-10       1.841613687814e-12      -2.061348208414e-12       1.180718509857e-14       2.783638907850e-15      -8.675671414477e-17       8.359806698779e-19 
 1175       1.600398249007e-10       1.849632436976e-12      -1.955581652034e-12       1.180363846004e-14       2.774387388295e-15      -8.407334825674e-17      -5.683383720437e-19 
 1176       1.596196038685e-10       1.858226650531e-12      -1.851171228286e-12       1.179994685254e-14       2.765173679386e-15      -8.127974268392e-17      -1.960329675350e-18 
 1177       1.591909762361e-10       1.867387969809e-12      -1.748143633760e-12       1.179611123393e-14       2.755997653865e-15      -7.837883964026e-17      -3.340149020677e-18 
 1178       1.587541087614e-10       1.877107964715e-12      -1.646525704860e-12       1.179213257143e-14       2.746859181908e-15      -7.537360404111e-17      -4.707953651069e-18 
 1179       1.583091695183e-10       1.887378133572e-12      -1.546344418065e-12       1.178801184159e-14       2.737758131111e-15      -7.226702355324e-17      -6.063902275390e-18 
 1180       1.578563278996e-10       1.898189902953e-12      -1.447626890195e-12       1.178375003034e-14       2.728694366489e-15      -6.906210864491e-17      -7.408155071750e-18 
 1181       1.573957546199e-10       1.909534627525e-12      -1.350400378677e-12       1.177934813301e-14       2.719667750466e-15      -6.576189263587e-17      -8.740873690918e-18 
 1182       1.569276217184e-10       1.921403589884e-12      -1.254692281808e-12       1.177480715434e-14       2.710678142870e-15      -6.236943174738e-17      -1.006222125974e-17 
 1183       1.564521025620e-10       1.933788000394e-12      -1.160530139023e-12       1.177012810850e-14       2.701725400922e-15      -5.888780515228e-17      -1.137236238457e-17 
 1184       1.559693718482e-10       1.946678997027e-12      -1.067941631157e-12       1.176531201913e-14       2.692809379236e-15      -5.532011502499e-17      -1.267146315466e-17 
 1185       1.554796056079e-10       1.960067645197e-12      -9.769545807097e-13       1.176035991933e-14       2.683929929803e-15      -5.166948659156e-17      -1.395969114560e-17 
 1186       1.549829812081e-10       1.973944937602e-12      -8.875969521147e-13       1.175527285172e-14       2.675086901994e-15      -4.793906817969e-17      -1.523721542276e-17 
 1187       1.544796773553e-10       1.988301794060e-12      -7.998968519998e-13       1.175005186843e-14       2.666280142545e-15      -4.413203126875e-17      -1.650420654465e-17 
 1188       1.539698740981e-10       2.003129061348e-12      -7.138825294543e-13       1.174469803113e-14       2.657509495553e-15      -4.025157053986e-17      -1.776083656637e-17 
 1189       1.534537528300e-10       2.018417513042e-12      -6.295823762936e-13       1.173921241107e-14       2.648774802470e-15      -3.630090392585e-17      -1.900727904305e-17 
 1190       1.529314962926e-10       2.034157849351e-12      -5.470249273238e-13       1.173359608907e-14       2.640075902097e-15      -3.228327266135e-17      -2.024370903323e-17 
 1191       1.524032885783e-10       2.050340696958e-12      -4.662388606072e-13       1.172785015557e-14       2.631412630571e-15      -2.820194133279e-17      -2.147030310230e-17 
 1192       1.518693151334e-10       2.066956608860e-12      -3.872529977269e-13       1.172197571061e-14       2.622784821366e-15      -2.406019792843e-17      -2.268723932591e-17 
 1193       1.513297627606e-10       2.083996064201e-12      -3.100963040518e-13       1.171597386391e-14       2.614192305281e-15      -1.986135388842e-17      -2.389469729340e-17 
 1194       1.507848196224e-10       2.101449468115e-12      -2.347978890018e-13       1.170984573485e-14       2.605634910434e-15      -1.560874415480e-17      -2.509285811120e-17 
 1195       1.502346752436e-10       2.119307151561e-12      -1.613870063126e-13       1.170359245250e-14       2.597112462257e-15      -1.130572722154e-17      -2.628190440626e-17 
 1196       1.496795205146e-10       2.137559371164e-12      -8.989305430049e-14       1.169721515564e-14       2.588624783484e-15      -6.955685184597e-18      -2.746202032947e-17 
 1197       1.491195476940e-10       2.156196309051e-12      -2.034557612785e-14       1.169071499280e-14       2.580171694152e-15      -2.562023791896e-18      -2.863339155908e-17 
 1198       1.485549504115e-10       2.175208072690e-12       4.722573993240e-14       1.168409312224e-14       2.571753011587e-15       1.871827506600e-18      -2.979620530411e-17 
 1199       1.479859236711e-10       2.194584694728e-12       1.127910602316e-13       1.167735071201e-14       2.563368550400e-15       6.342415508870e-18      -3.095065030777e-17 
 1200       1.474126638537e-10       2.214316132829e-12       1.763204054803e-13       1.167048893997e-14       2.555018122480e-15       1.084626321080e-17      -3.209691685088e-17 
 1201       1.468353687200e-10       2.234392269512e-12       2.377836504835e-13       1.166350899379e-14       2.546701536985e-15       1.537986975618e-17      -3.323519675529e-17 
 1202       1.462542374137e-10       2.254802911992e-12       2.971505238755e-13       1.165641207097e-14       2.538418600341e-15       1.993971038660e-17      -3.436568338730e-17 
 1203       1.456694704642e-10       2.275537792014e-12       3.543906078551e-13       1.164919937888e-14       2.530169116226e-15       2.452223639153e-17      -3.548857166107e-17 
 1204       1.450812697895e-10       2.296586565692e-12       4.094733379204e-13       1.164187213479e-14       2.521952885571e-15       2.912387505817e-17      -3.660405804206e-17 
 1205       1.444898386992e-10       2.317938813351e-12       4.623680026040e-13       1.163443156585e-14       2.513769706549e-15       3.374102962152e-17      -3.771234055041e-17 
 1206       1.438953818972e-10       2.339584039361e-12       5.130437432080e-13       1.162687890914e-14       2.505619374569e-15       3.837007921427e-17      -3.881361876441e-17 
 1207       1.432981054849e-10       2.361511671975e-12       5.614695535390e-13       1.161921541171e-14       2.497501682268e-15       4.300737881682e-17      -3.990809382385e-17 
 1208       1.426982169639e-10       2.383711063172e-12       6.076142796430e-13       1.161144233055e-14       2.489416419508e-15       4.764925920724e-17      -4.099596843351e-17 
 1209       1.420959252389e-10       2.406171488491e-12       6.514466195409e-13       1.160356093265e-14       2.481363373362e-15       5.229202691122e-17      -4.207744686654e-17 
 1210       1.414914406208e-10       2.428882146868e-12       6.929351229627e-13       1.159557249503e-14       2.473342328115e-15       5.693196415204e-17      -4.315273496788e-17 
 1211       1.408849671013e-10       2.451832255037e-12       7.320549339367e-13       1.158747842822e-14       2.465353086110e-15       6.156577087424e-17      -4.422197389809e-17 
 1212       1.402766790694e-10       2.475011332293e-12       7.688081081713e-13       1.157928064848e-14       2.457395530599e-15       6.619189675529e-17      -4.528504048259e-17 
 1213       1.396667443198e-10       2.498408918842e-12       8.032035403832e-13       1.157098121014e-14       2.449469563637e-15       7.080922517224e-17      -4.634174445935e-17 
 1214       1.390553317576e-10       2.522014481400e-12       8.352502439748e-13       1.156258218256e-14       2.441575085290e-15       7.541663257256e-17      -4.739189451792e-17 
 1215       1.384426114008e-10       2.545817413040e-12       8.649573513203e-13       1.155408565009e-14       2.433711993629e-15       8.001298846019e-17      -4.843529829745e-17 
 1216       1.378287543822e-10       2.569807033039e-12       8.923341140526e-13       1.154549371220e-14       2.425880184721e-15       8.459715538172e-17      -4.947176238463e-17 
 1217       1.372139329522e-10       2.593972586720e-12       9.173899033490e-13       1.153680848342e-14       2.418079552631e-15       8.916798891250e-17      -5.050109231175e-17 
 1218       1.365983204806e-10       2.618303245304e-12       9.401342102179e-13       1.152803209344e-14       2.410309989410e-15       9.372433764270e-17      -5.152309255469e-17 
 1219       1.359820914591e-10       2.642788105748e-12       9.605766457848e-13       1.151916668709e-14       2.402571385092e-15       9.826504316345e-17      -5.253756653089e-17 
 1220       1.353654215035e-10       2.667416190600e-12       9.787269415791e-13       1.151021442441e-14       2.394863627691e-15       1.027889400530e-16      -5.354431659739e-17 
 1221       1.347484873562e-10       2.692176447836e-12       9.945949498198e-13       1.150117748067e-14       2.387186603192e-15       1.072948558627e-16      -5.454314404878e-17 
 1222       1.341314668879e-10       2.717057750713e-12       1.008190643702e-12       1.149205804638e-14       2.379540195549e-15       1.117816111033e-16      -5.553384911528e-17 
 1223       1.335145391007e-10       2.742048897611e-12       1.019524117685e-12       1.148285832734e-14       2.371924286677e-15       1.162480192309e-16      -5.651623096067e-17 
 1224       1.328978841297e-10       2.767138611879e-12       1.028605587773e-12       1.147358054470e-14       2.364338756449e-15       1.206928866331e-16      -5.749008768031e-17 
 1225       1.322816832453e-10       2.792315541684e-12       1.035445391811e-12       1.146422693491e-14       2.356783482690e-15       1.251150126153e-16      -5.845521629916e-17 
 1226       1.316661188562e-10       2.817568259854e-12       1.040053989760e-12       1.145479974985e-14       2.349258341170e-15       1.295131893864e-16      -5.941141276976e-17 
 1227       1.310513745107e-10       2.842885263723e-12       1.042441963992e-12       1.144530125680e-14       2.341763205604e-15       1.338862020453e-16      -6.035847197026e-17 
 1228       1.304376348995e-10       2.868254974982e-12       1.042620019573e-12       1.143573373846e-14       2.334297947639e-15       1.382328285669e-16      -6.129618770237e-17 
 1229       1.298250858582e-10       2.893665739519e-12       1.040598984548e-12       1.142609949305e-14       2.326862436854e-15       1.425518397881e-16      -6.222435268943e-17 
 1230       1.292139143689e-10       2.919105827268e-12       1.036389810230e-12       1.141640083427e-14       2.319456540757e-15       1.468419993941e-16      -6.314275857432e-17 
 1231       1.286043085630e-10       2.944563432054e-12       1.030003571485e-12       1.140664009137e-14       2.312080124771e-15       1.511020639044e-16      -6.405119591757e-17 
 1232       1.279964577234e-10       2.970026671442e-12       1.021451467017e-12       1.139681960915e-14       2.304733052237e-15       1.553307826588e-16      -6.494945419528e-17 
 1233       1.273905522866e-10       2.995483586578e-12       1.010744819657e-12       1.138694174805e-14       2.297415184408e-15       1.595268978036e-16      -6.583732179713e-17 
 1234       1.267867838450e-10       3.020922142036e-12       9.978950766482e-13       1.137700888412e-14       2.290126380437e-15       1.636891442781e-16      -6.671458602443e-17 
 1235       1.261853451495e-10       3.046330225668e-12       9.829138099315e-13       1.136702340908e-14       2.282866497379e-15       1.678162497999e-16      -6.758103308807e-17 
 1236       1.255864301112e-10       3.071695648446e-12       9.658127164325e-13       1.135698773034e-14       2.275635390184e-15       1.719069348518e-16      -6.843644810653e-17 
 1237       1.249902338042e-10       3.097006144307e-12       9.466036183478e-13       1.134690427105e-14       2.268432911689e-15       1.759599126675e-16      -6.928061510393e-17 
 1238       1.243969524676e-10       3.122249370004e-12       9.252984634313e-13       1.133677547012e-14       2.261258912616e-15       1.799738892177e-16      -7.011331700795e-17 
 1239       1.238067835078e-10       3.147412904947e-12       9.019093252807e-13       1.132660378223e-14       2.254113241564e-15       1.839475631964e-16      -7.093433564788e-17 
 1240       1.232199255010e-10       3.172484251052e-12       8.764484036232e-13       1.131639167791e-14       2.246995745007e-15       1.878796260069e-16      -7.174345175265e-17 
 1241       1.226365781950e-10       3.197450832583e-12       8.489280246026e-13       1.130614164354e-14       2.239906267285e-15       1.917687617479e-16      -7.254044494874e-17 
 1242       1.220569425120e-10       3.222299996003e-12       8.193606410650e-13       1.129585618136e-14       2.232844650603e-15       1.956136471998e-16      -7.332509375829e-17 
 1243       1.214812205504e-10       3.247019009818e-12       7.877588328454e-13       1.128553780955e-14       2.225810735021e-15       1.994129518103e-16      -7.409717559701e-17 
 1244       1.209096155877e-10       3.271595064419e-12       7.541353070540e-13       1.127518906223e-14       2.218804358454e-15       2.031653376814e-16      -7.485646677223e-17 
 1245       1.203423320819e-10       3.296015271936e-12       7.185028983626e-13       1.126481248950e-14       2.211825356660e-15       2.068694595544e-16      -7.560274248090e-17 
 1246       1.197795756746e-10       3.320266666074e-12       6.808745692904e-13       1.125441065747e-14       2.204873563242e-15       2.105239647970e-16      -7.633577680757e-17 
 1247       1.192215531928e-10       3.344336201970e-12       6.412634104912e-13       1.124398614831e-14       2.197948809639e-15       2.141274933890e-16      -7.705534272240e-17 
 1248       1.186684726514e-10       3.368210756028e-12       5.996826410389e-13       1.123354156023e-14       2.191050925120e-15       2.176786779081e-16      -7.776121207918e-17 
 1249       1.181205432551e-10       3.391877125773e-12       5.561456087143e-13       1.122307950757e-14       2.184179736781e-15       2.211761435167e-16      -7.845315561328e-17 
 1250       1.175779754014e-10       3.415322029693e-12       5.106657902912e-13       1.121260262079e-14       2.177335069537e-15       2.246185079474e-16      -7.913094293973e-17 
 1251       1.170409573390e-10       3.438533289761e-12       4.632601197838e-13       1.120211340727e-14       2.170516762375e-15       2.280050076533e-16      -7.979438789045e-17 
 1252       1.165095848429e-10       3.461503394436e-12       4.139590151808e-13       1.119161383172e-14       2.163724717307e-15       2.313373842939e-16      -8.044348511002e-17 
 1253       1.159839307224e-10       3.484225976993e-12       3.627964694491e-13       1.118110573091e-14       2.156958850976e-15       2.346180202663e-16      -8.107827505222e-17 
 1254       1.154640680901e-10       3.506694636559e-12       3.098067337426e-13       1.117059095253e-14       2.150219078451e-15       2.378493145750e-16      -8.169879878691e-17 
 1255       1.149500703623e-10       3.528902938049e-12       2.550243179432e-13       1.116007135518e-14       2.143505313221e-15       2.410336828662e-16      -8.230509800156e-17 
 1256       1.144420112595e-10       3.550844412107e-12       1.984839912023e-13       1.114954880841e-14       2.136817467193e-15       2.441735574619e-16      -8.289721500270e-17 
 1257       1.139399648073e-10       3.572512555037e-12       1.402207824821e-13       1.113902519273e-14       2.130155450687e-15       2.472713873937e-16      -8.347519271741e-17 
 1258       1.134440053361e-10       3.593900828743e-12       8.026998109658e-14       1.112850239963e-14       2.123519172431e-15       2.503296384372e-16      -8.403907469481e-17 
 1259       1.129542074822e-10       3.615002660666e-12       1.866713725319e-14       1.111798233164e-14       2.116908539559e-15       2.533507931460e-16      -8.458890510747e-17 
 1260       1.124706461881e-10       3.635811443716e-12      -4.455193740609e-14       1.110746690227e-14       2.110323457607e-15       2.563373508855e-16      -8.512472875298e-17 
 1261       1.119933967030e-10       3.656320536215e-12      -1.093511692634e-13       1.109695803612e-14       2.103763830505e-15       2.592918278674e-16      -8.564659105534e-17 
 1262       1.115225345833e-10       3.676523261827e-12      -1.756942221838e-13       1.108645766884e-14       2.097229560580e-15       2.622167571838e-16      -8.615453806647e-17 
 1263       1.110581356929e-10       3.696412909501e-12      -2.435444969738e-13       1.107596774717e-14       2.090720548546e-15       2.651146888408e-16      -8.664861646770e-17 
 1264       1.106002762040e-10       3.715982733402e-12      -3.128651308402e-13       1.106549022896e-14       2.084236693501e-15       2.679881897929e-16      -8.712887357123e-17 
 1265       1.101490325975e-10       3.735225952850e-12      -3.836189968488e-13       1.105502708320e-14       2.077777892926e-15       2.708398439774e-16      -8.759535732157e-17 
 1266       1.097044816630e-10       3.754135752257e-12      -4.557687033830e-13       1.104458029002e-14       2.071344042679e-15       2.736722523479e-16      -8.804811629710e-17 
 1267       1.092667005003e-10       3.772705281063e-12      -5.292765936026e-13       1.103415184074e-14       2.064935036990e-15       2.764880329087e-16      -8.848719971146e-17 
 1268       1.088357665188e-10       3.790927653671e-12      -6.041047449025e-13       1.102374373786e-14       2.058550768459e-15       2.792898207487e-16      -8.891265741505e-17 
 1269       1.084117574387e-10       3.808795949387e-12      -6.802149683716e-13       1.101335799509e-14       2.052191128051e-15       2.820802680759e-16      -8.932453989654e-17 
 1270       1.079947512912e-10       3.826303212354e-12      -7.575688082510e-13       1.100299663739e-14       2.045856005091e-15       2.848620442512e-16      -8.972289828430e-17 
 1271       1.075848264191e-10       3.843442451486e-12      -8.361275413932e-13       1.099266170097e-14       2.039545287262e-15       2.876378358221e-16      -9.010778434790e-17 
 1272       1.071820614770e-10       3.860206640413e-12      -9.158521767206e-13       1.098235523331e-14       2.033258860601e-15       2.904103465576e-16      -9.047925049958e-17 
 1273       1.067865354323e-10       3.876588717406e-12      -9.967034546843e-13       1.097207929319e-14       2.026996609493e-15       2.931822974818e-16      -9.083734979570e-17 
 1274       1.063983275653e-10       3.892581585325e-12      -1.078641846723e-12       1.096183595072e-14       2.020758416667e-15       2.959564269079e-16      -9.118213593827e-17 
 1275       1.060175174697e-10       3.908178111547e-12      -1.161627554720e-12       1.095162728733e-14       2.014544163194e-15       2.987354904725e-16      -9.151366327637e-17 
 1276       1.056441850533e-10       3.923371127905e-12      -1.245620510466e-12       1.094145539582e-14       2.008353728484e-15       3.015222611697e-16      -9.183198680766e-17 
 1277       1.052784105382e-10       3.938153430629e-12      -1.330580375113e-12       1.093132238037e-14       2.002186990278e-15       3.043195293850e-16      -9.213716217982e-17 
 1278       1.049202744616e-10       3.952517780274e-12      -1.416466538636e-12       1.092123035657e-14       1.996043824646e-15       3.071301029297e-16      -9.242924569207e-17 
 1279       1.045698576759e-10       3.966456901665e-12      -1.503238119291e-12       1.091118145140e-14       1.989924105984e-15       3.099568070746e-16      -9.270829429660e-17 
 1280       1.042272413498e-10       3.979963483828e-12      -1.590853963073e-12       1.090117780331e-14       1.983827707008e-15       3.128024845844e-16      -9.297436560010e-17 
 1281       1.038925069680e-10       3.993030179929e-12      -1.679272643176e-12       1.089122156222e-14       1.977754498753e-15       3.156699957514e-16      -9.322751786516e-17 
 1282       1.035657363322e-10       4.005649607209e-12      -1.768452459451e-12       1.088131488951e-14       1.971704350565e-15       3.185622184303e-16      -9.346781001181e-17 
 1283       1.032470115616e-10       4.017814346922e-12      -1.858351437864e-12       1.087145995807e-14       1.965677130100e-15       3.214820480715e-16      -9.369530161896e-17 
 1284       1.029364150930e-10       4.029516944271e-12      -1.948927329956e-12       1.086165895233e-14       1.959672703319e-15       3.244323977555e-16      -9.391005292590e-17 
 1285       1.026340296819e-10       4.040749908345e-12      -2.040137612302e-12       1.085191406825e-14       1.953690934485e-15       3.274161982272e-16      -9.411212483374e-17 
 1286       1.023399384024e-10       4.051505712053e-12      -2.131939485967e-12       1.084222751336e-14       1.947731686156e-15       3.304363979297e-16      -9.430157890692e-17 
 1287       1.020542246477e-10       4.061776792065e-12      -2.224289875968e-12       1.083260150679e-14       1.941794819185e-15       3.334959630384e-16      -9.447847737466e-17 
 1288       1.017769721312e-10       4.071555548745e-12      -2.317145430731e-12       1.082303827926e-14       1.935880192714e-15       3.365978774954e-16      -9.464288313246e-17 
 1289       1.015082648864e-10       4.080834346087e-12      -2.410462521550e-12       1.081354007313e-14       1.929987664168e-15       3.397451430431e-16      -9.479485974354e-17 
 1290       1.012481872675e-10       4.089605511657e-12      -2.504197242045e-12       1.080410914241e-14       1.924117089255e-15       3.429407792587e-16      -9.493447144035e-17 
 1291       1.009968013674e-10       4.097862794043e-12      -2.598306918578e-12       1.079474746718e-14       1.918268335838e-15       3.461867187303e-16      -9.506178242534e-17 
 1292       1.007540789903e-10       4.105605753431e-12      -2.692754661306e-12       1.078545589335e-14       1.912441325735e-15       3.494804788249e-16      -9.517685476176e-17 
 1293       1.005199689095e-10       4.112835420624e-12      -2.787504863591e-12       1.077623498319e-14       1.906635993383e-15       3.528184522967e-16      -9.527975046190e-17 
 1294       1.002944193791e-10       4.119552844082e-12      -2.882521695286e-12       1.076708530007e-14       1.900852272002e-15       3.561970086809e-16      -9.537053218706e-17 
 1295       1.000773781331e-10       4.125759089957e-12      -2.977769102304e-12       1.075800740844e-14       1.895090093593e-15       3.596124942476e-16      -9.544926324894e-17 
 1296       9.986879238366e-11       4.131455242135e-12      -3.073210806182e-12       1.074900187383e-14       1.889349388932e-15       3.630612319567e-16      -9.551600761110e-17 
 1297       9.966860882057e-11       4.136642402282e-12      -3.168810303656e-12       1.074006926286e-14       1.883630087569e-15       3.665395214125e-16      -9.557082989034e-17 
 1298       9.947677360977e-11       4.141321689878e-12      -3.264530866218e-12       1.073121014325e-14       1.877932117823e-15       3.700436388182e-16      -9.561379535818e-17 
 1299       9.929323239233e-11       4.145494242265e-12      -3.360335539692e-12       1.072242508379e-14       1.872255406784e-15       3.735698369305e-16      -9.564496994222e-17 
 1300       9.911793028327e-11       4.149161214686e-12      -3.456187143799e-12       1.071371465436e-14       1.866599880301e-15       3.771143450144e-16      -9.566442022763e-17 
 1301       9.895081187045e-11       4.152323780323e-12      -3.552048271722e-12       1.070507942592e-14       1.860965462991e-15       3.806733687976e-16      -9.567221345851e-17 
 1302       9.879182121340e-11       4.154983130346e-12      -3.647881289674e-12       1.069651997054e-14       1.855352078223e-15       3.842430904252e-16      -9.566841753939e-17 
 1303       9.864090184219e-11       4.157140473947e-12      -3.743648336470e-12       1.068803686135e-14       1.849759648126e-15       3.878196684141e-16      -9.565310103656e-17 
 1304       9.849799675633e-11       4.158797038385e-12      -3.839311323088e-12       1.067963067259e-14       1.844188093580e-15       3.913992376079e-16      -9.562633317959e-17 
 1305       9.836304842356e-11       4.159954069027e-12      -3.934831932240e-12       1.067130197957e-14       1.838637334214e-15       3.949779091313e-16      -9.558818386269e-17 
 1306       9.823599877878e-11       4.160612829390e-12      -4.030171617940e-12       1.066305135870e-14       1.833107288403e-15       3.985517703447e-16      -9.553872364615e-17 
 1307       9.811678922285e-11       4.160774601179e-12      -4.125291605069e-12       1.065487938746e-14       1.827597873268e-15       4.021168847990e-16      -9.547802375778e-17 
 1308       9.800536062151e-11       4.160440684334e-12      -4.220152888944e-12       1.064678664445e-14       1.822109004667e-15       4.056692921898e-16      -9.540615609432e-17 
 1309       9.790165330419e-11       4.159612397066e-12      -4.314716234884e-12       1.063877370933e-14       1.816640597197e-15       4.092050083125e-16      -9.532319322287e-17 
 1310       9.780560706289e-11       4.158291075901e-12      -4.408942177781e-12       1.063084116285e-14       1.811192564191e-15       4.127200250164e-16      -9.522920838231e-17 
 1311       9.771716115107e-11       4.156478075724e-12      -4.502791021662e-12       1.062298958687e-14       1.805764817711e-15       4.162103101599e-16      -9.512427548473e-17 
 1312       9.763625428245e-11       4.154174769813e-12      -4.596222839260e-12       1.061521956432e-14       1.800357268549e-15       4.196718075643e-16      -9.500846911684e-17 
 1313       9.756282462993e-11       4.151382549887e-12      -4.689197471582e-12       1.060753167921e-14       1.794969826221e-15       4.231004369691e-16      -9.488186454143e-17 
 1314       9.749680982441e-11       4.148102826147e-12      -4.781674527473e-12       1.059992651668e-14       1.789602398966e-15       4.264920939865e-16      -9.474453769873e-17 
 1315       9.743814695366e-11       4.144337027313e-12      -4.873613383188e-12       1.059240466291e-14       1.784254893744e-15       4.298426500554e-16      -9.459656520792e-17 
 1316       9.738677256122e-11       4.140086600670e-12      -4.964973181955e-12       1.058496670520e-14       1.778927216229e-15       4.331479523968e-16      -9.443802436848e-17 
 1317       9.734262264518e-11       4.135353012106e-12      -5.055712833544e-12       1.057761323193e-14       1.773619270810e-15       4.364038239678e-16      -9.426899316166e-17 
 1318       9.730563265713e-11       4.130137746155e-12      -5.145791013837e-12       1.057034483257e-14       1.768330960585e-15       4.396060634168e-16      -9.408955025187e-17 
 1319       9.727573750096e-11       4.124442306039e-12      -5.235166164391e-12       1.056316209769e-14       1.763062187361e-15       4.427504450372e-16      -9.389977498813e-17 
 1320       9.725287153174e-11       4.118268213709e-12      -5.323796492007e-12       1.055606561893e-14       1.757812851649e-15       4.458327187231e-16      -9.369974740549e-17 
 1321       9.723696855458e-11       4.111617009885e-12      -5.411639968301e-12       1.054905598904e-14       1.752582852661e-15       4.488486099228e-16      -9.348954822646e-17 
 1322       9.722796182350e-11       4.104490254098e-12      -5.498654329266e-12       1.054213380185e-14       1.747372088307e-15       4.517938195944e-16      -9.326925886240e-17 
 1323       9.722578404028e-11       4.096889524734e-12      -5.584797074842e-12       1.053529965228e-14       1.742180455194e-15       4.546640241596e-16      -9.303896141499e-17 
 1324       9.723036735331e-11       4.088816419071e-12      -5.670025468484e-12       1.052855413636e-14       1.737007848619e-15       4.574548754589e-16      -9.279873867763e-17 
 1325       9.724164335648e-11       4.080272553324e-12      -5.754296536728e-12       1.052189785118e-14       1.731854162570e-15       4.601620007055e-16      -9.254867413687e-17 
 1326       9.725954308802e-11       4.071259562684e-12      -5.837567068759e-12       1.051533139494e-14       1.726719289723e-15       4.627810024409e-16      -9.228885197383e-17 
 1327       9.728399702936e-11       4.061779101361e-12      -5.919793615979e-12       1.050885536693e-14       1.721603121433e-15       4.653074584885e-16      -9.201935706563e-17 
 1328       9.731493510400e-11       4.051832842625e-12      -6.000932491574e-12       1.050247036753e-14       1.716505547740e-15       4.677369219088e-16      -9.174027498681e-17 
 1329       9.735228667638e-11       4.041422478847e-12      -6.080939770080e-12       1.049617699821e-14       1.711426457359e-15       4.700649209538e-16      -9.145169201076e-17 
 1330       9.739598055071e-11       4.030549721540e-12      -6.159771286953e-12       1.048997586154e-14       1.706365737679e-15       4.722869590216e-16      -9.115369511112e-17 
 1331       9.744593606819e-11       4.019217158589e-12      -6.237387413123e-12       1.048386731682e-14       1.701323285028e-15       4.743997953357e-16      -9.084637479676e-17 
 1332       9.750203629385e-11       4.007430836167e-12      -6.313767436933e-12       1.047785074403e-14       1.696299035596e-15       4.764053024692e-16      -9.052983364765e-17 
 1333       9.756415453290e-11       3.995197705260e-12      -6.388895339331e-12       1.047192527181e-14       1.691292934841e-15       4.783066511070e-16      -9.020417787557e-17 
 1334       9.763216320391e-11       3.982524767161e-12      -6.462755033107e-12       1.046609002107e-14       1.686304927258e-15       4.801070332065e-16      -8.986951450071e-17 
 1335       9.770593383705e-11       3.969419073562e-12      -6.535330362785e-12       1.046034410494e-14       1.681334956373e-15       4.818096620395e-16      -8.952595135330e-17 
 1336       9.778533707241e-11       3.955887726657e-12      -6.606605104509e-12       1.045468662879e-14       1.676382964739e-15       4.834177722329e-16      -8.917359707524e-17 
 1337       9.787024265821e-11       3.941937879240e-12      -6.676562965939e-12       1.044911669019e-14       1.671448893937e-15       4.849346198104e-16      -8.881256112167e-17 
 1338       9.796051944904e-11       3.927576734806e-12      -6.745187586139e-12       1.044363337889e-14       1.666532684573e-15       4.863634822337e-16      -8.844295376265e-17 
 1339       9.805603540419e-11       3.912811547648e-12      -6.812462535466e-12       1.043823577684e-14       1.661634276274e-15       4.877076584434e-16      -8.806488608472e-17 
 1340       9.815665758584e-11       3.897649622959e-12      -6.878371315466e-12       1.043292295813e-14       1.656753607688e-15       4.889704689011e-16      -8.767846999254e-17 
 1341       9.826225215735e-11       3.882098316928e-12      -6.942897358757e-12       1.042769398901e-14       1.651890616479e-15       4.901552556299e-16      -8.728381821052e-17 
 1342       9.837268438151e-11       3.866165036844e-12      -7.006024028927e-12       1.042254792783e-14       1.647045239326e-15       4.912653822559e-16      -8.688104428440e-17 
 1343       9.848781861880e-11       3.849857241192e-12      -7.067734620419e-12       1.041748382508e-14       1.642217411923e-15       4.923042340499e-16      -8.647026258291e-17 
 1344       9.860751832566e-11       3.833182439754e-12      -7.128012358425e-12       1.041250072332e-14       1.637407068974e-15       4.932752179680e-16      -8.605158829935e-17 
 1345       9.873164605272e-11       3.816148193705e-12      -7.186840398776e-12       1.040759765720e-14       1.632614144188e-15       4.941817626935e-16      -8.562513745322e-17 
 1346       9.886006344309e-11       3.798762115720e-12      -7.244201827831e-12       1.040277365343e-14       1.627838570285e-15       4.950273186779e-16      -8.519102689183e-17 
 1347       9.899263123060e-11       3.781031870064e-12      -7.300079662369e-12       1.039802773076e-14       1.623080278985e-15       4.958153581820e-16      -8.474937429195e-17 
 1348       9.912920923805e-11       3.762965172699e-12      -7.354456849481e-12       1.039335889996e-14       1.618339201010e-15       4.965493753177e-16      -8.430029816136e-17 
 1349       9.926965637550e-11       3.744569791379e-12      -7.407316266456e-12       1.038876616383e-14       1.613615266082e-15       4.972328860888e-16      -8.384391784054e-17 
 1350       9.941383063849e-11       3.725853545752e-12      -7.458640720677e-12       1.038424851717e-14       1.608908402920e-15       4.978694284326e-16      -8.338035350423e-17 
 1351       9.956158910633e-11       3.706824307457e-12      -7.508412949508e-12       1.037980494672e-14       1.604218539235e-15       4.984625622609e-16      -8.290972616307e-17 
 1352       9.971278794033e-11       3.687490000226e-12      -7.556615620188e-12       1.037543443123e-14       1.599545601732e-15       4.990158695015e-16      -8.243215766521e-17 
 1353       9.986728238210e-11       3.667858599980e-12      -7.603231329715e-12       1.037113594136e-14       1.594889516107e-15       4.995329541396e-16      -8.194777069794e-17 
 1354       1.000249267517e-10       3.647938134934e-12      -7.648242604746e-12       1.036690843972e-14       1.590250207040e-15       5.000174422587e-16      -8.145668878930e-17 
 1355       1.001855744462e-10       3.627736685689e-12      -7.691631901480e-12       1.036275088084e-14       1.585627598199e-15       5.004729820823e-16      -8.095903630967e-17 
 1356       1.003490779374e-10       3.607262385337e-12      -7.733381605551e-12       1.035866221112e-14       1.581021612234e-15       5.009032440147e-16      -8.045493847342e-17 
 1357       1.005152887707e-10       3.586523419561e-12      -7.773474031920e-12       1.035464136886e-14       1.576432170776e-15       5.013119206829e-16      -7.994452134053e-17 
 1358       1.006840575628e-10       3.565528026728e-12      -7.811891424764e-12       1.035068728423e-14       1.571859194433e-15       5.017027269775e-16      -7.942791181817e-17 
 1359       1.008552340004e-10       3.544284497995e-12      -7.848615957367e-12       1.034679887923e-14       1.567302602791e-15       5.020794000938e-16      -7.890523766233e-17 
 1360       1.010286668383e-10       3.522801177407e-12      -7.883629732012e-12       1.034297506771e-14       1.562762314407e-15       5.024456995736e-16      -7.837662747947e-17 
 1361       1.012042038976e-10       3.501086461992e-12      -7.916914779868e-12       1.033921475532e-14       1.558238246812e-15       5.028054073462e-16      -7.784221072809e-17 
 1362       1.013816920638e-10       3.479148801867e-12      -7.948453060885e-12       1.033551683952e-14       1.553730316504e-15       5.031623277695e-16      -7.730211772038e-17 
 1363       1.015609772856e-10       3.456996700333e-12      -7.978226463682e-12       1.033188020955e-14       1.549238438949e-15       5.035202876718e-16      -7.675647962379e-17 
 1364       1.017419045727e-10       3.434638713976e-12      -8.006216805437e-12       1.032830374641e-14       1.544762528577e-15       5.038831363926e-16      -7.620542846273e-17 
 1365       1.019243179939e-10       3.412083452764e-12      -8.032405831781e-12       1.032478632286e-14       1.540302498780e-15       5.042547458239e-16      -7.564909712008e-17 
 1366       1.021080606760e-10       3.389339580153e-12      -8.056775216685e-12       1.032132680338e-14       1.535858261910e-15       5.046390104521e-16      -7.508761933889e-17 
 1367       1.022929748015e-10       3.366415813176e-12      -8.079306562351e-12       1.031792404418e-14       1.531429729276e-15       5.050398473985e-16      -7.452112972397e-17 
 1368       1.024789016071e-10       3.343320922554e-12      -8.099981399107e-12       1.031457689318e-14       1.527016811143e-15       5.054611964609e-16      -7.394976374349e-17 
 1369       1.026656813819e-10       3.320063732785e-12      -8.118781185291e-12       1.031128418995e-14       1.522619416728e-15       5.059070201551e-16      -7.337365773060e-17 
 1370       1.028531534656e-10       3.296653122251e-12      -8.135687307145e-12       1.030804476577e-14       1.518237454199e-15       5.063813037559e-16      -7.279294888509e-17 
 1371       1.030411639308e-10       3.273097864760e-12      -8.150685905278e-12       1.030485737822e-14       1.513870838979e-15       5.068869536279e-16      -7.220776891550e-17 
 1372       1.032295887221e-10       3.249406152135e-12      -8.163782410587e-12       1.030172051450e-14       1.509519518755e-15       5.074224792777e-16      -7.161822488829e-17 
 1373       1.034183107604e-10       3.225586066733e-12      -8.174987163155e-12       1.029863258602e-14       1.505183448731e-15       5.079852759951e-16      -7.102441817763e-17 
 1374       1.036072122797e-10       3.201645739621e-12      -8.184310599945e-12       1.029559199347e-14       1.500862583342e-15       5.085727233236e-16      -7.042645080757e-17 
 1375       1.037961748265e-10       3.177593350673e-12      -8.191763254998e-12       1.029259712686e-14       1.496556876258e-15       5.091821850319e-16      -6.982442545322e-17 
 1376       1.039850792579e-10       3.153437128652e-12      -8.197355759633e-12       1.028964636546e-14       1.492266280374e-15       5.098110090844e-16      -6.921844544196e-17 
 1377       1.041738057408e-10       3.129185351304e-12      -8.201098842645e-12       1.028673807778e-14       1.487990747816e-15       5.104565276125e-16      -6.860861475463e-17 
 1378       1.043622337505e-10       3.104846345446e-12      -8.203003330502e-12       1.028387062157e-14       1.483730229934e-15       5.111160568857e-16      -6.799503802680e-17 
 1379       1.045502420693e-10       3.080428487053e-12      -8.203080147546e-12       1.028104234378e-14       1.479484677303e-15       5.117868972821e-16      -6.737782054993e-17 
 1380       1.047377087857e-10       3.055940201351e-12      -8.201340316190e-12       1.027825158055e-14       1.475254039717e-15       5.124663332600e-16      -6.675706827260e-17 
 1381       1.049245112925e-10       3.031389962904e-12      -8.197794957116e-12       1.027549665718e-14       1.471038266196e-15       5.131516333285e-16      -6.613288780169e-17 
 1382       1.051105262861e-10       3.006786295703e-12      -8.192455289475e-12       1.027277588813e-14       1.466837304974e-15       5.138400500188e-16      -6.550538640366e-17 
 1383       1.052956297649e-10       2.982137773259e-12      -8.185332631086e-12       1.027008757698e-14       1.462651103505e-15       5.145288198547e-16      -6.487467200569e-17 
 1384       1.054796970283e-10       2.957453018685e-12      -8.176438398630e-12       1.026743001640e-14       1.458479608455e-15       5.152151633243e-16      -6.424085319691e-17 
 1385       1.056626026753e-10       2.932740704795e-12      -8.165784107856e-12       1.026480148816e-14       1.454322765705e-15       5.158962848504e-16      -6.360403922965e-17 
 1386       1.058442206033e-10       2.908009554183e-12      -8.153381373774e-12       1.026220026309e-14       1.450180520350e-15       5.165693727619e-16      -6.296434002057e-17 
 1387       1.060244240067e-10       2.883268339322e-12      -8.139241910853e-12       1.025962460107e-14       1.446052816689e-15       5.172315992646e-16      -6.232186615197e-17 
 1388       1.062030853761e-10       2.858525882644e-12      -8.123377533223e-12       1.025707275099e-14       1.441939598235e-15       5.178801204122e-16      -6.167672887292e-17 
 1389       1.063800764963e-10       2.833791056637e-12      -8.105800154874e-12       1.025454295075e-14       1.437840807704e-15       5.185120760774e-16      -6.102904010051e-17 
 1390       1.065552684458e-10       2.809072783931e-12      -8.086521789849e-12       1.025203342723e-14       1.433756387016e-15       5.191245899228e-16      -6.037891242103e-17 
 1391       1.067285315951e-10       2.784380037387e-12      -8.065554552449e-12       1.024954239626e-14       1.429686277296e-15       5.197147693720e-16      -5.972645909124e-17 
 1392       1.068997356056e-10       2.759721840186e-12      -8.042910657427e-12       1.024706806265e-14       1.425630418868e-15       5.202797055806e-16      -5.907179403950e-17 
 1393       1.070687494284e-10       2.735107265922e-12      -8.018602420189e-12       1.024460862007e-14       1.421588751256e-15       5.208164734070e-16      -5.841503186705e-17 
 1394       1.072354413027e-10       2.710545438684e-12      -7.992642256990e-12       1.024216225115e-14       1.417561213181e-15       5.213221313836e-16      -5.775628784918e-17 
 1395       1.073996787552e-10       2.686045533154e-12      -7.965042685137e-12       1.023972712735e-14       1.413547742560e-15       5.217937216880e-16      -5.709567793646e-17 
 1396       1.075613285982e-10       2.661616774690e-12      -7.935816323181e-12       1.023730140902e-14       1.409548276502e-15       5.222282701135e-16      -5.643331875594e-17 
 1397       1.077202569286e-10       2.637268439416e-12      -7.904975891124e-12       1.023488324534e-14       1.405562751311e-15       5.226227860405e-16      -5.576932761236e-17 
 1398       1.078763291270e-10       2.613009854317e-12      -7.872534210608e-12       1.023247077429e-14       1.401591102479e-15       5.229742624072e-16      -5.510382248937e-17 
 1399       1.080294098556e-10       2.588850397318e-12      -7.838504205122e-12       1.023006212268e-14       1.397633264688e-15       5.232796756810e-16      -5.443692205073e-17 
 1400       1.081793630579e-10       2.564799497384e-12      -7.802898900195e-12       1.022765540607e-14       1.393689171805e-15       5.235359858290e-16      -5.376874564153e-17 
 1401       1.083260519569e-10       2.540866634603e-12      -7.765731423595e-12       1.022524872878e-14       1.389758756883e-15       5.237401362896e-16      -5.309941328940e-17 
 1402       1.084693390537e-10       2.517061340276e-12      -7.727015005533e-12       1.022284018388e-14       1.385841952158e-15       5.238890539430e-16      -5.242904570570e-17 
 1403       1.086090861269e-10       2.493393197008e-12      -7.686762978854e-12       1.022042785314e-14       1.381938689048e-15       5.239796490823e-16      -5.175776428677e-17 
 1404       1.087451542306e-10       2.469871838797e-12      -7.644988779239e-12       1.021800980702e-14       1.378048898148e-15       5.240088153847e-16      -5.108569111510e-17 
 1405       1.088774036939e-10       2.446506951120e-12      -7.601705945405e-12       1.021558410468e-14       1.374172509233e-15       5.239734298823e-16      -5.041294896056e-17 
 1406       1.090056941188e-10       2.423308271028e-12      -7.556928119302e-12       1.021314879391e-14       1.370309451255e-15       5.238703529332e-16      -4.973966128162e-17 
 1407       1.091298843798e-10       2.400285587231e-12      -7.510669046310e-12       1.021070191114e-14       1.366459652338e-15       5.236964281927e-16      -4.906595222653e-17 
 1408       1.092498326219e-10       2.377448740189e-12      -7.462942575440e-12       1.020824148140e-14       1.362623039780e-15       5.234484825837e-16      -4.839194663458e-17 
 1409       1.093653962601e-10       2.354807622201e-12      -7.413762659531e-12       1.020576551834e-14       1.358799540047e-15       5.231233262684e-16      -4.771777003724e-17 
 1410       1.094764319774e-10       2.332372177493e-12      -7.363143355450e-12       1.020327202416e-14       1.354989078779e-15       5.227177526189e-16      -4.704354865944e-17 
 1411       1.095828129548e-10       2.310151452162e-12      -7.311100947408e-12       1.020075911884e-14       1.351191587372e-15       5.222294517874e-16      -4.636939508410e-17 
 1412       1.096844807583e-10       2.288150733050e-12      -7.257660340583e-12       1.019822542933e-14       1.347407022841e-15       5.216597618352e-16      -4.569536508090e-17 
 1413       1.097813939868e-10       2.266374379391e-12      -7.202848734159e-12       1.019566970433e-14       1.343635348165e-15       5.210109460598e-16      -4.502150033247e-17 
 1414       1.098735110905e-10       2.244826770302e-12      -7.146693504547e-12       1.019309068545e-14       1.339876525708e-15       5.202852820088e-16      -4.434784273081e-17 
 1415       1.099607903700e-10       2.223512304818e-12      -7.089222205707e-12       1.019048710719e-14       1.336130517221e-15       5.194850615063e-16      -4.367443437760e-17 
 1416       1.100431899768e-10       2.202435401916e-12      -7.030462569479e-12       1.018785769691e-14       1.332397283838e-15       5.186125906786e-16      -4.300131758459e-17 
 1417       1.101206679123e-10       2.181600500555e-12      -6.970442505906e-12       1.018520117484e-14       1.328676786076e-15       5.176701899803e-16      -4.232853487392e-17 
 1418       1.101931820284e-10       2.161012059704e-12      -6.909190103564e-12       1.018251625403e-14       1.324968983832e-15       5.166601942204e-16      -4.165612897845e-17 
 1419       1.102606900267e-10       2.140674558377e-12      -6.846733629884e-12       1.017980164040e-14       1.321273836384e-15       5.155849525884e-16      -4.098414284217e-17 
 1420       1.103231494585e-10       2.120592495661e-12      -6.783101531483e-12       1.017705603266e-14       1.317591302389e-15       5.144468286800e-16      -4.031261962046e-17 
 1421       1.103805177246e-10       2.100770390750e-12      -6.718322434486e-12       1.017427812233e-14       1.313921339879e-15       5.132482005234e-16      -3.964160268052e-17 
 1422       1.104327520749e-10       2.081212782978e-12      -6.652425144857e-12       1.017146659375e-14       1.310263906263e-15       5.119914606056e-16      -3.897113560166e-17 
 1423       1.104798096086e-10       2.061924231852e-12      -6.585438648722e-12       1.016862012402e-14       1.306618958324e-15       5.106790158976e-16      -3.830126217567e-17 
 1424       1.105216472736e-10       2.042909317080e-12      -6.517392112694e-12       1.016573738300e-14       1.302986452217e-15       5.093132878813e-16      -3.763202640717e-17 
 1425       1.105582218662e-10       2.024172638607e-12      -6.448314884206e-12       1.016281703332e-14       1.299366343472e-15       5.078967125750e-16      -3.696347251394e-17 
 1426       1.105894900315e-10       2.005718816645e-12      -6.378236491831e-12       1.015985773037e-14       1.295758586983e-15       5.064317405597e-16      -3.629564492730e-17 
 1427       1.106154082625e-10       1.987552491705e-12      -6.307186645609e-12       1.015685812224e-14       1.292163137019e-15       5.049208370049e-16      -3.562858829241e-17 
 1428       1.106359329002e-10       1.969678324631e-12      -6.235195237378e-12       1.015381684976e-14       1.288579947213e-15       5.033664816949e-16      -3.496234746865e-17 
 1429       1.106510201335e-10       1.952100996630e-12      -6.162292341096e-12       1.015073254645e-14       1.285008970564e-15       5.017711690546e-16      -3.429696752996e-17 
 1430       1.106606259986e-10       1.934825209306e-12      -6.088508213169e-12       1.014760383853e-14       1.281450159436e-15       5.001374081755e-16      -3.363249376519e-17 
 1431       1.106647063793e-10       1.917855684689e-12      -6.013873292777e-12       1.014442934490e-14       1.277903465557e-15       4.984677228421e-16      -3.296897167843e-17 
 1432       1.106632170063e-10       1.901197165270e-12      -5.938418202201e-12       1.014120767713e-14       1.274368840017e-15       4.967646515574e-16      -3.230644698940e-17 
 1433       1.106561134574e-10       1.884854414033e-12      -5.862173747148e-12       1.013793743944e-14       1.270846233264e-15       4.950307475693e-16      -3.164496563373e-17 
 1434       1.106433511569e-10       1.868832214484e-12      -5.785170917080e-12       1.013461722869e-14       1.267335595108e-15       4.932685788967e-16      -3.098457376336e-17 
 1435       1.106248853756e-10       1.853135370687e-12      -5.707440885538e-12       1.013124563437e-14       1.263836874716e-15       4.914807283551e-16      -3.032531774687e-17 
 1436       1.106006712307e-10       1.837768707294e-12      -5.629015010469e-12       1.012782123859e-14       1.260350020610e-15       4.896697935829e-16      -2.966724416984e-17 
 1437       1.105706636852e-10       1.822737069576e-12      -5.549924834552e-12       1.012434261606e-14       1.256874980668e-15       4.878383870676e-16      -2.901039983516e-17 
 1438       1.105348175483e-10       1.808045323458e-12      -5.470202085528e-12       1.012080833409e-14       1.253411702121e-15       4.859891361714e-16      -2.835483176342e-17 
 1439       1.104930874744e-10       1.793698355549e-12      -5.389878676520e-12       1.011721695254e-14       1.249960131554e-15       4.841246831578e-16      -2.770058719324e-17 
 1440       1.104454279637e-10       1.779701073175e-12      -5.308986706365e-12       1.011356702387e-14       1.246520214900e-15       4.822476852170e-16      -2.704771358161e-17 
 1441       1.103917933612e-10       1.766058404409e-12      -5.227558459936e-12       1.010985709308e-14       1.243091897443e-15       4.803608144922e-16      -2.639625860424e-17 
 1442       1.103321378573e-10       1.752775298106e-12      -5.145626408474e-12       1.010608569769e-14       1.239675123816e-15       4.784667581060e-16      -2.574627015590e-17 
 1443       1.102664154867e-10       1.739856723934e-12      -5.063223209908e-12       1.010225136778e-14       1.236269837996e-15       4.765682181857e-16      -2.509779635081e-17 
 1444       1.101945801291e-10       1.727307672405e-12      -4.980381709187e-12       1.009835262592e-14       1.232875983308e-15       4.746679118901e-16      -2.445088552293e-17 
 1445       1.101165855082e-10       1.715133154908e-12      -4.897134938601e-12       1.009438798720e-14       1.229493502419e-15       4.727685714347e-16      -2.380558622633e-17 
 1446       1.100323851921e-10       1.703338203741e-12      -4.813516118113e-12       1.009035595917e-14       1.226122337340e-15       4.708729441184e-16      -2.316194723554e-17 
 1447       1.099419325924e-10       1.691927872145e-12      -4.729558655680e-12       1.008625504188e-14       1.222762429422e-15       4.689837923495e-16      -2.252001754590e-17 
 1448       1.098451809649e-10       1.680907234330e-12      -4.645296147585e-12       1.008208372785e-14       1.219413719356e-15       4.671038936712e-16      -2.187984637390e-17 
 1449       1.097420834085e-10       1.670281385514e-12      -4.560762378759e-12       1.007784050202e-14       1.216076147173e-15       4.652360407882e-16      -2.124148315752e-17 
 1450       1.096325928656e-10       1.660055441952e-12      -4.475991323108e-12       1.007352384179e-14       1.212749652237e-15       4.633830415922e-16      -2.060497755661e-17 
 1451       1.095166775493e-10       1.650233449774e-12      -4.391015759006e-12       1.006913244079e-14       1.209434178535e-15       4.615470280727e-16      -1.997036764874e-17 
 1452       1.093943673965e-10       1.640815099396e-12      -4.305863099840e-12       1.006466588265e-14       1.206129690576e-15       4.597273753740e-16      -1.933764438602e-17 
 1453       1.092657080829e-10       1.631798978058e-12      -4.220559522085e-12       1.006012397401e-14       1.202836157644e-15       4.579227618151e-16      -1.870678678078e-17 
 1454       1.091307456380e-10       1.623183657978e-12      -4.135131346579e-12       1.005550652132e-14       1.199553548533e-15       4.561318580886e-16      -1.807777367709e-17 
 1455       1.089895264462e-10       1.614967696328e-12      -4.049605038764e-12       1.005081333083e-14       1.196281831538e-15       4.543533272475e-16      -1.745058375052e-17 
 1456       1.088420972471e-10       1.607149635200e-12      -3.964007208940e-12       1.004604420860e-14       1.193020974462e-15       4.525858246919e-16      -1.682519550779e-17 
 1457       1.086885051362e-10       1.599728001575e-12      -3.878364612508e-12       1.004119896049e-14       1.189770944611e-15       4.508279981557e-16      -1.620158728641e-17 
 1458       1.085287975658e-10       1.592701307298e-12      -3.792704150218e-12       1.003627739219e-14       1.186531708792e-15       4.490784876932e-16      -1.557973725440e-17 
 1459       1.083630223455e-10       1.586068049041e-12      -3.707052868419e-12       1.003127930916e-14       1.183303233315e-15       4.473359256656e-16      -1.495962340995e-17 
 1460       1.081912276429e-10       1.579826708280e-12      -3.621437959304e-12       1.002620451671e-14       1.180085483988e-15       4.455989367281e-16      -1.434122358107e-17 
 1461       1.080134619843e-10       1.573975751259e-12      -3.535886761159e-12       1.002105281993e-14       1.176878426119e-15       4.438661378160e-16      -1.372451542532e-17 
 1462       1.078297742552e-10       1.568513628965e-12      -3.450426758609e-12       1.001582402372e-14       1.173682024516e-15       4.421361381320e-16      -1.310947642942e-17 
 1463       1.076402137012e-10       1.563438777091e-12      -3.365085582870e-12       1.001051793281e-14       1.170496243482e-15       4.404075391322e-16      -1.249608390898e-17 
 1464       1.074448299285e-10       1.558749616016e-12      -3.279891011988e-12       1.000513435170e-14       1.167321046815e-15       4.386789345133e-16      -1.188431500813e-17 
 1465       1.072436729046e-10       1.554444550764e-12      -3.194870971095e-12       9.999673084737e-15       1.164156397811e-15       4.369489101991e-16      -1.127414669923e-17 
 1466       1.070367929590e-10       1.550521970982e-12      -3.110053532652e-12       9.994133936051e-15       1.161002259256e-15       4.352160443268e-16      -1.066555578251e-17 
 1467       1.068242407839e-10       1.546980250906e-12      -3.025466916699e-12       9.988516709587e-15       1.157858593431e-15       4.334789072345e-16      -1.005851888579e-17 
 1468       1.066060674347e-10       1.543817749333e-12      -2.941139491099e-12       9.982821209099e-15       1.154725362108e-15       4.317360614468e-16      -9.453012464112e-18 
 1469       1.063823243310e-10       1.541032809589e-12      -2.857099771790e-12       9.977047238148e-15       1.151602526550e-15       4.299860616625e-16      -8.849012799436e-18 
 1470       1.061530632567e-10       1.538623759499e-12      -2.773376423029e-12       9.971194600101e-15       1.148490047509e-15       4.282274547405e-16      -8.246496000311e-18 
 1471       1.059183363614e-10       1.536588911359e-12      -2.689998257640e-12       9.965263098136e-15       1.145387885224e-15       4.264587796868e-16      -7.645438001546e-18 
 1472       1.056781961604e-10       1.534926561904e-12      -2.606994237265e-12       9.959252535236e-15       1.142295999424e-15       4.246785676412e-16      -7.045814563891e-18 
 1473       1.054326955357e-10       1.533634992279e-12      -2.524393472605e-12       9.953162714194e-15       1.139214349322e-15       4.228853418638e-16      -6.447601273705e-18 
 1474       1.051818877366e-10       1.532712468008e-12      -2.442225223676e-12       9.946993437610e-15       1.136142893616e-15       4.210776177217e-16      -5.850773542637e-18 
 1475       1.049258263804e-10       1.532157238964e-12      -2.360518900047e-12       9.940744507892e-15       1.133081590491e-15       4.192539026758e-16      -5.255306607294e-18 
 1476       1.046645654530e-10       1.531967539340e-12      -2.279304061097e-12       9.934415727255e-15       1.130030397610e-15       4.174126962674e-16      -4.661175528922e-18 
 1477       1.043981593097e-10       1.532141587618e-12      -2.198610416254e-12       9.928006897724e-15       1.126989272122e-15       4.155524901048e-16      -4.068355193076e-18 
 1478       1.041266626756e-10       1.532677586539e-12      -2.118467825250e-12       9.921517821129e-15       1.123958170656e-15       4.136717678499e-16      -3.476820309298e-18 
 1479       1.038501306466e-10       1.533573723073e-12      -2.038906298361e-12       9.914948299110e-15       1.120937049319e-15       4.117690052051e-16      -2.886545410788e-18 
 1480       1.035686186897e-10       1.534828168388e-12      -1.959955996663e-12       9.908298133116e-15       1.117925863698e-15       4.098426698998e-16      -2.297504854082e-18 
 1481       1.032821826440e-10       1.536439077824e-12      -1.881647232273e-12       9.901567124400e-15       1.114924568857e-15       4.078912216772e-16      -1.709672818726e-18 
 1482       1.029908787213e-10       1.538404590856e-12      -1.804010468596e-12       9.894755074026e-15       1.111933119337e-15       4.059131122806e-16      -1.123023306948e-18 
 1483       1.026947635064e-10       1.540722831070e-12      -1.727076320580e-12       9.887861782866e-15       1.108951469155e-15       4.039067854405e-16      -5.375301433366e-19 
 1484       1.023938939583e-10       1.543391906129e-12      -1.650875554956e-12       9.880887051598e-15       1.105979571800e-15       4.018706768612e-16       4.683302548713e-20 
 1485       1.020883274106e-10       1.546409907747e-12      -1.575439090487e-12       9.873830680710e-15       1.103017380236e-15       3.998032142072e-16       6.300927311940e-19 
 1486       1.017781215721e-10       1.549774911654e-12      -1.500797998220e-12       9.866692470496e-15       1.100064846899e-15       3.977028170900e-16       1.212275684072e-18 
 1487       1.014633345276e-10       1.553484977569e-12      -1.426983501727e-12       9.859472221059e-15       1.097121923696e-15       3.955678970550e-16       1.793408773352e-18 
 1488       1.011440247384e-10       1.557538149171e-12      -1.354026977358e-12       9.852169732311e-15       1.094188562004e-15       3.933968575676e-16       2.373519067534e-18 
 1489       1.008202510433e-10       1.561932454064e-12      -1.281959954484e-12       9.844784803969e-15       1.091264712668e-15       3.911880940006e-16       2.952633814709e-18 
 1490       1.004920726588e-10       1.566665903753e-12      -1.210814115750e-12       9.837317235561e-15       1.088350326002e-15       3.889399936204e-16       3.530780442889e-18 
 1491       1.001595546950e-10       1.571735903997e-12      -1.140617746026e-12       9.829767001896e-15       1.085445356025e-15       3.866514114567e-16       4.107955013104e-18 
 1492       9.982278475944e-11       1.577137479607e-12      -1.071385040673e-12       9.822134781375e-15       1.082549773219e-15       3.843231030469e-16       4.684027239524e-18 
 1493       9.948185651713e-11       1.582865032179e-12      -1.003126692890e-12       9.814421432863e-15       1.079663551893e-15       3.819563057200e-16       5.258834538252e-18 
 1494       9.913686419176e-11       1.588912928057e-12      -9.358534355414e-13       9.806627820696e-15       1.076786665959e-15       3.795522640018e-16       5.832213488623e-18 
 1495       9.878790256653e-11       1.595275498276e-12      -8.695760412111e-13       9.798754814690e-15       1.073919088925e-15       3.771122296265e-16       6.403999831830e-18 
 1496       9.843506698509e-11       1.601947038500e-12      -8.043053222618e-13       9.790803290150e-15       1.071060793901e-15       3.746374615499e-16       6.974028469545e-18 
 1497       9.807845335256e-11       1.608921808957e-12      -7.400521308893e-13       9.782774127880e-15       1.068211753593e-15       3.721292259611e-16       7.542133462544e-18 
 1498       9.771815813647e-11       1.616194034381e-12      -6.768273591787e-13       9.774668214191e-15       1.065371940303e-15       3.695887962948e-16       8.108148029331e-18 
 1499       9.735427836770e-11       1.623757903947e-12      -6.146419391601e-13       9.766486440915e-15       1.062541325930e-15       3.670174532441e-16       8.671904544760e-18 
 1500       9.698691164148e-11       1.631607571212e-12      -5.535068428652e-13       9.758229705406e-15       1.059719881970e-15       3.644164847727e-16       9.233234538659e-18 
 1501       9.661615611832e-11       1.639737154050e-12      -4.934330823825e-13       9.749898910559e-15       1.056907579509e-15       3.617871861267e-16       9.791968694455e-18 
 1502       9.624211052502e-11       1.648140734591e-12      -4.344317099138e-13       9.741494964814e-15       1.054104389231e-15       3.591308598477e-16       1.034793684780e-17 
 1503       9.586487415556e-11       1.656812359163e-12      -3.765138178301e-13       9.733018782165e-15       1.051310281409e-15       3.564488157847e-16       1.090096798518e-17 
 1504       9.548454687214e-11       1.665746038224e-12      -3.196905387272e-13       9.724471282172e-15       1.048525225911e-15       3.537423711065e-16       1.145089024256e-17 
 1505       9.510122910608e-11       1.674935746304e-12      -2.639730454822e-13       9.715853389971e-15       1.045749192193e-15       3.510128503141e-16       1.199753090400e-17 
 1506       9.471502185882e-11       1.684375421941e-12      -2.093725513089e-13       9.707166036279e-15       1.042982149303e-15       3.482615852530e-16       1.254071640027e-17 
 1507       9.432602670287e-11       1.694058967622e-12      -1.559003098142e-13       9.698410157409e-15       1.040224065878e-15       3.454899151254e-16       1.308027230747e-17 
 1508       9.393434578277e-11       1.703980249718e-12      -1.035676150539e-13       9.689586695276e-15       1.037474910142e-15       3.426991865029e-16       1.361602334569e-17 
 1509       9.354008181606e-11       1.714133098423e-12      -5.238580158859e-14       9.680696597406e-15       1.034734649909e-15       3.398907533385e-16       1.414779337759e-17 
 1510       9.314333809423e-11       1.724511307695e-12      -2.366244539676e-15       9.671740816950e-15       1.032003252576e-15       3.370659769789e-16       1.467540540702e-17 
 1511       9.274421848371e-11       1.735108635189e-12       4.647964035461e-14       9.662720312688e-15       1.029280685130e-15       3.342262261772e-16       1.519868157771e-17 
 1512       9.234282742680e-11       1.745918802198e-12       9.414039668332e-14       9.653636049041e-15       1.026566914141e-15       3.313728771050e-16       1.571744317181e-17 
 1513       9.193926994264e-11       1.756935493593e-12       1.406045273068e-13       9.644488996081e-15       1.023861905761e-15       3.285073133645e-16       1.623151060856e-17 
 1514       9.153365162820e-11       1.768152357757e-12       1.858604943008e-13       9.635280129538e-15       1.021165625730e-15       3.256309260013e-16       1.674070344293e-17 
 1515       9.112607865919e-11       1.779563006525e-12       2.298967189003e-13       9.626010430814e-15       1.018478039366e-15       3.227451135166e-16       1.724484036417e-17 
 1516       9.071665779107e-11       1.791161015125e-12       2.727015814438e-13       9.616680886988e-15       1.015799111571e-15       3.198512818791e-16       1.774373919453e-17 
 1517       9.030549636001e-11       1.802939922109e-12       3.142634213174e-13       9.607292490827e-15       1.013128806828e-15       3.169508445381e-16       1.823721688780e-17 
 1518       8.989270228382e-11       1.814893229299e-12       3.545705368984e-13       9.597846240796e-15       1.010467089198e-15       3.140452224352e-16       1.872508952800e-17 
 1519       8.947838406294e-11       1.827014401719e-12       3.936111854999e-13       9.588343141067e-15       1.007813922322e-15       3.111358440169e-16       1.920717232795e-17 
 1520       8.906265078138e-11       1.839296867538e-12       4.313735833144e-13       9.578784201529e-15       1.005169269419e-15       3.082241452468e-16       1.968327962791e-17 
 1521       8.864561210772e-11       1.851734018005e-12       4.678459053581e-13       9.569170437796e-15       1.002533093286e-15       3.053115696183e-16       2.015322489425e-17 
 1522       8.822737829602e-11       1.864319207386e-12       5.030162854148e-13       9.559502871219e-15       9.999053562959e-16       3.023995681663e-16       2.061682071799e-17 
 1523       8.780806018683e-11       1.877045752907e-12       5.368728159801e-13       9.549782528893e-15       9.972860203974e-16       2.994895994803e-16       2.107387881348e-17 
 1524       8.738776920814e-11       1.889906934686e-12       5.694035482053e-13       9.540010443667e-15       9.946750471137e-16       2.965831297160e-16       2.152421001703e-17 
 1525       8.696661737631e-11       1.902895995678e-12       6.005964918414e-13       9.530187654155e-15       9.920723975422e-16       2.936816326082e-16       2.196762428548e-17 
 1526       8.654471729708e-11       1.916006141606e-12       6.304396151833e-13       9.520315204744e-15       9.894780323532e-16       2.907865894827e-16       2.240393069490e-17 
 1527       8.612218216651e-11       1.929230540903e-12       6.589208450137e-13       9.510394145603e-15       9.868919117893e-16       2.878994892692e-16       2.283293743913e-17 
 1528       8.569912577194e-11       1.942562324651e-12       6.860280665472e-13       9.500425532695e-15       9.843139956645e-16       2.850218285128e-16       2.325445182848e-17 
 1529       8.527566249295e-11       1.955994586518e-12       7.117491233744e-13       9.490410427784e-15       9.817442433632e-16       2.821551113873e-16       2.366828028829e-17 
 1530       8.485190730233e-11       1.969520382693e-12       7.360718174058e-13       9.480349898444e-15       9.791826138396e-16       2.793008497067e-16       2.407422835761e-17 
 1531       8.442796996986e-11       1.983132904167e-12       7.589873264845e-13       9.470245050486e-15       9.766290690760e-16       2.764603808608e-16       2.447215777676e-17 
 1532       8.400393761104e-11       1.996825995489e-12       7.805004930533e-13       9.460097125548e-15       9.740835844960e-16       2.736343196927e-16       2.486215834960e-17 
 1533       8.357989197356e-11       2.010593640838e-12       8.006196336761e-13       9.449907404452e-15       9.715461386493e-16       2.708231014090e-16       2.524437772058e-17 
 1534       8.315591521996e-11       2.024429792088e-12       8.193531304085e-13       9.439677174890e-15       9.690167097605e-16       2.680271631844e-16       2.561896443623e-17 
 1535       8.273208992838e-11       2.038328368749e-12       8.367094309171e-13       9.429407731433e-15       9.664952757284e-16       2.652469441653e-16       2.598606794677e-17 
 1536       8.230849909314e-11       2.052283257919e-12       8.526970485980e-13       9.419100375540e-15       9.639818141256e-16       2.624828854723e-16       2.634583860764e-17 
 1537       8.188522612548e-11       2.066288314227e-12       8.673245626960e-13       9.408756415573e-15       9.614763021975e-16       2.597354302033e-16       2.669842768102e-17 
 1538       8.146235485417e-11       2.080337359781e-12       8.806006184231e-13       9.398377166805e-15       9.589787168618e-16       2.570050234369e-16       2.704398733739e-17 
 1539       8.103996952621e-11       2.094424184117e-12       8.925339270778e-13       9.387963951433e-15       9.564890347080e-16       2.542921122350e-16       2.738267065710e-17 
 1540       8.061815480748e-11       2.108542544144e-12       9.031332661639e-13       9.377518098590e-15       9.540072319963e-16       2.515971456460e-16       2.771463163186e-17 
 1541       8.019699578341e-11       2.122686164090e-12       9.124074795093e-13       9.367040944351e-15       9.515332846573e-16       2.489205747079e-16       2.804002516633e-17 
 1542       7.977657795966e-11       2.136848735452e-12       9.203654773847e-13       9.356533831750e-15       9.490671682910e-16       2.462628524510e-16       2.835900707964e-17 
 1543       7.935698726276e-11       2.151023916939e-12       9.270162366231e-13       9.345998110791e-15       9.466088581667e-16       2.436244339014e-16       2.867173410695e-17 
 1544       7.893831004078e-11       2.165205334423e-12       9.323688007380e-13       9.335435138452e-15       9.441583292214e-16       2.410057760836e-16       2.897836390099e-17 
 1545       7.852063306403e-11       2.179386580883e-12       9.364322800427e-13       9.324846278706e-15       9.417155560602e-16       2.384073380237e-16       2.927905503359e-17 
 1546       7.810404352567e-11       2.193561216354e-12       9.392158517691e-13       9.314232902524e-15       9.392805129547e-16       2.358295807523e-16       2.957396699724e-17 
 1547       7.768862904244e-11       2.207722767870e-12       9.407287601867e-13       9.303596387891e-15       9.368531738429e-16       2.332729673079e-16       2.986326020664e-17 
 1548       7.727447765526e-11       2.221864729418e-12       9.409803167213e-13       9.292938119815e-15       9.344335123285e-16       2.307379627394e-16       3.014709600021e-17 
 1549       7.686167782995e-11       2.235980561876e-12       9.399799000739e-13       9.282259490339e-15       9.320215016796e-16       2.282250341094e-16       3.042563664170e-17 
 1550       7.645031845786e-11       2.250063692969e-12       9.377369563397e-13       9.271561898552e-15       9.296171148290e-16       2.257346504972e-16       3.069904532165e-17 
 1551       7.604048885656e-11       2.264107517208e-12       9.342609991272e-13       9.260846750600e-15       9.272203243728e-16       2.232672830019e-16       3.096748615900e-17 
 1552       7.563227877049e-11       2.278105395844e-12       9.295616096766e-13       9.250115459695e-15       9.248311025700e-16       2.208234047451e-16       3.123112420261e-17 
 1553       7.522577837164e-11       2.292050656808e-12       9.236484369790e-13       9.239369446131e-15       9.224494213417e-16       2.184034908743e-16       3.149012543281e-17 
 1554       7.482107826019e-11       2.305936594663e-12       9.165311978954e-13       9.228610137292e-15       9.200752522706e-16       2.160080185658e-16       3.174465676294e-17 
 1555       7.441826946521e-11       2.319756470549e-12       9.082196772754e-13       9.217838967661e-15       9.177085666002e-16       2.136374670275e-16       3.199488604088e-17 
 1556       7.401744344532e-11       2.333503512131e-12       8.987237280759e-13       9.207057378836e-15       9.153493352341e-16       2.112923175023e-16       3.224098205063e-17 
 1557       7.361869208930e-11       2.347170913544e-12       8.880532714806e-13       9.196266819537e-15       9.129975287357e-16       2.089730532708e-16       3.248311451382e-17 
 1558       7.322210771686e-11       2.360751835341e-12       8.762182970183e-13       9.185468745621e-15       9.106531173267e-16       2.066801596544e-16       3.272145409128e-17 
 1559       7.282778307920e-11       2.374239404442e-12       8.632288626821e-13       9.174664620089e-15       9.083160708873e-16       2.044141240186e-16       3.295617238457e-17 
 1560       7.243581135974e-11       2.387626714076e-12       8.490950950482e-13       9.163855913101e-15       9.059863589552e-16       2.021754357754e-16       3.318744193751e-17 
 1561       7.204628617479e-11       2.400906823733e-12       8.338271893949e-13       9.153044101982e-15       9.036639507246e-16       1.999645863871e-16       3.341543623777e-17 
 1562       7.165930157416e-11       2.414072759108e-12       8.174354098211e-13       9.142230671240e-15       9.013488150461e-16       1.977820693686e-16       3.364032971836e-17 
 1563       7.127495204188e-11       2.427117512048e-12       7.999300893660e-13       9.131417112571e-15       8.990409204257e-16       1.956283802909e-16       3.386229775923e-17 
 1564       7.089333249684e-11       2.440034040501e-12       7.813216301270e-13       9.120604924873e-15       8.967402350240e-16       1.935040167840e-16       3.408151668875e-17 
 1565       7.051453829347e-11       2.452815268461e-12       7.616205033794e-13       9.109795614259e-15       8.944467266559e-16       1.914094785397e-16       3.429816378531e-17 
 1566       7.013866522240e-11       2.465454085916e-12       7.408372496949e-13       9.098990694062e-15       8.921603627897e-16       1.893452673151e-16       3.451241727884e-17 
 1567       6.976580951111e-11       2.477943348792e-12       7.189824790606e-13       9.088191684854e-15       8.898811105463e-16       1.873118869350e-16       3.472445635236e-17 
 1568       6.939606782462e-11       2.490275878907e-12       6.960668709977e-13       9.077400114450e-15       8.876089366989e-16       1.853098432954e-16       3.493446114352e-17 
 1569       6.902953726616e-11       2.502444463909e-12       6.721011746809e-13       9.066617517923e-15       8.853438076720e-16       1.833396443664e-16       3.514261274615e-17 
 1570       6.866631537779e-11       2.514441857228e-12       6.470962090566e-13       9.055845437617e-15       8.830856895408e-16       1.814018001952e-16       3.534909321179e-17 
 1571       6.830648841419e-11       2.526261508353e-12       6.210642585436e-13       9.045085316266e-15       8.808345507976e-16       1.794965074725e-16       3.555402842228e-17 
 1572       6.795009604309e-11       2.537899761197e-12       5.940232741086e-13       9.034338175270e-15       8.785903706809e-16       1.776227000144e-16       3.575731612253e-17 
 1573       6.759716631742e-11       2.549353676095e-12       5.659927115458e-13       9.023604933448e-15       8.763531309224e-16       1.757789894452e-16       3.595879628953e-17 
 1574       6.724772737255e-11       2.560620301315e-12       5.369921396321e-13       9.012886513660e-15       8.741228129865e-16       1.739639798190e-16       3.615830811476e-17 
 1575       6.690180742639e-11       2.571696673039e-12       5.070412403141e-13       9.002183842811e-15       8.718993980699e-16       1.721762676077e-16       3.635569000300e-17 
 1576       6.655943477943e-11       2.582579815350e-12       4.761598088946e-13       8.991497851858e-15       8.696828671010e-16       1.704144416885e-16       3.655077957107e-17 
 1577       6.622063781491e-11       2.593266740209e-12       4.443677542195e-13       8.980829475817e-15       8.674732007395e-16       1.686770833315e-16       3.674341364657e-17 
 1578       6.588544499887e-11       2.603754447438e-12       4.116850988643e-13       8.970179653764e-15       8.652703793754e-16       1.669627661874e-16       3.693342826672e-17 
 1579       6.555388488024e-11       2.614039924706e-12       3.781319793208e-13       8.959549328849e-15       8.630743831292e-16       1.652700562757e-16       3.712065867705e-17 
 1580       6.522598609097e-11       2.624120147510e-12       3.437286461841e-13       8.948939448294e-15       8.608851918505e-16       1.635975119716e-16       3.730493933025e-17 
 1581       6.490177734610e-11       2.633992079156e-12       3.084954643390e-13       8.938350963406e-15       8.587027851183e-16       1.619436839941e-16       3.748610388485e-17 
 1582       6.458128744388e-11       2.643652670742e-12       2.724529131469e-13       8.927784829575e-15       8.565271422398e-16       1.603071153940e-16       3.766398520407e-17 
 1583       6.426454526583e-11       2.653098861141e-12       2.356215866322e-13       8.917242006288e-15       8.543582422503e-16       1.586863415410e-16       3.783841535452e-17 
 1584       6.395157977688e-11       2.662327576982e-12       1.980221936695e-13       8.906723457129e-15       8.521960639123e-16       1.570798901116e-16       3.800922560503e-17 
 1585       6.364242002541e-11       2.671335732636e-12       1.596755581698e-13       8.896230149789e-15       8.500405857153e-16       1.554862810770e-16       3.817624642536e-17 
 1586       6.333709514342e-11       2.680120230193e-12       1.206026192677e-13       8.885763056068e-15       8.478917858751e-16       1.539040266907e-16       3.833930748502e-17 
 1587       6.303563434655e-11       2.688677959450e-12       8.082443150764e-14       8.875323151886e-15       8.457496423332e-16       1.523316314759e-16       3.849823765201e-17 
 1588       6.273806693424e-11       2.697005797888e-12       4.036216503084e-14       8.864911417282e-15       8.436141327564e-16       1.507675922137e-16       3.865286499159e-17 
 1589       6.244442228976e-11       2.705100610659e-12      -7.628942379498e-16       8.854528836428e-15       8.414852345361e-16       1.492103979304e-16       3.880301676504e-17 
 1590       6.215472988040e-11       2.712959250567e-12      -4.252934440386e-14       8.844176397628e-15       8.393629247880e-16       1.476585298852e-16       3.894851942847e-17 
 1591       6.186901925745e-11       2.720578558049e-12      -8.491566741515e-14       8.833855093327e-15       8.372471803513e-16       1.461104615582e-16       3.908919863154e-17 
 1592       6.158732005639e-11       2.727955361159e-12      -1.279002288765e-13       8.823565920120e-15       8.351379777884e-16       1.445646586378e-16       3.922487921625e-17 
 1593       6.130966199695e-11       2.735086475548e-12      -1.714612778622e-13       8.813309878750e-15       8.330352933840e-16       1.430195790086e-16       3.935538521571e-17 
 1594       6.103607488319e-11       2.741968704451e-12      -2.155769467298e-13       8.803087974121e-15       8.309391031450e-16       1.414736727388e-16       3.948053985290e-17 
 1595       6.076658860365e-11       2.748598838665e-12      -2.602252509329e-13       8.792901215302e-15       8.288493827999e-16       1.399253820683e-16       3.960016553944e-17 
 1596       6.050123313136e-11       2.754973656533e-12      -3.053840888348e-13       8.782750615532e-15       8.267661077977e-16       1.383731413959e-16       3.971408387438e-17 
 1597       6.024003852403e-11       2.761089923928e-12      -3.510312415218e-13       8.772637192226e-15       8.246892533081e-16       1.368153772676e-16       3.982211564292e-17 
 1598       5.998303492409e-11       2.766944394232e-12      -3.971443726161e-13       8.762561966982e-15       8.226187942206e-16       1.352505083638e-16       3.992408081524e-17 
 1599       5.973025255877e-11       2.772533808322e-12      -4.437010280896e-13       8.752525965584e-15       8.205547051440e-16       1.336769454870e-16       4.001979854522e-17 
 1600       5.948172174027e-11       2.777854894549e-12      -4.906786360770e-13       8.742530218014e-15       8.184969604058e-16       1.320930915498e-16       4.010908716923e-17 
 1601       5.923747286578e-11       2.782904368724e-12      -5.380545066889e-13       8.732575758451e-15       8.164455340517e-16       1.304973415625e-16       4.019176420488e-17 
 1602       5.899753641762e-11       2.787678934097e-12      -5.858058318254e-13       8.722663625282e-15       8.144003998453e-16       1.288880826207e-16       4.026764634983e-17 
 1603       5.876194296332e-11       2.792175281343e-12      -6.339096849891e-13       8.712794861106e-15       8.123615312672e-16       1.272636938929e-16       4.033654948050e-17 
 1604       5.853072315571e-11       2.796390088540e-12      -6.823430210988e-13       8.702970512738e-15       8.103289015145e-16       1.256225466084e-16       4.039828865089e-17 
 1605       5.830390773304e-11       2.800320021155e-12      -7.310826763023e-13       8.693191631218e-15       8.083024835006e-16       1.239630040450e-16       4.045267809133e-17 
 1606       5.808152751905e-11       2.803961732026e-12      -7.801053677899e-13       8.683459271817e-15       8.062822498543e-16       1.222834215164e-16       4.049953120722e-17 
 1607       5.786361342308e-11       2.807311861343e-12      -8.293876936081e-13       8.673774494041e-15       8.042681729195e-16       1.205821463603e-16       4.053866057786e-17 
 1608       5.765019644017e-11       2.810367036629e-12      -8.789061324720e-13       8.664138361637e-15       8.022602247543e-16       1.188575179257e-16       4.056987795515e-17 
 1609       5.744130765113e-11       2.813123872729e-12      -9.286370435795e-13       8.654551942599e-15       8.002583771311e-16       1.171078675609e-16       4.059299426242e-17 
 1610       5.723697822269e-11       2.815578971784e-12      -9.785566664241e-13       8.645016309177e-15       7.982626015353e-16       1.153315186011e-16       4.060781959314e-17 
 1611       5.703722919754e-11       2.817729711546e-12      -1.028642146730e-12       8.635532376585e-15       7.962728714441e-16       1.135273694491e-16       4.061422773192e-17 
 1612       5.684204076311e-11       2.819576618166e-12      -1.078874624821e-12       8.626100417519e-15       7.942891691838e-16       1.116966486336e-16       4.061235036055e-17 
 1613       5.665138270396e-11       2.821121014916e-12      -1.129236174927e-12       8.616720543244e-15       7.923114791334e-16       1.098411756640e-16       4.060238461305e-17 
 1614       5.646522458604e-11       2.822364235836e-12      -1.179708781464e-12       8.607392864487e-15       7.903397854512e-16       1.079627793983e-16       4.058452871531e-17 
 1615       5.628353575633e-11       2.823307625757e-12      -1.230274338900e-12       8.598117491433e-15       7.883740720743e-16       1.060632980581e-16       4.055898198683e-17 
 1616       5.610628534245e-11       2.823952540314e-12      -1.280914651610e-12       8.588894533727e-15       7.864143227182e-16       1.041445792429e-16       4.052594484249e-17 
 1617       5.593344225231e-11       2.824300345967e-12      -1.331611433744e-12       8.579724100469e-15       7.844605208763e-16       1.022084799448e-16       4.048561879426e-17 
 1618       5.576497517371e-11       2.824352420021e-12      -1.382346309080e-12       8.570606300214e-15       7.825126498196e-16       1.002568665630e-16       4.043820645301e-17 
 1619       5.560085257396e-11       2.824110150645e-12      -1.433100810889e-12       8.561541240970e-15       7.805706925963e-16       9.829161491902e-17       4.038391153021e-17 
 1620       5.544104269955e-11       2.823574936889e-12      -1.483856381797e-12       8.552529030200e-15       7.786346320311e-16       9.631461027050e-17       4.032293883967e-17 
 1621       5.528551357570e-11       2.822748188704e-12      -1.534594373642e-12       8.543569774813e-15       7.767044507249e-16       9.432774732649e-17       4.025549429936e-17 
 1622       5.513423300606e-11       2.821631326961e-12      -1.585296047336e-12       8.534663581170e-15       7.747801310546e-16       9.233293026178e-17       4.018178493308e-17 
 1623       5.498716857229e-11       2.820225783469e-12      -1.635942572727e-12       8.525810555079e-15       7.728616551722e-16       9.033207273161e-17       4.010201887227e-17 
 1624       5.484428763368e-11       2.818533000993e-12      -1.686515028458e-12       8.517010801794e-15       7.709490050048e-16       8.832709788633e-17       4.001640535772e-17 
 1625       5.470555732680e-11       2.816554433278e-12      -1.736994401830e-12       8.508264426011e-15       7.690421622540e-16       8.631993838599e-17       3.992515474134e-17 
 1626       5.457094456513e-11       2.814291545061e-12      -1.787361588660e-12       8.499571531873e-15       7.671411083954e-16       8.431253641500e-17       3.982847848790e-17 
 1627       5.444041603863e-11       2.811745812093e-12      -1.837597393144e-12       8.490932222960e-15       7.652458246782e-16       8.230684369678e-17       3.972658917678e-17 
 1628       5.431393821343e-11       2.808918721158e-12      -1.887682527714e-12       8.482346602295e-15       7.633562921250e-16       8.030482150837e-17       3.961970050376e-17 
 1629       5.419147733142e-11       2.805811770093e-12      -1.937597612905e-12       8.473814772339e-15       7.614724915307e-16       7.830844069509e-17       3.950802728268e-17 
 1630       5.407299940988e-11       2.802426467804e-12      -1.987323177209e-12       8.465336834987e-15       7.595944034631e-16       7.631968168515e-17       3.939178544729e-17 
 1631       5.395847024109e-11       2.798764334285e-12      -2.036839656941e-12       8.456912891573e-15       7.577220082615e-16       7.434053450432e-17       3.927119205293e-17 
 1632       5.384785539199e-11       2.794826900642e-12      -2.086127396097e-12       8.448543042863e-15       7.558552860367e-16       7.237299879054e-17       3.914646527832e-17 
 1633       5.374112020377e-11       2.790615709103e-12      -2.135166646214e-12       8.440227389054e-15       7.539942166707e-16       7.041908380856e-17       3.901782442728e-17 
 1634       5.363822979151e-11       2.786132313047e-12      -2.183937566232e-12       8.431966029776e-15       7.521387798160e-16       6.848080846459e-17       3.888548993049e-17 
 1635       5.353914904381e-11       2.781378277012e-12      -2.232420222357e-12       8.423759064087e-15       7.502889548953e-16       6.656020132094e-17       3.874968334727e-17 
 1636       5.344384262240e-11       2.776355176724e-12      -2.280594587917e-12       8.415606590473e-15       7.484447211008e-16       6.465930061062e-17       3.861062736729e-17 
 1637       5.335227496176e-11       2.771064599110e-12      -2.328440543225e-12       8.407508706846e-15       7.466060573943e-16       6.278015425203e-17       3.846854581232e-17 
 1638       5.326441026877e-11       2.765508142317e-12      -2.375937875440e-12       8.399465510543e-15       7.447729425064e-16       6.092481986355e-17       3.832366363801e-17 
 1639       5.318021252231e-11       2.759687415734e-12      -2.423066278430e-12       8.391477098324e-15       7.429453549359e-16       5.909536477821e-17       3.817620693562e-17 
 1640       5.309964547290e-11       2.753604040006e-12      -2.469805352626e-12       8.383543566370e-15       7.411232729497e-16       5.729386605830e-17       3.802640293379e-17 
 1641       5.302267264232e-11       2.747259647058e-12      -2.516134604890e-12       8.375665010282e-15       7.393066745825e-16       5.552241051003e-17       3.787448000023e-17 
 1642       5.294925732320e-11       2.740655880111e-12      -2.562033448371e-12       8.367841525081e-15       7.374955376359e-16       5.378309469814e-17       3.772066764356e-17 
 1643       5.287936257873e-11       2.733794393702e-12      -2.607481202368e-12       8.360073205205e-15       7.356898396780e-16       5.207802496058e-17       3.756519651499e-17 
 1644       5.281295124219e-11       2.726676853700e-12      -2.652457092189e-12       8.352360144505e-15       7.338895580437e-16       5.040931742309e-17       3.740829841009e-17 
 1645       5.274998591663e-11       2.719304937330e-12      -2.696940249014e-12       8.344702436249e-15       7.320946698331e-16       4.877909801389e-17       3.725020627057e-17 
 1646       5.269042897447e-11       2.711680333186e-12      -2.740909709754e-12       8.337100173116e-15       7.303051519121e-16       4.718950247828e-17       3.709115418596e-17 
 1647       5.263424255715e-11       2.703804741255e-12      -2.784344416911e-12       8.329553447196e-15       7.285209809116e-16       4.564267639328e-17       3.693137739545e-17 
 1648       5.258138857472e-11       2.695679872933e-12      -2.827223218443e-12       8.322062349990e-15       7.267421332266e-16       4.414077518231e-17       3.677111228956e-17 
 1649       5.253182870549e-11       2.687307451044e-12      -2.869524867617e-12       8.314626972404e-15       7.249685850166e-16       4.268596412976e-17       3.661059641193e-17 
 1650       5.248552439565e-11       2.678689209860e-12      -2.911228022877e-12       8.307247404754e-15       7.232003122047e-16       4.128041839566e-17       3.645006846108e-17 
 1651       5.244243343420e-11       2.669827298668e-12      -2.952313714104e-12       8.299923620473e-15       7.214372923525e-16       3.992575037354e-17       3.628971433888e-17 
 1652       5.240249964533e-11       2.660725496357e-12      -2.992772765574e-12       8.292655126133e-15       7.196795103052e-16       3.862128618488e-17       3.612950476979e-17 
 1653       5.236566310399e-11       2.651388007633e-12      -3.032598438502e-12       8.285441308324e-15       7.179269525955e-16       3.736577394099e-17       3.596935624621e-17 
 1654       5.233186355170e-11       2.641819060480e-12      -3.071783970579e-12       8.278281549647e-15       7.161796055731e-16       3.615795500307e-17       3.580918485046e-17 
 1655       5.230104039604e-11       2.632022906201e-12      -3.110322575940e-12       8.271175228706e-15       7.144374554036e-16       3.499656397164e-17       3.564890625418e-17 
 1656       5.227313271017e-11       2.622003819451e-12      -3.148207445133e-12       8.264121720109e-15       7.127004880686e-16       3.388032867603e-17       3.548843571771e-17 
 1657       5.224807923224e-11       2.611766098276e-12      -3.185431745089e-12       8.257120394453e-15       7.109686893653e-16       3.280797016377e-17       3.532768808946e-17 
 1658       5.222581836488e-11       2.601314064147e-12      -3.221988619093e-12       8.250170618323e-15       7.092420449057e-16       3.177820269005e-17       3.516657780529e-17 
 1659       5.220628817472e-11       2.590652061999e-12      -3.257871186750e-12       8.243271754282e-15       7.075205401171e-16       3.078973370717e-17       3.500501888788e-17 
 1660       5.218942639179e-11       2.579784460267e-12      -3.293072543955e-12       8.236423160866e-15       7.058041602408e-16       2.984126385398e-17       3.484292494609e-17 
 1661       5.217517040906e-11       2.568715650920e-12      -3.327585762866e-12       8.229624192577e-15       7.040928903327e-16       2.893148694531e-17       3.468020917437e-17 
 1662       5.216345728187e-11       2.557450049504e-12      -3.361403891867e-12       8.222874199877e-15       7.023867152620e-16       2.805908996142e-17       3.451678435213e-17 
 1663       5.215422372741e-11       2.545992095170e-12      -3.394519955542e-12       8.216172529179e-15       7.006856197115e-16       2.722275303742e-17       3.435256284309e-17 
 1664       5.214740612423e-11       2.534346250718e-12      -3.426926954643e-12       8.209518522843e-15       6.989895881771e-16       2.642114945277e-17       3.418745659468e-17 
 1665       5.214294051166e-11       2.522517002630e-12      -3.458617866056e-12       8.202911519170e-15       6.972986049674e-16       2.565294562065e-17       3.402137713741e-17 
 1666       5.214076258933e-11       2.510508861106e-12      -3.489585642776e-12       8.196350852392e-15       6.956126542032e-16       2.491680107743e-17       3.385423558423e-17 
 1667       5.214080771660e-11       2.498326360103e-12      -3.519823213874e-12       8.189835852668e-15       6.939317198176e-16       2.421136847215e-17       3.368594262995e-17 
 1668       5.214301091206e-11       2.485974057372e-12      -3.549323484462e-12       8.183365846075e-15       6.922557855550e-16       2.353529355589e-17       3.351640855055e-17 
 1669       5.214730685303e-11       2.473456534489e-12      -3.578079335668e-12       8.176940154605e-15       6.905848349713e-16       2.288721517127e-17       3.334554320263e-17 
 1670       5.215362987498e-11       2.460778396900e-12      -3.606083624603e-12       8.170558096156e-15       6.889188514333e-16       2.226576524185e-17       3.317325602272e-17 
 1671       5.216191397101e-11       2.447944273950e-12      -3.633329184329e-12       8.164218984524e-15       6.872578181185e-16       2.166956876161e-17       3.299945602671e-17 
 1672       5.217209279138e-11       2.434958818924e-12      -3.659808823831e-12       8.157922129399e-15       6.856017180146e-16       2.109724378436e-17       3.282405180917e-17 
 1673       5.218409964292e-11       2.421826709083e-12      -3.685515327984e-12       8.151666836359e-15       6.839505339190e-16       2.054740141319e-17       3.264695154280e-17 
 1674       5.219786748853e-11       2.408552645700e-12      -3.710441457522e-12       8.145452406859e-15       6.823042484389e-16       2.001864578994e-17       3.246806297773e-17 
 1675       5.221332894666e-11       2.395141354096e-12      -3.734579949009e-12       8.139278138229e-15       6.806628439907e-16       1.950957408459e-17       3.228729344094e-17 
 1676       5.223041629078e-11       2.381597583677e-12      -3.757923514807e-12       8.133143323665e-15       6.790263027994e-16       1.901877648473e-17       3.210454983563e-17 
 1677       5.224906144883e-11       2.367926107972e-12      -3.780464843046e-12       8.127047252222e-15       6.773946068987e-16       1.854483618501e-17       3.191973864059e-17 
 1678       5.226919600274e-11       2.354131724667e-12      -3.802196597591e-12       8.120989208809e-15       6.757677381305e-16       1.808632937656e-17       3.173276590958e-17 
 1679       5.229075118784e-11       2.340219255645e-12      -3.823111418016e-12       8.114968474182e-15       6.741456781442e-16       1.764182523646e-17       3.154353727069e-17 
 1680       5.231365789240e-11       2.326193547018e-12      -3.843201919567e-12       8.108984324937e-15       6.725284083969e-16       1.720988591714e-17       3.135195792576e-17 
 1681       5.233784665708e-11       2.312059469169e-12      -3.862460693136e-12       8.103036033502e-15       6.709159101527e-16       1.678906653587e-17       3.115793264970e-17 
 1682       5.236324767436e-11       2.297821916784e-12      -3.880880305229e-12       8.097122868133e-15       6.693081644824e-16       1.637791516416e-17       3.096136578990e-17 
 1683       5.238979078809e-11       2.283485808890e-12      -3.898453297934e-12       8.091244092905e-15       6.677051522633e-16       1.597497281721e-17       3.076216126561e-17 
 1684       5.241740549290e-11       2.269056088895e-12      -3.915172188893e-12       8.085398967707e-15       6.661068541787e-16       1.557877344338e-17       3.056022256729e-17 
 1685       5.244602093371e-11       2.254537724619e-12      -3.931029471265e-12       8.079586748235e-15       6.645132507175e-16       1.518784391360e-17       3.035545275602e-17 
 1686       5.247556590519e-11       2.239935708333e-12      -3.946017613704e-12       8.073806685985e-15       6.629243221740e-16       1.480070401083e-17       3.014775446283e-17 
 1687       5.250596885124e-11       2.225255056798e-12      -3.960129060322e-12       8.068058028246e-15       6.613400486474e-16       1.441586641947e-17       2.993702988812e-17 
 1688       5.253715786444e-11       2.210500811297e-12      -3.973356230660e-12       8.062340018095e-15       6.597604100418e-16       1.403183671486e-17       2.972318080103e-17 
 1689       5.256906068557e-11       2.195678037675e-12      -3.985691519657e-12       8.056651894388e-15       6.581853860652e-16       1.364711335267e-17       2.950610853879e-17 
 1690       5.260160470304e-11       2.180791826377e-12      -3.997127297619e-12       8.050992891756e-15       6.566149562297e-16       1.326018765834e-17       2.928571400611e-17 
 1691       5.263472079287e-11       2.165847151638e-12      -4.007658192005e-12       8.045362225712e-15       6.550491014133e-16       1.286988100688e-17       2.906193253527e-17 
 1692       5.266835487604e-11       2.150848447671e-12      -4.017287954421e-12       8.039759047863e-15       6.534878085605e-16       1.247635957359e-17       2.883483879746e-17 
 1693       5.270245646007e-11       2.135800028889e-12      -4.026022652984e-12       8.034182490294e-15       6.519310660216e-16       1.208012834230e-17       2.860454279789e-17 
 1694       5.273697480726e-11       2.120706230443e-12      -4.033868395954e-12       8.028631680420e-15       6.503788619937e-16       1.168169471551e-17       2.837115509838e-17 
 1695       5.277185893433e-11       2.105571408253e-12      -4.040831331810e-12       8.023105740968e-15       6.488311845208e-16       1.128156851803e-17       2.813478681813e-17 
 1696       5.280705761208e-11       2.090399939037e-12      -4.046917649306e-12       8.017603789976e-15       6.472880214931e-16       1.088026200050e-17       2.789554963461e-17 
 1697       5.284251936495e-11       2.075196220343e-12      -4.052133577540e-12       8.012124940784e-15       6.457493606470e-16       1.047828984300e-17       2.765355578437e-17 
 1698       5.287819247072e-11       2.059964670581e-12      -4.056485386022e-12       8.006668302026e-15       6.442151895648e-16       1.007616915866e-17       2.740891806391e-17 
 1699       5.291402496014e-11       2.044709729053e-12      -4.059979384731e-12       8.001232977625e-15       6.426854956742e-16       9.674419497199e-18       2.716174983046e-17 
 1700       5.294996461652e-11       2.029435855979e-12      -4.062621924188e-12       7.995818066782e-15       6.411602662482e-16       9.273562848534e-18       2.691216500287e-17 
 1701       5.298595897542e-11       2.014147532538e-12      -4.064419395515e-12       7.990422663972e-15       6.396394884048e-16       8.874123646359e-18       2.666027806245e-17 
 1702       5.302195532425e-11       1.998849260886e-12      -4.065378230503e-12       7.985045858937e-15       6.381231491065e-16       8.476628771730e-18       2.640620405375e-17 
 1703       5.305790070190e-11       1.983545564198e-12      -4.065504901677e-12       7.979686736675e-15       6.366112351604e-16       8.081607556644e-18       2.615005858548e-17 
 1704       5.309374189841e-11       1.968240986691e-12      -4.064805922360e-12       7.974344377437e-15       6.351037332177e-16       7.689591787624e-18       2.589195783127e-17 
 1705       5.312942545457e-11       1.952940093660e-12      -4.063287846737e-12       7.969017856718e-15       6.336006297733e-16       7.301115709306e-18       2.563201853058e-17 
 1706       5.316489766158e-11       1.937647471503e-12      -4.060957269921e-12       7.963706245248e-15       6.321019111656e-16       6.916716028017e-18       2.537035798948e-17 
 1707       5.320010456065e-11       1.922367727759e-12      -4.057820828019e-12       7.958408608987e-15       6.306075635764e-16       6.536931915362e-18       2.510709408151e-17 
 1708       5.323499194269e-11       1.907105491130e-12      -4.053885198196e-12       7.953124009119e-15       6.291175730305e-16       6.162305011807e-18       2.484234524853e-17 
 1709       5.326950534787e-11       1.891865411520e-12      -4.049157098739e-12       7.947851502041e-15       6.276319253951e-16       5.793379430264e-18       2.457623050154e-17 
 1710       5.330359006533e-11       1.876652160061e-12      -4.043643289122e-12       7.942590139358e-15       6.261506063801e-16       5.430701759669e-18       2.430886942153e-17 
 1711       5.333719113278e-11       1.861470429143e-12      -4.037350570072e-12       7.937338967874e-15       6.246736015374e-16       5.074821068572e-18       2.404038216032e-17 
 1712       5.337025333612e-11       1.846324932449e-12      -4.030285783636e-12       7.932097029590e-15       6.232008962606e-16       4.726288908717e-18       2.377088944138e-17 
 1713       5.340272120910e-11       1.831220404981e-12      -4.022455813239e-12       7.926863361689e-15       6.217324757851e-16       4.385659318626e-18       2.350051256068e-17 
 1714       5.343453903293e-11       1.816161603095e-12      -4.013867583758e-12       7.921636996534e-15       6.202683251872e-16       4.053488827183e-18       2.322937338754e-17 
 1715       5.346565083596e-11       1.801153304526e-12      -4.004528061579e-12       7.916416961660e-15       6.188084293844e-16       3.730336457217e-18       2.295759436545e-17 
 1716       5.349600039327e-11       1.786200308425e-12      -3.994444254667e-12       7.911202279765e-15       6.173527731350e-16       3.416763729085e-18       2.268529851292e-17 
 1717       5.352553122631e-11       1.771307435386e-12      -3.983623212627e-12       7.905991968705e-15       6.159013410373e-16       3.113334664257e-18       2.241260942430e-17 
 1718       5.355418660254e-11       1.756479527479e-12      -3.972072026774e-12       7.900785041484e-15       6.144541175302e-16       2.820615788899e-18       2.213965127065e-17 
 1719       5.358190953511e-11       1.741721448275e-12      -3.959797830194e-12       7.895580506249e-15       6.130110868919e-16       2.539176137455e-18       2.186654880055e-17 
 1720       5.360864278240e-11       1.727038082886e-12      -3.946807797808e-12       7.890377366283e-15       6.115722332406e-16       2.269587256233e-18       2.159342734094e-17 
 1721       5.363432884775e-11       1.712434337988e-12      -3.933109146442e-12       7.885174619996e-15       6.101375405335e-16       2.012423206986e-18       2.132041279798e-17 
 1722       5.365890997903e-11       1.697915141854e-12      -3.918709134886e-12       7.879971260918e-15       6.087069925669e-16       1.768260570496e-18       2.104763165788e-17 
 1723       5.368232816830e-11       1.683485444385e-12      -3.903615063964e-12       7.874766277693e-15       6.072805729755e-16       1.537678450161e-18       2.077521098770e-17 
 1724       5.370452515145e-11       1.669150217143e-12      -3.887834276594e-12       7.869558654071e-15       6.058582652329e-16       1.321258475573e-18       2.050327843626e-17 
 1725       5.372544240783e-11       1.654914453377e-12      -3.871374157859e-12       7.864347368900e-15       6.044400526502e-16       1.119584806105e-18       2.023196223491e-17 
 1726       5.374502115986e-11       1.640783168056e-12      -3.854242135065e-12       7.859131396121e-15       6.030259183769e-16       9.332441344929e-19       1.996139119841e-17 
 1727       5.376320237273e-11       1.626761397902e-12      -3.836445677812e-12       7.853909704758e-15       6.016158453997e-16       7.628256904208e-19       1.969169472577e-17 
 1728       5.377992675393e-11       1.612854201416e-12      -3.817992298055e-12       7.848681258912e-15       6.002098165426e-16       6.089212441028e-19       1.942300280103e-17 
 1729       5.379513475301e-11       1.599066658912e-12      -3.798889550171e-12       7.843445017755e-15       5.988078144666e-16       4.721251098671e-19       1.915544599420e-17 
 1730       5.380876656110e-11       1.585403872547e-12      -3.779145031022e-12       7.838199935520e-15       5.974098216695e-16       3.530341497396e-19       1.888915546198e-17 
 1731       5.382076963615e-11       1.571870446473e-12      -3.758767267247e-12       7.832945040625e-15       5.960158218027e-16       2.520691262141e-19       1.862422557594e-17 
 1732       5.383112134861e-11       1.558468922420e-12      -3.737768385192e-12       7.827679673786e-15       5.946258036361e-16       1.689371020901e-19       1.836060145950e-17 
 1733       5.383980652644e-11       1.545201330953e-12      -3.716161463681e-12       7.822403251904e-15       5.932397571262e-16       1.031645034890e-19       1.809819050195e-17 
 1734       5.384680994686e-11       1.532069710154e-12      -3.693959648931e-12       7.817115189109e-15       5.918576721017e-16       5.427535463103e-20       1.783689964423e-17 
 1735       5.385211633628e-11       1.519076105636e-12      -3.671176154660e-12       7.811814896762e-15       5.904795382632e-16       2.179127426810e-20       1.757663537833e-17 
 1736       5.385571037027e-11       1.506222570555e-12      -3.647824262185e-12       7.806501783445e-15       5.891053451831e-16       5.231472116548e-21       1.731730374659e-17 
 1737       5.385757667348e-11       1.493511165614e-12      -3.623917320521e-12       7.801175254962e-15       5.877350823051e-16       4.112745290195e-21       1.705881034102e-17 
 1738       5.385769981957e-11       1.480943959076e-12      -3.599468746484e-12       7.795834714333e-15       5.863687389442e-16       1.794947473322e-20       1.680106030273e-17 
 1739       5.385606433116e-11       1.468523026775e-12      -3.574492024790e-12       7.790479561787e-15       5.850063042863e-16       4.625362165307e-20       1.654395832117e-17 
 1740       5.385265467973e-11       1.456250452126e-12      -3.549000708154e-12       7.785109194763e-15       5.836477673882e-16       8.853472395339e-20       1.628740863354e-17 
 1741       5.384745528561e-11       1.444128326130e-12      -3.523008417394e-12       7.779723007903e-15       5.822931171770e-16       1.442998926669e-19       1.603131502412e-17 
 1742       5.384045051788e-11       1.432158747390e-12      -3.496528841529e-12       7.774320393049e-15       5.809423424504e-16       2.130538083883e-19       1.577558082358e-17 
 1743       5.383162469432e-11       1.420343822118e-12      -3.469575737879e-12       7.768900739236e-15       5.795954318759e-16       2.942987177074e-19       1.552010890837e-17 
 1744       5.382096208132e-11       1.408685664145e-12      -3.442162932168e-12       7.763463432692e-15       5.782523739909e-16       3.875344296415e-19       1.526480170003e-17 
 1745       5.380844689385e-11       1.397186394931e-12      -3.414304318621e-12       7.758007856832e-15       5.769131572023e-16       4.922583120689e-19       1.500956116453e-17 
 1746       5.379406329540e-11       1.385848143576e-12      -3.386013860066e-12       7.752533392254e-15       5.755777697866e-16       6.079652881616e-19       1.475428881165e-17 
 1747       5.377779539787e-11       1.374673046827e-12      -3.357305588038e-12       7.747039416734e-15       5.742461998892e-16       7.341478328179e-19       1.449888569426e-17 
 1748       5.375962726154e-11       1.363663249092e-12      -3.328193602872e-12       7.741525305225e-15       5.729184355243e-16       8.702959690959e-19       1.424325240774e-17 
 1749       5.373954289501e-11       1.352820902446e-12      -3.298692073809e-12       7.735990429848e-15       5.715944645752e-16       1.015897264646e-18       1.398728908924e-17 
 1750       5.371752625512e-11       1.342148166643e-12      -3.268815239097e-12       7.730434159892e-15       5.702742747931e-16       1.170436828144e-18       1.373089541709e-17 
 1751       5.369356124689e-11       1.331647209125e-12      -3.238577406087e-12       7.724855861810e-15       5.689578537977e-16       1.333397305723e-18       1.347397061010e-17 
 1752       5.366763172346e-11       1.321320205034e-12      -3.207992951336e-12       7.719254899210e-15       5.676451890767e-16       1.504258877408e-18       1.321641342694e-17 
 1753       5.363972148602e-11       1.311169337218e-12      -3.177076320708e-12       7.713630632857e-15       5.663362679853e-16       1.682499253550e-18       1.295812216543e-17 
 1754       5.360981428377e-11       1.301196796245e-12      -3.145842029473e-12       7.707982420667e-15       5.650310777462e-16       1.867593671253e-18       1.269899466194e-17 
 1755       5.357789381380e-11       1.291404780410e-12      -3.114304662410e-12       7.702309617700e-15       5.637296054497e-16       2.059014890813e-18       1.243892829068e-17 
 1756       5.354394372108e-11       1.281795495745e-12      -3.082478873903e-12       7.696611576158e-15       5.624318380528e-16       2.256233192150e-18       1.217781996309e-17 
 1757       5.350794759839e-11       1.272371156031e-12      -3.050379388046e-12       7.690887645384e-15       5.611377623794e-16       2.458716371237e-18       1.191556612714e-17 
 1758       5.346988898622e-11       1.263133982807e-12      -3.018020998740e-12       7.685137171852e-15       5.598473651199e-16       2.665929736538e-18       1.165206276671e-17 
 1759       5.342975137274e-11       1.254086205379e-12      -2.985418569796e-12       7.679359499166e-15       5.585606328312e-16       2.877336105436e-18       1.138720540089e-17 
 1760       5.338751819373e-11       1.245230060829e-12      -2.952587035034e-12       7.673553968058e-15       5.572775519361e-16       3.092395800672e-18       1.112088908338e-17 
 1761       5.334317283249e-11       1.236567794028e-12      -2.919541398384e-12       7.667719916379e-15       5.559981087234e-16       3.310566646771e-18       1.085300840176e-17 
 1762       5.329669861984e-11       1.228101657643e-12      -2.886296733985e-12       7.661856679100e-15       5.547222893474e-16       3.531303966480e-18       1.058345747691e-17 
 1763       5.324807883396e-11       1.219833912149e-12      -2.852868186288e-12       7.655963588304e-15       5.534500798279e-16       3.754060577198e-18       1.031212996228e-17 
 1764       5.319729670041e-11       1.211766825838e-12      -2.819270970155e-12       7.650039973183e-15       5.521814660499e-16       3.978286787411e-18       1.003891904329e-17 
 1765       5.314433539204e-11       1.203902674829e-12      -2.785520370959e-12       7.644085160035e-15       5.509164337633e-16       4.203430393125e-18       9.763717436630e-18 
 1766       5.308917802889e-11       1.196243743075e-12      -2.751631744685e-12       7.638098472260e-15       5.496549685826e-16       4.428936674295e-18       9.486417389640e-18 
 1767       5.303180767819e-11       1.188792322379e-12      -2.717620518030e-12       7.632079230354e-15       5.483970559869e-16       4.654248391263e-18       9.206910679617e-18 
 1768       5.297220735424e-11       1.181550712398e-12      -2.683502188505e-12       7.626026751905e-15       5.471426813195e-16       4.878805781189e-18       8.925088613181e-18 
 1769       5.291036001839e-11       1.174521220658e-12      -2.649292324534e-12       7.619940351593e-15       5.458918297876e-16       5.102046554483e-18       8.640842025607e-18 
 1770       5.284624857892e-11       1.167706162558e-12      -2.615006565553e-12       7.613819341181e-15       5.446444864624e-16       5.323405891237e-18       8.354061280171e-18 
 1771       5.277986219388e-11       1.161107307408e-12      -2.580659879732e-12       7.607663144999e-15       5.434006373609e-16       5.542468762958e-18       8.064681496935e-18 
 1772       5.271121523649e-11       1.154724211495e-12      -2.546264330223e-12       7.601471647446e-15       5.421602727039e-16       5.759428281062e-18       7.772818649041e-18 
 1773       5.264032848628e-11       1.148555871263e-12      -2.511831290653e-12       7.595244848353e-15       5.409233836843e-16       5.974631128343e-18       7.478634589594e-18 
 1774       5.256722284063e-11       1.142601276025e-12      -2.477372185906e-12       7.588982747753e-15       5.396899613876e-16       6.188425579688e-18       7.182291925359e-18 
 1775       5.249191931502e-11       1.136859407956e-12      -2.442898492189e-12       7.582685345888e-15       5.384599967913e-16       6.401161504334e-18       6.883954017831e-18 
 1776       5.241443904310e-11       1.131329242079e-12      -2.408421737111e-12       7.576352643202e-15       5.372334807645e-16       6.613190368128e-18       6.583784984307e-18 
 1777       5.233480327698e-11       1.126009746255e-12      -2.373953499751e-12       7.569984640347e-15       5.360104040684e-16       6.824865235779e-18       6.281949698962e-18 
 1778       5.225303338731e-11       1.120899881172e-12      -2.339505410730e-12       7.563581338178e-15       5.347907573552e-16       7.036540773122e-18       5.978613793915e-18 
 1779       5.216915086351e-11       1.115998600331e-12      -2.305089152286e-12       7.557142737760e-15       5.335745311687e-16       7.248573249372e-18       5.673943660305e-18 
 1780       5.208317731395e-11       1.111304850038e-12      -2.270716458341e-12       7.550668840363e-15       5.323617159438e-16       7.461320539381e-18       5.368106449362e-18 
 1781       5.199513446608e-11       1.106817569391e-12      -2.236399114578e-12       7.544159647463e-15       5.311523020060e-16       7.675142125898e-18       5.061270073476e-18 
 1782       5.190504416668e-11       1.102535690270e-12      -2.202148958511e-12       7.537615160745e-15       5.299462795718e-16       7.890399101824e-18       4.753603207273e-18 
 1783       5.181292838197e-11       1.098458137322e-12      -2.167977879556e-12       7.531035382101e-15       5.287436387481e-16       8.107454172473e-18       4.445275288685e-18 
 1784       5.171880919780e-11       1.094583827956e-12      -2.133897819106e-12       7.524420313632e-15       5.275443695321e-16       8.326671657825e-18       4.136456520021e-18 
 1785       5.162270881987e-11       1.090911672326e-12      -2.099920770600e-12       7.517769957645e-15       5.263484618113e-16       8.548417494789e-18       3.827317869042e-18 
 1786       5.152464957386e-11       1.087440573323e-12      -2.066058779596e-12       7.511084316658e-15       5.251559053629e-16       8.773059239455e-18       3.518031070026e-18 
 1787       5.142465390564e-11       1.084169426561e-12      -2.032323943843e-12       7.504363393397e-15       5.239666898541e-16       9.000966069356e-18       3.208768624850e-18 
 1788       5.132274438139e-11       1.081097120368e-12      -1.998728413356e-12       7.497607190797e-15       5.227808048413e-16       9.232508785723e-18       2.899703804052e-18 
 1789       5.121894368786e-11       1.078222535775e-12      -1.965284390483e-12       7.490815712003e-15       5.215982397708e-16       9.468059815744e-18       2.591010647909e-18 
 1790       5.111327463250e-11       1.075544546502e-12      -1.932004129980e-12       7.483988960370e-15       5.204189839775e-16       9.707993214820e-18       2.282863967507e-18 
 1791       5.100576014361e-11       1.073062018949e-12      -1.898899939081e-12       7.477126939464e-15       5.192430266857e-16       9.952684668824e-18       1.975439345812e-18 
 1792       5.089642327057e-11       1.070773812186e-12      -1.865984177576e-12       7.470229653059e-15       5.180703570084e-16       1.020251149636e-17       1.668913138744e-18 
 1793       5.078528718400e-11       1.068678777936e-12      -1.833269257873e-12       7.463297105144e-15       5.169009639470e-16       1.045785265101e-17       1.363462476246e-18 
 1794       5.067237517593e-11       1.066775760570e-12      -1.800767645080e-12       7.456329299915e-15       5.157348363916e-16       1.071908872362e-17       1.059265263359e-18 
 1795       5.055771065997e-11       1.065063597093e-12      -1.768491857070e-12       7.449326241782e-15       5.145719631203e-16       1.098660194452e-17       7.565001812908e-19 
 1796       5.044131717149e-11       1.063541117132e-12      -1.736454464558e-12       7.442287935367e-15       5.134123327994e-16       1.126077618579e-17       4.553466884899e-19 
 1797       5.032321836783e-11       1.062207142927e-12      -1.704668091169e-12       7.435214385504e-15       5.122559339829e-16       1.154199696357e-17       1.559850217171e-19 
 1798       5.020343802841e-11       1.061060489316e-12      -1.673145413513e-12       7.428105597238e-15       5.111027551125e-16       1.183065144022e-17      -1.414038028836e-19 
 1799       5.008200005499e-11       1.060099963727e-12      -1.641899161255e-12       7.420961575830e-15       5.099527845173e-16       1.212712842667e-17      -4.366379887122e-19 
 1800       4.995892847178e-11       1.059324366167e-12      -1.610942117189e-12       7.413782326750e-15       5.088060104139e-16       1.243181838463e-17      -7.295349576412e-19 
 1801       4.983424742563e-11       1.058732489209e-12      -1.580287117307e-12       7.406567855685e-15       5.076624209056e-16       1.274511342886e-17      -1.019911348944e-18 
 1802       4.970798118625e-11       1.058323117978e-12      -1.549947050876e-12       7.399318168535e-15       5.065220039829e-16       1.306740732940e-17      -1.307583018222e-18 
 1803       4.958015414631e-11       1.058095030147e-12      -1.519934860505e-12       7.392033271414e-15       5.053847475227e-16       1.339909551390e-17      -1.592365036335e-18 
 1804       4.945079082171e-11       1.058046995919e-12      -1.490263542220e-12       7.384713170650e-15       5.042506392887e-16       1.374057506978e-17      -1.874071688326e-18 
 1805       4.931991585167e-11       1.058177778018e-12      -1.460946145534e-12       7.377357872786e-15       5.031196669308e-16       1.409224474658e-17      -2.152516472354e-18 
 1806       4.918755399897e-11       1.058486131680e-12      -1.431995773522e-12       7.369967384580e-15       5.019918179848e-16       1.445450495814e-17      -2.427512098616e-18 
 1807       4.905373015009e-11       1.058970804637e-12      -1.403425582891e-12       7.362541713007e-15       5.008670798728e-16       1.482775778491e-17      -2.698870488280e-18 
 1808       4.891846931539e-11       1.059630537110e-12      -1.375248784050e-12       7.355080865256e-15       4.997454399022e-16       1.521240697620e-17      -2.966402772413e-18 
 1809       4.878179662932e-11       1.060464061795e-12      -1.347478641188e-12       7.347584848733e-15       4.986268852664e-16       1.560885795241e-17      -3.229919290906e-18 
 1810       4.864373735055e-11       1.061470103854e-12      -1.320128472339e-12       7.340053671060e-15       4.975114030438e-16       1.601751780732e-17      -3.489229591406e-18 
 1811       4.850431874214e-11       1.062647108047e-12      -1.293210013272e-12       7.332487420527e-15       4.963989811296e-16       1.643868778090e-17      -3.744187066910e-18 
 1812       4.836357572821e-11       1.063992417746e-12      -1.266728494533e-12       7.324886508151e-15       4.952896110376e-16       1.687223972336e-17      -3.994823265094e-18 
 1813       4.822154528331e-11       1.065503089270e-12      -1.240687524768e-12       7.317251427573e-15       4.941832851207e-16       1.731793702132e-17      -4.241214662117e-18 
 1814       4.807826455685e-11       1.067176164107e-12      -1.215090723306e-12       7.309582674791e-15       4.930799956410e-16       1.777554188826e-17      -4.483438123024e-18 
 1815       4.793377087338e-11       1.069008668900e-12      -1.189941720175e-12       7.301880748156e-15       4.919797347697e-16       1.824481536285e-17      -4.721570902307e-18 
 1816       4.778810173282e-11       1.070997615423e-12      -1.165244156115e-12       7.294146148382e-15       4.908824945871e-16       1.872551730725e-17      -4.955690644464e-18 
 1817       4.764129481069e-11       1.073140000559e-12      -1.141001682588e-12       7.286379378549e-15       4.897882670822e-16       1.921740640547e-17      -5.185875384563e-18 
 1818       4.749338795836e-11       1.075432806278e-12      -1.117217961790e-12       7.278580944099e-15       4.886970441530e-16       1.972024016166e-17      -5.412203548797e-18 
 1819       4.734441920332e-11       1.077872999621e-12      -1.093896666667e-12       7.270751352850e-15       4.876088176058e-16       2.023377489848e-17      -5.634753955052e-18 
 1820       4.719442674940e-11       1.080457532671e-12      -1.071041480921e-12       7.262891114991e-15       4.865235791551e-16       2.075776575538e-17      -5.853605813459e-18 
 1821       4.704344897703e-11       1.083183342539e-12      -1.048656099028e-12       7.255000743088e-15       4.854413204241e-16       2.129196668695e-17      -6.068838726962e-18 
 1822       4.689152444348e-11       1.086047351336e-12      -1.026744226248e-12       7.247080752088e-15       4.843620329436e-16       2.183613046124e-17      -6.280532691873e-18 
 1823       4.673869188309e-11       1.089046466157e-12      -1.005309578636e-12       7.239131659322e-15       4.832857081525e-16       2.239000865807e-17      -6.488768098436e-18 
 1824       4.658499020754e-11       1.092177579059e-12      -9.843558830556e-13       7.231153984506e-15       4.822123373976e-16       2.295335166740e-17      -6.693625731386e-18 
 1825       4.643045850611e-11       1.095437567036e-12      -9.638868771918e-13       7.223148249748e-15       4.811419119330e-16       2.352590868761e-17      -6.895186770510e-18 
 1826       4.627513604586e-11       1.098823292002e-12      -9.439063095614e-13       7.215114979548e-15       4.800744229203e-16       2.410742772384e-17      -7.093532791206e-18 
 1827       4.611906227196e-11       1.102331600766e-12      -9.244179395268e-13       7.207054700806e-15       4.790098614286e-16       2.469765558632e-17      -7.288745765046e-18 
 1828       4.596227680786e-11       1.105959325016e-12      -9.054255373075e-13       7.198967942816e-15       4.779482184338e-16       2.529633788870e-17      -7.480908060335e-18 
 1829       4.580481945560e-11       1.109703281290e-12      -8.869328839921e-13       7.190855237281e-15       4.768894848189e-16       2.590321904635e-17      -7.670102442672e-18 
 1830       4.564673019599e-11       1.113560270964e-12      -8.689437715512e-13       7.182717118307e-15       4.758336513739e-16       2.651804227471e-17      -7.856412075511e-18 
 1831       4.548804918894e-11       1.117527080223e-12      -8.514620028493e-13       7.174554122410e-15       4.747807087950e-16       2.714054958763e-17      -8.039920520719e-18 
 1832       4.532881677360e-11       1.121600480042e-12      -8.344913916567e-13       7.166366788521e-15       4.737306476854e-16       2.777048179564e-17      -8.220711739139e-18 
 1833       4.516907346871e-11       1.125777226167e-12      -8.180357626622e-13       7.158155657986e-15       4.726834585541e-16       2.840757850434e-17      -8.398870091151e-18 
 1834       4.500885997277e-11       1.130054059091e-12      -8.020989514849e-13       7.149921274570e-15       4.716391318168e-16       2.905157811266e-17      -8.574480337230e-18 
 1835       4.484821716432e-11       1.134427704035e-12      -7.866848046870e-13       7.141664184461e-15       4.705976577948e-16       2.970221781127e-17      -8.747627638509e-18 
 1836       4.468718610219e-11       1.138894870924e-12      -7.717971797854e-13       7.133384936273e-15       4.695590267154e-16       3.035923358080e-17      -8.918397557337e-18 
 1837       4.452580802573e-11       1.143452254369e-12      -7.574399452640e-13       7.125084081051e-15       4.685232287118e-16       3.102236019026e-17      -9.086876057841e-18 
 1838       4.436412435505e-11       1.148096533641e-12      -7.436169805864e-13       7.116762172271e-15       4.674902538224e-16       3.169133119532e-17      -9.253149506489e-18 
 1839       4.420217669129e-11       1.152824372655e-12      -7.303321762077e-13       7.108419765845e-15       4.664600919912e-16       3.236587893663e-17      -9.417304672644e-18 
 1840       4.404000681684e-11       1.157632419946e-12      -7.175894335867e-13       7.100057420123e-15       4.654327330674e-16       3.304573453816e-17      -9.579428729131e-18 
 1841       4.387765669561e-11       1.162517308649e-12      -7.053926651982e-13       7.091675695901e-15       4.644081668053e-16       3.373062790553e-17      -9.739609252794e-18 
 1842       4.371516847326e-11       1.167475656474e-12      -6.937457945455e-13       7.083275156416e-15       4.633863828639e-16       3.442028772433e-17      -9.897934225057e-18 
 1843       4.355258447744e-11       1.172504065690e-12      -6.826527561722e-13       7.074856367358e-15       4.623673708073e-16       3.511444145844e-17      -1.005449203249e-17 
 1844       4.338994721806e-11       1.177599123100e-12      -6.721174956744e-13       7.066419896867e-15       4.613511201039e-16       3.581281534835e-17      -1.020937146735e-17 
 1845       4.322729938751e-11       1.182757400022e-12      -6.621439697134e-13       7.057966315539e-15       4.603376201267e-16       3.651513440950e-17      -1.036266172817e-17 
 1846       4.306468386092e-11       1.187975452266e-12      -6.527361460274e-13       7.049496196429e-15       4.593268601530e-16       3.722112243062e-17      -1.051445242031e-17 
 1847       4.290214369640e-11       1.193249820114e-12      -6.438980034441e-13       7.041010115052e-15       4.583188293642e-16       3.793050197199e-17      -1.066483355649e-17 
 1848       4.273972213530e-11       1.198577028297e-12      -6.356335318925e-13       7.032508649392e-15       4.573135168456e-16       3.864299436386e-17      -1.081389555740e-17 
 1849       4.257746260241e-11       1.203953585977e-12      -6.279467324156e-13       7.023992379898e-15       4.563109115863e-16       3.935831970470e-17      -1.096172925222e-17 
 1850       4.241540870627e-11       1.209375986720e-12      -6.208416171821e-13       7.015461889494e-15       4.553110024793e-16       4.007619685955e-17      -1.110842587919e-17 
 1851       4.225360164056e-11       1.214840815088e-12      -6.143207530952e-13       7.006917768875e-15       4.543137791058e-16       4.079637159600e-17      -1.125405327098e-17 
 1852       4.209207236539e-11       1.220345067346e-12      -6.083808800024e-13       6.998360632462e-15       4.533192340976e-16       4.151870123866e-17      -1.139858420382e-17 
 1853       4.193084936470e-11       1.225885833245e-12      -6.030172578672e-13       6.989791102582e-15       4.523273607935e-16       4.224307068062e-17      -1.154196748298e-17 
 1854       4.176996123959e-11       1.231460189628e-12      -5.982251199888e-13       6.981209804183e-15       4.513381524554e-16       4.296936430590e-17      -1.168415170631e-17 
 1855       4.160943670851e-11       1.237065200412e-12      -5.939996729640e-13       6.972617364841e-15       4.503516022688e-16       4.369746598874e-17      -1.182508526395e-17 
 1856       4.144930460742e-11       1.242697916573e-12      -5.903360966479e-13       6.964014414762e-15       4.493677033423e-16       4.442725909292e-17      -1.196471633806e-17 
 1857       4.128959388989e-11       1.248355376124e-12      -5.872295441158e-13       6.955401586783e-15       4.483864487073e-16       4.515862647107e-17      -1.210299290253e-17 
 1858       4.113033362732e-11       1.254034604102e-12      -5.846751416235e-13       6.946779516378e-15       4.474078313185e-16       4.589145046396e-17      -1.223986272275e-17 
 1859       4.097155300904e-11       1.259732612548e-12      -5.826679885695e-13       6.938148841661e-15       4.464318440530e-16       4.662561289984e-17      -1.237527335528e-17 
 1860       4.081328134251e-11       1.265446400488e-12      -5.812031574556e-13       6.929510203390e-15       4.454584797108e-16       4.736099509373e-17      -1.250917214764e-17 
 1861       4.065554805345e-11       1.271172953921e-12      -5.802756938485e-13       6.920864244969e-15       4.444877310144e-16       4.809747784676e-17      -1.264150623798e-17 
 1862       4.049838268599e-11       1.276909245795e-12      -5.798806163407e-13       6.912211612452e-15       4.435195906084e-16       4.883494144544e-17      -1.277222255484e-17 
 1863       4.034181490285e-11       1.282652235993e-12      -5.800129165119e-13       6.903552954546e-15       4.425540510600e-16       4.957326566098e-17      -1.290126781685e-17 
 1864       4.018587448546e-11       1.288398871314e-12      -5.806675588904e-13       6.894888922617e-15       4.415911048584e-16       5.031232974863e-17      -1.302858853249e-17 
 1865       4.003059133415e-11       1.294146085459e-12      -5.818394809141e-13       6.886220170690e-15       4.406307444147e-16       5.105201244695e-17      -1.315413099981e-17 
 1866       3.987599546828e-11       1.299890799007e-12      -5.835235928916e-13       6.877547355455e-15       4.396729620621e-16       5.179219197717e-17      -1.327784130612e-17 
 1867       3.972211702641e-11       1.305629919404e-12      -5.857147779641e-13       6.868871136268e-15       4.387177500553e-16       5.253274604243e-17      -1.339966532777e-17 
 1868       3.956898626643e-11       1.311360340940e-12      -5.884078920657e-13       6.860192175158e-15       4.377651005706e-16       5.327355182717e-17      -1.351954872983e-17 
 1869       3.941663356575e-11       1.317078944736e-12      -5.915977638854e-13       6.851511136827e-15       4.368150057061e-16       5.401448599636e-17      -1.363743696586e-17 
 1870       3.926508942143e-11       1.322782598724e-12      -5.952791948281e-13       6.842828688654e-15       4.358674574808e-16       5.475542469490e-17      -1.375327527761e-17 
 1871       3.911438445034e-11       1.328468157629e-12      -5.994469589754e-13       6.834145500701e-15       4.349224478352e-16       5.549624354684e-17      -1.386700869472e-17 
 1872       3.896454938933e-11       1.334132462953e-12      -6.040958030476e-13       6.825462245713e-15       4.339799686309e-16       5.623681765476e-17      -1.397858203453e-17 
 1873       3.881561509536e-11       1.339772342958e-12      -6.092204463644e-13       6.816779599126e-15       4.330400116504e-16       5.697702159903e-17      -1.408793990172e-17 
 1874       3.866761254566e-11       1.345384612646e-12      -6.148155808063e-13       6.808098239064e-15       4.321025685969e-16       5.771672943716e-17      -1.419502668809e-17 
 1875       3.852057283789e-11       1.350966073741e-12      -6.208758707758e-13       6.799418846348e-15       4.311676310944e-16       5.845581470309e-17      -1.429978657224e-17 
 1876       3.837452719031e-11       1.356513514677e-12      -6.273959531587e-13       6.790742104498e-15       4.302351906876e-16       5.919415040650e-17      -1.440216351938e-17 
 1877       3.822950694192e-11       1.362023710574e-12      -6.343704372852e-13       6.782068699735e-15       4.293052388414e-16       5.993160903212e-17      -1.450210128094e-17 
 1878       3.808554355259e-11       1.367493423224e-12      -6.417939048913e-13       6.773399320986e-15       4.283777669412e-16       6.066806253906e-17      -1.459954339441e-17 
 1879       3.794266860327e-11       1.372919401072e-12      -6.496609100800e-13       6.764734659886e-15       4.274527662924e-16       6.140338236009e-17      -1.469443318300e-17 
 1880       3.780091379609e-11       1.378298379199e-12      -6.579659792824e-13       6.756075410783e-15       4.265302281206e-16       6.213743940097e-17      -1.478671375536e-17 
 1881       3.766031095455e-11       1.383627079306e-12      -6.667036112189e-13       6.747422270741e-15       4.256101435714e-16       6.287010403976e-17      -1.487632800537e-17 
 1882       3.752089202367e-11       1.388902209693e-12      -6.758682768609e-13       6.738775939543e-15       4.246925037098e-16       6.360124612612e-17      -1.496321861181e-17 
 1883       3.738268907013e-11       1.394120465244e-12      -6.854544193914e-13       6.730137119695e-15       4.237772995209e-16       6.433073498063e-17      -1.504732803808e-17 
 1884       3.724573428242e-11       1.399278527409e-12      -6.954564541667e-13       6.721506516427e-15       4.228645219091e-16       6.505843939410e-17      -1.512859853200e-17 
 1885       3.711005997103e-11       1.404373064185e-12      -7.058687686773e-13       6.712884837703e-15       4.219541616983e-16       6.578422762686e-17      -1.520697212545e-17 
 1886       3.697569856857e-11       1.409400730103e-12      -7.166857225094e-13       6.704272794215e-15       4.210462096315e-16       6.650796740812e-17      -1.528239063414e-17 
 1887       3.684268262995e-11       1.414358166204e-12      -7.279016473060e-13       6.695671099395e-15       4.201406563710e-16       6.722952593521e-17      -1.535479565734e-17 
 1888       3.671104483249e-11       1.419242000026e-12      -7.395108467283e-13       6.687080469414e-15       4.192374924981e-16       6.794876987296e-17      -1.542412857760e-17 
 1889       3.658081797615e-11       1.424048845585e-12      -7.515075964167e-13       6.678501623186e-15       4.183367085129e-16       6.866556535297e-17      -1.549033056047e-17 
 1890       3.645203498361e-11       1.428775303356e-12      -7.638861439519e-13       6.669935282373e-15       4.174382948343e-16       6.937977797290e-17      -1.555334255423e-17 
 1891       3.632472423251e-11       1.433418318442e-12      -7.766402056553e-13       6.661382113561e-15       4.165422424693e-16       7.009123482426e-17      -1.561312555192e-17 
 1892       3.619889551223e-11       1.437976258127e-12      -7.897614528081e-13       6.652842554306e-15       4.156485450264e-16       7.079961025551e-17      -1.566972154939e-17 
 1893       3.607455395875e-11       1.442447842626e-12      -8.032410136391e-13       6.644316985751e-15       4.147571967174e-16       7.150453922345e-17      -1.572319305848e-17 
 1894       3.595170471268e-11       1.446831787654e-12      -8.170699753669e-13       6.635805790329e-15       4.138681916896e-16       7.220565518259e-17      -1.577360288794e-17 
 1895       3.583035291931e-11       1.451126804417e-12      -8.312393841444e-13       6.627309351764e-15       4.129815240253e-16       7.290259008314e-17      -1.582101414384e-17 
 1896       3.571050372858e-11       1.455331599610e-12      -8.457402450034e-13       6.618828055073e-15       4.120971877418e-16       7.359497436911e-17      -1.586549022999e-17 
 1897       3.559216229510e-11       1.459444875413e-12      -8.605635217981e-13       6.610362286570e-15       4.112151767913e-16       7.428243697633e-17      -1.590709484833e-17 
 1898       3.547533377812e-11       1.463465329478e-12      -8.757001371506e-13       6.601912433862e-15       4.103354850610e-16       7.496460533044e-17      -1.594589199934e-17 
 1899       3.536002334155e-11       1.467391654933e-12      -8.911409723944e-13       6.593478885856e-15       4.094581063727e-16       7.564110534499e-17      -1.598194598246e-17 
 1900       3.524623615395e-11       1.471222540369e-12      -9.068768675191e-13       6.585062032758e-15       4.085830344828e-16       7.631156141945e-17      -1.601532139647e-17 
 1901       3.513397738852e-11       1.474956669838e-12      -9.228986211146e-13       6.576662266074e-15       4.077102630823e-16       7.697559643724e-17      -1.604608313992e-17 
 1902       3.502325222312e-11       1.478592722849e-12      -9.391969903159e-13       6.568279978613e-15       4.068397857964e-16       7.763283176377e-17      -1.607429641153e-17 
 1903       3.491406584025e-11       1.482129374356e-12      -9.557626907467e-13       6.559915564487e-15       4.059715961848e-16       7.828288724448e-17      -1.610002671059e-17 
 1904       3.480642342706e-11       1.485565294761e-12      -9.725863964644e-13       6.551569419114e-15       4.051056877413e-16       7.892538120290e-17      -1.612333983737e-17 
 1905       3.470033017533e-11       1.488899149901e-12      -9.896587399043e-13       6.543241939219e-15       4.042420538937e-16       7.955993043863e-17      -1.614430189355e-17 
 1906       3.459579128149e-11       1.492129601048e-12      -1.006970311824e-12       6.534933522834e-15       4.033806880038e-16       8.018615022543e-17      -1.616297928256e-17 
 1907       3.449281194659e-11       1.495255304899e-12      -1.024511661247e-12       6.526644569303e-15       4.025215833674e-16       8.080365430923e-17      -1.617943871008e-17 
 1908       3.439139737635e-11       1.498274913575e-12      -1.042273295408e-12       6.518375479280e-15       4.016647332139e-16       8.141205490620e-17      -1.619374718436e-17 
 1909       3.429155278109e-11       1.501187074611e-12      -1.060245679698e-12       6.510126654731e-15       4.008101307064e-16       8.201096270072e-17      -1.620597201668e-17 
 1910       3.419328337579e-11       1.503990430954e-12      -1.078419237606e-12       6.501898498939e-15       3.999577689414e-16       8.259998684349e-17      -1.621618082173e-17 
 1911       3.409659438003e-11       1.506683620955e-12      -1.096784350667e-12       6.493691416500e-15       3.991076409492e-16       8.317873494952e-17      -1.622444151805e-17 
 1912       3.400149101804e-11       1.509265278365e-12      -1.115331358402e-12       6.485505813329e-15       3.982597396929e-16       8.374681309618e-17      -1.623082232839e-17 
 1913       3.390797851868e-11       1.511734032328e-12      -1.134050558266e-12       6.477342096661e-15       3.974140580692e-16       8.430382582125e-17      -1.623539178014e-17 
 1914       3.381606211542e-11       1.514088507379e-12      -1.152932205591e-12       6.469200675049e-15       3.965705889078e-16       8.484937612094e-17      -1.623821870575e-17 
 1915       3.372574704636e-11       1.516327323432e-12      -1.171966513530e-12       6.461081958370e-15       3.957293249714e-16       8.538306544793e-17      -1.623937224311e-17 
 1916       3.363703855423e-11       1.518449095782e-12      -1.191143653002e-12       6.452986357822e-15       3.948902589555e-16       8.590449370940e-17      -1.623892183597e-17 
 1917       3.354994188636e-11       1.520452435094e-12      -1.210453752637e-12       6.444914285932e-15       3.940533834886e-16       8.641325926511e-17      -1.623693723436e-17 
 1918       3.346446229472e-11       1.522335947400e-12      -1.229886898719e-12       6.436866156549e-15       3.932186911316e-16       8.690895892535e-17      -1.623348849496e-17 
 1919       3.338060503587e-11       1.524098234091e-12      -1.249433135129e-12       6.428842384854e-15       3.923861743782e-16       8.739118794907e-17      -1.622864598153e-17 
 1920       3.329837537101e-11       1.525737891916e-12      -1.269082463294e-12       6.420843387354e-15       3.915558256545e-16       8.785954004186e-17      -1.622248036534e-17 
 1921       3.321777856593e-11       1.527253512971e-12      -1.288824842127e-12       6.412869581889e-15       3.907276373189e-16       8.831360735401e-17      -1.621506262553e-17 
 1922       3.313881989104e-11       1.528643684699e-12      -1.308650187974e-12       6.404921387632e-15       3.899016016620e-16       8.875298047853e-17      -1.620646404953e-17 
 1923       3.306150462136e-11       1.529906989879e-12      -1.328548374555e-12       6.396999225090e-15       3.890777109068e-16       8.917724844921e-17      -1.619675623350e-17 
 1924       3.298583803652e-11       1.531042006624e-12      -1.348509232914e-12       6.389103516103e-15       3.882559572080e-16       8.958599873863e-17      -1.618601108269e-17 
 1925       3.291182542074e-11       1.532047308375e-12      -1.368522551357e-12       6.381234683850e-15       3.874363326525e-16       8.997881725622e-17      -1.617430081186e-17 
 1926       3.283947206286e-11       1.532921463895e-12      -1.388578075401e-12       6.373393152851e-15       3.866188292587e-16       9.035528834627e-17      -1.616169794572e-17 
 1927       3.276878325629e-11       1.533663037263e-12      -1.408665507716e-12       6.365579348961e-15       3.858034389772e-16       9.071499478600e-17      -1.614827531930e-17 
 1928       3.269976429909e-11       1.534270587869e-12      -1.428774508070e-12       6.357793699381e-15       3.849901536897e-16       9.105751778358e-17      -1.613410607835e-17 
 1929       3.263242049386e-11       1.534742670410e-12      -1.448894693275e-12       6.350036632653e-15       3.841789652096e-16       9.138243697616e-17      -1.611926367977e-17 
 1930       3.256675714785e-11       1.535077834880e-12      -1.469015637128e-12       6.342308578665e-15       3.833698652818e-16       9.168933042792e-17      -1.610382189203e-17 
 1931       3.250277588617e-11       1.535274993606e-12      -1.489127414096e-12       6.334609894193e-15       3.825628461524e-16       9.197795676878e-17      -1.608783640133e-17 
 1932       3.244046356135e-11       1.535334525387e-12      -1.509222234979e-12       6.326940638923e-15       3.817579022834e-16       9.224880312368e-17      -1.607128947705e-17 
 1933       3.237980325971e-11       1.535257179713e-12      -1.529292823532e-12       6.319300797737e-15       3.809550286511e-16       9.250254133229e-17      -1.605414488774e-17 
 1934       3.232077798041e-11       1.535043710490e-12      -1.549331873815e-12       6.311690355011e-15       3.801542201766e-16       9.273984618924e-17      -1.603636625704e-17 
 1935       3.226337063522e-11       1.534694876048e-12      -1.569332050156e-12       6.304109294620e-15       3.793554717264e-16       9.296139544800e-17      -1.601791706355e-17 
 1936       3.220756404848e-11       1.534211439148e-12      -1.589285987108e-12       6.296557599930e-15       3.785587781119e-16       9.316786982478e-17      -1.599876064059e-17 
 1937       3.215334095694e-11       1.533594166988e-12      -1.609186289419e-12       6.289035253805e-15       3.777641340892e-16       9.335995300244e-17      -1.597886017604e-17 
 1938       3.210068400965e-11       1.532843831209e-12      -1.629025531984e-12       6.281542238599e-15       3.769715343595e-16       9.353833163436e-17      -1.595817871215e-17 
 1939       3.204957576783e-11       1.531961207901e-12      -1.648796259817e-12       6.274078536159e-15       3.761809735685e-16       9.370369534835e-17      -1.593667914535e-17 
 1940       3.199999870476e-11       1.530947077610e-12      -1.668490988004e-12       6.266644127825e-15       3.753924463065e-16       9.385673675055e-17      -1.591432422608e-17 
 1941       3.195193520567e-11       1.529802225343e-12      -1.688102201669e-12       6.259238994425e-15       3.746059471084e-16       9.399815142931e-17      -1.589107655860e-17 
 1942       3.190536756758e-11       1.528527440575e-12      -1.707622355939e-12       6.251863116277e-15       3.738214704536e-16       9.412863795911e-17      -1.586689860078e-17 
 1943       3.186027799923e-11       1.527123517258e-12      -1.727043875898e-12       6.244516473188e-15       3.730390107659e-16       9.424889790443e-17      -1.584175266395e-17 
 1944       3.181664862093e-11       1.525591253821e-12      -1.746359156555e-12       6.237199044454e-15       3.722585624130e-16       9.435963582365e-17      -1.581560091269e-17 
 1945       3.177446146444e-11       1.523931453183e-12      -1.765560562805e-12       6.229910808856e-15       3.714801197073e-16       9.446155927295e-17      -1.578840536467e-17 
 1946       3.173369847284e-11       1.522144922755e-12      -1.784640429389e-12       6.222651744662e-15       3.707036769049e-16       9.455537881024e-17      -1.576012789041e-17 
 1947       3.169434150046e-11       1.520232474446e-12      -1.803591060857e-12       6.215421829624e-15       3.699292282060e-16       9.464180799897e-17      -1.573073021319e-17 
 1948       3.165637231270e-11       1.518194924673e-12      -1.822404731528e-12       6.208221040980e-15       3.691567677547e-16       9.472156341212e-17      -1.570017390877e-17 
 1949       3.161977258593e-11       1.516033094365e-12      -1.841073685456e-12       6.201049355450e-15       3.683862896391e-16       9.479536463603e-17      -1.566842040524e-17 
 1950       3.158452390738e-11       1.513747808967e-12      -1.859590136387e-12       6.193906749236e-15       3.676177878908e-16       9.486393427432e-17      -1.563543098286e-17 
 1951       3.155060777501e-11       1.511339898452e-12      -1.877946267726e-12       6.186793198024e-15       3.668512564851e-16       9.492799795181e-17      -1.560116677385e-17 
 1952       3.151800559741e-11       1.508810197320e-12      -1.896134232493e-12       6.179708676978e-15       3.660866893408e-16       9.498828431835e-17      -1.556558876219e-17 
 1953       3.148669869362e-11       1.506159544612e-12      -1.914146153290e-12       6.172653160744e-15       3.653240803204e-16       9.504552505277e-17      -1.552865778347e-17 
 1954       3.145666829310e-11       1.503388783910e-12      -1.931974122258e-12       6.165626623444e-15       3.645634232295e-16       9.510045486678e-17      -1.549033452468e-17 
 1955       3.142789553551e-11       1.500498763347e-12      -1.949610201045e-12       6.158629038682e-15       3.638047118171e-16       9.515381150883e-17      -1.545057952402e-17 
 1956       3.140036147069e-11       1.497490335609e-12      -1.967046420762e-12       6.151660379535e-15       3.630479397754e-16       9.520633576800e-17      -1.540935317075e-17 
 1957       3.137404705846e-11       1.494364357949e-12      -1.984274781948e-12       6.144720618561e-15       3.622931007398e-16       9.525877147796e-17      -1.536661570498e-17 
 1958       3.134893316853e-11       1.491121692185e-12      -2.001287254531e-12       6.137809727788e-15       3.615401882885e-16       9.531186552079e-17      -1.532232721746e-17 
 1959       3.132500058038e-11       1.487763204710e-12      -2.018075777790e-12       6.130927678724e-15       3.607891959427e-16       9.536636783092e-17      -1.527644764944e-17 
 1960       3.130222998315e-11       1.484289766501e-12      -2.034632260317e-12       6.124074442346e-15       3.600401171666e-16       9.542303139900e-17      -1.522893679248e-17 
 1961       3.128060197550e-11       1.480702253118e-12      -2.050948579977e-12       6.117249989106e-15       3.592929453670e-16       9.548261227583e-17      -1.517975428822e-17 
 1962       3.126009706549e-11       1.477001544718e-12      -2.067016583874e-12       6.110454288929e-15       3.585476738934e-16       9.554586957623e-17      -1.512885962824e-17 
 1963       3.124069567049e-11       1.473188526056e-12      -2.082828088308e-12       6.103687311208e-15       3.578042960378e-16       9.561356548292e-17      -1.507621215387e-17 
 1964       3.122237811700e-11       1.469264086495e-12      -2.098374878742e-12       6.096949024809e-15       3.570628050349e-16       9.568646525045e-17      -1.502177105598e-17 
 1965       3.120512464060e-11       1.465229120008e-12      -2.113648709757e-12       6.090239398065e-15       3.563231940615e-16       9.576533720907e-17      -1.496549537482e-17 
 1966       3.118891538578e-11       1.461084525189e-12      -2.128641305022e-12       6.083558398779e-15       3.555854562370e-16       9.585095276866e-17      -1.490734399982e-17 
 1967       3.117373040583e-11       1.456831205255e-12      -2.143344357249e-12       6.076905994221e-15       3.548495846227e-16       9.594408642258e-17      -1.484727566940e-17 
 1968       3.115954966274e-11       1.452470068055e-12      -2.157749528158e-12       6.070282151126e-15       3.541155722224e-16       9.604551575159e-17      -1.478524897083e-17 
 1969       3.114635302706e-11       1.448002026078e-12      -2.171848448440e-12       6.063686835698e-15       3.533834119815e-16       9.615602142774e-17      -1.472122233995e-17 
 1970       3.113412027777e-11       1.443427996452e-12      -2.185632717714e-12       6.057120013604e-15       3.526530967879e-16       9.627638721828e-17      -1.465515406111e-17 
 1971       3.112283027896e-11       1.438749076313e-12      -2.199094997156e-12       6.050581602965e-15       3.519246199546e-16       9.640715405991e-17      -1.458701737968e-17 
 1972       3.111245850336e-11       1.433967070290e-12      -2.212232296300e-12       6.044071332956e-15       3.511979766759e-16       9.654788027745e-17      -1.451684596308e-17 
 1973       3.110297949017e-11       1.429083966947e-12      -2.225042710566e-12       6.037588884153e-15       3.504731625823e-16       9.669787587951e-17      -1.444468877701e-17 
 1974       3.109436766645e-11       1.424101763796e-12      -2.237524330809e-12       6.031133935450e-15       3.497501732579e-16       9.685644798568e-17      -1.437059500356e-17 
 1975       3.108659734700e-11       1.419022467304e-12      -2.249675243315e-12       6.024706164049e-15       3.490290042398e-16       9.702290082282e-17      -1.429461404153e-17 
 1976       3.107964273423e-11       1.413848092912e-12      -2.261493529797e-12       6.018305245464e-15       3.483096510185e-16       9.719653572142e-17      -1.421679550666e-17 
 1977       3.107347791796e-11       1.408580665040e-12      -2.272977267391e-12       6.011930853518e-15       3.475921090377e-16       9.737665111183e-17      -1.413718923193e-17 
 1978       3.106807687532e-11       1.403222217103e-12      -2.284124528648e-12       6.005582660337e-15       3.468763736943e-16       9.756254252062e-17      -1.405584526786e-17 
 1979       3.106341347059e-11       1.397774791523e-12      -2.294933381536e-12       5.999260336349e-15       3.461624403379e-16       9.775350256685e-17      -1.397281388278e-17 
 1980       3.105946145504e-11       1.392240439736e-12      -2.305401889429e-12       5.992963550285e-15       3.454503042714e-16       9.794882095838e-17      -1.388814556310e-17 
 1981       3.105619446682e-11       1.386621222208e-12      -2.315528111109e-12       5.986691969173e-15       3.447399607504e-16       9.814778448817e-17      -1.380189101360e-17 
 1982       3.105358603076e-11       1.380919208445e-12      -2.325310100754e-12       5.980445258337e-15       3.440314049833e-16       9.834967703060e-17      -1.371410115772e-17 
 1983       3.105160955830e-11       1.375136477007e-12      -2.334745907942e-12       5.974223081393e-15       3.433246321313e-16       9.855377953777e-17      -1.362482713782e-17 
 1984       3.105023834725e-11       1.369275115515e-12      -2.343833577640e-12       5.968025100251e-15       3.426196373082e-16       9.875937003576e-17      -1.353412031549e-17 
 1985       3.104944558172e-11       1.363337220667e-12      -2.352571150201e-12       5.961850975108e-15       3.419164155805e-16       9.896572362100e-17      -1.344203227179e-17 
 1986       3.104920433196e-11       1.357324898248e-12      -2.360956661362e-12       5.955700364446e-15       3.412149619670e-16       9.917211245652e-17      -1.334861480760e-17 
 1987       3.104948755419e-11       1.351240263142e-12      -2.368988142239e-12       5.949572925035e-15       3.405152714391e-16       9.937780576827e-17      -1.325391994382e-17 
 1988       3.105026809044e-11       1.345085439343e-12      -2.376663619321e-12       5.943468311925e-15       3.398173389205e-16       9.958206984144e-17      -1.315799992170e-17 
 1989       3.105151866848e-11       1.338862559967e-12      -2.383981114464e-12       5.937386178443e-15       3.391211592873e-16       9.978416801673e-17      -1.306090720312e-17 
 1990       3.105321190158e-11       1.332573767264e-12      -2.390938644892e-12       5.931326176197e-15       3.384267273675e-16       9.998336068668e-17      -1.296269447085e-17 
 1991       3.105532028845e-11       1.326221212632e-12      -2.397534223188e-12       5.925287955068e-15       3.377340379416e-16       1.001789052920e-16      -1.286341462886e-17 
 1992       3.105781621301e-11       1.319807056622e-12      -2.403765857291e-12       5.919271163209e-15       3.370430857420e-16       1.003700563177e-16      -1.276312080257e-17 
 1993       3.106067194431e-11       1.313333468957e-12      -2.409631550492e-12       5.913275447045e-15       3.363538654530e-16       1.005560652897e-16      -1.266186633916e-17 
 1994       3.106385963638e-11       1.306802628539e-12      -2.415129301429e-12       5.907300451267e-15       3.356663717110e-16       1.007361807708e-16      -1.255970480783e-17 
 1995       3.106735132802e-11       1.300216723464e-12      -2.420257104082e-12       5.901345818833e-15       3.349805991042e-16       1.009096483573e-16      -1.245669000008e-17 
 1996       3.107111894274e-11       1.293577951032e-12      -2.425012947771e-12       5.895411190962e-15       3.342965421724e-16       1.010757106751e-16      -1.235287593003e-17 
 1997       3.107513428854e-11       1.286888517755e-12      -2.429394817148e-12       5.889496207136e-15       3.336141954072e-16       1.012336073760e-16      -1.224831683464e-17 
 1998       3.107936905784e-11       1.280150639378e-12      -2.433400692197e-12       5.883600505094e-15       3.329335532520e-16       1.013825751340e-16      -1.214306717405e-17 
 1999       3.108379482725e-11       1.273366540882e-12      -2.437028548223e-12       5.877723720833e-15       3.322546101014e-16       1.015218476418e-16      -1.203718163181e-17 
 2000       3.108838305748e-11       1.266538456497e-12      -2.440276355857e-12       5.871865488602e-15       3.315773603018e-16       1.016506556069e-16      -1.193071511521e-17 
 2001       3.109310509320e-11       1.259668629720e-12      -2.443142081042e-12       5.866025440902e-15       3.309017981508e-16       1.017682267478e-16      -1.182372275553e-17 
 2002       3.109793216284e-11       1.252759313318e-12      -2.445623685034e-12       5.860203208483e-15       3.302279178972e-16       1.018737857908e-16      -1.171625990831e-17 
 2003       3.110283537850e-11       1.245812769347e-12      -2.447719124398e-12       5.854398420343e-15       3.295557137415e-16       1.019665544656e-16      -1.160838215369e-17 
 2004       3.110778573579e-11       1.238831269158e-12      -2.449426351000e-12       5.848610703723e-15       3.288851798349e-16       1.020457515023e-16      -1.150014529662e-17 
 2005       3.111275411365e-11       1.231817093413e-12      -2.450743312005e-12       5.842839684106e-15       3.282163102799e-16       1.021105926271e-16      -1.139160536718e-17 
 2006       3.111771127425e-11       1.224772532093e-12      -2.451667949874e-12       5.837084985218e-15       3.275490991301e-16       1.021602905589e-16      -1.128281862086e-17 
 2007       3.112262786283e-11       1.217699884514e-12      -2.452198202354e-12       5.831346229018e-15       3.268835403900e-16       1.021940550059e-16      -1.117384153883e-17 
 2008       3.112747440753e-11       1.210601459335e-12      -2.452332002482e-12       5.825623035704e-15       3.262196280148e-16       1.022110926611e-16      -1.106473082824e-17 
 2009       3.113222131928e-11       1.203479574570e-12      -2.452067278571e-12       5.819915023703e-15       3.255573559107e-16       1.022106071995e-16      -1.095554342248e-17 
 2010       3.113683889162e-11       1.196336557603e-12      -2.451401954215e-12       5.814221809676e-15       3.248967179347e-16       1.021917992737e-16      -1.084633648146e-17 
 2011       3.114129928665e-11       1.189174671246e-12      -2.450334885757e-12       5.808543007826e-15       3.242377083509e-16       1.021540885319e-16      -1.073715673497e-17 
 2012       3.114558250887e-11       1.181995891322e-12      -2.448868682193e-12       5.802878227838e-15       3.235803232045e-16       1.020977814446e-16      -1.062800842731e-17 
 2013       3.114967047450e-11       1.174802127487e-12      -2.447006905784e-12       5.797227076921e-15       3.229245589580e-16       1.020234083311e-16      -1.051888513986e-17 
 2014       3.115354502929e-11       1.167595297045e-12      -2.444753136466e-12       5.791589160487e-15       3.222704120351e-16       1.019315017823e-16      -1.040978042687e-17 
 2015       3.115718794846e-11       1.160377324954e-12      -2.442110971874e-12       5.785964082154e-15       3.216178788208e-16       1.018225966637e-16      -1.030068781539e-17 
 2016       3.116058093656e-11       1.153150143839e-12      -2.439084027362e-12       5.780351443737e-15       3.209669556615e-16       1.016972301185e-16      -1.019160080527e-17 
 2017       3.116370562741e-11       1.145915693998e-12      -2.435675936031e-12       5.774750845250e-15       3.203176388645e-16       1.015559415698e-16      -1.008251286907e-17 
 2018       3.116654358404e-11       1.138675923416e-12      -2.431890348747e-12       5.769161884903e-15       3.196699246984e-16       1.013992727242e-16      -9.973417452065e-18 
 2019       3.116907629855e-11       1.131432787768e-12      -2.427730934168e-12       5.763584159098e-15       3.190238093929e-16       1.012277675744e-16      -9.864307972218e-18 
 2020       3.117128519207e-11       1.124188250435e-12      -2.423201378767e-12       5.758017262427e-15       3.183792891385e-16       1.010419724021e-16      -9.755177820115e-18 
 2021       3.117315161462e-11       1.116944282509e-12      -2.418305386855e-12       5.752460787671e-15       3.177363600867e-16       1.008424357809e-16      -9.646020358949e-18 
 2022       3.117465684509e-11       1.109702862807e-12      -2.413046680604e-12       5.746914325800e-15       3.170950183500e-16       1.006297085790e-16      -9.536828924481e-18 
 2023       3.117578209111e-11       1.102465977875e-12      -2.407429000071e-12       5.741377465962e-15       3.164552600016e-16       1.004043439625e-16      -9.427596825004e-18 
 2024       3.117650848896e-11       1.095235622001e-12      -2.401456103221e-12       5.735849795490e-15       3.158170810754e-16       1.001668973980e-16      -9.318317341313e-18 
 2025       3.117681710351e-11       1.088013797223e-12      -2.395131765949e-12       5.730330899895e-15       3.151804775660e-16       9.991792665541e-17      -9.208983726664e-18 
 2026       3.117668892809e-11       1.080802513342e-12      -2.388459782107e-12       5.724820362865e-15       3.145454454288e-16       9.965799181111e-17      -9.099589206744e-18 
 2027       3.117610488447e-11       1.073603787925e-12      -2.381443963524e-12       5.719317766261e-15       3.139119805795e-16       9.938765525063e-17      -8.990126979635e-18 
 2028       3.117504582271e-11       1.066419646320e-12      -2.374088140031e-12       5.713822690118e-15       3.132800788945e-16       9.910748167162e-17      -8.880590215777e-18 
 2029       3.117349252110e-11       1.059252121665e-12      -2.366396159484e-12       5.708334712638e-15       3.126497362106e-16       9.881803808672e-17      -8.770972057939e-18 
 2030       3.117142568606e-11       1.052103254894e-12      -2.358371887787e-12       5.702853410191e-15       3.120209483249e-16       9.851989382645e-17      -8.661265621177e-18 
 2031       3.116882595208e-11       1.044975094749e-12      -2.350019208917e-12       5.697378357313e-15       3.113937109950e-16       9.821362054208e-17      -8.551463992805e-18 
 2032       3.116567388162e-11       1.037869697790e-12      -2.341342024945e-12       5.691909126702e-15       3.107680199386e-16       9.789979220855e-17      -8.441560232358e-18 
 2033       3.116194996499e-11       1.030789128404e-12      -2.332344256060e-12       5.686445289214e-15       3.101438708336e-16       9.757898512732e-17      -8.331547371558e-18 
 2034       3.115763462033e-11       1.023735458812e-12      -2.323029840594e-12       5.680986413865e-15       3.095212593182e-16       9.725177792930e-17      -8.221418414278e-18 
 2035       3.115270819344e-11       1.016710769084e-12      -2.313402735045e-12       5.675532067825e-15       3.089001809906e-16       9.691875157771e-17      -8.111166336509e-18 
 2036       3.114715095779e-11       1.009717147142e-12      -2.303466914097e-12       5.670081816420e-15       3.082806314088e-16       9.658048937095e-17      -8.000784086325e-18 
 2037       3.114094311434e-11       1.002756688774e-12      -2.293226370650e-12       5.664635223122e-15       3.076626060912e-16       9.623757694553e-17      -7.890264583847e-18 
 2038       3.113406479151e-11       9.958314976431e-13      -2.282685115836e-12       5.659191849555e-15       3.070461005158e-16       9.589060227894e-17      -7.779600721211e-18 
 2039       3.112649604509e-11       9.889436852942e-13      -2.271847179047e-12       5.653751255487e-15       3.064311101204e-16       9.554015569252e-17      -7.668785362529e-18 
 2040       3.111821685810e-11       9.820953711664e-13      -2.260716607958e-12       5.648312998830e-15       3.058176303028e-16       9.518682985437e-17      -7.557811343858e-18 
 2041       3.110920714079e-11       9.752886826011e-13      -2.249297468549e-12       5.642876635639e-15       3.052056564203e-16       9.483121978223e-17      -7.446671473166e-18 
 2042       3.109944673047e-11       9.685257548521e-13      -2.237593845129e-12       5.637441720105e-15       3.045951837901e-16       9.447392284636e-17      -7.335358530293e-18 
 2043       3.108891539150e-11       9.618087310946e-13      -2.225609840360e-12       5.632007804558e-15       3.039862076887e-16       9.411553877244e-17      -7.223865266919e-18 
 2044       3.107759281511e-11       9.551397624349e-13      -2.213349575279e-12       5.626574439461e-15       3.033787233524e-16       9.375666964445e-17      -7.112184406532e-18 
 2045       3.106545861941e-11       9.485210079200e-13      -2.200817189322e-12       5.621141173408e-15       3.027727259769e-16       9.339791990755e-17      -7.000308644388e-18 
 2046       3.105249234924e-11       9.419546345470e-13      -2.188016840348e-12       5.615707553125e-15       3.021682107172e-16       9.303989637100e-17      -6.888230647479e-18 
 2047       3.103867347610e-11       9.354428172725e-13      -2.174952704662e-12       5.610273123463e-15       3.015651726877e-16       9.268320821100e-17      -6.775943054498e-18 
 2048       3.102398139806e-11       9.289877390223e-13      -2.161628977040e-12       5.604837427399e-15       3.009636069623e-16       9.232846697361e-17      -6.663438475806e-18 
 2049       3.100839543970e-11       9.225915907007e-13      -2.148049870747e-12       5.599400006031e-15       3.003635085738e-16       9.197628657763e-17      -6.550709493395e-18 
 2050       3.099189485198e-11       9.162565712001e-13      -2.134219617566e-12       5.593960398578e-15       2.997648725145e-16       9.162728331748e-17      -6.437748660852e-18 
 2051       3.097446193760e-11       9.099846503224e-13      -2.120142762524e-12       5.588518180795e-15       2.991676940160e-16       9.128195984912e-17      -6.324552559527e-18 
 2052       3.095609145157e-11       9.037768556751e-13      -2.105825050318e-12       5.583073080517e-15       2.985719693936e-16       9.094035623697e-17      -6.211133998726e-18 
 2053       3.093678126755e-11       8.976339807047e-13      -2.091272545262e-12       5.577624862937e-15       2.979776952076e-16       9.060239642236e-17      -6.097509902515e-18 
 2054       3.091652925851e-11       8.915568213258e-13      -2.076491337185e-12       5.572173292258e-15       2.973848679843e-16       9.026800401399e-17      -5.983697261509e-18 
 2055       3.089533329678e-11       8.855461759236e-13      -2.061487541471e-12       5.566718131691e-15       2.967934842152e-16       8.993710228752e-17      -5.869713132951e-18 
 2056       3.087319125397e-11       8.796028453569e-13      -2.046267299081e-12       5.561259143458e-15       2.962035403573e-16       8.960961418514e-17      -5.755574640795e-18 
 2057       3.085010100106e-11       8.737276329605e-13      -2.030836776595e-12       5.555796088790e-15       2.956150328328e-16       8.928546231516e-17      -5.641298975788e-18 
 2058       3.082606040833e-11       8.679213445483e-13      -2.015202166234e-12       5.550328727920e-15       2.950279580294e-16       8.896456895156e-17      -5.526903395545e-18 
 2059       3.080106734542e-11       8.621847884156e-13      -1.999369685900e-12       5.544856820090e-15       2.944423122998e-16       8.864685603362e-17      -5.412405224639e-18 
 2060       3.077511968128e-11       8.565187753424e-13      -1.983345579200e-12       5.539380123543e-15       2.938580919623e-16       8.833224516546e-17      -5.297821854674e-18 
 2061       3.074821528422e-11       8.509241185955e-13      -1.967136115486e-12       5.533898395526e-15       2.932752932998e-16       8.802065761561e-17      -5.183170744370e-18 
 2062       3.072035202187e-11       8.454016339316e-13      -1.950747589880e-12       5.528411392287e-15       2.926939125608e-16       8.771201431664e-17      -5.068469419644e-18 
 2063       3.069152776121e-11       8.399521396003e-13      -1.934186323310e-12       5.522918869073e-15       2.921139459584e-16       8.740623586470e-17      -4.953735473689e-18 
 2064       3.066174036858e-11       8.345764563460e-13      -1.917458662539e-12       5.517420580130e-15       2.915353896711e-16       8.710324251909e-17      -4.838986567056e-18 
 2065       3.063098770965e-11       8.292754074117e-13      -1.900570980201e-12       5.511916278703e-15       2.909582398419e-16       8.680295420189e-17      -4.724240427735e-18 
 2066       3.059926764943e-11       8.240498185407e-13      -1.883529674825e-12       5.506405717032e-15       2.903824925790e-16       8.650529049747e-17      -4.609514851239e-18 
 2067       3.056657805230e-11       8.189005179801e-13      -1.866341170876e-12       5.500888646351e-15       2.898081439553e-16       8.621017065215e-17      -4.494827700677e-18 
 2068       3.053291678197e-11       8.138283364832e-13      -1.849011918781e-12       5.495364816890e-15       2.892351900085e-16       8.591751357369e-17      -4.380196906843e-18 
 2069       3.049828170154e-11       8.088341073122e-13      -1.831548394962e-12       5.489833977869e-15       2.886636267410e-16       8.562723783096e-17      -4.265640468295e-18 
 2070       3.046267067343e-11       8.039186662413e-13      -1.813957101867e-12       5.484295877500e-15       2.880934501198e-16       8.533926165345e-17      -4.151176451431e-18 
 2071       3.042608155944e-11       7.990828515587e-13      -1.796244568004e-12       5.478750262986e-15       2.875246560767e-16       8.505350293087e-17      -4.036822990578e-18 
 2072       3.038851222072e-11       7.943275040703e-13      -1.778417347973e-12       5.473196880517e-15       2.869572405079e-16       8.476987921275e-17      -3.922598288066e-18 
 2073       3.034996051780e-11       7.896534671015e-13      -1.760482022494e-12       5.467635475272e-15       2.863911992742e-16       8.448830770800e-17      -3.808520614314e-18 
 2074       3.031042431056e-11       7.850615865007e-13      -1.742445198443e-12       5.462065791414e-15       2.858265282007e-16       8.420870528448e-17      -3.694608307906e-18 
 2075       3.026990145826e-11       7.805527106413e-13      -1.724313508879e-12       5.456487572093e-15       2.852632230772e-16       8.393098846862e-17      -3.580879775678e-18 
 2076       3.022838981951e-11       7.761276904253e-13      -1.706093613083e-12       5.450900559441e-15       2.847012796575e-16       8.365507344495e-17      -3.467353492794e-18 
 2077       3.018588725231e-11       7.717873792853e-13      -1.687792196582e-12       5.445304494574e-15       2.841406936599e-16       8.338087605571e-17      -3.354048002829e-18 
 2078       3.014239161403e-11       7.675326331875e-13      -1.669415971186e-12       5.439699117588e-15       2.835814607670e-16       8.310831180041e-17      -3.240981917849e-18 
 2079       3.009790076143e-11       7.633643106344e-13      -1.650971675018e-12       5.434084167558e-15       2.830235766255e-16       8.283729583544e-17      -3.128173918493e-18 
 2080       3.005241255061e-11       7.592832726678e-13      -1.632466072547e-12       5.428459382539e-15       2.824670368461e-16       8.256774297360e-17      -3.015642754055e-18 
 2081       3.000592483709e-11       7.552903828710e-13      -1.613905954615e-12       5.422824499564e-15       2.819118370040e-16       8.229956768375e-17      -2.903407242562e-18 
 2082       2.995843547576e-11       7.513865073721e-13      -1.595298138476e-12       5.417179254640e-15       2.813579726380e-16       8.203268409032e-17      -2.791486270858e-18 
 2083       2.990994232088e-11       7.475725148464e-13      -1.576649467824e-12       5.411523382750e-15       2.808054392510e-16       8.176700597292e-17      -2.679898794681e-18 
 2084       2.986044322613e-11       7.438492765190e-13      -1.557966812823e-12       5.405856617849e-15       2.802542323101e-16       8.150244676593e-17      -2.568663838750e-18 
 2085       2.980993604454e-11       7.402176661680e-13      -1.539257070144e-12       5.400178692868e-15       2.797043472459e-16       8.123891955806e-17      -2.457800496839e-18 
 2086       2.975841862856e-11       7.366785601270e-13      -1.520527162990e-12       5.394489339704e-15       2.791557794531e-16       8.097633709193e-17      -2.347327931864e-18 
 2087       2.970588883003e-11       7.332328372875e-13      -1.501784041133e-12       5.388788289229e-15       2.786085242900e-16       8.071461176368e-17      -2.237265375961e-18 
 2088       2.965234450017e-11       7.298813791023e-13      -1.483034680946e-12       5.383075271279e-15       2.780625770787e-16       8.045365562250e-17      -2.127632130567e-18 
 2089       2.959778348962e-11       7.266250695877e-13      -1.464286085431e-12       5.377350014659e-15       2.775179331051e-16       8.019338037024e-17      -2.018447566501e-18 
 2090       2.954220364840e-11       7.234647953265e-13      -1.445545284253e-12       5.371612247142e-15       2.769745876183e-16       7.993369736100e-17      -1.909731124046e-18 
 2091       2.948560515182e-11       7.204012053406e-13      -1.426818949455e-12       5.365861747009e-15       2.764325361566e-16       7.967449462535e-17      -1.801501064901e-18 
 2092       2.942799749597e-11       7.174339888671e-13      -1.408112239600e-12       5.360098498089e-15       2.758917755239e-16       7.941556776810e-17      -1.693770718331e-18 
 2093       2.936939255116e-11       7.145625925318e-13      -1.389429947603e-12       5.354322535804e-15       2.753523028200e-16       7.915668858599e-17      -1.586552208898e-18 
 2094       2.930980224061e-11       7.117864600164e-13      -1.370776884328e-12       5.348533895725e-15       2.748141151152e-16       7.889762799799e-17      -1.479857702253e-18 
 2095       2.924923854051e-11       7.091050320545e-13      -1.352157878616e-12       5.342732613564e-15       2.742772094507e-16       7.863815604429e-17      -1.373699405183e-18 
 2096       2.918771348005e-11       7.065177464278e-13      -1.333577777304e-12       5.336918725186e-15       2.737415828387e-16       7.837804188524e-17      -1.268089565654e-18 
 2097       2.912523914152e-11       7.040240379625e-13      -1.315041445243e-12       5.331092266598e-15       2.732072322619e-16       7.811705380029e-17      -1.163040472861e-18 
 2098       2.906182766035e-11       7.016233385249e-13      -1.296553765325e-12       5.325253273956e-15       2.726741546738e-16       7.785495918695e-17      -1.058564457275e-18 
 2099       2.899749122520e-11       6.993150770181e-13      -1.278119638500e-12       5.319401783561e-15       2.721423469987e-16       7.759152455973e-17      -9.546738906867e-19 
 2100       2.893224207803e-11       6.970986793777e-13      -1.259743983797e-12       5.313537831864e-15       2.716118061312e-16       7.732651554912e-17      -8.513811862562e-19 
 2101       2.886609251412e-11       6.949735685683e-13      -1.241431738349e-12       5.307661455462e-15       2.710825289368e-16       7.705969690047e-17      -7.486987985586e-19 
 2102       2.879905488219e-11       6.929391645795e-13      -1.223187857411e-12       5.301772691099e-15       2.705545122514e-16       7.679083247301e-17      -6.466392236302e-19 
 2103       2.873114158445e-11       6.909948844220e-13      -1.205017314383e-12       5.295871575667e-15       2.700277528812e-16       7.651968523878e-17      -5.452149990163e-19 
 2104       2.866236507664e-11       6.891401421238e-13      -1.186925100828e-12       5.289958146206e-15       2.695022476033e-16       7.624601728154e-17      -4.444387038172e-19 
 2105       2.859273786811e-11       6.873743487264e-13      -1.168916226499e-12       5.284032439904e-15       2.689779931647e-16       7.596958979579e-17      -3.443229587353e-19 
 2106       2.852227252193e-11       6.856969122808e-13      -1.150995719355e-12       5.278094494096e-15       2.684549862831e-16       7.569016308565e-17      -2.448804261215e-19 
 2107       2.845098165487e-11       6.841072378438e-13      -1.133168625585e-12       5.272144346267e-15       2.679332236464e-16       7.540749656384e-17      -1.461238100222e-19 
 2108       2.837887793755e-11       6.826047274741e-13      -1.115440009628e-12       5.266182034049e-15       2.674127019127e-16       7.512134875065e-17      -4.806585622612e-20 
 2109       2.830597409446e-11       6.811887802285e-13      -1.097814954194e-12       5.260207595223e-15       2.668934177104e-16       7.483147727284e-17       4.928064768936e-20 
 2110       2.823228290401e-11       6.798587921577e-13      -1.080298560288e-12       5.254221067720e-15       2.663753676381e-16       7.453763886264e-17       1.459028723111e-19 
 2111       2.815781719866e-11       6.786141563030e-13      -1.062895947227e-12       5.248222489618e-15       2.658585482644e-16       7.423958935666e-17       2.417879463437e-19 
 2112       2.808258986492e-11       6.774542626921e-13      -1.045612252664e-12       5.242211899144e-15       2.653429561283e-16       7.393708369485e-17       3.369229565625e-19 
 2113       2.800661384346e-11       6.763784983354e-13      -1.028452632611e-12       5.236189334676e-15       2.648285877386e-16       7.362987591948e-17       4.312949477672e-19 
 2114       2.792990212915e-11       6.753862472218e-13      -1.011422261454e-12       5.230154834741e-15       2.643154395741e-16       7.331771917405e-17       5.248909227348e-19 
 2115       2.785246777114e-11       6.744768903155e-13      -9.945263319818e-13       5.224108438013e-15       2.638035080836e-16       7.300036570223e-17       6.176978421732e-19 
 2116       2.777432387291e-11       6.736498055515e-13      -9.777700554007e-13       5.218050183319e-15       2.632927896859e-16       7.267756684686e-17       7.097026246739e-19 
 2117       2.769548359235e-11       6.729043678320e-13      -9.611586613605e-13       5.211980109634e-15       2.627832807696e-16       7.234907304886e-17       8.008921466662e-19 
 2118       2.761596014185e-11       6.722399490227e-13      -9.446973979733e-13       5.205898256083e-15       2.622749776933e-16       7.201463384619e-17       8.912532423693e-19 
 2119       2.753576678830e-11       6.716559179488e-13      -9.283915318354e-13       5.199804661942e-15       2.617678767850e-16       7.167399787280e-17       9.807727037467e-19 
 2120       2.745491685322e-11       6.711516403910e-13      -9.122463480487e-13       5.193699366636e-15       2.612619743429e-16       7.132691285759e-17       1.069437280459e-18 
 2121       2.737342371278e-11       6.707264790819e-13      -8.962671502414e-13       5.187582409742e-15       2.607572666346e-16       7.097312562333e-17       1.157233679816e-18 
 2122       2.729130079792e-11       6.703797937022e-13      -8.804592605898e-13       5.181453830987e-15       2.602537498974e-16       7.061238208562e-17       1.244148566732e-18 
 2123       2.720856159435e-11       6.701109408763e-13      -8.648280198395e-13       5.175313670247e-15       2.597514203384e-16       7.024442725187e-17       1.330168563679e-18 
 2124       2.712521964267e-11       6.699192741693e-13      -8.493787873261e-13       5.169161967552e-15       2.592502741340e-16       6.986900522022e-17       1.415280250637e-18 
 2125       2.704128853840e-11       6.698041440823e-13      -8.341169409972e-13       5.162998763081e-15       2.587503074304e-16       6.948585917847e-17       1.499470165051e-18 
 2126       2.695678193207e-11       6.697648980492e-13      -8.190478774331e-13       5.156824097164e-15       2.582515163431e-16       6.909473140309e-17       1.582724801783e-18 
 2127       2.687171352927e-11       6.698008804324e-13      -8.041770118681e-13       5.150638010285e-15       2.577538969570e-16       6.869536325810e-17       1.665030613063e-18 
 2128       2.678609709073e-11       6.699114325194e-13      -7.895097782123e-13       5.144440543077e-15       2.572574453267e-16       6.828749519408e-17       1.746374008445e-18 
 2129       2.669994643238e-11       6.700958925183e-13      -7.750516290719e-13       5.138231736324e-15       2.567621574757e-16       6.787086674706e-17       1.826741354761e-18 
 2130       2.661327542540e-11       6.703535955547e-13      -7.608080357713e-13       5.132011630965e-15       2.562680293972e-16       6.744521653753e-17       1.906118976070e-18 
 2131       2.652609843673e-11       6.706837631621e-13      -7.467837713201e-13       5.125780301233e-15       2.557750572956e-16       6.701039231642e-17       1.984501697855e-18 
 2132       2.643843165361e-11       6.710851709340e-13      -7.329807538887e-13       5.119537954336e-15       2.552832383150e-16       6.656668193153e-17       2.061918543839e-18 
 2133       2.635029176828e-11       6.715564785811e-13      -7.194001885616e-13       5.113284831466e-15       2.547925698157e-16       6.611448463254e-17       2.138407215594e-18 
 2134       2.626169553843e-11       6.720963402229e-13      -7.060432830478e-13       5.107021174713e-15       2.543030491328e-16       6.565420123219e-17       2.214005564504e-18 
 2135       2.617265978728e-11       6.727034043806e-13      -6.929112476841e-13       5.100747227068e-15       2.538146735757e-16       6.518623410815e-17       2.288751591949e-18 
 2136       2.608320140370e-11       6.733763139704e-13      -6.800052954365e-13       5.094463232427e-15       2.533274404285e-16       6.471098720485e-17       2.362683449482e-18 
 2137       2.599333734223e-11       6.741137062967e-13      -6.673266419029e-13       5.088169435586e-15       2.528413469498e-16       6.422886603538e-17       2.435839439004e-18 
 2138       2.590308462320e-11       6.749142130454e-13      -6.548765053156e-13       5.081866082247e-15       2.523563903726e-16       6.374027768330e-17       2.508258012950e-18 
 2139       2.581246033279e-11       6.757764602771e-13      -6.426561065431e-13       5.075553419018e-15       2.518725679042e-16       6.324563080452e-17       2.579977774462e-18 
 2140       2.572148162309e-11       6.766990684201e-13      -6.306666690928e-13       5.069231693413e-15       2.513898767265e-16       6.274533562916e-17       2.651037477571e-18 
 2141       2.563016571225e-11       6.776806522643e-13      -6.189094191134e-13       5.062901153853e-15       2.509083139955e-16       6.223980396338e-17       2.721476027375e-18 
 2142       2.553852988444e-11       6.787198209534e-13      -6.073855853968e-13       5.056562049667e-15       2.504278768417e-16       6.172944919127e-17       2.791332480219e-18 
 2143       2.544659149004e-11       6.798151779792e-13      -5.960963993806e-13       5.050214631096e-15       2.499485623698e-16       6.121468627668e-17       2.860646043872e-18 
 2144       2.535436794565e-11       6.809653211740e-13      -5.850430951505e-13       5.043859149288e-15       2.494703676587e-16       6.069593176509e-17       2.929456077707e-18 
 2145       2.526187673419e-11       6.821688427043e-13      -5.742269094425e-13       5.037495856306e-15       2.489932897614e-16       6.017360378546e-17       2.997802092880e-18 
 2146       2.516913540499e-11       6.834243290639e-13      -5.636490816454e-13       5.031125005123e-15       2.485173257052e-16       5.964812205208e-17       3.065723752510e-18 
 2147       2.507616157384e-11       6.847303610670e-13      -5.533108538025e-13       5.024746849628e-15       2.480424724916e-16       5.911990786643e-17       3.133260871856e-18 
 2148       2.498297292308e-11       6.860855138417e-13      -5.432134706149e-13       5.018361644623e-15       2.475687270958e-16       5.858938411905e-17       3.200453418497e-18 
 2149       2.488958720168e-11       6.874883568229e-13      -5.333581794429e-13       5.011969645825e-15       2.470960864675e-16       5.805697529139e-17       3.267341512509e-18 
 2150       2.479602222532e-11       6.889374537459e-13      -5.237462303087e-13       5.005571109871e-15       2.466245475300e-16       5.752310745763e-17       3.333965426649e-18 
 2151       2.470229587646e-11       6.904313626391e-13      -5.143788758989e-13       4.999166294313e-15       2.461541071808e-16       5.698820828659e-17       3.400365586527e-18 
 2152       2.460842610443e-11       6.919686358179e-13      -5.052573715661e-13       4.992755457622e-15       2.456847622913e-16       5.645270704356e-17       3.466582570792e-18 
 2153       2.451443092549e-11       6.935478198775e-13      -4.963829753323e-13       4.986338859190e-15       2.452165097068e-16       5.591703459215e-17       3.532657111305e-18 
 2154       2.442032842292e-11       6.951674556860e-13      -4.877569478901e-13       4.979916759329e-15       2.447493462464e-16       5.538162339615e-17       3.598630093321e-18 
 2155       2.432613674708e-11       6.968260783782e-13      -4.793805526057e-13       4.973489419274e-15       2.442832687029e-16       5.484690752139e-17       3.664542555668e-18 
 2156       2.423187411553e-11       6.985222173481e-13      -4.712550555209e-13       4.967057101182e-15       2.438182738432e-16       5.431332263761e-17       3.730435690924e-18 
 2157       2.413755881307e-11       7.002543962427e-13      -4.633817253557e-13       4.960620068133e-15       2.433543584077e-16       5.378130602027e-17       3.796350845600e-18 
 2158       2.404320919180e-11       7.020211329551e-13      -4.557618335103e-13       4.954178584136e-15       2.428915191105e-16       5.325129655248e-17       3.862329520312e-18 
 2159       2.394884367125e-11       7.038209396174e-13      -4.483966540674e-13       4.947732914120e-15       2.424297526394e-16       5.272373472677e-17       3.928413369969e-18 
 2160       2.385448073844e-11       7.056523225945e-13      -4.412874637948e-13       4.941283323947e-15       2.419690556560e-16       5.219906264700e-17       3.994644203942e-18 
 2161       2.376013894793e-11       7.075137824767e-13      -4.344355421476e-13       4.934830080402e-15       2.415094247952e-16       5.167772403023e-17       4.061063986253e-18 
 2162       2.366583692193e-11       7.094038140735e-13      -4.278421712701e-13       4.928373451204e-15       2.410508566657e-16       5.116016420850e-17       4.127714835745e-18 
 2163       2.357159335035e-11       7.113209064063e-13      -4.215086359989e-13       4.921913704999e-15       2.405933478496e-16       5.064683013078e-17       4.194639026266e-18 
 2164       2.347742699090e-11       7.132635427023e-13      -4.154362238644e-13       4.915451111364e-15       2.401368949025e-16       5.013817036476e-17       4.261878986849e-18 
 2165       2.338335666917e-11       7.152302003869e-13      -4.096262250936e-13       4.908985940810e-15       2.396814943534e-16       4.963463509874e-17       4.329477301886e-18 
 2166       2.328940127869e-11       7.172193510776e-13      -4.040799326123e-13       4.902518464780e-15       2.392271427048e-16       4.913667614345e-17       4.397476711310e-18 
 2167       2.319557978101e-11       7.192294605768e-13      -3.987986420473e-13       4.896048955653e-15       2.387738364325e-16       4.864474693394e-17       4.465920110776e-18 
 2168       2.310191120579e-11       7.212589888655e-13      -3.937836517289e-13       4.889577686741e-15       2.383215719857e-16       4.815930253144e-17       4.534850551836e-18 
 2169       2.300841465087e-11       7.233063900960e-13      -3.890362626930e-13       4.883104932294e-15       2.378703457868e-16       4.768079962518e-17       4.604311242119e-18 
 2170       2.291510928233e-11       7.253701125855e-13      -3.845577786835e-13       4.876630967498e-15       2.374201542316e-16       4.720969653428e-17       4.674345545511e-18 
 2171       2.282201308039e-11       7.274486528226e-13      -3.803489096126e-13       4.870156066492e-15       2.369709939729e-16       4.674635621608e-17       4.744979240412e-18 
 2172       2.272913906746e-11       7.295407178999e-13      -3.764079775413e-13       4.863680496392e-15       2.365228627747e-16       4.629075457278e-17       4.816167163394e-18 
 2173       2.263649905479e-11       7.316450641631e-13      -3.727326986064e-13       4.857204523225e-15       2.360757586639e-16       4.584277018163e-17       4.887846206118e-18 
 2174       2.254410489440e-11       7.337604432920e-13      -3.693207784513e-13       4.850728413918e-15       2.356296796467e-16       4.540228110920e-17       4.959953024318e-18 
 2175       2.245196847918e-11       7.358856022945e-13      -3.661699122132e-13       4.844252436296e-15       2.351846237088e-16       4.496916491086e-17       5.032424037529e-18 
 2176       2.236010174288e-11       7.380192835018e-13      -3.632777845104e-13       4.837776859082e-15       2.347405888152e-16       4.454329863007e-17       5.105195428814e-18 
 2177       2.226851666020e-11       7.401602245627e-13      -3.606420694289e-13       4.831301951901e-15       2.342975729101e-16       4.412455879782e-17       5.178203144489e-18 
 2178       2.217722524680e-11       7.423071584382e-13      -3.582604305102e-13       4.824827985279e-15       2.338555739171e-16       4.371282143199e-17       5.251382893856e-18 
 2179       2.208623955936e-11       7.444588133961e-13      -3.561305207377e-13       4.818355230644e-15       2.334145897389e-16       4.330796203677e-17       5.324670148925e-18 
 2180       2.199557169565e-11       7.466139130056e-13      -3.542499825247e-13       4.811883960328e-15       2.329746182577e-16       4.290985560202e-17       5.398000144144e-18 
 2181       2.190523379451e-11       7.487711761322e-13      -3.526164477005e-13       4.805414447568e-15       2.325356573345e-16       4.251837660266e-17       5.471307876125e-18 
 2182       2.181523803599e-11       7.509293169318e-13      -3.512275374983e-13       4.798946966504e-15       2.320977048098e-16       4.213339899807e-17       5.544528103373e-18 
 2183       2.172559664130e-11       7.530870448456e-13      -3.500808625422e-13       4.792481792185e-15       2.316607585030e-16       4.175479623148e-17       5.617595346014e-18 
 2184       2.163632187294e-11       7.552430645948e-13      -3.491740228341e-13       4.786019200565e-15       2.312248162127e-16       4.138244122933e-17       5.690443885521e-18 
 2185       2.154742603466e-11       7.573960761749e-13      -3.485046077408e-13       4.779559468509e-15       2.307898757167e-16       4.101620640070e-17       5.763007764439e-18 
 2186       2.145892147158e-11       7.595447748505e-13      -3.480701959814e-13       4.773102873789e-15       2.303559347714e-16       4.065596363664e-17       5.835220786118e-18 
 2187       2.137082057022e-11       7.616878511500e-13      -3.478683556144e-13       4.766649695089e-15       2.299229911128e-16       4.030158430962e-17       5.907016514437e-18 
 2188       2.128313575849e-11       7.638239908598e-13      -3.478966440244e-13       4.760200212002e-15       2.294910424554e-16       3.995293927289e-17       5.978328273532e-18 
 2189       2.119587950582e-11       7.659518750195e-13      -3.481526079098e-13       4.753754705035e-15       2.290600864928e-16       3.960989885984e-17       6.049089147522e-18 
 2190       2.110906432313e-11       7.680701799159e-13      -3.486337832696e-13       4.747313455607e-15       2.286301208976e-16       3.927233288344e-17       6.119231980240e-18 
 2191       2.102270276294e-11       7.701775770780e-13      -3.493376953905e-13       4.740876746054e-15       2.282011433213e-16       3.894011063558e-17       6.188689374958e-18 
 2192       2.093680741937e-11       7.722727332716e-13      -3.502618588341e-13       4.734444859623e-15       2.277731513940e-16       3.861310088650e-17       6.257393694112e-18 
 2193       2.085139092819e-11       7.743543104936e-13      -3.514037774242e-13       4.728018080481e-15       2.273461427249e-16       3.829117188414e-17       6.325277059036e-18 
 2194       2.076646596689e-11       7.764209659668e-13      -3.527609442337e-13       4.721596693710e-15       2.269201149020e-16       3.797419135354e-17       6.392271349684e-18 
 2195       2.068204525472e-11       7.784713521346e-13      -3.543308415717e-13       4.715180985310e-15       2.264950654918e-16       3.766202649625e-17       6.458308204358e-18 
 2196       2.059814155270e-11       7.805041166554e-13      -3.561109409708e-13       4.708771242201e-15       2.260709920398e-16       3.735454398969e-17       6.523319019439e-18 
 2197       2.051476766374e-11       7.825179023974e-13      -3.580987031741e-13       4.702367752222e-15       2.256478920701e-16       3.705160998653e-17       6.587234949109e-18 
 2198       2.043193643258e-11       7.845113474329e-13      -3.602915781224e-13       4.695970804135e-15       2.252257630855e-16       3.675309011412e-17       6.649986905084e-18 
 2199       2.034966074594e-11       7.864830850335e-13      -3.626870049413e-13       4.689580687622e-15       2.248046025675e-16       3.645884947384e-17       6.711505556337e-18 
 2200       2.026795353251e-11       7.884317436638e-13      -3.652824119282e-13       4.683197693290e-15       2.243844079760e-16       3.616875264048e-17       6.771721328829e-18 
 2201       2.018682776299e-11       7.903559469769e-13      -3.680752165397e-13       4.676822112667e-15       2.239651767498e-16       3.588266366168e-17       6.830564405232e-18 
 2202       2.010629645017e-11       7.922543138085e-13      -3.710628253785e-13       4.670454238210e-15       2.235469063060e-16       3.560044605726e-17       6.887964724663e-18 
 2203       2.002637264895e-11       7.941254581715e-13      -3.742426341806e-13       4.664094363298e-15       2.231295940404e-16       3.532196281863e-17       6.943851982403e-18 
 2204       1.994706945640e-11       7.959679892508e-13      -3.776120278024e-13       4.657742782240e-15       2.227132373272e-16       3.504707640819e-17       6.998155629633e-18 
 2205       1.986840001179e-11       7.977805113980e-13      -3.811683802079e-13       4.651399790271e-15       2.222978335190e-16       3.477564875870e-17       7.050804873155e-18 
 2206       1.979037749665e-11       7.995616241255e-13      -3.849090544557e-13       4.645065683556e-15       2.218833799471e-16       3.450754127268e-17       7.101728675124e-18 
 2207       1.971301513480e-11       8.013099221016e-13      -3.888314026863e-13       4.638740759190e-15       2.214698739210e-16       3.424261482178e-17       7.150855752770e-18 
 2208       1.963632619242e-11       8.030239951451e-13      -3.929327661090e-13       4.632425315197e-15       2.210573127285e-16       3.398072974618e-17       7.198114578133e-18 
 2209       1.956032397807e-11       8.047024282193e-13      -3.972104749892e-13       4.626119650536e-15       2.206456936359e-16       3.372174585399e-17       7.243433377782e-18 
 2210       1.948502184277e-11       8.063438014275e-13      -4.016618486354e-13       4.619824065095e-15       2.202350138878e-16       3.346552242060e-17       7.286740132551e-18 
 2211       1.941043122775e-11       8.079468448500e-13      -4.062840093197e-13       4.613538832179e-15       2.198252708280e-16       3.321191235176e-17       7.327980111354e-18 
 2212       1.933655579374e-11       8.095109041893e-13      -4.110733227167e-13       4.607264115739e-15       2.194164622624e-16       3.296074463162e-17       7.367168600098e-18 
 2213       1.926339725291e-11       8.110354781973e-13      -4.160259537340e-13       4.601000052596e-15       2.190085860989e-16       3.271184175727e-17       7.404338521358e-18 
 2214       1.919095731763e-11       8.125200641111e-13      -4.211380522249e-13       4.594746779907e-15       2.186016402257e-16       3.246502556372e-17       7.439522932144e-18 
 2215       1.911923770040e-11       8.139641576508e-13      -4.264057529710e-13       4.588504435170e-15       2.181956225122e-16       3.222011722318e-17       7.472755024051e-18 
 2216       1.904824011393e-11       8.153672530182e-13      -4.318251756652e-13       4.582273156219e-15       2.177905308083e-16       3.197693724429e-17       7.504068123424e-18 
 2217       1.897796627105e-11       8.167288428953e-13      -4.373924248935e-13       4.576053081230e-15       2.173863629448e-16       3.173530547138e-17       7.533495691510e-18 
 2218       1.890841788479e-11       8.180484184424e-13      -4.431035901182e-13       4.569844348716e-15       2.169831167331e-16       3.149504108370e-17       7.561071324620e-18 
 2219       1.883959666831e-11       8.193254692968e-13      -4.489547456603e-13       4.563647097533e-15       2.165807899655e-16       3.125596259467e-17       7.586828754284e-18 
 2220       1.877150433495e-11       8.205594835711e-13      -4.549419506819e-13       4.557461466874e-15       2.161793804146e-16       3.101788785111e-17       7.610801847410e-18 
 2221       1.870414259818e-11       8.217499478514e-13      -4.610612491689e-13       4.551287596275e-15       2.157788858341e-16       3.078063403253e-17       7.633024606440e-18 
 2222       1.863751317166e-11       8.228963471960e-13      -4.673086699134e-13       4.545125625611e-15       2.153793039578e-16       3.054401765032e-17       7.653531169511e-18 
 2223       1.857161776916e-11       8.239981651336e-13      -4.736802264965e-13       4.538975695099e-15       2.149806325005e-16       3.030785454700e-17       7.672355810607e-18 
 2224       1.850645810462e-11       8.250548836619e-13      -4.801719172707e-13       4.532837945297e-15       2.145828691574e-16       3.007195989551e-17       7.689532939723e-18 
 2225       1.844203589213e-11       8.260659832458e-13      -4.867797253427e-13       4.526712517105e-15       2.141860116042e-16       2.983614819842e-17       7.705097103019e-18 
 2226       1.837835284590e-11       8.270309428159e-13      -4.934996185554e-13       4.520599551765e-15       2.137900574970e-16       2.960023328715e-17       7.719082982977e-18 
 2227       1.831541068032e-11       8.279492397670e-13      -5.003275494710e-13       4.514499190860e-15       2.133950044727e-16       2.936402832129e-17       7.731525398563e-18 
 2228       1.825321110988e-11       8.288203499561e-13      -5.072594553535e-13       4.508411576319e-15       2.130008501483e-16       2.912734578777e-17       7.742459305379e-18 
 2229       1.819175584923e-11       8.296437477014e-13      -5.142912581510e-13       4.502336850410e-15       2.126075921214e-16       2.888999750011e-17       7.751919795823e-18 
 2230       1.813104661315e-11       8.304189057802e-13      -5.214188644784e-13       4.496275155746e-15       2.122152279699e-16       2.865179459774e-17       7.759942099250e-18 
 2231       1.807108511656e-11       8.311452954277e-13      -5.286381656000e-13       4.490226635285e-15       2.118237552521e-16       2.841254754515e-17       7.766561582125e-18 
 2232       1.801187307449e-11       8.318223863349e-13      -5.359450374120e-13       4.484191432326e-15       2.114331715068e-16       2.817206613118e-17       7.771813748182e-18 
 2233       1.795341220212e-11       8.324496466475e-13      -5.433353404251e-13       4.478169690513e-15       2.110434742528e-16       2.793015946827e-17       7.775734238582e-18 
 2234       1.789570421474e-11       8.330265429642e-13      -5.508049197471e-13       4.472161553836e-15       2.106546609894e-16       2.768663599168e-17       7.778358832071e-18 
 2235       1.783875082777e-11       8.335525403348e-13      -5.583496050654e-13       4.466167166629e-15       2.102667291961e-16       2.744130345877e-17       7.779723445138e-18 
 2236       1.778255375677e-11       8.340271022590e-13      -5.659652106294e-13       4.460186673569e-15       2.098796763327e-16       2.719396894820e-17       7.779864132171e-18 
 2237       1.772711471738e-11       8.344496906843e-13      -5.736475352333e-13       4.454220219682e-15       2.094934998391e-16       2.694443885920e-17       7.778817085616e-18 
 2238       1.767243542539e-11       8.348197660051e-13      -5.813923621988e-13       4.448267950337e-15       2.091081971353e-16       2.669251891082e-17       7.776618636133e-18 
 2239       1.761851759669e-11       8.351367870604e-13      -5.891954593572e-13       4.442330011250e-15       2.087237656217e-16       2.643801414115e-17       7.773305252759e-18 
 2240       1.756536294729e-11       8.354002111328e-13      -5.970525790322e-13       4.436406548482e-15       2.083402026785e-16       2.618072890659e-17       7.768913543056e-18 
 2241       1.751297319331e-11       8.356094939464e-13      -6.049594580226e-13       4.430497708443e-15       2.079575056664e-16       2.592046688108e-17       7.763480253278e-18 
 2242       1.746135005097e-11       8.357640896655e-13      -6.129118175847e-13       4.424603637888e-15       2.075756719258e-16       2.565703105536e-17       7.757042268525e-18 
 2243       1.741049523660e-11       8.358634508929e-13      -6.209053634148e-13       4.418724483919e-15       2.071946987773e-16       2.539022373616e-17       7.749636612898e-18 
 2244       1.736041046664e-11       8.359070286684e-13      -6.289357856319e-13       4.412860393988e-15       2.068145835215e-16       2.511984654555e-17       7.741300449661e-18 
 2245       1.731109745762e-11       8.358942724671e-13      -6.369987587603e-13       4.407011515892e-15       2.064353234390e-16       2.484570042006e-17       7.732071081398e-18 
 2246       1.726255792619e-11       8.358246301977e-13      -6.450899417119e-13       4.401177997777e-15       2.060569157903e-16       2.456758561002e-17       7.721985950167e-18 
 2247       1.721479358907e-11       8.356975482013e-13      -6.532049777689e-13       4.395359988138e-15       2.056793578159e-16       2.428530167875e-17       7.711082637662e-18 
 2248       1.716780616309e-11       8.355124712493e-13      -6.613394945667e-13       4.389557635818e-15       2.053026467361e-16       2.399864750185e-17       7.699398865367e-18 
 2249       1.712159736518e-11       8.352688425422e-13      -6.694891040758e-13       4.383771090009e-15       2.049267797513e-16       2.370742126638e-17       7.686972494719e-18 
 2250       1.707616891234e-11       8.349661037077e-13      -6.776494025849e-13       4.378000500255e-15       2.045517540414e-16       2.341142047018e-17       7.673841527259e-18 
 2251       1.703152103309e-11       8.346038465856e-13      -6.858162053901e-13       4.372245986755e-15       2.041775669354e-16       2.311053545213e-17       7.660036719395e-18 
 2252       1.698764799107e-11       8.341822696637e-13      -6.939862525673e-13       4.366507551094e-15       2.038042164184e-16       2.280503064953e-17       7.645559373869e-18 
 2253       1.694454253234e-11       8.337017246072e-13      -7.021565077548e-13       4.360785164936e-15       2.034317006274e-16       2.249526516847e-17       7.630403404164e-18 
 2254       1.690219737121e-11       8.331625647439e-13      -7.103239238523e-13       4.355078799660e-15       2.030600176830e-16       2.218159942031e-17       7.614562706773e-18 
 2255       1.686060519027e-11       8.325651450663e-13      -7.184854430082e-13       4.349388426363e-15       2.026891656889e-16       2.186439512311e-17       7.598031161178e-18 
 2256       1.681975864031e-11       8.319098222335e-13      -7.266379966082e-13       4.343714015856e-15       2.023191427322e-16       2.154401530314e-17       7.580802629833e-18 
 2257       1.677965034029e-11       8.311969545733e-13      -7.347785052631e-13       4.338055538667e-15       2.019499468833e-16       2.122082429628e-17       7.562870958151e-18 
 2258       1.674027287735e-11       8.304269020840e-13      -7.429038787971e-13       4.332412965037e-15       2.015815761957e-16       2.089518774951e-17       7.544229974484e-18 
 2259       1.670161880668e-11       8.296000264366e-13      -7.510110162358e-13       4.326786264924e-15       2.012140287064e-16       2.056747262239e-17       7.524873490104e-18 
 2260       1.666368065156e-11       8.287166909768e-13      -7.590968057946e-13       4.321175407998e-15       2.008473024354e-16       2.023804718845e-17       7.504795299190e-18 
 2261       1.662645090331e-11       8.277772607269e-13      -7.671581248664e-13       4.315580363643e-15       2.004813953860e-16       1.990728103673e-17       7.483989178807e-18 
 2262       1.658992202122e-11       8.267821023877e-13      -7.751918400100e-13       4.310001100958e-15       2.001163055445e-16       1.957554507317e-17       7.462448888892e-18 
 2263       1.655408643254e-11       8.257315843406e-13      -7.831948069380e-13       4.304437588752e-15       1.997520308806e-16       1.924321152210e-17       7.440168172235e-18 
 2264       1.651893653243e-11       8.246260766498e-13      -7.911638705052e-13       4.298889795549e-15       1.993885693469e-16       1.891065392772e-17       7.417140754460e-18 
 2265       1.648446468393e-11       8.234659510638e-13      -7.990958646965e-13       4.293357689584e-15       1.990259188791e-16       1.857824715551e-17       7.393360344014e-18 
 2266       1.645066321793e-11       8.222515810181e-13      -8.069876126152e-13       4.287841238805e-15       1.986640773962e-16       1.824636739373e-17       7.368820632142e-18 
 2267       1.641752443310e-11       8.209833416365e-13      -8.148359264707e-13       4.282340410869e-15       1.983030428000e-16       1.791539215483e-17       7.343515292876e-18 
 2268       1.638504059591e-11       8.196616097333e-13      -8.226376075673e-13       4.276855173145e-15       1.979428129754e-16       1.758570027698e-17       7.317437983015e-18 
 2269       1.635320394052e-11       8.182867638157e-13      -8.303894462917e-13       4.271385492715e-15       1.975833857904e-16       1.725767192546e-17       7.290582342108e-18 
 2270       1.632200666881e-11       8.168591840852e-13      -8.380882221013e-13       4.265931336366e-15       1.972247590958e-16       1.693168859415e-17       7.262941992437e-18 
 2271       1.629144095030e-11       8.153792524401e-13      -8.457307035125e-13       4.260492670601e-15       1.968669307256e-16       1.660813310699e-17       7.234510539000e-18 
 2272       1.626149892211e-11       8.138473524770e-13      -8.533136480887e-13       4.255069461626e-15       1.965098984965e-16       1.628738961942e-17       7.205281569495e-18 
 2273       1.623217268897e-11       8.122638694933e-13      -8.608338024282e-13       4.249661675360e-15       1.961536602082e-16       1.596984361988e-17       7.175248654300e-18 
 2274       1.620345432312e-11       8.106291904889e-13      -8.682879021526e-13       4.244269277430e-15       1.957982136433e-16       1.565588193120e-17       7.144405346458e-18 
 2275       1.617533586434e-11       8.089437041681e-13      -8.756726718950e-13       4.238892233171e-15       1.954435565673e-16       1.534589271213e-17       7.112745181660e-18 
 2276       1.614780931983e-11       8.072078009420e-13      -8.829848252878e-13       4.233530507624e-15       1.950896867284e-16       1.504026545875e-17       7.080261678227e-18 
 2277       1.612086666425e-11       8.054218729300e-13      -8.902210649509e-13       4.228184065540e-15       1.947366018579e-16       1.473939100595e-17       7.046948337091e-18 
 2278       1.609449983963e-11       8.035863139623e-13      -8.973780824799e-13       4.222852871375e-15       1.943842996695e-16       1.444366152887e-17       7.012798641782e-18 
 2279       1.606870075539e-11       8.017015195814e-13      -9.044525584344e-13       4.217536889293e-15       1.940327778601e-16       1.415347054439e-17       6.977806058408e-18 
 2280       1.604346128821e-11       7.997678870444e-13      -9.114411623255e-13       4.212236083163e-15       1.936820341089e-16       1.386921291256e-17       6.941964035638e-18 
 2281       1.601877328210e-11       7.977858153250e-13      -9.183405526048e-13       4.206950416561e-15       1.933320660783e-16       1.359128483806e-17       6.905266004686e-18 
 2282       1.599462854828e-11       7.957557051154e-13      -9.251473766517e-13       4.201679852766e-15       1.929828714130e-16       1.332008387168e-17       6.867705379294e-18 
 2283       1.597101886518e-11       7.936779588283e-13      -9.318582707620e-13       4.196424354765e-15       1.926344477406e-16       1.305600891176e-17       6.829275555710e-18 
 2284       1.594793597840e-11       7.915529805988e-13      -9.384698601358e-13       4.191183885248e-15       1.922867926714e-16       1.279946020565e-17       6.789969912679e-18 
 2285       1.592537160066e-11       7.893811762867e-13      -9.449787588658e-13       4.185958406609e-15       1.919399037981e-16       1.255083935117e-17       6.749781811420e-18 
 2286       1.590331741179e-11       7.871629534782e-13      -9.513815699252e-13       4.180747880946e-15       1.915937786962e-16       1.231054929808e-17       6.708704595610e-18 
 2287       1.588176505865e-11       7.848987214881e-13      -9.576748851560e-13       4.175552270061e-15       1.912484149238e-16       1.207899434952e-17       6.666731591368e-18 
 2288       1.586070615513e-11       7.825888913615e-13      -9.638552852570e-13       4.170371535458e-15       1.909038100214e-16       1.185658016346e-17       6.623856107237e-18 
 2289       1.584013228210e-11       7.802338758761e-13      -9.699193397719e-13       4.165205638345e-15       1.905599615122e-16       1.164371375421e-17       6.580071434165e-18 
 2290       1.582003498735e-11       7.778340895441e-13      -9.758636070776e-13       4.160054539630e-15       1.902168669019e-16       1.144080349381e-17       6.535370845494e-18 
 2291       1.580040549292e-11       7.753900198466e-13      -9.816850807569e-13       4.154918183861e-15       1.898745238440e-16       1.124814800433e-17       6.489755936485e-18 
 2292       1.578123381489e-11       7.729024414302e-13      -9.873825318592e-13       4.149796450920e-15       1.895329306371e-16       1.106560205563e-17       6.443261701207e-18 
 2293       1.576250963789e-11       7.703722032831e-13      -9.929551751937e-13       4.144689204015e-15       1.891920857310e-16       1.089290853547e-17       6.395931615869e-18 
 2294       1.574422260717e-11       7.678001576308e-13      -9.984022237218e-13       4.139596305720e-15       1.888519875613e-16       1.072980936370e-17       6.347809313993e-18 
 2295       1.572636232861e-11       7.651871599394e-13      -1.003722888556e-12       4.134517617971e-15       1.885126345493e-16       1.057604549124e-17       6.298938586591e-18 
 2296       1.570891836863e-11       7.625340689196e-13      -1.008916378956e-12       4.129453002065e-15       1.881740251024e-16       1.043135689899e-17       6.249363382335e-18 
 2297       1.569188025418e-11       7.598417465302e-13      -1.013981902332e-12       4.124402318662e-15       1.878361576138e-16       1.029548259672e-17       6.199127807732e-18 
 2298       1.567523747269e-11       7.571110579814e-13      -1.018918664237e-12       4.119365427781e-15       1.874990304623e-16       1.016816062202e-17       6.148276127298e-18 
 2299       1.565897947199e-11       7.543428717390e-13      -1.023725868367e-12       4.114342188801e-15       1.871626420128e-16       1.004912803919e-17       6.096852763727e-18 
 2300       1.564309566033e-11       7.515380595274e-13      -1.028402716565e-12       4.109332460461e-15       1.868269906158e-16       9.938120938203e-18       6.044902298073e-18 
 2301       1.562757540628e-11       7.486974963338e-13      -1.032948408808e-12       4.104336100857e-15       1.864920746077e-16       9.834874433574e-18       5.992469469915e-18 
 2302       1.561240803870e-11       7.458220604115e-13      -1.037362143218e-12       4.099352967444e-15       1.861578923105e-16       9.739122663316e-18       5.939599177533e-18 
 2303       1.559758284673e-11       7.429126332835e-13      -1.041643116049e-12       4.094382917030e-15       1.858244420319e-16       9.650598787841e-18       5.886336478085e-18 
 2304       1.558308907969e-11       7.399700997462e-13      -1.045790521694e-12       4.089425805784e-15       1.854917220655e-16       9.569034988886e-18       5.832726587775e-18 
 2305       1.556891594707e-11       7.369953478732e-13      -1.049803552678e-12       4.084481489226e-15       1.851597306904e-16       9.494162468429e-18       5.778814882030e-18 
 2306       1.555505261849e-11       7.339892690186e-13      -1.053681399659e-12       4.079549822232e-15       1.848284661715e-16       9.425711447609e-18       5.724646895672e-18 
 2307       1.554148822363e-11       7.309527578209e-13      -1.057423251424e-12       4.074630659032e-15       1.844979267592e-16       9.363411165649e-18       5.670268323093e-18 
 2308       1.552821185223e-11       7.278867122063e-13      -1.061028294891e-12       4.069723853208e-15       1.841681106897e-16       9.306989878769e-18       5.615725018426e-18 
 2309       1.551521255398e-11       7.247920333928e-13      -1.064495715103e-12       4.064829257695e-15       1.838390161847e-16       9.256174859109e-18       5.561062995718e-18 
 2310       1.550247933854e-11       7.216696258932e-13      -1.067824695229e-12       4.059946724777e-15       1.835106414515e-16       9.210692393646e-18       5.506328429109e-18 
 2311       1.549000117545e-11       7.185203975195e-13      -1.071014416561e-12       4.055076106092e-15       1.831829846830e-16       9.170267783117e-18       5.451567652998e-18 
 2312       1.547776699412e-11       7.153452593857e-13      -1.074064058516e-12       4.050217252625e-15       1.828560440575e-16       9.134625340934e-18       5.396827162221e-18 
 2313       1.546576568377e-11       7.121451259121e-13      -1.076972798626e-12       4.045370014712e-15       1.825298177391e-16       9.103488392105e-18       5.342153612224e-18 
 2314       1.545398609338e-11       7.089209148284e-13      -1.079739812548e-12       4.040534242035e-15       1.822043038773e-16       9.076579272153e-18       5.287593819234e-18 
 2315       1.544241703165e-11       7.056735471778e-13      -1.082364274049e-12       4.035709783626e-15       1.818795006069e-16       9.053619326037e-18       5.233194760435e-18 
 2316       1.543104726697e-11       7.024039473202e-13      -1.084845355018e-12       4.030896487861e-15       1.815554060485e-16       9.034328907066e-18       5.179003574140e-18 
 2317       1.541986552734e-11       6.991130429362e-13      -1.087182225453e-12       4.026094202465e-15       1.812320183079e-16       9.018427375826e-18       5.125067559966e-18 
 2318       1.540886050038e-11       6.958017650304e-13      -1.089374053465e-12       4.021302774505e-15       1.809093354765e-16       9.005633099090e-18       5.071434179006e-18 
 2319       1.539802083323e-11       6.924710479351e-13      -1.091420005276e-12       4.016522050396e-15       1.805873556310e-16       8.995663448747e-18       5.018151054001e-18 
 2320       1.538733513255e-11       6.891218293141e-13      -1.093319245216e-12       4.011751875893e-15       1.802660768335e-16       8.988234800712e-18       4.965265969517e-18 
 2321       1.537679196446e-11       6.857550501662e-13      -1.095070935722e-12       4.006992096096e-15       1.799454971316e-16       8.983062533852e-18       4.912826872116e-18 
 2322       1.536637985446e-11       6.823716548288e-13      -1.096674237336e-12       4.002242555447e-15       1.796256145581e-16       8.979861028902e-18       4.860881870530e-18 
 2323       1.535608728746e-11       6.789725909816e-13      -1.098128308704e-12       3.997503097729e-15       1.793064271313e-16       8.978343667384e-18       4.809479235834e-18 
 2324       1.534590270768e-11       6.755588096500e-13      -1.099432306572e-12       3.992773566066e-15       1.789879328547e-16       8.978222830527e-18       4.758667401620e-18 
 2325       1.533581451860e-11       6.721312652091e-13      -1.100585385789e-12       3.988053802922e-15       1.786701297171e-16       8.979209898189e-18       4.708494964170e-18 
 2326       1.532581108298e-11       6.686909153870e-13      -1.101586699300e-12       3.983343650099e-15       1.783530156926e-16       8.981015247769e-18       4.659010682630e-18 
 2327       1.531588072272e-11       6.652387212687e-13      -1.102435398148e-12       3.978642948737e-15       1.780365887406e-16       8.983348253133e-18       4.610263479183e-18 
 2328       1.530601171892e-11       6.617756472993e-13      -1.103130631471e-12       3.973951539316e-15       1.777208468058e-16       8.985917283532e-18       4.562302439222e-18 
 2329       1.529619231174e-11       6.583026612882e-13      -1.103671546499e-12       3.969269261651e-15       1.774057878180e-16       8.988429702517e-18       4.515176811523e-18 
 2330       1.528641070043e-11       6.548207344122e-13      -1.104057288556e-12       3.964595954893e-15       1.770914096921e-16       8.990591866862e-18       4.468936008422e-18 
 2331       1.527665586763e-11       6.513308118957e-13      -1.104287376998e-12       3.959931458251e-15       1.767777104764e-16       8.992175624777e-18       4.423615573683e-18 
 2332       1.526692005816e-11       6.478337248425e-13      -1.104362835622e-12       3.955275613167e-15       1.764646887963e-16       8.993218269152e-18       4.379194989457e-18 
 2333       1.525719631573e-11       6.443302778572e-13      -1.104285069357e-12       3.950628261150e-15       1.761523434131e-16       8.993823838051e-18       4.335639604658e-18 
 2334       1.524747765990e-11       6.408212783219e-13      -1.104055488968e-12       3.945989243059e-15       1.758406730764e-16       8.994096729849e-18       4.292914643065e-18 
 2335       1.523775708615e-11       6.373075363991e-13      -1.103675511067e-12       3.941358399099e-15       1.755296765239e-16       8.994141703617e-18       4.250985203183e-18 
 2336       1.522802756573e-11       6.337898650345e-13      -1.103146558115e-12       3.936735568823e-15       1.752193524812e-16       8.994063879507e-18       4.209816258111e-18 
 2337       1.521828204574e-11       6.302690799602e-13      -1.102470058432e-12       3.932120591129e-15       1.749096996624e-16       8.993968739143e-18       4.169372655399e-18 
 2338       1.520851344904e-11       6.267459996974e-13      -1.101647446202e-12       3.927513304258e-15       1.746007167696e-16       8.993962126008e-18       4.129619116918e-18 
 2339       1.519871467426e-11       6.232214455598e-13      -1.100680161481e-12       3.922913545797e-15       1.742924024927e-16       8.994150245828e-18       4.090520238719e-18 
 2340       1.518887859573e-11       6.196962416562e-13      -1.099569650201e-12       3.918321152677e-15       1.739847555101e-16       8.994639666961e-18       4.052040490901e-18 
 2341       1.517899806352e-11       6.161712148934e-13      -1.098317364181e-12       3.913735961170e-15       1.736777744881e-16       8.995537320786e-18       4.014144217471e-18 
 2342       1.516906590335e-11       6.126471949798e-13      -1.096924761128e-12       3.909157806891e-15       1.733714580809e-16       8.996950502087e-18       3.976795636208e-18 
 2343       1.515907491661e-11       6.091250144277e-13      -1.095393304649e-12       3.904586524794e-15       1.730658049310e-16       8.998986869441e-18       3.939958838530e-18 
 2344       1.514901788030e-11       6.056055085564e-13      -1.093724464254e-12       3.900021949177e-15       1.727608136686e-16       9.001754445609e-18       3.903597789353e-18 
 2345       1.513888754702e-11       6.020895154956e-13      -1.091919715363e-12       3.895463913675e-15       1.724564829123e-16       9.005361617917e-18       3.867676326958e-18 
 2346       1.512867664495e-11       5.985778761879e-13      -1.089980539315e-12       3.890912251263e-15       1.721528112682e-16       9.009917138648e-18       3.832158162853e-18 
 2347       1.511837787781e-11       5.950714343920e-13      -1.087908423373e-12       3.886366794253e-15       1.718497973308e-16       9.015530125425e-18       3.797006881638e-18 
 2348       1.510798392487e-11       5.915710366856e-13      -1.085704860729e-12       3.881827374296e-15       1.715474396824e-16       9.022310061605e-18       3.762185940866e-18 
 2349       1.509748744084e-11       5.880775324685e-13      -1.083371350514e-12       3.877293822377e-15       1.712457368931e-16       9.030366796657e-18       3.727658670910e-18 
 2350       1.508688105595e-11       5.845917739653e-13      -1.080909397803e-12       3.872765968821e-15       1.709446875211e-16       9.039810546558e-18       3.693388274826e-18 
 2351       1.507615737585e-11       5.811146162288e-13      -1.078320513619e-12       3.868243643285e-15       1.706442901124e-16       9.050751894174e-18       3.659337828213e-18 
 2352       1.506530898161e-11       5.776469171426e-13      -1.075606214945e-12       3.863726674761e-15       1.703445432010e-16       9.063301789650e-18       3.625470279082e-18 
 2353       1.505432842970e-11       5.741895374242e-13      -1.072768024726e-12       3.859214891575e-15       1.700454453086e-16       9.077571550797e-18       3.591748447714e-18 
 2354       1.504320825193e-11       5.707433406281e-13      -1.069807471879e-12       3.854708121386e-15       1.697469949448e-16       9.093672863478e-18       3.558135026530e-18 
 2355       1.503194095549e-11       5.673091931485e-13      -1.066726091296e-12       3.850206191185e-15       1.694491906073e-16       9.111717781997e-18       3.524592579950e-18 
 2356       1.502051902286e-11       5.638879642225e-13      -1.063525423854e-12       3.845708927294e-15       1.691520307812e-16       9.131818729485e-18       3.491083544256e-18 
 2357       1.500893491180e-11       5.604805259331e-13      -1.060207016419e-12       3.841216155366e-15       1.688555139398e-16       9.154088498288e-18       3.457570227461e-18 
 2358       1.499718105534e-11       5.570877532121e-13      -1.056772421856e-12       3.836727700385e-15       1.685596385438e-16       9.178640250351e-18       3.424014809167e-18 
 2359       1.498524986175e-11       5.537105238429e-13      -1.053223199030e-12       3.832243386662e-15       1.682644030421e-16       9.205587517610e-18       3.390379340431e-18 
 2360       1.497313371451e-11       5.503497184637e-13      -1.049560912820e-12       3.827763037838e-15       1.679698058710e-16       9.235044202378e-18       3.356625743629e-18 
 2361       1.496082497228e-11       5.470062205706e-13      -1.045787134118e-12       3.823286476881e-15       1.676758454548e-16       9.267124577730e-18       3.322715812319e-18 
 2362       1.494831596888e-11       5.436809165202e-13      -1.041903439842e-12       3.818813526087e-15       1.673825202053e-16       9.301943287889e-18       3.288611211106e-18 
 2363       1.493559901326e-11       5.403746955329e-13      -1.037911412939e-12       3.814344007077e-15       1.670898285222e-16       9.339615348621e-18       3.254273475501e-18 
 2364       1.492266638947e-11       5.370884496955e-13      -1.033812642393e-12       3.809877740797e-15       1.667977687928e-16       9.380256147612e-18       3.219664011792e-18 
 2365       1.490951035665e-11       5.338230739648e-13      -1.029608723229e-12       3.805414547519e-15       1.665063393921e-16       9.423981444861e-18       3.184744096902e-18 
 2366       1.489612314900e-11       5.305794661700e-13      -1.025301256524e-12       3.800954246839e-15       1.662155386829e-16       9.470907373069e-18       3.149474878254e-18 
 2367       1.488249697573e-11       5.273585270158e-13      -1.020891849411e-12       3.796496657675e-15       1.659253650153e-16       9.521150438020e-18       3.113817373635e-18 
 2368       1.486862402105e-11       5.241611600855e-13      -1.016382115085e-12       3.792041598267e-15       1.656358167273e-16       9.574827518974e-18       3.077732471061e-18 
 2369       1.485449644418e-11       5.209882718441e-13      -1.011773672812e-12       3.787588886179e-15       1.653468921446e-16       9.632055869049e-18       3.041180928638e-18 
 2370       1.484010637926e-11       5.178407716409e-13      -1.007068147933e-12       3.783138338295e-15       1.650585895802e-16       9.692953115614e-18       3.004123374427e-18 
 2371       1.482544712884e-11       5.147194758396e-13      -1.002267288249e-12       3.778689785683e-15       1.647709073792e-16       9.757584901962e-18       2.966528292948e-18 
 2372       1.481051675242e-11       5.116248195550e-13      -9.973733139354e-13       3.774243118300e-15       1.644838440514e-16       9.825807458246e-18       2.928396038858e-18 
 2373       1.479531450001e-11       5.085571431422e-13      -9.923885698028e-13       3.769798240560e-15       1.641973981391e-16       9.897424059167e-18       2.889734971289e-18 
 2374       1.477983962066e-11       5.055167879087e-13      -9.873154091226e-13       3.765355056499e-15       1.639115681734e-16       9.972237293674e-18       2.850553480708e-18 
 2375       1.476409136246e-11       5.025040961158e-13      -9.821561936375e-13       3.760913469770e-15       1.636263526733e-16       1.005004906424e-17       2.810859988949e-18 
 2376       1.474806897256e-11       4.995194109791e-13      -9.769132935707e-13       3.756473383646e-15       1.633417501467e-16       1.013066058612e-17       2.770662949251e-18 
 2377       1.473177169715e-11       4.965630766699e-13      -9.715890876349e-13       3.752034701017e-15       1.630577590896e-16       1.021387238664e-17       2.729970846289e-18 
 2378       1.471519878143e-11       4.936354383154e-13      -9.661859630413e-13       3.747597324392e-15       1.627743779865e-16       1.029948430446e-17       2.688792196207e-18 
 2379       1.469834946969e-11       4.907368420005e-13      -9.607063155087e-13       3.743161155895e-15       1.624916053101e-16       1.038729548882e-17       2.647135546657e-18 
 2380       1.468122300523e-11       4.878676347681e-13      -9.551525492726e-13       3.738726097269e-15       1.622094395215e-16       1.047710439885e-17       2.605009476828e-18 
 2381       1.466381863040e-11       4.850281646202e-13      -9.495270770945e-13       3.734292049872e-15       1.619278790704e-16       1.056870880281e-17       2.562422597481e-18 
 2382       1.464613558657e-11       4.822187805192e-13      -9.438323202707e-13       3.729858914678e-15       1.616469223944e-16       1.066190577737e-17       2.519383550986e-18 
 2383       1.462817311419e-11       4.794398323881e-13      -9.380707086416e-13       3.725426592277e-15       1.613665679195e-16       1.075649170690e-17       2.475901011354e-18 
 2384       1.460993045272e-11       4.766916711120e-13      -9.322446806007e-13       3.720994982874e-15       1.610868140603e-16       1.085226228270e-17       2.431983684270e-18 
 2385       1.459140684065e-11       4.739746485389e-13      -9.263566831038e-13       3.716563986288e-15       1.608076592193e-16       1.094901250228e-17       2.387640307128e-18 
 2386       1.457260151554e-11       4.712891174805e-13      -9.204091716780e-13       3.712133501953e-15       1.605291017873e-16       1.104653666868e-17       2.342879649066e-18 
 2387       1.455351371396e-11       4.686354317133e-13      -9.144046104309e-13       3.707703428916e-15       1.602511401436e-16       1.114462838965e-17       2.297710511000e-18 
 2388       1.453414267153e-11       4.660139459795e-13      -9.083454720595e-13       3.703273665838e-15       1.599737726554e-16       1.124308057703e-17       2.252141725656e-18 
 2389       1.451448762291e-11       4.634250159878e-13      -9.022342378596e-13       3.698844110992e-15       1.596969976782e-16       1.134168544590e-17       2.206182157606e-18 
 2390       1.449454780177e-11       4.608689984143e-13      -8.960733977346e-13       3.694414662264e-15       1.594208135559e-16       1.144023451396e-17       2.159840703302e-18 
 2391       1.447432244086e-11       4.583462509038e-13      -8.898654502048e-13       3.689985217152e-15       1.591452186203e-16       1.153851860071e-17       2.113126291108e-18 
 2392       1.445381077193e-11       4.558571320703e-13      -8.836129024166e-13       3.685555672765e-15       1.588702111915e-16       1.163632782679e-17       2.066047881336e-18 
 2393       1.443301202577e-11       4.534020014981e-13      -8.773182701511e-13       3.681125925826e-15       1.585957895777e-16       1.173345161322e-17       2.018614466281e-18 
 2394       1.441192543221e-11       4.509812197429e-13      -8.709840778338e-13       3.676695872664e-15       1.583219520753e-16       1.182967868065e-17       1.970835070253e-18 
 2395       1.439055022012e-11       4.485951483324e-13      -8.646128585434e-13       3.672265409222e-15       1.580486969687e-16       1.192479704866e-17       1.922718749610e-18 
 2396       1.436888561739e-11       4.462441497674e-13      -8.582071540209e-13       3.667834431051e-15       1.577760225306e-16       1.201859403503e-17       1.874274592797e-18 
 2397       1.434693085095e-11       4.439285875228e-13      -8.517695146786e-13       3.663402833313e-15       1.575039270214e-16       1.211085625499e-17       1.825511720374e-18 
 2398       1.432468514676e-11       4.416488260485e-13      -8.453024996096e-13       3.658970510777e-15       1.572324086901e-16       1.220136962051e-17       1.776439285054e-18 
 2399       1.430214772981e-11       4.394052307702e-13      -8.388086765965e-13       3.654537357822e-15       1.569614657733e-16       1.228991933956e-17       1.727066471736e-18 
 2400       1.427931782412e-11       4.371981680904e-13      -8.322906221206e-13       3.650103268436e-15       1.566910964959e-16       1.237628991536e-17       1.677402497539e-18 
 2401       1.425619465276e-11       4.350280053893e-13      -8.257509213710e-13       3.645668136211e-15       1.564212990708e-16       1.246026514569e-17       1.627456611836e-18 
 2402       1.423277743780e-11       4.328951110261e-13      -8.191921682540e-13       3.641231854352e-15       1.561520716987e-16       1.254162812215e-17       1.577238096288e-18 
 2403       1.420906540036e-11       4.307998543391e-13      -8.126169654017e-13       3.636794315665e-15       1.558834125686e-16       1.262016122939e-17       1.526756264878e-18 
 2404       1.418505776058e-11       4.287426056476e-13      -8.060279241813e-13       3.632355412566e-15       1.556153198573e-16       1.269564614445e-17       1.476020463946e-18 
 2405       1.416075373763e-11       4.267237362521e-13      -7.994276647045e-13       3.627915037076e-15       1.553477917295e-16       1.276786383596e-17       1.425040072220e-18 
 2406       1.413615254971e-11       4.247436184356e-13      -7.928188158359e-13       3.623473080821e-15       1.550808263381e-16       1.283659456345e-17       1.373824500856e-18 
 2407       1.411125341405e-11       4.228026254644e-13      -7.862040152030e-13       3.619029435034e-15       1.548144218237e-16       1.290161787662e-17       1.322383193465e-18 
 2408       1.408605554691e-11       4.209011315891e-13      -7.795859092045e-13       3.614583990551e-15       1.545485763149e-16       1.296271261458e-17       1.270725626152e-18 
 2409       1.406055816357e-11       4.190395120454e-13      -7.729671530199e-13       3.610136637813e-15       1.542832879283e-16       1.301965690516e-17       1.218861307549e-18 
 2410       1.403476047833e-11       4.172181430552e-13      -7.663504106185e-13       3.605687266863e-15       1.540185547682e-16       1.307222816416e-17       1.166799778847e-18 
 2411       1.400866249688e-11       4.154373010228e-13      -7.597381934371e-13       3.601235788644e-15       1.537543750493e-16       1.312027981828e-17       1.114552256029e-18 
 2412       1.398226739860e-11       4.136968594530e-13      -7.531323753257e-13       3.596782199015e-15       1.534907474641e-16       1.316397198459e-17       1.062136567390e-18 
 2413       1.395557916871e-11       4.119965901944e-13      -7.465346746745e-13       3.592326515119e-15       1.532276708175e-16       1.320354219053e-17       1.009572246070e-18 
 2414       1.392860180725e-11       4.103362640755e-13      -7.399468154832e-13       3.587868754128e-15       1.529651439049e-16       1.323922877824e-17       9.568788906436e-19 
 2415       1.390133932909e-11       4.087156509037e-13      -7.333705273668e-13       3.583408933238e-15       1.527031655117e-16       1.327127090548e-17       9.040761651959e-19 
 2416       1.387379576398e-11       4.071345194643e-13      -7.268075455615e-13       3.578947069674e-15       1.524417344136e-16       1.329990854646e-17       8.511837993840e-19 
 2417       1.384597515652e-11       4.055926375190e-13      -7.202596109304e-13       3.574483180686e-15       1.521808493766e-16       1.332538249267e-17       7.982215885074e-19 
 2418       1.381788156619e-11       4.040897718049e-13      -7.137284699693e-13       3.570017283551e-15       1.519205091569e-16       1.334793435377e-17       7.452093935758e-19 
 2419       1.378951906739e-11       4.026256880337e-13      -7.072158748122e-13       3.565549395574e-15       1.516607125009e-16       1.336780655841e-17       6.921671413767e-19 
 2420       1.376089174942e-11       4.012001508898e-13      -7.007235832374e-13       3.561079534086e-15       1.514014581452e-16       1.338524235512e-17       6.391148245437e-19 
 2421       1.373200371653e-11       3.998129240300e-13      -6.942533586734e-13       3.556607716443e-15       1.511427448165e-16       1.340048581313e-17       5.860725016241e-19 
 2422       1.370285908789e-11       3.984637700816e-13      -6.878069702041e-13       3.552133960029e-15       1.508845712318e-16       1.341378182323e-17       5.330602971471e-19 
 2423       1.367346199767e-11       3.971524506418e-13      -6.813861925751e-13       3.547658282257e-15       1.506269360981e-16       1.342537609864e-17       4.800984016916e-19 
 2424       1.364381659500e-11       3.958787262763e-13      -6.749928061992e-13       3.543180700562e-15       1.503698381127e-16       1.343551517585e-17       4.272070719541e-19 
 2425       1.361392704400e-11       3.946423565182e-13      -6.686285971623e-13       3.538701232411e-15       1.501132759631e-16       1.344444641547e-17       3.744066308170e-19 
 2426       1.358379752383e-11       3.934430998666e-13      -6.622953572291e-13       3.534219895293e-15       1.498572483265e-16       1.345241800309e-17       3.217174674159e-19 
 2427       1.355343222865e-11       3.922807137861e-13      -6.559948838488e-13       3.529736706726e-15       1.496017538707e-16       1.345967895015e-17       2.691600372081e-19 
 2428       1.352283536768e-11       3.911549547049e-13      -6.497289801612e-13       3.525251684256e-15       1.493467912534e-16       1.346647909474e-17       2.167548620405e-19 
 2429       1.349201116519e-11       3.900655780141e-13      -6.434994550019e-13       3.520764845453e-15       1.490923591222e-16       1.347306910251e-17       1.645225302170e-19 
 2430       1.346096386054e-11       3.890123380666e-13      -6.373081229086e-13       3.516276207916e-15       1.488384561151e-16       1.347970046751e-17       1.124836965671e-19 
 2431       1.342969770816e-11       3.879949881755e-13      -6.311568041268e-13       3.511785789270e-15       1.485850808599e-16       1.348662551301e-17       6.065908251359e-20 
 2432       1.339821697760e-11       3.870132806134e-13      -6.250473246152e-13       3.507293607167e-15       1.483322319745e-16       1.349409739241e-17       9.069476140316e-21 
 2433       1.336652595354e-11       3.860669666111e-13      -6.189815160518e-13       3.502799679284e-15       1.480799080670e-16       1.350237009002e-17      -4.226426773963e-20 
 2434       1.333462893579e-11       3.851557963564e-13      -6.129612158395e-13       3.498304023328e-15       1.478281077352e-16       1.351169842199e-17      -9.332122751608e-20 
 2435       1.330253023932e-11       3.842795189930e-13      -6.069882671122e-13       3.493806657031e-15       1.475768295673e-16       1.352233803711e-17      -1.440804147139e-19 
 2436       1.327023419426e-11       3.834378826193e-13      -6.010645187401e-13       3.489307598151e-15       1.473260721411e-16       1.353454541769e-17      -1.945207739248e-19 
 2437       1.323774514593e-11       3.826306342875e-13      -5.951918253358e-13       3.484806864476e-15       1.470758340247e-16       1.354857788039e-17      -2.446211827398e-19 
 2438       1.320506745488e-11       3.818575200018e-13      -5.893720472598e-13       3.480304473816e-15       1.468261137759e-16       1.356469357711e-17      -2.943604516809e-19 
 2439       1.317220549683e-11       3.811182847181e-13      -5.836070506268e-13       3.475800444013e-15       1.465769099427e-16       1.358315149580e-17      -3.437173241334e-19 
 2440       1.313916366277e-11       3.804126723424e-13      -5.778987073107e-13       3.471294792933e-15       1.463282210628e-16       1.360421146133e-17      -3.926704762778e-19 
 2441       1.310594635894e-11       3.797404257294e-13      -5.722488949510e-13       3.466787538468e-15       1.460800456641e-16       1.362813413638e-17      -4.411985170220e-19 
 2442       1.307255800683e-11       3.791012866819e-13      -5.666594969583e-13       3.462278698539e-15       1.458323822643e-16       1.365518102221e-17      -4.892799879332e-19 
 2443       1.303900304320e-11       3.784949959494e-13      -5.611324025201e-13       3.457768291094e-15       1.455852293708e-16       1.368561445961e-17      -5.368933631701e-19 
 2444       1.300528592016e-11       3.779212932268e-13      -5.556695066068e-13       3.453256334107e-15       1.453385854812e-16       1.371969762968e-17      -5.840170494149e-19 
 2445       1.297141110507e-11       3.773799171534e-13      -5.502727099768e-13       3.448742845577e-15       1.450924490829e-16       1.375769455472e-17      -6.306293858052e-19 
 2446       1.293738308066e-11       3.768706053120e-13      -5.449439191832e-13       3.444227843534e-15       1.448468186530e-16       1.379987009907e-17      -6.767086438664e-19 
 2447       1.290320634500e-11       3.763930942270e-13      -5.396850465788e-13       3.439711346032e-15       1.446016926587e-16       1.384648996996e-17      -7.222330274435e-19 
 2448       1.286888541150e-11       3.759471193643e-13      -5.344980103224e-13       3.435193371153e-15       1.443570695569e-16       1.389782071838e-17      -7.671806726334e-19 
 2449       1.283442480898e-11       3.755324151292e-13      -5.293847343842e-13       3.430673937005e-15       1.441129477943e-16       1.395412973991e-17      -8.115296477164e-19 
 2450       1.279982908163e-11       3.751487148657e-13      -5.243471485517e-13       3.426153061724e-15       1.438693258075e-16       1.401568527560e-17      -8.552579530892e-19 
 2451       1.276510290827e-11       3.747957106269e-13      -5.193869476219e-13       3.421630776632e-15       1.436262021953e-16       1.408268156915e-17      -8.983468172549e-19 
 2452       1.273025146084e-11       3.744729322247e-13      -5.145048673941e-13       3.417107165799e-15       1.433835762372e-16       1.415501384821e-17      -9.407906064496e-19 
 2453       1.269528004808e-11       3.741798674551e-13      -5.097014043634e-13       3.412582326719e-15       1.431414473780e-16       1.423250200055e-17      -9.825869740802e-19 
 2454       1.266019399650e-11       3.739160022592e-13      -5.049770561424e-13       3.408056357171e-15       1.428998150556e-16       1.431496529497e-17      -1.023733570040e-18 
 2455       1.262499865047e-11       3.736808207213e-13      -5.003323214626e-13       3.403529355217e-15       1.426586787012e-16       1.440222238070e-17      -1.064228040704e-18 
 2456       1.258969937215e-11       3.734738050668e-13      -4.957677001745e-13       3.399001419207e-15       1.424180377389e-16       1.449409128672e-17      -1.104068028932e-18 
 2457       1.255430154156e-11       3.732944356604e-13      -4.912836932496e-13       3.394472647776e-15       1.421778915861e-16       1.459038942115e-17      -1.143251174060e-18 
 2458       1.251881055660e-11       3.731421910040e-13      -4.868808027805e-13       3.389943139845e-15       1.419382396532e-16       1.469093357058e-17      -1.181775111902e-18 
 2459       1.248323183304e-11       3.730165477348e-13      -4.825595319825e-13       3.385412994623e-15       1.416990813438e-16       1.479553989947e-17      -1.219637474748e-18 
 2460       1.244757080457e-11       3.729169806234e-13      -4.783203851940e-13       3.380882311602e-15       1.414604160546e-16       1.490402394945e-17      -1.256835891361e-18 
 2461       1.241183292279e-11       3.728429625719e-13      -4.741638678780e-13       3.376351190566e-15       1.412222431753e-16       1.501620063874e-17      -1.293367986974e-18 
 2462       1.237602365724e-11       3.727939646118e-13      -4.700904866227e-13       3.371819731581e-15       1.409845620886e-16       1.513188426146e-17      -1.329231383289e-18 
 2463       1.234014849543e-11       3.727694559021e-13      -4.661007491425e-13       3.367288035004e-15       1.407473721706e-16       1.525088848703e-17      -1.364423698474e-18 
 2464       1.230421294284e-11       3.727689037273e-13      -4.621951642792e-13       3.362756201479e-15       1.405106727901e-16       1.537302635948e-17      -1.398942547163e-18 
 2465       1.226822252294e-11       3.727917734956e-13      -4.583742420026e-13       3.358224331938e-15       1.402744633091e-16       1.549811029685e-17      -1.432785540451e-18 
 2466       1.223218277721e-11       3.728375287369e-13      -4.546384934118e-13       3.353692527601e-15       1.400387430826e-16       1.562595209056e-17      -1.465950285893e-18 
 2467       1.219609926519e-11       3.729056311006e-13      -4.509884307359e-13       3.349160889977e-15       1.398035114588e-16       1.575636290470e-17      -1.498434387503e-18 
 2468       1.215997756444e-11       3.729955403540e-13      -4.474245673352e-13       3.344629520863e-15       1.395687677786e-16       1.588915327546e-17      -1.530235445751e-18 
 2469       1.212382327060e-11       3.731067143802e-13      -4.439474177020e-13       3.340098522345e-15       1.393345113763e-16       1.602413311047e-17      -1.561351057560e-18 
 2470       1.208764199739e-11       3.732386091760e-13      -4.405574974617e-13       3.335567996801e-15       1.391007415788e-16       1.616111168812e-17      -1.591778816306e-18 
 2471       1.205143937664e-11       3.733906788503e-13      -4.372553233733e-13       3.331038046895e-15       1.388674577063e-16       1.629989765698e-17      -1.621516311812e-18 
 2472       1.201522105831e-11       3.735623756216e-13      -4.340414133312e-13       3.326508775584e-15       1.386346590719e-16       1.644029903511e-17      -1.650561130351e-18 
 2473       1.197899271050e-11       3.737531498168e-13      -4.309162863654e-13       3.321980286114e-15       1.384023449817e-16       1.658212320945e-17      -1.678910854640e-18 
 2474       1.194276001944e-11       3.739624498686e-13      -4.278804626429e-13       3.317452682020e-15       1.381705147346e-16       1.672517693515e-17      -1.706563063840e-18 
 2475       1.190652868958e-11       3.741897223136e-13      -4.249344634685e-13       3.312926067130e-15       1.379391676227e-16       1.686926633496e-17      -1.733515333553e-18 
 2476       1.187030444354e-11       3.744344117909e-13      -4.220788112856e-13       3.308400545563e-15       1.377083029308e-16       1.701419689856e-17      -1.759765235818e-18 
 2477       1.183409302216e-11       3.746959610396e-13      -4.193140296775e-13       3.303876221727e-15       1.374779199370e-16       1.715977348195e-17      -1.785310339114e-18 
 2478       1.179790018452e-11       3.749738108968e-13      -4.166406433682e-13       3.299353200324e-15       1.372480179119e-16       1.730580030677e-17      -1.810148208352e-18 
 2479       1.176173170794e-11       3.752674002961e-13      -4.140591782233e-13       3.294831586346e-15       1.370185961193e-16       1.745208095970e-17      -1.834276404876e-18 
 2480       1.172559338801e-11       3.755761662655e-13      -4.115701612512e-13       3.290311485080e-15       1.367896538158e-16       1.759841839178e-17      -1.857692486462e-18 
 2481       1.168949103861e-11       3.758995439251e-13      -4.091741206037e-13       3.285793002101e-15       1.365611902510e-16       1.774461491780e-17      -1.880394007313e-18 
 2482       1.165343049193e-11       3.762369664856e-13      -4.068715855772e-13       3.281276243280e-15       1.363332046674e-16       1.789047221565e-17      -1.902378518058e-18 
 2483       1.161741759847e-11       3.765878652459e-13      -4.046630866136e-13       3.276761314780e-15       1.361056963002e-16       1.803579132566e-17      -1.923643565750e-18 
 2484       1.158145822709e-11       3.769516695917e-13      -4.025491553013e-13       3.272248323057e-15       1.358786643777e-16       1.818037264998e-17      -1.944186693866e-18 
 2485       1.154555826500e-11       3.773278069931e-13      -4.005303243761e-13       3.267737374861e-15       1.356521081210e-16       1.832401595195e-17      -1.964005442299e-18 
 2486       1.150972361778e-11       3.777157030028e-13      -3.986071277224e-13       3.263228577235e-15       1.354260267439e-16       1.846652035541e-17      -1.983097347362e-18 
 2487       1.147396020943e-11       3.781147812540e-13      -3.967801003737e-13       3.258722037516e-15       1.352004194533e-16       1.860768434412e-17      -2.001459941784e-18 
 2488       1.143827398234e-11       3.785244634589e-13      -3.950497785140e-13       3.254217863336e-15       1.349752854487e-16       1.874730576106e-17      -2.019090754706e-18 
 2489       1.140267089735e-11       3.789441694061e-13      -3.934166994784e-13       3.249716162622e-15       1.347506239227e-16       1.888518180785e-17      -2.035987311681e-18 
 2490       1.136715693373e-11       3.793733169593e-13      -3.918814017545e-13       3.245217043593e-15       1.345264340605e-16       1.902110904404e-17      -2.052147134671e-18 
 2491       1.133173774469e-11       3.798113242594e-13      -3.904440984437e-13       3.240720613781e-15       1.343027148227e-16       1.915492390460e-17      -2.067572199559e-18 
 2492       1.129641762139e-11       3.802576163515e-13      -3.891036955476e-13       3.236226977056e-15       1.340794642917e-16       1.928662451361e-17      -2.082282337318e-18 
 2493       1.126120052287e-11       3.807116185934e-13      -3.878587679132e-13       3.231736236583e-15       1.338566803214e-16       1.941624958530e-17      -2.096301911612e-18 
 2494       1.122609042003e-11       3.811727544523e-13      -3.867078852423e-13       3.227248495803e-15       1.336343607540e-16       1.954383797116e-17      -2.109655368521e-18 
 2495       1.119109129568e-11       3.816404455029e-13      -3.856496120865e-13       3.222763858433e-15       1.334125034207e-16       1.966942866008e-17      -2.122367236622e-18 
 2496       1.115620714449e-11       3.821141114259e-13      -3.846825078420e-13       3.218282428469e-15       1.331911061410e-16       1.979306077848e-17      -2.134462127077e-18 
 2497       1.112144197308e-11       3.825931700054e-13      -3.838051267435e-13       3.213804310183e-15       1.329701667230e-16       1.991477359047e-17      -2.145964733713e-18 
 2498       1.108679979996e-11       3.830770371276e-13      -3.830160178599e-13       3.209329608127e-15       1.327496829634e-16       2.003460649798e-17      -2.156899833108e-18 
 2499       1.105228465558e-11       3.835651267786e-13      -3.823137250880e-13       3.204858427129e-15       1.325296526473e-16       2.015259904091e-17      -2.167292284675e-18 
 2500       1.101790058236e-11       3.840568510426e-13      -3.816967871478e-13       3.200390872297e-15       1.323100735485e-16       2.026879089727e-17      -2.177167030748e-18 
