    2       1.419840595744e-10       8.121100519770e-09       4.769086998737e-10 
    3       1.335012355418e-10       4.971188879432e-09       3.358855676035e-10 
    4       1.257586336489e-10       3.442400410611e-09       2.531511612497e-10 
    5       1.200332571561e-10       2.561400303505e-09       1.992650489851e-10 
    6       1.161037179339e-10       1.995462114430e-09       1.617147106895e-10 
    7       1.135728926846e-10       1.605773869261e-09       1.342576461846e-10 
    8       1.120334933648e-10       1.324050772160e-09       1.134676097629e-10 
    9       1.112849447169e-10       1.112790360990e-09       9.735671395018e-11 
   10       1.111081437874e-10       9.496333830312e-10       8.462849521005e-11 
   11       1.113323017575e-10       8.132623411670e-10       7.509081671562e-11 
   12       1.119320469375e-10       7.104961880158e-10       6.638496043903e-11 
   13       1.127599114933e-10       6.261274941835e-10       5.923478199364e-11 
   14       1.137746435372e-10       5.559318195804e-10       5.303470231184e-11 
   15       1.150075124188e-10       4.968490582675e-10       4.784441809724e-11 
   16       1.163637165344e-10       4.466152814989e-10       4.339720804958e-11 
   17       1.178382188466e-10       4.035236146115e-10       3.952547268950e-11 
   18       1.194109614204e-10       3.661279535718e-10       3.609014842034e-11 
   19       1.210890343407e-10       3.338223432319e-10       3.307547056016e-11 
   20       1.228368223312e-10       3.053741265972e-10       3.043485345156e-11 
   21       1.246530737563e-10       2.803345812616e-10       2.811882952337e-11 
   22       1.265194214722e-10       2.580995897010e-10       2.604087271739e-11 
   23       1.284526394664e-10       2.383706299504e-10       2.418512994203e-11 
   24       1.304560196967e-10       2.206964723731e-10       2.253023560503e-11 
   25       1.325152793191e-10       2.048366738652e-10       2.103311423523e-11 
   26       1.345991193332e-10       1.904801510456e-10       1.963538447180e-11 
   27       1.367204757435e-10       1.775519767812e-10       1.834461287697e-11 
   28       1.388924745109e-10       1.658950106126e-10       1.718068737807e-11 
   29       1.411136770232e-10       1.552256418487e-10       1.614993920898e-11 
   30       1.433851335808e-10       1.454846850827e-10       1.523570307207e-11 
   31       1.456962010539e-10       1.365995012999e-10       1.440093594972e-11 
   32       1.480268538798e-10       1.284291340468e-10       1.360303192585e-11 
   33       1.503785936941e-10       1.209288273134e-10       1.284400468825e-11 
   34       1.527525518824e-10       1.140319139393e-10       1.213758702934e-11 
   35       1.551450940811e-10       1.076354611633e-10       1.149372396049e-11 
   36       1.575643515421e-10       1.017226987226e-10       1.091106853823e-11 
   37       1.600180012637e-10       9.627494857203e-11       1.038118674102e-11 
   38       1.625080205509e-10       9.123461697398e-11       9.889921982554e-12 
   39       1.650321388711e-10       8.652592481927e-11       9.421796682125e-12 
   40       1.675904406441e-10       8.213433080904e-11       8.976210154643e-12 
   41       1.701798770342e-10       7.804818250989e-11       8.555946522686e-12 
   42       1.727918189850e-10       7.423502117311e-11       8.162647476860e-12 
   43       1.754162366214e-10       7.065355643946e-11       7.796782316648e-12 
   44       1.780570280702e-10       6.729819209441e-11       7.457822489171e-12 
   45       1.807205926564e-10       6.416543800578e-11       7.143925387629e-12 
   46       1.834113302533e-10       6.124054316851e-11       6.851745186325e-12 
   47       1.861314185522e-10       5.849661825675e-11       6.576322139462e-12 
   48       1.888813626319e-10       5.590289652696e-11       6.312503852250e-12 
   49       1.916623465628e-10       5.345431754032e-11       6.059941154059e-12 
   50       1.944741620152e-10       5.114877517535e-11       5.819310303646e-12 
   51       1.973143150186e-10       4.897830628855e-11       5.590872233756e-12 
   52       2.001778426345e-10       4.692867950878e-11       5.374440011783e-12 
   53       2.030595722931e-10       4.498385260744e-11       5.169558994800e-12 
   54       2.059620038673e-10       4.314163677834e-11       4.976176583010e-12 
   55       2.088891349042e-10       4.140134364303e-11       4.794087977174e-12 
   56       2.118441162810e-10       3.975906683579e-11       4.622715469386e-12 
   57       2.148291712959e-10       3.820747493128e-11       4.461084821722e-12 
   58       2.178455147575e-10       3.673560437214e-11       4.307801644901e-12 
   59       2.208936295025e-10       3.533187054982e-11       4.161421874781e-12 
   60       2.239743546950e-10       3.399438791123e-11       4.021717318555e-12 
   61       2.270879077149e-10       3.272268477647e-11       3.888662781011e-12 
   62       2.302334815641e-10       3.151459992855e-11       3.762057755115e-12 
   63       2.334091760723e-10       3.036618463098e-11       3.641516159925e-12 
   64       2.366119291037e-10       2.927160464532e-11       3.526456078483e-12 
   65       2.398387683576e-10       2.822474563041e-11       3.416261584362e-12 
   66       2.430910294272e-10       2.722464459875e-11       3.310831105749e-12 
   67       2.463709107170e-10       2.627103699474e-11       3.210127194083e-12 
   68       2.496802004147e-10       2.536270541878e-11       3.114009336380e-12 
   69       2.530202446374e-10       2.449742929186e-11       3.022228506802e-12 
   70       2.563919155772e-10       2.367193452016e-11       2.934421718229e-12 
   71       2.597955796475e-10       2.288184315968e-11       2.850106573831e-12 
   72       2.632313931750e-10       2.212279682108e-11       2.768808226874e-12 
   73       2.667003259712e-10       2.139418838633e-11       2.690480581032e-12 
   74       2.702032775853e-10       2.069605896597e-11       2.615156469718e-12 
   75       2.737407432051e-10       2.002796448911e-11       2.542820027300e-12 
   76       2.773127892811e-10       1.938895216569e-11       2.473404263694e-12 
   77       2.809190291510e-10       1.877753694889e-11       2.406788638953e-12 
   78       2.845585986635e-10       1.819167799737e-11       2.342796637857e-12 
   79       2.882301318030e-10       1.762875513767e-11       2.281193344503e-12 
   80       2.919323022239e-10       1.708621801848e-11       2.221746654649e-12 
   81       2.956656097874e-10       1.656371518744e-11       2.164428491117e-12 
   82       2.994308612401e-10       1.606129352534e-11       2.109244268647e-12 
   83       3.032286181786e-10       1.557874748554e-11       2.056171132179e-12 
   84       3.070591831537e-10       1.511560801346e-11       2.005156709918e-12 
   85       3.109225857745e-10       1.467113146623e-11       1.956117866404e-12 
   86       3.148185688125e-10       1.424428853226e-11       1.908939455574e-12 
   87       3.187465743051e-10       1.383375315078e-11       1.863473073837e-12 
   88       3.227057296605e-10       1.343789143151e-11       1.819535813131e-12 
   89       3.266951824406e-10       1.305514979709e-11       1.776954469610e-12 
   90       3.307151951885e-10       1.268531334185e-11       1.735708835319e-12 
   91       3.347661975410e-10       1.232842537228e-11       1.695808691528e-12 
   92       3.388484442865e-10       1.198440072809e-11       1.657249796068e-12 
   93       3.429620066924e-10       1.165302068269e-11       1.620013317386e-12 
   94       3.471067638331e-10       1.133392784362e-11       1.584065268592e-12 
   95       3.512823939175e-10       1.102662105303e-11       1.549355941511e-12 
   96       3.554883656171e-10       1.073045028810e-11       1.515819340733e-12 
   97       3.597239293928e-10       1.044461156153e-11       1.483372617660e-12 
   98       3.639881088236e-10       1.016814182195e-11       1.451915504561e-12 
   99       3.682799442983e-10       9.900139098968e-12       1.421353813912e-12 
  100       3.725992822231e-10       9.640469540445e-12       1.391674957667e-12 
  101       3.769460820082e-10       9.389151513397e-12       1.362882123040e-12 
  102       3.813201681334e-10       9.146136954423e-12       1.334970890712e-12 
  103       3.857212245345e-10       8.911309000393e-12       1.307928960580e-12 
  104       3.901487889902e-10       8.684479619135e-12       1.281735877512e-12 
  105       3.946022475089e-10       8.465387240128e-12       1.256362757093e-12 
  106       3.990808287149e-10       8.253694385191e-12       1.231772011376e-12 
  107       4.035835982354e-10       8.048985299170e-12       1.207917074636e-12 
  108       4.081094530872e-10       7.850763580635e-12       1.184742129120e-12 
  109       4.126571160630e-10       7.658449812562e-12       1.162181830793e-12 
  110       4.172253560346e-10       7.471511833448e-12       1.140176409678e-12 
  111       4.218136929485e-10       7.289879582396e-12       1.118719755658e-12 
  112       4.264217729688e-10       7.113579158194e-12       1.097817002000e-12 
  113       4.310491472727e-10       6.942603871280e-12       1.077469579147e-12 
  114       4.356952686569e-10       6.776913178026e-12       1.057675091571e-12 
  115       4.403594881450e-10       6.616431615022e-12       1.038427194623e-12 
  116       4.450410515939e-10       6.461047733351e-12       1.019715471384e-12 
  117       4.497390963016e-10       6.310613032878e-12       1.001525309522e-12 
  118       4.544526476132e-10       6.164940896525e-12       9.838377781406e-13 
  119       4.591806155287e-10       6.023805524558e-12       9.666295046315e-13 
  120       4.639217913093e-10       5.886940868861e-12       9.498725515276e-13 
  121       4.686748440848e-10       5.754039567226e-12       9.335342933549e-13 
  122       4.734383174604e-10       5.624751877629e-12       9.175772934846e-13 
  123       4.782107985349e-10       5.498760958313e-12       9.019676081843e-13 
  124       4.829914541685e-10       5.376020770643e-12       8.867010412874e-13 
  125       4.877795502150e-10       5.256543625813e-12       8.717796876727e-13 
  126       4.925742826128e-10       5.140325826756e-12       8.572037199610e-13 
  127       4.973747753487e-10       5.027347203103e-12       8.429713316715e-13 
  128       5.021800784209e-10       4.917570646135e-12       8.290786803773e-13 
  129       5.069891658031e-10       4.810941643744e-12       8.155198308614e-13 
  130       5.118009334074e-10       4.707387815387e-12       8.022866982727e-13 
  131       5.166141970481e-10       4.606818447042e-12       7.893689912820e-13 
  132       5.214276904048e-10       4.509124026168e-12       7.767541552375e-13 
  133       5.262400629863e-10       4.414175776657e-12       7.644273153211e-13 
  134       5.310498780939e-10       4.321825193793e-12       7.523712197041e-13 
  135       5.358556107846e-10       4.231903579207e-12       7.405661827032e-13 
  136       5.406556458350e-10       4.144221575836e-12       7.289900279363e-13 
  137       5.454484188860e-10       4.058609234834e-12       7.176232257593e-13 
  138       5.502328606744e-10       3.975041880066e-12       7.064650258960e-13 
  139       5.550079951226e-10       3.893526446860e-12       6.955188941922e-13 
  140       5.597727991645e-10       3.814061912824e-12       6.847874444692e-13 
  141       5.645262016178e-10       3.736639090063e-12       6.742724146491e-13 
  142       5.692670820559e-10       3.661240417399e-12       6.639746428795e-13 
  143       5.739942696808e-10       3.587839752599e-12       6.538940436586e-13 
  144       5.787065421945e-10       3.516402164584e-12       6.440295839602e-13 
  145       5.834026246721e-10       3.446883725660e-12       6.343792593587e-13 
  146       5.880811884337e-10       3.379231303733e-12       6.249400701540e-13 
  147       5.927408499165e-10       3.313382354530e-12       6.157079974967e-13 
  148       5.973801695472e-10       3.249264713822e-12       6.066779795128e-13 
  149       6.019976506145e-10       3.186796389641e-12       5.978438874291e-13 
  150       6.065917381411e-10       3.125885354504e-12       5.891985016977e-13 
  151       6.111608177558e-10       3.066429337632e-12       5.807334881214e-13 
  152       6.157032145663e-10       3.008315617169e-12       5.724393739785e-13 
  153       6.202173141050e-10       2.951444261608e-12       5.643074715101e-13 
  154       6.247019401894e-10       2.895800721826e-12       5.563358997768e-13 
  155       6.291560101927e-10       2.841389620790e-12       5.485240795407e-13 
  156       6.335784156237e-10       2.788211823085e-12       5.408708223615e-13 
  157       6.379680216210e-10       2.736264346554e-12       5.333743166394e-13 
  158       6.423236664469e-10       2.685540273949e-12       5.260321136575e-13 
  159       6.466441609814e-10       2.636028664578e-12       5.188411136252e-13 
  160       6.509282882162e-10       2.587714465944e-12       5.117975517207e-13 
  161       6.551748027489e-10       2.540578425400e-12       5.048969841337e-13 
  162       6.593824302763e-10       2.494597001787e-12       4.981342741084e-13 
  163       6.635498670893e-10       2.449742277087e-12       4.915035779863e-13 
  164       6.676757795660e-10       2.405981868063e-12       4.849983312488e-13 
  165       6.717588036665e-10       2.363278837912e-12       4.786112345603e-13 
  166       6.757975444262e-10       2.321591607903e-12       4.723342398108e-13 
  167       6.797905754500e-10       2.280873869029e-12       4.661585361587e-13 
  168       6.837364384066e-10       2.241074493652e-12       4.600745360738e-13 
  169       6.876336425220e-10       2.202137447148e-12       4.540718613799e-13 
  170       6.914806640737e-10       2.164001699552e-12       4.481393292976e-13 
  171       6.952760453560e-10       2.126613538089e-12       4.422674671308e-13 
  172       6.990187018954e-10       2.089964841783e-12       4.364563208373e-13 
  173       7.027076400004e-10       2.054057843776e-12       4.307082738313e-13 
  174       7.063418594970e-10       2.018892980240e-12       4.250255733333e-13 
  175       7.099203536285e-10       1.984468852614e-12       4.194103267296e-13 
  176       7.134421089550e-10       1.950782189845e-12       4.138644979318e-13 
  177       7.169061052536e-10       1.917827810636e-12       4.083899037367e-13 
  178       7.203113154178e-10       1.885598585680e-12       4.029882101854e-13 
  179       7.236567053578e-10       1.854085399902e-12       3.976609289234e-13 
  180       7.269412338998e-10       1.823277114707e-12       3.924094135598e-13 
  181       7.301638526865e-10       1.793160530212e-12       3.872348560272e-13 
  182       7.333235060761e-10       1.763720347493e-12       3.821382829411e-13 
  183       7.364191310426e-10       1.734939130827e-12       3.771205519593e-13 
  184       7.394496570759e-10       1.706797269929e-12       3.721823481421e-13 
  185       7.424140060808e-10       1.679272942196e-12       3.673241803112e-13 
  186       7.453110922777e-10       1.652342074950e-12       3.625463774097e-13 
  187       7.481398221016e-10       1.625978307673e-12       3.578490848615e-13 
  188       7.508990941027e-10       1.600152954256e-12       3.532322609310e-13 
  189       7.535877988455e-10       1.574834965235e-12       3.486956730828e-13 
  190       7.562048188094e-10       1.549990890034e-12       3.442388943409e-13 
  191       7.587491014215e-10       1.525591470717e-12       3.398613657059e-13 
  192       7.612198844852e-10       1.501632054266e-12       3.355625962195e-13 
  193       7.636164875066e-10       1.478113642229e-12       3.313419709336e-13 
  194       7.659382402202e-10       1.455036380943e-12       3.271986828018e-13 
  195       7.681844827273e-10       1.432399545475e-12       3.231317292543e-13 
  196       7.703545656356e-10       1.410201523566e-12       3.191399087746e-13 
  197       7.724478501980e-10       1.388439799572e-12       3.152218174747e-13 
  198       7.744637084520e-10       1.367110938400e-12       3.113758456707e-13 
  199       7.764015233587e-10       1.346210569457e-12       3.076001744590e-13 
  200       7.782606889421e-10       1.325733370587e-12       3.038927722920e-13 
  201       7.800406104278e-10       1.305673052011e-12       3.002513915534e-13 
  202       7.817407043828e-10       1.286022340272e-12       2.966735651342e-13 
  203       7.833603988538e-10       1.266772962173e-12       2.931566030088e-13 
  204       7.848991335073e-10       1.247915628719e-12       2.896975888101e-13 
  205       7.863563597677e-10       1.229440019061e-12       2.862933764056e-13 
  206       7.877315409574e-10       1.211334764433e-12       2.829405864733e-13 
  207       7.890241524352e-10       1.193587432096e-12       2.796356030771e-13 
  208       7.902336817359e-10       1.176184509278e-12       2.763745702425e-13 
  209       7.913596287090e-10       1.159111387116e-12       2.731533885330e-13 
  210       7.924015056583e-10       1.142352344596e-12       2.699677116249e-13 
  211       7.933588374808e-10       1.125890532497e-12       2.668129428837e-13 
  212       7.942311618057e-10       1.109707957330e-12       2.636842319399e-13 
  213       7.950180701156e-10       1.093788983649e-12       2.605774835646e-13 
  214       7.957193339093e-10       1.078131137397e-12       2.574924671882e-13 
  215       7.963347873313e-10       1.062735001411e-12       2.544299108468e-13 
  216       7.968642872017e-10       1.047600755868e-12       2.513905069990e-13 
  217       7.973077132626e-10       1.032728171481e-12       2.483749117669e-13 
  218       7.976649684253e-10       1.018116602712e-12       2.453837441771e-13 
  219       7.979359790176e-10       1.003764980969e-12       2.424175854010e-13 
  220       7.981206950307e-10       9.896718078147e-13       2.394769779959e-13 
  221       7.982190903659e-10       9.758351481647e-13       2.365624251454e-13 
  222       7.982311630821e-10       9.622526234966e-13       2.336743899006e-13 
  223       7.981569356425e-10       9.489214050509e-13       2.308132944205e-13 
  224       7.979964551616e-10       9.358382070353e-13       2.279795192128e-13 
  225       7.977497936526e-10       9.229992798289e-13       2.251734023745e-13 
  226       7.974170482741e-10       9.104004031853e-13       2.223952388333e-13 
  227       7.969983415769e-10       8.980368794370e-13       2.196452795874e-13 
  228       7.964938217516e-10       8.859035266988e-13       2.169237309469e-13 
  229       7.959036628753e-10       8.739946720717e-13       2.142307537744e-13 
  230       7.952280651584e-10       8.623041448465e-13       2.115664627257e-13 
  231       7.944672551922e-10       8.508252697079e-13       2.089309254904e-13 
  232       7.936214861954e-10       8.395508599378e-13       2.063241620329e-13 
  233       7.926910382612e-10       8.284732106195e-13       2.037461438331e-13 
  234       7.916762186047e-10       8.175840918413e-13       2.011967931270e-13 
  235       7.905773618095e-10       8.068747419003e-13       1.986759821474e-13 
  236       7.893948300749e-10       7.963358605059e-13       1.961835323650e-13 
  237       7.881290134627e-10       7.859576019841e-13       1.937192137288e-13 
  238       7.867803274566e-10       7.757314651061e-13       1.912828427345e-13 
  239       7.853492049635e-10       7.656561036731e-13       1.888745847919e-13 
  240       7.838361043064e-10       7.557318547761e-13       1.864946687034e-13 
  241       7.822415121090e-10       7.459588710521e-13       1.841432889365e-13 
  242       7.805659435371e-10       7.363371178886e-13       1.818206050726e-13 
  243       7.788099425398e-10       7.268663706288e-13       1.795267412564e-13 
  244       7.769740820909e-10       7.175462117764e-13       1.772617856454e-13 
  245       7.750589644305e-10       7.083760282005e-13       1.750257898589e-13 
  246       7.730652213058e-10       6.993550083407e-13       1.728187684270e-13 
  247       7.709935142132e-10       6.904821394121e-13       1.706406982405e-13 
  248       7.688445346390e-10       6.817562046100e-13       1.684915179994e-13 
  249       7.666190043008e-10       6.731757803150e-13       1.663711276625e-13 
  250       7.643176753895e-10       6.647392332979e-13       1.642793878967e-13 
  251       7.619413308099e-10       6.564447179246e-13       1.622161195261e-13 
  252       7.594907844222e-10       6.482901733614e-13       1.601811029813e-13 
  253       7.569668812839e-10       6.402733207794e-13       1.581740777484e-13 
  254       7.543704978904e-10       6.323916605597e-13       1.561947418186e-13 
  255       7.517025424168e-10       6.246424694985e-13       1.542427511373e-13 
  256       7.489639549592e-10       6.170227980119e-13       1.523177190532e-13 
  257       7.461557077759e-10       6.095294673405e-13       1.504192157676e-13 
  258       7.432788055288e-10       6.021590667552e-13       1.485467677837e-13 
  259       7.403342855249e-10       5.949079507613e-13       1.466998573559e-13 
  260       7.373232179576e-10       5.877722363040e-13       1.448779219389e-13 
  261       7.342467061477e-10       5.807477999728e-13       1.430803536368e-13 
  262       7.311058867854e-10       5.738302752072e-13       1.413064986526e-13 
  263       7.279019301710e-10       5.670150495008e-13       1.395556567374e-13 
  264       7.246360404568e-10       5.602972616070e-13       1.378270806396e-13 
  265       7.213094558879e-10       5.536717987435e-13       1.361199755540e-13 
  266       7.179233923739e-10       5.471342638419e-13       1.344336441410e-13 
  267       7.144788703106e-10       5.406839412348e-13       1.327679314422e-13 
  268       7.109768788238e-10       5.343209865747e-13       1.311228030530e-13 
  269       7.074184317374e-10       5.280454701386e-13       1.294982014250e-13 
  270       7.038045677193e-10       5.218573756717e-13       1.278940455610e-13 
  271       7.001363504266e-10       5.157565992319e-13       1.263102307103e-13 
  272       6.964148686516e-10       5.097429480329e-13       1.247466280636e-13 
  273       6.926412364674e-10       5.038161392891e-13       1.232030844486e-13 
  274       6.888165933729e-10       4.979757990587e-13       1.216794220251e-13 
  275       6.849421044394e-10       4.922214610884e-13       1.201754379798e-13 
  276       6.810189604550e-10       4.865525656566e-13       1.186909042220e-13 
  277       6.770483780715e-10       4.809684584182e-13       1.172255670784e-13 
  278       6.730315999487e-10       4.754683892477e-13       1.157791469887e-13 
  279       6.689698949012e-10       4.700515110836e-13       1.143513382005e-13 
  280       6.648645580430e-10       4.647168787726e-13       1.129418084643e-13 
  281       6.607169109337e-10       4.594634479128e-13       1.115501987293e-13 
  282       6.565283017241e-10       4.542900736985e-13       1.101761228379e-13 
  283       6.523001053013e-10       4.491955097633e-13       1.088191672215e-13 
  284       6.480337234348e-10       4.441784070250e-13       1.074788905954e-13 
  285       6.437305849221e-10       4.392373125285e-13       1.061548236538e-13 
  286       6.393921457337e-10       4.343706682909e-13       1.048464687653e-13 
  287       6.350198891596e-10       4.295768101442e-13       1.035532996680e-13 
  288       6.306153259540e-10       4.248539665804e-13       1.022747611648e-13 
  289       6.261799944817e-10       4.202002575946e-13       1.010102688183e-13 
  290       6.217154608631e-10       4.156136935296e-13       9.975920864630e-14 
  291       6.172233191200e-10       4.110921739193e-13       9.852093681674e-14 
  292       6.127051913215e-10       4.066334863330e-13       9.729477934307e-14 
  293       6.081627277289e-10       4.022353052193e-13       9.608003177939e-14 
  294       6.035976069421e-10       3.978951907497e-13       9.487595891563e-14 
  295       5.990115360445e-10       3.936105876632e-13       9.368179447272e-14 
  296       5.944062507493e-10       3.893788241098e-13       9.249674079783e-14 
  297       5.897834123143e-10       3.851976130936e-13       9.132013455929e-14 
  298       5.851442924366e-10       3.810665861907e-13       9.015195338382e-14 
  299       5.804900732931e-10       3.769858322850e-13       8.899233330351e-14 
  300       5.758219493928e-10       3.729554012296e-13       8.784140490080e-14 
  301       5.711411275827e-10       3.689753033719e-13       8.669929322870e-14 
  302       5.664488270533e-10       3.650455090795e-13       8.556611773105e-14 
  303       5.617462793442e-10       3.611659482648e-13       8.444199216283e-14 
  304       5.570347283496e-10       3.573365099111e-13       8.332702451035e-14 
  305       5.523154303243e-10       3.535570415978e-13       8.222131691158e-14 
  306       5.475896538891e-10       3.498273490255e-13       8.112496557635e-14 
  307       5.428586800363e-10       3.461471955420e-13       8.003806070666e-14 
  308       5.381238021359e-10       3.425163016669e-13       7.896068641691e-14 
  309       5.333863259404e-10       3.389343446177e-13       7.789292065416e-14 
  310       5.286475695910e-10       3.354009578349e-13       7.683483511843e-14 
  311       5.239088636234e-10       3.319157305072e-13       7.578649518289e-14 
  312       5.191715509727e-10       3.284782070974e-13       7.474795981420e-14 
  313       5.144369869798e-10       3.250878868673e-13       7.371928149271e-14 
  314       5.097065393966e-10       3.217442234034e-13       7.270050613276e-14 
  315       5.049815883919e-10       3.184466241421e-13       7.169167300292e-14 
  316       5.002635265566e-10       3.151944498951e-13       7.069281464623e-14 
  317       4.955537589099e-10       3.119870143752e-13       6.970395680053e-14 
  318       4.908537029045e-10       3.088235837211e-13       6.872511831864e-14 
  319       4.861647884325e-10       3.057033760231e-13       6.775631108868e-14 
  320       4.814884578309e-10       3.026255608484e-13       6.679753995429e-14 
  321       4.768261658872e-10       2.995892587668e-13       6.584880263493e-14 
  322       4.721793798452e-10       2.965935408757e-13       6.491008964611e-14 
  323       4.675495794106e-10       2.936374283255e-13       6.398138421964e-14 
  324       4.629382567564e-10       2.907198918454e-13       6.306266222395e-14 
  325       4.583469165287e-10       2.878398512684e-13       6.215389208428e-14 
  326       4.537770758526e-10       2.849961750568e-13       6.125503470299e-14 
  327       4.492302643374e-10       2.821876798277e-13       6.036604337980e-14 
  328       4.447080240824e-10       2.794131298782e-13       5.948686373204e-14 
  329       4.402119096827e-10       2.766712367111e-13       5.861743361494e-14 
  330       4.357434882344e-10       2.739606585599e-13       5.775768304189e-14 
  331       4.313043393409e-10       2.712799999145e-13       5.690753410464e-14 
  332       4.268959351471e-10       2.686280715191e-13       5.606691987245e-14 
  333       4.225192746514e-10       2.660046838685e-13       5.523584216329e-14 
  334       4.181752334466e-10       2.634098874101e-13       5.441431613764e-14 
  335       4.138646821277e-10       2.608437150039e-13       5.360235148821e-14 
  336       4.095884861672e-10       2.583061817302e-13       5.279995238076e-14 
  337       4.053475057902e-10       2.557972846980e-13       5.200711739500e-14 
  338       4.011425958500e-10       2.533170028531e-13       5.122383946544e-14 
  339       3.969746057039e-10       2.508652967861e-13       5.045010582220e-14 
  340       3.928443790880e-10       2.484421085405e-13       4.968589793198e-14 
  341       3.887527539928e-10       2.460473614210e-13       4.893119143880e-14 
  342       3.847005625389e-10       2.436809598015e-13       4.818595610494e-14 
  343       3.806886308523e-10       2.413427889330e-13       4.745015575178e-14 
  344       3.767177789394e-10       2.390327147524e-13       4.672374820065e-14 
  345       3.727888205630e-10       2.367505836896e-13       4.600668521370e-14 
  346       3.689025631176e-10       2.344962224766e-13       4.529891243477e-14 
  347       3.650598075043e-10       2.322694379550e-13       4.460036933022e-14 
  348       3.612613480068e-10       2.300700168844e-13       4.391098912982e-14 
  349       3.575079721668e-10       2.278977257503e-13       4.323069876761e-14 
  350       3.538004606590e-10       2.257523105724e-13       4.255941882274e-14 
  351       3.501395871668e-10       2.236334967127e-13       4.189706346035e-14 
  352       3.465261182577e-10       2.215409886837e-13       4.124354037242e-14 
  353       3.429608132587e-10       2.194744699560e-13       4.059875071865e-14 
  354       3.394444241317e-10       2.174336027673e-13       3.996258906727e-14 
  355       3.359776953489e-10       2.154180279297e-13       3.933494333598e-14 
  356       3.325613637682e-10       2.134273646382e-13       3.871569473273e-14 
  357       3.291961585088e-10       2.114612102789e-13       3.810471769663e-14 
  358       3.258828008263e-10       2.095191402368e-13       3.750187983882e-14 
  359       3.226220039883e-10       2.076007077042e-13       3.690704188327e-14 
  360       3.194144731499e-10       2.057054434889e-13       3.632005760771e-14 
  361       3.162609052291e-10       2.038328558217e-13       3.574077378445e-14 
  362       3.131619887818e-10       2.019824301653e-13       3.516903012124e-14 
  363       3.101184038780e-10       2.001536290220e-13       3.460465920217e-14 
  364       3.071308219763e-10       1.983458917419e-13       3.404748642848e-14 
  365       3.041999058003e-10       1.965586343308e-13       3.349732995946e-14 
  366       3.013263092130e-10       1.947912492588e-13       3.295400065326e-14 
  367       2.985106770931e-10       1.930431052680e-13       3.241730200783e-14 
  368       2.957536452098e-10       1.913135471808e-13       3.188703010171e-14 
  369       2.930558400985e-10       1.896018957079e-13       3.136297353493e-14 
  370       2.904178789364e-10       1.879074472566e-13       3.084491336983e-14 
  371       2.878403046665e-10       1.862296020894e-13       3.033266407275e-14 
  372       2.853233888281e-10       1.845682547193e-13       2.982619822540e-14 
  373       2.828673207730e-10       1.829234184031e-13       2.932552657385e-14 
  374       2.804722715396e-10       1.812950980891e-13       2.883065744451e-14 
  375       2.781383936726e-10       1.796832903362e-13       2.834159672072e-14 
  376       2.758658210417e-10       1.780879832342e-13       2.785834781919e-14 
  377       2.736546686611e-10       1.765091563230e-13       2.738091166653e-14 
  378       2.715050325082e-10       1.749467805129e-13       2.690928667578e-14 
  379       2.694169893431e-10       1.734008180036e-13       2.644346872288e-14 
  380       2.673905965274e-10       1.718712222048e-13       2.598345112322e-14 
  381       2.654258918435e-10       1.703579376550e-13       2.552922460815e-14 
  382       2.635228933137e-10       1.688608999418e-13       2.508077730144e-14 
  383       2.616815990192e-10       1.673800356215e-13       2.463809469587e-14 
  384       2.599019869194e-10       1.659152621389e-13       2.420115962966e-14 
  385       2.581840146710e-10       1.644664877465e-13       2.376995226304e-14 
  386       2.565276194469e-10       1.630336114251e-13       2.334445005472e-14 
  387       2.549327177553e-10       1.616165228026e-13       2.292462773843e-14 
  388       2.533992052594e-10       1.602151020745e-13       2.251045729943e-14 
  389       2.519269565958e-10       1.588292199231e-13       2.210190795099e-14 
  390       2.505158251939e-10       1.574587374373e-13       2.169894611093e-14 
  391       2.491656430950e-10       1.561035060326e-13       2.130153537812e-14 
  392       2.478762207716e-10       1.547633673705e-13       2.090963650898e-14 
  393       2.466473469463e-10       1.534381532783e-13       2.052320739401e-14 
  394       2.454787884109e-10       1.521276856688e-13       2.014220303431e-14 
  395       2.443702898455e-10       1.508317764604e-13       1.976657551803e-14 
  396       2.433215736380e-10       1.495502274961e-13       1.939627399697e-14 
  397       2.423323397026e-10       1.482828304637e-13       1.903124466302e-14 
  398       2.414022652995e-10       1.470293668155e-13       1.867143072468e-14 
  399       2.405310048535e-10       1.457896076880e-13       1.831677238361e-14 
  400       2.397181897735e-10       1.445633138214e-13       1.796720681111e-14 
  401       2.389634282716e-10       1.433502354795e-13       1.762266812462e-14 
  402       2.382663051818e-10       1.421501123693e-13       1.728308736427e-14 
  403       2.376263817798e-10       1.409626735611e-13       1.694839246934e-14 
  404       2.370431956014e-10       1.397876374076e-13       1.661850825482e-14 
  405       2.365162602621e-10       1.386247114642e-13       1.629335638789e-14 
  406       2.360450652761e-10       1.374735924081e-13       1.597285536442e-14 
  407       2.356290758752e-10       1.363339659588e-13       1.565692048553e-14 
  408       2.352677328283e-10       1.352055067970e-13       1.534546383405e-14 
  409       2.349604522603e-10       1.340878784850e-13       1.503839425105e-14 
  410       2.347066254712e-10       1.329807333860e-13       1.473561731236e-14 
  411       2.345056571913e-10       1.318837739834e-13       1.443705172625e-14 
  412       2.343570822062e-10       1.307969393903e-13       1.414267921285e-14 
  413       2.342604524969e-10       1.297202252717e-13       1.385249634099e-14 
  414       2.342152990233e-10       1.286536230049e-13       1.356649825437e-14 
  415       2.342211315703e-10       1.275971196413e-13       1.328467865975e-14 
  416       2.342774385939e-10       1.265506978709e-13       1.300702981507e-14 
  417       2.343836870682e-10       1.255143359845e-13       1.273354251758e-14 
  418       2.345393223310e-10       1.244880078378e-13       1.246420609204e-14 
  419       2.347437679307e-10       1.234716828138e-13       1.219900837881e-14 
  420       2.349964254725e-10       1.224653257867e-13       1.193793572203e-14 
  421       2.352966744645e-10       1.214688970848e-13       1.168097295779e-14 
  422       2.356438721646e-10       1.204823524538e-13       1.142810340221e-14 
  423       2.360373534264e-10       1.195056430200e-13       1.117930883964e-14 
  424       2.364764305455e-10       1.185387152535e-13       1.093456951081e-14 
  425       2.369603931063e-10       1.175815109317e-13       1.069386410095e-14 
  426       2.374885078281e-10       1.166339671021e-13       1.045716972795e-14 
  427       2.380600184112e-10       1.156960160457e-13       1.022446193050e-14 
  428       2.386741453839e-10       1.147675852405e-13       9.995714656276e-15 
  429       2.393300859480e-10       1.138485973244e-13       9.770900250021e-15 
  430       2.400270138261e-10       1.129389700584e-13       9.549989441749e-15 
  431       2.407640791070e-10       1.120386162900e-13       9.332951334867e-15 
  432       2.415404080930e-10       1.111474439165e-13       9.119753394330e-15 
  433       2.423551031455e-10       1.102653558481e-13       8.910361434786e-15 
  434       2.432072425316e-10       1.093922499711e-13       8.704739608724e-15 
  435       2.440958802707e-10       1.085280191110e-13       8.502850394624e-15 
  436       2.450200459804e-10       1.076725509962e-13       8.304654585100e-15 
  437       2.459787447235e-10       1.068257282207e-13       8.110111275053e-15 
  438       2.469709568535e-10       1.059874282078e-13       7.919177849815e-15 
  439       2.479956378617e-10       1.051575231727e-13       7.731809973298e-15 
  440       2.490517182232e-10       1.043358800865e-13       7.547961576142e-15 
  441       2.501381032433e-10       1.035223606388e-13       7.367584843861e-15 
  442       2.512536729039e-10       1.027168212014e-13       7.190630204992e-15 
  443       2.523972817098e-10       1.019191127910e-13       7.017046319244e-15 
  444       2.535677585353e-10       1.011290810330e-13       6.846780065643e-15 
  445       2.547639064699e-10       1.003465661242e-13       6.679776530680e-15 
  446       2.559845026656e-10       9.957140279665e-14       6.515978996460e-15 
  447       2.572282981824e-10       9.880342028015e-14       6.355328928849e-15 
  448       2.584940178352e-10       9.804244226605e-14       6.197765965624e-15 
  449       2.597803600398e-10       9.728828687021e-14       6.043227904614e-15 
  450       2.610859966597e-10       9.654076659632e-14       5.891650691856e-15 
  451       2.624096980259e-10       9.579972036891e-14       5.742977161803e-15 
  452       2.637507127471e-10       9.506511084392e-14       5.597183592168e-15 
  453       2.651083998380e-10       9.433693016186e-14       5.454253981553e-15 
  454       2.664821045711e-10       9.361516814361e-14       5.314171368057e-15 
  455       2.678711583978e-10       9.289981227249e-14       5.176917822563e-15 
  456       2.692748788676e-10       9.219084767637e-14       5.042474442051e-15 
  457       2.706925695483e-10       9.148825710982e-14       4.910821342887e-15 
  458       2.721235199465e-10       9.079202093614e-14       4.781937654128e-15 
  459       2.735670054270e-10       9.010211710955e-14       4.655801510822e-15 
  460       2.750222871333e-10       8.941852115725e-14       4.532390047304e-15 
  461       2.764886119075e-10       8.874120616153e-14       4.411679390501e-15 
  462       2.779652122102e-10       8.807014274188e-14       4.293644653227e-15 
  463       2.794513060407e-10       8.740529903711e-14       4.178259927482e-15 
  464       2.809460968571e-10       8.674664068744e-14       4.065498277758e-15 
  465       2.824487734962e-10       8.609413081663e-14       3.955331734333e-15 
  466       2.839585100934e-10       8.544773001406e-14       3.847731286572e-15 
  467       2.854744660033e-10       8.480739631684e-14       3.742666876226e-15 
  468       2.869957857190e-10       8.417308519194e-14       3.640107390736e-15 
  469       2.885215987928e-10       8.354474951829e-14       3.540020656526e-15 
  470       2.900510197556e-10       8.292233956887e-14       3.442373432308e-15 
  471       2.915831480376e-10       8.230580299282e-14       3.347131402378e-15 
  472       2.931170678878e-10       8.169508479756e-14       3.254259169919e-15 
  473       2.946518482945e-10       8.109012733092e-14       3.163720250299e-15 
  474       2.961865429050e-10       8.049087026317e-14       3.075477064369e-15 
  475       2.977201899456e-10       7.989725056922e-14       2.989490931765e-15 
  476       2.992518121420e-10       7.930920251066e-14       2.905722064209e-15 
  477       3.007804166389e-10       7.872665761789e-14       2.824129558804e-15 
  478       3.023049949206e-10       7.814954467223e-14       2.744671391338e-15 
  479       3.038245227304e-10       7.757778968805e-14       2.667304409582e-15 
  480       3.053379599910e-10       7.701131589480e-14       2.591984326589e-15 
  481       3.068442507247e-10       7.645004371923e-14       2.518665713995e-15 
  482       3.083423229729e-10       7.589389076739e-14       2.447301995317e-15 
  483       3.098310887168e-10       7.534277180680e-14       2.377845439255e-15 
  484       3.113094437968e-10       7.479659874854e-14       2.310247152991e-15 
  485       3.127762678331e-10       7.425528062937e-14       2.244457075485e-15 
  486       3.142304241453e-10       7.371872359380e-14       2.180423970781e-15 
  487       3.156707596728e-10       7.318683087623e-14       2.118095421302e-15 
  488       3.170961048945e-10       7.265950278307e-14       2.057417821152e-15 
  489       3.185052737491e-10       7.213663667481e-14       1.998336369413e-15 
  490       3.198970635551e-10       7.161812694813e-14       1.940795063448e-15 
  491       3.212704029145e-10       7.110388242989e-14       1.884745702538e-15 
  492       3.226248004067e-10       7.059387916214e-14       1.830175205820e-15 
  493       3.239599090292e-10       7.008810914554e-14       1.777079090408e-15 
  494       3.252753794090e-10       6.958656305966e-14       1.725452532004e-15 
  495       3.265708597965e-10       6.908923025373e-14       1.675290362684e-15 
  496       3.278459960588e-10       6.859609873743e-14       1.626587068662e-15 
  497       3.291004316734e-10       6.810715517161e-14       1.579336788074e-15 
  498       3.303338077215e-10       6.762238485909e-14       1.533533308748e-15 
  499       3.315457628819e-10       6.714177173535e-14       1.489170065985e-15 
  500       3.327359334243e-10       6.666529835936e-14       1.446240140327e-15 
  501       3.339039532031e-10       6.619294590430e-14       1.404736255341e-15 
  502       3.350494536504e-10       6.572469414828e-14       1.364650775388e-15 
  503       3.361720637703e-10       6.526052146520e-14       1.325975703402e-15 
  504       3.372714101319e-10       6.480040481538e-14       1.288702678663e-15 
  505       3.383471168631e-10       6.434431973641e-14       1.252822974576e-15 
  506       3.393988056440e-10       6.389224033388e-14       1.218327496444e-15 
  507       3.404260957006e-10       6.344413927211e-14       1.185206779242e-15 
  508       3.414286037983e-10       6.299998776494e-14       1.153450985397e-15 
  509       3.424059442354e-10       6.255975556647e-14       1.123049902560e-15 
  510       3.433577288367e-10       6.212341096182e-14       1.093992941383e-15 
  511       3.442835669470e-10       6.169092075790e-14       1.066269133293e-15 
  512       3.451830654248e-10       6.126225027412e-14       1.039867128271e-15 
  513       3.460558286355e-10       6.083736333321e-14       1.014775192623e-15 
  514       3.469014584454e-10       6.041622225194e-14       9.909812067581e-16 
  515       3.477195542150e-10       5.999878783188e-14       9.684726629643e-16 
  516       3.485097127925e-10       5.958501935015e-14       9.472366631828e-16 
  517       3.492715285075e-10       5.917487455019e-14       9.272599167843e-16 
  518       3.500045931646e-10       5.876830963252e-14       9.085287383442e-16 
  519       3.507084960367e-10       5.836527924548e-14       8.910290454183e-16 
  520       3.513828238586e-10       5.796573647599e-14       8.747463563181e-16 
  521       3.520271608209e-10       5.756963284033e-14       8.596657878865e-16 
  522       3.526410885632e-10       5.717691827485e-14       8.457720532734e-16 
  523       3.532241861675e-10       5.678754112677e-14       8.330494597110e-16 
  524       3.537760301523e-10       5.640144814492e-14       8.214819062894e-16 
  525       3.542961944658e-10       5.601858447049e-14       8.110528817324e-16 
  526       3.547842504794e-10       5.563889362780e-14       8.017454621724e-16 
  527       3.552397669813e-10       5.526231751504e-14       7.935423089266e-16 
  528       3.556623101703e-10       5.488879639504e-14       7.864256662722e-16 
  529       3.560514436489e-10       5.451826888603e-14       7.803773592218e-16 
  530       3.564067284174e-10       5.415067195238e-14       7.753787912993e-16 
  531       3.567278210535e-10       5.378595092939e-14       7.714119468661e-16 
  532       3.570147712254e-10       5.342408991856e-14       7.684624328196e-16 
  533       3.572677323208e-10       5.306508220716e-14       7.665165158775e-16 
  534       3.574868640330e-10       5.270892030466e-14       7.655601237751e-16 
  535       3.576723323966e-10       5.235559593772e-14       7.655788434673e-16 
  536       3.578243098223e-10       5.200510004522e-14       7.665579193311e-16 
  537       3.579429751321e-10       5.165742277324e-14       7.684822513677e-16 
  538       3.580285135951e-10       5.131255347013e-14       7.713363934047e-16 
  539       3.580811169622e-10       5.097048068151e-14       7.751045512984e-16 
  540       3.581009835018e-10       5.063119214528e-14       7.797705811361e-16 
  541       3.580883180346e-10       5.029467478664e-14       7.853179874383e-16 
  542       3.580433319693e-10       4.996091471311e-14       7.917299213610e-16 
  543       3.579662433375e-10       4.962989720956e-14       7.989891788979e-16 
  544       3.578572768294e-10       4.930160673323e-14       8.070781990825e-16 
  545       3.577166638285e-10       4.897602690872e-14       8.159790621908e-16 
  546       3.575446424472e-10       4.865314052304e-14       8.256734879430e-16 
  547       3.573414575621e-10       4.833292952061e-14       8.361428337060e-16 
  548       3.571073608492e-10       4.801537499830e-14       8.473680926959e-16 
  549       3.568426108189e-10       4.770045720042e-14       8.593298921797e-16 
  550       3.565474728517e-10       4.738815551376e-14       8.720084916779e-16 
  551       3.562222192332e-10       4.707844846260e-14       8.853837811669e-16 
  552       3.558671291893e-10       4.677131370374e-14       8.994352792809e-16 
  553       3.554824889217e-10       4.646672802149e-14       9.141421315141e-16 
  554       3.550685916429e-10       4.616466732273e-14       9.294831084235e-16 
  555       3.546257376117e-10       4.586510663189e-14       9.454366038305e-16 
  556       3.541542341681e-10       4.556802008600e-14       9.619806330236e-16 
  557       3.536543957692e-10       4.527338092968e-14       9.790928309603e-16 
  558       3.531265440236e-10       4.498116151020e-14       9.967504504697e-16 
  559       3.525710077275e-10       4.469133327245e-14       1.014930360455e-15 
  560       3.519881228994e-10       4.440386675398e-14       1.033609044093e-15 
  561       3.513782328156e-10       4.411873158003e-14       1.052762597043e-15 
  562       3.507416880452e-10       4.383589645854e-14       1.072366725641e-15 
  563       3.500788464858e-10       4.355532917516e-14       1.092396745107e-15 
  564       3.493900733985e-10       4.327699658828e-14       1.112827577746e-15 
  565       3.486757414431e-10       4.300086462404e-14       1.133633751149e-15 
  566       3.479362307133e-10       4.272689827137e-14       1.154789396399e-15 
  567       3.471719287723e-10       4.245506157698e-14       1.176268246267e-15 
  568       3.463832306878e-10       4.218531764038e-14       1.198043633422e-15 
  569       3.455705390674e-10       4.191762860894e-14       1.220088488627e-15 
  570       3.447342640935e-10       4.165195567285e-14       1.242375338942e-15 
  571       3.438748326688e-10       4.138826501492e-14       1.264880855706e-15 
  572       3.429927160362e-10       4.112654583662e-14       1.287599629554e-15 
  573       3.420884029325e-10       4.086679278191e-14       1.310530743151e-15 
  574       3.411623905813e-10       4.060900002129e-14       1.333673253075e-15 
  575       3.402151847311e-10       4.035316124904e-14       1.357026189696e-15 
  576       3.392472996945e-10       4.009926968041e-14       1.380588557048e-15 
  577       3.382592583864e-10       3.984731804884e-14       1.404359332700e-15 
  578       3.372515923628e-10       3.959729860315e-14       1.428337467633e-15 
  579       3.362248418591e-10       3.934920310474e-14       1.452521886115e-15 
  580       3.351795558293e-10       3.910302282483e-14       1.476911485571e-15 
  581       3.341162919838e-10       3.885874854163e-14       1.501505136459e-15 
  582       3.330356168288e-10       3.861637053758e-14       1.526301682144e-15 
  583       3.319381057044e-10       3.837587859651e-14       1.551299938771e-15 
  584       3.308243428233e-10       3.813726200092e-14       1.576498695141e-15 
  585       3.296949213097e-10       3.790050952909e-14       1.601896712582e-15 
  586       3.285504432375e-10       3.766560945239e-14       1.627492724825e-15 
  587       3.273915196690e-10       3.743254953240e-14       1.653285437876e-15 
  588       3.262187706937e-10       3.720131701817e-14       1.679273529892e-15 
  589       3.250328254668e-10       3.697189864341e-14       1.705455651054e-15 
  590       3.238343222478e-10       3.674428062367e-14       1.731830423439e-15 
  591       3.226239084390e-10       3.651844865361e-14       1.758396440898e-15 
  592       3.214022406244e-10       3.629438790414e-14       1.785152268925e-15 
  593       3.201699846079e-10       3.607208301966e-14       1.812096444535e-15 
  594       3.189278154522e-10       3.585151811529e-14       1.839227476136e-15 
  595       3.176764175175e-10       3.563267677401e-14       1.866543843402e-15 
  596       3.164164844997e-10       3.541554204392e-14       1.894043997150e-15 
  597       3.151487194693e-10       3.520009643543e-14       1.921726359210e-15 
  598       3.138738349101e-10       3.498632191849e-14       1.949589322300e-15 
  599       3.125925527575e-10       3.477419991973e-14       1.977631249904e-15 
  600       3.113056044372e-10       3.456371131976e-14       2.005850476139e-15 
  601       3.100137309041e-10       3.435483645030e-14       2.034245305633e-15 
  602       3.087176826805e-10       3.414755509141e-14       2.062814013401e-15 
  603       3.074182198950e-10       3.394184646873e-14       2.091554844712e-15 
  604       3.061161123208e-10       3.373768925062e-14       2.120466014969e-15 
  605       3.048121394146e-10       3.353506154544e-14       2.149545709581e-15 
  606       3.035070903553e-10       3.333394089869e-14       2.178792083836e-15 
  607       3.022017640821e-10       3.313430429028e-14       2.208203262776e-15 
  608       3.008969693336e-10       3.293612813167e-14       2.237777341071e-15 
  609       2.995935246861e-10       3.273938826314e-14       2.267512382890e-15 
  610       2.982922585923e-10       3.254405995096e-14       2.297406421781e-15 
  611       2.969939422040e-10       3.235012153893e-14       2.327456438067e-15 
  612       2.956990860011e-10       3.215756550434e-14       2.357655264545e-15 
  613       2.944081383896e-10       3.196638766015e-14       2.387994606757e-15 
  614       2.931215524954e-10       3.177658352283e-14       2.418466058333e-15 
  615       2.918397861818e-10       3.158814831080e-14       2.449061100535e-15 
  616       2.905633020664e-10       3.140107694280e-14       2.479771101803e-15 
  617       2.892925675379e-10       3.121536403623e-14       2.510587317299e-15 
  618       2.880280547733e-10       3.103100390559e-14       2.541500888458e-15 
  619       2.867702407550e-10       3.084799056080e-14       2.572502842526e-15 
  620       2.855196072880e-10       3.066631770562e-14       2.603584092112e-15 
  621       2.842766410163e-10       3.048597873600e-14       2.634735434731e-15 
  622       2.830418334406e-10       3.030696673849e-14       2.665947552352e-15 
  623       2.818156809350e-10       3.012927448860e-14       2.697211010939e-15 
  624       2.805986847643e-10       2.995289444919e-14       2.728516260002e-15 
  625       2.793913511006e-10       2.977781876882e-14       2.759853632142e-15 
  626       2.781941910408e-10       2.960403928017e-14       2.791213342591e-15 
  627       2.770077206233e-10       2.943154749841e-14       2.822585488766e-15 
  628       2.758324608453e-10       2.926033461954e-14       2.853960049810e-15 
  629       2.746689376794e-10       2.909039151884e-14       2.885326886137e-15 
  630       2.735176820914e-10       2.892170874916e-14       2.916675738981e-15 
  631       2.723792300565e-10       2.875427653940e-14       2.947996229940e-15 
  632       2.712541225768e-10       2.858808479280e-14       2.979277860521e-15 
  633       2.701429056984e-10       2.842312308537e-14       3.010510011688e-15 
  634       2.690461305280e-10       2.825938066426e-14       3.041681943404e-15 
  635       2.679643532506e-10       2.809684644614e-14       3.072782794181e-15 
  636       2.668981351458e-10       2.793550901556e-14       3.103801580624e-15 
  637       2.658480426052e-10       2.777535662335e-14       3.134727196975e-15 
  638       2.648146471498e-10       2.761637718500e-14       3.165548414663e-15 
  639       2.637985254463e-10       2.745855827903e-14       3.196253881843e-15 
  640       2.628002593245e-10       2.730188714536e-14       3.226832122951e-15 
  641       2.618204357945e-10       2.714635068374e-14       3.257271538240e-15 
  642       2.608596470636e-10       2.699193545204e-14       3.287560403333e-15 
  643       2.599184905531e-10       2.683862766471e-14       3.317686868765e-15 
  644       2.589975689157e-10       2.668641319113e-14       3.347638959531e-15 
  645       2.580974900523e-10       2.653527755397e-14       3.377404574628e-15 
  646       2.572188671291e-10       2.638520592763e-14       3.406971486608e-15 
  647       2.563623185947e-10       2.623618313652e-14       3.436327341113e-15 
  648       2.555284681971e-10       2.608819365354e-14       3.465459656433e-15 
  649       2.547179450007e-10       2.594122159840e-14       3.494355823041e-15 
  650       2.539313834033e-10       2.579525073602e-14       3.523003103145e-15 
  651       2.531693324509e-10       2.565026680559e-14       3.551390814364e-15 
  652       2.524319815190e-10       2.550626456828e-14       3.579516935346e-15 
  653       2.517194285233e-10       2.536324091411e-14       3.607381647142e-15 
  654       2.510317700574e-10       2.522119254460e-14       3.634985162624e-15 
  655       2.503691013844e-10       2.508011597179e-14       3.662327726651e-15 
  656       2.497315164281e-10       2.494000751730e-14       3.689409616231e-15 
  657       2.491191077646e-10       2.480086331136e-14       3.716231140684e-15 
  658       2.485319666133e-10       2.466267929184e-14       3.742792641807e-15 
  659       2.479701828286e-10       2.452545120329e-14       3.769094494035e-15 
  660       2.474338448915e-10       2.438917459599e-14       3.795137104606e-15 
  661       2.469230399003e-10       2.425384482498e-14       3.820920913722e-15 
  662       2.464378535628e-10       2.411945704909e-14       3.846446394714e-15 
  663       2.459783701870e-10       2.398600623001e-14       3.871714054208e-15 
  664       2.455446726730e-10       2.385348713128e-14       3.896724432280e-15 
  665       2.451368425041e-10       2.372189431737e-14       3.921478102629e-15 
  666       2.447549597384e-10       2.359122215270e-14       3.945975672732e-15 
  667       2.443991030000e-10       2.346146480068e-14       3.970217784015e-15 
  668       2.440693494704e-10       2.333261622273e-14       3.994205112008e-15 
  669       2.437657748801e-10       2.320467017737e-14       4.017938366514e-15 
  670       2.434884534997e-10       2.307762021919e-14       4.041418291773e-15 
  671       2.432374581317e-10       2.295145969797e-14       4.064645666619e-15 
  672       2.430128601015e-10       2.282618175762e-14       4.087621304649e-15 
  673       2.428147292488e-10       2.270177933530e-14       4.110346054384e-15 
  674       2.426431339193e-10       2.257824516042e-14       4.132820799433e-15 
  675       2.424981409560e-10       2.245557175370e-14       4.155046458656e-15 
  676       2.423798156903e-10       2.233375142617e-14       4.177023986327e-15 
  677       2.422882219337e-10       2.221277627824e-14       4.198754372295e-15 
  678       2.422234219692e-10       2.209263819876e-14       4.220238642154e-15 
  679       2.421854765424e-10       2.197332886399e-14       4.241477857398e-15 
  680       2.421744448532e-10       2.185483973669e-14       4.262473115590e-15 
  681       2.421903845471e-10       2.173716206516e-14       4.283225550522e-15 
  682       2.422333517066e-10       2.162028688225e-14       4.303736332380e-15 
  683       2.423034008425e-10       2.150420500442e-14       4.324006667908e-15 
  684       2.424005848852e-10       2.138890703076e-14       4.344037800569e-15 
  685       2.425249551766e-10       2.127438334205e-14       4.363831010708e-15 
  686       2.426765614609e-10       2.116062409979e-14       4.383387615719e-15 
  687       2.428554518762e-10       2.104761924522e-14       4.402708970203e-15 
  688       2.430616729461e-10       2.093535849839e-14       4.421796466137e-15 
  689       2.432952695709e-10       2.082383135717e-14       4.440651533032e-15 
  690       2.435562850188e-10       2.071302709630e-14       4.459275638099e-15 
  691       2.438447054769e-10       2.060293624808e-14       4.477669324860e-15 
  692       2.441602924361e-10       2.049355508058e-14       4.495829306389e-15 
  693       2.445027467521e-10       2.038488121203e-14       4.513751311064e-15 
  694       2.448717637438e-10       2.027691213711e-14       4.531431038481e-15 
  695       2.452670331704e-10       2.016964522638e-14       4.548864159379e-15 
  696       2.456882392093e-10       2.006307772567e-14       4.566046315564e-15 
  697       2.461350604332e-10       1.995720675553e-14       4.582973119826e-15 
  698       2.466071697880e-10       1.985202931059e-14       4.599640155864e-15 
  699       2.471042345698e-10       1.974754225903e-14       4.616042978209e-15 
  700       2.476259164027e-10       1.964374234190e-14       4.632177112144e-15 
  701       2.481718712162e-10       1.954062617265e-14       4.648038053624e-15 
  702       2.487417492226e-10       1.943819023643e-14       4.663621269204e-15 
  703       2.493351948946e-10       1.933643088956e-14       4.678922195954e-15 
  704       2.499518469427e-10       1.923534435892e-14       4.693936241387e-15 
  705       2.505913382929e-10       1.913492674138e-14       4.708658783376e-15 
  706       2.512532960636e-10       1.903517400319e-14       4.723085170078e-15 
  707       2.519373415438e-10       1.893608197938e-14       4.737210719857e-15 
  708       2.526430901702e-10       1.883764637321e-14       4.751030721205e-15 
  709       2.533701515046e-10       1.873986275555e-14       4.764540432663e-15 
  710       2.541181292116e-10       1.864272656427e-14       4.777735082745e-15 
  711       2.548866210359e-10       1.854623310371e-14       4.790609869857e-15 
  712       2.556752187799e-10       1.845037754405e-14       4.803159962221e-15 
  713       2.564835082814e-10       1.835515492070e-14       4.815380497799e-15 
  714       2.573110693903e-10       1.826056013378e-14       4.827266584209e-15 
  715       2.581574759471e-10       1.816658794745e-14       4.838813298652e-15 
  716       2.590222957596e-10       1.807323298937e-14       4.850015687833e-15 
  717       2.599050905807e-10       1.798048975009e-14       4.860868767882e-15 
  718       2.608054160861e-10       1.788835258249e-14       4.871367524276e-15 
  719       2.617228218510e-10       1.779681570113e-14       4.881506911761e-15 
  720       2.626568513287e-10       1.770587318173e-14       4.891281854274e-15 
  721       2.636070418271e-10       1.761551896053e-14       4.900687244865e-15 
  722       2.645729244866e-10       1.752574683372e-14       4.909717945620e-15 
  723       2.655540242576e-10       1.743655045685e-14       4.918368787582e-15 
  724       2.665498598780e-10       1.734792334422e-14       4.926634570671e-15 
  725       2.675599438505e-10       1.725985886835e-14       4.934510063609e-15 
  726       2.685837824202e-10       1.717235025929e-14       4.941990003840e-15 
  727       2.696208755520e-10       1.708539060413e-14       4.949069097455e-15 
  728       2.706707169082e-10       1.699897284636e-14       4.955742019109e-15 
  729       2.717327938260e-10       1.691308978528e-14       4.962003411947e-15 
  730       2.728065872947e-10       1.682773407541e-14       4.967847887522e-15 
  731       2.738915818596e-10       1.674289921866e-14       4.973271775244e-15 
  732       2.749872955942e-10       1.665858256364e-14       4.978278409146e-15 
  733       2.760932506814e-10       1.657478236503e-14       4.982872946444e-15 
  734       2.772089635209e-10       1.649149679586e-14       4.987060627880e-15 
  735       2.783339447096e-10       1.640872394715e-14       4.990846778036e-15 
  736       2.794676990206e-10       1.632646182757e-14       4.994236805651e-15 
  737       2.806097253833e-10       1.624470836305e-14       4.997236203933e-15 
  738       2.817595168633e-10       1.616346139641e-14       4.999850550875e-15 
  739       2.829165606414e-10       1.608271868700e-14       5.002085509569e-15 
  740       2.840803379939e-10       1.600247791034e-14       5.003946828518e-15 
  741       2.852503242724e-10       1.592273665774e-14       5.005440341953e-15 
  742       2.864259888829e-10       1.584349243594e-14       5.006571970146e-15 
  743       2.876067952661e-10       1.576474266674e-14       5.007347719727e-15 
  744       2.887922008766e-10       1.568648468663e-14       5.007773683991e-15 
  745       2.899816571632e-10       1.560871574643e-14       5.007856043221e-15 
  746       2.911746095480e-10       1.553143301091e-14       5.007601064998e-15 
  747       2.923704974066e-10       1.545463355844e-14       5.007015104515e-15 
  748       2.935687540473e-10       1.537831438062e-14       5.006104604892e-15 
  749       2.947688066914e-10       1.530247238188e-14       5.004876097489e-15 
  750       2.959700764524e-10       1.522710437918e-14       5.003336202225e-15 
  751       2.971719783159e-10       1.515220710157e-14       5.001491627887e-15 
  752       2.983739211195e-10       1.507777718986e-14       4.999349172444e-15 
  753       2.995753075321e-10       1.500381119626e-14       4.996915723368e-15 
  754       3.007755340338e-10       1.493030558399e-14       4.994198257939e-15 
  755       3.019739908959e-10       1.485725672692e-14       4.991203843568e-15 
  756       3.031700621600e-10       1.478466090922e-14       4.987939638104e-15 
  757       3.043631256182e-10       1.471251432496e-14       4.984412890153e-15 
  758       3.055525527928e-10       1.464081307778e-14       4.980630939393e-15 
  759       3.067377089154e-10       1.456955318049e-14       4.976601216881e-15 
  760       3.079179529075e-10       1.449873055472e-14       4.972331245378e-15 
  761       3.090926373594e-10       1.442834103055e-14       4.967828639653e-15 
  762       3.102611085107e-10       1.435838034614e-14       4.963101106806e-15 
  763       3.114227062291e-10       1.428884414736e-14       4.958156446575e-15 
  764       3.125767639908e-10       1.421972798745e-14       4.953002551656e-15 
  765       3.137226088601e-10       1.415102732661e-14       4.947647408012e-15 
  766       3.148595614687e-10       1.408273753164e-14       4.942099095193e-15 
  767       3.159869359958e-10       1.401485387562e-14       4.936365786647e-15 
  768       3.171040401479e-10       1.394737153748e-14       4.930455750032e-15 
  769       3.182101751380e-10       1.388028560168e-14       4.924377347536e-15 
  770       3.193046356658e-10       1.381359105780e-14       4.918139036186e-15 
  771       3.203867733304e-10       1.374728345679e-14       4.911747560781e-15 
  772       3.214561882260e-10       1.368136089395e-14       4.905202494534e-15 
  773       3.225125409316e-10       1.361582206268e-14       4.898501595749e-15 
  774       3.235554893985e-10       1.355066560115e-14       4.891642605793e-15 
  775       3.245846889430e-10       1.348589009204e-14       4.884623249053e-15 
  776       3.255997922386e-10       1.342149406226e-14       4.877441232880e-15 
  777       3.266004493088e-10       1.335747598279e-14       4.870094247539e-15 
  778       3.275863075194e-10       1.329383426837e-14       4.862579966164e-15 
  779       3.285570115711e-10       1.323056727733e-14       4.854896044703e-15 
  780       3.295122034918e-10       1.316767331132e-14       4.847040121870e-15 
  781       3.304515226295e-10       1.310515061506e-14       4.839009819092e-15 
  782       3.313746056443e-10       1.304299737616e-14       4.830802740465e-15 
  783       3.322810865013e-10       1.298121172483e-14       4.822416472699e-15 
  784       3.331705964628e-10       1.291979173367e-14       4.813848585067e-15 
  785       3.340427640810e-10       1.285873541744e-14       4.805096629360e-15 
  786       3.348972151904e-10       1.279804073280e-14       4.796158139832e-15 
  787       3.357335729004e-10       1.273770557812e-14       4.787030633152e-15 
  788       3.365514575874e-10       1.267772779318e-14       4.777711608355e-15 
  789       3.373504868879e-10       1.261810515901e-14       4.768198546788e-15 
  790       3.381302756907e-10       1.255883539759e-14       4.758488912066e-15 
  791       3.388904361291e-10       1.249991617165e-14       4.748580150015e-15 
  792       3.396305775740e-10       1.244134508443e-14       4.738469688627e-15 
  793       3.403503066259e-10       1.238311967945e-14       4.728154938009e-15 
  794       3.410492271075e-10       1.232523744025e-14       4.717633290329e-15 
  795       3.417269400566e-10       1.226769579018e-14       4.706902119773e-15 
  796       3.423830437178e-10       1.221049209217e-14       4.695958782488e-15 
  797       3.430171335359e-10       1.215362364847e-14       4.684800616535e-15 
  798       3.436288021475e-10       1.209708770042e-14       4.673424941841e-15 
  799       3.442176393743e-10       1.204088142824e-14       4.661829060143e-15 
  800       3.447832322151e-10       1.198500195077e-14       4.650010254945e-15 
  801       3.453251648383e-10       1.192944632525e-14       4.637965791461e-15 
  802       3.458430185749e-10       1.187421154706e-14       4.625692916571e-15 
  803       3.463363719101e-10       1.181929454953e-14       4.613188858767e-15 
  804       3.468048004768e-10       1.176469220365e-14       4.600450828104e-15 
  805       3.472478770473e-10       1.171040131789e-14       4.587476016150e-15 
  806       3.476651715262e-10       1.165641863792e-14       4.574261595936e-15 
  807       3.480562509427e-10       1.160274084639e-14       4.560804721906e-15 
  808       3.484206794434e-10       1.154936456273e-14       4.547102529866e-15 
  809       3.487580182844e-10       1.149628634284e-14       4.533152136935e-15 
  810       3.490678258241e-10       1.144350267893e-14       4.518950641494e-15 
  811       3.493497316191e-10       1.139101044816e-14       4.504496120860e-15 
  812       3.496036601904e-10       1.133880826802e-14       4.489790644083e-15 
  813       3.498296112688e-10       1.128689516487e-14       4.474837313260e-15 
  814       3.500275860620e-10       1.123527012710e-14       4.459639270857e-15 
  815       3.501975872607e-10       1.118393210497e-14       4.444199699839e-15 
  816       3.503396190446e-10       1.113288001047e-14       4.428521823802e-15 
  817       3.504536870886e-10       1.108211271714e-14       4.412608907106e-15 
  818       3.505397985680e-10       1.103162905992e-14       4.396464255004e-15 
  819       3.505979621657e-10       1.098142783502e-14       4.380091213778e-15 
  820       3.506281880772e-10       1.093150779977e-14       4.363493170866e-15 
  821       3.506304880170e-10       1.088186767242e-14       4.346673554997e-15 
  822       3.506048752246e-10       1.083250613205e-14       4.329635836321e-15 
  823       3.505513644705e-10       1.078342181835e-14       4.312383526542e-15 
  824       3.504699720621e-10       1.073461333154e-14       4.294920179049e-15 
  825       3.503607158497e-10       1.068607923215e-14       4.277249389046e-15 
  826       3.502236152327e-10       1.063781804091e-14       4.259374793687e-15 
  827       3.500586911654e-10       1.058982823858e-14       4.241300072207e-15 
  828       3.498659661628e-10       1.054210826580e-14       4.223028946050e-15 
  829       3.496454643073e-10       1.049465652293e-14       4.204565179007e-15 
  830       3.493972112538e-10       1.044747136990e-14       4.185912577340e-15 
  831       3.491212342364e-10       1.040055112609e-14       4.167074989923e-15 
  832       3.488175620742e-10       1.035389407011e-14       4.148056308365e-15 
  833       3.484862251768e-10       1.030749843970e-14       4.128860467146e-15 
  834       3.481272555513e-10       1.026136243157e-14       4.109491443748e-15 
  835       3.477406868074e-10       1.021548420122e-14       4.089953258788e-15 
  836       3.473265541637e-10       1.016986186282e-14       4.070249976148e-15 
  837       3.468848944539e-10       1.012449348902e-14       4.050385703106e-15 
  838       3.464157461326e-10       1.007937711085e-14       4.030364590470e-15 
  839       3.459191492811e-10       1.003451071751e-14       4.010190832709e-15 
  840       3.453951456138e-10       9.989892256249e-15       3.989868668083e-15 
  841       3.448437784841e-10       9.945519632209e-15       3.969402378776e-15 
  842       3.442650928901e-10       9.901390708263e-15       3.948796291030e-15 
  843       3.436591354810e-10       9.857503304871e-15       3.928054775272e-15 
  844       3.430259545627e-10       9.813855199920e-15       3.907182246248e-15 
  845       3.423656001043e-10       9.770444128574e-15       3.886183163156e-15 
  846       3.416781237435e-10       9.727267783120e-15       3.865062029778e-15 
  847       3.409635787931e-10       9.684323812817e-15       3.843823394606e-15 
  848       3.402220202468e-10       9.641609823740e-15       3.822471850983e-15 
  849       3.394535047850e-10       9.599123378628e-15       3.801012037225e-15 
  850       3.386580907812e-10       9.556861996731e-15       3.779448636760e-15 
  851       3.378358799103e-10       9.514823462933e-15       3.757786056515e-15 
  852       3.369871427446e-10       9.473006761238e-15       3.736027455773e-15 
  853       3.361121953242e-10       9.431411156993e-15       3.714175700920e-15 
  854       3.352113577619e-10       9.390035888955e-15       3.692233685757e-15 
  855       3.342849542569e-10       9.348880169200e-15       3.670204331576e-15 
  856       3.333333131070e-10       9.307943183009e-15       3.648090587240e-15 
  857       3.323567667217e-10       9.267224088775e-15       3.625895429263e-15 
  858       3.313556516353e-10       9.226722017897e-15       3.603621861887e-15 
  859       3.303303085194e-10       9.186436074679e-15       3.581272917157e-15 
  860       3.292810821963e-10       9.146365336228e-15       3.558851655007e-15 
  861       3.282083216512e-10       9.106508852352e-15       3.536361163332e-15 
  862       3.271123800457e-10       9.066865645459e-15       3.513804558068e-15 
  863       3.259936147304e-10       9.027434710453e-15       3.491184983273e-15 
  864       3.248523872576e-10       8.988215014634e-15       3.468505611202e-15 
  865       3.236890633947e-10       8.949205497594e-15       3.445769642389e-15 
  866       3.225040131368e-10       8.910405071119e-15       3.422980305721e-15 
  867       3.212976107192e-10       8.871812619082e-15       3.400140858520e-15 
  868       3.200702346310e-10       8.833426997345e-15       3.377254586622e-15 
  869       3.188222676274e-10       8.795247033655e-15       3.354324804452e-15 
  870       3.175540967432e-10       8.757271527544e-15       3.331354855105e-15 
  871       3.162661133048e-10       8.719499250223e-15       3.308348110423e-15 
  872       3.149587129440e-10       8.681928944486e-15       3.285307971075e-15 
  873       3.136322956101e-10       8.644559324602e-15       3.262237866635e-15 
  874       3.122872655835e-10       8.607389076219e-15       3.239141255660e-15 
  875       3.109240314880e-10       8.570416856257e-15       3.216021625767e-15 
  876       3.095430063041e-10       8.533641292807e-15       3.192882493717e-15 
  877       3.081446073815e-10       8.497060985034e-15       3.169727405484e-15 
  878       3.067292564522e-10       8.460674503068e-15       3.146559936344e-15 
  879       3.052973796436e-10       8.424480387905e-15       3.123383690945e-15 
  880       3.038494074910e-10       8.388477151309e-15       3.100202303391e-15 
  881       3.023857749505e-10       8.352663275703e-15       3.077019437318e-15 
  882       3.009069214123e-10       8.317037214071e-15       3.053838785971e-15 
  883       2.994132907130e-10       8.281597389858e-15       3.030664072287e-15 
  884       2.979053311490e-10       8.246342196862e-15       3.007499048970e-15 
  885       2.963834954890e-10       8.211269999139e-15       2.984347498567e-15 
  886       2.948482409873e-10       8.176379130895e-15       2.961213233555e-15 
  887       2.933000293962e-10       8.141667896390e-15       2.938100096409e-15 
  888       2.917393269792e-10       8.107134569830e-15       2.915011959689e-15 
  889       2.901666045237e-10       8.072777395269e-15       2.891952726114e-15 
  890       2.885823373542e-10       8.038594586508e-15       2.868926328641e-15 
  891       2.869869938927e-10       8.004584545253e-15       2.845936253821e-15 
  892       2.853810011102e-10       7.970746519739e-15       2.822984103144e-15 
  893       2.837647785351e-10       7.937079956696e-15       2.800071008278e-15 
  894       2.821387496645e-10       7.903584283999e-15       2.777198105660e-15 
  895       2.805033419760e-10       7.870258910593e-15       2.754366536503e-15 
  896       2.788589869384e-10       7.837103226428e-15       2.731577446801e-15 
  897       2.772061200229e-10       7.804116602390e-15       2.708831987337e-15 
  898       2.755451807147e-10       7.771298390231e-15       2.686131313693e-15 
  899       2.738766125236e-10       7.738647922499e-15       2.663476586247e-15 
  900       2.722008629954e-10       7.706164512469e-15       2.640868970190e-15 
  901       2.705183837229e-10       7.673847454078e-15       2.618309635526e-15 
  902       2.688296303575e-10       7.641696021852e-15       2.595799757079e-15 
  903       2.671350626198e-10       7.609709470836e-15       2.573340514504e-15 
  904       2.654351443109e-10       7.577887036530e-15       2.550933092286e-15 
  905       2.637303433240e-10       7.546227934816e-15       2.528578679755e-15 
  906       2.620211316548e-10       7.514731361890e-15       2.506278471085e-15 
  907       2.603079854134e-10       7.483396494194e-15       2.484033665306e-15 
  908       2.585913848348e-10       7.452222488345e-15       2.461845466304e-15 
  909       2.568718142905e-10       7.421208481069e-15       2.439715082837e-15 
  910       2.551497622997e-10       7.390353589128e-15       2.417643728533e-15 
  911       2.534257215399e-10       7.359656909255e-15       2.395632621900e-15 
  912       2.517001888586e-10       7.329117518084e-15       2.373682986331e-15 
  913       2.499736652844e-10       7.298734472078e-15       2.351796050114e-15 
  914       2.482466560378e-10       7.268506807464e-15       2.329973046433e-15 
  915       2.465196705428e-10       7.238433540163e-15       2.308215213381e-15 
  916       2.447932224377e-10       7.208513665719e-15       2.286523793959e-15 
  917       2.430678295864e-10       7.178746159232e-15       2.264900036089e-15 
  918       2.413440140896e-10       7.149129975288e-15       2.243345192618e-15 
  919       2.396223022959e-10       7.119664047892e-15       2.221860521322e-15 
  920       2.379032248128e-10       7.090347290396e-15       2.200447284918e-15 
  921       2.361873165183e-10       7.061178595433e-15       2.179106751065e-15 
  922       2.344751165716e-10       7.032156834844e-15       2.157840192373e-15 
  923       2.327671684243e-10       7.003280859615e-15       2.136648886411e-15 
  924       2.310640198319e-10       6.974549499802e-15       2.115534115709e-15 
  925       2.293662228645e-10       6.945961564466e-15       2.094497167771e-15 
  926       2.276743339184e-10       6.917515841601e-15       2.073539335073e-15 
  927       2.259889137270e-10       6.889211098070e-15       2.052661915079e-15 
  928       2.243105273717e-10       6.861046079530e-15       2.031866210238e-15 
  929       2.226397442937e-10       6.833019510366e-15       2.011153527999e-15 
  930       2.209771383046e-10       6.805130093622e-15       1.990525180812e-15 
  931       2.193232360715e-10       6.777376663752e-15       1.969982100938e-15 
  932       2.176783616633e-10       6.749758647641e-15       1.949523678243e-15 
  933       2.160427895883e-10       6.722275610673e-15       1.929148904191e-15 
  934       2.144167961034e-10       6.694927104529e-15       1.908856755338e-15 
  935       2.128006592183e-10       6.667712667128e-15       1.888646193286e-15 
  936       2.111946586992e-10       6.640631822591e-15       1.868516164642e-15 
  937       2.095990760733e-10       6.613684081181e-15       1.848465600963e-15 
  938       2.080141946324e-10       6.586868939266e-15       1.828493418713e-15 
  939       2.064402994373e-10       6.560185879263e-15       1.808598519218e-15 
  940       2.048776773214e-10       6.533634369594e-15       1.788779788617e-15 
  941       2.033266168951e-10       6.507213864640e-15       1.769036097815e-15 
  942       2.017874085497e-10       6.480923804687e-15       1.749366302436e-15 
  943       2.002603444614e-10       6.454763615885e-15       1.729769242779e-15 
  944       1.987457185953e-10       6.428732710195e-15       1.710243743767e-15 
  945       1.972438267096e-10       6.402830485346e-15       1.690788614903e-15 
  946       1.957549663593e-10       6.377056324780e-15       1.671402650225e-15 
  947       1.942794369005e-10       6.351409597613e-15       1.652084628253e-15 
  948       1.928175394946e-10       6.325889658580e-15       1.632833311948e-15 
  949       1.913695771117e-10       6.300495847990e-15       1.613647448663e-15 
  950       1.899358545354e-10       6.275227491680e-15       1.594525770098e-15 
  951       1.885166783661e-10       6.250083900962e-15       1.575466992248e-15 
  952       1.871123570255e-10       6.225064372582e-15       1.556469815362e-15 
  953       1.857232007607e-10       6.200168188666e-15       1.537532923895e-15 
  954       1.843495216477e-10       6.175394616675e-15       1.518654986459e-15 
  955       1.829916335960e-10       6.150742909358e-15       1.499834655776e-15 
  956       1.816498523522e-10       6.126212304700e-15       1.481070568636e-15 
  957       1.803244955044e-10       6.101802025881e-15       1.462361345844e-15 
  958       1.790158824858e-10       6.077511281223e-15       1.443705592177e-15 
  959       1.777243345793e-10       6.053339264141e-15       1.425101896337e-15 
  960       1.764501749209e-10       6.029285153101e-15       1.406548830902e-15 
  961       1.751937285041e-10       6.005348111567e-15       1.388044952282e-15 
  962       1.739553221840e-10       5.981527287954e-15       1.369588800670e-15 
  963       1.727352846809e-10       5.957821815584e-15       1.351178899997e-15 
  964       1.715339465850e-10       5.934230812634e-15       1.332813757883e-15 
  965       1.703516403596e-10       5.910753382087e-15       1.314491865592e-15 
  966       1.691887003459e-10       5.887388611689e-15       1.296211697986e-15 
  967       1.680454627665e-10       5.864135573899e-15       1.277971713474e-15 
  968       1.669222657298e-10       5.840993325840e-15       1.259770353972e-15 
  969       1.658194492336e-10       5.817960909251e-15       1.241606044849e-15 
  970       1.647373551696e-10       5.795037350443e-15       1.223477194884e-15 
  971       1.636762693229e-10       5.772221772137e-15       1.205383072542e-15 
  972       1.626362464078e-10       5.749513730944e-15       1.187326449324e-15 
  973       1.616172824085e-10       5.726912884866e-15       1.169310996086e-15 
  974       1.606193723412e-10       5.704418881836e-15       1.151340410377e-15 
  975       1.596425102511e-10       5.682031359682e-15       1.133418416511e-15 
  976       1.586866892085e-10       5.659749946093e-15       1.115548765630e-15 
  977       1.577519013060e-10       5.637574258588e-15       1.097735235766e-15 
  978       1.568381376548e-10       5.615503904478e-15       1.079981631909e-15 
  979       1.559453883815e-10       5.593538480837e-15       1.062291786069e-15 
  980       1.550736426248e-10       5.571677574465e-15       1.044669557343e-15 
  981       1.542228885321e-10       5.549920761856e-15       1.027118831977e-15 
  982       1.533931132559e-10       5.528267609165e-15       1.009643523432e-15 
  983       1.525843029510e-10       5.506717672172e-15       9.922475724509e-16 
  984       1.517964427706e-10       5.485270496250e-15       9.749349471178e-16 
  985       1.510295168633e-10       5.463925616332e-15       9.577096429274e-16 
  986       1.502835083698e-10       5.442682556876e-15       9.405756828476e-16 
  987       1.495583994190e-10       5.421540831833e-15       9.235371173843e-16 
  988       1.488541711255e-10       5.400499944610e-15       9.065980246462e-16 
  989       1.481708035855e-10       5.379559388042e-15       8.897625104093e-16 
  990       1.475082758739e-10       5.358718644353e-15       8.730347081816e-16 
  991       1.468665660408e-10       5.337977185124e-15       8.564187792677e-16 
  992       1.462456511081e-10       5.317334471262e-15       8.399189128336e-16 
  993       1.456455070663e-10       5.296789952962e-15       8.235393259709e-16 
  994       1.450661088710e-10       5.276343069678e-15       8.072842637618e-16 
  995       1.445074304397e-10       5.255993250085e-15       7.911579993436e-16 
  996       1.439694446484e-10       5.235739912049e-15       7.751648339734e-16 
  997       1.434521233281e-10       5.215582462590e-15       7.593090970925e-16 
  998       1.429554372617e-10       5.195520297853e-15       7.435951463913e-16 
  999       1.424793561805e-10       5.175552803068e-15       7.280273678737e-16 
 1000       1.420238487610e-10       5.155679352524e-15       7.126101759220e-16 
 1001       1.415888826212e-10       5.135899309527e-15       6.973480133612e-16 
 1002       1.411744243177e-10       5.116212026375e-15       6.822453515238e-16 
 1003       1.407804393421e-10       5.096616844317e-15       6.673066903144e-16 
 1004       1.404068921177e-10       5.077113093524e-15       6.525365582743e-16 
 1005       1.400537459962e-10       5.057700093054e-15       6.379395126462e-16 
 1006       1.397209632542e-10       5.038377150817e-15       6.235201394388e-16 
 1007       1.394085050902e-10       5.019143563545e-15       6.092830534914e-16 
 1008       1.391163316207e-10       4.999998616753e-15       5.952328985383e-16 
 1009       1.388444018773e-10       4.980941584711e-15       5.813743472739e-16 
 1010       1.385926738034e-10       4.961971730406e-15       5.677121014169e-16 
 1011       1.383610727988e-10       4.943088389568e-15       5.542497634528e-16 
 1012       1.381493968639e-10       4.924291224133e-15       5.409864338735e-16 
 1013       1.379574100784e-10       4.905579972371e-15       5.279200649014e-16 
 1014       1.377848739220e-10       4.886954365145e-15       5.150485842863e-16 
 1015       1.376315472670e-10       4.868414125880e-15       5.023698952378e-16 
 1016       1.374971863717e-10       4.849958970545e-15       4.898818763575e-16 
 1017       1.373815448729e-10       4.831588607624e-15       4.775823815713e-16 
 1018       1.372843737791e-10       4.813302738097e-15       4.654692400620e-16 
 1019       1.372054214635e-10       4.795101055413e-15       4.535402562008e-16 
 1020       1.371444336568e-10       4.776983245468e-15       4.417932094807e-16 
 1021       1.371011534405e-10       4.758948986581e-15       4.302258544477e-16 
 1022       1.370753212394e-10       4.740997949469e-15       4.188359206339e-16 
 1023       1.370666748149e-10       4.723129797226e-15       4.076211124892e-16 
 1024       1.370749492578e-10       4.705344185294e-15       3.965791093140e-16 
 1025       1.370998769814e-10       4.687640761446e-15       3.857075651914e-16 
 1026       1.371411877144e-10       4.670019165758e-15       3.750041089193e-16 
 1027       1.371986084937e-10       4.652479030585e-15       3.644663439428e-16 
 1028       1.372718636577e-10       4.635019980539e-15       3.540918482865e-16 
 1029       1.373606748391e-10       4.617641632464e-15       3.438781744869e-16 
 1030       1.374647609576e-10       4.600343595416e-15       3.338228495245e-16 
 1031       1.375838382134e-10       4.583125470631e-15       3.239233747559e-16 
 1032       1.377176200796e-10       4.565986851511e-15       3.141772258469e-16 
 1033       1.378658172958e-10       4.548927323592e-15       3.045818527036e-16 
 1034       1.380281378604e-10       4.531946464527e-15       2.951346794058e-16 
 1035       1.382042870239e-10       4.515043844056e-15       2.858331041385e-16 
 1036       1.383939672820e-10       4.498219023989e-15       2.766744991247e-16 
 1037       1.385968783682e-10       4.481471558174e-15       2.676562105573e-16 
 1038       1.388127172471e-10       4.464800992482e-15       2.587755585317e-16 
 1039       1.390411781072e-10       4.448206864777e-15       2.500298369778e-16 
 1040       1.392819523540e-10       4.431688704894e-15       2.414163135925e-16 
 1041       1.395347286025e-10       4.415246034616e-15       2.329322297720e-16 
 1042       1.397991926709e-10       4.398878367651e-15       2.245748005439e-16 
 1043       1.400750275729e-10       4.382585209605e-15       2.163412144997e-16 
 1044       1.403619135113e-10       4.366366057961e-15       2.082286337267e-16 
 1045       1.406595278702e-10       4.350220402056e-15       2.002341937410e-16 
 1046       1.409675452087e-10       4.334147723054e-15       1.923550034191e-16 
 1047       1.412856372533e-10       4.318147493924e-15       1.845881449303e-16 
 1048       1.416134728914e-10       4.302219179417e-15       1.769306736695e-16 
 1049       1.419507181635e-10       4.286362236041e-15       1.693796181887e-16 
 1050       1.422970362572e-10       4.270576112039e-15       1.619319801301e-16 
 1051       1.426520959129e-10       4.254860305131e-15       1.545851475628e-16 
 1052       1.430155967865e-10       4.239214536683e-15       1.473381414244e-16 
 1053       1.433872444256e-10       4.223638579912e-15       1.401903862715e-16 
 1054       1.437667418818e-10       4.208132202322e-15       1.331412984232e-16 
 1055       1.441537897046e-10       4.192695165685e-15       1.261902859378e-16 
 1056       1.445480859349e-10       4.177327226024e-15       1.193367485904e-16 
 1057       1.449493260995e-10       4.162028133596e-15       1.125800778498e-16 
 1058       1.453572032044e-10       4.146797632873e-15       1.059196568557e-16 
 1059       1.457714077290e-10       4.131635462526e-15       9.935486039596e-17 
 1060       1.461916276198e-10       4.116541355405e-15       9.288505488351e-17 
 1061       1.466175482846e-10       4.101515038528e-15       8.650959833379e-17 
 1062       1.470488525860e-10       4.086556233054e-15       8.022784034176e-17 
 1063       1.474852208354e-10       4.071664654274e-15       7.403912205904e-17 
 1064       1.479263307869e-10       4.056840011587e-15       6.794277617112e-17 
 1065       1.483718576314e-10       4.042082008489e-15       6.193812687449e-17 
 1066       1.488214739898e-10       4.027390342548e-15       5.602448985379e-17 
 1067       1.492748499079e-10       4.012764705395e-15       5.020117225898e-17 
 1068       1.497316528493e-10       3.998204782698e-15       4.446747268248e-17 
 1069       1.501915476899e-10       3.983710254151e-15       3.882268113633e-17 
 1070       1.506541967114e-10       3.969280793454e-15       3.326607902937e-17 
 1071       1.511192595955e-10       3.954916068293e-15       2.779693914433e-17 
 1072       1.515863934176e-10       3.940615740329e-15       2.241452561507e-17 
 1073       1.520552526407e-10       3.926379465174e-15       1.711809390365e-17 
 1074       1.525254891092e-10       3.912206892377e-15       1.190689077756e-17 
 1075       1.529967520429e-10       3.898097665405e-15       6.780154286831e-18 
 1076       1.534686880308e-10       3.884051421627e-15       1.737113741186e-18 
 1077       1.539409410252e-10       3.870067792295e-15      -3.223010312777e-18 
 1078       1.544131523352e-10       3.856146402528e-15      -8.101006114450e-18 
 1079       1.548849606208e-10       3.842286871293e-15      -1.289767071206e-17 
 1080       1.553560018867e-10       3.828488811388e-15      -1.761380998549e-17 
 1081       1.558259094764e-10       3.814751829425e-15      -2.225023866917e-17 
 1082       1.562943140656e-10       3.801075525813e-15      -2.680778037487e-17 
 1083       1.567608436568e-10       3.787459494739e-15      -3.128726761459e-17 
 1084       1.572251235723e-10       3.773903324151e-15      -3.568954182338e-17 
 1085       1.576867764489e-10       3.760406595742e-15      -4.001545338219e-17 
 1086       1.581454222312e-10       3.746968884929e-15      -4.426586164072e-17 
 1087       1.586006781657e-10       3.733589760840e-15      -4.844163494024e-17 
 1088       1.590521587947e-10       3.720268786294e-15      -5.254365063648e-17 
 1089       1.594994759503e-10       3.707005517782e-15      -5.657279512246e-17 
 1090       1.599422387478e-10       3.693799505455e-15      -6.052996385130e-17 
 1091       1.603800909440e-10       3.680650342667e-15      -6.441580471835e-17 
 1092       1.608128235710e-10       3.667557815397e-15      -6.822994439809e-17 
 1093       1.612402637983e-10       3.654521754796e-15      -7.197175169093e-17 
 1094       1.616622377038e-10       3.641541987790e-15      -7.564059322138e-17 
 1095       1.620785702710e-10       3.628618337065e-15      -7.923583343499e-17 
 1096       1.624890853871e-10       3.615750621060e-15      -8.275683459536e-17 
 1097       1.628936058401e-10       3.602938653947e-15      -8.620295678117e-17 
 1098       1.632919533171e-10       3.590182245623e-15      -8.957355788313e-17 
 1099       1.636839484013e-10       3.577481201698e-15      -9.286799360099e-17 
 1100       1.640694105701e-10       3.564835323481e-15      -9.608561744054e-17 
 1101       1.644481581923e-10       3.552244407967e-15      -9.922578071060e-17 
 1102       1.648200085264e-10       3.539708247826e-15      -1.022878325200e-16 
 1103       1.651847777175e-10       3.527226631389e-15      -1.052711197747e-16 
 1104       1.655422807954e-10       3.514799342636e-15      -1.081749871745e-16 
 1105       1.658923316722e-10       3.502426161186e-15      -1.109987772103e-16 
 1106       1.662347431398e-10       3.490106862280e-15      -1.137418301611e-16 
 1107       1.665693268676e-10       3.477841216772e-15      -1.164034840907e-16 
 1108       1.668958934001e-10       3.465628991114e-15      -1.189830748451e-16 
 1109       1.672142521547e-10       3.453469947346e-15      -1.214799360493e-16 
 1110       1.675242114191e-10       3.441363843082e-15      -1.238933991040e-16 
 1111       1.678255783494e-10       3.429310431499e-15      -1.262227931832e-16 
 1112       1.681181589669e-10       3.417309461320e-15      -1.284674452308e-16 
 1113       1.684017581566e-10       3.405360676809e-15      -1.306266799575e-16 
 1114       1.686761796644e-10       3.393463817751e-15      -1.326998198383e-16 
 1115       1.689412260950e-10       3.381618619445e-15      -1.346861851088e-16 
 1116       1.691966989090e-10       3.369824812689e-15      -1.365850937629e-16 
 1117       1.694423984212e-10       3.358082123766e-15      -1.383958615492e-16 
 1118       1.696781237980e-10       3.346390274435e-15      -1.401178019683e-16 
 1119       1.699036730549e-10       3.334748981918e-15      -1.417502262700e-16 
 1120       1.701188430541e-10       3.323157958883e-15      -1.432924434496e-16 
 1121       1.703234295025e-10       3.311616913439e-15      -1.447437602457e-16 
 1122       1.705172269491e-10       3.300125549116e-15      -1.461034811367e-16 
 1123       1.707000287825e-10       3.288683564858e-15      -1.473709083379e-16 
 1124       1.708716272289e-10       3.277290655007e-15      -1.485453417985e-16 
 1125       1.710318133493e-10       3.265946509293e-15      -1.496260791989e-16 
 1126       1.711803770378e-10       3.254650812820e-15      -1.506124159469e-16 
 1127       1.713171070183e-10       3.243403246053e-15      -1.515036451757e-16 
 1128       1.714417908431e-10       3.232203484808e-15      -1.522990577402e-16 
 1129       1.715542148898e-10       3.221051200237e-15      -1.529979422141e-16 
 1130       1.716541643596e-10       3.209946058817e-15      -1.535995848871e-16 
 1131       1.717414641919e-10       3.198887754718e-15      -1.541034535983e-16 
 1132       1.718161023946e-10       3.187876107398e-15      -1.545097518433e-16 
 1133       1.718781083028e-10       3.176910965244e-15      -1.548188718208e-16 
 1134       1.719275118076e-10       3.165992173297e-15      -1.550312112593e-16 
 1135       1.719643433571e-10       3.155119573239e-15      -1.551471734319e-16 
 1136       1.719886339582e-10       3.144293003390e-15      -1.551671671702e-16 
 1137       1.720004151780e-10       3.133512298692e-15      -1.550916068783e-16 
 1138       1.719997191451e-10       3.122777290702e-15      -1.549209125476e-16 
 1139       1.719865785515e-10       3.112087807585e-15      -1.546555097705e-16 
 1140       1.719610266535e-10       3.101443674100e-15      -1.542958297549e-16 
 1141       1.719230972736e-10       3.090844711594e-15      -1.538423093384e-16 
 1142       1.718728248018e-10       3.080290737991e-15      -1.532953910024e-16 
 1143       1.718102441974e-10       3.069781567784e-15      -1.526555228865e-16 
 1144       1.717353909898e-10       3.059317012021e-15      -1.519231588026e-16 
 1145       1.716483012805e-10       3.048896878303e-15      -1.510987582491e-16 
 1146       1.715490117447e-10       3.038520970769e-15      -1.501827864253e-16 
 1147       1.714375596323e-10       3.028189090087e-15      -1.491757142454e-16 
 1148       1.713139827696e-10       3.017901033447e-15      -1.480780183530e-16 
 1149       1.711783195608e-10       3.007656594550e-15      -1.468901811349e-16 
 1150       1.710306089897e-10       2.997455563599e-15      -1.456126907359e-16 
 1151       1.708708906205e-10       2.987297727287e-15      -1.442460410726e-16 
 1152       1.706992046002e-10       2.977182868793e-15      -1.427907318477e-16 
 1153       1.705155916591e-10       2.967110767766e-15      -1.412472685642e-16 
 1154       1.703200931131e-10       2.957081200322e-15      -1.396161625398e-16 
 1155       1.701127508649e-10       2.947093939030e-15      -1.378979309212e-16 
 1156       1.698936074050e-10       2.937148752903e-15      -1.360930966978e-16 
 1157       1.696627058140e-10       2.927245407390e-15      -1.342021887165e-16 
 1158       1.694200897635e-10       2.917383664368e-15      -1.322257416956e-16 
 1159       1.691658035178e-10       2.907563282129e-15      -1.301642962392e-16 
 1160       1.688998919353e-10       2.897784015370e-15      -1.280183988513e-16 
 1161       1.686224004699e-10       2.888045615189e-15      -1.257886019502e-16 
 1162       1.683333751727e-10       2.878347829071e-15      -1.234754638824e-16 
 1163       1.680328626934e-10       2.868690400880e-15      -1.210795489371e-16 
 1164       1.677209102815e-10       2.859073070848e-15      -1.186014273605e-16 
 1165       1.673975657882e-10       2.849495575568e-15      -1.160416753697e-16 
 1166       1.670628776677e-10       2.839957647983e-15      -1.134008751672e-16 
 1167       1.667168949785e-10       2.830459017377e-15      -1.106796149551e-16 
 1168       1.663596673850e-10       2.820999409365e-15      -1.078784889490e-16 
 1169       1.659912451593e-10       2.811578545885e-15      -1.049980973928e-16 
 1170       1.656116791820e-10       2.802196145187e-15      -1.020390465725e-16 
 1171       1.652210419633e-10       2.792851950989e-15      -9.900227955355e-17 
 1172       1.648194909879e-10       2.783545820365e-15      -9.589007288330e-17 
 1173       1.644072061635e-10       2.774277636938e-15      -9.270505235694e-17 
 1174       1.639843688764e-10       2.765047281802e-15      -8.944986346580e-17 
 1175       1.635511619955e-10       2.755854633519e-15      -8.612717144047e-17 
 1176       1.631077698751e-10       2.746699568111e-15      -8.273966129399e-17 
 1177       1.626543783585e-10       2.737581959052e-15      -7.929003786497e-17 
 1178       1.621911747811e-10       2.728501677265e-15      -7.578102586071e-17 
 1179       1.617183479737e-10       2.719458591109e-15      -7.221536990040e-17 
 1180       1.612360882661e-10       2.710452566378e-15      -6.859583455821e-17 
 1181       1.607445874902e-10       2.701483466288e-15      -6.492520440648e-17 
 1182       1.602440389834e-10       2.692551151478e-15      -6.120628405880e-17 
 1183       1.597346375916e-10       2.683655479994e-15      -5.744189821323e-17 
 1184       1.592165796732e-10       2.674796307291e-15      -5.363489169539e-17 
 1185       1.586900631015e-10       2.665973486218e-15      -4.978812950162e-17 
 1186       1.581552872690e-10       2.657186867017e-15      -4.590449684213e-17 
 1187       1.576124530898e-10       2.648436297314e-15      -4.198689918412e-17 
 1188       1.570617630036e-10       2.639721622112e-15      -3.803826229496e-17 
 1189       1.565034209786e-10       2.631042683782e-15      -3.406153228530e-17 
 1190       1.559376325151e-10       2.622399322062e-15      -3.005967565223e-17 
 1191       1.553646046485e-10       2.613791374043e-15      -2.603567932243e-17 
 1192       1.547845459530e-10       2.605218674168e-15      -2.199255069529e-17 
 1193       1.541976665445e-10       2.596681054220e-15      -1.793331768607e-17 
 1194       1.536041780843e-10       2.588178343319e-15      -1.386102876906e-17 
 1195       1.530042937820e-10       2.579710367914e-15      -9.778753020679e-18 
 1196       1.523982283992e-10       2.571276951776e-15      -5.689580162659e-18 
 1197       1.517861982527e-10       2.562877915989e-15      -1.596620605169e-18 
 1198       1.511684212177e-10       2.554513078947e-15       2.496994510035e-18 
 1199       1.505451167311e-10       2.546182256345e-15       6.588113266470e-18 
 1200       1.499165057951e-10       2.537885261169e-15       1.067356292978e-17 
 1201       1.492828109801e-10       2.529621903698e-15       1.475014990459e-17 
 1202       1.486442564285e-10       2.521391991485e-15       1.881465969137e-17 
 1203       1.480010678574e-10       2.513195329362e-15       2.286385684329e-17 
 1204       1.473534725626e-10       2.505031719423e-15       2.689448492306e-17 
 1205       1.467016994212e-10       2.496900961025e-15       3.090326645982e-17 
 1206       1.460459788957e-10       2.488802850775e-15       3.488690290597e-17 
 1207       1.453865430365e-10       2.480737182529e-15       3.884207459401e-17 
 1208       1.447236254859e-10       2.472703747378e-15       4.276544069346e-17 
 1209       1.440574614810e-10       2.464702333649e-15       4.665363916764e-17 
 1210       1.433882878572e-10       2.456732726891e-15       5.050328673059e-17 
 1211       1.427163359184e-10       2.448794730611e-15       5.431184202499e-17 
 1212       1.420418099481e-10       2.440888228758e-15       5.808020664746e-17 
 1213       1.413649084453e-10       2.433013123977e-15       6.181015543269e-17 
 1214       1.406858312373e-10       2.425169316937e-15       6.550347610750e-17 
 1215       1.400047794820e-10       2.417356706323e-15       6.916196931826e-17 
 1216       1.393219556704e-10       2.409575188829e-15       7.278744865835e-17 
 1217       1.386375636302e-10       2.401824659159e-15       7.638174069558e-17 
 1218       1.379518085275e-10       2.394105010015e-15       7.994668499961e-17 
 1219       1.372648968702e-10       2.386416132096e-15       8.348413416938e-17 
 1220       1.365770365106e-10       2.378757914091e-15       8.699595386059e-17 
 1221       1.358884366480e-10       2.371130242676e-15       9.048402281306e-17 
 1222       1.351993078316e-10       2.363533002506e-15       9.395023287822e-17 
 1223       1.345098619629e-10       2.355966076209e-15       9.739648904651e-17 
 1224       1.338203122988e-10       2.348429344386e-15       1.008247094748e-16 
 1225       1.331308734543e-10       2.340922685601e-15       1.042368255140e-16 
 1226       1.324417614050e-10       2.333445976377e-15       1.076347817361e-16 
 1227       1.317531934900e-10       2.325999091191e-15       1.110205359619e-16 
 1228       1.310653884145e-10       2.318581902470e-15       1.143960592886e-16 
 1229       1.303785662528e-10       2.311194280584e-15       1.177633361168e-16 
 1230       1.296929484507e-10       2.303836093841e-15       1.211243641781e-16 
 1231       1.290087578283e-10       2.296507208482e-15       1.244811545629e-16 
 1232       1.283262185831e-10       2.289207488677e-15       1.278357317471e-16 
 1233       1.276455562922e-10       2.281936796519e-15       1.311901336202e-16 
 1234       1.269669979153e-10       2.274694992017e-15       1.345464115124e-16 
 1235       1.262907717975e-10       2.267481933094e-15       1.379066302222e-16 
 1236       1.256171076718e-10       2.260297475579e-15       1.412728680437e-16 
 1237       1.249462366621e-10       2.253141473204e-15       1.446472167940e-16 
 1238       1.242783912858e-10       2.246013777596e-15       1.480317818407e-16 
 1239       1.236138054563e-10       2.238914238276e-15       1.514286821295e-16 
 1240       1.229527144862e-10       2.231842702649e-15       1.548400502114e-16 
 1241       1.222953550897e-10       2.224799016003e-15       1.582680322700e-16 
 1242       1.216419653854e-10       2.217783021500e-15       1.617147881495e-16 
 1243       1.209927848991e-10       2.210794560174e-15       1.651824913815e-16 
 1244       1.203480545665e-10       2.203833470923e-15       1.686733292128e-16 
 1245       1.197080167357e-10       2.196899590508e-15       1.721895026326e-16 
 1246       1.190729151704e-10       2.189992753543e-15       1.757332264004e-16 
 1247       1.184429950522e-10       2.183112792492e-15       1.793067290728e-16 
 1248       1.178185029837e-10       2.176259537663e-15       1.829122530313e-16 
 1249       1.171996869907e-10       2.169432817204e-15       1.865520545097e-16 
 1250       1.165867965257e-10       2.162632457098e-15       1.902284036215e-16 
 1251       1.159800560864e-10       2.155858297303e-15       1.939429426910e-16 
 1252       1.153795857310e-10       2.149110240392e-15       1.976947529850e-16 
 1253       1.147854796399e-10       2.142388203472e-15       2.014822654440e-16 
 1254       1.141978324157e-10       2.135692102084e-15       2.053039003081e-16 
 1255       1.136167390834e-10       2.129021850200e-15       2.091580670944e-16 
 1256       1.130422950918e-10       2.122377360219e-15       2.130431645760e-16 
 1257       1.124745963136e-10       2.115758542962e-15       2.169575807596e-16 
 1258       1.119137390465e-10       2.109165307669e-15       2.208996928646e-16 
 1259       1.113598200139e-10       2.102597561995e-15       2.248678673004e-16 
 1260       1.108129363653e-10       2.096055212006e-15       2.288604596457e-16 
 1261       1.102731856772e-10       2.089538162172e-15       2.328758146257e-16 
 1262       1.097406659541e-10       2.083046315370e-15       2.369122660913e-16 
 1263       1.092154756287e-10       2.076579572873e-15       2.409681369968e-16 
 1264       1.086977135628e-10       2.070137834350e-15       2.450417393783e-16 
 1265       1.081874790481e-10       2.063720997859e-15       2.491313743322e-16 
 1266       1.076848718069e-10       2.057328959848e-15       2.532353319930e-16 
 1267       1.071899919928e-10       2.050961615146e-15       2.573518915120e-16 
 1268       1.067029401912e-10       2.044618856960e-15       2.614793210356e-16 
 1269       1.062238174203e-10       2.038300576873e-15       2.656158776829e-16 
 1270       1.057527251318e-10       2.032006664840e-15       2.697598075250e-16 
 1271       1.052897652113e-10       2.025737009182e-15       2.739093455623e-16 
 1272       1.048350399792e-10       2.019491496583e-15       2.780627157033e-16 
 1273       1.043886521917e-10       2.013270012085e-15       2.822181307428e-16 
 1274       1.039507050409e-10       2.007072439087e-15       2.863737923402e-16 
 1275       1.035213021561e-10       2.000898659338e-15       2.905278909975e-16 
 1276       1.031005476039e-10       1.994748552934e-15       2.946786060379e-16 
 1277       1.026885458898e-10       1.988621998315e-15       2.988241055838e-16 
 1278       1.022854019578e-10       1.982518872260e-15       3.029625465354e-16 
 1279       1.018912211920e-10       1.976439049882e-15       3.070920745486e-16 
 1280       1.015061094170e-10       1.970382404627e-15       3.112108240133e-16 
 1281       1.011301728984e-10       1.964348808266e-15       3.153169180322e-16 
 1282       1.007635183438e-10       1.958338130896e-15       3.194084683982e-16 
 1283       1.004062529035e-10       1.952350240930e-15       3.234835755736e-16 
 1284       1.000584841711e-10       1.946385005100e-15       3.275403286674e-16 
 1285       9.972032018400e-11       1.940442288446e-15       3.315768054146e-16 
 1286       9.939186942466e-11       1.934521954318e-15       3.355910721535e-16 
 1287       9.907324082082e-11       1.928623864367e-15       3.395811838046e-16 
 1288       9.876454374641e-11       1.922747878546e-15       3.435451838487e-16 
 1289       9.846588802223e-11       1.916893855101e-15       3.474811043051e-16 
 1290       9.817738391667e-11       1.911061650571e-15       3.513869657099e-16 
 1291       9.789911500814e-11       1.905251133576e-15       3.552609470141e-16 
 1292       9.763105643473e-11       1.899462226371e-15       3.591018974271e-16 
 1293       9.737315572016e-11       1.893694863754e-15       3.629088303265e-16 
 1294       9.712535982686e-11       1.887948979315e-15       3.666807538545e-16 
 1295       9.688761515464e-11       1.882224505429e-15       3.704166709087e-16 
 1296       9.665986753952e-11       1.876521373256e-15       3.741155791320e-16 
 1297       9.644206225246e-11       1.870839512736e-15       3.777764709040e-16 
 1298       9.623414399811e-11       1.865178852587e-15       3.813983333305e-16 
 1299       9.603605691357e-11       1.859539320303e-15       3.849801482346e-16 
 1300       9.584774456717e-11       1.853920842149e-15       3.885208921473e-16 
 1301       9.566914995719e-11       1.848323343159e-15       3.920195362974e-16 
 1302       9.550021551066e-11       1.842746747133e-15       3.954750466026e-16 
 1303       9.534088308205e-11       1.837190976635e-15       3.988863836596e-16 
 1304       9.519109395211e-11       1.831655952986e-15       4.022525027347e-16 
 1305       9.505078882658e-11       1.826141596269e-15       4.055723537544e-16 
 1306       9.491990783493e-11       1.820647825315e-15       4.088448812958e-16 
 1307       9.479839052915e-11       1.815174557712e-15       4.120690245772e-16 
 1308       9.468617588252e-11       1.809721709792e-15       4.152437174483e-16 
 1309       9.458320228832e-11       1.804289196633e-15       4.183678883809e-16 
 1310       9.448940755861e-11       1.798876932056e-15       4.214404604596e-16 
 1311       9.440472892300e-11       1.793484828621e-15       4.244603513720e-16 
 1312       9.432910302738e-11       1.788112797623e-15       4.274264733990e-16 
 1313       9.426246593272e-11       1.782760749091e-15       4.303377334060e-16 
 1314       9.420475311377e-11       1.777428591784e-15       4.331930328326e-16 
 1315       9.415589945786e-11       1.772116233188e-15       4.359912676837e-16 
 1316       9.411583926363e-11       1.766823579515e-15       4.387313285195e-16 
 1317       9.408450623982e-11       1.761550535694e-15       4.414121004465e-16 
 1318       9.406183350399e-11       1.756297005377e-15       4.440324631075e-16 
 1319       9.404775358130e-11       1.751062890929e-15       4.465912906724e-16 
 1320       9.404219840325e-11       1.745848093426e-15       4.490874518286e-16 
 1321       9.404509930647e-11       1.740652512656e-15       4.515198097717e-16 
 1322       9.405638703143e-11       1.735476047111e-15       4.538872221954e-16 
 1323       9.407599172123e-11       1.730318593989e-15       4.561885412827e-16 
 1324       9.410384292036e-11       1.725180049184e-15       4.584226136961e-16 
 1325       9.413986957343e-11       1.720060307292e-15       4.605882805679e-16 
 1326       9.418400002395e-11       1.714959261602e-15       4.626843774909e-16 
 1327       9.423616201307e-11       1.709876804091e-15       4.647097345089e-16 
 1328       9.429628267836e-11       1.704812825430e-15       4.666631761073e-16 
 1329       9.436428855254e-11       1.699767214970e-15       4.685435212032e-16 
 1330       9.444010556225e-11       1.694739860749e-15       4.703495831363e-16 
 1331       9.452364696685e-11       1.689730659688e-15       4.720806871899e-16 
 1332       9.461477703227e-11       1.684739548330e-15       4.737382293945e-16 
 1333       9.471334695561e-11       1.679766472436e-15       4.753241348297e-16 
 1334       9.481920688689e-11       1.674811376807e-15       4.768403416721e-16 
 1335       9.493220592691e-11       1.669874205279e-15       4.782888012211e-16 
 1336       9.505219212526e-11       1.664954900726e-15       4.796714779244e-16 
 1337       9.517901247824e-11       1.660053405051e-15       4.809903494034e-16 
 1338       9.531251292678e-11       1.655169659192e-15       4.822474064790e-16 
 1339       9.545253835441e-11       1.650303603111e-15       4.834446531967e-16 
 1340       9.559893258520e-11       1.645455175797e-15       4.845841068524e-16 
 1341       9.575153838166e-11       1.640624315263e-15       4.856677980181e-16 
 1342       9.591019744274e-11       1.635810958543e-15       4.866977705670e-16 
 1343       9.607475040172e-11       1.631015041690e-15       4.876760816991e-16 
 1344       9.624503682417e-11       1.626236499774e-15       4.886048019671e-16 
 1345       9.642089520592e-11       1.621475266877e-15       4.894860153017e-16 
 1346       9.660216297093e-11       1.616731276096e-15       4.903218190367e-16 
 1347       9.678867646932e-11       1.612004459536e-15       4.911143239353e-16 
 1348       9.698027097522e-11       1.607294748310e-15       4.918656542151e-16 
 1349       9.717678068478e-11       1.602602072536e-15       4.925779475738e-16 
 1350       9.737803871409e-11       1.597926361335e-15       4.932533552145e-16 
 1351       9.758387709709e-11       1.593267542828e-15       4.938940418717e-16 
 1352       9.779412678355e-11       1.588625544134e-15       4.945021858362e-16 
 1353       9.800861763702e-11       1.584000291370e-15       4.950799789813e-16 
 1354       9.822717843271e-11       1.579391709645e-15       4.956296267875e-16 
 1355       9.844963685548e-11       1.574799723059e-15       4.961533483690e-16 
 1356       9.867581949779e-11       1.570224254702e-15       4.966533764984e-16 
 1357       9.890555185759e-11       1.565665226651e-15       4.971319576326e-16 
 1358       9.913865833632e-11       1.561122559967e-15       4.975913519383e-16 
 1359       9.937496223678e-11       1.556596174692e-15       4.980338333174e-16 
 1360       9.961428576116e-11       1.552085989850e-15       4.984616894327e-16 
 1361       9.985645000890e-11       1.547591923443e-15       4.988772217333e-16 
 1362       1.001012749747e-10       1.543113892445e-15       4.992827454801e-16 
 1363       1.003485795463e-10       1.538651812807e-15       4.996805897714e-16 
 1364       1.005981815028e-10       1.534205599448e-15       5.000730975684e-16 
 1365       1.008498975120e-10       1.529775166256e-15       5.004626257206e-16 
 1366       1.011035431290e-10       1.525360426086e-15       5.008515449918e-16 
 1367       1.013589327937e-10       1.520961290757e-15       5.012422400847e-16 
 1368       1.016158798288e-10       1.516577671048e-15       5.016371096675e-16 
 1369       1.018741964378e-10       1.512209476698e-15       5.020385663987e-16 
 1370       1.021336937032e-10       1.507856616405e-15       5.024490369527e-16 
 1371       1.023941893884e-10       1.503519006074e-15       5.028702984091e-16 
 1372       1.026555314406e-10       1.499196593689e-15       5.033014796240e-16 
 1373       1.029175747346e-10       1.494889334700e-15       5.037410385920e-16 
 1374       1.031801732897e-10       1.490597183799e-15       5.041874241323e-16 
 1375       1.034431802683e-10       1.486320094913e-15       5.046390758713e-16 
 1376       1.037064479738e-10       1.482058021201e-15       5.050944242263e-16 
 1377       1.039698278496e-10       1.477810915057e-15       5.055518903884e-16 
 1378       1.042331704772e-10       1.473578728103e-15       5.060098863057e-16 
 1379       1.044963255749e-10       1.469361411192e-15       5.064668146665e-16 
 1380       1.047591419957e-10       1.465158914404e-15       5.069210688827e-16 
 1381       1.050214677266e-10       1.460971187041e-15       5.073710330727e-16 
 1382       1.052831498862e-10       1.456798177634e-15       5.078150820446e-16 
 1383       1.055440347236e-10       1.452639833930e-15       5.082515812796e-16 
 1384       1.058039676169e-10       1.448496102900e-15       5.086788869150e-16 
 1385       1.060627930713e-10       1.444366930731e-15       5.090953457276e-16 
 1386       1.063203547176e-10       1.440252262828e-15       5.094992951164e-16 
 1387       1.065764953111e-10       1.436152043809e-15       5.098890630866e-16 
 1388       1.068310567294e-10       1.432066217507e-15       5.102629682318e-16 
 1389       1.070838799712e-10       1.427994726964e-15       5.106193197180e-16 
 1390       1.073348051547e-10       1.423937514432e-15       5.109564172665e-16 
 1391       1.075836715160e-10       1.419894521372e-15       5.112725511368e-16 
 1392       1.078303174075e-10       1.415865688449e-15       5.115660021103e-16 
 1393       1.080745802965e-10       1.411850955533e-15       5.118350414732e-16 
 1394       1.083162967634e-10       1.407850261696e-15       5.120779309995e-16 
 1395       1.085553025002e-10       1.403863545210e-15       5.122929229346e-16 
 1396       1.087914323093e-10       1.399890743548e-15       5.124782599783e-16 
 1397       1.090245201012e-10       1.395931793377e-15       5.126321752680e-16 
 1398       1.092543988937e-10       1.391986630561e-15       5.127528923616e-16 
 1399       1.094809008100e-10       1.388055190157e-15       5.128386252212e-16 
 1400       1.097038570770e-10       1.384137406415e-15       5.128875781960e-16 
 1401       1.099230980240e-10       1.380233212772e-15       5.128979460054e-16 
 1402       1.101384530809e-10       1.376342541856e-15       5.128679137224e-16 
 1403       1.103497507770e-10       1.372465325481e-15       5.127956567566e-16 
 1404       1.105568187389e-10       1.368601494643e-15       5.126793408377e-16 
 1405       1.107594836895e-10       1.364750979525e-15       5.125171219981e-16 
 1406       1.109575714462e-10       1.360913709488e-15       5.123071465567e-16 
 1407       1.111509069190e-10       1.357089613073e-15       5.120475511017e-16 
 1408       1.113393141097e-10       1.353278618000e-15       5.117364624741e-16 
 1409       1.115226161095e-10       1.349480651162e-15       5.113719977505e-16 
 1410       1.117006350981e-10       1.345695638630e-15       5.109522642265e-16 
 1411       1.118732126296e-10       1.341923512199e-15       5.104758856387e-16 
 1412       1.120402707246e-10       1.338164229133e-15       5.099435868310e-16 
 1413       1.122017514083e-10       1.334417752623e-15       5.093566254790e-16 
 1414       1.123575964796e-10       1.330684045252e-15       5.087162673558e-16 
 1415       1.125077475113e-10       1.326963068990e-15       5.080237863479e-16 
 1416       1.126521458489e-10       1.323254785199e-15       5.072804644689e-16 
 1417       1.127907326112e-10       1.319559154622e-15       5.064875918753e-16 
 1418       1.129234486891e-10       1.315876137392e-15       5.056464668810e-16 
 1419       1.130502347460e-10       1.312205693022e-15       5.047583959720e-16 
 1420       1.131710312169e-10       1.308547780409e-15       5.038246938218e-16 
 1421       1.132857783083e-10       1.304902357831e-15       5.028466833059e-16 
 1422       1.133944159981e-10       1.301269382946e-15       5.018256955165e-16 
 1423       1.134968840347e-10       1.297648812789e-15       5.007630697780e-16 
 1424       1.135931219372e-10       1.294040603773e-15       4.996601536613e-16 
 1425       1.136830689945e-10       1.290444711684e-15       4.985183029991e-16 
 1426       1.137666642657e-10       1.286861091686e-15       4.973388819003e-16 
 1427       1.138438465791e-10       1.283289698313e-15       4.961232627655e-16 
 1428       1.139145545321e-10       1.279730485470e-15       4.948728263014e-16 
 1429       1.139787264910e-10       1.276183406435e-15       4.935889615357e-16 
 1430       1.140363005905e-10       1.272648413851e-15       4.922730658323e-16 
 1431       1.140872147332e-10       1.269125459730e-15       4.909265449060e-16 
 1432       1.141314065898e-10       1.265614495450e-15       4.895508128372e-16 
 1433       1.141688135981e-10       1.262115471754e-15       4.881472920872e-16 
 1434       1.141993729631e-10       1.258628338746e-15       4.867174135126e-16 
 1435       1.142230216565e-10       1.255153045894e-15       4.852626163806e-16 
 1436       1.142396964164e-10       1.251689542025e-15       4.837843483836e-16 
 1437       1.142493337471e-10       1.248237775325e-15       4.822840656542e-16 
 1438       1.142518699184e-10       1.244797693340e-15       4.807632327801e-16 
 1439       1.142472409656e-10       1.241369242968e-15       4.792233228189e-16 
 1440       1.142353826889e-10       1.237952370466e-15       4.776658173131e-16 
 1441       1.142162306533e-10       1.234547021442e-15       4.760922063048e-16 
 1442       1.141897201882e-10       1.231153140858e-15       4.745039883508e-16 
 1443       1.141557863870e-10       1.227770673025e-15       4.729026705373e-16 
 1444       1.141143641067e-10       1.224399561603e-15       4.712897684948e-16 
 1445       1.140653879676e-10       1.221039749604e-15       4.696668064132e-16 
 1446       1.140087923532e-10       1.217691179381e-15       4.680353170564e-16 
 1447       1.139445114095e-10       1.214353792638e-15       4.663968417772e-16 
 1448       1.138724790448e-10       1.211027530418e-15       4.647529305326e-16 
 1449       1.137926289295e-10       1.207712333109e-15       4.631051418980e-16 
 1450       1.137048944955e-10       1.204408140441e-15       4.614550430826e-16 
 1451       1.136092283552e-10       1.201114896733e-15       4.598038903474e-16 
 1452       1.135056607722e-10       1.197832566711e-15       4.581516667063e-16 
 1453       1.133942417790e-10       1.194561119847e-15       4.564980345548e-16 
 1454       1.132750218125e-10       1.191300525123e-15       4.548426543839e-16 
 1455       1.131480517146e-10       1.188050751032e-15       4.531851847765e-16 
 1456       1.130133827328e-10       1.184811765572e-15       4.515252824039e-16 
 1457       1.128710665213e-10       1.181583536249e-15       4.498626020228e-16 
 1458       1.127211551414e-10       1.178366030074e-15       4.481967964718e-16 
 1459       1.125637010626e-10       1.175159213563e-15       4.465275166680e-16 
 1460       1.123987571633e-10       1.171963052735e-15       4.448544116041e-16 
 1461       1.122263767312e-10       1.168777513113e-15       4.431771283444e-16 
 1462       1.120466134646e-10       1.165602559719e-15       4.414953120220e-16 
 1463       1.118595214729e-10       1.162438157075e-15       4.398086058354e-16 
 1464       1.116651552774e-10       1.159284269205e-15       4.381166510450e-16 
 1465       1.114635698119e-10       1.156140859629e-15       4.364190869698e-16 
 1466       1.112548204238e-10       1.153007891364e-15       4.347155509845e-16 
 1467       1.110389628746e-10       1.149885326923e-15       4.330056785153e-16 
 1468       1.108160533407e-10       1.146773128314e-15       4.312891030376e-16 
 1469       1.105861484144e-10       1.143671257039e-15       4.295654560719e-16 
 1470       1.103493051044e-10       1.140579674094e-15       4.278343671810e-16 
 1471       1.101055808366e-10       1.137498339963e-15       4.260954639661e-16 
 1472       1.098550334550e-10       1.134427214625e-15       4.243483720642e-16 
 1473       1.095977212223e-10       1.131366257544e-15       4.225927151442e-16 
 1474       1.093337028209e-10       1.128315427677e-15       4.208281149038e-16 
 1475       1.090630373534e-10       1.125274683464e-15       4.190541910662e-16 
 1476       1.087857843435e-10       1.122243982835e-15       4.172705613767e-16 
 1477       1.085020037368e-10       1.119223283203e-15       4.154768415994e-16 
 1478       1.082117559015e-10       1.116212541465e-15       4.136726455140e-16 
 1479       1.079151016293e-10       1.113211714003e-15       4.118575849122e-16 
 1480       1.076121021357e-10       1.110220756679e-15       4.100312695947e-16 
 1481       1.073028190617e-10       1.107239624837e-15       4.081933073677e-16 
 1482       1.069873144734e-10       1.104268273300e-15       4.063433040395e-16 
 1483       1.066656508637e-10       1.101306656370e-15       4.044808634174e-16 
 1484       1.063378911526e-10       1.098354727829e-15       4.026055873042e-16 
 1485       1.060040986882e-10       1.095412440931e-15       4.007170754949e-16 
 1486       1.056643372472e-10       1.092479748410e-15       3.988149257735e-16 
 1487       1.053186710360e-10       1.089556602472e-15       3.968987339097e-16 
 1488       1.049671646911e-10       1.086642954797e-15       3.949680936552e-16 
 1489       1.046098832801e-10       1.083738756538e-15       3.930225967408e-16 
 1490       1.042468923026e-10       1.080843958318e-15       3.910618328730e-16 
 1491       1.038782656435e-10       1.077958514444e-15       3.890854104709e-16 
 1492       1.035041095183e-10       1.075082395582e-15       3.870930191075e-16 
 1493       1.031245387645e-10       1.072215576205e-15       3.850843676743e-16 
 1494       1.027396689110e-10       1.069358030388e-15       3.830591636946e-16 
 1495       1.023496161795e-10       1.066509731807e-15       3.810171133210e-16 
 1496       1.019544974857e-10       1.063670653740e-15       3.789579213332e-16 
 1497       1.015544304402e-10       1.060840769067e-15       3.768812911361e-16 
 1498       1.011495333500e-10       1.058020050265e-15       3.747869247573e-16 
 1499       1.007399252197e-10       1.055208469411e-15       3.726745228450e-16 
 1500       1.003257257523e-10       1.052405998179e-15       3.705437846659e-16 
 1501       9.990705535105e-11       1.049612607841e-15       3.683944081026e-16 
 1502       9.948403512002e-11       1.046828269265e-15       3.662260896521e-16 
 1503       9.905678686566e-11       1.044052952913e-15       3.640385244228e-16 
 1504       9.862543309789e-11       1.041286628842e-15       3.618314061328e-16 
 1505       9.819009703127e-11       1.038529266705e-15       3.596044271077e-16 
 1506       9.775090258625e-11       1.035780835743e-15       3.573572782782e-16 
 1507       9.730797439033e-11       1.033041304794e-15       3.550896491779e-16 
 1508       9.686143777927e-11       1.030310642284e-15       3.528012279411e-16 
 1509       9.641141879829e-11       1.027588816230e-15       3.504917013010e-16 
 1510       9.595804420323e-11       1.024875794238e-15       3.481607545868e-16 
 1511       9.550144146179e-11       1.022171543503e-15       3.458080717221e-16 
 1512       9.504173875472e-11       1.019476030808e-15       3.434333352222e-16 
 1513       9.457906497697e-11       1.016789222521e-15       3.410362261923e-16 
 1514       9.411354973896e-11       1.014111084599e-15       3.386164243253e-16 
 1515       9.364532336770e-11       1.011441582583e-15       3.361736078991e-16 
 1516       9.317451690804e-11       1.008780681596e-15       3.337074537750e-16 
 1517       9.270126212383e-11       1.006128346348e-15       3.312176373953e-16 
 1518       9.222569149916e-11       1.003484541129e-15       3.287038327806e-16 
 1519       9.174793823949e-11       1.000849229812e-15       3.261657125286e-16 
 1520       9.126813627291e-11       9.982223758515e-16       3.236029478110e-16 
 1521       9.078642025129e-11       9.956039422804e-16       3.210152083715e-16 
 1522       9.030292555151e-11       9.929938917120e-16       3.184021625241e-16 
 1523       8.981778827663e-11       9.903921863379e-16       3.157634771502e-16 
 1524       8.933114525709e-11       9.877987879270e-16       3.130988176969e-16 
 1525       8.884313405192e-11       9.852136578251e-16       3.104078481745e-16 
 1526       8.835389294992e-11       9.826367569538e-16       3.076902311545e-16 
 1527       8.786356097086e-11       9.800680458096e-16       3.049456277672e-16 
 1528       8.737227786668e-11       9.775074844635e-16       3.021736976997e-16 
 1529       8.688018412268e-11       9.749550325595e-16       2.993740991935e-16 
 1530       8.638742095873e-11       9.724106493142e-16       2.965464890426e-16 
 1531       8.589412414354e-11       9.698742969527e-16       2.936909122911e-16 
 1532       8.540040537057e-11       9.673459510534e-16       2.908089754055e-16 
 1533       8.490637070661e-11       9.648255903004e-16       2.879026843069e-16 
 1534       8.441212676334e-11       9.623131930547e-16       2.849740557057e-16 
 1535       8.391778069825e-11       9.598087373539e-16       2.820251171192e-16 
 1536       8.342344021554e-11       9.573122009112e-16       2.790579068899e-16 
 1537       8.292921356693e-11       9.548235611152e-16       2.760744742023e-16 
 1538       8.243520955263e-11       9.523427950286e-16       2.730768791015e-16 
 1539       8.194153752213e-11       9.498698793880e-16       2.700671925105e-16 
 1540       8.144830737514e-11       9.474047906032e-16       2.670474962479e-16 
 1541       8.095562956244e-11       9.449475047562e-16       2.640198830458e-16 
 1542       8.046361508678e-11       9.424979976009e-16       2.609864565675e-16 
 1543       7.997237550372e-11       9.400562445622e-16       2.579493314252e-16 
 1544       7.948202292257e-11       9.376222207356e-16       2.549106331979e-16 
 1545       7.899267000720e-11       9.351959008861e-16       2.518724984487e-16 
 1546       7.850442997699e-11       9.327772594480e-16       2.488370747431e-16 
 1547       7.801741660763e-11       9.303662705238e-16       2.458065206662e-16 
 1548       7.753174423209e-11       9.279629078839e-16       2.427830058409e-16 
 1549       7.704752774140e-11       9.255671449658e-16       2.397687109453e-16 
 1550       7.656488258562e-11       9.231789548732e-16       2.367658277306e-16 
 1551       7.608392477466e-11       9.207983103757e-16       2.337765590389e-16 
 1552       7.560477087919e-11       9.184251839080e-16       2.308031188206e-16 
 1553       7.512753803147e-11       9.160595475690e-16       2.278477321526e-16 
 1554       7.465234392632e-11       9.137013731216e-16       2.249126352556e-16 
 1555       7.417930682191e-11       9.113506319915e-16       2.220000755121e-16 
 1556       7.370854554068e-11       9.090072952669e-16       2.191123114841e-16 
 1557       7.324017947021e-11       9.066713336979e-16       2.162516129309e-16 
 1558       7.277432856411e-11       9.043427176952e-16       2.134202608264e-16 
 1559       7.231111334289e-11       9.020214173304e-16       2.106205473776e-16 
 1560       7.185065489483e-11       8.997074023345e-16       2.078547760417e-16 
 1561       7.139307487688e-11       8.974006420976e-16       2.051252615439e-16 
 1562       7.093849551551e-11       8.951011056682e-16       2.024343298954e-16 
 1563       7.048703960764e-11       8.928087617526e-16       1.997843184112e-16 
 1564       7.003883052145e-11       8.905235787140e-16       1.971775757274e-16 
 1565       6.959399219731e-11       8.882455245720e-16       1.946164618192e-16 
 1566       6.915264914866e-11       8.859745670019e-16       1.921033480187e-16 
 1567       6.871492646284e-11       8.837106733342e-16       1.896406170325e-16 
 1568       6.828094980202e-11       8.814538105536e-16       1.872306629595e-16 
 1569       6.785084540407e-11       8.792039452984e-16       1.848758913085e-16 
 1570       6.742474008341e-11       8.769610438601e-16       1.825787190164e-16 
 1571       6.700274667773e-11       8.747250749337e-16       1.803408197848e-16 
 1572       6.658492023806e-11       8.724960178986e-16       1.781608523707e-16 
 1573       6.617130143248e-11       8.702738546132e-16       1.760367111784e-16 
 1574       6.576193106350e-11       8.680585666708e-16       1.739662790011e-16 
 1575       6.535685006819e-11       8.658501353987e-16       1.719474270023e-16 
 1576       6.495609951841e-11       8.636485418576e-16       1.699780146964e-16 
 1577       6.455972062090e-11       8.614537668414e-16       1.680558899301e-16 
 1578       6.416775471754e-11       8.592657908761e-16       1.661788888632e-16 
 1579       6.378024328544e-11       8.570845942201e-16       1.643448359501e-16 
 1580       6.339722793719e-11       8.549101568628e-16       1.625515439204e-16 
 1581       6.301875042097e-11       8.527424585247e-16       1.607968137603e-16 
 1582       6.264485262074e-11       8.505814786564e-16       1.590784346933e-16 
 1583       6.227557655644e-11       8.484271964384e-16       1.573941841618e-16 
 1584       6.191096438411e-11       8.462795907805e-16       1.557418278074e-16 
 1585       6.155105839611e-11       8.441386403212e-16       1.541191194530e-16 
 1586       6.119590102126e-11       8.420043234269e-16       1.525238010827e-16 
 1587       6.084553482505e-11       8.398766181921e-16       1.509536028239e-16 
 1588       6.050000250975e-11       8.377555024381e-16       1.494062429276e-16 
 1589       6.015934691464e-11       8.356409537129e-16       1.478794277499e-16 
 1590       5.982361101614e-11       8.335329492903e-16       1.463708517330e-16 
 1591       5.949283792804e-11       8.314314661699e-16       1.448781973860e-16 
 1592       5.916707090158e-11       8.293364810761e-16       1.433991352663e-16 
 1593       5.884635332572e-11       8.272479704578e-16       1.419313239605e-16 
 1594       5.853072872725e-11       8.251659104878e-16       1.404724100656e-16 
 1595       5.822024077097e-11       8.230902770622e-16       1.390200281697e-16 
 1596       5.791493325987e-11       8.210210457999e-16       1.375718008337e-16 
 1597       5.761485013533e-11       8.189581920422e-16       1.361253385716e-16 
 1598       5.732003547722e-11       8.169016908521e-16       1.346782398321e-16 
 1599       5.703053350416e-11       8.148515170137e-16       1.332280909796e-16 
 1600       5.674638857362e-11       8.128076450321e-16       1.317724662750e-16 
 1601       5.646764518213e-11       8.107700491321e-16       1.303089278572e-16 
 1602       5.619434796543e-11       8.087387032586e-16       1.288350257237e-16 
 1603       5.592654169866e-11       8.067135810752e-16       1.273482977118e-16 
 1604       5.566427129654e-11       8.046946559642e-16       1.258462694800e-16 
 1605       5.540758181349e-11       8.026819010259e-16       1.243264544886e-16 
 1606       5.515651844389e-11       8.006752890781e-16       1.227863539811e-16 
 1607       5.491112652214e-11       7.986747926554e-16       1.212234569649e-16 
 1608       5.467145152295e-11       7.966803840090e-16       1.196352401929e-16 
 1609       5.443753906141e-11       7.946920351058e-16       1.180191681439e-16 
 1610       5.420943489323e-11       7.927097176281e-16       1.163726930044e-16 
 1611       5.398717141275e-11       7.907334052358e-16       1.146939516720e-16 
 1612       5.377072701262e-11       7.887630803759e-16       1.129838637286e-16 
 1613       5.356006635540e-11       7.867987275336e-16       1.112440524811e-16 
 1614       5.335515384178e-11       7.848403309752e-16       1.094761496811e-16 
 1615       5.315595361011e-11       7.828878747471e-16       1.076817955383e-16 
 1616       5.296242953593e-11       7.809413426754e-16       1.058626387331e-16 
 1617       5.277454523155e-11       7.790007183660e-16       1.040203364305e-16 
 1618       5.259226404558e-11       7.770659852038e-16       1.021565542933e-16 
 1619       5.241554906248e-11       7.751371263520e-16       1.002729664950e-16 
 1620       5.224436310210e-11       7.732141247522e-16       9.837125573352e-17 
 1621       5.207866871925e-11       7.712969631239e-16       9.645311324408e-17 
 1622       5.191842820324e-11       7.693856239635e-16       9.452023881278e-17 
 1623       5.176360357740e-11       7.674800895445e-16       9.257434078974e-17 
 1624       5.161415659866e-11       7.655803419171e-16       9.061713610237e-17 
 1625       5.147004875710e-11       7.636863629070e-16       8.865035026866e-17 
 1626       5.133124127547e-11       7.617981341158e-16       8.667571741044e-17 
 1627       5.119769510877e-11       7.599156369203e-16       8.469498026669e-17 
 1628       5.106937094378e-11       7.580388524719e-16       8.270989020676e-17 
 1629       5.094622919858e-11       7.561677616963e-16       8.072220724368e-17 
 1630       5.082823002218e-11       7.543023452931e-16       7.873370004742e-17 
 1631       5.071533329397e-11       7.524425837354e-16       7.674614595816e-17 
 1632       5.060749862333e-11       7.505884572691e-16       7.476133099957e-17 
 1633       5.050468534918e-11       7.487399459129e-16       7.278104989207e-17 
 1634       5.040685253947e-11       7.468970294576e-16       7.080710606613e-17 
 1635       5.031395899081e-11       7.450596874655e-16       6.884131167551e-17 
 1636       5.022596322796e-11       7.432278992705e-16       6.688548761054e-17 
 1637       5.014282350336e-11       7.414016439771e-16       6.494146351141e-17 
 1638       5.006449779677e-11       7.395809004604e-16       6.301107778143e-17 
 1639       4.999094381472e-11       7.377656473653e-16       6.109617760029e-17 
 1640       4.992211899010e-11       7.359558631064e-16       5.919861893738e-17 
 1641       4.985798048172e-11       7.341515258674e-16       5.732026656500e-17 
 1642       4.979848517384e-11       7.323526136007e-16       5.546299407165e-17 
 1643       4.974358967569e-11       7.305591040270e-16       5.362868387536e-17 
 1644       4.969325032110e-11       7.287709746347e-16       5.181922723688e-17 
 1645       4.964742316797e-11       7.269882026797e-16       5.003652427300e-17 
 1646       4.960606399783e-11       7.252107651850e-16       4.828248396980e-17 
 1647       4.956912831542e-11       7.234386389399e-16       4.655902419597e-17 
 1648       4.953657134823e-11       7.216718005000e-16       4.486807171600e-17 
 1649       4.950834804601e-11       7.199102261864e-16       4.321156220353e-17 
 1650       4.948441308038e-11       7.181538920857e-16       4.159144025460e-17 
 1651       4.946471558869e-11       7.164027759124e-16       4.000927819990e-17 
 1652       4.944918335583e-11       7.146568626165e-16       3.846512882092e-17 
 1653       4.943773849136e-11       7.129161388249e-16       3.695866249363e-17 
 1654       4.943030267177e-11       7.111805909822e-16       3.548954746323e-17 
 1655       4.942679713974e-11       7.094502053507e-16       3.405744984066e-17 
 1656       4.942714270351e-11       7.077249680095e-16       3.266203359909e-17 
 1657       4.943125973618e-11       7.060048648548e-16       3.130296057044e-17 
 1658       4.943906817502e-11       7.042898815991e-16       2.997989044186e-17 
 1659       4.945048752077e-11       7.025800037709e-16       2.869248075225e-17 
 1660       4.946543683699e-11       7.008752167144e-16       2.744038688873e-17 
 1661       4.948383474938e-11       6.991755055893e-16       2.622326208319e-17 
 1662       4.950559944505e-11       6.974808553704e-16       2.504075740874e-17 
 1663       4.953064867188e-11       6.957912508469e-16       2.389252177625e-17 
 1664       4.955889973782e-11       6.941066766226e-16       2.277820193082e-17 
 1665       4.959026951021e-11       6.924271171151e-16       2.169744244829e-17 
 1666       4.962467441510e-11       6.907525565557e-16       2.064988573178e-17 
 1667       4.966203043655e-11       6.890829789890e-16       1.963517200811e-17 
 1668       4.970225311598e-11       6.874183682725e-16       1.865293932439e-17 
 1669       4.974525755145e-11       6.857587080764e-16       1.770282354444e-17 
 1670       4.979095839699e-11       6.841039818829e-16       1.678445834535e-17 
 1671       4.983926986194e-11       6.824541729864e-16       1.589747521398e-17 
 1672       4.989010571022e-11       6.808092644926e-16       1.504150344339e-17 
 1673       4.994337925969e-11       6.791692393185e-16       1.421617012943e-17 
 1674       4.999900338144e-11       6.775340801918e-16       1.342110016720e-17 
 1675       5.005689049913e-11       6.759037696510e-16       1.265591624753e-17 
 1676       5.011695258827e-11       6.742782900444e-16       1.192023885354e-17 
 1677       5.017910117559e-11       6.726576235304e-16       1.121368625706e-17 
 1678       5.024324733829e-11       6.710417520766e-16       1.053587451522e-17 
 1679       5.030930170342e-11       6.694306574598e-16       9.886417466874e-18 
 1680       5.037717444717e-11       6.678243212656e-16       9.264926729149e-18 
 1681       5.044677529416e-11       6.662227248880e-16       8.671011693928e-18 
 1682       5.051801351682e-11       6.646258495290e-16       8.104279524351e-18 
 1683       5.059079793463e-11       6.630336761983e-16       7.564335151317e-18 
 1684       5.066503691351e-11       6.614461857129e-16       7.050781269989e-18 
 1685       5.074063836508e-11       6.598633586971e-16       6.563218336288e-18 
 1686       5.081750974601e-11       6.582851755815e-16       6.101244563400e-18 
 1687       5.089555805733e-11       6.567116166032e-16       5.664455918272e-18 
 1688       5.097468984372e-11       6.551426618052e-16       5.252446118116e-18 
 1689       5.105481119289e-11       6.535782910362e-16       4.864806626909e-18 
 1690       5.113582773482e-11       6.520184839502e-16       4.501126651892e-18 
 1691       5.121764903166e-11       6.504632215573e-16       4.160946873973e-18 
 1692       5.130020179014e-11       6.489124908932e-16       3.843620208157e-18 
 1693       5.138341676211e-11       6.473662803896e-16       3.548449831394e-18 
 1694       5.146722436387e-11       6.458245783261e-16       3.274735333897e-18 
 1695       5.155155467570e-11       6.442873728302e-16       3.021772713700e-18 
 1696       5.163633744131e-11       6.427546518767e-16       2.788854371223e-18 
 1697       5.172150206739e-11       6.412264032876e-16       2.575269103828e-18 
 1698       5.180697762308e-11       6.397026147318e-16       2.380302100381e-18 
 1699       5.189269283950e-11       6.381832737246e-16       2.203234935814e-18 
 1700       5.197857610922e-11       6.366683676280e-16       2.043345565683e-18 
 1701       5.206455548577e-11       6.351578836495e-16       1.899908320728e-18 
 1702       5.215055868315e-11       6.336518088428e-16       1.772193901437e-18 
 1703       5.223651307534e-11       6.321501301068e-16       1.659469372603e-18 
 1704       5.232234569577e-11       6.306528341856e-16       1.560998157884e-18 
 1705       5.240798323683e-11       6.291599076682e-16       1.476040034367e-18 
 1706       5.249335204940e-11       6.276713369882e-16       1.403851127125e-18 
 1707       5.257837814232e-11       6.261871084236e-16       1.343683903780e-18 
 1708       5.266298718189e-11       6.247072080962e-16       1.294787169059e-18 
 1709       5.274710449140e-11       6.232316219719e-16       1.256406059361e-18 
 1710       5.283065505059e-11       6.217603358598e-16       1.227782037310e-18 
 1711       5.291356349519e-11       6.202933354123e-16       1.208152886323e-18 
 1712       5.299575411640e-11       6.188306061245e-16       1.196752705164e-18 
 1713       5.307715086037e-11       6.173721333344e-16       1.192811902506e-18 
 1714       5.315767732777e-11       6.159179022223e-16       1.195557191496e-18 
 1715       5.323725677320e-11       6.144678978102e-16       1.204211584308e-18 
 1716       5.331581210477e-11       6.130221049623e-16       1.217994386709e-18 
 1717       5.339326588355e-11       6.115805083841e-16       1.236121192617e-18 
 1718       5.346954032309e-11       6.101430926222e-16       1.257803878661e-18 
 1719       5.354455728892e-11       6.087098420643e-16       1.282250598743e-18 
 1720       5.361823829805e-11       6.072807409386e-16       1.308665778599e-18 
 1721       5.369050451848e-11       6.058557733137e-16       1.336250110354e-18 
 1722       5.376127676868e-11       6.044349230983e-16       1.364200547091e-18 
 1723       5.383047551709e-11       6.030181740408e-16       1.391710297404e-18 
 1724       5.389802088167e-11       6.016055097291e-16       1.417968819962e-18 
 1725       5.396383262932e-11       6.001969135904e-16       1.442161818067e-18 
 1726       5.402783017546e-11       5.987923688908e-16       1.463471234219e-18 
 1727       5.408993258348e-11       5.973918587349e-16       1.481075244670e-18 
 1728       5.415005856425e-11       5.959953660659e-16       1.494148253990e-18 
 1729       5.420812647565e-11       5.946028736650e-16       1.501860889623e-18 
 1730       5.426405432201e-11       5.932143641510e-16       1.503379996453e-18 
 1731       5.431776959270e-11       5.918298212885e-16       1.498123315429e-18 
 1732       5.436923886956e-11       5.904492339228e-16       1.486525884451e-18 
 1733       5.441843846869e-11       5.890725920778e-16       1.469280104967e-18 
 1734       5.446534462411e-11       5.876998856499e-16       1.447081650670e-18 
 1735       5.450993348755e-11       5.863311044088e-16       1.420629472256e-18 
 1736       5.455218112846e-11       5.849662379963e-16       1.390625802173e-18 
 1737       5.459206353381e-11       5.836052759267e-16       1.357776159379e-18 
 1738       5.462955660804e-11       5.822482075864e-16       1.322789354094e-18 
 1739       5.466463617293e-11       5.808950222336e-16       1.286377492556e-18 
 1740       5.469727796751e-11       5.795457089981e-16       1.249255981775e-18 
 1741       5.472745764795e-11       5.782002568812e-16       1.212143534286e-18 
 1742       5.475515078744e-11       5.768586547552e-16       1.175762172902e-18 
 1743       5.478033287610e-11       5.755208913634e-16       1.140837235473e-18 
 1744       5.480297932088e-11       5.741869553198e-16       1.108097379636e-18 
 1745       5.482306544544e-11       5.728568351089e-16       1.078274587571e-18 
 1746       5.484056649004e-11       5.715305190852e-16       1.052104170755e-18 
 1747       5.485545761145e-11       5.702079954735e-16       1.030324774714e-18 
 1748       5.486771388287e-11       5.688892523683e-16       1.013678383782e-18 
 1749       5.487731029374e-11       5.675742777334e-16       1.002910325852e-18 
 1750       5.488422174974e-11       5.662630594022e-16       9.987692771285e-19 
 1751       5.488842307259e-11       5.649555850770e-16       1.002007266887e-18 
 1752       5.488988900002e-11       5.636518423290e-16       1.013379682223e-18 
 1753       5.488859418562e-11       5.623518185980e-16       1.033645272809e-18 
 1754       5.488451319874e-11       5.610555011922e-16       1.063566155649e-18 
 1755       5.487762052442e-11       5.597628772879e-16       1.103907819832e-18 
 1756       5.486789056322e-11       5.584739339295e-16       1.155439131283e-18 
 1757       5.485529763117e-11       5.571886580287e-16       1.218932337526e-18 
 1758       5.483981595965e-11       5.559070363650e-16       1.295163072426e-18 
 1759       5.482141969528e-11       5.546290555851e-16       1.384910360956e-18 
 1760       5.480008289979e-11       5.533547022024e-16       1.488956623940e-18 
 1761       5.477577954998e-11       5.520839625975e-16       1.608087682816e-18 
 1762       5.474848353755e-11       5.508168230172e-16       1.743092764385e-18 
 1763       5.471816866901e-11       5.495532695746e-16       1.894764505566e-18 
 1764       5.468480866561e-11       5.482932882491e-16       2.063898958152e-18 
 1765       5.464837716319e-11       5.470368648858e-16       2.251295593564e-18 
 1766       5.460884771210e-11       5.457839851954e-16       2.457757307602e-18 
 1767       5.456619377709e-11       5.445346347538e-16       2.684090425203e-18 
 1768       5.452038873719e-11       5.432887990025e-16       2.931104705196e-18 
 1769       5.447140588562e-11       5.420464632475e-16       3.199613345050e-18 
 1770       5.441921842970e-11       5.408076126596e-16       3.490432985636e-18 
 1771       5.436380833832e-11       5.395722333494e-16       3.804093666341e-18 
 1772       5.430519296465e-11       5.383403156027e-16       4.139966060491e-18 
 1773       5.424339864319e-11       5.371118506713e-16       4.497127038245e-18 
 1774       5.417845186240e-11       5.358868296999e-16       4.874649055336e-18 
 1775       5.411037926489e-11       5.346652437260e-16       5.271600146741e-18 
 1776       5.403920764768e-11       5.334470836798e-16       5.687043920337e-18 
 1777       5.396496396241e-11       5.322323403837e-16       6.120039550569e-18 
 1778       5.388767531559e-11       5.310210045524e-16       6.569641772110e-18 
 1779       5.380736896883e-11       5.298130667926e-16       7.034900873527e-18 
 1780       5.372407233908e-11       5.286085176028e-16       7.514862690941e-18 
 1781       5.363781299883e-11       5.274073473732e-16       8.008568601693e-18 
 1782       5.354861867639e-11       5.262095463853e-16       8.515055518008e-18 
 1783       5.345651725609e-11       5.250151048119e-16       9.033355880653e-18 
 1784       5.336153677852e-11       5.238240127170e-16       9.562497652606e-18 
 1785       5.326370544078e-11       5.226362600552e-16       1.010150431272e-17 
 1786       5.316305159668e-11       5.214518366721e-16       1.064939484937e-17 
 1787       5.305960375701e-11       5.202707323034e-16       1.120518375415e-17 
 1788       5.295339058974e-11       5.190929365755e-16       1.176788101549e-17 
 1789       5.284444092027e-11       5.179184390046e-16       1.233649211238e-17 
 1790       5.273278373168e-11       5.167472289969e-16       1.291001800796e-17 
 1791       5.261844816491e-11       5.155792958485e-16       1.348745514325e-17 
 1792       5.250146351905e-11       5.144146287448e-16       1.406779543076e-17 
 1793       5.238185925155e-11       5.132532167607e-16       1.465002624820e-17 
 1794       5.225966497844e-11       5.120950488601e-16       1.523313043211e-17 
 1795       5.213491047458e-11       5.109401138960e-16       1.581608627154e-17 
 1796       5.200762567390e-11       5.097884006103e-16       1.639786750169e-17 
 1797       5.187784066960e-11       5.086398976331e-16       1.697744329762e-17 
 1798       5.174558571442e-11       5.074945934832e-16       1.755377826785e-17 
 1799       5.161089122085e-11       5.063524765676e-16       1.812583244808e-17 
 1800       5.147378776138e-11       5.052135351812e-16       1.869256129483e-17 
 1801       5.133430606871e-11       5.040777575068e-16       1.925291567910e-17 
 1802       5.119247703601e-11       5.029451316148e-16       1.980584188002e-17 
 1803       5.104833171712e-11       5.018156454630e-16       2.035028157856e-17 
 1804       5.090190132681e-11       5.006892868966e-16       2.088517185113e-17 
 1805       5.075321724102e-11       4.995660436477e-16       2.140944516330e-17 
 1806       5.060231099706e-11       4.984459033354e-16       2.192202936344e-17 
 1807       5.044921429387e-11       4.973288534654e-16       2.242184767637e-17 
 1808       5.029395899224e-11       4.962148814300e-16       2.290781869705e-17 
 1809       5.013657711503e-11       4.951039745077e-16       2.337885638420e-17 
 1810       4.997710084746e-11       4.939961198631e-16       2.383387005403e-17 
 1811       4.981556569000e-11       4.928913054718e-16       2.427210123664e-17 
 1812       4.965201994471e-11       4.917895229028e-16       2.469413723423e-17 
 1813       4.948651530606e-11       4.906907645579e-16       2.510090574020e-17 
 1814       4.931910371548e-11       4.895950227491e-16       2.549333872574e-17 
 1815       4.914983736175e-11       4.885022896979e-16       2.587237244581e-17 
 1816       4.897876868128e-11       4.874125575356e-16       2.623894744515e-17 
 1817       4.880595035854e-11       4.863258183028e-16       2.659400856423e-17 
 1818       4.863143532634e-11       4.852420639496e-16       2.693850494523e-17 
 1819       4.845527676623e-11       4.841612863349e-16       2.727339003805e-17 
 1820       4.827752810881e-11       4.830834772270e-16       2.759962160628e-17 
 1821       4.809824303409e-11       4.820086283026e-16       2.791816173316e-17 
 1822       4.791747547184e-11       4.809367311474e-16       2.822997682761e-17 
 1823       4.773527960196e-11       4.798677772553e-16       2.853603763015e-17 
 1824       4.755170985479e-11       4.788017580289e-16       2.883731921893e-17 
 1825       4.736682091147e-11       4.777386647788e-16       2.913480101569e-17 
 1826       4.718066770430e-11       4.766784887237e-16       2.942946679175e-17 
 1827       4.699330541710e-11       4.756212209900e-16       2.972230467399e-17 
 1828       4.680478948551e-11       4.745668526122e-16       3.001430715082e-17 
 1829       4.661517559739e-11       4.735153745320e-16       3.030647107819e-17 
 1830       4.642451969314e-11       4.724667775987e-16       3.059979768553e-17 
 1831       4.623287796606e-11       4.714210525688e-16       3.089529258178e-17 
 1832       4.604030686268e-11       4.703781901061e-16       3.119396576132e-17 
 1833       4.584686308313e-11       4.693381807811e-16       3.149683161001e-17 
 1834       4.565260358149e-11       4.683010150711e-16       3.180490891112e-17 
 1835       4.545758556612e-11       4.672666833602e-16       3.211922085133e-17 
 1836       4.526186650000e-11       4.662351759389e-16       3.244079502672e-17 
 1837       4.506550410112e-11       4.652064830039e-16       3.277066344876e-17 
 1838       4.486855634279e-11       4.641805946584e-16       3.310986255024e-17 
 1839       4.467108145400e-11       4.631575009112e-16       3.345943319134e-17 
 1840       4.447313791978e-11       4.621371916773e-16       3.382042066551e-17 
 1841       4.427478448152e-11       4.611196567771e-16       3.419387470553e-17 
 1842       4.407608013736e-11       4.601048859369e-16       3.458084948947e-17 
 1843       4.387708414248e-11       4.590928687879e-16       3.498240364665e-17 
 1844       4.367785600952e-11       4.580835948670e-16       3.539960026364e-17 
 1845       4.347845550886e-11       4.570770536159e-16       3.583350689025e-17 
 1846       4.327894266902e-11       4.560732343814e-16       3.628519554548e-17 
 1847       4.307937777697e-11       4.550721264148e-16       3.675574272355e-17 
 1848       4.287982137851e-11       4.540737188723e-16       3.724622939983e-17 
 1849       4.268033427860e-11       4.530780008143e-16       3.775774103687e-17 
 1850       4.248097754169e-11       4.520849612056e-16       3.829136759033e-17 
 1851       4.228180926863e-11       4.510945896948e-16       3.884787586840e-17 
 1852       4.208287489857e-11       4.501068789591e-16       3.942672376573e-17 
 1853       4.188421683106e-11       4.491218223778e-16       4.002703824783e-17 
 1854       4.168587764281e-11       4.481394132541e-16       4.064794228470e-17 
 1855       4.148790008791e-11       4.471596448149e-16       4.128855484534e-17 
 1856       4.129032709806e-11       4.461825102109e-16       4.194799089230e-17 
 1857       4.109320178286e-11       4.452080025161e-16       4.262536137614e-17 
 1858       4.089656742998e-11       4.442361147281e-16       4.331977322998e-17 
 1859       4.070046750542e-11       4.432668397678e-16       4.403032936400e-17 
 1860       4.050494565376e-11       4.423001704791e-16       4.475612865996e-17 
 1861       4.031004569837e-11       4.413360996290e-16       4.549626596569e-17 
 1862       4.011581164168e-11       4.403746199074e-16       4.624983208964e-17 
 1863       3.992228766537e-11       4.394157239270e-16       4.701591379534e-17 
 1864       3.972951813064e-11       4.384594042229e-16       4.779359379596e-17 
 1865       3.953754757844e-11       4.375056532531e-16       4.858195074881e-17 
 1866       3.934642072968e-11       4.365544633975e-16       4.938005924984e-17 
 1867       3.915618248550e-11       4.356058269586e-16       5.018698982815e-17 
 1868       3.896687792750e-11       4.346597361610e-16       5.100180894054e-17 
 1869       3.877855231795e-11       4.337161831510e-16       5.182357896595e-17 
 1870       3.859125110003e-11       4.327751599971e-16       5.265135820007e-17 
 1871       3.840501989812e-11       4.318366586892e-16       5.348420084975e-17 
 1872       3.821990451795e-11       4.309006711391e-16       5.432115702759e-17 
 1873       3.803595094689e-11       4.299671891799e-16       5.516127274642e-17 
 1874       3.785320535418e-11       4.290362045661e-16       5.600358991380e-17 
 1875       3.767171409116e-11       4.281077089734e-16       5.684714632657e-17 
 1876       3.749152369148e-11       4.271816939985e-16       5.769097566533e-17 
 1877       3.731268087140e-11       4.262581511592e-16       5.853410748896e-17 
 1878       3.713523252995e-11       4.253370718940e-16       5.937556722913e-17 
 1879       3.695922574921e-11       4.244184475623e-16       6.021437618483e-17 
 1880       3.678470779454e-11       4.235022694436e-16       6.104955151688e-17 
 1881       3.661172611481e-11       4.225885287385e-16       6.188010624239e-17 
 1882       3.644032834263e-11       4.216772165673e-16       6.270504922937e-17 
 1883       3.627056229460e-11       4.207683239710e-16       6.352338519115e-17 
 1884       3.610247597154e-11       4.198618419101e-16       6.433411468093e-17 
 1885       3.593611755869e-11       4.189577612655e-16       6.513623408631e-17 
 1886       3.577153542603e-11       4.180560728377e-16       6.592873562377e-17 
 1887       3.560877812842e-11       4.171567673468e-16       6.671060733320e-17 
 1888       3.544789440591e-11       4.162598354326e-16       6.748083307241e-17 
 1889       3.528893318391e-11       4.153652676542e-16       6.823839251164e-17 
 1890       3.513194357349e-11       4.144730544899e-16       6.898226112808e-17 
 1891       3.497696830018e-11       4.135831870026e-16       6.971162933267e-17 
 1892       3.482402393449e-11       4.126956588410e-16       7.042656171573e-17 
 1893       3.467312050886e-11       4.118104642533e-16       7.112734289247e-17 
 1894       3.452426807518e-11       4.109275974235e-16       7.181425883570e-17 
 1895       3.437747670484e-11       4.100470524713e-16       7.248759687769e-17 
 1896       3.423275648871e-11       4.091688234516e-16       7.314764571206e-17 
 1897       3.409011753714e-11       4.082929043549e-16       7.379469539561e-17 
 1898       3.394956998003e-11       4.074192891068e-16       7.442903735019e-17 
 1899       3.381112396680e-11       4.065479715680e-16       7.505096436456e-17 
 1900       3.367478966640e-11       4.056789455345e-16       7.566077059627e-17 
 1901       3.354057726739e-11       4.048122047370e-16       7.625875157351e-17 
 1902       3.340849697786e-11       4.039477428411e-16       7.684520419696e-17 
 1903       3.327855902551e-11       4.030855534471e-16       7.742042674168e-17 
 1904       3.315077365767e-11       4.022256300900e-16       7.798471885893e-17 
 1905       3.302515114126e-11       4.013679662392e-16       7.853838157809e-17 
 1906       3.290170176286e-11       4.005125552984e-16       7.908171730846e-17 
 1907       3.278043582868e-11       3.996593906060e-16       7.961502984118e-17 
 1908       3.266136366464e-11       3.988084654341e-16       8.013862435105e-17 
 1909       3.254449561630e-11       3.979597729892e-16       8.065280739840e-17 
 1910       3.242984204894e-11       3.971133064116e-16       8.115788693097e-17 
 1911       3.231741334755e-11       3.962690587756e-16       8.165417228576e-17 
 1912       3.220721991684e-11       3.954270230892e-16       8.214197419088e-17 
 1913       3.209927218128e-11       3.945871922941e-16       8.262160476746e-17 
 1914       3.199358058509e-11       3.937495592654e-16       8.309337753143e-17 
 1915       3.189015559225e-11       3.929141168118e-16       8.355760739545e-17 
 1916       3.178900768655e-11       3.920808576752e-16       8.401461067078e-17 
 1917       3.169014737157e-11       3.912497745310e-16       8.446470506906e-17 
 1918       3.159358517072e-11       3.904208599873e-16       8.490820970427e-17 
 1919       3.149933162722e-11       3.895941065855e-16       8.534544509453e-17 
 1920       3.140739730416e-11       3.887695068000e-16       8.577673316398e-17 
 1921       3.131779278448e-11       3.879470530376e-16       8.620239724464e-17 
 1922       3.123052867101e-11       3.871267376382e-16       8.662276207827e-17 
 1923       3.114561558647e-11       3.863085528741e-16       8.703815381827e-17 
 1924       3.106306417348e-11       3.854924909501e-16       8.744890003146e-17 
 1925       3.098288509459e-11       3.846785440034e-16       8.785532970003e-17 
 1926       3.090508903228e-11       3.838667041034e-16       8.825777322333e-17 
 1927       3.082968668900e-11       3.830569632518e-16       8.865656241980e-17 
 1928       3.075668878715e-11       3.822493133821e-16       8.905203052876e-17 
 1929       3.068610606913e-11       3.814437463601e-16       8.944451221235e-17 
 1930       3.061794929732e-11       3.806402539832e-16       8.983434355732e-17 
 1931       3.055222366710e-11       3.798388285466e-16       9.022177756069e-17 
 1932       3.048891199951e-11       3.790394645467e-16       9.060672988265e-17 
 1933       3.042799142122e-11       3.782421569901e-16       9.098903117032e-17 
 1934       3.036943893982e-11       3.774469008293e-16       9.136851139828e-17 
 1935       3.031323144367e-11       3.766536909619e-16       9.174499986763e-17 
 1936       3.025934570173e-11       3.758625222309e-16       9.211832520519e-17 
 1937       3.020775836338e-11       3.750733894247e-16       9.248831536263e-17 
 1938       3.015844595828e-11       3.742862872768e-16       9.285479761560e-17 
 1939       3.011138489618e-11       3.735012104657e-16       9.321759856288e-17 
 1940       3.006655146679e-11       3.727181536149e-16       9.357654412553e-17 
 1941       3.002392183957e-11       3.719371112928e-16       9.393145954604e-17 
 1942       2.998347206359e-11       3.711580780126e-16       9.428216938744e-17 
 1943       2.994517806740e-11       3.703810482322e-16       9.462849753248e-17 
 1944       2.990901565877e-11       3.696060163543e-16       9.497026718278e-17 
 1945       2.987496052464e-11       3.688329767259e-16       9.530730085791e-17 
 1946       2.984298823088e-11       3.680619236386e-16       9.563942039463e-17 
 1947       2.981307422212e-11       3.672928513283e-16       9.596644694593e-17 
 1948       2.978519382165e-11       3.665257539751e-16       9.628820098026e-17 
 1949       2.975932223119e-11       3.657606257035e-16       9.660450228064e-17 
 1950       2.973543453076e-11       3.649974605820e-16       9.691516994377e-17 
 1951       2.971350567852e-11       3.642362526229e-16       9.722002237924e-17 
 1952       2.969351051056e-11       3.634769957827e-16       9.751887730862e-17 
 1953       2.967542374080e-11       3.627196839617e-16       9.781155176464e-17 
 1954       2.965921996076e-11       3.619643110039e-16       9.809786209029e-17 
 1955       2.964487363946e-11       3.612108706967e-16       9.837762393802e-17 
 1956       2.963235912319e-11       3.604593567716e-16       9.865065226883e-17 
 1957       2.962165063542e-11       3.597097629031e-16       9.891676135146e-17 
 1958       2.961272227655e-11       3.589620827093e-16       9.917576476149e-17 
 1959       2.960554802381e-11       3.582163097516e-16       9.942747538052e-17 
 1960       2.960010173108e-11       3.574724375346e-16       9.967170539529e-17 
 1961       2.959635712870e-11       3.567304595060e-16       9.990826629684e-17 
 1962       2.959428782334e-11       3.559903690565e-16       1.001369688796e-16 
 1963       2.959386729781e-11       3.552521595198e-16       1.003576232407e-16 
 1964       2.959506891092e-11       3.545158241725e-16       1.005700387789e-16 
 1965       2.959786589728e-11       3.537813562339e-16       1.007740241938e-16 
 1966       2.960223136717e-11       3.530487488660e-16       1.009693874850e-16 
 1967       2.960813830637e-11       3.523179951735e-16       1.011559359514e-16 
 1968       2.961555957595e-11       3.515890882034e-16       1.013334761901e-16 
 1969       2.962446791217e-11       3.508620209452e-16       1.015018140955e-16 
 1970       2.963483592629e-11       3.501367863309e-16       1.016607548589e-16 
 1971       2.964663448681e-11       3.494133777152e-16       1.018101456505e-16 
 1972       2.965982785347e-11       3.486917903224e-16       1.019500040150e-16 
 1973       2.967437850680e-11       3.479720198102e-16       1.020803904283e-16 
 1974       2.969024876219e-11       3.472540617899e-16       1.022013657005e-16 
 1975       2.970740076972e-11       3.465379118268e-16       1.023129909766e-16 
 1976       2.972579651389e-11       3.458235654394e-16       1.024153277373e-16 
 1977       2.974539781345e-11       3.451110180999e-16       1.025084377988e-16 
 1978       2.976616632114e-11       3.444002652337e-16       1.025923833138e-16 
 1979       2.978806352353e-11       3.436913022198e-16       1.026672267719e-16 
 1980       2.981105074076e-11       3.429841243902e-16       1.027330309997e-16 
 1981       2.983508912635e-11       3.422787270303e-16       1.027898591617e-16 
 1982       2.986013966697e-11       3.415751053786e-16       1.028377747604e-16 
 1983       2.988616318225e-11       3.408732546264e-16       1.028768416372e-16 
 1984       2.991312032453e-11       3.401731699182e-16       1.029071239721e-16 
 1985       2.994097157867e-11       3.394748463514e-16       1.029286862853e-16 
 1986       2.996967726182e-11       3.387782789762e-16       1.029415934364e-16 
 1987       2.999919752324e-11       3.380834627954e-16       1.029459106260e-16 
 1988       3.002949234403e-11       3.373903927646e-16       1.029417033952e-16 
 1989       3.006052153696e-11       3.366990637921e-16       1.029290376267e-16 
 1990       3.009224474625e-11       3.360094707385e-16       1.029079795451e-16 
 1991       3.012462144732e-11       3.353216084169e-16       1.028785957173e-16 
 1992       3.015761094662e-11       3.346354715931e-16       1.028409530529e-16 
 1993       3.019117238139e-11       3.339510549847e-16       1.027951188047e-16 
 1994       3.022526471946e-11       3.332683532619e-16       1.027411605695e-16 
 1995       3.025984675902e-11       3.325873610469e-16       1.026791462878e-16 
 1996       3.029487712841e-11       3.319080729141e-16       1.026091442452e-16 
 1997       3.033031428590e-11       3.312304833898e-16       1.025312230721e-16 
 1998       3.036611651952e-11       3.305545869522e-16       1.024454517445e-16 
 1999       3.040224194675e-11       3.298803780316e-16       1.023518995845e-16 
 2000       3.043864851443e-11       3.292078510099e-16       1.022506362606e-16 
 2001       3.047529399842e-11       3.285370002207e-16       1.021417317881e-16 
 2002       3.051213600347e-11       3.278678199494e-16       1.020252565301e-16 
 2003       3.054913196300e-11       3.272003044327e-16       1.019012811971e-16 
 2004       3.058623913882e-11       3.265344478592e-16       1.017698768481e-16 
 2005       3.062341462101e-11       3.258702443685e-16       1.016311148911e-16 
 2006       3.066061532761e-11       3.252076880518e-16       1.014850670829e-16 
 2007       3.069779800449e-11       3.245467729515e-16       1.013318055304e-16 
 2008       3.073491922506e-11       3.238874930613e-16       1.011714026905e-16 
 2009       3.077193539012e-11       3.232298423258e-16       1.010039313706e-16 
 2010       3.080880272761e-11       3.225738146410e-16       1.008294647295e-16 
 2011       3.084547989505e-11       3.219194043073e-16       1.006481092917e-16 
 2012       3.088193580793e-11       3.212666073943e-16       1.004601042550e-16 
 2013       3.091814186789e-11       3.206154203864e-16       1.002657229067e-16 
 2014       3.095406936508e-11       3.199658397293e-16       1.000652396765e-16 
 2015       3.098968947804e-11       3.193178618302e-16       9.985893013790e-17 
 2016       3.102497327354e-11       3.186714830582e-16       9.964707100955e-17 
 2017       3.105989170646e-11       3.180266997433e-16       9.942994015679e-17 
 2018       3.109441561965e-11       3.173835081773e-16       9.920781659298e-17 
 2019       3.112851574380e-11       3.167419046130e-16       9.898098048106e-17 
 2020       3.116216269727e-11       3.161018852647e-16       9.874971313490e-17 
 2021       3.119532698600e-11       3.154634463077e-16       9.851429702077e-17 
 2022       3.122797900334e-11       3.148265838785e-16       9.827501575880e-17 
 2023       3.126008902992e-11       3.141912940748e-16       9.803215412440e-17 
 2024       3.129162723351e-11       3.135575729549e-16       9.778599804969e-17 
 2025       3.132256366889e-11       3.129254165386e-16       9.753683462497e-17 
 2026       3.135286827772e-11       3.122948208061e-16       9.728495210014e-17 
 2027       3.138251088837e-11       3.116657816988e-16       9.703063988614e-17 
 2028       3.141146121581e-11       3.110382951185e-16       9.677418855640e-17 
 2029       3.143968886149e-11       3.104123569281e-16       9.651588984829e-17 
 2030       3.146716331314e-11       3.097879629509e-16       9.625603666453e-17 
 2031       3.149385394470e-11       3.091651089708e-16       9.599492307465e-17 
 2032       3.151973001614e-11       3.085437907323e-16       9.573284431644e-17 
 2033       3.154476067335e-11       3.079240039403e-16       9.547009679737e-17 
 2034       3.156891494798e-11       3.073057442602e-16       9.520697809604e-17 
 2035       3.159216175730e-11       3.066890073177e-16       9.494378696362e-17 
 2036       3.161446990409e-11       3.060737886986e-16       9.468082332529e-17 
 2037       3.163580807649e-11       3.054600839493e-16       9.441838828169e-17 
 2038       3.165614484785e-11       3.048478885761e-16       9.415678411034e-17 
 2039       3.167544867660e-11       3.042371980454e-16       9.389631426711e-17 
 2040       3.169368790612e-11       3.036280077838e-16       9.363728338762e-17 
 2041       3.171083076459e-11       3.030203131778e-16       9.337999728871e-17 
 2042       3.172684536487e-11       3.024141095738e-16       9.312476296989e-17 
 2043       3.174169970433e-11       3.018093922780e-16       9.287188861475e-17 
 2044       3.175536166477e-11       3.012061565566e-16       9.262168359241e-17 
 2045       3.176779901222e-11       3.006043976355e-16       9.237445845899e-17 
 2046       3.177897939683e-11       3.000041107000e-16       9.213052495899e-17 
 2047       3.178887035274e-11       2.994052908955e-16       9.189019602681e-17 
 2048       3.179743929793e-11       2.988079333265e-16       9.165378578810e-17 
 2049       3.180465353410e-11       2.982120330574e-16       9.142160956129e-17 
 2050       3.181048024650e-11       2.976175851117e-16       9.119398385897e-17 
 2051       3.181489113753e-11       2.970245847511e-16       9.097111297359e-17 
 2052       3.181787636395e-11       2.964330283132e-16       9.075274784688e-17 
 2053       3.181943069883e-11       2.958429123791e-16       9.053852476877e-17 
 2054       3.181954890691e-11       2.952542334961e-16       9.032807857030e-17 
 2055       3.181822574454e-11       2.946669881767e-16       9.012104262184e-17 
 2056       3.181545595976e-11       2.940811728994e-16       8.991704883128e-17 
 2057       3.181123429220e-11       2.934967841082e-16       8.971572764227e-17 
 2058       3.180555547314e-11       2.929138182125e-16       8.951670803240e-17 
 2059       3.179841422546e-11       2.923322715872e-16       8.931961751141e-17 
 2060       3.178980526368e-11       2.917521405728e-16       8.912408211940e-17 
 2061       3.177972329392e-11       2.911734214749e-16       8.892972642504e-17 
 2062       3.176816301390e-11       2.905961105647e-16       8.873617352377e-17 
 2063       3.175511911295e-11       2.900202040784e-16       8.854304503602e-17 
 2064       3.174058627200e-11       2.894456982175e-16       8.834996110540e-17 
 2065       3.172455916356e-11       2.888725891489e-16       8.815654039691e-17 
 2066       3.170703245171e-11       2.883008730042e-16       8.796240009516e-17 
 2067       3.168800079214e-11       2.877305458803e-16       8.776715590256e-17 
 2068       3.166745883210e-11       2.871616038391e-16       8.757042203755e-17 
 2069       3.164540121040e-11       2.865940429073e-16       8.737181123276e-17 
 2070       3.162182255743e-11       2.860278590768e-16       8.717093473329e-17 
 2071       3.159671749511e-11       2.854630483041e-16       8.696740229483e-17 
 2072       3.157008063695e-11       2.848996065104e-16       8.676082218195e-17 
 2073       3.154190658797e-11       2.843375295820e-16       8.655080116625e-17 
 2074       3.151218994476e-11       2.837768133695e-16       8.633694452458e-17 
 2075       3.148092529543e-11       2.832174536885e-16       8.611885603726e-17 
 2076       3.144810721962e-11       2.826594463189e-16       8.589613798628e-17 
 2077       3.141373028852e-11       2.821027870053e-16       8.566839115350e-17 
 2078       3.137778906480e-11       2.815474714566e-16       8.543521481886e-17 
 2079       3.134027810268e-11       2.809934953464e-16       8.519620675861e-17 
 2080       3.130119194787e-11       2.804408543125e-16       8.495096324347e-17 
 2081       3.126052513758e-11       2.798895439571e-16       8.469907903686e-17 
 2082       3.121827220055e-11       2.793395598465e-16       8.444014739314e-17 
 2083       3.117442765697e-11       2.787908975114e-16       8.417376005576e-17 
 2084       3.112898601856e-11       2.782435524467e-16       8.389950725549e-17 
 2085       3.108194178849e-11       2.776975201113e-16       8.361697770864e-17 
 2086       3.103328946142e-11       2.771527959281e-16       8.332575861527e-17 
 2087       3.098302352349e-11       2.766093752843e-16       8.302543565735e-17 
 2088       3.093113845229e-11       2.760672535307e-16       8.271559299703e-17 
 2089       3.087762871688e-11       2.755264259822e-16       8.239581327480e-17 
 2090       3.082248877778e-11       2.749868879177e-16       8.206567760771e-17 
 2091       3.076571686992e-11       2.744486349030e-16       8.172489359198e-17 
 2092       3.070732638045e-11       2.739116637641e-16       8.137368029385e-17 
 2093       3.064733455056e-11       2.733759716209e-16       8.101238595023e-17 
 2094       3.058575869989e-11       2.728415555643e-16       8.064136021076e-17 
 2095       3.052261622657e-11       2.723084126564e-16       8.026095413951e-17 
 2096       3.045792460736e-11       2.717765399301e-16       7.987152021670e-17 
 2097       3.039170139773e-11       2.712459343895e-16       7.947341234041e-17 
 2098       3.032396423196e-11       2.707165930093e-16       7.906698582834e-17 
 2099       3.025473082326e-11       2.701885127354e-16       7.865259741944e-17 
 2100       3.018401896382e-11       2.696616904842e-16       7.823060527574e-17 
 2101       3.011184652497e-11       2.691361231431e-16       7.780136898398e-17 
 2102       3.003823145722e-11       2.686118075702e-16       7.736524955736e-17 
 2103       2.996319179040e-11       2.680887405943e-16       7.692260943728e-17 
 2104       2.988674563375e-11       2.675669190148e-16       7.647381249500e-17 
 2105       2.980891117600e-11       2.670463396016e-16       7.601922403343e-17 
 2106       2.972970668549e-11       2.665269990955e-16       7.555921078881e-17 
 2107       2.964915051024e-11       2.660088942074e-16       7.509414093240e-17 
 2108       2.956726107809e-11       2.654920216191e-16       7.462438407227e-17 
 2109       2.948405689678e-11       2.649763779825e-16       7.415031125495e-17 
 2110       2.939955655401e-11       2.644619599200e-16       7.367229496718e-17 
 2111       2.931377871761e-11       2.639487640244e-16       7.319070913764e-17 
 2112       2.922674213558e-11       2.634367868587e-16       7.270592913864e-17 
 2113       2.913846563623e-11       2.629260249564e-16       7.221833178784e-17 
 2114       2.904896812822e-11       2.624164748209e-16       7.172829535001e-17 
 2115       2.895826860074e-11       2.619081329259e-16       7.123619953869e-17 
 2116       2.886638612355e-11       2.614009957152e-16       7.074242551794e-17 
 2117       2.877333984707e-11       2.608950596030e-16       7.024735590406e-17 
 2118       2.867914900254e-11       2.603903209730e-16       6.975137476731e-17 
 2119       2.858383290205e-11       2.598867761793e-16       6.925486763360e-17 
 2120       2.848741093869e-11       2.593844215458e-16       6.875822148625e-17 
 2121       2.838990258661e-11       2.588832533663e-16       6.826182476767e-17 
 2122       2.829132740115e-11       2.583832679047e-16       6.776606738109e-17 
 2123       2.819170501892e-11       2.578844613943e-16       6.727134069231e-17 
 2124       2.809105515789e-11       2.573868300387e-16       6.677803753138e-17 
 2125       2.798939761751e-11       2.568903700107e-16       6.628655219431e-17 
 2126       2.788675227881e-11       2.563950774533e-16       6.579728044483e-17 
 2127       2.778313910448e-11       2.559009484788e-16       6.531061951608e-17 
 2128       2.767857813896e-11       2.554079791693e-16       6.482696811233e-17 
 2129       2.757308950858e-11       2.549161655763e-16       6.434672641071e-17 
 2130       2.746669342161e-11       2.544255037210e-16       6.387029606293e-17 
 2131       2.735941115663e-11       2.539359898343e-16       6.339800626884e-17 
 2132       2.725126803464e-11       2.534476210790e-16       6.292989143880e-17 
 2133       2.714229046755e-11       2.529603948326e-16       6.246591200743e-17 
 2134       2.703250497193e-11       2.524743084474e-16       6.200602822289e-17 
 2135       2.692193816910e-11       2.519893592504e-16       6.155020014658e-17 
 2136       2.681061678531e-11       2.515055445433e-16       6.109838765297e-17 
 2137       2.669856765183e-11       2.510228616024e-16       6.065055042929e-17 
 2138       2.658581770506e-11       2.505413076787e-16       6.020664797539e-17 
 2139       2.647239398671e-11       2.500608799979e-16       5.976663960341e-17 
 2140       2.635832364385e-11       2.495815757599e-16       5.933048443761e-17 
 2141       2.624363392911e-11       2.491033921394e-16       5.889814141412e-17 
 2142       2.612835220074e-11       2.486263262856e-16       5.846956928070e-17 
 2143       2.601250592279e-11       2.481503753219e-16       5.804472659650e-17 
 2144       2.589612266519e-11       2.476755363463e-16       5.762357173182e-17 
 2145       2.577923010389e-11       2.472018064310e-16       5.720606286793e-17 
 2146       2.566185602100e-11       2.467291826228e-16       5.679215799674e-17 
 2147       2.554402830489e-11       2.462576619425e-16       5.638181492065e-17 
 2148       2.542577495034e-11       2.457872413853e-16       5.597499125230e-17 
 2149       2.530712405864e-11       2.453179179206e-16       5.557164441428e-17 
 2150       2.518810383771e-11       2.448496884919e-16       5.517173163897e-17 
 2151       2.506874260228e-11       2.443825500169e-16       5.477520996825e-17 
 2152       2.494906877393e-11       2.439164993875e-16       5.438203625330e-17 
 2153       2.482911088129e-11       2.434515334696e-16       5.399216715435e-17 
 2154       2.470889756012e-11       2.429876491030e-16       5.360555914045e-17 
 2155       2.458845755344e-11       2.425248431016e-16       5.322216848923e-17 
 2156       2.446781971168e-11       2.420631122533e-16       5.284195128667e-17 
 2157       2.434701299277e-11       2.416024533199e-16       5.246486342687e-17 
 2158       2.422606646230e-11       2.411428630371e-16       5.209086061181e-17 
 2159       2.410500929361e-11       2.406843381143e-16       5.171989835112e-17 
 2160       2.398387076794e-11       2.402268752349e-16       5.135193196182e-17 
 2161       2.386268027453e-11       2.397704710559e-16       5.098691656814e-17 
 2162       2.374146731077e-11       2.393151222083e-16       5.062480710124e-17 
 2163       2.362026148231e-11       2.388608252964e-16       5.026555829897e-17 
 2164       2.349909250321e-11       2.384075768985e-16       4.990912470570e-17 
 2165       2.337799019601e-11       2.379553735665e-16       4.955546067199e-17 
 2166       2.325698449190e-11       2.375042118256e-16       4.920452035443e-17 
 2167       2.313610543083e-11       2.370540881749e-16       4.885625771540e-17 
 2168       2.301538316165e-11       2.366049990868e-16       4.851062652278e-17 
 2169       2.289484794221e-11       2.361569410072e-16       4.816758034977e-17 
 2170       2.277453013950e-11       2.357099103555e-16       4.782707257465e-17 
 2171       2.265445840869e-11       2.352639038071e-16       4.748903739463e-17 
 2172       2.253465421665e-11       2.348189191426e-16       4.715333272804e-17 
 2173       2.241513728178e-11       2.343749544046e-16       4.681979692668e-17 
 2174       2.229592739176e-11       2.339320076149e-16       4.648826772605e-17 
 2175       2.217704440366e-11       2.334900767750e-16       4.615858224459e-17 
 2176       2.205850824404e-11       2.330491598658e-16       4.583057698301e-17 
 2177       2.194033890895e-11       2.326092548477e-16       4.550408782353e-17 
 2178       2.182255646411e-11       2.321703596607e-16       4.517895002920e-17 
 2179       2.170518104490e-11       2.317324722238e-16       4.485499824317e-17 
 2180       2.158823285648e-11       2.312955904356e-16       4.453206648794e-17 
 2181       2.147173217388e-11       2.308597121742e-16       4.420998816471e-17 
 2182       2.135569934206e-11       2.304248352968e-16       4.388859605259e-17 
 2183       2.124015477596e-11       2.299909576399e-16       4.356772230794e-17 
 2184       2.112511896064e-11       2.295580770192e-16       4.324719846360e-17 
 2185       2.101061245131e-11       2.291261912298e-16       4.292685542823e-17 
 2186       2.089665587343e-11       2.286952980458e-16       4.260652348554e-17 
 2187       2.078326992278e-11       2.282653952206e-16       4.228603229361e-17 
 2188       2.067047536554e-11       2.278364804866e-16       4.196521088415e-17 
 2189       2.055829303836e-11       2.274085515555e-16       4.164388766180e-17 
 2190       2.044674384847e-11       2.269816061179e-16       4.132189040339e-17 
 2191       2.033584877370e-11       2.265556418435e-16       4.099904625725e-17 
 2192       2.022562886263e-11       2.261306563809e-16       4.067518174246e-17 
 2193       2.011610523460e-11       2.257066473580e-16       4.035012274816e-17 
 2194       2.000729907984e-11       2.252836123812e-16       4.002369453282e-17 
 2195       1.989923165952e-11       2.248615490361e-16       3.969572172352e-17 
 2196       1.979192430584e-11       2.244404548873e-16       3.936602831527e-17 
 2197       1.968539842209e-11       2.240203274780e-16       3.903443767020e-17 
 2198       1.957967548276e-11       2.236011643303e-16       3.870077251696e-17 
 2199       1.947477703358e-11       2.231829629453e-16       3.836485494991e-17 
 2200       1.937072469165e-11       2.227657208026e-16       3.802650642846e-17 
 2201       1.926754014545e-11       2.223494353607e-16       3.768554777630e-17 
 2202       1.916524515499e-11       2.219341040568e-16       3.734179918074e-17 
 2203       1.906386155181e-11       2.215197243067e-16       3.699508019195e-17 
 2204       1.896341123915e-11       2.211062935050e-16       3.664520972227e-17 
 2205       1.886391619195e-11       2.206938090248e-16       3.629200604546e-17 
 2206       1.876539845695e-11       2.202822682179e-16       3.593528679603e-17 
 2207       1.866788015280e-11       2.198716684145e-16       3.557486896846e-17 
 2208       1.857138347010e-11       2.194620069234e-16       3.521056891654e-17 
 2209       1.847593067150e-11       2.190532810321e-16       3.484220235262e-17 
 2210       1.838154409175e-11       2.186454880063e-16       3.446958434691e-17 
 2211       1.828824299387e-11       2.182386252096e-16       3.409260967032e-17 
 2212       1.819603411450e-11       2.178326904618e-16       3.371149440580e-17 
 2213       1.810492105609e-11       2.174276816829e-16       3.332653593536e-17 
 2214       1.801490742516e-11       2.170235967737e-16       3.293803274295e-17 
 2215       1.792599683230e-11       2.166204336160e-16       3.254628441576e-17 
 2216       1.783819289216e-11       2.162181900725e-16       3.215159164547e-17 
 2217       1.775149922348e-11       2.158168639867e-16       3.175425622947e-17 
 2218       1.766591944908e-11       2.154164531829e-16       3.135458107214e-17 
 2219       1.758145719583e-11       2.150169554665e-16       3.095287018611e-17 
 2220       1.749811609469e-11       2.146183686234e-16       3.054942869350e-17 
 2221       1.741589978072e-11       2.142206904203e-16       3.014456282717e-17 
 2222       1.733481189302e-11       2.138239186047e-16       2.973857993198e-17 
 2223       1.725485607480e-11       2.134280509049e-16       2.933178846606e-17 
 2224       1.717603597333e-11       2.130330850297e-16       2.892449800204e-17 
 2225       1.709835523998e-11       2.126390186686e-16       2.851701922830e-17 
 2226       1.702181753020e-11       2.122458494918e-16       2.810966395025e-17 
 2227       1.694642650351e-11       2.118535751500e-16       2.770274509158e-17 
 2228       1.687218582353e-11       2.114621932747e-16       2.729657669547e-17 
 2229       1.679909915796e-11       2.110717014776e-16       2.689147392591e-17 
 2230       1.672717017859e-11       2.106820973511e-16       2.648775306890e-17 
 2231       1.665640256130e-11       2.102933784682e-16       2.608573153375e-17 
 2232       1.658679998605e-11       2.099055423822e-16       2.568572785427e-17 
 2233       1.651836613690e-11       2.095185866269e-16       2.528806169011e-17 
 2234       1.645110470199e-11       2.091325087166e-16       2.489305382792e-17 
 2235       1.638501937358e-11       2.087473061457e-16       2.450102618267e-17 
 2236       1.632011384799e-11       2.083629763893e-16       2.411230179891e-17 
 2237       1.625639182566e-11       2.079795169026e-16       2.372720485194e-17 
 2238       1.619385701111e-11       2.075969251213e-16       2.334606064918e-17 
 2239       1.613251311295e-11       2.072151984612e-16       2.296919563133e-17 
 2240       1.607236384392e-11       2.068343343184e-16       2.259693737366e-17 
 2241       1.601341292083e-11       2.064543300693e-16       2.222961458727e-17 
 2242       1.595566406459e-11       2.060751830705e-16       2.186755712036e-17 
 2243       1.589912100024e-11       2.056968906585e-16       2.151109595941e-17 
 2244       1.584378745688e-11       2.053194501503e-16       2.116056323052e-17 
 2245       1.578966716774e-11       2.049428588429e-16       2.081629220063e-17 
 2246       1.573676387016e-11       2.045671140133e-16       2.047861727874e-17 
 2247       1.568508130556e-11       2.041922129187e-16       2.014787401723e-17 
 2248       1.563462321948e-11       2.038181527961e-16       1.982439911307e-17 
 2249       1.558539336157e-11       2.034449308629e-16       1.950853040906e-17 
 2250       1.553739548560e-11       2.030725443161e-16       1.920060689514e-17 
 2251       1.549063084834e-11       2.027009905012e-16       1.890088460902e-17 
 2252       1.544509068866e-11       2.023302674185e-16       1.860928373793e-17 
 2253       1.540076369955e-11       2.019603732196e-16       1.832563987461e-17 
 2254       1.535763852469e-11       2.015913060398e-16       1.804978796779e-17 
 2255       1.531570375840e-11       2.012230639977e-16       1.778156232144e-17 
 2256       1.527494794558e-11       2.008556451956e-16       1.752079659404e-17 
 2257       1.523535958166e-11       2.004890477188e-16       1.726732379784e-17 
 2258       1.519692711253e-11       2.001232696363e-16       1.702097629816e-17 
 2259       1.515963893449e-11       1.997583090002e-16       1.678158581257e-17 
 2260       1.512348339418e-11       1.993941638463e-16       1.654898341025e-17 
 2261       1.508844878853e-11       1.990308321933e-16       1.632299951118e-17 
 2262       1.505452336471e-11       1.986683120434e-16       1.610346388543e-17 
 2263       1.502169532006e-11       1.983066013821e-16       1.589020565244e-17 
 2264       1.498995280203e-11       1.979456981781e-16       1.568305328025e-17 
 2265       1.495928390815e-11       1.975856003832e-16       1.548183458479e-17 
 2266       1.492967668591e-11       1.972263059326e-16       1.528637672911e-17 
 2267       1.490111913278e-11       1.968678127445e-16       1.509650622270e-17 
 2268       1.487359919608e-11       1.965101187204e-16       1.491204892067e-17 
 2269       1.484710477298e-11       1.961532217448e-16       1.473283002310e-17 
 2270       1.482162371041e-11       1.957971196853e-16       1.455867407425e-17 
 2271       1.479714380499e-11       1.954418103928e-16       1.438940496184e-17 
 2272       1.477365280302e-11       1.950872917010e-16       1.422484591629e-17 
 2273       1.475113840038e-11       1.947335614267e-16       1.406481951002e-17 
 2274       1.472958824246e-11       1.943806173699e-16       1.390914765670e-17 
 2275       1.470898992417e-11       1.940284573133e-16       1.375765161048e-17 
 2276       1.468933098980e-11       1.936770790227e-16       1.361015196532e-17 
 2277       1.467059893301e-11       1.933264802470e-16       1.346646865418e-17 
 2278       1.465278119678e-11       1.929766587178e-16       1.332642094834e-17 
 2279       1.463586517331e-11       1.926276121496e-16       1.318982745661e-17 
 2280       1.461983820400e-11       1.922793382400e-16       1.305650612466e-17 
 2281       1.460468757936e-11       1.919318346692e-16       1.292627423422e-17 
 2282       1.459040053897e-11       1.915850991005e-16       1.279894840237e-17 
 2283       1.457696427145e-11       1.912391291796e-16       1.267434458081e-17 
 2284       1.456436591434e-11       1.908939225354e-16       1.255227805511e-17 
 2285       1.455259255408e-11       1.905494767794e-16       1.243256344398e-17 
 2286       1.454163122596e-11       1.902057895057e-16       1.231501469853e-17 
 2287       1.453146891404e-11       1.898628582914e-16       1.219944510152e-17 
 2288       1.452209255108e-11       1.895206806961e-16       1.208566726665e-17 
 2289       1.451348901854e-11       1.891792542622e-16       1.197349313782e-17 
 2290       1.450564514645e-11       1.888385765145e-16       1.186273398834e-17 
 2291       1.449854707148e-11       1.884986451245e-16       1.175324178456e-17 
 2292       1.449217830660e-11       1.881594584031e-16       1.164503356672e-17 
 2293       1.448652165895e-11       1.878210148105e-16       1.153816786147e-17 
 2294       1.448155987058e-11       1.874833127931e-16       1.143270338990e-17 
 2295       1.447727561836e-11       1.871463507833e-16       1.132869906779e-17 
 2296       1.447365151391e-11       1.868101271994e-16       1.122621400581e-17 
 2297       1.447067010355e-11       1.864746404455e-16       1.112530750973e-17 
 2298       1.446831386818e-11       1.861398889119e-16       1.102603908062e-17 
 2299       1.446656522326e-11       1.858058709745e-16       1.092846841507e-17 
 2300       1.446540651872e-11       1.854725849953e-16       1.083265540538e-17 
 2301       1.446482003886e-11       1.851400293221e-16       1.073866013979e-17 
 2302       1.446478800231e-11       1.848082022886e-16       1.064654290268e-17 
 2303       1.446529256194e-11       1.844771022141e-16       1.055636417478e-17 
 2304       1.446631580480e-11       1.841467274039e-16       1.046818463336e-17 
 2305       1.446783975202e-11       1.838170761492e-16       1.038206515246e-17 
 2306       1.446984635879e-11       1.834881467266e-16       1.029806680309e-17 
 2307       1.447231751423e-11       1.831599373987e-16       1.021625085345e-17 
 2308       1.447523504134e-11       1.828324464139e-16       1.013667876912e-17 
 2309       1.447858069695e-11       1.825056720062e-16       1.005941221328e-17 
 2310       1.448233617159e-11       1.821796123951e-16       9.984513046892e-18 
 2311       1.448648308948e-11       1.818542657860e-16       9.912043328963e-18 
 2312       1.449100300843e-11       1.815296303701e-16       9.842065316704e-18 
 2313       1.449587741976e-11       1.812057043238e-16       9.774641465756e-18 
 2314       1.450108774822e-11       1.808824858095e-16       9.709834430400e-18 
 2315       1.450661535196e-11       1.805599729749e-16       9.647707063759e-18 
 2316       1.451244152241e-11       1.802381639535e-16       9.588322418013e-18 
 2317       1.451854748422e-11       1.799170568643e-16       9.531743744602e-18 
 2318       1.452491439521e-11       1.795966498118e-16       9.478034494437e-18 
 2319       1.453152334627e-11       1.792769408860e-16       9.427258318106e-18 
 2320       1.453835536131e-11       1.789579281624e-16       9.379479066085e-18 
 2321       1.454539139714e-11       1.786396097020e-16       9.334760788944e-18 
 2322       1.455261234348e-11       1.783219835513e-16       9.293167737557e-18 
 2323       1.455999902280e-11       1.780050477422e-16       9.254764363307e-18 
 2324       1.456753219030e-11       1.776888002919e-16       9.219615318300e-18 
 2325       1.457519253383e-11       1.773732392033e-16       9.187785455566e-18 
 2326       1.458296067379e-11       1.770583624645e-16       9.159339829274e-18 
 2327       1.459081716310e-11       1.767441680488e-16       9.134343694934e-18 
 2328       1.459874248709e-11       1.764306539152e-16       9.112862509613e-18 
 2329       1.460671706345e-11       1.761178180078e-16       9.094961932134e-18 
 2330       1.461472124214e-11       1.758056582559e-16       9.080707823292e-18 
 2331       1.462273651071e-11       1.754941727218e-16       9.070128124699e-18 
 2332       1.463074911867e-11       1.751833600431e-16       9.063098233257e-18 
 2333       1.463874647573e-11       1.748732189931e-16       9.059454907147e-18 
 2334       1.464671594842e-11       1.745637483331e-16       9.059034321174e-18 
 2335       1.465464486011e-11       1.742549468128e-16       9.061672066142e-18 
 2336       1.466252049090e-11       1.739468131701e-16       9.067203148212e-18 
 2337       1.467033007760e-11       1.736393461311e-16       9.075461988277e-18 
 2338       1.467806081370e-11       1.733325444103e-16       9.086282421321e-18 
 2339       1.468569984927e-11       1.730264067100e-16       9.099497695791e-18 
 2340       1.469323429097e-11       1.727209317210e-16       9.114940472962e-18 
 2341       1.470065120199e-11       1.724161181222e-16       9.132442826304e-18 
 2342       1.470793760198e-11       1.721119645805e-16       9.151836240847e-18 
 2343       1.471508046703e-11       1.718084697510e-16       9.172951612550e-18 
 2344       1.472206672962e-11       1.715056322771e-16       9.195619247667e-18 
 2345       1.472888327853e-11       1.712034507900e-16       9.219668862112e-18 
 2346       1.473551695889e-11       1.709019239091e-16       9.244929580828e-18 
 2347       1.474195457203e-11       1.706010502420e-16       9.271229937153e-18 
 2348       1.474818287549e-11       1.703008283840e-16       9.298397872186e-18 
 2349       1.475418858297e-11       1.700012569188e-16       9.326260734155e-18 
 2350       1.475995836428e-11       1.697023344180e-16       9.354645277780e-18 
 2351       1.476547884527e-11       1.694040594410e-16       9.383377663646e-18 
 2352       1.477073660783e-11       1.691064305354e-16       9.412283457565e-18 
 2353       1.477571818980e-11       1.688094462368e-16       9.441187629942e-18 
 2354       1.478041008494e-11       1.685131050685e-16       9.469914555146e-18 
 2355       1.478479874290e-11       1.682174055421e-16       9.498288010873e-18 
 2356       1.478887056914e-11       1.679223461567e-16       9.526131177515e-18 
 2357       1.479261192493e-11       1.676279253997e-16       9.553266637523e-18 
 2358       1.479600912725e-11       1.673341417461e-16       9.579516374780e-18 
 2359       1.479904844878e-11       1.670409936590e-16       9.604701773960e-18 
 2360       1.480171611785e-11       1.667484795891e-16       9.628643619902e-18 
 2361       1.480399831839e-11       1.664565979751e-16       9.651162096972e-18 
 2362       1.480588118986e-11       1.661653472435e-16       9.672076788430e-18 
 2363       1.480735082724e-11       1.658747258087e-16       9.691206675799e-18 
 2364       1.480839328099e-11       1.655847320727e-16       9.708370138230e-18 
 2365       1.480899455694e-11       1.652953644255e-16       9.723384951869e-18 
 2366       1.480914061633e-11       1.650066212446e-16       9.736068289223e-18 
 2367       1.480881737568e-11       1.647185008954e-16       9.746236718530e-18 
 2368       1.480801070682e-11       1.644310017311e-16       9.753706203120e-18 
 2369       1.480670643680e-11       1.641441220925e-16       9.758292100787e-18 
 2370       1.480489034783e-11       1.638578603081e-16       9.759809163152e-18 
 2371       1.480255020447e-11       1.635722147347e-16       9.758136455582e-18 
 2372       1.479968184882e-11       1.632871838793e-16       9.753412556303e-18 
 2373       1.479628314288e-11       1.630027662778e-16       9.745841561411e-18 
 2374       1.479235194471e-11       1.627189604546e-16       9.735628274531e-18 
 2375       1.478788610850e-11       1.624357649227e-16       9.722978207561e-18 
 2376       1.478288348450e-11       1.621531781834e-16       9.708097581435e-18 
 2377       1.477734191908e-11       1.618711987262e-16       9.691193326866e-18 
 2378       1.477125925467e-11       1.615898250294e-16       9.672473085102e-18 
 2379       1.476463332979e-11       1.613090555593e-16       9.652145208677e-18 
 2380       1.475746197905e-11       1.610288887709e-16       9.630418762162e-18 
 2381       1.474974303313e-11       1.607493231074e-16       9.607503522920e-18 
 2382       1.474147431877e-11       1.604703570002e-16       9.583609981853e-18 
 2383       1.473265365881e-11       1.601919888692e-16       9.558949344160e-18 
 2384       1.472327887213e-11       1.599142171227e-16       9.533733530083e-18 
 2385       1.471334777369e-11       1.596370401570e-16       9.508175175661e-18 
 2386       1.470285817451e-11       1.593604563568e-16       9.482487633484e-18 
 2387       1.469180788166e-11       1.590844640952e-16       9.456884973443e-18 
 2388       1.468019469827e-11       1.588090617334e-16       9.431581983481e-18 
 2389       1.466801642354e-11       1.585342476209e-16       9.406794170348e-18 
 2390       1.465527085270e-11       1.582600200953e-16       9.382737760348e-18 
 2391       1.464195577703e-11       1.579863774825e-16       9.359629700097e-18 
 2392       1.462806898386e-11       1.577133180966e-16       9.337687657270e-18 
 2393       1.461360825655e-11       1.574408402399e-16       9.317130021354e-18 
 2394       1.459857137452e-11       1.571689422027e-16       9.298175904402e-18 
 2395       1.458295611319e-11       1.568976222636e-16       9.281045141783e-18 
 2396       1.456676024406e-11       1.566268786893e-16       9.265958292934e-18 
 2397       1.454998153461e-11       1.563567097344e-16       9.253136642113e-18 
 2398       1.453261774838e-11       1.560871136420e-16       9.242802199147e-18 
 2399       1.451466664492e-11       1.558180886428e-16       9.235177700193e-18 
 2400       1.449612597981e-11       1.555496329561e-16       9.230486608477e-18 
 2401       1.447699350463e-11       1.552817447888e-16       9.228953115059e-18 
 2402       1.445726696698e-11       1.550144223360e-16       9.230802139574e-18 
 2403       1.443694411048e-11       1.547476637809e-16       9.236259330991e-18 
 2404       1.441602267476e-11       1.544814672947e-16       9.245551068363e-18 
 2405       1.439450039545e-11       1.542158310363e-16       9.258904461576e-18 
 2406       1.437237500418e-11       1.539507531530e-16       9.276547352105e-18 
 2407       1.434964422857e-11       1.536862317797e-16       9.298708313765e-18 
 2408       1.432630579226e-11       1.534222650396e-16       9.325616653461e-18 
 2409       1.430235741487e-11       1.531588510435e-16       9.357502411940e-18 
 2410       1.427779681202e-11       1.528959878903e-16       9.394596364546e-18 
 2411       1.425262328428e-11       1.526336738024e-16       9.437067135358e-18 
 2412       1.422684249477e-11       1.523719075333e-16       9.484832120790e-18 
 2413       1.420046172056e-11       1.521106879626e-16       9.537745419248e-18 
 2414       1.417348826640e-11       1.518500139602e-16       9.595660612933e-18 
 2415       1.414592946471e-11       1.515898843870e-16       9.658430767291e-18 
 2416       1.411779267566e-11       1.513302980940e-16       9.725908430468e-18 
 2417       1.408908528714e-11       1.510712539229e-16       9.797945632766e-18 
 2418       1.405981471483e-11       1.508127507060e-16       9.874393886093e-18 
 2419       1.402998840221e-11       1.505547872658e-16       9.955104183424e-18 
 2420       1.399961382063e-11       1.502973624157e-16       1.003992699825e-17 
 2421       1.396869846926e-11       1.500404749592e-16       1.012871228402e-17 
 2422       1.393724987520e-11       1.497841236905e-16       1.022130947364e-17 
 2423       1.390527559348e-11       1.495283073942e-16       1.031756747887e-17 
 2424       1.387278320708e-11       1.492730248453e-16       1.041733468981e-17 
 2425       1.383978032695e-11       1.490182748091e-16       1.052045897434e-17 
 2426       1.380627459208e-11       1.487640560416e-16       1.062678767761e-17 
 2427       1.377227366950e-11       1.485103672890e-16       1.073616762144e-17 
 2428       1.373778525433e-11       1.482572072879e-16       1.084844510381e-17 
 2429       1.370281706977e-11       1.480045747654e-16       1.096346589831e-17 
 2430       1.366737686718e-11       1.477524684387e-16       1.108107525358e-17 
 2431       1.363147242607e-11       1.475008870157e-16       1.120111789277e-17 
 2432       1.359511155416e-11       1.472498291945e-16       1.132343801303e-17 
 2433       1.355830208739e-11       1.469992936633e-16       1.144787928489e-17 
 2434       1.352105188996e-11       1.467492791010e-16       1.157428485178e-17 
 2435       1.348336885434e-11       1.464997841765e-16       1.170249732945e-17 
 2436       1.344526090133e-11       1.462508075491e-16       1.183235880546e-17 
 2437       1.340673598009e-11       1.460023478685e-16       1.196371083857e-17 
 2438       1.336780206812e-11       1.457544037744e-16       1.209639445826e-17 
 2439       1.332846717134e-11       1.455069738970e-16       1.223025016415e-17 
 2440       1.328873932413e-11       1.452600568567e-16       1.236511792546e-17 
 2441       1.324862658929e-11       1.450136512639e-16       1.250083718048e-17 
 2442       1.320813705815e-11       1.447677557196e-16       1.263724683599e-17 
 2443       1.316727885055e-11       1.445223688146e-16       1.277418526674e-17 
 2444       1.312606011489e-11       1.442774891302e-16       1.291149031491e-17 
 2445       1.308448902814e-11       1.440331152378e-16       1.304899928954e-17 
 2446       1.304257379590e-11       1.437892456989e-16       1.318654896600e-17 
 2447       1.300032265240e-11       1.435458790653e-16       1.332397558545e-17 
 2448       1.295774386056e-11       1.433030138786e-16       1.346111485427e-17 
 2449       1.291484571199e-11       1.430606486710e-16       1.359780194355e-17 
 2450       1.287163652704e-11       1.428187819645e-16       1.373387148850e-17 
 2451       1.282812502164e-11       1.425774123878e-16       1.386918793699e-17 
 2452       1.278432141024e-11       1.423365390261e-16       1.400373679424e-17 
 2453       1.274023630952e-11       1.420961610731e-16       1.413753392209e-17 
 2454       1.269588037221e-11       1.418562777152e-16       1.427059523956e-17 
 2455       1.265126428712e-11       1.416168881308e-16       1.440293672287e-17 
 2456       1.260639877918e-11       1.413779914908e-16       1.453457440556e-17 
 2457       1.256129460948e-11       1.411395869583e-16       1.466552437847e-17 
 2458       1.251596257531e-11       1.409016736889e-16       1.479580278986e-17 
 2459       1.247041351018e-11       1.406642508305e-16       1.492542584546e-17 
 2460       1.242465828389e-11       1.404273175229e-16       1.505440980849e-17 
 2461       1.237870780252e-11       1.401908728988e-16       1.518277099978e-17 
 2462       1.233257300852e-11       1.399549160827e-16       1.531052579779e-17 
 2463       1.228626488070e-11       1.397194461916e-16       1.543769063870e-17 
 2464       1.223979443430e-11       1.394844623346e-16       1.556428201643e-17 
 2465       1.219317272101e-11       1.392499636133e-16       1.569031648272e-17 
 2466       1.214641082902e-11       1.390159491211e-16       1.581581064722e-17 
 2467       1.209951988303e-11       1.387824179442e-16       1.594078117750e-17 
 2468       1.205251104434e-11       1.385493691604e-16       1.606524479914e-17 
 2469       1.200539551081e-11       1.383168018403e-16       1.618921829578e-17 
 2470       1.195818451698e-11       1.380847150462e-16       1.631271850919e-17 
 2471       1.191088933405e-11       1.378531078329e-16       1.643576233933e-17 
 2472       1.186352126994e-11       1.376219792473e-16       1.655836674438e-17 
 2473       1.181609166931e-11       1.373913283283e-16       1.668054874084e-17 
 2474       1.176861191363e-11       1.371611541073e-16       1.680232540358e-17 
 2475       1.172109342118e-11       1.369314556075e-16       1.692371386590e-17 
 2476       1.167354764711e-11       1.367022318444e-16       1.704473131955e-17 
 2477       1.162598608348e-11       1.364734818256e-16       1.716539501486e-17 
 2478       1.157842025926e-11       1.362452045509e-16       1.728572226076e-17 
 2479       1.153086174043e-11       1.360173990121e-16       1.740573042483e-17 
 2480       1.148332212997e-11       1.357900641931e-16       1.752543693339e-17 
 2481       1.143581306789e-11       1.355631990700e-16       1.764485927154e-17 
 2482       1.138834623130e-11       1.353368026107e-16       1.776401498322e-17 
 2483       1.134093333446e-11       1.351108737756e-16       1.788292167130e-17 
 2484       1.129358612875e-11       1.348854115168e-16       1.800159699759e-17 
 2485       1.124631640276e-11       1.346604147786e-16       1.812005868294e-17 
 2486       1.119913598233e-11       1.344358824973e-16       1.823832450728e-17 
 2487       1.115205673057e-11       1.342118136013e-16       1.835641230970e-17 
 2488       1.110509054787e-11       1.339882070108e-16       1.847433998848e-17 
 2489       1.105824937201e-11       1.337650616383e-16       1.859212550119e-17 
 2490       1.101154517812e-11       1.335423763881e-16       1.870978686470e-17 
 2491       1.096498917487e-11       1.333201501511e-16       1.882733434805e-17 
 2492       1.091858938763e-11       1.330983817878e-16       1.894474700058e-17 
 2493       1.087235306116e-11       1.328770701454e-16       1.906199598593e-17 
 2494       1.082628746224e-11       1.326562140626e-16       1.917905237665e-17 
 2495       1.078039987968e-11       1.324358123702e-16       1.929588715413e-17 
 2496       1.073469762438e-11       1.322158638906e-16       1.941247120848e-17 
 2497       1.068918802931e-11       1.319963674383e-16       1.952877533847e-17 
 2498       1.064387844953e-11       1.317773218194e-16       1.964477025140e-17 
 2499       1.059877626226e-11       1.315587258318e-16       1.976042656306e-17 
 2500       1.055388886685e-11       1.313405782654e-16       1.987571479760e-17 
 2501       1.050922368481e-11       1.311228779016e-16       1.999060538745e-17 
 2502       1.046478815988e-11       1.309056235138e-16       2.010506867323e-17 
 2503       1.042058975798e-11       1.306888138671e-16       2.021907490367e-17 
 2504       1.037663596728e-11       1.304724477182e-16       2.033259423550e-17 
 2505       1.033293429821e-11       1.302565238158e-16       2.044559673338e-17 
 2506       1.028949228346e-11       1.300410409001e-16       2.055805236978e-17 
 2507       1.024631747806e-11       1.298259977032e-16       2.066993102493e-17 
 2508       1.020341745931e-11       1.296113929489e-16       2.078120248668e-17 
 2509       1.016079982691e-11       1.293972253525e-16       2.089183645046e-17 
 2510       1.011847220288e-11       1.291834936211e-16       2.100180251916e-17 
 2511       1.007644223166e-11       1.289701964537e-16       2.111107020304e-17 
 2512       1.003471758007e-11       1.287573325407e-16       2.121960891964e-17 
 2513       9.993305937379e-12       1.285449005642e-16       2.132738799371e-17 
 2514       9.952215015308e-12       1.283328991981e-16       2.143437665707e-17 
 2515       9.911452548046e-12       1.281213271078e-16       2.154054404860e-17 
 2516       9.871026292279e-12       1.279101829503e-16       2.164585921405e-17 
 2517       9.830944027209e-12       1.276994653744e-16       2.175029110605e-17 
 2518       9.791213554578e-12       1.274891730204e-16       2.185380858392e-17 
 2519       9.751842698688e-12       1.272793045201e-16       2.195638041366e-17 
 2520       9.712839306422e-12       1.270698584972e-16       2.205797526783e-17 
 2521       9.674211247267e-12       1.268608335667e-16       2.215856172544e-17 
 2522       9.635966413334e-12       1.266522283353e-16       2.225810827190e-17 
 2523       9.598112719382e-12       1.264440414011e-16       2.235658329888e-17 
 2524       9.560658102836e-12       1.262362713540e-16       2.245395510425e-17 
 2525       9.523610523814e-12       1.260289167752e-16       2.255019189201e-17 
 2526       9.486977965142e-12       1.258219762377e-16       2.264526177215e-17 
 2527       9.450768432381e-12       1.256154483058e-16       2.273913276059e-17 
 2528       9.414989953846e-12       1.254093315355e-16       2.283177277908e-17 
 2529       9.379650580629e-12       1.252036244740e-16       2.292314965511e-17 
 2530       9.344758386618e-12       1.249983256602e-16       2.301323112184e-17 
 2531       9.310320174195e-12       1.247934337546e-16       2.310199174221e-17 
 2532       9.276337583102e-12       1.245889479294e-16       2.318943372543e-17 
 2533       9.242810959101e-12       1.243848674806e-16       2.327556623074e-17 
 2534       9.209740646261e-12       1.241811916983e-16       2.336039845420e-17 
 2535       9.177126986951e-12       1.239779198662e-16       2.344393962866e-17 
 2536       9.144970321839e-12       1.237750512622e-16       2.352619902388e-17 
 2537       9.113270989887e-12       1.235725851578e-16       2.360718594647e-17 
 2538       9.082029328351e-12       1.233705208186e-16       2.368690974004e-17 
 2539       9.051245672779e-12       1.231688575041e-16       2.376537978513e-17 
 2540       9.020920357004e-12       1.229675944676e-16       2.384260549934e-17 
 2541       8.991053713147e-12       1.227667309562e-16       2.391859633730e-17 
 2542       8.961646071609e-12       1.225662662110e-16       2.399336179076e-17 
 2543       8.932697761072e-12       1.223661994669e-16       2.406691138861e-17 
 2544       8.904209108496e-12       1.221665299525e-16       2.413925469689e-17 
 2545       8.876180439115e-12       1.219672568905e-16       2.421040131888e-17 
 2546       8.848612076435e-12       1.217683794972e-16       2.428036089510e-17 
 2547       8.821504342231e-12       1.215698969830e-16       2.434914310338e-17 
 2548       8.794857556546e-12       1.213718085517e-16       2.441675765887e-17 
 2549       8.768672037686e-12       1.211741134013e-16       2.448321431409e-17 
 2550       8.742948102219e-12       1.209768107233e-16       2.454852285897e-17 
 2551       8.717686064972e-12       1.207798997033e-16       2.461269312091e-17 
 2552       8.692886239027e-12       1.205833795204e-16       2.467573496477e-17 
 2553       8.668548935722e-12       1.203872493476e-16       2.473765829294e-17 
 2554       8.644674464643e-12       1.201915083517e-16       2.479847304540e-17 
 2555       8.621263133628e-12       1.199961556932e-16       2.485818919972e-17 
 2556       8.598315248757e-12       1.198011905264e-16       2.491681677110e-17 
 2557       8.575831114355e-12       1.196066119993e-16       2.497436581245e-17 
 2558       8.553811032987e-12       1.194124192536e-16       2.503084641438e-17 
 2559       8.532255305457e-12       1.192186114249e-16       2.508626870527e-17 
 2560       8.511164230803e-12       1.190251876424e-16       2.514064285130e-17 
 2561       8.490538106295e-12       1.188321470290e-16       2.519397905648e-17 
 2562       8.470377227435e-12       1.186394887014e-16       2.524628756272e-17 
 2563       8.450681887949e-12       1.184472117698e-16       2.529757864983e-17 
 2564       8.431452379792e-12       1.182553153384e-16       2.534786263557e-17 
 2565       8.412688993137e-12       1.180637985048e-16       2.539714987570e-17 
 2566       8.394392016379e-12       1.178726603604e-16       2.544545076402e-17 
 2567       8.376561736128e-12       1.176818999904e-16       2.549277573239e-17 
 2568       8.359198437210e-12       1.174915164734e-16       2.553913525080e-17 
 2569       8.342302402662e-12       1.173015088819e-16       2.558453982738e-17 
 2570       8.325873913728e-12       1.171118762818e-16       2.562900000843e-17 
 2571       8.309912281988e-12       1.169226177841e-16       2.567252209677e-17 
 2572       8.294412939717e-12       1.167337326986e-16       2.571509527981e-17 
 2573       8.279370332946e-12       1.165452203806e-16       2.575670442824e-17 
 2574       8.264778887809e-12       1.163570801802e-16       2.579733437101e-17 
 2575       8.250633010525e-12       1.161693114420e-16       2.583696989535e-17 
 2576       8.236927087376e-12       1.159819135052e-16       2.587559574672e-17 
 2577       8.223655484688e-12       1.157948857036e-16       2.591319662874e-17 
 2578       8.210812548808e-12       1.156082273652e-16       2.594975720318e-17 
 2579       8.198392606088e-12       1.154219378131e-16       2.598526208990e-17 
 2580       8.186389962861e-12       1.152360163645e-16       2.601969586686e-17 
 2581       8.174798905423e-12       1.150504623314e-16       2.605304307000e-17 
 2582       8.163613700014e-12       1.148652750200e-16       2.608528819328e-17 
 2583       8.152828592793e-12       1.146804537314e-16       2.611641568860e-17 
 2584       8.142437809824e-12       1.144959977609e-16       2.614640996576e-17 
 2585       8.132435557049e-12       1.143119063985e-16       2.617525539244e-17 
 2586       8.122816020274e-12       1.141281789287e-16       2.620293629415e-17 
 2587       8.113573365146e-12       1.139448146302e-16       2.622943695419e-17 
 2588       8.104701737134e-12       1.137618127766e-16       2.625474161362e-17 
 2589       8.096195261505e-12       1.135791726356e-16       2.627883447121e-17 
 2590       8.088048043309e-12       1.133968934697e-16       2.630169968341e-17 
 2591       8.080254167357e-12       1.132149745356e-16       2.632332136430e-17 
 2592       8.072807698198e-12       1.130334150846e-16       2.634368358558e-17 
 2593       8.065702680102e-12       1.128522143624e-16       2.636277037648e-17 
 2594       8.058933137040e-12       1.126713716092e-16       2.638056572379e-17 
 2595       8.052493072662e-12       1.124908860594e-16       2.639705357174e-17 
 2596       8.046376470277e-12       1.123107569423e-16       2.641221782204e-17 
 2597       8.040577292834e-12       1.121309834811e-16       2.642604233380e-17 
 2598       8.035089482901e-12       1.119515648938e-16       2.643851092346e-17 
 2599       8.029906962644e-12       1.117725003926e-16       2.644960736484e-17 
 2600       8.025023633810e-12       1.115937891842e-16       2.645931538903e-17 
 2601       8.020433377702e-12       1.114154304696e-16       2.646761868434e-17 
 2602       8.016130055163e-12       1.112374234443e-16       2.647450089634e-17 
 2603       8.012107506554e-12       1.110597672982e-16       2.647994562775e-17 
 2604       8.008359551732e-12       1.108824612154e-16       2.648393643842e-17 
 2605       8.004879990035e-12       1.107055043746e-16       2.648645684530e-17 
 2606       8.001662600255e-12       1.105288959486e-16       2.648749032240e-17 
 2607       7.998701140626e-12       1.103526351049e-16       2.648702030075e-17 
 2608       7.995989348794e-12       1.101767210050e-16       2.648503016835e-17 
 2609       7.993520941805e-12       1.100011528049e-16       2.648150327015e-17 
 2610       7.991289616081e-12       1.098259296550e-16       2.647642290799e-17 
 2611       7.989288884363e-12       1.096510506971e-16       2.646978535099e-17 
 2612       7.987511585567e-12       1.094765150562e-16       2.646163894640e-17 
 2613       7.985950372141e-12       1.093023218485e-16       2.645204522804e-17 
 2614       7.984597872827e-12       1.091284701846e-16       2.644106592594e-17 
 2615       7.983446692637e-12       1.089549591693e-16       2.642876296660e-17 
 2616       7.982489412833e-12       1.087817879019e-16       2.641519847312e-17 
 2617       7.981718590901e-12       1.086089554756e-16       2.640043476545e-17 
 2618       7.981126760532e-12       1.084364609779e-16       2.638453436050e-17 
 2619       7.980706431594e-12       1.082643034906e-16       2.636755997244e-17 
 2620       7.980450090112e-12       1.080924820898e-16       2.634957451277e-17 
 2621       7.980350198245e-12       1.079209958457e-16       2.633064109061e-17 
 2622       7.980399194262e-12       1.077498438226e-16       2.631082301282e-17 
 2623       7.980589492517e-12       1.075790250792e-16       2.629018378424e-17 
 2624       7.980913483432e-12       1.074085386683e-16       2.626878710785e-17 
 2625       7.981363533467e-12       1.072383836369e-16       2.624669688497e-17 
 2626       7.981931985100e-12       1.070685590262e-16       2.622397721545e-17 
 2627       7.982611156806e-12       1.068990638715e-16       2.620069239786e-17 
 2628       7.983393343029e-12       1.067298972024e-16       2.617690692967e-17 
 2629       7.984270814164e-12       1.065610580424e-16       2.615268550746e-17 
 2630       7.985235816532e-12       1.063925454094e-16       2.612809302711e-17 
 2631       7.986280572353e-12       1.062243583153e-16       2.610319458396e-17 
 2632       7.987397279730e-12       1.060564957664e-16       2.607805547302e-17 
 2633       7.988578112623e-12       1.058889567627e-16       2.605274118918e-17 
 2634       7.989815220822e-12       1.057217402987e-16       2.602731742738e-17 
 2635       7.991100729930e-12       1.055548453627e-16       2.600185008277e-17 
 2636       7.992426741336e-12       1.053882709375e-16       2.597640525096e-17 
 2637       7.993785332195e-12       1.052220159997e-16       2.595104922818e-17 
 2638       7.995168555402e-12       1.050560795201e-16       2.592584851146e-17 
 2639       7.996568439569e-12       1.048904604636e-16       2.590086979883e-17 
 2640       7.997976989004e-12       1.047251577890e-16       2.587617998953e-17 
 2641       7.999386183688e-12       1.045601704496e-16       2.585184618416e-17 
 2642       8.000787979249e-12       1.043954973923e-16       2.582793568490e-17 
 2643       8.002174306943e-12       1.042311375584e-16       2.580451599571e-17 
 2644       8.003537073627e-12       1.040670898830e-16       2.578165482247e-17 
 2645       8.004868161738e-12       1.039033532956e-16       2.575942007322e-17 
 2646       8.006159429271e-12       1.037399267193e-16       2.573787985834e-17 
 2647       8.007402709753e-12       1.035768090716e-16       2.571710249072e-17 
 2648       8.008589812221e-12       1.034139992639e-16       2.569715648597e-17 
 2649       8.009712521202e-12       1.032514962016e-16       2.567811056261e-17 
 2650       8.010762596686e-12       1.030892987841e-16       2.566003364222e-17 
 2651       8.011732361377e-12       1.029274060375e-16       2.564296758075e-17 
 2652       8.012616466044e-12       1.027658175131e-16       2.562684519720e-17 
 2653       8.013410133874e-12       1.026045328909e-16       2.561157179246e-17 
 2654       8.014108574074e-12       1.024435518475e-16       2.559705237689e-17 
 2655       8.014706981859e-12       1.022828740557e-16       2.558319167004e-17 
 2656       8.015200538438e-12       1.021224991847e-16       2.556989410036e-17 
 2657       8.015584410997e-12       1.019624269002e-16       2.555706380494e-17 
 2658       8.015853752693e-12       1.018026568642e-16       2.554460462923e-17 
 2659       8.016003702637e-12       1.016431887350e-16       2.553242012676e-17 
 2660       8.016029385878e-12       1.014840221676e-16       2.552041355887e-17 
 2661       8.015925913397e-12       1.013251568129e-16       2.550848789445e-17 
 2662       8.015688382089e-12       1.011665923184e-16       2.549654580962e-17 
 2663       8.015311874752e-12       1.010083283280e-16       2.548448968750e-17 
 2664       8.014791460070e-12       1.008503644819e-16       2.547222161792e-17 
 2665       8.014122192608e-12       1.006927004165e-16       2.545964339712e-17 
 2666       8.013299112791e-12       1.005353357649e-16       2.544665652754e-17 
 2667       8.012317246893e-12       1.003782701561e-16       2.543316221745e-17 
 2668       8.011171607029e-12       1.002215032157e-16       2.541906138078e-17 
 2669       8.009857191134e-12       1.000650345656e-16       2.540425463674e-17 
 2670       8.008368982957e-12       9.990886382404e-17       2.538864230963e-17 
 2671       8.006701952042e-12       9.975299060548e-17       2.537212442853e-17 
 2672       8.004851053720e-12       9.959741452077e-17       2.535460072701e-17 
 2673       8.002811229094e-12       9.944213517705e-17       2.533597064287e-17 
 2674       8.000577405024e-12       9.928715217778e-17       2.531613331788e-17 
 2675       7.998144494117e-12       9.913246512272e-17       2.529498759749e-17 
 2676       7.995507394713e-12       9.897807360790e-17       2.527243203053e-17 
 2677       7.992660990870e-12       9.882397722569e-17       2.524836486899e-17 
 2678       7.989600152355e-12       9.867017556471e-17       2.522268406769e-17 
 2679       7.986319734625e-12       9.851666820989e-17       2.519528728405e-17 
 2680       7.982814578823e-12       9.836345474242e-17       2.516607187777e-17 
 2681       7.979079511753e-12       9.821053473978e-17       2.513493491060e-17 
 2682       7.975109345879e-12       9.805790777572e-17       2.510177314603e-17 
 2683       7.970898879304e-12       9.790557342025e-17       2.506648304902e-17 
 2684       7.966442895759e-12       9.775353123965e-17       2.502896078576e-17 
 2685       7.961736164591e-12       9.760178079646e-17       2.498910222334e-17 
 2686       7.956773440749e-12       9.745032164946e-17       2.494680292951e-17 
 2687       7.951549464771e-12       9.729915335368e-17       2.490195817241e-17 
 2688       7.946058962773e-12       9.714827546043e-17       2.485446292026e-17 
 2689       7.940296646432e-12       9.699768751721e-17       2.480421184112e-17 
 2690       7.934257212976e-12       9.684738906778e-17       2.475109930259e-17 
 2691       7.927936223694e-12       9.669737961090e-17       2.469505078584e-17 
 2692       7.921332744712e-12       9.654765847626e-17       2.463611731497e-17 
 2693       7.914446720564e-12       9.639822494789e-17       2.457438154096e-17 
 2694       7.907278096971e-12       9.624907830527e-17       2.450992637431e-17 
 2695       7.899826820845e-12       9.610021782337e-17       2.444283498532e-17 
 2696       7.892092840289e-12       9.595164277263e-17       2.437319080425e-17 
 2697       7.884076104601e-12       9.580335241896e-17       2.430107752166e-17 
 2698       7.875776564272e-12       9.565534602372e-17       2.422657908860e-17 
 2699       7.867194170990e-12       9.550762284373e-17       2.414977971686e-17 
 2700       7.858328877642e-12       9.536018213128e-17       2.407076387923e-17 
 2701       7.849180638312e-12       9.521302313408e-17       2.398961630974e-17 
 2702       7.839749408286e-12       9.506614509529e-17       2.390642200389e-17 
 2703       7.830035144054e-12       9.491954725352e-17       2.382126621893e-17 
 2704       7.820037803307e-12       9.477322884278e-17       2.373423447406e-17 
 2705       7.809757344944e-12       9.462718909253e-17       2.364541255071e-17 
 2706       7.799193729068e-12       9.448142722764e-17       2.355488649278e-17 
 2707       7.788346916994e-12       9.433594246840e-17       2.346274260686e-17 
 2708       7.777216871245e-12       9.419073403052e-17       2.336906746251e-17 
 2709       7.765803555554e-12       9.404580112509e-17       2.327394789249e-17 
 2710       7.754106934870e-12       9.390114295862e-17       2.317747099298e-17 
 2711       7.742126975355e-12       9.375675873301e-17       2.307972412388e-17 
 2712       7.729863644386e-12       9.361264764555e-17       2.298079490901e-17 
 2713       7.717316910560e-12       9.346880888890e-17       2.288077123636e-17 
 2714       7.704486743690e-12       9.332524165113e-17       2.277974125835e-17 
 2715       7.691373114812e-12       9.318194511566e-17       2.267779339209e-17 
 2716       7.677975996184e-12       9.303891846129e-17       2.257501631957e-17 
 2717       7.664295361285e-12       9.289616086217e-17       2.247149898797e-17 
 2718       7.650331184822e-12       9.275367148784e-17       2.236733060984e-17 
 2719       7.636083442726e-12       9.261144950316e-17       2.226260066343e-17 
 2720       7.621552112160e-12       9.246949406835e-17       2.215739889283e-17 
 2721       7.606737171511e-12       9.232780433899e-17       2.205181530831e-17 
 2722       7.591638600403e-12       9.218637946598e-17       2.194594018651e-17 
 2723       7.576256379688e-12       9.204521859557e-17       2.183986407070e-17 
 2724       7.560590491454e-12       9.190432086931e-17       2.173367777102e-17 
 2725       7.544640919026e-12       9.176368542410e-17       2.162747236474e-17 
 2726       7.528407646963e-12       9.162331139216e-17       2.152133919649e-17 
 2727       7.511890661067e-12       9.148319790100e-17       2.141536987852e-17 
 2728       7.495089948375e-12       9.134334407345e-17       2.130965629093e-17 
 2729       7.478005497170e-12       9.120374902766e-17       2.120429058190e-17 
 2730       7.460637296976e-12       9.106441187705e-17       2.109936516800e-17 
 2731       7.442985980056e-12       9.092533180686e-17       2.099495347926e-17 
 2732       7.425054749654e-12       9.078650830407e-17       2.089105208136e-17 
 2733       7.406847462092e-12       9.064794092870e-17       2.078763824361e-17 
 2734       7.388367986234e-12       9.050962923738e-17       2.068468916577e-17 
 2735       7.369620203492e-12       9.037157278335e-17       2.058218197803e-17 
 2736       7.350608007843e-12       9.023377111650e-17       2.048009374089e-17 
 2737       7.331335305834e-12       9.009622378330e-17       2.037840144513e-17 
 2738       7.311806016602e-12       8.995893032685e-17       2.027708201173e-17 
 2739       7.292024071879e-12       8.982189028684e-17       2.017611229184e-17 
 2740       7.271993416009e-12       8.968510319956e-17       2.007546906664e-17 
 2741       7.251718005955e-12       8.954856859792e-17       1.997512904738e-17 
 2742       7.231201811314e-12       8.941228601139e-17       1.987506887521e-17 
 2743       7.210448814329e-12       8.927625496605e-17       1.977526512120e-17 
 2744       7.189463009899e-12       8.914047498456e-17       1.967569428621e-17 
 2745       7.168248405592e-12       8.900494558616e-17       1.957633280088e-17 
 2746       7.146809021657e-12       8.886966628668e-17       1.947715702553e-17 
 2747       7.125148891034e-12       8.873463659850e-17       1.937814325010e-17 
 2748       7.103272059369e-12       8.859985603059e-17       1.927926769411e-17 
 2749       7.081182585022e-12       8.846532408848e-17       1.918050650655e-17 
 2750       7.058884539083e-12       8.833104027425e-17       1.908183576587e-17 
 2751       7.036382005381e-12       8.819700408655e-17       1.898323147987e-17 
 2752       7.013679080495e-12       8.806321502060e-17       1.888466958566e-17 
 2753       6.990779873770e-12       8.792967256813e-17       1.878612594959e-17 
 2754       6.967688507324e-12       8.779637621746e-17       1.868757636717e-17 
 2755       6.944409116064e-12       8.766332545342e-17       1.858899656304e-17 
 2756       6.920945847693e-12       8.753051975739e-17       1.849036219087e-17 
 2757       6.897302862728e-12       8.739795860729e-17       1.839164883331e-17 
 2758       6.873484334506e-12       8.726564147757e-17       1.829283200195e-17 
 2759       6.849494449200e-12       8.713356783921e-17       1.819388713718e-17 
 2760       6.825337405828e-12       8.700173715969e-17       1.809478960824e-17 
 2761       6.801017416266e-12       8.687014890304e-17       1.799551471304e-17 
 2762       6.776538705261e-12       8.673880252979e-17       1.789603767818e-17 
 2763       6.751905510442e-12       8.660769749698e-17       1.779633365883e-17 
 2764       6.727122082329e-12       8.647683325817e-17       1.769637773870e-17 
 2765       6.702192684348e-12       8.634620926341e-17       1.759614492997e-17 
 2766       6.677121592845e-12       8.621582495925e-17       1.749561017320e-17 
 2767       6.651913097093e-12       8.608567978876e-17       1.739474833730e-17 
 2768       6.626571499304e-12       8.595577319147e-17       1.729353421945e-17 
 2769       6.601101114645e-12       8.582610460342e-17       1.719194254502e-17 
 2770       6.575506271248e-12       8.569667345712e-17       1.708994796753e-17 
 2771       6.549791412184e-12       8.556747922198e-17       1.698753371385e-17 
 2772       6.523961401961e-12       8.543852152573e-17       1.688471756983e-17 
 2773       6.498021221673e-12       8.530980003362e-17       1.678152603184e-17 
 2774       6.471975867193e-12       8.518131440807e-17       1.667798567413e-17 
 2775       6.445830349188e-12       8.505306430866e-17       1.657412314880e-17 
 2776       6.419589693133e-12       8.492504939214e-17       1.646996518593e-17 
 2777       6.393258939320e-12       8.479726931243e-17       1.636553859366e-17 
 2778       6.366843142881e-12       8.466972372059e-17       1.626087025822e-17 
 2779       6.340347373790e-12       8.454241226484e-17       1.615598714402e-17 
 2780       6.313776716884e-12       8.441533459055e-17       1.605091629371e-17 
 2781       6.287136271874e-12       8.428849034024e-17       1.594568482829e-17 
 2782       6.260431153361e-12       8.416187915357e-17       1.584031994713e-17 
 2783       6.233666490842e-12       8.403550066735e-17       1.573484892805e-17 
 2784       6.206847428733e-12       8.390935451551e-17       1.562929912744e-17 
 2785       6.179979126377e-12       8.378344032913e-17       1.552369798025e-17 
 2786       6.153066758056e-12       8.365775773641e-17       1.541807300013e-17 
 2787       6.126115513010e-12       8.353230636270e-17       1.531245177946e-17 
 2788       6.099130595444e-12       8.340708583044e-17       1.520686198943e-17 
 2789       6.072117224549e-12       8.328209575921e-17       1.510133138014e-17 
 2790       6.045080634506e-12       8.315733576572e-17       1.499588778062e-17 
 2791       6.018026074509e-12       8.303280546377e-17       1.489055909892e-17 
 2792       5.990958808770e-12       8.290850446428e-17       1.478537332222e-17 
 2793       5.963884116539e-12       8.278443237530e-17       1.468035851682e-17 
 2794       5.936807292113e-12       8.266058880195e-17       1.457554282829e-17 
 2795       5.909733644854e-12       8.253697334647e-17       1.447095448150e-17 
 2796       5.882668499196e-12       8.241358560821e-17       1.436662178070e-17 
 2797       5.855617194664e-12       8.229042518359e-17       1.426257310956e-17 
 2798       5.828585085886e-12       8.216749166614e-17       1.415883693131e-17 
 2799       5.801577542603e-12       8.204478464647e-17       1.405544178875e-17 
 2800       5.774599949690e-12       8.192230371228e-17       1.395241630433e-17 
 2801       5.747657707159e-12       8.180004844836e-17       1.384978918023e-17 
 2802       5.720756230184e-12       8.167801843656e-17       1.374758919847e-17 
 2803       5.693900949103e-12       8.155621325582e-17       1.364584522088e-17 
 2804       5.667097309442e-12       8.143463248215e-17       1.354458618927e-17 
 2805       5.640350771919e-12       8.131327568863e-17       1.344384112547e-17 
 2806       5.613666812466e-12       8.119214244540e-17       1.334363913135e-17 
 2807       5.587050922234e-12       8.107123231967e-17       1.324400938897e-17 
 2808       5.560508607614e-12       8.095054487572e-17       1.314498116061e-17 
 2809       5.534045390245e-12       8.083007967485e-17       1.304658378881e-17 
 2810       5.507666807032e-12       8.070983627546e-17       1.294884669653e-17 
 2811       5.481378025020e-12       8.058981421170e-17       1.285179508942e-17 
 2812       5.455182683823e-12       8.047001292958e-17       1.275543703844e-17 
 2813       5.429084047191e-12       8.035043185057e-17       1.265977633010e-17 
 2814       5.403085387609e-12       8.023107039280e-17       1.256481675811e-17 
 2815       5.377189986301e-12       8.011192797108e-17       1.247056212334e-17 
 2816       5.351401133239e-12       7.999300399689e-17       1.237701623384e-17 
 2817       5.325722127151e-12       7.987429787836e-17       1.228418290484e-17 
 2818       5.300156275526e-12       7.975580902031e-17       1.219206595877e-17 
 2819       5.274706894625e-12       7.963753682420e-17       1.210066922523e-17 
 2820       5.249377309488e-12       7.951948068815e-17       1.200999654105e-17 
 2821       5.224170853938e-12       7.940164000693e-17       1.192005175025e-17 
 2822       5.199090870593e-12       7.928401417196e-17       1.183083870406e-17 
 2823       5.174140710870e-12       7.916660257132e-17       1.174236126093e-17 
 2824       5.149323734997e-12       7.904940458969e-17       1.165462328653e-17 
 2825       5.124643312016e-12       7.893241960844e-17       1.156762865374e-17 
 2826       5.100102819794e-12       7.881564700552e-17       1.148138124271e-17 
 2827       5.075705645026e-12       7.869908615556e-17       1.139588494077e-17 
 2828       5.051455183248e-12       7.858273642979e-17       1.131114364255e-17 
 2829       5.027354838844e-12       7.846659719606e-17       1.122716124989e-17 
 2830       5.003408025047e-12       7.835066781884e-17       1.114394167189e-17 
 2831       4.979618163956e-12       7.823494765925e-17       1.106148882491e-17 
 2832       4.955988686536e-12       7.811943607497e-17       1.097980663257e-17 
 2833       4.932523032629e-12       7.800413242032e-17       1.089889902577e-17 
 2834       4.909224650963e-12       7.788903604624e-17       1.081876994266e-17 
 2835       4.886096999155e-12       7.777414630022e-17       1.073942332868e-17 
 2836       4.863143543724e-12       7.765946252641e-17       1.066086313657e-17 
 2837       4.840367760092e-12       7.754498406550e-17       1.058309332633e-17 
 2838       4.817773132600e-12       7.743071025482e-17       1.050611786527e-17 
 2839       4.795363154508e-12       7.731664042825e-17       1.042994072799e-17 
 2840       4.773141328006e-12       7.720277391626e-17       1.035456589641e-17 
 2841       4.751111164221e-12       7.708911004593e-17       1.027999735975e-17 
 2842       4.729276183226e-12       7.697564814088e-17       1.020623911454e-17 
 2843       4.707639914045e-12       7.686238752132e-17       1.013329516463e-17 
 2844       4.686205894662e-12       7.674932750403e-17       1.006116952122e-17 
 2845       4.664977672029e-12       7.663646740235e-17       9.989866202797e-18 
 2846       4.643958802073e-12       7.652380652620e-17       9.919389235225e-18 
 2847       4.623152849702e-12       7.641134418204e-17       9.849742651686e-18 
 2848       4.602563388817e-12       7.629907967288e-17       9.780930492715e-18 
 2849       4.582194002314e-12       7.618701229831e-17       9.712956806197e-18 
 2850       4.562048282096e-12       7.607514135445e-17       9.645825647376e-18 
 2851       4.542129243320e-12       7.596346622998e-17       9.579539602856e-18 
 2852       4.522437563848e-12       7.585198669478e-17       9.514095354325e-18 
 2853       4.502973335764e-12       7.574070261275e-17       9.449488092056e-18 
 2854       4.483736650317e-12       7.562961384596e-17       9.385712988819e-18 
 2855       4.464727597915e-12       7.551872025462e-17       9.322765199862e-18 
 2856       4.445946268127e-12       7.540802169710e-17       9.260639862900e-18 
 2857       4.427392749679e-12       7.529751802990e-17       9.199332098092e-18 
 2858       4.409067130454e-12       7.518720910767e-17       9.138837008032e-18 
 2859       4.390969497492e-12       7.507709478322e-17       9.079149677724e-18 
 2860       4.373099936988e-12       7.496717490748e-17       9.020265174573e-18 
 2861       4.355458534292e-12       7.485744932952e-17       8.962178548362e-18 
 2862       4.338045373905e-12       7.474791789655e-17       8.904884831242e-18 
 2863       4.320860539482e-12       7.463858045391e-17       8.848379037708e-18 
 2864       4.303904113827e-12       7.452943684508e-17       8.792656164591e-18 
 2865       4.287176178896e-12       7.442048691165e-17       8.737711191034e-18 
 2866       4.270676815792e-12       7.431173049337e-17       8.683539078478e-18 
 2867       4.254406104767e-12       7.420316742807e-17       8.630134770648e-18 
 2868       4.238364125218e-12       7.409479755175e-17       8.577493193533e-18 
 2869       4.222550955689e-12       7.398662069850e-17       8.525609255371e-18 
 2870       4.206966673868e-12       7.387863670053e-17       8.474477846632e-18 
 2871       4.191611356586e-12       7.377084538818e-17       8.424093840002e-18 
 2872       4.176485079817e-12       7.366324658990e-17       8.374452090366e-18 
 2873       4.161587918676e-12       7.355584013225e-17       8.325547434790e-18 
 2874       4.146919947419e-12       7.344862583989e-17       8.277374692509e-18 
 2875       4.132481239439e-12       7.334160353560e-17       8.229928664905e-18 
 2876       4.118271867270e-12       7.323477304026e-17       8.183204135494e-18 
 2877       4.104291902580e-12       7.312813417286e-17       8.137195869908e-18 
 2878       4.090541416174e-12       7.302168675050e-17       8.091898615879e-18 
 2879       4.077020477995e-12       7.291543058834e-17       8.047307103223e-18 
 2880       4.063729157114e-12       7.280936549968e-17       8.003416043820e-18 
 2881       4.050667521740e-12       7.270349129590e-17       7.960220131603e-18 
 2882       4.037835639210e-12       7.259780778647e-17       7.917714042538e-18 
 2883       4.025233575994e-12       7.249231477894e-17       7.875892434607e-18 
 2884       4.012861397691e-12       7.238701207897e-17       7.834749947794e-18 
 2885       4.000719169026e-12       7.228189949030e-17       7.794281204065e-18 
 2886       3.988806953855e-12       7.217697681475e-17       7.754480807355e-18 
 2887       3.977124815159e-12       7.207224385221e-17       7.715343343549e-18 
 2888       3.965672815043e-12       7.196770040067e-17       7.676863380468e-18 
 2889       3.954451014738e-12       7.186334625619e-17       7.639035467848e-18 
 2890       3.943459474597e-12       7.175918121291e-17       7.601854137329e-18 
 2891       3.932697873869e-12       7.165520501419e-17       7.565315057891e-18 
 2892       3.922164367910e-12       7.155141720577e-17       7.529418508610e-18 
 2893       3.911856725183e-12       7.144781728189e-17       7.494165923467e-18 
 2894       3.901772706946e-12       7.134440473403e-17       7.459558737482e-18 
 2895       3.891910067252e-12       7.124117905094e-17       7.425598386720e-18 
 2896       3.882266552936e-12       7.113813971858e-17       7.392286308286e-18 
 2897       3.872839903613e-12       7.103528622020e-17       7.359623940332e-18 
 2898       3.863627851671e-12       7.093261803627e-17       7.327612722049e-18 
 2899       3.854628122261e-12       7.083013464450e-17       7.296254093672e-18 
 2900       3.845838433296e-12       7.072783551986e-17       7.265549496479e-18 
 2901       3.837256495440e-12       7.062572013452e-17       7.235500372791e-18 
 2902       3.828880012102e-12       7.052378795791e-17       7.206108165971e-18 
 2903       3.820706679433e-12       7.042203845668e-17       7.177374320426e-18 
 2904       3.812734186315e-12       7.032047109470e-17       7.149300281605e-18 
 2905       3.804960214357e-12       7.021908533308e-17       7.121887496000e-18 
 2906       3.797382437887e-12       7.011788063013e-17       7.095137411148e-18 
 2907       3.789998523949e-12       7.001685644140e-17       7.069051475626e-18 
 2908       3.782806132290e-12       6.991601221963e-17       7.043631139057e-18 
 2909       3.775802915361e-12       6.981534741480e-17       7.018877852104e-18 
 2910       3.768986518304e-12       6.971486147408e-17       6.994793066475e-18 
 2911       3.762354578950e-12       6.961455384185e-17       6.971378234922e-18 
 2912       3.755904727810e-12       6.951442395970e-17       6.948634811239e-18 
 2913       3.749634588070e-12       6.941447126641e-17       6.926564250264e-18 
 2914       3.743541775582e-12       6.931469519796e-17       6.905168007877e-18 
 2915       3.737623898860e-12       6.921509518754e-17       6.884447541002e-18 
 2916       3.731878559073e-12       6.911567066553e-17       6.864404307607e-18 
 2917       3.726303350039e-12       6.901642105947e-17       6.845039766703e-18 
 2918       3.720895858215e-12       6.891734579412e-17       6.826355378345e-18 
 2919       3.715653662696e-12       6.881844429140e-17       6.808352603629e-18 
 2920       3.710574335202e-12       6.871971597044e-17       6.791032904698e-18 
 2921       3.705655440079e-12       6.862116024752e-17       6.774397744736e-18 
 2922       3.700894534285e-12       6.852277653611e-17       6.758448587972e-18 
 2923       3.696289167390e-12       6.842456424684e-17       6.743186899678e-18 
 2924       3.691836881563e-12       6.832652278753e-17       6.728614146170e-18 
 2925       3.687535211573e-12       6.822865156314e-17       6.714731794807e-18 
 2926       3.683381684774e-12       6.813094997582e-17       6.701541313992e-18 
 2927       3.679373821106e-12       6.803341742486e-17       6.689044173172e-18 
 2928       3.675509133085e-12       6.793605330672e-17       6.677241842838e-18 
 2929       3.671785125795e-12       6.783885701502e-17       6.666135794525e-18 
 2930       3.668199296884e-12       6.774182794051e-17       6.655727500810e-18 
 2931       3.664748910748e-12       6.764496552212e-17       6.646009630579e-18 
 2932       3.661430319857e-12       6.754826940016e-17       6.636939586745e-18 
 2933       3.658239640022e-12       6.745173926388e-17       6.628465836299e-18 
 2934       3.655172975892e-12       6.735537480050e-17       6.620536702908e-18 
 2935       3.652226420938e-12       6.725917569519e-17       6.613100366798e-18 
 2936       3.649396057447e-12       6.716314163112e-17       6.606104864629e-18 
 2937       3.646677956514e-12       6.706727228943e-17       6.599498089371e-18 
 2938       3.644068178027e-12       6.697156734921e-17       6.593227790183e-18 
 2939       3.641562770661e-12       6.687602648754e-17       6.587241572287e-18 
 2940       3.639157771869e-12       6.678064937944e-17       6.581486896849e-18 
 2941       3.636849207870e-12       6.668543569792e-17       6.575911080855e-18 
 2942       3.634633093641e-12       6.659038511392e-17       6.570461296985e-18 
 2943       3.632505432905e-12       6.649549729637e-17       6.565084573494e-18 
 2944       3.630462218125e-12       6.640077191212e-17       6.559727794087e-18 
 2945       3.628499430490e-12       6.630620862600e-17       6.554337697797e-18 
 2946       3.626613039909e-12       6.621180710079e-17       6.548860878862e-18 
 2947       3.624799005001e-12       6.611756699720e-17       6.543243786600e-18 
 2948       3.623053273082e-12       6.602348797392e-17       6.537432725291e-18 
 2949       3.621371780159e-12       6.592956968755e-17       6.531373854048e-18 
 2950       3.619750450918e-12       6.583581179265e-17       6.525013186698e-18 
 2951       3.618185198715e-12       6.574221394173e-17       6.518296591660e-18 
 2952       3.616671925568e-12       6.564877578523e-17       6.511169791817e-18 
 2953       3.615206522144e-12       6.555549697151e-17       6.503578364399e-18 
 2954       3.613784867752e-12       6.546237714689e-17       6.495467740856e-18 
 2955       3.612402830333e-12       6.536941595561e-17       6.486783206737e-18 
 2956       3.611056266450e-12       6.527661303985e-17       6.477469901566e-18 
 2957       3.609741021276e-12       6.518396803970e-17       6.467472818720e-18 
 2958       3.608452928587e-12       6.509148059320e-17       6.456736805307e-18 
 2959       3.607187810755e-12       6.499915033629e-17       6.445206562041e-18 
 2960       3.605941478731e-12       6.490697690284e-17       6.432826643118e-18 
 2961       3.604709732041e-12       6.481495992464e-17       6.419541456099e-18 
 2962       3.603488358776e-12       6.472309903142e-17       6.405295261779e-18 
 2963       3.602273135578e-12       6.463139385078e-17       6.390032174071e-18 
 2964       3.601059827635e-12       6.453984400828e-17       6.373696159879e-18 
 2965       3.599844188672e-12       6.444844912735e-17       6.356231038977e-18 
 2966       3.598621960935e-12       6.435720882935e-17       6.337580483886e-18 
 2967       3.597388875187e-12       6.426612273355e-17       6.317688019749e-18 
 2968       3.596140650697e-12       6.417519045713e-17       6.296497024210e-18 
 2969       3.594872995230e-12       6.408441161514e-17       6.273950727292e-18 
 2970       3.593581605037e-12       6.399378582056e-17       6.249992211273e-18 
 2971       3.592263222357e-12       6.390331291751e-17       6.224577839634e-18 
 2972       3.590918813635e-12       6.381299368219e-17       6.197717616483e-18 
 2973       3.589550406955e-12       6.372282912540e-17       6.169435025854e-18 
 2974       3.588160035952e-12       6.363282025962e-17       6.139753620759e-18 
 2975       3.586749739819e-12       6.354296809898e-17       6.108697023254e-18 
 2976       3.585321563312e-12       6.345327365926e-17       6.076288924492e-18 
 2977       3.583877556754e-12       6.336373795794e-17       6.042553084788e-18 
 2978       3.582419776040e-12       6.327436201416e-17       6.007513333677e-18 
 2979       3.580950282641e-12       6.318514684871e-17       5.971193569971e-18 
 2980       3.579471143609e-12       6.309609348408e-17       5.933617761823e-18 
 2981       3.577984431582e-12       6.300720294441e-17       5.894809946783e-18 
 2982       3.576492224790e-12       6.291847625551e-17       5.854794231860e-18 
 2983       3.574996607056e-12       6.282991444489e-17       5.813594793579e-18 
 2984       3.573499667804e-12       6.274151854170e-17       5.771235878043e-18 
 2985       3.572003502064e-12       6.265328957680e-17       5.727741800991e-18 
 2986       3.570510210472e-12       6.256522858271e-17       5.683136947861e-18 
 2987       3.569021899281e-12       6.247733659362e-17       5.637445773843e-18 
 2988       3.567540680362e-12       6.238961464541e-17       5.590692803944e-18 
 2989       3.566068671208e-12       6.230206377564e-17       5.542902633048e-18 
 2990       3.564607994943e-12       6.221468502355e-17       5.494099925971e-18 
 2991       3.563160780321e-12       6.212747943005e-17       5.444309417525e-18 
 2992       3.561729161735e-12       6.204044803777e-17       5.393555912574e-18 
 2993       3.560315279219e-12       6.195359189097e-17       5.341864286097e-18 
 2994       3.558921278455e-12       6.186691203565e-17       5.289259483246e-18 
 2995       3.557549310776e-12       6.178040951944e-17       5.235766519405e-18 
 2996       3.556201533173e-12       6.169408539171e-17       5.181410480251e-18 
 2997       3.554880108294e-12       6.160794070349e-17       5.126216521813e-18 
 2998       3.553587204457e-12       6.152197650751e-17       5.070209870529e-18 
 2999       3.552324995647e-12       6.143619385817e-17       5.013415823310e-18 
 3000       3.551095661527e-12       6.135059381158e-17       4.955859747599e-18 
