    2       1.419845181181e-10       8.121100519770e-09       4.769086998737e-10 
    3       1.335021504424e-10       4.971188879432e-09       3.358855676035e-10 
    4       1.257601536828e-10       3.442400410611e-09       2.531511612497e-10 
    5       1.200355283462e-10       2.561400303505e-09       1.992650489851e-10 
    6       1.161068829963e-10       1.995462114430e-09       1.617147106895e-10 
    7       1.135770905583e-10       1.605773869261e-09       1.342576461846e-10 
    8       1.120388588338e-10       1.324050772160e-09       1.134676097629e-10 
    9       1.112916081320e-10       1.112790360990e-09       9.735671395018e-11 
   10       1.111162308900e-10       9.496333830312e-10       8.462849521005e-11 
   11       1.113419336062e-10       8.132623411670e-10       7.509081671562e-11 
   12       1.119433399324e-10       7.104961880158e-10       6.638496043903e-11 
   13       1.127729774922e-10       6.261274941835e-10       5.923478199364e-11 
   14       1.137895900525e-10       5.559318195804e-10       5.303470231184e-11 
   15       1.150244428837e-10       4.968490582675e-10       4.784441809724e-11 
   16       1.163827306231e-10       4.466152814989e-10       4.339720804958e-11 
   17       1.178594128328e-10       4.035236146115e-10       3.952547268950e-11 
   18       1.194344285651e-10       3.661279535718e-10       3.609014842034e-11 
   19       1.211148652471e-10       3.338223432319e-10       3.307547056016e-11 
   20       1.228651053702e-10       3.053741265972e-10       3.043485345156e-11 
   21       1.246838953554e-10       2.803345812616e-10       2.811882952337e-11 
   22       1.265528664827e-10       2.580995897010e-10       2.604087271739e-11 
   23       1.284887913435e-10       2.383706299504e-10       2.418512994203e-11 
   24       1.304949607728e-10       2.206964723731e-10       2.253023560503e-11 
   25       1.325570908823e-10       2.048366738652e-10       2.103311423523e-11 
   26       1.346438817620e-10       1.904801510456e-10       1.963538447180e-11 
   27       1.367682683237e-10       1.775519767812e-10       1.834461287697e-11 
   28       1.389433754695e-10       1.658950106126e-10       1.718068737807e-11 
   29       1.411677635396e-10       1.552256418487e-10       1.614993920898e-11 
   30       1.434424813943e-10       1.454846850827e-10       1.523570307207e-11 
   31       1.457568842878e-10       1.365995012999e-10       1.440093594972e-11 
   32       1.480909448888e-10       1.284291340468e-10       1.360303192585e-11 
   33       1.504461627008e-10       1.209288273134e-10       1.284400468825e-11 
   34       1.528236667060e-10       1.140319139393e-10       1.213758702934e-11 
   35       1.552198199224e-10       1.076354611633e-10       1.149372396049e-11 
   36       1.576427508596e-10       1.017226987226e-10       1.091106853823e-11 
   37       1.601001335494e-10       9.627494857203e-11       1.038118674102e-11 
   38       1.625939420531e-10       9.123461697398e-11       9.889921982554e-12 
   39       1.651219024372e-10       8.652592481927e-11       9.421796682125e-12 
   40       1.676840960297e-10       8.213433080904e-11       8.976210154643e-12 
   41       1.702774708666e-10       7.804818250989e-11       8.555946522686e-12 
   42       1.728933945851e-10       7.423502117311e-11       8.162647476860e-12 
   43       1.755218340323e-10       7.065355643946e-11       7.796782316648e-12 
   44       1.781666848113e-10       6.729819209441e-11       7.457822489171e-12 
   45       1.808343439577e-10       6.416543800578e-11       7.143925387629e-12 
   46       1.835292090927e-10       6.124054316851e-11       6.851745186325e-12 
   47       1.862534556939e-10       5.849661825675e-11       6.576322139462e-12 
   48       1.890075868087e-10       5.590289652696e-11       6.312503852250e-12 
   49       1.917927851329e-10       5.345431754032e-11       6.059941154059e-12 
   50       1.946088412809e-10       5.114877517535e-11       5.819310303646e-12 
   51       1.974532604242e-10       4.897830628855e-11       5.590872233756e-12 
   52       2.003210789724e-10       4.692867950878e-11       5.374440011783e-12 
   53       2.032071237727e-10       4.498385260744e-11       5.169558994800e-12 
   54       2.061138937083e-10       4.314163677834e-11       4.976176583010e-12 
   55       2.090453852985e-10       4.140134364303e-11       4.794087977174e-12 
   56       2.120047484938e-10       3.975906683579e-11       4.622715469386e-12 
   57       2.149942057688e-10       3.820747493128e-11       4.461084821722e-12 
   58       2.180149712157e-10       3.673560437214e-11       4.307801644901e-12 
   59       2.210675267255e-10       3.533187054982e-11       4.161421874781e-12 
   60       2.241527091856e-10       3.399438791123e-11       4.021717318555e-12 
   61       2.272707332189e-10       3.272268477647e-11       3.888662781011e-12 
   62       2.304207888971e-10       3.151459992855e-11       3.762057755115e-12 
   63       2.336009729375e-10       3.036618463098e-11       3.641516159925e-12 
   64       2.368082199018e-10       2.927160464532e-11       3.526456078483e-12 
   65       2.400395538727e-10       2.822474563041e-11       3.416261584362e-12 
   66       2.432963061330e-10       2.722464459875e-11       3.310831105749e-12 
   67       2.465806703671e-10       2.627103699474e-11       3.210127194083e-12 
   68       2.498944297282e-10       2.536270541878e-11       3.114009336380e-12 
   69       2.532389249731e-10       2.449742929186e-11       3.022228506802e-12 
   70       2.566150225955e-10       2.367193452016e-11       2.934421718229e-12 
   71       2.600230829610e-10       2.288184315968e-11       2.850106573831e-12 
   72       2.634632564238e-10       2.212279682108e-11       2.768808226874e-12 
   73       2.669365082960e-10       2.139418838633e-11       2.690480581032e-12 
   74       2.704437339508e-10       2.069605896597e-11       2.615156469718e-12 
   75       2.739854243084e-10       2.002796448911e-11       2.542820027300e-12 
   76       2.775616414583e-10       1.938895216569e-11       2.473404263694e-12 
   77       2.811719942816e-10       1.877753694889e-11       2.406788638953e-12 
   78       2.848156140736e-10       1.819167799737e-11       2.342796637857e-12 
   79       2.884911301658e-10       1.762875513767e-11       2.281193344503e-12 
   80       2.921972118214e-10       1.708621801848e-11       2.221746654649e-12 
   81       2.959343559314e-10       1.656371518744e-11       2.164428491117e-12 
   82       2.997033667319e-10       1.606129352534e-11       2.109244268647e-12 
   83       3.035048034300e-10       1.557874748554e-11       2.056171132179e-12 
   84       3.073389663122e-10       1.511560801346e-11       2.005156709918e-12 
   85       3.112058828533e-10       1.467113146623e-11       1.956117866404e-12 
   86       3.151052938255e-10       1.424428853226e-11       1.908939455574e-12 
   87       3.190366394072e-10       1.383375315078e-11       1.863473073837e-12 
   88       3.229990452916e-10       1.343789143151e-11       1.819535813131e-12 
   89       3.269916569143e-10       1.305514979709e-11       1.776954469610e-12 
   90       3.310147324995e-10       1.268531334185e-11       1.735708835319e-12 
   91       3.350686966817e-10       1.232842537228e-11       1.695808691528e-12 
   92       3.391537990962e-10       1.198440072809e-11       1.657249796068e-12 
   93       3.432701057038e-10       1.165302068269e-11       1.620013317386e-12 
   94       3.474174901144e-10       1.133392784362e-11       1.584065268592e-12 
   95       3.515956249113e-10       1.102662105303e-11       1.549355941511e-12 
   96       3.558039729756e-10       1.073045028810e-11       1.515819340733e-12 
   97       3.600417788097e-10       1.044461156153e-11       1.483372617660e-12 
   98       3.643080598621e-10       1.016814182195e-11       1.451915504561e-12 
   99       3.686018503201e-10       9.900139098968e-12       1.421353813912e-12 
  100       3.729229906435e-10       9.640469540445e-12       1.391674957667e-12 
  101       3.772714342645e-10       9.389151513397e-12       1.362882123040e-12 
  102       3.816469995513e-10       9.146136954423e-12       1.334970890712e-12 
  103       3.860493641921e-10       8.911309000393e-12       1.307928960580e-12 
  104       3.904780595798e-10       8.684479619135e-12       1.281735877512e-12 
  105       3.949324651959e-10       8.465387240128e-12       1.256362757093e-12 
  106       3.994118029953e-10       8.253694385191e-12       1.231772011376e-12 
  107       4.039151317906e-10       8.048985299170e-12       1.207917074636e-12 
  108       4.084413416360e-10       7.850763580635e-12       1.184742129120e-12 
  109       4.129891482123e-10       7.658449812562e-12       1.162181830793e-12 
  110       4.175573138653e-10       7.471511833448e-12       1.140176409678e-12 
  111       4.221453549220e-10       7.289879582396e-12       1.118719755658e-12 
  112       4.267529148071e-10       7.113579158194e-12       1.097817002000e-12 
  113       4.313795421317e-10       6.942603871280e-12       1.077469579147e-12 
  114       4.360246873049e-10       6.776913178026e-12       1.057675091571e-12 
  115       4.406876991457e-10       6.616431615022e-12       1.038427194623e-12 
  116       4.453678214949e-10       6.461047733351e-12       1.019715471384e-12 
  117       4.500641898272e-10       6.310613032878e-12       1.001525309522e-12 
  118       4.547758278629e-10       6.164940896525e-12       9.838377781406e-13 
  119       4.595016441800e-10       6.023805524558e-12       9.666295046315e-13 
  120       4.642404288260e-10       5.886940868861e-12       9.498725515276e-13 
  121       4.689908499299e-10       5.754039567226e-12       9.335342933549e-13 
  122       4.737514503140e-10       5.624751877629e-12       9.175772934846e-13 
  123       4.785208157958e-10       5.498760958313e-12       9.019676081843e-13 
  124       4.832981092028e-10       5.376020770643e-12       8.867010412874e-13 
  125       4.880825916068e-10       5.256543625813e-12       8.717796876727e-13 
  126       4.928734541126e-10       5.140325826756e-12       8.572037199610e-13 
  127       4.976698158210e-10       5.027347203103e-12       8.429713316715e-13 
  128       5.024707217914e-10       4.917570646135e-12       8.290786803773e-13 
  129       5.072751410045e-10       4.810941643744e-12       8.155198308614e-13 
  130       5.120819643250e-10       4.707387815387e-12       8.022866982727e-13 
  131       5.168900024646e-10       4.606818447042e-12       7.893689912820e-13 
  132       5.216979839446e-10       4.509124026168e-12       7.767541552375e-13 
  133       5.265045530584e-10       4.414175776657e-12       7.644273153211e-13 
  134       5.313082678347e-10       4.321825193793e-12       7.523712197041e-13 
  135       5.361075980000e-10       4.231903579207e-12       7.405661827032e-13 
  136       5.409009229413e-10       4.144221575836e-12       7.289900279363e-13 
  137       5.456866736907e-10       4.058609234834e-12       7.176232257593e-13 
  138       5.504637797738e-10       3.975041880066e-12       7.064650258960e-13 
  139       5.552312649537e-10       3.893526446860e-12       6.955188941922e-13 
  140       5.599881062446e-10       3.814061912824e-12       6.847874444692e-13 
  141       5.647332327894e-10       3.736639090063e-12       6.742724146491e-13 
  142       5.694655247362e-10       3.661240417399e-12       6.639746428795e-13 
  143       5.741838121154e-10       3.587839752599e-12       6.538940436586e-13 
  144       5.788868737163e-10       3.516402164584e-12       6.440295839602e-13 
  145       5.835734359641e-10       3.446883725660e-12       6.343792593587e-13 
  146       5.882421717971e-10       3.379231303733e-12       6.249400701540e-13 
  147       5.928916995429e-10       3.313382354530e-12       6.157079974967e-13 
  148       5.975205817960e-10       3.249264713822e-12       6.066779795128e-13 
  149       6.021273242942e-10       3.186796389641e-12       5.978438874291e-13 
  150       6.067103747957e-10       3.125885354504e-12       5.891985016977e-13 
  151       6.112681219557e-10       3.066429337632e-12       5.807334881214e-13 
  152       6.157988942039e-10       3.008315617169e-12       5.724393739785e-13 
  153       6.203010801718e-10       2.951444261608e-12       5.643074715101e-13 
  154       6.247735049353e-10       2.895800721826e-12       5.563358997768e-13 
  155       6.292150867611e-10       2.841389620790e-12       5.485240795407e-13 
  156       6.336247181974e-10       2.788211823085e-12       5.408708223615e-13 
  157       6.380012655707e-10       2.736264346554e-12       5.333743166394e-13 
  158       6.423435684812e-10       2.685540273949e-12       5.260321136575e-13 
  159       6.466504392991e-10       2.636028664578e-12       5.188411136252e-13 
  160       6.509206626603e-10       2.587714465944e-12       5.117975517207e-13 
  161       6.551529949622e-10       2.540578425400e-12       5.048969841337e-13 
  162       6.593461638600e-10       2.494597001787e-12       4.981342741084e-13 
  163       6.634988677624e-10       2.449742277087e-12       4.915035779863e-13 
  164       6.676097753276e-10       2.405981868063e-12       4.849983312488e-13 
  165       6.716775249591e-10       2.363278837912e-12       4.786112345603e-13 
  166       6.757007243020e-10       2.321591607903e-12       4.723342398108e-13 
  167       6.796779497383e-10       2.280873869029e-12       4.661585361587e-13 
  168       6.836077458837e-10       2.241074493652e-12       4.600745360738e-13 
  169       6.874886250826e-10       2.202137447148e-12       4.540718613799e-13 
  170       6.913190669047e-10       2.164001699552e-12       4.481393292976e-13 
  171       6.950976174312e-10       2.126613538089e-12       4.422674671308e-13 
  172       6.988231974595e-10       2.089964841783e-12       4.364563208373e-13 
  173       7.024948191504e-10       2.054057843776e-12       4.307082738313e-13 
  174       7.061114884551e-10       2.018892980240e-12       4.250255733333e-13 
  175       7.096722050181e-10       1.984468852614e-12       4.194103267296e-13 
  176       7.131759620802e-10       1.950782189845e-12       4.138644979318e-13 
  177       7.166217463814e-10       1.917827810636e-12       4.083899037367e-13 
  178       7.200085380644e-10       1.885598585680e-12       4.029882101854e-13 
  179       7.233353105775e-10       1.854085399902e-12       3.976609289234e-13 
  180       7.266010305774e-10       1.823277114707e-12       3.924094135598e-13 
  181       7.298046578328e-10       1.793160530212e-12       3.872348560272e-13 
  182       7.329451451269e-10       1.763720347493e-12       3.821382829411e-13 
  183       7.360214381610e-10       1.734939130827e-12       3.771205519593e-13 
  184       7.390324754572e-10       1.706797269929e-12       3.721823481421e-13 
  185       7.419771882617e-10       1.679272942196e-12       3.673241803112e-13 
  186       7.448545004476e-10       1.652342074950e-12       3.625463774097e-13 
  187       7.476633284183e-10       1.625978307673e-12       3.578490848615e-13 
  188       7.504025810106e-10       1.600152954256e-12       3.532322609310e-13 
  189       7.530711593972e-10       1.574834965235e-12       3.486956730828e-13 
  190       7.556679569906e-10       1.549990890034e-12       3.442388943409e-13 
  191       7.581919319355e-10       1.525591470717e-12       3.398613657059e-13 
  192       7.606423308628e-10       1.501632054266e-12       3.355625962195e-13 
  193       7.630184817710e-10       1.478113642229e-12       3.313419709336e-13 
  194       7.653197230856e-10       1.455036380943e-12       3.271986828018e-13 
  195       7.675454037993e-10       1.432399545475e-12       3.231317292543e-13 
  196       7.696948836127e-10       1.410201523566e-12       3.191399087746e-13 
  197       7.717675330751e-10       1.388439799572e-12       3.152218174747e-13 
  198       7.737627337248e-10       1.367110938400e-12       3.113758456707e-13 
  199       7.756798782299e-10       1.346210569457e-12       3.076001744590e-13 
  200       7.775183705291e-10       1.325733370587e-12       3.038927722920e-13 
  201       7.792776259718e-10       1.305673052011e-12       3.002513915534e-13 
  202       7.809570714590e-10       1.286022340272e-12       2.966735651342e-13 
  203       7.825561455842e-10       1.266772962173e-12       2.931566030088e-13 
  204       7.840742987735e-10       1.247915628719e-12       2.896975888101e-13 
  205       7.855109934264e-10       1.229440019061e-12       2.862933764056e-13 
  206       7.868657040564e-10       1.211334764433e-12       2.829405864733e-13 
  207       7.881379174318e-10       1.193587432096e-12       2.796356030771e-13 
  208       7.893271327160e-10       1.176184509278e-12       2.763745702425e-13 
  209       7.904328616083e-10       1.159111387116e-12       2.731533885330e-13 
  210       7.914546284845e-10       1.142352344596e-12       2.699677116249e-13 
  211       7.923919705373e-10       1.125890532497e-12       2.668129428837e-13 
  212       7.932444379173e-10       1.109707957330e-12       2.636842319399e-13 
  213       7.940116343851e-10       1.093788983649e-12       2.605774835646e-13 
  214       7.946933420309e-10       1.078131137397e-12       2.574924671882e-13 
  215       7.952894052530e-10       1.062735001411e-12       2.544299108468e-13 
  216       7.957996912486e-10       1.047600755868e-12       2.513905069990e-13 
  217       7.962240902607e-10       1.032728171481e-12       2.483749117669e-13 
  218       7.965625158261e-10       1.018116602712e-12       2.453837441771e-13 
  219       7.968149050219e-10       1.003764980969e-12       2.424175854010e-13 
  220       7.969812187133e-10       9.896718078147e-13       2.394769779959e-13 
  221       7.970614418006e-10       9.758351481647e-13       2.365624251454e-13 
  222       7.970555834664e-10       9.622526234966e-13       2.336743899006e-13 
  223       7.969636774233e-10       9.489214050509e-13       2.308132944205e-13 
  224       7.967857821604e-10       9.358382070353e-13       2.279795192128e-13 
  225       7.965219811913e-10       9.229992798289e-13       2.251734023745e-13 
  226       7.961723833010e-10       9.104004031853e-13       2.223952388333e-13 
  227       7.957371227932e-10       8.980368794370e-13       2.196452795874e-13 
  228       7.952163597375e-10       8.859035266988e-13       2.169237309469e-13 
  229       7.946102802168e-10       8.739946720717e-13       2.142307537744e-13 
  230       7.939190965746e-10       8.623041448465e-13       2.115664627257e-13 
  231       7.931430476619e-10       8.508252697079e-13       2.089309254904e-13 
  232       7.922823990850e-10       8.395508599378e-13       2.063241620329e-13 
  233       7.913374434523e-10       8.284732106195e-13       2.037461438331e-13 
  234       7.903085006218e-10       8.175840918413e-13       2.011967931270e-13 
  235       7.891959179483e-10       8.068747419003e-13       1.986759821474e-13 
  236       7.880000705306e-10       7.963358605059e-13       1.961835323650e-13 
  237       7.867213614589e-10       7.859576019841e-13       1.937192137288e-13 
  238       7.853602185631e-10       7.757314651061e-13       1.912828427345e-13 
  239       7.839170839278e-10       7.656561036731e-13       1.888745847919e-13 
  240       7.823924242220e-10       7.557318547761e-13       1.864946687034e-13 
  241       7.807867343788e-10       7.459588710521e-13       1.841432889365e-13 
  242       7.791005378356e-10       7.363371178886e-13       1.818206050726e-13 
  243       7.773343867739e-10       7.268663706288e-13       1.795267412564e-13 
  244       7.754888623593e-10       7.175462117764e-13       1.772617856454e-13 
  245       7.735645749811e-10       7.083760282005e-13       1.750257898589e-13 
  246       7.715621644926e-10       6.993550083407e-13       1.728187684270e-13 
  247       7.694823004504e-10       6.904821394121e-13       1.706406982405e-13 
  248       7.673256823549e-10       6.817562046100e-13       1.684915179994e-13 
  249       7.650930398899e-10       6.731757803150e-13       1.663711276625e-13 
  250       7.627851331621e-10       6.647392332979e-13       1.642793878967e-13 
  251       7.604027529419e-10       6.564447179246e-13       1.622161195261e-13 
  252       7.579467209022e-10       6.482901733614e-13       1.601811029813e-13 
  253       7.554178898591e-10       6.402733207794e-13       1.581740777484e-13 
  254       7.528171440116e-10       6.323916605597e-13       1.561947418186e-13 
  255       7.501453991809e-10       6.246424694985e-13       1.542427511373e-13 
  256       7.474036030512e-10       6.170227980119e-13       1.523177190532e-13 
  257       7.445927354090e-10       6.095294673405e-13       1.504192157676e-13 
  258       7.417138083829e-10       6.021590667552e-13       1.485467677837e-13 
  259       7.387678666839e-10       5.949079507613e-13       1.466998573559e-13 
  260       7.357559878450e-10       5.877722363040e-13       1.448779219389e-13 
  261       7.326792824611e-10       5.807477999728e-13       1.430803536368e-13 
  262       7.295388944289e-10       5.738302752072e-13       1.413064986526e-13 
  263       7.263360011869e-10       5.670150495008e-13       1.395556567374e-13 
  264       7.230718139550e-10       5.602972616070e-13       1.378270806396e-13 
  265       7.197475779746e-10       5.536717987435e-13       1.361199755540e-13 
  266       7.163645153281e-10       5.471342638419e-13       1.344336441410e-13 
  267       7.129236494623e-10       5.406839412348e-13       1.327679314422e-13 
  268       7.094259716032e-10       5.343209865747e-13       1.311228030530e-13 
  269       7.058724974599e-10       5.280454701386e-13       1.294982014250e-13 
  270       7.022642673683e-10       5.218573756717e-13       1.278940455610e-13 
  271       6.986023464331e-10       5.157565992319e-13       1.263102307103e-13 
  272       6.948878246715e-10       5.097429480329e-13       1.247466280636e-13 
  273       6.911218171554e-10       5.038161392891e-13       1.232030844486e-13 
  274       6.873054641546e-10       4.979757990587e-13       1.216794220251e-13 
  275       6.834399312797e-10       4.922214610884e-13       1.201754379798e-13 
  276       6.795264096246e-10       4.865525656566e-13       1.186909042220e-13 
  277       6.755661159099e-10       4.809684584182e-13       1.172255670784e-13 
  278       6.715602926252e-10       4.754683892477e-13       1.157791469887e-13 
  279       6.675102081724e-10       4.700515110836e-13       1.143513382005e-13 
  280       6.634171570084e-10       4.647168787726e-13       1.129418084643e-13 
  281       6.592824597876e-10       4.594634479128e-13       1.115501987293e-13 
  282       6.551074635057e-10       4.542900736985e-13       1.101761228379e-13 
  283       6.508935416414e-10       4.491955097633e-13       1.088191672215e-13 
  284       6.466420943001e-10       4.441784070250e-13       1.074788905954e-13 
  285       6.423545483564e-10       4.392373125285e-13       1.061548236538e-13 
  286       6.380323575972e-10       4.343706682909e-13       1.048464687653e-13 
  287       6.336770028642e-10       4.295768101442e-13       1.035532996680e-13 
  288       6.292899921970e-10       4.248539665804e-13       1.022747611648e-13 
  289       6.248728609761e-10       4.202002575946e-13       1.010102688183e-13 
  290       6.204271720653e-10       4.156136935296e-13       9.975920864630e-14 
  291       6.159545159550e-10       4.110921739193e-13       9.852093681674e-14 
  292       6.114565109050e-10       4.066334863330e-13       9.729477934307e-14 
  293       6.069348030870e-10       4.022353052193e-13       9.608003177939e-14 
  294       6.023910667280e-10       3.978951907497e-13       9.487595891563e-14 
  295       5.978270042527e-10       3.936105876632e-13       9.368179447272e-14 
  296       5.932443464266e-10       3.893788241098e-13       9.249674079783e-14 
  297       5.886447490889e-10       3.851976130936e-13       9.132013455929e-14 
  298       5.840294774945e-10       3.810665861907e-13       9.015195338382e-14 
  299       5.793997068747e-10       3.769858322850e-13       8.899233330351e-14 
  300       5.747566244641e-10       3.729554012296e-13       8.784140490080e-14 
  301       5.701014295028e-10       3.689753033719e-13       8.669929322870e-14 
  302       5.654353332398e-10       3.650455090795e-13       8.556611773105e-14 
  303       5.607595589348e-10       3.611659482648e-13       8.444199216283e-14 
  304       5.560753418616e-10       3.573365099111e-13       8.332702451035e-14 
  305       5.513839293103e-10       3.535570415978e-13       8.222131691158e-14 
  306       5.466865805902e-10       3.498273490255e-13       8.112496557635e-14 
  307       5.419845670321e-10       3.461471955420e-13       8.003806070666e-14 
  308       5.372791719914e-10       3.425163016669e-13       7.896068641691e-14 
  309       5.325716908505e-10       3.389343446177e-13       7.789292065416e-14 
  310       5.278634310216e-10       3.354009578349e-13       7.683483511843e-14 
  311       5.231557119490e-10       3.319157305072e-13       7.578649518289e-14 
  312       5.184498651122e-10       3.284782070974e-13       7.474795981420e-14 
  313       5.137472340283e-10       3.250878868673e-13       7.371928149271e-14 
  314       5.090491742547e-10       3.217442234034e-13       7.270050613276e-14 
  315       5.043570533918e-10       3.184466241421e-13       7.169167300292e-14 
  316       4.996722510856e-10       3.151944498951e-13       7.069281464623e-14 
  317       4.949961590303e-10       3.119870143752e-13       6.970395680053e-14 
  318       4.903301809712e-10       3.088235837211e-13       6.872511831864e-14 
  319       4.856757327068e-10       3.057033760231e-13       6.775631108868e-14 
  320       4.810342420922e-10       3.026255608484e-13       6.679753995429e-14 
  321       4.764071490413e-10       2.995892587668e-13       6.584880263493e-14 
  322       4.717959055294e-10       2.965935408757e-13       6.491008964611e-14 
  323       4.672019755960e-10       2.936374283255e-13       6.398138421964e-14 
  324       4.626268353476e-10       2.907198918454e-13       6.306266222395e-14 
  325       4.580719729600e-10       2.878398512684e-13       6.215389208428e-14 
  326       4.535388886812e-10       2.849961750568e-13       6.125503470299e-14 
  327       4.490290948340e-10       2.821876798277e-13       6.036604337980e-14 
  328       4.445441158186e-10       2.794131298782e-13       5.948686373204e-14 
  329       4.400854881154e-10       2.766712367111e-13       5.861743361494e-14 
  330       4.356547602875e-10       2.739606585599e-13       5.775768304189e-14 
  331       4.312534929833e-10       2.712799999145e-13       5.690753410464e-14 
  332       4.268831401221e-10       2.686280715191e-13       5.606691987245e-14 
  333       4.225446867185e-10       2.660046838685e-13       5.523584216329e-14 
  334       4.182389952582e-10       2.634098874101e-13       5.441431613764e-14 
  335       4.139669229641e-10       2.608437150039e-13       5.360235148821e-14 
  336       4.097293216695e-10       2.583061817302e-13       5.279995238076e-14 
  337       4.055270376926e-10       2.557972846980e-13       5.200711739500e-14 
  338       4.013609117093e-10       2.533170028531e-13       5.122383946544e-14 
  339       3.972317786276e-10       2.508652967861e-13       5.045010582220e-14 
  340       3.931404674607e-10       2.484421085405e-13       4.968589793198e-14 
  341       3.890878012012e-10       2.460473614210e-13       4.893119143880e-14 
  342       3.850745966944e-10       2.436809598015e-13       4.818595610494e-14 
  343       3.811016645122e-10       2.413427889330e-13       4.745015575178e-14 
  344       3.771698088267e-10       2.390327147524e-13       4.672374820065e-14 
  345       3.732798272839e-10       2.367505836896e-13       4.600668521370e-14 
  346       3.694325108774e-10       2.344962224766e-13       4.529891243477e-14 
  347       3.656286438221e-10       2.322694379550e-13       4.460036933022e-14 
  348       3.618690034279e-10       2.300700168844e-13       4.391098912982e-14 
  349       3.581543599732e-10       2.278977257503e-13       4.323069876761e-14 
  350       3.544854765789e-10       2.257523105724e-13       4.255941882274e-14 
  351       3.508631090817e-10       2.236334967127e-13       4.189706346035e-14 
  352       3.472880059083e-10       2.215409886837e-13       4.124354037242e-14 
  353       3.437609079487e-10       2.194744699560e-13       4.059875071865e-14 
  354       3.402825484297e-10       2.174336027673e-13       3.996258906727e-14 
  355       3.368536527892e-10       2.154180279297e-13       3.933494333598e-14 
  356       3.334749385495e-10       2.134273646382e-13       3.871569473273e-14 
  357       3.301471151908e-10       2.114612102789e-13       3.810471769663e-14 
  358       3.268708840253e-10       2.095191402368e-13       3.750187983882e-14 
  359       3.236469380708e-10       2.076007077042e-13       3.690704188327e-14 
  360       3.204759619240e-10       2.057054434889e-13       3.632005760771e-14 
  361       3.173586316348e-10       2.038328558217e-13       3.574077378445e-14 
  362       3.142956145794e-10       2.019824301653e-13       3.516903012124e-14 
  363       3.112875693343e-10       2.001536290220e-13       3.460465920217e-14 
  364       3.083351455501e-10       1.983458917419e-13       3.404748642848e-14 
  365       3.054389838247e-10       1.965586343308e-13       3.349732995946e-14 
  366       3.025997155777e-10       1.947912492588e-13       3.295400065326e-14 
  367       2.998179629234e-10       1.930431052680e-13       3.241730200783e-14 
  368       2.970943385448e-10       1.913135471808e-13       3.188703010171e-14 
  369       2.944294455674e-10       1.896018957079e-13       3.136297353493e-14 
  370       2.918238774326e-10       1.879074472566e-13       3.084491336983e-14 
  371       2.892781553845e-10       1.862296020894e-13       3.033266407275e-14 
  372       2.867925384928e-10       1.845682547193e-13       2.982619822540e-14 
  373       2.843672059534e-10       1.829234184031e-13       2.932552657385e-14 
  374       2.820023186258e-10       1.812950980891e-13       2.883065744451e-14 
  375       2.796980188521e-10       1.796832903362e-13       2.834159672072e-14 
  376       2.774544302763e-10       1.780879832342e-13       2.785834781919e-14 
  377       2.752716576641e-10       1.765091563230e-13       2.738091166653e-14 
  378       2.731497867222e-10       1.749467805129e-13       2.690928667578e-14 
  379       2.710888839178e-10       1.734008180036e-13       2.644346872288e-14 
  380       2.690889962976e-10       1.718712222048e-13       2.598345112322e-14 
  381       2.671501513081e-10       1.703579376550e-13       2.552922460815e-14 
  382       2.652723566141e-10       1.688608999418e-13       2.508077730144e-14 
  383       2.634555999189e-10       1.673800356215e-13       2.463809469587e-14 
  384       2.616998487832e-10       1.659152621389e-13       2.420115962966e-14 
  385       2.600050504449e-10       1.644664877465e-13       2.376995226304e-14 
  386       2.583711316384e-10       1.630336114251e-13       2.334445005472e-14 
  387       2.567979984140e-10       1.616165228026e-13       2.292462773843e-14 
  388       2.552855359573e-10       1.602151020745e-13       2.251045729943e-14 
  389       2.538336084091e-10       1.588292199231e-13       2.210190795099e-14 
  390       2.524420586839e-10       1.574587374373e-13       2.169894611093e-14 
  391       2.511107082904e-10       1.561035060326e-13       2.130153537812e-14 
  392       2.498393571503e-10       1.547633673705e-13       2.090963650898e-14 
  393       2.486277834177e-10       1.534381532783e-13       2.052320739401e-14 
  394       2.474757432989e-10       1.521276856688e-13       2.014220303431e-14 
  395       2.463829708718e-10       1.508317764604e-13       1.976657551803e-14 
  396       2.453491779049e-10       1.495502274961e-13       1.939627399697e-14 
  397       2.443740536774e-10       1.482828304637e-13       1.903124466302e-14 
  398       2.434572647979e-10       1.470293668155e-13       1.867143072468e-14 
  399       2.425984550247e-10       1.457896076880e-13       1.831677238361e-14 
  400       2.417972450843e-10       1.445633138214e-13       1.796720681111e-14 
  401       2.410532324917e-10       1.433502354795e-13       1.762266812462e-14 
  402       2.403659913693e-10       1.421501123693e-13       1.728308736427e-14 
  403       2.397350722664e-10       1.409626735611e-13       1.694839246934e-14 
  404       2.391600019789e-10       1.397876374076e-13       1.661850825482e-14 
  405       2.386402833686e-10       1.386247114642e-13       1.629335638789e-14 
  406       2.381753951824e-10       1.374735924081e-13       1.597285536442e-14 
  407       2.377647918721e-10       1.363339659588e-13       1.565692048553e-14 
  408       2.374079034138e-10       1.352055067970e-13       1.534546383405e-14 
  409       2.371041351271e-10       1.340878784850e-13       1.503839425105e-14 
  410       2.368528674948e-10       1.329807333860e-13       1.473561731236e-14 
  411       2.366534965645e-10       1.318837739834e-13       1.443705172625e-14 
  412       2.365055570958e-10       1.307969393903e-13       1.414267921285e-14 
  413       2.364086034096e-10       1.297202252717e-13       1.385249634099e-14 
  414       2.363621690477e-10       1.286536230049e-13       1.356649825437e-14 
  415       2.363657666204e-10       1.275971196413e-13       1.328467865975e-14 
  416       2.364188876554e-10       1.265506978709e-13       1.300702981507e-14 
  417       2.365210024456e-10       1.255143359845e-13       1.273354251758e-14 
  418       2.366715598972e-10       1.244880078378e-13       1.246420609204e-14 
  419       2.368699873782e-10       1.234716828138e-13       1.219900837881e-14 
  420       2.371156905664e-10       1.224653257867e-13       1.193793572203e-14 
  421       2.374080532979e-10       1.214688970848e-13       1.168097295779e-14 
  422       2.377464374148e-10       1.204823524538e-13       1.142810340221e-14 
  423       2.381301826137e-10       1.195056430200e-13       1.117930883964e-14 
  424       2.385586062941e-10       1.185387152535e-13       1.093456951081e-14 
  425       2.390310034061e-10       1.175815109317e-13       1.069386410095e-14 
  426       2.395466462990e-10       1.166339671021e-13       1.045716972795e-14 
  427       2.401047845694e-10       1.156960160457e-13       1.022446193050e-14 
  428       2.407046449092e-10       1.147675852405e-13       9.995714656276e-15 
  429       2.413454309543e-10       1.138485973244e-13       9.770900250021e-15 
  430       2.420263231321e-10       1.129389700584e-13       9.549989441749e-15 
  431       2.427464785104e-10       1.120386162900e-13       9.332951334867e-15 
  432       2.435050306450e-10       1.111474439165e-13       9.119753394330e-15 
  433       2.443010894283e-10       1.102653558481e-13       8.910361434786e-15 
  434       2.451337409375e-10       1.093922499711e-13       8.704739608724e-15 
  435       2.460020472823e-10       1.085280191110e-13       8.502850394624e-15 
  436       2.469050464539e-10       1.076725509962e-13       8.304654585100e-15 
  437       2.478417521726e-10       1.068257282207e-13       8.110111275053e-15 
  438       2.488111537360e-10       1.059874282078e-13       7.919177849815e-15 
  439       2.498122158677e-10       1.051575231727e-13       7.731809973298e-15 
  440       2.508438785649e-10       1.043358800865e-13       7.547961576142e-15 
  441       2.519050569470e-10       1.035223606388e-13       7.367584843861e-15 
  442       2.529946411036e-10       1.027168212014e-13       7.190630204992e-15 
  443       2.541114959430e-10       1.019191127910e-13       7.017046319244e-15 
  444       2.552544610399e-10       1.011290810330e-13       6.846780065643e-15 
  445       2.564223504839e-10       1.003465661242e-13       6.679776530680e-15 
  446       2.576139527279e-10       9.957140279665e-14       6.515978996460e-15 
  447       2.588280304358e-10       9.880342028015e-14       6.355328928849e-15 
  448       2.600633203313e-10       9.804244226605e-14       6.197765965624e-15 
  449       2.613185330453e-10       9.728828687021e-14       6.043227904614e-15 
  450       2.625923529651e-10       9.654076659632e-14       5.891650691856e-15 
  451       2.638835634655e-10       9.579972036891e-14       5.742977161803e-15 
  452       2.651914273567e-10       9.506511084392e-14       5.597183592168e-15 
  453       2.665153183990e-10       9.433693016186e-14       5.454253981553e-15 
  454       2.678545969494e-10       9.361516814361e-14       5.314171368057e-15 
  455       2.692086098833e-10       9.289981227249e-14       5.176917822563e-15 
  456       2.705766905169e-10       9.219084767637e-14       5.042474442051e-15 
  457       2.719581585290e-10       9.148825710982e-14       4.910821342887e-15 
  458       2.733523198830e-10       9.079202093614e-14       4.781937654128e-15 
  459       2.747584667490e-10       9.010211710955e-14       4.655801510822e-15 
  460       2.761758774259e-10       8.941852115725e-14       4.532390047304e-15 
  461       2.776038162632e-10       8.874120616153e-14       4.411679390501e-15 
  462       2.790415335828e-10       8.807014274188e-14       4.293644653227e-15 
  463       2.804882656018e-10       8.740529903711e-14       4.178259927482e-15 
  464       2.819432343537e-10       8.674664068744e-14       4.065498277758e-15 
  465       2.834056476108e-10       8.609413081663e-14       3.955331734333e-15 
  466       2.848746988060e-10       8.544773001406e-14       3.847731286572e-15 
  467       2.863495669551e-10       8.480739631684e-14       3.742666876226e-15 
  468       2.878294165786e-10       8.417308519194e-14       3.640107390736e-15 
  469       2.893133976238e-10       8.354474951829e-14       3.540020656526e-15 
  470       2.908006453865e-10       8.292233956887e-14       3.442373432308e-15 
  471       2.922902804336e-10       8.230580299282e-14       3.347131402378e-15 
  472       2.937814085247e-10       8.169508479756e-14       3.254259169919e-15 
  473       2.952731205340e-10       8.109012733092e-14       3.163720250299e-15 
  474       2.967644923726e-10       8.049087026317e-14       3.075477064369e-15 
  475       2.982545849105e-10       7.989725056922e-14       2.989490931765e-15 
  476       2.997424438985e-10       7.930920251066e-14       2.905722064209e-15 
  477       3.012270998901e-10       7.872665761789e-14       2.824129558804e-15 
  478       3.027075681636e-10       7.814954467223e-14       2.744671391338e-15 
  479       3.041828486444e-10       7.757778968805e-14       2.667304409582e-15 
  480       3.056519258265e-10       7.701131589480e-14       2.591984326589e-15 
  481       3.071137686948e-10       7.645004371923e-14       2.518665713995e-15 
  482       3.085673306472e-10       7.589389076739e-14       2.447301995317e-15 
  483       3.100115494164e-10       7.534277180680e-14       2.377845439255e-15 
  484       3.114453469918e-10       7.479659874854e-14       2.310247152991e-15 
  485       3.128676295420e-10       7.425528062937e-14       2.244457075485e-15 
  486       3.142772873363e-10       7.371872359380e-14       2.180423970781e-15 
  487       3.156731946671e-10       7.318683087623e-14       2.118095421302e-15 
  488       3.170542097714e-10       7.265950278307e-14       2.057417821152e-15 
  489       3.184191747534e-10       7.213663667481e-14       1.998336369413e-15 
  490       3.197669155062e-10       7.161812694813e-14       1.940795063448e-15 
  491       3.210963873745e-10       7.110388242989e-14       1.884745702538e-15 
  492       3.224071170477e-10       7.059387916214e-14       1.830175205820e-15 
  493       3.236987736038e-10       7.008810914554e-14       1.777079090408e-15 
  494       3.249710239468e-10       6.958656305966e-14       1.725452532004e-15 
  495       3.262235328008e-10       6.908923025373e-14       1.675290362684e-15 
  496       3.274559627046e-10       6.859609873743e-14       1.626587068662e-15 
  497       3.286679740063e-10       6.810715517161e-14       1.579336788074e-15 
  498       3.298592248573e-10       6.762238485909e-14       1.533533308748e-15 
  499       3.310293712070e-10       6.714177173535e-14       1.489170065985e-15 
  500       3.321780667971e-10       6.666529835936e-14       1.446240140327e-15 
  501       3.333049631561e-10       6.619294590430e-14       1.404736255341e-15 
  502       3.344097095934e-10       6.572469414828e-14       1.364650775388e-15 
  503       3.354919531943e-10       6.526052146520e-14       1.325975703402e-15 
  504       3.365513388137e-10       6.480040481538e-14       1.288702678663e-15 
  505       3.375875090710e-10       6.434431973641e-14       1.252822974576e-15 
  506       3.386001043444e-10       6.389224033388e-14       1.218327496444e-15 
  507       3.395887627650e-10       6.344413927211e-14       1.185206779242e-15 
  508       3.405531202118e-10       6.299998776494e-14       1.153450985397e-15 
  509       3.414928103055e-10       6.255975556647e-14       1.123049902560e-15 
  510       3.424074644033e-10       6.212341096182e-14       1.093992941383e-15 
  511       3.432967115932e-10       6.169092075790e-14       1.066269133293e-15 
  512       3.441601786882e-10       6.126225027412e-14       1.039867128271e-15 
  513       3.449974902210e-10       6.083736333321e-14       1.014775192623e-15 
  514       3.458082684384e-10       6.041622225194e-14       9.909812067581e-16 
  515       3.465921332954e-10       5.999878783188e-14       9.684726629643e-16 
  516       3.473487024499e-10       5.958501935015e-14       9.472366631828e-16 
  517       3.480775912569e-10       5.917487455019e-14       9.272599167843e-16 
  518       3.487784127632e-10       5.876830963252e-14       9.085287383442e-16 
  519       3.494507777014e-10       5.836527924548e-14       8.910290454183e-16 
  520       3.500942944846e-10       5.796573647599e-14       8.747463563181e-16 
  521       3.507085692009e-10       5.756963284033e-14       8.596657878865e-16 
  522       3.512932056074e-10       5.717691827485e-14       8.457720532734e-16 
  523       3.518478051248e-10       5.678754112677e-14       8.330494597110e-16 
  524       3.523719668320e-10       5.640144814492e-14       8.214819062894e-16 
  525       3.528652874602e-10       5.601858447049e-14       8.110528817324e-16 
  526       3.533273613877e-10       5.563889362780e-14       8.017454621724e-16 
  527       3.537577806338e-10       5.526231751504e-14       7.935423089266e-16 
  528       3.541561348535e-10       5.488879639504e-14       7.864256662722e-16 
  529       3.545220113319e-10       5.451826888603e-14       7.803773592218e-16 
  530       3.548549949786e-10       5.415067195238e-14       7.753787912993e-16 
  531       3.551547630758e-10       5.378595092939e-14       7.714119468661e-16 
  532       3.554213723897e-10       5.342408991856e-14       7.684624328196e-16 
  533       3.556549799172e-10       5.306508220716e-14       7.665165158775e-16 
  534       3.558557488793e-10       5.270892030466e-14       7.655601237751e-16 
  535       3.560238487554e-10       5.235559593772e-14       7.655788434673e-16 
  536       3.561594553178e-10       5.200510004522e-14       7.665579193311e-16 
  537       3.562627506667e-10       5.165742277324e-14       7.684822513677e-16 
  538       3.563339232645e-10       5.131255347013e-14       7.713363934047e-16 
  539       3.563731679708e-10       5.097048068151e-14       7.751045512984e-16 
  540       3.563806860769e-10       5.063119214528e-14       7.797705811361e-16 
  541       3.563566853401e-10       5.029467478664e-14       7.853179874383e-16 
  542       3.563013800192e-10       4.996091471311e-14       7.917299213610e-16 
  543       3.562149909084e-10       4.962989720956e-14       7.989891788979e-16 
  544       3.560977453722e-10       4.930160673323e-14       8.070781990825e-16 
  545       3.559498773800e-10       4.897602690872e-14       8.159790621908e-16 
  546       3.557716275411e-10       4.865314052304e-14       8.256734879430e-16 
  547       3.555632431387e-10       4.833292952061e-14       8.361428337060e-16 
  548       3.553249781654e-10       4.801537499830e-14       8.473680926959e-16 
  549       3.550570933569e-10       4.770045720042e-14       8.593298921797e-16 
  550       3.547598562274e-10       4.738815551376e-14       8.720084916779e-16 
  551       3.544335411041e-10       4.707844846260e-14       8.853837811669e-16 
  552       3.540784291616e-10       4.677131370374e-14       8.994352792809e-16 
  553       3.536948084566e-10       4.646672802149e-14       9.141421315141e-16 
  554       3.532829739630e-10       4.616466732273e-14       9.294831084235e-16 
  555       3.528432276059e-10       4.586510663189e-14       9.454366038305e-16 
  556       3.523758782967e-10       4.556802008600e-14       9.619806330236e-16 
  557       3.518812419678e-10       4.527338092968e-14       9.790928309603e-16 
  558       3.513596416067e-10       4.498116151020e-14       9.967504504697e-16 
  559       3.508114072915e-10       4.469133327245e-14       1.014930360455e-15 
  560       3.502368762248e-10       4.440386675398e-14       1.033609044093e-15 
  561       3.496363927686e-10       4.411873158003e-14       1.052762597043e-15 
  562       3.490103084794e-10       4.383589645854e-14       1.072366725641e-15 
  563       3.483589821420e-10       4.355532917516e-14       1.092396745107e-15 
  564       3.476827798050e-10       4.327699658828e-14       1.112827577746e-15 
  565       3.469820748148e-10       4.300086462404e-14       1.133633751149e-15 
  566       3.462572478507e-10       4.272689827137e-14       1.154789396399e-15 
  567       3.455086869593e-10       4.245506157698e-14       1.176268246267e-15 
  568       3.447367875893e-10       4.218531764038e-14       1.198043633422e-15 
  569       3.439419526262e-10       4.191762860894e-14       1.220088488627e-15 
  570       3.431245924266e-10       4.165195567285e-14       1.242375338942e-15 
  571       3.422851316947e-10       4.138826501492e-14       1.264880855706e-15 
  572       3.414240302327e-10       4.112654583662e-14       1.287599629554e-15 
  573       3.405417627881e-10       4.086679278191e-14       1.310530743151e-15 
  574       3.396388122966e-10       4.060900002129e-14       1.333673253075e-15 
  575       3.387156699201e-10       4.035316124904e-14       1.357026189696e-15 
  576       3.377728350831e-10       4.009926968041e-14       1.380588557048e-15 
  577       3.368108155104e-10       3.984731804884e-14       1.404359332700e-15 
  578       3.358301272640e-10       3.959729860315e-14       1.428337467633e-15 
  579       3.348312947805e-10       3.934920310474e-14       1.452521886115e-15 
  580       3.338148509080e-10       3.910302282483e-14       1.476911485571e-15 
  581       3.327813369434e-10       3.885874854163e-14       1.501505136459e-15 
  582       3.317313026695e-10       3.861637053758e-14       1.526301682144e-15 
  583       3.306653063924e-10       3.837587859651e-14       1.551299938771e-15 
  584       3.295839149784e-10       3.813726200092e-14       1.576498695141e-15 
  585       3.284877038913e-10       3.790050952909e-14       1.601896712582e-15 
  586       3.273772572294e-10       3.766560945239e-14       1.627492724825e-15 
  587       3.262531677631e-10       3.743254953240e-14       1.653285437876e-15 
  588       3.251160369714e-10       3.720131701817e-14       1.679273529892e-15 
  589       3.239664750798e-10       3.697189864341e-14       1.705455651054e-15 
  590       3.228051010968e-10       3.674428062367e-14       1.731830423439e-15 
  591       3.216325428517e-10       3.651844865361e-14       1.758396440898e-15 
  592       3.204494370313e-10       3.629438790414e-14       1.785152268925e-15 
  593       3.192564292170e-10       3.607208301966e-14       1.812096444535e-15 
  594       3.180541739227e-10       3.585151811529e-14       1.839227476136e-15 
  595       3.168433346309e-10       3.563267677401e-14       1.866543843402e-15 
  596       3.156245838309e-10       3.541554204392e-14       1.894043997150e-15 
  597       3.143986030552e-10       3.520009643543e-14       1.921726359210e-15 
  598       3.131660829171e-10       3.498632191849e-14       1.949589322300e-15 
  599       3.119277231477e-10       3.477419991973e-14       1.977631249904e-15 
  600       3.106842326331e-10       3.456371131976e-14       2.005850476139e-15 
  601       3.094363294516e-10       3.435483645030e-14       2.034245305633e-15 
  602       3.081847409107e-10       3.414755509141e-14       2.062814013401e-15 
  603       3.069302035847e-10       3.394184646873e-14       2.091554844712e-15 
  604       3.056734633514e-10       3.373768925062e-14       2.120466014969e-15 
  605       3.044152754294e-10       3.353506154544e-14       2.149545709581e-15 
  606       3.031564044154e-10       3.333394089869e-14       2.178792083836e-15 
  607       3.018976243214e-10       3.313430429028e-14       2.208203262776e-15 
  608       3.006397186115e-10       3.293612813167e-14       2.237777341071e-15 
  609       2.993834802396e-10       3.273938826314e-14       2.267512382890e-15 
  610       2.981297116861e-10       3.254405995096e-14       2.297406421781e-15 
  611       2.968791584893e-10       3.235012153893e-14       2.327456438067e-15 
  612       2.956323080230e-10       3.215756550434e-14       2.357655264545e-15 
  613       2.943895859943e-10       3.196638766015e-14       2.387994606757e-15 
  614       2.931514225310e-10       3.177658352283e-14       2.418466058333e-15 
  615       2.919182521977e-10       3.158814831080e-14       2.449061100535e-15 
  616       2.906905140112e-10       3.140107694280e-14       2.479771101803e-15 
  617       2.894686514567e-10       3.121536403623e-14       2.510587317299e-15 
  618       2.882531125037e-10       3.103100390559e-14       2.541500888458e-15 
  619       2.870443496213e-10       3.084799056080e-14       2.572502842526e-15 
  620       2.858428197945e-10       3.066631770562e-14       2.603584092112e-15 
  621       2.846489845400e-10       3.048597873600e-14       2.634735434731e-15 
  622       2.834633099218e-10       3.030696673849e-14       2.665947552352e-15 
  623       2.822862665671e-10       3.012927448860e-14       2.697211010939e-15 
  624       2.811183296822e-10       2.995289444919e-14       2.728516260002e-15 
  625       2.799599790683e-10       2.977781876882e-14       2.759853632142e-15 
  626       2.788116991374e-10       2.960403928017e-14       2.791213342591e-15 
  627       2.776739789278e-10       2.943154749841e-14       2.822585488766e-15 
  628       2.765473121205e-10       2.926033461954e-14       2.853960049810e-15 
  629       2.754321970545e-10       2.909039151884e-14       2.885326886137e-15 
  630       2.743291367427e-10       2.892170874916e-14       2.916675738981e-15 
  631       2.732386388882e-10       2.875427653940e-14       2.947996229940e-15 
  632       2.721612158994e-10       2.858808479280e-14       2.979277860521e-15 
  633       2.710973849065e-10       2.842312308537e-14       3.010510011688e-15 
  634       2.700476677769e-10       2.825938066426e-14       3.041681943404e-15 
  635       2.690125911311e-10       2.809684644614e-14       3.072782794181e-15 
  636       2.679926863586e-10       2.793550901556e-14       3.103801580624e-15 
  637       2.669884896338e-10       2.777535662335e-14       3.134727196975e-15 
  638       2.660005419318e-10       2.761637718500e-14       3.165548414663e-15 
  639       2.650293890439e-10       2.745855827903e-14       3.196253881843e-15 
  640       2.640755815938e-10       2.730188714536e-14       3.226832122951e-15 
  641       2.631396750534e-10       2.714635068374e-14       3.257271538240e-15 
  642       2.622222297586e-10       2.699193545204e-14       3.287560403333e-15 
  643       2.613238109247e-10       2.683862766471e-14       3.317686868765e-15 
  644       2.604449886631e-10       2.668641319113e-14       3.347638959531e-15 
  645       2.595863379962e-10       2.653527755397e-14       3.377404574628e-15 
  646       2.587484388739e-10       2.638520592763e-14       3.406971486608e-15 
  647       2.579318761889e-10       2.623618313652e-14       3.436327341113e-15 
  648       2.571372397932e-10       2.608819365354e-14       3.465459656433e-15 
  649       2.563651245132e-10       2.594122159840e-14       3.494355823041e-15 
  650       2.556161301660e-10       2.579525073602e-14       3.523003103145e-15 
  651       2.548907743770e-10       2.565026680559e-14       3.551390814364e-15 
  652       2.541892288588e-10       2.550626456828e-14       3.579516935346e-15 
  653       2.535115772593e-10       2.536324091411e-14       3.607381647142e-15 
  654       2.528579018165e-10       2.522119254460e-14       3.634985162624e-15 
  655       2.522282833496e-10       2.508011597179e-14       3.662327726651e-15 
  656       2.516228012501e-10       2.494000751730e-14       3.689409616231e-15 
  657       2.510415334728e-10       2.480086331136e-14       3.716231140684e-15 
  658       2.504845565277e-10       2.466267929184e-14       3.742792641807e-15 
  659       2.499519454701e-10       2.452545120329e-14       3.769094494035e-15 
  660       2.494437738927e-10       2.438917459599e-14       3.795137104606e-15 
  661       2.489601139164e-10       2.425384482498e-14       3.820920913722e-15 
  662       2.485010361814e-10       2.411945704909e-14       3.846446394714e-15 
  663       2.480666098384e-10       2.398600623001e-14       3.871714054208e-15 
  664       2.476569025400e-10       2.385348713128e-14       3.896724432280e-15 
  665       2.472719804316e-10       2.372189431737e-14       3.921478102629e-15 
  666       2.469119081428e-10       2.359122215270e-14       3.945975672732e-15 
  667       2.465767487783e-10       2.346146480068e-14       3.970217784015e-15 
  668       2.462665639094e-10       2.333261622273e-14       3.994205112008e-15 
  669       2.459814135648e-10       2.320467017737e-14       4.017938366514e-15 
  670       2.457213562223e-10       2.307762021919e-14       4.041418291773e-15 
  671       2.454864487993e-10       2.295145969797e-14       4.064645666619e-15 
  672       2.452767466446e-10       2.282618175762e-14       4.087621304649e-15 
  673       2.450923035292e-10       2.270177933530e-14       4.110346054384e-15 
  674       2.449331716376e-10       2.257824516042e-14       4.132820799433e-15 
  675       2.447994015589e-10       2.245557175370e-14       4.155046458656e-15 
  676       2.446910422782e-10       2.233375142617e-14       4.177023986327e-15 
  677       2.446081411673e-10       2.221277627824e-14       4.198754372295e-15 
  678       2.445507439765e-10       2.209263819876e-14       4.220238642154e-15 
  679       2.445188948251e-10       2.197332886399e-14       4.241477857398e-15 
  680       2.445126361934e-10       2.185483973669e-14       4.262473115590e-15 
  681       2.445320089129e-10       2.173716206516e-14       4.283225550522e-15 
  682       2.445770521583e-10       2.162028688225e-14       4.303736332380e-15 
  683       2.446478034382e-10       2.150420500442e-14       4.324006667908e-15 
  684       2.447442985865e-10       2.138890703076e-14       4.344037800569e-15 
  685       2.448665717535e-10       2.127438334205e-14       4.363831010708e-15 
  686       2.450146553968e-10       2.116062409979e-14       4.383387615719e-15 
  687       2.451885802733e-10       2.104761924522e-14       4.402708970203e-15 
  688       2.453883754292e-10       2.093535849839e-14       4.421796466137e-15 
  689       2.456140681922e-10       2.082383135717e-14       4.440651533032e-15 
  690       2.458656841621e-10       2.071302709630e-14       4.459275638099e-15 
  691       2.461431958039e-10       2.060293624808e-14       4.477669324860e-15 
  692       2.464463670544e-10       2.049355508058e-14       4.495829306389e-15 
  693       2.467749054190e-10       2.038488121203e-14       4.513751311064e-15 
  694       2.471285130518e-10       2.027691213711e-14       4.531431038481e-15 
  695       2.475068867338e-10       2.016964522638e-14       4.548864159379e-15 
  696       2.479097178510e-10       2.006307772567e-14       4.566046315564e-15 
  697       2.483366923727e-10       1.995720675553e-14       4.582973119826e-15 
  698       2.487874908301e-10       1.985202931059e-14       4.599640155864e-15 
  699       2.492617882940e-10       1.974754225903e-14       4.616042978209e-15 
  700       2.497592543537e-10       1.964374234190e-14       4.632177112144e-15 
  701       2.502795530948e-10       1.954062617265e-14       4.648038053624e-15 
  702       2.508223430777e-10       1.943819023643e-14       4.663621269204e-15 
  703       2.513872773158e-10       1.933643088956e-14       4.678922195954e-15 
  704       2.519740032538e-10       1.923534435892e-14       4.693936241387e-15 
  705       2.525821627461e-10       1.913492674138e-14       4.708658783376e-15 
  706       2.532113920348e-10       1.903517400319e-14       4.723085170078e-15 
  707       2.538613217281e-10       1.893608197938e-14       4.737210719857e-15 
  708       2.545315767787e-10       1.883764637321e-14       4.751030721205e-15 
  709       2.552217764621e-10       1.873986275555e-14       4.764540432663e-15 
  710       2.559315343545e-10       1.864272656427e-14       4.777735082745e-15 
  711       2.566604583114e-10       1.854623310371e-14       4.790609869857e-15 
  712       2.574081504460e-10       1.845037754405e-14       4.803159962221e-15 
  713       2.581742071070e-10       1.835515492070e-14       4.815380497799e-15 
  714       2.589582188573e-10       1.826056013378e-14       4.827266584209e-15 
  715       2.597597704521e-10       1.816658794745e-14       4.838813298652e-15 
  716       2.605784408173e-10       1.807323298937e-14       4.850015687833e-15 
  717       2.614138030275e-10       1.798048975009e-14       4.860868767882e-15 
  718       2.622654242846e-10       1.788835258249e-14       4.871367524276e-15 
  719       2.631328658959e-10       1.779681570113e-14       4.881506911761e-15 
  720       2.640156832524e-10       1.770587318173e-14       4.891281854274e-15 
  721       2.649134258070e-10       1.761551896053e-14       4.900687244865e-15 
  722       2.658256370531e-10       1.752574683372e-14       4.909717945620e-15 
  723       2.667518545022e-10       1.743655045685e-14       4.918368787582e-15 
  724       2.676916096632e-10       1.734792334422e-14       4.926634570671e-15 
  725       2.686444280195e-10       1.725985886835e-14       4.934510063609e-15 
  726       2.696098290082e-10       1.717235025929e-14       4.941990003840e-15 
  727       2.705873259980e-10       1.708539060413e-14       4.949069097455e-15 
  728       2.715764262675e-10       1.699897284636e-14       4.955742019109e-15 
  729       2.725766309833e-10       1.691308978528e-14       4.962003411947e-15 
  730       2.735874351788e-10       1.682773407541e-14       4.967847887522e-15 
  731       2.746083394347e-10       1.674289921866e-14       4.973271775244e-15 
  732       2.756388852229e-10       1.665858256364e-14       4.978278409146e-15 
  733       2.766786202251e-10       1.657478236503e-14       4.982872946444e-15 
  734       2.777270866745e-10       1.649149679586e-14       4.987060627880e-15 
  735       2.787838213372e-10       1.640872394715e-14       4.990846778036e-15 
  736       2.798483554924e-10       1.632646182757e-14       4.994236805651e-15 
  737       2.809202149142e-10       1.624470836305e-14       4.997236203933e-15 
  738       2.819989198514e-10       1.616346139641e-14       4.999850550875e-15 
  739       2.830839850095e-10       1.608271868700e-14       5.002085509569e-15 
  740       2.841749195308e-10       1.600247791034e-14       5.003946828518e-15 
  741       2.852712269757e-10       1.592273665774e-14       5.005440341953e-15 
  742       2.863724053034e-10       1.584349243594e-14       5.006571970146e-15 
  743       2.874779468531e-10       1.576474266674e-14       5.007347719727e-15 
  744       2.885873383245e-10       1.568648468663e-14       5.007773683991e-15 
  745       2.897000607588e-10       1.560871574643e-14       5.007856043221e-15 
  746       2.908155895201e-10       1.553143301091e-14       5.007601064998e-15 
  747       2.919333942753e-10       1.545463355844e-14       5.007015104515e-15 
  748       2.930529389762e-10       1.537831438062e-14       5.006104604892e-15 
  749       2.941736818394e-10       1.530247238188e-14       5.004876097489e-15 
  750       2.952950753276e-10       1.522710437918e-14       5.003336202225e-15 
  751       2.964165661307e-10       1.515220710157e-14       5.001491627887e-15 
  752       2.975375951463e-10       1.507777718986e-14       4.999349172444e-15 
  753       2.986575974610e-10       1.500381119626e-14       4.996915723368e-15 
  754       2.997760023307e-10       1.493030558399e-14       4.994198257939e-15 
  755       3.008922331624e-10       1.485725672692e-14       4.991203843568e-15 
  756       3.020057074942e-10       1.478466090922e-14       4.987939638104e-15 
  757       3.031158369768e-10       1.471251432496e-14       4.984412890153e-15 
  758       3.042220273540e-10       1.464081307778e-14       4.980630939393e-15 
  759       3.053236784440e-10       1.456955318049e-14       4.976601216881e-15 
  760       3.064201841199e-10       1.449873055472e-14       4.972331245378e-15 
  761       3.075109322910e-10       1.442834103055e-14       4.967828639653e-15 
  762       3.085953048832e-10       1.435838034614e-14       4.963101106806e-15 
  763       3.096726778205e-10       1.428884414736e-14       4.958156446575e-15 
  764       3.107424210053e-10       1.421972798745e-14       4.953002551656e-15 
  765       3.118038982999e-10       1.415102732661e-14       4.947647408012e-15 
  766       3.128564675068e-10       1.408273753164e-14       4.942099095193e-15 
  767       3.138994803501e-10       1.401485387562e-14       4.936365786647e-15 
  768       3.149322824560e-10       1.394737153748e-14       4.930455750032e-15 
  769       3.159542133340e-10       1.388028560168e-14       4.924377347536e-15 
  770       3.169646063577e-10       1.381359105780e-14       4.918139036186e-15 
  771       3.179628502337e-10       1.374728345679e-14       4.911747560781e-15 
  772       3.189485747222e-10       1.368136089395e-14       4.905202494534e-15 
  773       3.199214683930e-10       1.361582206268e-14       4.898501595749e-15 
  774       3.208812174491e-10       1.355066560115e-14       4.891642605793e-15 
  775       3.218275057195e-10       1.348589009204e-14       4.884623249053e-15 
  776       3.227600146533e-10       1.342149406226e-14       4.877441232880e-15 
  777       3.236784233122e-10       1.335747598279e-14       4.870094247539e-15 
  778       3.245824083645e-10       1.329383426837e-14       4.862579966164e-15 
  779       3.254716440779e-10       1.323056727733e-14       4.854896044703e-15 
  780       3.263458023129e-10       1.316767331132e-14       4.847040121870e-15 
  781       3.272045525163e-10       1.310515061506e-14       4.839009819092e-15 
  782       3.280475617143e-10       1.304299737616e-14       4.830802740465e-15 
  783       3.288744945059e-10       1.298121172483e-14       4.822416472699e-15 
  784       3.296850130562e-10       1.291979173367e-14       4.813848585067e-15 
  785       3.304787770893e-10       1.285873541744e-14       4.805096629360e-15 
  786       3.312554438825e-10       1.279804073280e-14       4.796158139832e-15 
  787       3.320146682586e-10       1.273770557812e-14       4.787030633152e-15 
  788       3.327561025798e-10       1.267772779318e-14       4.777711608355e-15 
  789       3.334793967408e-10       1.261810515901e-14       4.768198546788e-15 
  790       3.341841981622e-10       1.255883539759e-14       4.758488912066e-15 
  791       3.348701517837e-10       1.249991617165e-14       4.748580150015e-15 
  792       3.355369000573e-10       1.244134508443e-14       4.738469688627e-15 
  793       3.361840829409e-10       1.238311967945e-14       4.728154938009e-15 
  794       3.368113378913e-10       1.232523744025e-14       4.717633290329e-15 
  795       3.374182998576e-10       1.226769579018e-14       4.706902119773e-15 
  796       3.380046012747e-10       1.221049209217e-14       4.695958782488e-15 
  797       3.385698720561e-10       1.215362364847e-14       4.684800616535e-15 
  798       3.391137395878e-10       1.209708770042e-14       4.673424941841e-15 
  799       3.396358287210e-10       1.204088142824e-14       4.661829060143e-15 
  800       3.401357617660e-10       1.198500195077e-14       4.650010254945e-15 
  801       3.406131584849e-10       1.192944632525e-14       4.637965791461e-15 
  802       3.410676360854e-10       1.187421154706e-14       4.625692916571e-15 
  803       3.414988092139e-10       1.181929454953e-14       4.613188858767e-15 
  804       3.419062899485e-10       1.176469220365e-14       4.600450828104e-15 
  805       3.422896877929e-10       1.171040131789e-14       4.587476016150e-15 
  806       3.426486096692e-10       1.165641863792e-14       4.574261595936e-15 
  807       3.429826599114e-10       1.160274084639e-14       4.560804721906e-15 
  808       3.432914402586e-10       1.154936456273e-14       4.547102529866e-15 
  809       3.435745498486e-10       1.149628634284e-14       4.533152136935e-15 
  810       3.438315852106e-10       1.144350267893e-14       4.518950641494e-15 
  811       3.440622097963e-10       1.139101044816e-14       4.504496120860e-15 
  812       3.442663639560e-10       1.133880826802e-14       4.489790644083e-15 
  813       3.444440587271e-10       1.128689516487e-14       4.474837313260e-15 
  814       3.445953066454e-10       1.123527012710e-14       4.459639270857e-15 
  815       3.447201217509e-10       1.118393210497e-14       4.444199699839e-15 
  816       3.448185195939e-10       1.113288001047e-14       4.428521823802e-15 
  817       3.448905172411e-10       1.108211271714e-14       4.412608907106e-15 
  818       3.449361332811e-10       1.103162905992e-14       4.396464255004e-15 
  819       3.449553878309e-10       1.098142783502e-14       4.380091213778e-15 
  820       3.449483025413e-10       1.093150779977e-14       4.363493170866e-15 
  821       3.449149006036e-10       1.088186767242e-14       4.346673554997e-15 
  822       3.448552067550e-10       1.083250613205e-14       4.329635836321e-15 
  823       3.447692472845e-10       1.078342181835e-14       4.312383526542e-15 
  824       3.446570500395e-10       1.073461333154e-14       4.294920179049e-15 
  825       3.445186444311e-10       1.068607923215e-14       4.277249389046e-15 
  826       3.443540614403e-10       1.063781804091e-14       4.259374793687e-15 
  827       3.441633336242e-10       1.058982823858e-14       4.241300072207e-15 
  828       3.439464951217e-10       1.054210826580e-14       4.223028946050e-15 
  829       3.437035816594e-10       1.049465652293e-14       4.204565179007e-15 
  830       3.434346305579e-10       1.044747136990e-14       4.185912577340e-15 
  831       3.431396807374e-10       1.040055112609e-14       4.167074989923e-15 
  832       3.428187727239e-10       1.035389407011e-14       4.148056308365e-15 
  833       3.424719486553e-10       1.030749843970e-14       4.128860467146e-15 
  834       3.420992522868e-10       1.026136243157e-14       4.109491443748e-15 
  835       3.417007289974e-10       1.021548420122e-14       4.089953258788e-15 
  836       3.412764257960e-10       1.016986186282e-14       4.070249976148e-15 
  837       3.408263913266e-10       1.012449348902e-14       4.050385703106e-15 
  838       3.403506758751e-10       1.007937711085e-14       4.030364590470e-15 
  839       3.398493313747e-10       1.003451071751e-14       4.010190832709e-15 
  840       3.393224114122e-10       9.989892256249e-15       3.989868668083e-15 
  841       3.387699712338e-10       9.945519632209e-15       3.969402378776e-15 
  842       3.381920677511e-10       9.901390708263e-15       3.948796291030e-15 
  843       3.375887595472e-10       9.857503304871e-15       3.928054775272e-15 
  844       3.369601068823e-10       9.813855199920e-15       3.907182246248e-15 
  845       3.363061717003e-10       9.770444128574e-15       3.886183163156e-15 
  846       3.356270176340e-10       9.727267783120e-15       3.865062029778e-15 
  847       3.349227100117e-10       9.684323812817e-15       3.843823394606e-15 
  848       3.341933158628e-10       9.641609823740e-15       3.822471850983e-15 
  849       3.334389039240e-10       9.599123378628e-15       3.801012037225e-15 
  850       3.326595446450e-10       9.556861996731e-15       3.779448636760e-15 
  851       3.318553474088e-10       9.514823462933e-15       3.757786056515e-15 
  852       3.310265728796e-10       9.473006761238e-15       3.736027455773e-15 
  853       3.301735225934e-10       9.431411156993e-15       3.714175700920e-15 
  854       3.292965019311e-10       9.390035888955e-15       3.692233685757e-15 
  855       3.283958201303e-10       9.348880169200e-15       3.670204331576e-15 
  856       3.274717902975e-10       9.307943183009e-15       3.648090587240e-15 
  857       3.265247294204e-10       9.267224088775e-15       3.625895429263e-15 
  858       3.255549583797e-10       9.226722017897e-15       3.603621861887e-15 
  859       3.245628019616e-10       9.186436074679e-15       3.581272917157e-15 
  860       3.235485888697e-10       9.146365336228e-15       3.558851655007e-15 
  861       3.225126517371e-10       9.106508852352e-15       3.536361163332e-15 
  862       3.214553271386e-10       9.066865645459e-15       3.513804558068e-15 
  863       3.203769556028e-10       9.027434710453e-15       3.491184983273e-15 
  864       3.192778816245e-10       8.988215014634e-15       3.468505611202e-15 
  865       3.181584536762e-10       8.949205497594e-15       3.445769642389e-15 
  866       3.170190242209e-10       8.910405071119e-15       3.422980305721e-15 
  867       3.158599497237e-10       8.871812619082e-15       3.400140858520e-15 
  868       3.146815906644e-10       8.833426997345e-15       3.377254586622e-15 
  869       3.134843115492e-10       8.795247033655e-15       3.354324804452e-15 
  870       3.122684809232e-10       8.757271527544e-15       3.331354855105e-15 
  871       3.110344713820e-10       8.719499250223e-15       3.308348110423e-15 
  872       3.097826595845e-10       8.681928944486e-15       3.285307971075e-15 
  873       3.085134262646e-10       8.644559324602e-15       3.262237866635e-15 
  874       3.072271562433e-10       8.607389076219e-15       3.239141255660e-15 
  875       3.059242384411e-10       8.570416856257e-15       3.216021625767e-15 
  876       3.046050658899e-10       8.533641292807e-15       3.192882493717e-15 
  877       3.032700357451e-10       8.497060985034e-15       3.169727405484e-15 
  878       3.019195492981e-10       8.460674503068e-15       3.146559936344e-15 
  879       3.005540119879e-10       8.424480387905e-15       3.123383690945e-15 
  880       2.991738334136e-10       8.388477151309e-15       3.100202303391e-15 
  881       2.977794273463e-10       8.352663275703e-15       3.077019437318e-15 
  882       2.963712117414e-10       8.317037214071e-15       3.053838785971e-15 
  883       2.949496087508e-10       8.281597389858e-15       3.030664072287e-15 
  884       2.935150447346e-10       8.246342196862e-15       3.007499048970e-15 
  885       2.920679502737e-10       8.211269999139e-15       2.984347498567e-15 
  886       2.906087601818e-10       8.176379130895e-15       2.961213233555e-15 
  887       2.891379135173e-10       8.141667896390e-15       2.938100096409e-15 
  888       2.876558535957e-10       8.107134569830e-15       2.915011959689e-15 
  889       2.861630280015e-10       8.072777395269e-15       2.891952726114e-15 
  890       2.846598886006e-10       8.038594586508e-15       2.868926328641e-15 
  891       2.831468788425e-10       8.004584545253e-15       2.845936253821e-15 
  892       2.816243954150e-10       7.970746519739e-15       2.822984103144e-15 
  893       2.800928259855e-10       7.937079956696e-15       2.800071008278e-15 
  894       2.785525618636e-10       7.903584283999e-15       2.777198105660e-15 
  895       2.770039980115e-10       7.870258910593e-15       2.754366536503e-15 
  896       2.754475330541e-10       7.837103226428e-15       2.731577446801e-15 
  897       2.738835692896e-10       7.804116602390e-15       2.708831987337e-15 
  898       2.723125126991e-10       7.771298390231e-15       2.686131313693e-15 
  899       2.707347729572e-10       7.738647922499e-15       2.663476586247e-15 
  900       2.691507634422e-10       7.706164512469e-15       2.640868970190e-15 
  901       2.675609012460e-10       7.673847454078e-15       2.618309635526e-15 
  902       2.659656071849e-10       7.641696021852e-15       2.595799757079e-15 
  903       2.643653058090e-10       7.609709470836e-15       2.573340514504e-15 
  904       2.627604254133e-10       7.577887036530e-15       2.550933092286e-15 
  905       2.611513980470e-10       7.546227934816e-15       2.528578679755e-15 
  906       2.595386595245e-10       7.514731361890e-15       2.506278471085e-15 
  907       2.579226494352e-10       7.483396494194e-15       2.484033665306e-15 
  908       2.563038111537e-10       7.452222488345e-15       2.461845466304e-15 
  909       2.546825918501e-10       7.421208481069e-15       2.439715082837e-15 
  910       2.530594425003e-10       7.390353589128e-15       2.417643728533e-15 
  911       2.514348178960e-10       7.359656909255e-15       2.395632621900e-15 
  912       2.498091766549e-10       7.329117518084e-15       2.373682986331e-15 
  913       2.481829812314e-10       7.298734472078e-15       2.351796050114e-15 
  914       2.465566979260e-10       7.268506807464e-15       2.329973046433e-15 
  915       2.449307968961e-10       7.238433540163e-15       2.308215213381e-15 
  916       2.433057521662e-10       7.208513665719e-15       2.286523793959e-15 
  917       2.416820416377e-10       7.178746159232e-15       2.264900036089e-15 
  918       2.400601470995e-10       7.149129975288e-15       2.243345192618e-15 
  919       2.384405542380e-10       7.119664047892e-15       2.221860521322e-15 
  920       2.368237526474e-10       7.090347290396e-15       2.200447284918e-15 
  921       2.352102358399e-10       7.061178595433e-15       2.179106751065e-15 
  922       2.336005012559e-10       7.032156834844e-15       2.157840192373e-15 
  923       2.319950502742e-10       7.003280859615e-15       2.136648886411e-15 
  924       2.303943882220e-10       6.974549499802e-15       2.115534115709e-15 
  925       2.287990243856e-10       6.945961564466e-15       2.094497167771e-15 
  926       2.272094720202e-10       6.917515841601e-15       2.073539335073e-15 
  927       2.256262483603e-10       6.889211098070e-15       2.052661915079e-15 
  928       2.240498746296e-10       6.861046079530e-15       2.031866210238e-15 
  929       2.224808760518e-10       6.833019510366e-15       2.011153527999e-15 
  930       2.209197818601e-10       6.805130093622e-15       1.990525180812e-15 
  931       2.193670765386e-10       6.777376663752e-15       1.969982100938e-15 
  932       2.178230526865e-10       6.749758647641e-15       1.949523678243e-15 
  933       2.162879558660e-10       6.722275610673e-15       1.929148904191e-15 
  934       2.147620331663e-10       6.694927104529e-15       1.908856755338e-15 
  935       2.132455332066e-10       6.667712667128e-15       1.888646193286e-15 
  936       2.117387061402e-10       6.640631822591e-15       1.868516164642e-15 
  937       2.102418036574e-10       6.613684081181e-15       1.848465600963e-15 
  938       2.087550789892e-10       6.586868939266e-15       1.828493418713e-15 
  939       2.072787869108e-10       6.560185879263e-15       1.808598519218e-15 
  940       2.058131837448e-10       6.533634369594e-15       1.788779788617e-15 
  941       2.043585273652e-10       6.507213864640e-15       1.769036097815e-15 
  942       2.029150772002e-10       6.480923804687e-15       1.749366302436e-15 
  943       2.014830942362e-10       6.454763615885e-15       1.729769242779e-15 
  944       2.000628410209e-10       6.428732710195e-15       1.710243743767e-15 
  945       1.986545816670e-10       6.402830485346e-15       1.690788614903e-15 
  946       1.972585818555e-10       6.377056324780e-15       1.671402650225e-15 
  947       1.958751088394e-10       6.351409597613e-15       1.652084628253e-15 
  948       1.945044314469e-10       6.325889658580e-15       1.632833311948e-15 
  949       1.931468200848e-10       6.300495847990e-15       1.613647448663e-15 
  950       1.918025467425e-10       6.275227491680e-15       1.594525770098e-15 
  951       1.904718849947e-10       6.250083900962e-15       1.575466992248e-15 
  952       1.891551100055e-10       6.225064372582e-15       1.556469815362e-15 
  953       1.878524985316e-10       6.200168188666e-15       1.537532923895e-15 
  954       1.865643289256e-10       6.175394616675e-15       1.518654986459e-15 
  955       1.852908811399e-10       6.150742909358e-15       1.499834655776e-15 
  956       1.840324367298e-10       6.126212304700e-15       1.481070568636e-15 
  957       1.827892788570e-10       6.101802025881e-15       1.462361345844e-15 
  958       1.815616922931e-10       6.077511281223e-15       1.443705592177e-15 
  959       1.803499634234e-10       6.053339264141e-15       1.425101896337e-15 
  960       1.791543802496e-10       6.029285153101e-15       1.406548830902e-15 
  961       1.779752323942e-10       6.005348111567e-15       1.388044952282e-15 
  962       1.768128111030e-10       5.981527287954e-15       1.369588800670e-15 
  963       1.756674092495e-10       5.957821815584e-15       1.351178899997e-15 
  964       1.745393213377e-10       5.934230812634e-15       1.332813757883e-15 
  965       1.734288435056e-10       5.910753382087e-15       1.314491865592e-15 
  966       1.723362735293e-10       5.887388611689e-15       1.296211697986e-15 
  967       1.712619108255e-10       5.864135573899e-15       1.277971713474e-15 
  968       1.702060564558e-10       5.840993325840e-15       1.259770353972e-15 
  969       1.691690131297e-10       5.817960909251e-15       1.241606044849e-15 
  970       1.681510852082e-10       5.795037350443e-15       1.223477194884e-15 
  971       1.671525258051e-10       5.772221772137e-15       1.205383072542e-15 
  972       1.661733772122e-10       5.749513730944e-15       1.187326449324e-15 
  973       1.652136280810e-10       5.726912884866e-15       1.169310996086e-15 
  974       1.642732661036e-10       5.704418881836e-15       1.151340410377e-15 
  975       1.633522780095e-10       5.682031359682e-15       1.133418416511e-15 
  976       1.624506495627e-10       5.659749946093e-15       1.115548765630e-15 
  977       1.615683655582e-10       5.637574258588e-15       1.097735235766e-15 
  978       1.607054098185e-10       5.615503904478e-15       1.079981631909e-15 
  979       1.598617651907e-10       5.593538480837e-15       1.062291786069e-15 
  980       1.590374135432e-10       5.571677574465e-15       1.044669557343e-15 
  981       1.582323357621e-10       5.549920761856e-15       1.027118831977e-15 
  982       1.574465117485e-10       5.528267609165e-15       1.009643523432e-15 
  983       1.566799204147e-10       5.506717672172e-15       9.922475724509e-16 
  984       1.559325396811e-10       5.485270496250e-15       9.749349471178e-16 
  985       1.552043464732e-10       5.463925616332e-15       9.577096429274e-16 
  986       1.544953167179e-10       5.442682556876e-15       9.405756828476e-16 
  987       1.538054253407e-10       5.421540831833e-15       9.235371173843e-16 
  988       1.531346462620e-10       5.400499944610e-15       9.065980246462e-16 
  989       1.524829523941e-10       5.379559388042e-15       8.897625104093e-16 
  990       1.518503156380e-10       5.358718644353e-15       8.730347081816e-16 
  991       1.512367068798e-10       5.337977185124e-15       8.564187792677e-16 
  992       1.506420959878e-10       5.317334471262e-15       8.399189128336e-16 
  993       1.500664518090e-10       5.296789952962e-15       8.235393259709e-16 
  994       1.495097421660e-10       5.276343069678e-15       8.072842637618e-16 
  995       1.489719338537e-10       5.255993250085e-15       7.911579993436e-16 
  996       1.484529926357e-10       5.235739912049e-15       7.751648339734e-16 
  997       1.479528832417e-10       5.215582462590e-15       7.593090970925e-16 
  998       1.474715693637e-10       5.195520297853e-15       7.435951463913e-16 
  999       1.470090136529e-10       5.175552803068e-15       7.280273678737e-16 
 1000       1.465651777165e-10       5.155679352524e-15       7.126101759220e-16 
 1001       1.461400221143e-10       5.135899309527e-15       6.973480133612e-16 
 1002       1.457335063556e-10       5.116212026375e-15       6.822453515238e-16 
 1003       1.453455888958e-10       5.096616844317e-15       6.673066903144e-16 
 1004       1.449762271333e-10       5.077113093524e-15       6.525365582743e-16 
 1005       1.446253774060e-10       5.057700093054e-15       6.379395126462e-16 
 1006       1.442929949882e-10       5.038377150817e-15       6.235201394388e-16 
 1007       1.439790340872e-10       5.019143563545e-15       6.092830534914e-16 
 1008       1.436834478405e-10       4.999998616753e-15       5.952328985383e-16 
 1009       1.434061883117e-10       4.980941584711e-15       5.813743472739e-16 
 1010       1.431472064881e-10       4.961971730406e-15       5.677121014169e-16 
 1011       1.429064250344e-10       4.943088389568e-15       5.542497634528e-16 
 1012       1.426836561318e-10       4.924291224133e-15       5.409864338735e-16 
 1013       1.424786824456e-10       4.905579972371e-15       5.279200649014e-16 
 1014       1.422912842534e-10       4.886954365145e-15       5.150485842863e-16 
 1015       1.421212394386e-10       4.868414125880e-15       5.023698952378e-16 
 1016       1.419683234844e-10       4.849958970545e-15       4.898818763575e-16 
 1017       1.418323094668e-10       4.831588607624e-15       4.775823815713e-16 
 1018       1.417129680483e-10       4.813302738097e-15       4.654692400620e-16 
 1019       1.416100674716e-10       4.795101055413e-15       4.535402562008e-16 
 1020       1.415233735529e-10       4.776983245468e-15       4.417932094807e-16 
 1021       1.414526496759e-10       4.758948986581e-15       4.302258544477e-16 
 1022       1.413976567846e-10       4.740997949469e-15       4.188359206339e-16 
 1023       1.413581533775e-10       4.723129797226e-15       4.076211124892e-16 
 1024       1.413338955008e-10       4.705344185294e-15       3.965791093140e-16 
 1025       1.413246367422e-10       4.687640761446e-15       3.857075651914e-16 
 1026       1.413301282242e-10       4.670019165758e-15       3.750041089193e-16 
 1027       1.413501185975e-10       4.652479030585e-15       3.644663439428e-16 
 1028       1.413843540352e-10       4.635019980539e-15       3.540918482865e-16 
 1029       1.414325782255e-10       4.617641632464e-15       3.438781744869e-16 
 1030       1.414945323659e-10       4.600343595416e-15       3.338228495245e-16 
 1031       1.415699551565e-10       4.583125470631e-15       3.239233747559e-16 
 1032       1.416585827933e-10       4.565986851511e-15       3.141772258469e-16 
 1033       1.417601489622e-10       4.548927323592e-15       3.045818527036e-16 
 1034       1.418743848323e-10       4.531946464527e-15       2.951346794058e-16 
 1035       1.420010190494e-10       4.515043844056e-15       2.858331041385e-16 
 1036       1.421397777296e-10       4.498219023989e-15       2.766744991247e-16 
 1037       1.422903844528e-10       4.481471558174e-15       2.676562105573e-16 
 1038       1.424525602564e-10       4.464800992482e-15       2.587755585317e-16 
 1039       1.426260236286e-10       4.448206864777e-15       2.500298369778e-16 
 1040       1.428104905023e-10       4.431688704894e-15       2.414163135925e-16 
 1041       1.430056742481e-10       4.415246034616e-15       2.329322297720e-16 
 1042       1.432112856683e-10       4.398878367651e-15       2.245748005439e-16 
 1043       1.434270329903e-10       4.382585209605e-15       2.163412144997e-16 
 1044       1.436526218602e-10       4.366366057961e-15       2.082286337267e-16 
 1045       1.438877553361e-10       4.350220402056e-15       2.002341937410e-16 
 1046       1.441321338821e-10       4.334147723054e-15       1.923550034191e-16 
 1047       1.443854553612e-10       4.318147493924e-15       1.845881449303e-16 
 1048       1.446474150294e-10       4.302219179417e-15       1.769306736695e-16 
 1049       1.449177055292e-10       4.286362236041e-15       1.693796181887e-16 
 1050       1.451960168827e-10       4.270576112039e-15       1.619319801301e-16 
 1051       1.454820456268e-10       4.254860305131e-15       1.545851475628e-16 
 1052       1.457755223695e-10       4.239214536683e-15       1.473381414244e-16 
 1053       1.460761846036e-10       4.223638579912e-15       1.401903862715e-16 
 1054       1.463837675952e-10       4.208132202322e-15       1.331412984232e-16 
 1055       1.466980043773e-10       4.192695165685e-15       1.261902859378e-16 
 1056       1.470186257453e-10       4.177327226024e-15       1.193367485904e-16 
 1057       1.473453602511e-10       4.162028133596e-15       1.125800778498e-16 
 1058       1.476779341975e-10       4.146797632873e-15       1.059196568557e-16 
 1059       1.480160716329e-10       4.131635462526e-15       9.935486039596e-17 
 1060       1.483594943461e-10       4.116541355405e-15       9.288505488351e-17 
 1061       1.487079218603e-10       4.101515038528e-15       8.650959833379e-17 
 1062       1.490610714280e-10       4.086556233054e-15       8.022784034176e-17 
 1063       1.494186580253e-10       4.071664654274e-15       7.403912205904e-17 
 1064       1.497803943469e-10       4.056840011587e-15       6.794277617112e-17 
 1065       1.501459908000e-10       4.042082008489e-15       6.193812687449e-17 
 1066       1.505151554992e-10       4.027390342548e-15       5.602448985379e-17 
 1067       1.508875942611e-10       4.012764705395e-15       5.020117225898e-17 
 1068       1.512630105984e-10       3.998204782698e-15       4.446747268248e-17 
 1069       1.516411057152e-10       3.983710254151e-15       3.882268113633e-17 
 1070       1.520215785007e-10       3.969280793454e-15       3.326607902937e-17 
 1071       1.524041255242e-10       3.954916068293e-15       2.779693914433e-17 
 1072       1.527884410295e-10       3.940615740329e-15       2.241452561507e-17 
 1073       1.531742169298e-10       3.926379465174e-15       1.711809390365e-17 
 1074       1.535611428013e-10       3.912206892377e-15       1.190689077756e-17 
 1075       1.539489058790e-10       3.898097665405e-15       6.780154286831e-18 
 1076       1.543371910500e-10       3.884051421627e-15       1.737113741186e-18 
 1077       1.547256808491e-10       3.870067792295e-15      -3.223010312777e-18 
 1078       1.551140554525e-10       3.856146402528e-15      -8.101006114450e-18 
 1079       1.555019926728e-10       3.842286871293e-15      -1.289767071206e-17 
 1080       1.558891679534e-10       3.828488811388e-15      -1.761380998549e-17 
 1081       1.562752543630e-10       3.814751829425e-15      -2.225023866917e-17 
 1082       1.566599225904e-10       3.801075525813e-15      -2.680778037487e-17 
 1083       1.570428409385e-10       3.787459494739e-15      -3.128726761459e-17 
 1084       1.574236753193e-10       3.773903324151e-15      -3.568954182338e-17 
 1085       1.578020892483e-10       3.760406595742e-15      -4.001545338219e-17 
 1086       1.581777438390e-10       3.746968884929e-15      -4.426586164072e-17 
 1087       1.585502977974e-10       3.733589760840e-15      -4.844163494024e-17 
 1088       1.589194074167e-10       3.720268786294e-15      -5.254365063648e-17 
 1089       1.592847265715e-10       3.707005517782e-15      -5.657279512246e-17 
 1090       1.596459067128e-10       3.693799505455e-15      -6.052996385130e-17 
 1091       1.600026311389e-10       3.680650342667e-15      -6.441580471835e-17 
 1092       1.603547183235e-10       3.667557815397e-15      -6.822994439809e-17 
 1093       1.607020199606e-10       3.654521754796e-15      -7.197175169093e-17 
 1094       1.610443868117e-10       3.641541987790e-15      -7.564059322138e-17 
 1095       1.613816687032e-10       3.628618337065e-15      -7.923583343499e-17 
 1096       1.617137145247e-10       3.615750621060e-15      -8.275683459536e-17 
 1097       1.620403722270e-10       3.602938653947e-15      -8.620295678117e-17 
 1098       1.623614888199e-10       3.590182245623e-15      -8.957355788313e-17 
 1099       1.626769103705e-10       3.577481201698e-15      -9.286799360099e-17 
 1100       1.629864820008e-10       3.564835323481e-15      -9.608561744054e-17 
 1101       1.632900478859e-10       3.552244407967e-15      -9.922578071060e-17 
 1102       1.635874512520e-10       3.539708247826e-15      -1.022878325200e-16 
 1103       1.638785343746e-10       3.527226631389e-15      -1.052711197747e-16 
 1104       1.641631385757e-10       3.514799342636e-15      -1.081749871745e-16 
 1105       1.644411042229e-10       3.502426161186e-15      -1.109987772103e-16 
 1106       1.647122707264e-10       3.490106862280e-15      -1.137418301611e-16 
 1107       1.649764765375e-10       3.477841216772e-15      -1.164034840907e-16 
 1108       1.652335591467e-10       3.465628991114e-15      -1.189830748451e-16 
 1109       1.654833550811e-10       3.453469947346e-15      -1.214799360493e-16 
 1110       1.657256999030e-10       3.441363843082e-15      -1.238933991040e-16 
 1111       1.659604282077e-10       3.429310431499e-15      -1.262227931832e-16 
 1112       1.661873736213e-10       3.417309461320e-15      -1.284674452308e-16 
 1113       1.664063687987e-10       3.405360676809e-15      -1.306266799575e-16 
 1114       1.666172454220e-10       3.393463817751e-15      -1.326998198383e-16 
 1115       1.668198341979e-10       3.381618619445e-15      -1.346861851088e-16 
 1116       1.670139648562e-10       3.369824812689e-15      -1.365850937629e-16 
 1117       1.671994661474e-10       3.358082123766e-15      -1.383958615492e-16 
 1118       1.673761658410e-10       3.346390274435e-15      -1.401178019683e-16 
 1119       1.675438907232e-10       3.334748981918e-15      -1.417502262700e-16 
 1120       1.677024665950e-10       3.323157958883e-15      -1.432924434496e-16 
 1121       1.678517182704e-10       3.311616913439e-15      -1.447437602457e-16 
 1122       1.679914695740e-10       3.300125549116e-15      -1.461034811367e-16 
 1123       1.681215433393e-10       3.288683564858e-15      -1.473709083379e-16 
 1124       1.682417614064e-10       3.277290655007e-15      -1.485453417985e-16 
 1125       1.683519446203e-10       3.265946509293e-15      -1.496260791989e-16 
 1126       1.684519128288e-10       3.254650812820e-15      -1.506124159469e-16 
 1127       1.685414848803e-10       3.243403246053e-15      -1.515036451757e-16 
 1128       1.686204786219e-10       3.232203484808e-15      -1.522990577402e-16 
 1129       1.686887108974e-10       3.221051200237e-15      -1.529979422141e-16 
 1130       1.687459975455e-10       3.209946058817e-15      -1.535995848871e-16 
 1131       1.687921894534e-10       3.198887754718e-15      -1.541034535983e-16 
 1132       1.688272812342e-10       3.187876107398e-15      -1.545097518433e-16 
 1133       1.688513039499e-10       3.176910965244e-15      -1.548188718208e-16 
 1134       1.688642891841e-10       3.165992173297e-15      -1.550312112593e-16 
 1135       1.688662690434e-10       3.155119573239e-15      -1.551471734319e-16 
 1136       1.688572761588e-10       3.144293003390e-15      -1.551671671702e-16 
 1137       1.688373436870e-10       3.133512298692e-15      -1.550916068783e-16 
 1138       1.688065053115e-10       3.122777290702e-15      -1.549209125476e-16 
 1139       1.687647952446e-10       3.112087807585e-15      -1.546555097705e-16 
 1140       1.687122482281e-10       3.101443674100e-15      -1.542958297549e-16 
 1141       1.686488995352e-10       3.090844711594e-15      -1.538423093384e-16 
 1142       1.685747849714e-10       3.080290737991e-15      -1.532953910024e-16 
 1143       1.684899408762e-10       3.069781567784e-15      -1.526555228865e-16 
 1144       1.683944041243e-10       3.059317012021e-15      -1.519231588026e-16 
 1145       1.682882121273e-10       3.048896878303e-15      -1.510987582491e-16 
 1146       1.681714028343e-10       3.038520970769e-15      -1.501827864253e-16 
 1147       1.680440147342e-10       3.028189090087e-15      -1.491757142454e-16 
 1148       1.679060868563e-10       3.017901033447e-15      -1.480780183530e-16 
 1149       1.677576587722e-10       3.007656594550e-15      -1.468901811349e-16 
 1150       1.675987705969e-10       2.997455563599e-15      -1.456126907359e-16 
 1151       1.674294629901e-10       2.987297727287e-15      -1.442460410726e-16 
 1152       1.672497771579e-10       2.977182868793e-15      -1.427907318477e-16 
 1153       1.670597548537e-10       2.967110767766e-15      -1.412472685642e-16 
 1154       1.668594383801e-10       2.957081200322e-15      -1.396161625398e-16 
 1155       1.666488705897e-10       2.947093939030e-15      -1.378979309212e-16 
 1156       1.664280948870e-10       2.937148752903e-15      -1.360930966978e-16 
 1157       1.661971552292e-10       2.927245407390e-15      -1.342021887165e-16 
 1158       1.659560961283e-10       2.917383664368e-15      -1.322257416956e-16 
 1159       1.657049626516e-10       2.907563282129e-15      -1.301642962392e-16 
 1160       1.654438004239e-10       2.897784015370e-15      -1.280183988513e-16 
 1161       1.651726556282e-10       2.888045615189e-15      -1.257886019502e-16 
 1162       1.648915750075e-10       2.878347829071e-15      -1.234754638824e-16 
 1163       1.646006058659e-10       2.868690400880e-15      -1.210795489371e-16 
 1164       1.642997960702e-10       2.859073070848e-15      -1.186014273605e-16 
 1165       1.639891940510e-10       2.849495575568e-15      -1.160416753697e-16 
 1166       1.636688488044e-10       2.839957647983e-15      -1.134008751672e-16 
 1167       1.633388098929e-10       2.830459017377e-15      -1.106796149551e-16 
 1168       1.629991274473e-10       2.820999409365e-15      -1.078784889490e-16 
 1169       1.626498521677e-10       2.811578545885e-15      -1.049980973928e-16 
 1170       1.622910353249e-10       2.802196145187e-15      -1.020390465725e-16 
 1171       1.619227462337e-10       2.792851950989e-15      -9.900227955355e-17 
 1172       1.615451249076e-10       2.783545820365e-15      -9.589007288330e-17 
 1173       1.611583300640e-10       2.774277636938e-15      -9.270505235694e-17 
 1174       1.607625217148e-10       2.765047281802e-15      -8.944986346580e-17 
 1175       1.603578611695e-10       2.755854633519e-15      -8.612717144047e-17 
 1176       1.599445110376e-10       2.746699568111e-15      -8.273966129399e-17 
 1177       1.595226352321e-10       2.737581959052e-15      -7.929003786497e-17 
 1178       1.590923989720e-10       2.728501677265e-15      -7.578102586071e-17 
 1179       1.586539687855e-10       2.719458591109e-15      -7.221536990040e-17 
 1180       1.582075125123e-10       2.710452566378e-15      -6.859583455821e-17 
 1181       1.577531993075e-10       2.701483466288e-15      -6.492520440648e-17 
 1182       1.572911996432e-10       2.692551151478e-15      -6.120628405880e-17 
 1183       1.568216853128e-10       2.683655479994e-15      -5.744189821323e-17 
 1184       1.563448294326e-10       2.674796307291e-15      -5.363489169539e-17 
 1185       1.558608064455e-10       2.665973486218e-15      -4.978812950162e-17 
 1186       1.553697921239e-10       2.657186867017e-15      -4.590449684213e-17 
 1187       1.548719635720e-10       2.648436297314e-15      -4.198689918412e-17 
 1188       1.543674992292e-10       2.639721622112e-15      -3.803826229496e-17 
 1189       1.538565788728e-10       2.631042683782e-15      -3.406153228530e-17 
 1190       1.533393836212e-10       2.622399322062e-15      -3.005967565223e-17 
 1191       1.528160959361e-10       2.613791374043e-15      -2.603567932243e-17 
 1192       1.522868996263e-10       2.605218674168e-15      -2.199255069529e-17 
 1193       1.517519798497e-10       2.596681054220e-15      -1.793331768607e-17 
 1194       1.512115231170e-10       2.588178343319e-15      -1.386102876906e-17 
 1195       1.506657172939e-10       2.579710367914e-15      -9.778753020679e-18 
 1196       1.501147516044e-10       2.571276951776e-15      -5.689580162659e-18 
 1197       1.495588166338e-10       2.562877915989e-15      -1.596620605169e-18 
 1198       1.489981043311e-10       2.554513078947e-15       2.496994510035e-18 
 1199       1.484328080123e-10       2.546182256345e-15       6.588113266470e-18 
 1200       1.478631223633e-10       2.537885261169e-15       1.067356292978e-17 
 1201       1.472892434425e-10       2.529621903698e-15       1.475014990459e-17 
 1202       1.467113686840e-10       2.521391991485e-15       1.881465969137e-17 
 1203       1.461296969002e-10       2.513195329362e-15       2.286385684329e-17 
 1204       1.455444282850e-10       2.505031719423e-15       2.689448492306e-17 
 1205       1.449557644166e-10       2.496900961025e-15       3.090326645982e-17 
 1206       1.443639082600e-10       2.488802850775e-15       3.488690290597e-17 
 1207       1.437690641708e-10       2.480737182529e-15       3.884207459401e-17 
 1208       1.431714378969e-10       2.472703747378e-15       4.276544069346e-17 
 1209       1.425712365826e-10       2.464702333649e-15       4.665363916764e-17 
 1210       1.419686687704e-10       2.456732726891e-15       5.050328673059e-17 
 1211       1.413639371530e-10       2.448794730611e-15       5.431184202499e-17 
 1212       1.407572167243e-10       2.440888228758e-15       5.808020664746e-17 
 1213       1.401486763699e-10       2.433013123977e-15       6.181015543269e-17 
 1214       1.395384860977e-10       2.425169316937e-15       6.550347610750e-17 
 1215       1.389268170396e-10       2.417356706323e-15       6.916196931826e-17 
 1216       1.383138414543e-10       2.409575188829e-15       7.278744865835e-17 
 1217       1.376997327295e-10       2.401824659159e-15       7.638174069558e-17 
 1218       1.370846653840e-10       2.394105010015e-15       7.994668499961e-17 
 1219       1.364688150701e-10       2.386416132096e-15       8.348413416938e-17 
 1220       1.358523585760e-10       2.378757914091e-15       8.699595386059e-17 
 1221       1.352354738281e-10       2.371130242676e-15       9.048402281306e-17 
 1222       1.346183398931e-10       2.363533002506e-15       9.395023287822e-17 
 1223       1.340011369804e-10       2.355966076209e-15       9.739648904651e-17 
 1224       1.333840464445e-10       2.348429344386e-15       1.008247094748e-16 
 1225       1.327672507873e-10       2.340922685601e-15       1.042368255140e-16 
 1226       1.321509336602e-10       2.333445976377e-15       1.076347817361e-16 
 1227       1.315352798666e-10       2.325999091191e-15       1.110205359619e-16 
 1228       1.309204753641e-10       2.318581902470e-15       1.143960592886e-16 
 1229       1.303067072669e-10       2.311194280584e-15       1.177633361168e-16 
 1230       1.296941638480e-10       2.303836093841e-15       1.211243641781e-16 
 1231       1.290830345414e-10       2.296507208482e-15       1.244811545629e-16 
 1232       1.284735099448e-10       2.289207488677e-15       1.278357317471e-16 
 1233       1.278657818213e-10       2.281936796519e-15       1.311901336202e-16 
 1234       1.272600431024e-10       2.274694992017e-15       1.345464115124e-16 
 1235       1.266564878897e-10       2.267481933094e-15       1.379066302222e-16 
 1236       1.260553114574e-10       2.260297475579e-15       1.412728680437e-16 
 1237       1.254567102549e-10       2.253141473204e-15       1.446472167940e-16 
 1238       1.248608819085e-10       2.246013777596e-15       1.480317818407e-16 
 1239       1.242680252243e-10       2.238914238276e-15       1.514286821295e-16 
 1240       1.236783401902e-10       2.231842702649e-15       1.548400502114e-16 
 1241       1.230920279781e-10       2.224799016003e-15       1.582680322700e-16 
 1242       1.225092909465e-10       2.217783021500e-15       1.617147881495e-16 
 1243       1.219303326425e-10       2.210794560174e-15       1.651824913815e-16 
 1244       1.213553578043e-10       2.203833470923e-15       1.686733292128e-16 
 1245       1.207845723636e-10       2.196899590508e-15       1.721895026326e-16 
 1246       1.202181834474e-10       2.189992753543e-15       1.757332264004e-16 
 1247       1.196563993810e-10       2.183112792492e-15       1.793067290728e-16 
 1248       1.190994296898e-10       2.176259537663e-15       1.829122530313e-16 
 1249       1.185474851017e-10       2.169432817204e-15       1.865520545097e-16 
 1250       1.180007775494e-10       2.162632457098e-15       1.902284036215e-16 
 1251       1.174594970182e-10       2.155858297303e-15       1.939429426910e-16 
 1252       1.169237417885e-10       2.149110240392e-15       1.976947529850e-16 
 1253       1.163935873822e-10       2.142388203472e-15       2.014822654440e-16 
 1254       1.158691096446e-10       2.135692102084e-15       2.053039003081e-16 
 1255       1.153503847446e-10       2.129021850200e-15       2.091580670944e-16 
 1256       1.148374891754e-10       2.122377360219e-15       2.130431645760e-16 
 1257       1.143304997547e-10       2.115758542962e-15       2.169575807596e-16 
 1258       1.138294936256e-10       2.109165307669e-15       2.208996928646e-16 
 1259       1.133345482571e-10       2.102597561995e-15       2.248678673004e-16 
 1260       1.128457414441e-10       2.096055212006e-15       2.288604596457e-16 
 1261       1.123631513088e-10       2.089538162172e-15       2.328758146257e-16 
 1262       1.118868563003e-10       2.083046315370e-15       2.369122660913e-16 
 1263       1.114169351960e-10       2.076579572873e-15       2.409681369968e-16 
 1264       1.109534671014e-10       2.070137834350e-15       2.450417393783e-16 
 1265       1.104965314511e-10       2.063720997859e-15       2.491313743322e-16 
 1266       1.100462080090e-10       2.057328959848e-15       2.532353319930e-16 
 1267       1.096025768692e-10       2.050961615146e-15       2.573518915120e-16 
 1268       1.091657184561e-10       2.044618856960e-15       2.614793210356e-16 
 1269       1.087357135253e-10       2.038300576873e-15       2.656158776829e-16 
 1270       1.083126431638e-10       2.032006664840e-15       2.697598075250e-16 
 1271       1.078965887910e-10       2.025737009182e-15       2.739093455623e-16 
 1272       1.074876321585e-10       2.019491496583e-15       2.780627157033e-16 
 1273       1.070858553513e-10       2.013270012085e-15       2.822181307428e-16 
 1274       1.066913407882e-10       2.007072439087e-15       2.863737923402e-16 
 1275       1.063041712218e-10       2.000898659338e-15       2.905278909975e-16 
 1276       1.059244297397e-10       1.994748552934e-15       2.946786060379e-16 
 1277       1.055521997649e-10       1.988621998315e-15       2.988241055838e-16 
 1278       1.051875650557e-10       1.982518872260e-15       3.029625465354e-16 
 1279       1.048306097072e-10       1.976439049882e-15       3.070920745486e-16 
 1280       1.044814181510e-10       1.970382404627e-15       3.112108240133e-16 
 1281       1.041400751563e-10       1.964348808266e-15       3.153169180322e-16 
 1282       1.038066658300e-10       1.958338130896e-15       3.194084683982e-16 
 1283       1.034812756174e-10       1.952350240930e-15       3.234835755736e-16 
 1284       1.031639903030e-10       1.946385005100e-15       3.275403286674e-16 
 1285       1.028548960104e-10       1.940442288446e-15       3.315768054146e-16 
 1286       1.025540792035e-10       1.934521954318e-15       3.355910721535e-16 
 1287       1.022616266865e-10       1.928623864367e-15       3.395811838046e-16 
 1288       1.019776256048e-10       1.922747878546e-15       3.435451838487e-16 
 1289       1.017021634453e-10       1.916893855101e-15       3.474811043051e-16 
 1290       1.014353280370e-10       1.911061650571e-15       3.513869657099e-16 
 1291       1.011771847899e-10       1.905251133576e-15       3.552609470141e-16 
 1292       1.009277081288e-10       1.899462226371e-15       3.591018974271e-16 
 1293       1.006868492840e-10       1.893694863754e-15       3.629088303265e-16 
 1294       1.004545589814e-10       1.887948979315e-15       3.666807538545e-16 
 1295       1.002307874415e-10       1.882224505429e-15       3.704166709087e-16 
 1296       1.000154843780e-10       1.876521373256e-15       3.741155791320e-16 
 1297       9.980859899724e-11       1.870839512736e-15       3.777764709040e-16 
 1298       9.961007999643e-11       1.865178852587e-15       3.813983333305e-16 
 1299       9.941987556299e-11       1.859539320303e-15       3.849801482346e-16 
 1300       9.923793337330e-11       1.853920842149e-15       3.885208921473e-16 
 1301       9.906420059154e-11       1.848323343159e-15       3.920195362974e-16 
 1302       9.889862386867e-11       1.842746747133e-15       3.954750466026e-16 
 1303       9.874114934127e-11       1.837190976635e-15       3.988863836596e-16 
 1304       9.859172263043e-11       1.831655952986e-15       4.022525027347e-16 
 1305       9.845028884063e-11       1.826141596269e-15       4.055723537544e-16 
 1306       9.831679255868e-11       1.820647825315e-15       4.088448812958e-16 
 1307       9.819117785255e-11       1.815174557712e-15       4.120690245772e-16 
 1308       9.807338827030e-11       1.809721709792e-15       4.152437174483e-16 
 1309       9.796336683892e-11       1.804289196633e-15       4.183678883809e-16 
 1310       9.786105606329e-11       1.798876932056e-15       4.214404604596e-16 
 1311       9.776639792502e-11       1.793484828621e-15       4.244603513720e-16 
 1312       9.767933388132e-11       1.788112797623e-15       4.274264733990e-16 
 1313       9.759980486397e-11       1.782760749091e-15       4.303377334060e-16 
 1314       9.752775127811e-11       1.777428591784e-15       4.331930328326e-16 
 1315       9.746311300121e-11       1.772116233188e-15       4.359912676837e-16 
 1316       9.740582938190e-11       1.766823579515e-15       4.387313285195e-16 
 1317       9.735583923892e-11       1.761550535694e-15       4.414121004465e-16 
 1318       9.731308085993e-11       1.756297005377e-15       4.440324631075e-16 
 1319       9.727749200048e-11       1.751062890929e-15       4.465912906724e-16 
 1320       9.724900988285e-11       1.745848093426e-15       4.490874518286e-16 
 1321       9.722757119495e-11       1.740652512656e-15       4.515198097717e-16 
 1322       9.721311208921e-11       1.735476047111e-15       4.538872221954e-16 
 1323       9.720556818147e-11       1.730318593989e-15       4.561885412827e-16 
 1324       9.720487454986e-11       1.725180049184e-15       4.584226136961e-16 
 1325       9.721096573373e-11       1.720060307292e-15       4.605882805679e-16 
 1326       9.722377573248e-11       1.714959261602e-15       4.626843774909e-16 
 1327       9.724323800447e-11       1.709876804091e-15       4.647097345089e-16 
 1328       9.726928546594e-11       1.704812825430e-15       4.666631761073e-16 
 1329       9.730185048985e-11       1.699767214970e-15       4.685435212032e-16 
 1330       9.734086490482e-11       1.694739860749e-15       4.703495831363e-16 
 1331       9.738625070003e-11       1.689730659688e-15       4.720806871899e-16 
 1332       9.743789203064e-11       1.684739548330e-15       4.737382293945e-16 
 1333       9.749566290263e-11       1.679766472436e-15       4.753241348297e-16 
 1334       9.755943643715e-11       1.674811376807e-15       4.768403416721e-16 
 1335       9.762908486873e-11       1.669874205279e-15       4.782888012211e-16 
 1336       9.770447954356e-11       1.664954900726e-15       4.796714779244e-16 
 1337       9.778549091777e-11       1.660053405051e-15       4.809903494034e-16 
 1338       9.787198855565e-11       1.655169659192e-15       4.822474064790e-16 
 1339       9.796384112794e-11       1.650303603111e-15       4.834446531967e-16 
 1340       9.806091641010e-11       1.645455175797e-15       4.845841068524e-16 
 1341       9.816308128052e-11       1.640624315263e-15       4.856677980181e-16 
 1342       9.827020171882e-11       1.635810958543e-15       4.866977705670e-16 
 1343       9.838214280413e-11       1.631015041690e-15       4.876760816991e-16 
 1344       9.849876871327e-11       1.626236499774e-15       4.886048019671e-16 
 1345       9.861994271911e-11       1.621475266877e-15       4.894860153017e-16 
 1346       9.874552718876e-11       1.616731276096e-15       4.903218190367e-16 
 1347       9.887538358184e-11       1.612004459536e-15       4.911143239353e-16 
 1348       9.900937244878e-11       1.607294748310e-15       4.918656542151e-16 
 1349       9.914735342903e-11       1.602602072536e-15       4.925779475738e-16 
 1350       9.928918524935e-11       1.597926361335e-15       4.932533552145e-16 
 1351       9.943472572205e-11       1.593267542828e-15       4.938940418717e-16 
 1352       9.958383174329e-11       1.588625544134e-15       4.945021858362e-16 
 1353       9.973635929128e-11       1.584000291370e-15       4.950799789813e-16 
 1354       9.989216342460e-11       1.579391709645e-15       4.956296267875e-16 
 1355       1.000510982804e-10       1.574799723059e-15       4.961533483690e-16 
 1356       1.002130170727e-10       1.570224254702e-15       4.966533764984e-16 
 1357       1.003777720907e-10       1.565665226651e-15       4.971319576326e-16 
 1358       1.005452146969e-10       1.561122559967e-15       4.975913519383e-16 
 1359       1.007151953255e-10       1.556596174692e-15       4.980338333174e-16 
 1360       1.008875634805e-10       1.552085989850e-15       4.984616894327e-16 
 1361       1.010621677343e-10       1.547591923443e-15       4.988772217333e-16 
 1362       1.012388557254e-10       1.543113892445e-15       4.992827454801e-16 
 1363       1.014174741572e-10       1.538651812807e-15       4.996805897714e-16 
 1364       1.015978687959e-10       1.534205599448e-15       5.000730975684e-16 
 1365       1.017798844692e-10       1.529775166256e-15       5.004626257206e-16 
 1366       1.019633650639e-10       1.525360426086e-15       5.008515449918e-16 
 1367       1.021481535247e-10       1.520961290757e-15       5.012422400847e-16 
 1368       1.023340918523e-10       1.516577671048e-15       5.016371096675e-16 
 1369       1.025210211015e-10       1.512209476698e-15       5.020385663987e-16 
 1370       1.027087813798e-10       1.507856616405e-15       5.024490369527e-16 
 1371       1.028972192020e-10       1.503519006074e-15       5.028702984091e-16 
 1372       1.030862096443e-10       1.499196593689e-15       5.033014796240e-16 
 1373       1.032756344233e-10       1.494889334700e-15       5.037410385920e-16 
 1374       1.034653745592e-10       1.490597183799e-15       5.041874241323e-16 
 1375       1.036553103749e-10       1.486320094913e-15       5.046390758713e-16 
 1376       1.038453214943e-10       1.482058021201e-15       5.050944242263e-16 
 1377       1.040352868414e-10       1.477810915057e-15       5.055518903884e-16 
 1378       1.042250846388e-10       1.473578728103e-15       5.060098863057e-16 
 1379       1.044145924065e-10       1.469361411192e-15       5.064668146665e-16 
 1380       1.046036869608e-10       1.465158914404e-15       5.069210688827e-16 
 1381       1.047922444126e-10       1.460971187041e-15       5.073710330727e-16 
 1382       1.049801401666e-10       1.456798177634e-15       5.078150820446e-16 
 1383       1.051672489199e-10       1.452639833930e-15       5.082515812796e-16 
 1384       1.053534446603e-10       1.448496102900e-15       5.086788869150e-16 
 1385       1.055386006658e-10       1.444366930731e-15       5.090953457276e-16 
 1386       1.057225895026e-10       1.440252262828e-15       5.094992951164e-16 
 1387       1.059052830243e-10       1.436152043809e-15       5.098890630866e-16 
 1388       1.060865523705e-10       1.432066217507e-15       5.102629682318e-16 
 1389       1.062662679654e-10       1.427994726964e-15       5.106193197180e-16 
 1390       1.064442995167e-10       1.423937514432e-15       5.109564172665e-16 
 1391       1.066205160142e-10       1.419894521372e-15       5.112725511368e-16 
 1392       1.067947857287e-10       1.415865688449e-15       5.115660021103e-16 
 1393       1.069669762106e-10       1.411850955533e-15       5.118350414732e-16 
 1394       1.071369542884e-10       1.407850261696e-15       5.120779309995e-16 
 1395       1.073045860682e-10       1.403863545210e-15       5.122929229346e-16 
 1396       1.074697369313e-10       1.399890743548e-15       5.124782599783e-16 
 1397       1.076322715339e-10       1.395931793377e-15       5.126321752680e-16 
 1398       1.077920538055e-10       1.391986630561e-15       5.127528923616e-16 
 1399       1.079489469475e-10       1.388055190157e-15       5.128386252212e-16 
 1400       1.081028134319e-10       1.384137406415e-15       5.128875781960e-16 
 1401       1.082535150004e-10       1.380233212772e-15       5.128979460054e-16 
 1402       1.084009126626e-10       1.376342541856e-15       5.128679137224e-16 
 1403       1.085448666953e-10       1.372465325481e-15       5.127956567566e-16 
 1404       1.086852366409e-10       1.368601494643e-15       5.126793408377e-16 
 1405       1.088218813059e-10       1.364750979525e-15       5.125171219981e-16 
 1406       1.089546587602e-10       1.360913709488e-15       5.123071465567e-16 
 1407       1.090834263354e-10       1.357089613073e-15       5.120475511017e-16 
 1408       1.092080406237e-10       1.353278618000e-15       5.117364624741e-16 
 1409       1.093283574766e-10       1.349480651162e-15       5.113719977505e-16 
 1410       1.094442320036e-10       1.345695638630e-15       5.109522642265e-16 
 1411       1.095555356850e-10       1.341923512199e-15       5.104758856387e-16 
 1412       1.096622079076e-10       1.338164229133e-15       5.099435868310e-16 
 1413       1.097642049603e-10       1.334417752623e-15       5.093566254790e-16 
 1414       1.098614829689e-10       1.330684045252e-15       5.087162673558e-16 
 1415       1.099539978954e-10       1.326963068990e-15       5.080237863479e-16 
 1416       1.100417055380e-10       1.323254785199e-15       5.072804644689e-16 
 1417       1.101245615306e-10       1.319559154622e-15       5.064875918753e-16 
 1418       1.102025213428e-10       1.315876137392e-15       5.056464668810e-16 
 1419       1.102755402796e-10       1.312205693022e-15       5.047583959720e-16 
 1420       1.103435734811e-10       1.308547780409e-15       5.038246938218e-16 
 1421       1.104065759224e-10       1.304902357831e-15       5.028466833059e-16 
 1422       1.104645024131e-10       1.301269382946e-15       5.018256955165e-16 
 1423       1.105173075972e-10       1.297648812789e-15       5.007630697780e-16 
 1424       1.105649459532e-10       1.294040603773e-15       4.996601536613e-16 
 1425       1.106073717931e-10       1.290444711684e-15       4.985183029991e-16 
 1426       1.106445392629e-10       1.286861091686e-15       4.973388819003e-16 
 1427       1.106764023419e-10       1.283289698313e-15       4.961232627655e-16 
 1428       1.107029148428e-10       1.279730485470e-15       4.948728263014e-16 
 1429       1.107240304111e-10       1.276183406435e-15       4.935889615357e-16 
 1430       1.107397025251e-10       1.272648413851e-15       4.922730658323e-16 
 1431       1.107498844956e-10       1.269125459730e-15       4.909265449060e-16 
 1432       1.107545294656e-10       1.265614495450e-15       4.895508128372e-16 
 1433       1.107535904104e-10       1.262115471754e-15       4.881472920872e-16 
 1434       1.107470201367e-10       1.258628338746e-15       4.867174135126e-16 
 1435       1.107347712829e-10       1.255153045894e-15       4.852626163806e-16 
 1436       1.107167963188e-10       1.251689542025e-15       4.837843483836e-16 
 1437       1.106930475450e-10       1.248237775325e-15       4.822840656542e-16 
 1438       1.106634770933e-10       1.244797693340e-15       4.807632327801e-16 
 1439       1.106280369257e-10       1.241369242968e-15       4.792233228189e-16 
 1440       1.105866788349e-10       1.237952370466e-15       4.776658173131e-16 
 1441       1.105393544433e-10       1.234547021442e-15       4.760922063048e-16 
 1442       1.104860152035e-10       1.231153140858e-15       4.745039883508e-16 
 1443       1.104266123975e-10       1.227770673025e-15       4.729026705373e-16 
 1444       1.103610971369e-10       1.224399561603e-15       4.712897684948e-16 
 1445       1.102894203622e-10       1.221039749604e-15       4.696668064132e-16 
 1446       1.102115328431e-10       1.217691179381e-15       4.680353170564e-16 
 1447       1.101273851776e-10       1.214353792638e-15       4.663968417772e-16 
 1448       1.100369277923e-10       1.211027530418e-15       4.647529305326e-16 
 1449       1.099401109421e-10       1.207712333109e-15       4.631051418980e-16 
 1450       1.098368847098e-10       1.204408140441e-15       4.614550430826e-16 
 1451       1.097272146249e-10       1.201114896733e-15       4.598038903474e-16 
 1452       1.096111286945e-10       1.197832566711e-15       4.581516667063e-16 
 1453       1.094886708460e-10       1.194561119847e-15       4.564980345548e-16 
 1454       1.093598853517e-10       1.191300525123e-15       4.548426543839e-16 
 1455       1.092248168296e-10       1.188050751032e-15       4.531851847765e-16 
 1456       1.090835102439e-10       1.184811765572e-15       4.515252824039e-16 
 1457       1.089360109056e-10       1.181583536249e-15       4.498626020228e-16 
 1458       1.087823644733e-10       1.178366030074e-15       4.481967964718e-16 
 1459       1.086226169538e-10       1.175159213563e-15       4.465275166680e-16 
 1460       1.084568147026e-10       1.171963052735e-15       4.448544116041e-16 
 1461       1.082850044249e-10       1.168777513113e-15       4.431771283444e-16 
 1462       1.081072331757e-10       1.165602559719e-15       4.414953120220e-16 
 1463       1.079235483612e-10       1.162438157075e-15       4.398086058354e-16 
 1464       1.077339977385e-10       1.159284269205e-15       4.381166510450e-16 
 1465       1.075386294172e-10       1.156140859629e-15       4.364190869698e-16 
 1466       1.073374918595e-10       1.153007891364e-15       4.347155509845e-16 
 1467       1.071306338810e-10       1.149885326923e-15       4.330056785153e-16 
 1468       1.069181046511e-10       1.146773128314e-15       4.312891030376e-16 
 1469       1.066999536943e-10       1.143671257039e-15       4.295654560719e-16 
 1470       1.064762308899e-10       1.140579674094e-15       4.278343671810e-16 
 1471       1.062469864737e-10       1.137498339963e-15       4.260954639661e-16 
 1472       1.060122710377e-10       1.134427214625e-15       4.243483720642e-16 
 1473       1.057721355314e-10       1.131366257544e-15       4.225927151442e-16 
 1474       1.055266312621e-10       1.128315427677e-15       4.208281149038e-16 
 1475       1.052758098959e-10       1.125274683464e-15       4.190541910662e-16 
 1476       1.050197234579e-10       1.122243982835e-15       4.172705613767e-16 
 1477       1.047584243331e-10       1.119223283203e-15       4.154768415994e-16 
 1478       1.044919652670e-10       1.116212541465e-15       4.136726455140e-16 
 1479       1.042203993664e-10       1.113211714003e-15       4.118575849122e-16 
 1480       1.039437800998e-10       1.110220756679e-15       4.100312695947e-16 
 1481       1.036621612984e-10       1.107239624837e-15       4.081933073677e-16 
 1482       1.033755971561e-10       1.104268273300e-15       4.063433040395e-16 
 1483       1.030841422309e-10       1.101306656370e-15       4.044808634174e-16 
 1484       1.027878514451e-10       1.098354727829e-15       4.026055873042e-16 
 1485       1.024867800862e-10       1.095412440931e-15       4.007170754949e-16 
 1486       1.021809838072e-10       1.092479748410e-15       3.988149257735e-16 
 1487       1.018705186277e-10       1.089556602472e-15       3.968987339097e-16 
 1488       1.015554409341e-10       1.086642954797e-15       3.949680936552e-16 
 1489       1.012358074807e-10       1.083738756538e-15       3.930225967408e-16 
 1490       1.009116753899e-10       1.080843958318e-15       3.910618328730e-16 
 1491       1.005831079435e-10       1.077958514444e-15       3.890854104709e-16 
 1492       1.002501920155e-10       1.075082395582e-15       3.870930191075e-16 
 1493       9.991302081186e-11       1.072215576205e-15       3.850843676743e-16 
 1494       9.957168809594e-11       1.069358030388e-15       3.830591636946e-16 
 1495       9.922628818998e-11       1.066509731807e-15       3.810171133210e-16 
 1496       9.887691597585e-11       1.063670653740e-15       3.789579213332e-16 
 1497       9.852366689609e-11       1.060840769067e-15       3.768812911361e-16 
 1498       9.816663695486e-11       1.058020050265e-15       3.747869247573e-16 
 1499       9.780592271886e-11       1.055208469411e-15       3.726745228450e-16 
 1500       9.744162131834e-11       1.052405998179e-15       3.705437846659e-16 
 1501       9.707383044805e-11       1.049612607841e-15       3.683944081026e-16 
 1502       9.670264836818e-11       1.046828269265e-15       3.662260896521e-16 
 1503       9.632817390537e-11       1.044052952913e-15       3.640385244228e-16 
 1504       9.595050645362e-11       1.041286628842e-15       3.618314061328e-16 
 1505       9.556974597526e-11       1.038529266705e-15       3.596044271077e-16 
 1506       9.518599300196e-11       1.035780835743e-15       3.573572782782e-16 
 1507       9.479934863564e-11       1.033041304794e-15       3.550896491779e-16 
 1508       9.440991454944e-11       1.030310642284e-15       3.528012279411e-16 
 1509       9.401779298872e-11       1.027588816230e-15       3.504917013010e-16 
 1510       9.362308677197e-11       1.024875794238e-15       3.481607545868e-16 
 1511       9.322589929180e-11       1.022171543503e-15       3.458080717221e-16 
 1512       9.282633451592e-11       1.019476030808e-15       3.434333352222e-16 
 1513       9.242449698806e-11       1.016789222521e-15       3.410362261923e-16 
 1514       9.202049182896e-11       1.014111084599e-15       3.386164243253e-16 
 1515       9.161442473732e-11       1.011441582583e-15       3.361736078991e-16 
 1516       9.120640199076e-11       1.008780681596e-15       3.337074537750e-16 
 1517       9.079653044683e-11       1.006128346348e-15       3.312176373953e-16 
 1518       9.038491754388e-11       1.003484541129e-15       3.287038327806e-16 
 1519       8.997167130210e-11       1.000849229812e-15       3.261657125286e-16 
 1520       8.955690032446e-11       9.982223758515e-16       3.236029478110e-16 
 1521       8.914071379765e-11       9.956039422804e-16       3.210152083715e-16 
 1522       8.872322149308e-11       9.929938917120e-16       3.184021625241e-16 
 1523       8.830453376781e-11       9.903921863379e-16       3.157634771502e-16 
 1524       8.788476156552e-11       9.877987879270e-16       3.130988176969e-16 
 1525       8.746401641749e-11       9.852136578251e-16       3.104078481745e-16 
 1526       8.704241044355e-11       9.826367569538e-16       3.076902311545e-16 
 1527       8.662005635303e-11       9.800680458096e-16       3.049456277672e-16 
 1528       8.619706744572e-11       9.775074844635e-16       3.021736976997e-16 
 1529       8.577355761288e-11       9.749550325595e-16       2.993740991935e-16 
 1530       8.534964133815e-11       9.724106493142e-16       2.965464890426e-16 
 1531       8.492542817841e-11       9.698742969527e-16       2.936909122911e-16 
 1532       8.450100614681e-11       9.673459510534e-16       2.908089754055e-16 
 1533       8.407645817291e-11       9.648255903004e-16       2.879026843069e-16 
 1534       8.365186760902e-11       9.623131930547e-16       2.849740557057e-16 
 1535       8.322731823095e-11       9.598087373539e-16       2.820251171192e-16 
 1536       8.280289423864e-11       9.573122009112e-16       2.790579068899e-16 
 1537       8.237868025686e-11       9.548235611152e-16       2.760744742023e-16 
 1538       8.195476133586e-11       9.523427950286e-16       2.730768791015e-16 
 1539       8.153122295210e-11       9.498698793880e-16       2.700671925105e-16 
 1540       8.110815100889e-11       9.474047906032e-16       2.670474962479e-16 
 1541       8.068563183708e-11       9.449475047562e-16       2.640198830458e-16 
 1542       8.026375219574e-11       9.424979976009e-16       2.609864565675e-16 
 1543       7.984259927286e-11       9.400562445622e-16       2.579493314252e-16 
 1544       7.942226068598e-11       9.376222207356e-16       2.549106331979e-16 
 1545       7.900282448294e-11       9.351959008861e-16       2.518724984487e-16 
 1546       7.858437914247e-11       9.327772594480e-16       2.488370747431e-16 
 1547       7.816701357497e-11       9.303662705238e-16       2.458065206662e-16 
 1548       7.775081712310e-11       9.279629078839e-16       2.427830058409e-16 
 1549       7.733587956253e-11       9.255671449658e-16       2.397687109453e-16 
 1550       7.692229110258e-11       9.231789548732e-16       2.367658277306e-16 
 1551       7.651014238689e-11       9.207983103757e-16       2.337765590389e-16 
 1552       7.609952449415e-11       9.184251839080e-16       2.308031188206e-16 
 1553       7.569052893873e-11       9.160595475690e-16       2.278477321526e-16 
 1554       7.528324767137e-11       9.137013731216e-16       2.249126352556e-16 
 1555       7.487777307989e-11       9.113506319915e-16       2.220000755121e-16 
 1556       7.447419798984e-11       9.090072952669e-16       2.191123114841e-16 
 1557       7.407261566517e-11       9.066713336979e-16       2.162516129309e-16 
 1558       7.367311980895e-11       9.043427176952e-16       2.134202608264e-16 
 1559       7.327580456401e-11       9.020214173304e-16       2.106205473776e-16 
 1560       7.288076451365e-11       8.997074023345e-16       2.078547760417e-16 
 1561       7.248809468231e-11       8.974006420976e-16       2.051252615439e-16 
 1562       7.209789053621e-11       8.951011056682e-16       2.024343298954e-16 
 1563       7.171024798411e-11       8.928087617526e-16       1.997843184112e-16 
 1564       7.132526337793e-11       8.905235787140e-16       1.971775757274e-16 
 1565       7.094303351343e-11       8.882455245720e-16       1.946164618192e-16 
 1566       7.056365563092e-11       8.859745670019e-16       1.921033480187e-16 
 1567       7.018722741592e-11       8.837106733342e-16       1.896406170325e-16 
 1568       6.981384699984e-11       8.814538105536e-16       1.872306629595e-16 
 1569       6.944361296068e-11       8.792039452984e-16       1.848758913085e-16 
 1570       6.907662432368e-11       8.769610438601e-16       1.825787190164e-16 
 1571       6.871296886673e-11       8.747250749337e-16       1.803408197848e-16 
 1572       6.835268791618e-11       8.724960178986e-16       1.781608523707e-16 
 1573       6.799581122454e-11       8.702738546132e-16       1.760367111784e-16 
 1574       6.764236863621e-11       8.680585666708e-16       1.739662790011e-16 
 1575       6.729239008751e-11       8.658501353987e-16       1.719474270023e-16 
 1576       6.694590560683e-11       8.636485418576e-16       1.699780146964e-16 
 1577       6.660294531476e-11       8.614537668414e-16       1.680558899301e-16 
 1578       6.626353942414e-11       8.592657908761e-16       1.661788888632e-16 
 1579       6.592771824025e-11       8.570845942201e-16       1.643448359501e-16 
 1580       6.559551216084e-11       8.549101568628e-16       1.625515439204e-16 
 1581       6.526695167631e-11       8.527424585247e-16       1.607968137603e-16 
 1582       6.494206736979e-11       8.505814786564e-16       1.590784346933e-16 
 1583       6.462088991725e-11       8.484271964384e-16       1.573941841618e-16 
 1584       6.430345008761e-11       8.462795907805e-16       1.557418278074e-16 
 1585       6.398977874286e-11       8.441386403212e-16       1.541191194530e-16 
 1586       6.367990683818e-11       8.420043234269e-16       1.525238010827e-16 
 1587       6.337386542203e-11       8.398766181921e-16       1.509536028239e-16 
 1588       6.307168563629e-11       8.377555024381e-16       1.494062429276e-16 
 1589       6.277339871632e-11       8.356409537129e-16       1.478794277499e-16 
 1590       6.247903599113e-11       8.335329492903e-16       1.463708517330e-16 
 1591       6.218862888346e-11       8.314314661699e-16       1.448781973860e-16 
 1592       6.190220890991e-11       8.293364810761e-16       1.433991352663e-16 
 1593       6.161980768101e-11       8.272479704578e-16       1.419313239605e-16 
 1594       6.134145690138e-11       8.251659104878e-16       1.404724100656e-16 
 1595       6.106718836983e-11       8.230902770622e-16       1.390200281697e-16 
 1596       6.079703397945e-11       8.210210457999e-16       1.375718008337e-16 
 1597       6.053102571774e-11       8.189581920422e-16       1.361253385716e-16 
 1598       6.026919566671e-11       8.169016908521e-16       1.346782398321e-16 
 1599       6.001157600300e-11       8.148515170137e-16       1.332280909796e-16 
 1600       5.975819899800e-11       8.128076450321e-16       1.317724662750e-16 
 1601       5.950909701793e-11       8.107700491321e-16       1.303089278572e-16 
 1602       5.926430252400e-11       8.087387032586e-16       1.288350257237e-16 
 1603       5.902384807246e-11       8.067135810752e-16       1.273482977118e-16 
 1604       5.878776631478e-11       8.046946559642e-16       1.258462694800e-16 
 1605       5.855608999770e-11       8.026819010259e-16       1.243264544886e-16 
 1606       5.832885196338e-11       8.006752890781e-16       1.227863539811e-16 
 1607       5.810608514949e-11       7.986747926554e-16       1.212234569649e-16 
 1608       5.788782258933e-11       7.966803840090e-16       1.196352401929e-16 
 1609       5.767409741197e-11       7.946920351058e-16       1.180191681439e-16 
 1610       5.746494284230e-11       7.927097176281e-16       1.163726930044e-16 
 1611       5.726038186233e-11       7.907334052358e-16       1.146939516720e-16 
 1612       5.706039609202e-11       7.887630803759e-16       1.129838637286e-16 
 1613       5.686495662607e-11       7.867987275336e-16       1.112440524811e-16 
 1614       5.667403434676e-11       7.848403309752e-16       1.094761496811e-16 
 1615       5.648759992360e-11       7.828878747471e-16       1.076817955383e-16 
 1616       5.630562381293e-11       7.809413426754e-16       1.058626387331e-16 
 1617       5.612807625757e-11       7.790007183660e-16       1.040203364305e-16 
 1618       5.595492728649e-11       7.770659852038e-16       1.021565542933e-16 
 1619       5.578614671438e-11       7.751371263520e-16       1.002729664950e-16 
 1620       5.562170414132e-11       7.732141247522e-16       9.837125573352e-17 
 1621       5.546156895241e-11       7.712969631239e-16       9.645311324408e-17 
 1622       5.530571031742e-11       7.693856239635e-16       9.452023881278e-17 
 1623       5.515409719037e-11       7.674800895445e-16       9.257434078974e-17 
 1624       5.500669830923e-11       7.655803419171e-16       9.061713610237e-17 
 1625       5.486348219552e-11       7.636863629070e-16       8.865035026866e-17 
 1626       5.472441715393e-11       7.617981341158e-16       8.667571741044e-17 
 1627       5.458947127197e-11       7.599156369203e-16       8.469498026669e-17 
 1628       5.445861241963e-11       7.580388524719e-16       8.270989020676e-17 
 1629       5.433180824896e-11       7.561677616963e-16       8.072220724368e-17 
 1630       5.420902619376e-11       7.543023452931e-16       7.873370004742e-17 
 1631       5.409023346914e-11       7.524425837354e-16       7.674614595816e-17 
 1632       5.397539707125e-11       7.505884572691e-16       7.476133099957e-17 
 1633       5.386448377682e-11       7.487399459129e-16       7.278104989207e-17 
 1634       5.375746014288e-11       7.468970294576e-16       7.080710606613e-17 
 1635       5.365429250630e-11       7.450596874655e-16       6.884131167551e-17 
 1636       5.355494698352e-11       7.432278992705e-16       6.688548761054e-17 
 1637       5.345938947010e-11       7.414016439771e-16       6.494146351141e-17 
 1638       5.336758564042e-11       7.395809004604e-16       6.301107778143e-17 
 1639       5.327950094726e-11       7.377656473653e-16       6.109617760029e-17 
 1640       5.319510062147e-11       7.359558631064e-16       5.919861893738e-17 
 1641       5.311434967161e-11       7.341515258674e-16       5.732026656500e-17 
 1642       5.303721288353e-11       7.323526136007e-16       5.546299407165e-17 
 1643       5.296365482006e-11       7.305591040270e-16       5.362868387536e-17 
 1644       5.289363982063e-11       7.287709746347e-16       5.181922723688e-17 
 1645       5.282713200087e-11       7.269882026797e-16       5.003652427300e-17 
 1646       5.276409525231e-11       7.252107651850e-16       4.828248396980e-17 
 1647       5.270449324194e-11       7.234386389399e-16       4.655902419597e-17 
 1648       5.264828941188e-11       7.216718005000e-16       4.486807171600e-17 
 1649       5.259544697904e-11       7.199102261864e-16       4.321156220353e-17 
 1650       5.254592893470e-11       7.181538920857e-16       4.159144025460e-17 
 1651       5.249969438758e-11       7.164027759124e-16       4.000927819990e-17 
 1652       5.245668755828e-11       7.146568626165e-16       3.846512882092e-17 
 1653       5.241684868659e-11       7.129161388249e-16       3.695866249363e-17 
 1654       5.238011767868e-11       7.111805909822e-16       3.548954746323e-17 
 1655       5.234643410659e-11       7.094502053507e-16       3.405744984066e-17 
 1656       5.231573720771e-11       7.077249680095e-16       3.266203359909e-17 
 1657       5.228796588425e-11       7.060048648548e-16       3.130296057044e-17 
 1658       5.226305870269e-11       7.042898815991e-16       2.997989044186e-17 
 1659       5.224095389328e-11       7.025800037709e-16       2.869248075225e-17 
 1660       5.222158934950e-11       7.008752167144e-16       2.744038688873e-17 
 1661       5.220490262754e-11       6.991755055893e-16       2.622326208319e-17 
 1662       5.219083094576e-11       6.974808553704e-16       2.504075740874e-17 
 1663       5.217931118417e-11       6.957912508469e-16       2.389252177625e-17 
 1664       5.217027988392e-11       6.941066766226e-16       2.277820193082e-17 
 1665       5.216367324673e-11       6.924271171151e-16       2.169744244829e-17 
 1666       5.215942713442e-11       6.907525565557e-16       2.064988573178e-17 
 1667       5.215747706833e-11       6.890829789890e-16       1.963517200811e-17 
 1668       5.215775822882e-11       6.874183682725e-16       1.865293932439e-17 
 1669       5.216020545475e-11       6.857587080764e-16       1.770282354444e-17 
 1670       5.216475324292e-11       6.841039818829e-16       1.678445834535e-17 
 1671       5.217133574758e-11       6.824541729864e-16       1.589747521398e-17 
 1672       5.217988677987e-11       6.808092644926e-16       1.504150344339e-17 
 1673       5.219033980733e-11       6.791692393185e-16       1.421617012943e-17 
 1674       5.220262795334e-11       6.775340801918e-16       1.342110016720e-17 
 1675       5.221668399661e-11       6.759037696510e-16       1.265591624753e-17 
 1676       5.223244037063e-11       6.742782900444e-16       1.192023885354e-17 
 1677       5.224982916319e-11       6.726576235304e-16       1.121368625706e-17 
 1678       5.226878211579e-11       6.710417520766e-16       1.053587451522e-17 
 1679       5.228923062317e-11       6.694306574598e-16       9.886417466874e-18 
 1680       5.231110573276e-11       6.678243212656e-16       9.264926729149e-18 
 1681       5.233433814414e-11       6.662227248880e-16       8.671011693928e-18 
 1682       5.235885820852e-11       6.646258495290e-16       8.104279524351e-18 
 1683       5.238459592823e-11       6.630336761983e-16       7.564335151317e-18 
 1684       5.241148095617e-11       6.614461857129e-16       7.050781269989e-18 
 1685       5.243944259531e-11       6.598633586971e-16       6.563218336288e-18 
 1686       5.246840979812e-11       6.582851755815e-16       6.101244563400e-18 
 1687       5.249831116609e-11       6.567116166032e-16       5.664455918272e-18 
 1688       5.252907494917e-11       6.551426618052e-16       5.252446118116e-18 
 1689       5.256062904525e-11       6.535782910362e-16       4.864806626909e-18 
 1690       5.259290099965e-11       6.520184839502e-16       4.501126651892e-18 
 1691       5.262582168188e-11       6.504632215573e-16       4.160946873973e-18 
 1692       5.265933635175e-11       6.489124908932e-16       3.843620208157e-18 
 1693       5.269339368799e-11       6.473662803896e-16       3.548449831394e-18 
 1694       5.272794211921e-11       6.458245783261e-16       3.274735333897e-18 
 1695       5.276292982358e-11       6.442873728302e-16       3.021772713700e-18 
 1696       5.279830472840e-11       6.427546518767e-16       2.788854371223e-18 
 1697       5.283401450977e-11       6.412264032876e-16       2.575269103828e-18 
 1698       5.287000659222e-11       6.397026147318e-16       2.380302100381e-18 
 1699       5.290622814829e-11       6.381832737246e-16       2.203234935814e-18 
 1700       5.294262609822e-11       6.366683676280e-16       2.043345565683e-18 
 1701       5.297914710953e-11       6.351578836495e-16       1.899908320728e-18 
 1702       5.301573759665e-11       6.336518088428e-16       1.772193901437e-18 
 1703       5.305234372058e-11       6.321501301068e-16       1.659469372603e-18 
 1704       5.308891138849e-11       6.306528341856e-16       1.560998157884e-18 
 1705       5.312538625336e-11       6.291599076682e-16       1.476040034367e-18 
 1706       5.316171371358e-11       6.276713369882e-16       1.403851127125e-18 
 1707       5.319783891262e-11       6.261871084236e-16       1.343683903780e-18 
 1708       5.323370673862e-11       6.247072080962e-16       1.294787169059e-18 
 1709       5.326926182404e-11       6.232316219719e-16       1.256406059361e-18 
 1710       5.330444854527e-11       6.217603358598e-16       1.227782037310e-18 
 1711       5.333921102228e-11       6.202933354123e-16       1.208152886323e-18 
 1712       5.337349311823e-11       6.188306061245e-16       1.196752705164e-18 
 1713       5.340723843908e-11       6.173721333344e-16       1.192811902506e-18 
 1714       5.344039033326e-11       6.159179022223e-16       1.195557191496e-18 
 1715       5.347289189127e-11       6.144678978102e-16       1.204211584308e-18 
 1716       5.350468594529e-11       6.130221049623e-16       1.217994386709e-18 
 1717       5.353571506886e-11       6.115805083841e-16       1.236121192617e-18 
 1718       5.356592157645e-11       6.101430926222e-16       1.257803878661e-18 
 1719       5.359524752312e-11       6.087098420643e-16       1.282250598743e-18 
 1720       5.362363470415e-11       6.072807409386e-16       1.308665778599e-18 
 1721       5.365102465465e-11       6.058557733137e-16       1.336250110354e-18 
 1722       5.367735864917e-11       6.044349230983e-16       1.364200547091e-18 
 1723       5.370257770139e-11       6.030181740408e-16       1.391710297404e-18 
 1724       5.372662256367e-11       6.016055097291e-16       1.417968819962e-18 
 1725       5.374943372675e-11       6.001969135904e-16       1.442161818067e-18 
 1726       5.377095141931e-11       5.987923688908e-16       1.463471234219e-18 
 1727       5.379111560765e-11       5.973918587349e-16       1.481075244670e-18 
 1728       5.380986599528e-11       5.959953660659e-16       1.494148253990e-18 
 1729       5.382714202258e-11       5.946028736650e-16       1.501860889623e-18 
 1730       5.384288286638e-11       5.932143641510e-16       1.503379996453e-18 
 1731       5.385703493473e-11       5.918298212885e-16       1.498123315429e-18 
 1732       5.386957442098e-11       5.904492339228e-16       1.486525884451e-18 
 1733       5.388048493957e-11       5.890725920778e-16       1.469280104967e-18 
 1734       5.388975004818e-11       5.876998856499e-16       1.447081650670e-18 
 1735       5.389735324767e-11       5.863311044088e-16       1.420629472256e-18 
 1736       5.390327798200e-11       5.849662379963e-16       1.390625802173e-18 
 1737       5.390750763814e-11       5.836052759267e-16       1.357776159379e-18 
 1738       5.391002554603e-11       5.822482075864e-16       1.322789354094e-18 
 1739       5.391081497846e-11       5.808950222336e-16       1.286377492556e-18 
 1740       5.390985915106e-11       5.795457089981e-16       1.249255981775e-18 
 1741       5.390714122218e-11       5.782002568812e-16       1.212143534286e-18 
 1742       5.390264429281e-11       5.768586547552e-16       1.175762172902e-18 
 1743       5.389635140655e-11       5.755208913634e-16       1.140837235473e-18 
 1744       5.388824554951e-11       5.741869553198e-16       1.108097379636e-18 
 1745       5.387830965023e-11       5.728568351089e-16       1.078274587571e-18 
 1746       5.386652657963e-11       5.715305190852e-16       1.052104170755e-18 
 1747       5.385287915093e-11       5.702079954735e-16       1.030324774714e-18 
 1748       5.383735011954e-11       5.688892523683e-16       1.013678383782e-18 
 1749       5.381992218306e-11       5.675742777334e-16       1.002910325852e-18 
 1750       5.380057798114e-11       5.662630594022e-16       9.987692771285e-19 
 1751       5.377930009544e-11       5.649555850770e-16       1.002007266887e-18 
 1752       5.375607104955e-11       5.636518423290e-16       1.013379682223e-18 
 1753       5.373087330892e-11       5.623518185980e-16       1.033645272809e-18 
 1754       5.370368928077e-11       5.610555011922e-16       1.063566155649e-18 
 1755       5.367450131405e-11       5.597628772879e-16       1.103907819832e-18 
 1756       5.364329169935e-11       5.584739339295e-16       1.155439131283e-18 
 1757       5.361004266879e-11       5.571886580287e-16       1.218932337526e-18 
 1758       5.357473639604e-11       5.559070363650e-16       1.295163072426e-18 
 1759       5.353735499613e-11       5.546290555851e-16       1.384910360956e-18 
 1760       5.349788052547e-11       5.533547022024e-16       1.488956623940e-18 
 1761       5.345629498174e-11       5.520839625975e-16       1.608087682816e-18 
 1762       5.341258030382e-11       5.508168230172e-16       1.743092764385e-18 
 1763       5.336671837171e-11       5.495532695746e-16       1.894764505566e-18 
 1764       5.331869100647e-11       5.482932882491e-16       2.063898958152e-18 
 1765       5.326847997014e-11       5.470368648858e-16       2.251295593564e-18 
 1766       5.321606696566e-11       5.457839851954e-16       2.457757307602e-18 
 1767       5.316143363682e-11       5.445346347538e-16       2.684090425203e-18 
 1768       5.310456156818e-11       5.432887990025e-16       2.931104705196e-18 
 1769       5.304543228495e-11       5.420464632475e-16       3.199613345050e-18 
 1770       5.298402725300e-11       5.408076126596e-16       3.490432985636e-18 
 1771       5.292033428540e-11       5.395722333494e-16       3.804093666341e-18 
 1772       5.285436682026e-11       5.383403156027e-16       4.139966060491e-18 
 1773       5.278614480203e-11       5.371118506713e-16       4.497127038245e-18 
 1774       5.271568828951e-11       5.358868296999e-16       4.874649055336e-18 
 1775       5.264301745594e-11       5.346652437260e-16       5.271600146741e-18 
 1776       5.256815258924e-11       5.334470836798e-16       5.687043920337e-18 
 1777       5.249111409215e-11       5.322323403837e-16       6.120039550569e-18 
 1778       5.241192248239e-11       5.310210045524e-16       6.569641772110e-18 
 1779       5.233059839288e-11       5.298130667926e-16       7.034900873527e-18 
 1780       5.224716257186e-11       5.286085176028e-16       7.514862690941e-18 
 1781       5.216163588310e-11       5.274073473732e-16       8.008568601693e-18 
 1782       5.207403930603e-11       5.262095463853e-16       8.515055518008e-18 
 1783       5.198439393597e-11       5.250151048119e-16       9.033355880653e-18 
 1784       5.189272098425e-11       5.238240127170e-16       9.562497652606e-18 
 1785       5.179904177840e-11       5.226362600552e-16       1.010150431272e-17 
 1786       5.170337776234e-11       5.214518366721e-16       1.064939484937e-17 
 1787       5.160575049652e-11       5.202707323034e-16       1.120518375415e-17 
 1788       5.150618165813e-11       5.190929365755e-16       1.176788101549e-17 
 1789       5.140469304122e-11       5.179184390046e-16       1.233649211238e-17 
 1790       5.130130655692e-11       5.167472289969e-16       1.291001800796e-17 
 1791       5.119604423360e-11       5.155792958485e-16       1.348745514325e-17 
 1792       5.108892821701e-11       5.144146287448e-16       1.406779543076e-17 
 1793       5.097998077052e-11       5.132532167607e-16       1.465002624820e-17 
 1794       5.086922427521e-11       5.120950488601e-16       1.523313043211e-17 
 1795       5.075668123009e-11       5.109401138960e-16       1.581608627154e-17 
 1796       5.064237425229e-11       5.097884006103e-16       1.639786750169e-17 
 1797       5.052632607719e-11       5.086398976331e-16       1.697744329762e-17 
 1798       5.040855955859e-11       5.074945934832e-16       1.755377826785e-17 
 1799       5.028909766892e-11       5.063524765676e-16       1.812583244808e-17 
 1800       5.016796349940e-11       5.052135351812e-16       1.869256129483e-17 
 1801       5.004518026018e-11       5.040777575068e-16       1.925291567910e-17 
 1802       4.992077128056e-11       5.029451316148e-16       1.980584188002e-17 
 1803       4.979476000913e-11       5.018156454630e-16       2.035028157856e-17 
 1804       4.966717001394e-11       5.006892868966e-16       2.088517185113e-17 
 1805       4.953802498269e-11       4.995660436477e-16       2.140944516330e-17 
 1806       4.940734872289e-11       4.984459033354e-16       2.192202936344e-17 
 1807       4.927516516206e-11       4.973288534654e-16       2.242184767637e-17 
 1808       4.914149834784e-11       4.962148814300e-16       2.290781869705e-17 
 1809       4.900637244823e-11       4.951039745077e-16       2.337885638420e-17 
 1810       4.886981175172e-11       4.939961198631e-16       2.383387005403e-17 
 1811       4.873184270975e-11       4.928913054718e-16       2.427210123664e-17 
 1812       4.859250008178e-11       4.917895229028e-16       2.469413723423e-17 
 1813       4.845182084022e-11       4.906907645579e-16       2.510090574020e-17 
 1814       4.830984213288e-11       4.895950227491e-16       2.549333872574e-17 
 1815       4.816660128328e-11       4.885022896979e-16       2.587237244581e-17 
 1816       4.802213579083e-11       4.874125575356e-16       2.623894744515e-17 
 1817       4.787648333111e-11       4.863258183028e-16       2.659400856423e-17 
 1818       4.772968175613e-11       4.852420639496e-16       2.693850494523e-17 
 1819       4.758176909453e-11       4.841612863349e-16       2.727339003805e-17 
 1820       4.743278355187e-11       4.830834772270e-16       2.759962160628e-17 
 1821       4.728276351088e-11       4.820086283026e-16       2.791816173316e-17 
 1822       4.713174753165e-11       4.809367311473e-16       2.822997682761e-17 
 1823       4.697977435194e-11       4.798677772553e-16       2.853603763015e-17 
 1824       4.682688288739e-11       4.788017580289e-16       2.883731921893e-17 
 1825       4.667311223181e-11       4.777386647788e-16       2.913480101569e-17 
 1826       4.651850165734e-11       4.766784887237e-16       2.942946679175e-17 
 1827       4.636309061481e-11       4.756212209900e-16       2.972230467399e-17 
 1828       4.620691873388e-11       4.745668526122e-16       3.001430715082e-17 
 1829       4.605002582337e-11       4.735153745320e-16       3.030647107819e-17 
 1830       4.589245187146e-11       4.724667775987e-16       3.059979768553e-17 
 1831       4.573423704594e-11       4.714210525688e-16       3.089529258178e-17 
 1832       4.557542169447e-11       4.703781901061e-16       3.119396576132e-17 
 1833       4.541604634484e-11       4.693381807811e-16       3.149683161001e-17 
 1834       4.525615170517e-11       4.683010150711e-16       3.180490891112e-17 
 1835       4.509577866421e-11       4.672666833602e-16       3.211922085133e-17 
 1836       4.493496829155e-11       4.662351759389e-16       3.244079502672e-17 
 1837       4.477376183788e-11       4.652064830039e-16       3.277066344876e-17 
 1838       4.461220073523e-11       4.641805946584e-16       3.310986255024e-17 
 1839       4.445032659724e-11       4.631575009112e-16       3.345943319134e-17 
 1840       4.428818121937e-11       4.621371916773e-16       3.382042066551e-17 
 1841       4.412580657919e-11       4.611196567771e-16       3.419387470553e-17 
 1842       4.396324483656e-11       4.601048859369e-16       3.458084948947e-17 
 1843       4.380053833397e-11       4.590928687879e-16       3.498240364665e-17 
 1844       4.363772959670e-11       4.580835948670e-16       3.539960026364e-17 
 1845       4.347486133311e-11       4.570770536159e-16       3.583350689025e-17 
 1846       4.331197643489e-11       4.560732343814e-16       3.628519554548e-17 
 1847       4.314911797729e-11       4.550721264148e-16       3.675574272355e-17 
 1848       4.298632921936e-11       4.540737188723e-16       3.724622939983e-17 
 1849       4.282365360424e-11       4.530780008143e-16       3.775774103687e-17 
 1850       4.266113475935e-11       4.520849612056e-16       3.829136759033e-17 
 1851       4.249881400280e-11       4.510945896948e-16       3.884787586840e-17 
 1852       4.233672284052e-11       4.501068789591e-16       3.942672376573e-17 
 1853       4.217489041032e-11       4.491218223778e-16       4.002703824783e-17 
 1854       4.201334597047e-11       4.481394132541e-16       4.064794228470e-17 
 1855       4.185211889994e-11       4.471596448149e-16       4.128855484534e-17 
 1856       4.169123869850e-11       4.461825102109e-16       4.194799089230e-17 
 1857       4.153073498689e-11       4.452080025161e-16       4.262536137614e-17 
 1858       4.137063750700e-11       4.442361147281e-16       4.331977322998e-17 
 1859       4.121097612201e-11       4.432668397678e-16       4.403032936400e-17 
 1860       4.105178081658e-11       4.423001704791e-16       4.475612865996e-17 
 1861       4.089308169694e-11       4.413360996290e-16       4.549626596569e-17 
 1862       4.073490899114e-11       4.403746199074e-16       4.624983208964e-17 
 1863       4.057729304914e-11       4.394157239270e-16       4.701591379534e-17 
 1864       4.042026434300e-11       4.384594042229e-16       4.779359379596e-17 
 1865       4.026385346704e-11       4.375056532531e-16       4.858195074881e-17 
 1866       4.010809113797e-11       4.365544633975e-16       4.938005924984e-17 
 1867       3.995300819510e-11       4.356058269587e-16       5.018698982815e-17 
 1868       3.979863560046e-11       4.346597361610e-16       5.100180894053e-17 
 1869       3.964500443897e-11       4.337161831510e-16       5.182357896595e-17 
 1870       3.949214591860e-11       4.327751599971e-16       5.265135820007e-17 
 1871       3.934009137053e-11       4.318366586892e-16       5.348420084975e-17 
 1872       3.918887224931e-11       4.309006711391e-16       5.432115702759e-17 
 1873       3.903852013302e-11       4.299671891799e-16       5.516127274642e-17 
 1874       3.888906672343e-11       4.290362045661e-16       5.600358991380e-17 
 1875       3.874054384615e-11       4.281077089734e-16       5.684714632657e-17 
 1876       3.859298345080e-11       4.271816939985e-16       5.769097566533e-17 
 1877       3.844641761117e-11       4.262581511592e-16       5.853410748895e-17 
 1878       3.830087852536e-11       4.253370718940e-16       5.937556722913e-17 
 1879       3.815639851599e-11       4.244184475623e-16       6.021437618483e-17 
 1880       3.801301003029e-11       4.235022694437e-16       6.104955151687e-17 
 1881       3.787074564030e-11       4.225885287385e-16       6.188010624239e-17 
 1882       3.772963804303e-11       4.216772165673e-16       6.270504922937e-17 
 1883       3.758972006062e-11       4.207683239710e-16       6.352338519115e-17 
 1884       3.745102464048e-11       4.198618419101e-16       6.433411468093e-17 
 1885       3.731358485546e-11       4.189577612655e-16       6.513623408631e-17 
 1886       3.717743390401e-11       4.180560728377e-16       6.592873562377e-17 
 1887       3.704260511036e-11       4.171567673468e-16       6.671060733320e-17 
 1888       3.690913192463e-11       4.162598354326e-16       6.748083307241e-17 
 1889       3.677704792304e-11       4.153652676542e-16       6.823839251164e-17 
 1890       3.664638680805e-11       4.144730544899e-16       6.898226112808e-17 
 1891       3.651717774910e-11       4.135831870026e-16       6.971162933267e-17 
 1892       3.638943136519e-11       4.126956588410e-16       7.042656171573e-17 
 1893       3.626315363417e-11       4.118104642533e-16       7.112734289247e-17 
 1894       3.613835054225e-11       4.109275974235e-16       7.181425883570e-17 
 1895       3.601502808403e-11       4.100470524713e-16       7.248759687769e-17 
 1896       3.589319226252e-11       4.091688234516e-16       7.314764571207e-17 
 1897       3.577284908913e-11       4.082929043549e-16       7.379469539561e-17 
 1898       3.565400458363e-11       4.074192891068e-16       7.442903735019e-17 
 1899       3.553666477423e-11       4.065479715680e-16       7.505096436456e-17 
 1900       3.542083569753e-11       4.056789455345e-16       7.566077059627e-17 
 1901       3.530652339854e-11       4.048122047370e-16       7.625875157351e-17 
 1902       3.519373393067e-11       4.039477428411e-16       7.684520419697e-17 
 1903       3.508247335576e-11       4.030855534471e-16       7.742042674168e-17 
 1904       3.497274774406e-11       4.022256300900e-16       7.798471885893e-17 
 1905       3.486456317424e-11       4.013679662392e-16       7.853838157809e-17 
 1906       3.475792573339e-11       4.005125552984e-16       7.908171730847e-17 
 1907       3.465284151703e-11       3.996593906060e-16       7.961502984119e-17 
 1908       3.454931662911e-11       3.988084654341e-16       8.013862435105e-17 
 1909       3.444735718202e-11       3.979597729892e-16       8.065280739840e-17 
 1910       3.434696929656e-11       3.971133064116e-16       8.115788693097e-17 
 1911       3.424815910200e-11       3.962690587756e-16       8.165417228576e-17 
 1912       3.415093273604e-11       3.954270230892e-16       8.214197419089e-17 
 1913       3.405529634481e-11       3.945871922941e-16       8.262160476746e-17 
 1914       3.396125608291e-11       3.937495592654e-16       8.309337753143e-17 
 1915       3.386881811338e-11       3.929141168118e-16       8.355760739546e-17 
 1916       3.377798860773e-11       3.920808576752e-16       8.401461067078e-17 
 1917       3.368877374589e-11       3.912497745310e-16       8.446470506907e-17 
 1918       3.360117971630e-11       3.904208599873e-16       8.490820970428e-17 
 1919       3.351521271583e-11       3.895941065855e-16       8.534544509453e-17 
 1920       3.343087894982e-11       3.887695068000e-16       8.577673316398e-17 
 1921       3.334818463209e-11       3.879470530376e-16       8.620239724464e-17 
 1922       3.326713598493e-11       3.871267376382e-16       8.662276207828e-17 
 1923       3.318773923911e-11       3.863085528741e-16       8.703815381827e-17 
 1924       3.311000063386e-11       3.854924909501e-16       8.744890003146e-17 
 1925       3.303392641693e-11       3.846785440034e-16       8.785532970003e-17 
 1926       3.295952284452e-11       3.838667041034e-16       8.825777322333e-17 
 1927       3.288679618133e-11       3.830569632518e-16       8.865656241980e-17 
 1928       3.281575270056e-11       3.822493133821e-16       8.905203052877e-17 
 1929       3.274639868390e-11       3.814437463601e-16       8.944451221235e-17 
 1930       3.267874042153e-11       3.806402539832e-16       8.983434355732e-17 
 1931       3.261278044171e-11       3.798388285466e-16       9.022177756069e-17 
 1932       3.254850616822e-11       3.790394645467e-16       9.060672988264e-17 
 1933       3.248590117695e-11       3.782421569901e-16       9.098903117032e-17 
 1934       3.242494895842e-11       3.774469008293e-16       9.136851139827e-17 
 1935       3.236563291762e-11       3.766536909619e-16       9.174499986763e-17 
 1936       3.230793637395e-11       3.758625222309e-16       9.211832520519e-17 
 1937       3.225184256106e-11       3.750733894247e-16       9.248831536263e-17 
 1938       3.219733462673e-11       3.742862872768e-16       9.285479761560e-17 
 1939       3.214439563279e-11       3.735012104657e-16       9.321759856288e-17 
 1940       3.209300855498e-11       3.727181536149e-16       9.357654412553e-17 
 1941       3.204315628279e-11       3.719371112928e-16       9.393145954603e-17 
 1942       3.199482161944e-11       3.711580780126e-16       9.428216938743e-17 
 1943       3.194798728165e-11       3.703810482322e-16       9.462849753248e-17 
 1944       3.190263589961e-11       3.696060163543e-16       9.497026718277e-17 
 1945       3.185875001681e-11       3.688329767259e-16       9.530730085791e-17 
 1946       3.181631208995e-11       3.680619236386e-16       9.563942039462e-17 
 1947       3.177530448880e-11       3.672928513283e-16       9.596644694592e-17 
 1948       3.173570949610e-11       3.665257539751e-16       9.628820098025e-17 
 1949       3.169750930744e-11       3.657606257035e-16       9.660450228063e-17 
 1950       3.166068603111e-11       3.649974605820e-16       9.691516994376e-17 
 1951       3.162522168805e-11       3.642362526229e-16       9.722002237923e-17 
 1952       3.159109821166e-11       3.634769957828e-16       9.751887730861e-17 
 1953       3.155829744771e-11       3.627196839617e-16       9.781155176462e-17 
 1954       3.152680115424e-11       3.619643110039e-16       9.809786209028e-17 
 1955       3.149659100142e-11       3.612108706968e-16       9.837762393800e-17 
 1956       3.146764857143e-11       3.604593567716e-16       9.865065226882e-17 
 1957       3.143995535836e-11       3.597097629031e-16       9.891676135145e-17 
 1958       3.141349276808e-11       3.589620827093e-16       9.917576476148e-17 
 1959       3.138824211811e-11       3.582163097516e-16       9.942747538051e-17 
 1960       3.136418463753e-11       3.574724375346e-16       9.967170539528e-17 
 1961       3.134130146684e-11       3.567304595060e-16       9.990826629683e-17 
 1962       3.131957365785e-11       3.559903690565e-16       1.001369688796e-16 
 1963       3.129898217356e-11       3.552521595198e-16       1.003576232407e-16 
 1964       3.127950788804e-11       3.545158241725e-16       1.005700387789e-16 
 1965       3.126113158632e-11       3.537813562339e-16       1.007740241938e-16 
 1966       3.124383396425e-11       3.530487488660e-16       1.009693874850e-16 
 1967       3.122759562842e-11       3.523179951735e-16       1.011559359514e-16 
 1968       3.121239709600e-11       3.515890882034e-16       1.013334761901e-16 
 1969       3.119821879466e-11       3.508620209452e-16       1.015018140955e-16 
 1970       3.118504106242e-11       3.501367863309e-16       1.016607548589e-16 
 1971       3.117284321909e-11       3.494133777152e-16       1.018101456505e-16 
 1972       3.116160077322e-11       3.486917903224e-16       1.019500040150e-16 
 1973       3.115128819418e-11       3.479720198101e-16       1.020803904283e-16 
 1974       3.114187983857e-11       3.472540617899e-16       1.022013657005e-16 
 1975       3.113334995009e-11       3.465379118268e-16       1.023129909766e-16 
 1976       3.112567265939e-11       3.458235654394e-16       1.024153277373e-16 
 1977       3.111882198391e-11       3.451110180999e-16       1.025084377988e-16 
 1978       3.111277182774e-11       3.444002652337e-16       1.025923833138e-16 
 1979       3.110749598148e-11       3.436913022198e-16       1.026672267719e-16 
 1980       3.110296812209e-11       3.429841243902e-16       1.027330309998e-16 
 1981       3.109916181274e-11       3.422787270303e-16       1.027898591617e-16 
 1982       3.109605050268e-11       3.415751053785e-16       1.028377747605e-16 
 1983       3.109360752704e-11       3.408732546263e-16       1.028768416372e-16 
 1984       3.109180610676e-11       3.401731699182e-16       1.029071239722e-16 
 1985       3.109061934838e-11       3.394748463514e-16       1.029286862853e-16 
 1986       3.109002024394e-11       3.387782789762e-16       1.029415934365e-16 
 1987       3.108998167079e-11       3.380834627954e-16       1.029459106260e-16 
 1988       3.109047639147e-11       3.373903927646e-16       1.029417033952e-16 
 1989       3.109147705356e-11       3.366990637920e-16       1.029290376267e-16 
 1990       3.109295618953e-11       3.360094707384e-16       1.029079795452e-16 
 1991       3.109488621660e-11       3.353216084169e-16       1.028785957173e-16 
 1992       3.109723943656e-11       3.346354715930e-16       1.028409530529e-16 
 1993       3.109998803569e-11       3.339510549846e-16       1.027951188048e-16 
 1994       3.110310408455e-11       3.332683532618e-16       1.027411605695e-16 
 1995       3.110655953785e-11       3.325873610468e-16       1.026791462879e-16 
 1996       3.111032623432e-11       3.319080729140e-16       1.026091442453e-16 
 1997       3.111437589655e-11       3.312304833897e-16       1.025312230721e-16 
 1998       3.111868013086e-11       3.305545869522e-16       1.024454517446e-16 
 1999       3.112321042710e-11       3.298803780316e-16       1.023518995845e-16 
 2000       3.112793815859e-11       3.292078510099e-16       1.022506362606e-16 
 2001       3.113283458190e-11       3.285370002207e-16       1.021417317882e-16 
 2002       3.113787083672e-11       3.278678199493e-16       1.020252565301e-16 
 2003       3.114301794573e-11       3.272003044327e-16       1.019012811971e-16 
 2004       3.114824681447e-11       3.265344478591e-16       1.017698768481e-16 
 2005       3.115352823113e-11       3.258702443684e-16       1.016311148911e-16 
 2006       3.115883286645e-11       3.252076880517e-16       1.014850670829e-16 
 2007       3.116413127359e-11       3.245467729515e-16       1.013318055304e-16 
 2008       3.116939388792e-11       3.238874930612e-16       1.011714026905e-16 
 2009       3.117459102695e-11       3.232298423258e-16       1.010039313706e-16 
 2010       3.117969289010e-11       3.225738146410e-16       1.008294647295e-16 
 2011       3.118467147331e-11       3.219194043073e-16       1.006481092917e-16 
 2012       3.118950632810e-11       3.212666073944e-16       1.004601042550e-16 
 2013       3.119417884407e-11       3.206154203864e-16       1.002657229067e-16 
 2014       3.119867033799e-11       3.199658397293e-16       1.000652396765e-16 
 2015       3.120296205369e-11       3.193178618303e-16       9.985893013786e-17 
 2016       3.120703516196e-11       3.186714830582e-16       9.964707100950e-17 
 2017       3.121087076047e-11       3.180266997434e-16       9.942994015673e-17 
 2018       3.121444987366e-11       3.173835081774e-16       9.920781659291e-17 
 2019       3.121775345269e-11       3.167419046131e-16       9.898098048098e-17 
 2020       3.122076237531e-11       3.161018852648e-16       9.874971313481e-17 
 2021       3.122345744581e-11       3.154634463078e-16       9.851429702067e-17 
 2022       3.122581939486e-11       3.148265838787e-16       9.827501575870e-17 
 2023       3.122782887953e-11       3.141912940749e-16       9.803215412428e-17 
 2024       3.122946648307e-11       3.135575729551e-16       9.778599804957e-17 
 2025       3.123071271495e-11       3.129254165387e-16       9.753683462484e-17 
 2026       3.123154801065e-11       3.122948208063e-16       9.728495209999e-17 
 2027       3.123195273167e-11       3.116657816989e-16       9.703063988599e-17 
 2028       3.123190716537e-11       3.110382951187e-16       9.677418855624e-17 
 2029       3.123139152492e-11       3.104123569283e-16       9.651588984813e-17 
 2030       3.123038594919e-11       3.097879629511e-16       9.625603666436e-17 
 2031       3.122887050266e-11       3.091651089710e-16       9.599492307448e-17 
 2032       3.122682517536e-11       3.085437907325e-16       9.573284431626e-17 
 2033       3.122422988272e-11       3.079240039406e-16       9.547009679719e-17 
 2034       3.122106446554e-11       3.073057442605e-16       9.520697809586e-17 
 2035       3.121730868988e-11       3.066890073179e-16       9.494378696343e-17 
 2036       3.121294224696e-11       3.060737886989e-16       9.468082332511e-17 
 2037       3.120794475307e-11       3.054600839496e-16       9.441838828151e-17 
 2038       3.120229574948e-11       3.048478885763e-16       9.415678411017e-17 
 2039       3.119597470238e-11       3.042371980457e-16       9.389631426694e-17 
 2040       3.118896100274e-11       3.036280077840e-16       9.363728338745e-17 
 2041       3.118123396627e-11       3.030203131780e-16       9.337999728856e-17 
 2042       3.117277283329e-11       3.024141095739e-16       9.312476296974e-17 
 2043       3.116355676865e-11       3.018093922782e-16       9.287188861461e-17 
 2044       3.115356486166e-11       3.012061565568e-16       9.262168359229e-17 
 2045       3.114277612599e-11       3.006043976356e-16       9.237445845888e-17 
 2046       3.113116949956e-11       3.000041107001e-16       9.213052495890e-17 
 2047       3.111872384446e-11       2.994052908956e-16       9.189019602674e-17 
 2048       3.110541794689e-11       2.988079333266e-16       9.165378578805e-17 
 2049       3.109123051704e-11       2.982120330574e-16       9.142160956127e-17 
 2050       3.107614018898e-11       2.976175851117e-16       9.119398385897e-17 
 2051       3.106012865117e-11       2.970245847511e-16       9.097111297362e-17 
 2052       3.104319006239e-11       2.964330283131e-16       9.075274784694e-17 
 2053       3.102532170279e-11       2.958429123790e-16       9.053852476886e-17 
 2054       3.100652084946e-11       2.952542334959e-16       9.032807857043e-17 
 2055       3.098678477643e-11       2.946669881765e-16       9.012104262200e-17 
 2056       3.096611075466e-11       2.940811728992e-16       8.991704883148e-17 
 2057       3.094449605204e-11       2.934967841079e-16       8.971572764250e-17 
 2058       3.092193793340e-11       2.929138182121e-16       8.951670803267e-17 
 2059       3.089843366048e-11       2.923322715868e-16       8.931961751172e-17 
 2060       3.087398049199e-11       2.917521405724e-16       8.912408211974e-17 
 2061       3.084857568353e-11       2.911734214745e-16       8.892972642542e-17 
 2062       3.082221648764e-11       2.905961105642e-16       8.873617352419e-17 
 2063       3.079490015381e-11       2.900202040778e-16       8.854304503647e-17 
 2064       3.076662392843e-11       2.894456982169e-16       8.834996110588e-17 
 2065       3.073738505482e-11       2.888725891482e-16       8.815654039743e-17 
 2066       3.070718077325e-11       2.883008730035e-16       8.796240009571e-17 
 2067       3.067600832088e-11       2.877305458796e-16       8.776715590314e-17 
 2068       3.064386493183e-11       2.871616038383e-16       8.757042203815e-17 
 2069       3.061074783711e-11       2.865940429066e-16       8.737181123339e-17 
 2070       3.057665426467e-11       2.860278590760e-16       8.717093473394e-17 
 2071       3.054158143939e-11       2.854630483032e-16       8.696740229550e-17 
 2072       3.050552658305e-11       2.848996065096e-16       8.676082218263e-17 
 2073       3.046848691437e-11       2.843375295811e-16       8.655080116694e-17 
 2074       3.043045964898e-11       2.837768133687e-16       8.633694452527e-17 
 2075       3.039144199942e-11       2.832174536876e-16       8.611885603795e-17 
 2076       3.035143117517e-11       2.826594463180e-16       8.589613798697e-17 
 2077       3.031042438261e-11       2.821027870044e-16       8.566839115419e-17 
 2078       3.026841882504e-11       2.815474714558e-16       8.543521481954e-17 
 2079       3.022541170268e-11       2.809934953456e-16       8.519620675927e-17 
 2080       3.018140021266e-11       2.804408543117e-16       8.495096324410e-17 
 2081       3.013638154903e-11       2.798895439563e-16       8.469907903747e-17 
 2082       3.009035290275e-11       2.793395598458e-16       8.444014739371e-17 
 2083       3.004331146168e-11       2.787908975108e-16       8.417376005628e-17 
 2084       2.999525441062e-11       2.782435524461e-16       8.389950725596e-17 
 2085       2.994617893126e-11       2.776975201107e-16       8.361697770906e-17 
 2086       2.989608220221e-11       2.771527959277e-16       8.332575861562e-17 
 2087       2.984496139897e-11       2.766093752839e-16       8.302543565763e-17 
 2088       2.979281369397e-11       2.760672535304e-16       8.271559299722e-17 
 2089       2.973963625655e-11       2.755264259821e-16       8.239581327490e-17 
 2090       2.968542625295e-11       2.749868879177e-16       8.206567760771e-17 
 2091       2.963018323342e-11       2.744486349031e-16       8.172489359188e-17 
 2092       2.957391631191e-11       2.739116637644e-16       8.137368029362e-17 
 2093       2.951663703664e-11       2.733759716213e-16       8.101238594988e-17 
 2094       2.945835700764e-11       2.728415555649e-16       8.064136021028e-17 
 2095       2.939908787679e-11       2.723084126572e-16       8.026095413889e-17 
 2096       2.933884134787e-11       2.717765399311e-16       7.987152021594e-17 
 2097       2.927762917669e-11       2.712459343906e-16       7.947341233952e-17 
 2098       2.921546317107e-11       2.707165930106e-16       7.906698582730e-17 
 2099       2.915235519099e-11       2.701885127368e-16       7.865259741826e-17 
 2100       2.908831714857e-11       2.696616904858e-16       7.823060527441e-17 
 2101       2.902336100821e-11       2.691361231449e-16       7.780136898251e-17 
 2102       2.895749878659e-11       2.686118075722e-16       7.736524955575e-17 
 2103       2.889074255279e-11       2.680887405965e-16       7.692260943553e-17 
 2104       2.882310442833e-11       2.675669190171e-16       7.647381249312e-17 
 2105       2.875459658722e-11       2.670463396041e-16       7.601922403143e-17 
 2106       2.868523125605e-11       2.665269990981e-16       7.555921078668e-17 
 2107       2.861502071403e-11       2.660088942102e-16       7.509414093017e-17 
 2108       2.854397729310e-11       2.654920216220e-16       7.462438406993e-17 
 2109       2.847211337793e-11       2.649763779855e-16       7.415031125252e-17 
 2110       2.839944140605e-11       2.644619599231e-16       7.367229496467e-17 
 2111       2.832597386785e-11       2.639487640276e-16       7.319070913506e-17 
 2112       2.825172330671e-11       2.634367868620e-16       7.270592913600e-17 
 2113       2.817670231900e-11       2.629260249597e-16       7.221833178516e-17 
 2114       2.810092355421e-11       2.624164748242e-16       7.172829534731e-17 
 2115       2.802439971497e-11       2.619081329292e-16       7.123619953597e-17 
 2116       2.794714355712e-11       2.614009957186e-16       7.074242551524e-17 
 2117       2.786916788978e-11       2.608950596063e-16       7.024735590139e-17 
 2118       2.779048557543e-11       2.603903209762e-16       6.975137476469e-17 
 2119       2.771110952996e-11       2.598867761824e-16       6.925486763105e-17 
 2120       2.763105272271e-11       2.593844215488e-16       6.875822148380e-17 
 2121       2.755032817660e-11       2.588832533692e-16       6.826182476533e-17 
 2122       2.746894896812e-11       2.583832679074e-16       6.776606737890e-17 
 2123       2.738692822746e-11       2.578844613969e-16       6.727134069029e-17 
 2124       2.730427913852e-11       2.573868300409e-16       6.677803752955e-17 
 2125       2.722101493901e-11       2.568903700127e-16       6.628655219271e-17 
 2126       2.713714892050e-11       2.563950774550e-16       6.579728044348e-17 
 2127       2.705269442850e-11       2.559009484801e-16       6.531061951502e-17 
 2128       2.696766486249e-11       2.554079791702e-16       6.482696811159e-17 
 2129       2.688207367604e-11       2.549161655768e-16       6.434672641033e-17 
 2130       2.679593437682e-11       2.544255037210e-16       6.387029606293e-17 
 2131       2.670926104196e-11       2.539359898338e-16       6.339800626926e-17 
 2132       2.662206986774e-11       2.534476210779e-16       6.292989143967e-17 
 2133       2.653437763071e-11       2.529603948309e-16       6.246591200879e-17 
 2134       2.644620117337e-11       2.524743084450e-16       6.200602822475e-17 
 2135       2.635755740436e-11       2.519893592474e-16       6.155020014897e-17 
 2136       2.626846329844e-11       2.515055445396e-16       6.109838765589e-17 
 2137       2.617893589664e-11       2.510228615980e-16       6.065055043276e-17 
 2138       2.608899230630e-11       2.505413076737e-16       6.020664797942e-17 
 2139       2.599864970115e-11       2.500608799921e-16       5.976663960800e-17 
 2140       2.590792532141e-11       2.495815757535e-16       5.933048444276e-17 
 2141       2.581683647385e-11       2.491033921323e-16       5.889814141983e-17 
 2142       2.572540053187e-11       2.486263262778e-16       5.846956928695e-17 
 2143       2.563363493558e-11       2.481503753134e-16       5.804472660328e-17 
 2144       2.554155719190e-11       2.476755363372e-16       5.762357173911e-17 
 2145       2.544918487459e-11       2.472018064213e-16       5.720606287570e-17 
 2146       2.535653562438e-11       2.467291826125e-16       5.679215800498e-17 
 2147       2.526362714900e-11       2.462576619317e-16       5.638181492933e-17 
 2148       2.517047722331e-11       2.457872413740e-16       5.597499126137e-17 
 2149       2.507710368933e-11       2.453179179088e-16       5.557164442371e-17 
 2150       2.498352445636e-11       2.448496884797e-16       5.517173164871e-17 
 2151       2.488975750102e-11       2.443825500044e-16       5.477520997826e-17 
 2152       2.479582086736e-11       2.439164993748e-16       5.438203626352e-17 
 2153       2.470173266690e-11       2.434515334566e-16       5.399216716473e-17 
 2154       2.460751107878e-11       2.429876490899e-16       5.360555915092e-17 
 2155       2.451317434974e-11       2.425248430884e-16       5.322216849973e-17 
 2156       2.441874079428e-11       2.420631122402e-16       5.284195129713e-17 
 2157       2.432422879470e-11       2.416024533070e-16       5.246486343722e-17 
 2158       2.422965680119e-11       2.411428630244e-16       5.209086062196e-17 
 2159       2.413504333190e-11       2.406843381019e-16       5.171989836099e-17 
 2160       2.404040697303e-11       2.402268752230e-16       5.135193197133e-17 
 2161       2.394576637889e-11       2.397704710446e-16       5.098691657719e-17 
 2162       2.385114027200e-11       2.393151221976e-16       5.062480710973e-17 
 2163       2.375654744315e-11       2.388608252866e-16       5.026555830681e-17 
 2164       2.366200675149e-11       2.384075768897e-16       4.990912471276e-17 
 2165       2.356753712460e-11       2.379553735587e-16       4.955546067818e-17 
 2166       2.347315755859e-11       2.375042118191e-16       4.920452035964e-17 
 2167       2.337888711815e-11       2.370540881698e-16       4.885625771949e-17 
 2168       2.328474493662e-11       2.366049990832e-16       4.851062652564e-17 
 2169       2.319075021612e-11       2.361569410053e-16       4.816758035127e-17 
 2170       2.309692222759e-11       2.357099103555e-16       4.782707257465e-17 
 2171       2.300327910189e-11       2.352639038091e-16       4.748903739300e-17 
 2172       2.290983419417e-11       2.348189191468e-16       4.715333272465e-17 
 2173       2.281659969515e-11       2.343749544111e-16       4.681979692143e-17 
 2174       2.272358783792e-11       2.339320076239e-16       4.648826771885e-17 
 2175       2.263081089800e-11       2.334900767865e-16       4.615858223536e-17 
 2176       2.253828119334e-11       2.330491598799e-16       4.583057697169e-17 
 2177       2.244601108443e-11       2.326092548646e-16       4.550408781008e-17 
 2178       2.235401297430e-11       2.321703596802e-16       4.517895001359e-17 
 2179       2.226229930858e-11       2.317324722460e-16       4.485499822539e-17 
 2180       2.217088257558e-11       2.312955904606e-16       4.453206646800e-17 
 2181       2.207977530628e-11       2.308597122019e-16       4.420998814262e-17 
 2182       2.198899007442e-11       2.304248353271e-16       4.388859602840e-17 
 2183       2.189853949653e-11       2.299909576727e-16       4.356772228169e-17 
 2184       2.180843623198e-11       2.295580770545e-16       4.324719843537e-17 
 2185       2.171869298306e-11       2.291261912674e-16       4.292685539810e-17 
 2186       2.162932249494e-11       2.286952980857e-16       4.260652345362e-17 
 2187       2.154033755583e-11       2.282653952626e-16       4.228603226001e-17 
 2188       2.145175099694e-11       2.278364805306e-16       4.196521084902e-17 
 2189       2.136357569258e-11       2.274085516012e-16       4.164388762529e-17 
 2190       2.127582456017e-11       2.269816061651e-16       4.132189036567e-17 
 2191       2.118851056031e-11       2.265556418920e-16       4.099904621849e-17 
 2192       2.110164669683e-11       2.261306564304e-16       4.067518170288e-17 
 2193       2.101524601682e-11       2.257066474082e-16       4.035012270797e-17 
 2194       2.092932161070e-11       2.252836124319e-16       4.002369449227e-17 
 2195       2.084388661226e-11       2.248615490870e-16       3.969572168286e-17 
 2196       2.075895419867e-11       2.244404549380e-16       3.936602827476e-17 
 2197       2.067453759059e-11       2.240203275281e-16       3.903443763015e-17 
 2198       2.059065005219e-11       2.236011643795e-16       3.870077247767e-17 
 2199       2.050730489117e-11       2.231829629931e-16       3.836485491170e-17 
 2200       2.042451545886e-11       2.227657208486e-16       3.802650639166e-17 
 2201       2.034229515023e-11       2.223494354045e-16       3.768554774128e-17 
 2202       2.026065740395e-11       2.219341040979e-16       3.734179914787e-17 
 2203       2.017961570242e-11       2.215197243447e-16       3.699508016163e-17 
 2204       2.009918357186e-11       2.211062935393e-16       3.664520969491e-17 
 2205       2.001937458232e-11       2.206938090548e-16       3.629200602149e-17 
 2206       1.994020234772e-11       2.202822682431e-16       3.593528677588e-17 
 2207       1.986168052595e-11       2.198716684343e-16       3.557486895261e-17 
 2208       1.978382281886e-11       2.194620069373e-16       3.521056890546e-17 
 2209       1.970664297233e-11       2.190532810393e-16       3.484220234683e-17 
 2210       1.963015477633e-11       2.186454880063e-16       3.446958434691e-17 
 2211       1.955437010586e-11       2.182386252017e-16       3.409260967664e-17 
 2212       1.947929302952e-11       2.178326904454e-16       3.371149441891e-17 
 2213       1.940492566203e-11       2.174276816575e-16       3.332653595567e-17 
 2214       1.933127011978e-11       2.170235967389e-16       3.293803277082e-17 
 2215       1.925832852083e-11       2.166204335713e-16       3.254628445149e-17 
 2216       1.918610298490e-11       2.162181900177e-16       3.215159168928e-17 
 2217       1.911459563341e-11       2.158168639216e-16       3.175425628153e-17 
 2218       1.904380858941e-11       2.154164531074e-16       3.135458113256e-17 
 2219       1.897374397764e-11       2.150169553805e-16       3.095287025492e-17 
 2220       1.890440392449e-11       2.146183685268e-16       3.054942877069e-17 
 2221       1.883579055804e-11       2.142206903134e-16       3.014456291266e-17 
 2222       1.876790600802e-11       2.138239184876e-16       2.973858002562e-17 
 2223       1.870075240582e-11       2.134280507779e-16       2.933178856765e-17 
 2224       1.863433188452e-11       2.130330848930e-16       2.892449811129e-17 
 2225       1.856864657884e-11       2.126390185228e-16       2.851701934489e-17 
 2226       1.850369862517e-11       2.122458493373e-16       2.810966407378e-17 
 2227       1.843949016157e-11       2.118535749874e-16       2.770274522158e-17 
 2228       1.837602332776e-11       2.114621931046e-16       2.729657683141e-17 
 2229       1.831330026512e-11       2.110717013008e-16       2.689147406721e-17 
 2230       1.825132311669e-11       2.106820971685e-16       2.648775321490e-17 
 2231       1.819009402718e-11       2.102933782806e-16       2.608573168372e-17 
 2232       1.812961514295e-11       2.099055421907e-16       2.568572800743e-17 
 2233       1.806988861204e-11       2.095185864325e-16       2.528806184559e-17 
 2234       1.801091658412e-11       2.091325085203e-16       2.489305398482e-17 
 2235       1.795270121055e-11       2.087473059489e-16       2.450102634000e-17 
 2236       1.789524464432e-11       2.083629761933e-16       2.411230195561e-17 
 2237       1.783854904010e-11       2.079795167088e-16       2.372720500691e-17 
 2238       1.778261655421e-11       2.075969249312e-16       2.334606080122e-17 
 2239       1.772744934463e-11       2.072151982763e-16       2.296919577919e-17 
 2240       1.767304957099e-11       2.068343341404e-16       2.259693751603e-17 
 2241       1.761941939458e-11       2.064543298999e-16       2.222961472277e-17 
 2242       1.756656097835e-11       2.060751829114e-16       2.186755724752e-17 
 2243       1.751447648690e-11       2.056968905118e-16       2.151109607671e-17 
 2244       1.746316808649e-11       2.053194500179e-16       2.116056333639e-17 
 2245       1.741263794502e-11       2.049428587269e-16       2.081629229339e-17 
 2246       1.736288823206e-11       2.045671139158e-16       2.047861735668e-17 
 2247       1.731392111883e-11       2.041922128420e-16       2.014787407855e-17 
 2248       1.726573877820e-11       2.038181527426e-16       1.982439915590e-17 
 2249       1.721834338469e-11       2.034449308348e-16       1.950853043148e-17 
 2250       1.717173711447e-11       2.030725443161e-16       1.920060689514e-17 
 2251       1.712592061579e-11       2.027009905318e-16       1.890088458458e-17 
 2252       1.708088840934e-11       2.023302674819e-16       1.860928368721e-17 
 2253       1.703663345797e-11       2.019603733179e-16       1.832563979602e-17 
 2254       1.699314869351e-11       2.015913061746e-16       1.804978785996e-17 
 2255       1.695042701673e-11       2.012230641706e-16       1.778156218324e-17 
 2256       1.690846129734e-11       2.008556454075e-16       1.752079642458e-17 
 2257       1.686724437387e-11       2.004890479706e-16       1.726732359648e-17 
 2258       1.682676905373e-11       2.001232699285e-16       1.702097606449e-17 
 2259       1.678702811311e-11       1.997583093331e-16       1.678158554642e-17 
 2260       1.674801429695e-11       1.993941642197e-16       1.654898311170e-17 
 2261       1.670972031895e-11       1.990308326068e-16       1.632299918054e-17 
 2262       1.667213886145e-11       1.986683124964e-16       1.610346352328e-17 
 2263       1.663526257550e-11       1.983066018735e-16       1.589020525957e-17 
 2264       1.659908408071e-11       1.979456987065e-16       1.568305285772e-17 
 2265       1.656359596530e-11       1.975856009471e-16       1.548183413389e-17 
 2266       1.652879078602e-11       1.972263065301e-16       1.528637625139e-17 
 2267       1.649466106813e-11       1.968678133733e-16       1.509650571995e-17 
 2268       1.646119930536e-11       1.965101193779e-16       1.491204839494e-17 
 2269       1.642839795987e-11       1.961532224282e-16       1.473282947668e-17 
 2270       1.639624946220e-11       1.957971203914e-16       1.455867350968e-17 
 2271       1.636474621127e-11       1.954418111181e-16       1.438940438191e-17 
 2272       1.633388057430e-11       1.950872924417e-16       1.422484532405e-17 
 2273       1.630364488681e-11       1.947335621787e-16       1.406481890877e-17 
 2274       1.627403145257e-11       1.943806181287e-16       1.390914704999e-17 
 2275       1.624503254355e-11       1.940284580741e-16       1.375765100213e-17 
 2276       1.621664039990e-11       1.936770797806e-16       1.361015135938e-17 
 2277       1.618884722990e-11       1.933264809964e-16       1.346646805498e-17 
 2278       1.616164520994e-11       1.929766594531e-16       1.332642036045e-17 
 2279       1.613502648447e-11       1.926276128647e-16       1.318982688488e-17 
 2280       1.610898316597e-11       1.922793389285e-16       1.305650557418e-17 
 2281       1.608350733490e-11       1.919318353245e-16       1.292627371034e-17 
 2282       1.605859103969e-11       1.915850997154e-16       1.279894791072e-17 
 2283       1.603422629668e-11       1.912391297468e-16       1.267434412726e-17 
 2284       1.601040509009e-11       1.908939230473e-16       1.255227764581e-17 
 2285       1.598711937198e-11       1.905494772279e-16       1.243256308534e-17 
 2286       1.596436106222e-11       1.902057898826e-16       1.231501439720e-17 
 2287       1.594212204845e-11       1.898628585879e-16       1.219944486446e-17 
 2288       1.592039418604e-11       1.895206809033e-16       1.208566710105e-17 
 2289       1.589916929808e-11       1.891792543706e-16       1.197349305115e-17 
 2290       1.587843917528e-11       1.888385765145e-16       1.186273398834e-17 
 2291       1.585819523142e-11       1.884986450064e-16       1.175324187904e-17 
 2292       1.583842746714e-11       1.881594581579e-16       1.164503376278e-17 
 2293       1.581912549942e-11       1.878210144305e-16       1.153816816529e-17 
 2294       1.580027890552e-11       1.874833122718e-16       1.143270380675e-17 
 2295       1.578187722296e-11       1.871463501152e-16       1.132869960203e-17 
 2296       1.576390994942e-11       1.868101263801e-16       1.122621466085e-17 
 2297       1.574636654276e-11       1.864746394720e-16       1.112530828808e-17 
 2298       1.572923642093e-11       1.861398877822e-16       1.102603998385e-17 
 2299       1.571250896193e-11       1.858058696878e-16       1.092846944382e-17 
 2300       1.569617350379e-11       1.854725835520e-16       1.083265655936e-17 
 2301       1.568021934451e-11       1.851400277238e-16       1.073866141777e-17 
 2302       1.566463574201e-11       1.848082005379e-16       1.064654430248e-17 
 2303       1.564941191409e-11       1.844771003149e-16       1.055636569327e-17 
 2304       1.563453703839e-11       1.841467253614e-16       1.046818626648e-17 
 2305       1.562000025234e-11       1.838170739696e-16       1.038206689519e-17 
 2306       1.560579065312e-11       1.834881444174e-16       1.029806864945e-17 
 2307       1.559189729761e-11       1.831599349686e-16       1.021625279651e-17 
 2308       1.557830920235e-11       1.828324438727e-16       1.013668080098e-17 
 2309       1.556501534350e-11       1.825056693649e-16       1.005941432508e-17 
 2310       1.555200465677e-11       1.821796096662e-16       9.984515228807e-18 
 2311       1.553926603742e-11       1.818542629830e-16       9.912045570191e-18 
 2312       1.552678834017e-11       1.815296275075e-16       9.842067605470e-18 
 2313       1.551456037918e-11       1.812057014178e-16       9.774643789308e-18 
 2314       1.550257092800e-11       1.808824828771e-16       9.709836775003e-18 
 2315       1.549080871953e-11       1.805599700346e-16       9.647709414696e-18 
 2316       1.547926244598e-11       1.802381610250e-16       9.588324759576e-18 
 2317       1.546792075879e-11       1.799170539684e-16       9.531746060094e-18 
 2318       1.545677226864e-11       1.795966469706e-16       9.478036766165e-18 
 2319       1.544580554536e-11       1.792769381229e-16       9.427260527380e-18 
 2320       1.543500911791e-11       1.789579255020e-16       9.379481193214e-18 
 2321       1.542437147433e-11       1.786396071702e-16       9.334762813232e-18 
 2322       1.541388106169e-11       1.783219811753e-16       9.293169637299e-18 
 2323       1.540352628605e-11       1.780050455504e-16       9.254766115790e-18 
 2324       1.539329551241e-11       1.776887983140e-16       9.219616899793e-18 
 2325       1.538317706468e-11       1.773732374702e-16       9.187786841322e-18 
 2326       1.537315922563e-11       1.770583610084e-16       9.159340993524e-18 
 2327       1.536323023681e-11       1.767441669033e-16       9.134344610886e-18 
 2328       1.535337829857e-11       1.764306531150e-16       9.112863149445e-18 
 2329       1.534359156996e-11       1.761178175890e-16       9.094962266993e-18 
 2330       1.533385816873e-11       1.758056582559e-16       9.080707823292e-18 
 2331       1.532416696942e-11       1.754941731783e-16       9.070127759673e-18 
 2332       1.531451000338e-11       1.751833609905e-16       9.063097475798e-18 
 2333       1.530488007376e-11       1.748732204611e-16       9.059453733371e-18 
 2334       1.529526995868e-11       1.745637503472e-16       9.059032710741e-18 
 2335       1.528567241117e-11       1.742549493941e-16       9.061670002261e-18 
 2336       1.527608015919e-11       1.739468163350e-16       9.067200617658e-18 
 2337       1.526648590556e-11       1.736393498918e-16       9.075458981399e-18 
 2338       1.525688232795e-11       1.733325487742e-16       9.086278932059e-18 
 2339       1.524726207888e-11       1.730264116804e-16       9.099493721686e-18 
 2340       1.523761778563e-11       1.727209372963e-16       9.114936015168e-18 
 2341       1.522794205029e-11       1.724161242964e-16       9.132437889600e-18 
 2342       1.521822744966e-11       1.721119713432e-16       9.151830833651e-18 
 2343       1.520846653528e-11       1.718084770871e-16       9.172945746931e-18 
 2344       1.519865183336e-11       1.715056401668e-16       9.195612939355e-18 
 2345       1.518877584479e-11       1.712034592091e-16       9.219662130515e-18 
 2346       1.517883104509e-11       1.709019328288e-16       9.244922449041e-18 
 2347       1.516880988438e-11       1.706010596286e-16       9.271222431971e-18 
 2348       1.515870478738e-11       1.703008381995e-16       9.298390024117e-18 
 2349       1.514850815334e-11       1.700012671204e-16       9.326252577431e-18 
 2350       1.513821235606e-11       1.697023449580e-16       9.354636850373e-18 
 2351       1.512780974382e-11       1.694040702674e-16       9.383369007276e-18 
 2352       1.511729263941e-11       1.691064415913e-16       9.412274617716e-18 
 2353       1.510665334002e-11       1.688094574605e-16       9.441178655874e-18 
 2354       1.509588411729e-11       1.685131163938e-16       9.469905499905e-18 
 2355       1.508497721724e-11       1.682174168978e-16       9.498278931307e-18 
 2356       1.507392486027e-11       1.679223574670e-16       9.526122134283e-18 
 2357       1.506271924110e-11       1.676279365839e-16       9.553257695111e-18 
 2358       1.505135252878e-11       1.673341527188e-16       9.579507601511e-18 
 2359       1.503981686663e-11       1.670410043298e-16       9.604693242009e-18 
 2360       1.502810437224e-11       1.667484898630e-16       9.628635405307e-18 
 2361       1.501620713742e-11       1.664566077521e-16       9.651154279645e-18 
 2362       1.500411722819e-11       1.661653564189e-16       9.672069452174e-18 
 2363       1.499182668475e-11       1.658747342727e-16       9.691199908317e-18 
 2364       1.497932752144e-11       1.655847397108e-16       9.708364031140e-18 
 2365       1.496661172673e-11       1.652953711181e-16       9.723379600714e-18 
 2366       1.495367126318e-11       1.650066268673e-16       9.736063793488e-18 
 2367       1.494049806744e-11       1.647185053190e-16       9.746233181648e-18 
 2368       1.492708405017e-11       1.644310048211e-16       9.753703732492e-18 
 2369       1.491342109607e-11       1.641441237097e-16       9.758290807789e-18 
 2370       1.489950106381e-11       1.638578603081e-16       9.759809163152e-18 
 2371       1.488531698228e-11       1.635722129719e-16       9.758137865020e-18 
 2372       1.487086664733e-11       1.632871802214e-16       9.753415480969e-18 
 2373       1.485614904715e-11       1.630027606096e-16       9.745846093469e-18 
 2374       1.484116316809e-11       1.627189526779e-16       9.735634492475e-18 
 2375       1.482590799462e-11       1.624357549565e-16       9.722986176170e-18 
 2376       1.481038250934e-11       1.621531659638e-16       9.708107351721e-18 
 2377       1.479458569298e-11       1.618711842067e-16       9.691204936034e-18 
 2378       1.477851652440e-11       1.615898081808e-16       9.672486556498e-18 
 2379       1.476217398058e-11       1.613090363699e-16       9.652160551743e-18 
 2380       1.474555703662e-11       1.610288672463e-16       9.630435972391e-18 
 2381       1.472866466577e-11       1.607492992706e-16       9.607522581805e-18 
 2382       1.471149583937e-11       1.604703308921e-16       9.583630856844e-18 
 2383       1.469404952690e-11       1.601919605481e-16       9.558971988613e-18 
 2384       1.467632469594e-11       1.599141866645e-16       9.533757883217e-18 
 2385       1.465832031222e-11       1.596370076555e-16       9.508201162508e-18 
 2386       1.464003533954e-11       1.593604219236e-16       9.482515164844e-18 
 2387       1.462146873986e-11       1.590844278598e-16       9.456913945834e-18 
 2388       1.460261947322e-11       1.588090238430e-16       9.431612279095e-18 
 2389       1.458348649778e-11       1.585342082409e-16       9.406825656999e-18 
 2390       1.456406876983e-11       1.582599794090e-16       9.382770291431e-18 
 2391       1.454436524374e-11       1.579863356914e-16       9.359663114534e-18 
 2392       1.452437487200e-11       1.577132754204e-16       9.337721779467e-18 
 2393       1.450409660521e-11       1.574407969163e-16       9.317164661153e-18 
 2394       1.448352939206e-11       1.571688984879e-16       9.298210857032e-18 
 2395       1.446267217936e-11       1.568975784319e-16       9.281080187811e-18 
 2396       1.444152391201e-11       1.566268350336e-16       9.265993198221e-18 
 2397       1.442008353301e-11       1.563566665661e-16       9.253171157764e-18 
 2398       1.439834998347e-11       1.560870712907e-16       9.242836061465e-18 
 2399       1.437632220257e-11       1.558180474571e-16       9.235210630626e-18 
 2400       1.435399912763e-11       1.555495933029e-16       9.230518313579e-18 
 2401       1.433137969401e-11       1.552817070538e-16       9.228983286433e-18 
 2402       1.430846283521e-11       1.550143869237e-16       9.230830453830e-18 
 2403       1.428524748278e-11       1.547476311146e-16       9.236285449697e-18 
 2404       1.426173256641e-11       1.544814378164e-16       9.245574637993e-18 
 2405       1.423791701382e-11       1.542158052072e-16       9.258925113467e-18 
 2406       1.421379975086e-11       1.539507314531e-16       9.276564702407e-18 
 2407       1.418937970144e-11       1.536862147083e-16       9.298721963392e-18 
 2408       1.416465578758e-11       1.534222531148e-16       9.325626188041e-18 
 2409       1.413962692935e-11       1.531588448028e-16       9.357507401771e-18 
 2410       1.411429204492e-11       1.528959878903e-16       9.394596364546e-18 
 2411       1.408865087375e-11       1.526336806049e-16       9.437061696321e-18 
 2412       1.406270645162e-11       1.523719216488e-16       9.484820834634e-18 
 2413       1.403646265061e-11       1.521107098356e-16       9.537727930483e-18 
 2414       1.400992335733e-11       1.518500439694e-16       9.595636618834e-18 
 2415       1.398309247283e-11       1.515899228447e-16       9.658400018076e-18 
 2416       1.395597391275e-11       1.513303452462e-16       9.725870729475e-18 
 2417       1.392857160720e-11       1.510713099490e-16       9.797900836631e-18 
 2418       1.390088950088e-11       1.508128157182e-16       9.874341904928e-18 
 2419       1.387293155305e-11       1.505548613097e-16       9.955044980992e-18 
 2420       1.384470173753e-11       1.502974454691e-16       1.003986059214e-17 
 2421       1.381620404275e-11       1.500405669326e-16       1.012863874585e-17 
 2422       1.378744247177e-11       1.497842244266e-16       1.022122892920e-17 
 2423       1.375842104224e-11       1.495284166676e-16       1.031748010831e-17 
 2424       1.372914378648e-11       1.492731423625e-16       1.041724072783e-17 
 2425       1.369961475147e-11       1.490184002082e-16       1.052035871038e-17 
 2426       1.366983799884e-11       1.487641888918e-16       1.062668145599e-17 
 2427       1.363981760493e-11       1.485105070909e-16       1.073605584157e-17 
 2428       1.360955766079e-11       1.482573534728e-16       1.084832822036e-17 
 2429       1.357906227217e-11       1.480047266952e-16       1.096334442139e-17 
 2430       1.354833555956e-11       1.477526254060e-16       1.108094974893e-17 
 2431       1.351738165823e-11       1.475010482431e-16       1.120098898192e-17 
 2432       1.348620471818e-11       1.472499938346e-16       1.132330637349e-17 
 2433       1.345480890420e-11       1.469994607986e-16       1.144774565034e-17 
 2434       1.342319839591e-11       1.467494477433e-16       1.157415001223e-17 
 2435       1.339137738770e-11       1.464999532671e-16       1.170236213145e-17 
 2436       1.335935008882e-11       1.462509759584e-16       1.183222415224e-17 
 2437       1.332712072335e-11       1.460025143956e-16       1.196357769026e-17 
 2438       1.329469353024e-11       1.457545671472e-16       1.209626383206e-17 
 2439       1.326207276330e-11       1.455071327716e-16       1.223012313449e-17 
 2440       1.322926269126e-11       1.452602098175e-16       1.236499562421e-17 
 2441       1.319626759772e-11       1.450137968233e-16       1.250072079711e-17 
 2442       1.316309178123e-11       1.447678923176e-16       1.263713761778e-17 
 2443       1.312973955527e-11       1.445224948188e-16       1.277408451893e-17 
 2444       1.309621524827e-11       1.442776028354e-16       1.291139940089e-17 
 2445       1.306252320364e-11       1.440332148658e-16       1.304891963106e-17 
 2446       1.302866777976e-11       1.437893293984e-16       1.318648204332e-17 
 2447       1.299465335002e-11       1.435459449114e-16       1.332392293754e-17 
 2448       1.296048430282e-11       1.433030598731e-16       1.346107807899e-17 
 2449       1.292616504159e-11       1.430606727414e-16       1.359778269781e-17 
 2450       1.289169998482e-11       1.428187819645e-16       1.373387148850e-17 
 2451       1.285709371211e-11       1.425773861512e-16       1.386920891474e-17 
 2452       1.282235140333e-11       1.423364845850e-16       1.400378032307e-17 
 2453       1.278747840215e-11       1.420960767137e-16       1.413760137244e-17 
 2454       1.275248007019e-11       1.418561619780e-16       1.427068777831e-17 
 2455       1.271736178708e-11       1.416167398118e-16       1.440305531269e-17 
 2456       1.268212895044e-11       1.413778096423e-16       1.453471980418e-17 
 2457       1.264678697594e-11       1.411393708898e-16       1.466569713807e-17 
 2458       1.261134129728e-11       1.409014229677e-16       1.479600325636e-17 
 2459       1.257579736623e-11       1.406639652826e-16       1.492565415785e-17 
 2460       1.254016065266e-11       1.404269972343e-16       1.505466589818e-17 
 2461       1.250443664452e-11       1.401905182157e-16       1.518305458990e-17 
 2462       1.246863084789e-11       1.399545276128e-16       1.531083640251e-17 
 2463       1.243274878699e-11       1.397190248046e-16       1.543802756255e-17 
 2464       1.239679600419e-11       1.394840091634e-16       1.556464435365e-17 
 2465       1.236077806007e-11       1.392494800545e-16       1.569070311657e-17 
 2466       1.232470053335e-11       1.390154368363e-16       1.581622024928e-17 
 2467       1.228856902100e-11       1.387818788602e-16       1.594121220701e-17 
 2468       1.225238913822e-11       1.385488054709e-16       1.606569550232e-17 
 2469       1.221616651845e-11       1.383162160058e-16       1.618968670514e-17 
 2470       1.217990681339e-11       1.380841097956e-16       1.631320244285e-17 
 2471       1.214361569306e-11       1.378524861641e-16       1.643625940034e-17 
 2472       1.210729884575e-11       1.376213444279e-16       1.655887432005e-17 
 2473       1.207096197809e-11       1.373906838968e-16       1.668106400202e-17 
 2474       1.203461081505e-11       1.371605038734e-16       1.680284530402e-17 
 2475       1.199825109996e-11       1.369308036537e-16       1.692423514151e-17 
 2476       1.196188859454e-11       1.367015825263e-16       1.704525048778e-17 
 2477       1.192552907888e-11       1.364728397730e-16       1.716590837396e-17 
 2478       1.188917835152e-11       1.362445746684e-16       1.728622588911e-17 
 2479       1.185284222940e-11       1.360167864803e-16       1.740622018026e-17 
 2480       1.181652654795e-11       1.357894744693e-16       1.752590845249e-17 
 2481       1.178023716105e-11       1.355626378890e-16       1.764530796895e-17 
 2482       1.174397994106e-11       1.353362759859e-16       1.776443605098e-17 
 2483       1.170776077887e-11       1.351103879994e-16       1.788331007810e-17 
 2484       1.167158558388e-11       1.348849731621e-16       1.800194748814e-17 
 2485       1.163546028405e-11       1.346600306991e-16       1.812036577723e-17 
 2486       1.159939082590e-11       1.344355598287e-16       1.823858249993e-17 
 2487       1.156338317452e-11       1.342115597620e-16       1.835661526922e-17 
 2488       1.152744331361e-11       1.339880297029e-16       1.847448175662e-17 
 2489       1.149157724549e-11       1.337649688484e-16       1.859219969221e-17 
 2490       1.145579099111e-11       1.335423763881e-16       1.870978686470e-17 
 2491       1.142009027626e-11       1.333202512889e-16       1.882725348234e-17 
 2492       1.138447958808e-11       1.330985916462e-16       1.894457920643e-17 
 2493       1.134896311302e-11       1.328773953283e-16       1.906173598292e-17 
 2494       1.131354505019e-11       1.326566601927e-16       1.917869566923e-17 
 2495       1.127822961138e-11       1.324363840852e-16       1.929543003415e-17 
 2496       1.124302102104e-11       1.322165648403e-16       1.941191075776e-17 
 2497       1.120792351633e-11       1.319972002812e-16       1.952810943133e-17 
 2498       1.117294134711e-11       1.317782882196e-16       1.964399755723e-17 
 2499       1.113807877594e-11       1.315598264560e-16       1.975954654887e-17 
 2500       1.110334007815e-11       1.313418127794e-16       1.987472773060e-17 
