    2       1.419065003084e-10       4.349769094898e-15       3.543121442177e-13       0.000000000000e+00       8.121370134285e-09       4.765587707001e-10      -1.870910382965e-12 
    3       1.334485713587e-10       5.437936262928e-15       3.971559380647e-13       0.000000000000e+00       4.979359349347e-09       3.356408830147e-10      -1.396369958175e-12 
    4       1.257254456109e-10       4.572691036510e-15       3.693012604373e-13       0.000000000000e+00       3.446837415887e-09       2.530008922184e-10      -8.936513730269e-13 
    5       1.200080953777e-10       2.960982663870e-15       3.122540227505e-13       0.000000000000e+00       2.563893909803e-09       1.991740174365e-10      -4.777745574054e-13 
    6       1.160814484334e-10       1.617139781916e-15       2.495139087223e-13       0.000000000000e+00       1.997004970555e-09       1.616399138712e-10      -1.786321158511e-13 
    7       1.135435799550e-10       8.746789410065e-16       1.945103795327e-13       0.000000000000e+00       1.607130770359e-09       1.341954009880e-10       5.189820628274e-15 
    8       1.120113563828e-10       5.785328493881e-16       1.528990653715e-13       0.000000000000e+00       1.325396100550e-09       1.134318880806e-10       9.225887236890e-14 
    9       1.112607302513e-10       4.676814717198e-16       1.256274606830e-13       0.000000000000e+00       1.113980564028e-09       9.733629450066e-11       1.093310425707e-13 
   10       1.110786942793e-10       3.927226851559e-16       1.110076892320e-13       0.000000000000e+00       9.505942138860e-10       8.459633321986e-11       8.477673753900e-14 
   11       1.112969552700e-10       3.265560189565e-16       1.061519956494e-13       0.000000000000e+00       8.138583224719e-10       7.506268949262e-11       4.397259219733e-14 
   12       1.118947593069e-10       2.863955924880e-16       1.078677755040e-13       0.000000000000e+00       7.110318066857e-10       6.635766560283e-11       4.287636296807e-15 
   13       1.127307625963e-10       2.777631294509e-16       1.133740851077e-13       0.000000000000e+00       6.266126693888e-10       5.925397470760e-11      -2.331091025759e-14 
   14       1.137371697353e-10       2.896713699907e-16       1.207146131502e-13       0.000000000000e+00       5.563742377283e-10       5.304860060188e-11      -3.600921072688e-14 
   15       1.149674871223e-10       3.124110063051e-16       1.287155425810e-13       0.000000000000e+00       4.972548645211e-10       4.783178770608e-11      -3.542816170441e-14 
   16       1.163155684339e-10       3.466495623296e-16       1.368314935328e-13       0.000000000000e+00       4.469893062802e-10       4.337219849330e-11      -2.654104147691e-14 
   17       1.177939921651e-10       3.984588585924e-16       1.450131391181e-13       0.000000000000e+00       4.038700138791e-10       3.951665420743e-11      -1.496262034664e-14 
   18       1.193688716465e-10       4.713343972516e-16       1.534777511163e-13       0.000000000000e+00       3.664498119435e-10       3.610288613576e-11      -5.507468277933e-15 
   19       1.210409177927e-10       5.647070658735e-16       1.624403202063e-13       0.000000000000e+00       3.341226730896e-10       3.309675350145e-11      -1.743398347841e-16 
   20       1.227764265261e-10       6.762409802815e-16       1.720487983300e-13       0.000000000000e+00       3.056551590532e-10       3.044191499458e-11       2.473962305102e-16 
   21       1.245825310166e-10       8.056246243488e-16       1.821757662528e-13       0.000000000000e+00       2.805983394961e-10       2.811059425986e-11      -3.053804750989e-15 
   22       1.264495438197e-10       9.528823664645e-16       1.925238446812e-13       0.000000000000e+00       2.583477870217e-10       2.604418193874e-11      -7.835852072293e-15 
   23       1.283851799493e-10       1.117897846693e-15       2.027431769119e-13       0.000000000000e+00       2.386047944235e-10       2.420661459911e-11      -1.235849568356e-14 
   24       1.303796281959e-10       1.300472383333e-15       2.124277348425e-13       0.000000000000e+00       2.209178155420e-10       2.254450765276e-11      -1.504386352063e-14 
   25       1.324250684131e-10       1.501334912020e-15       2.212909054257e-13       0.000000000000e+00       2.050462980086e-10       2.102847143930e-11      -1.559684418025e-14 
   26       1.345021551539e-10       1.721631161679e-15       2.291037073898e-13       0.000000000000e+00       1.906790132068e-10       1.962669687938e-11      -1.428238533847e-14 
   27       1.366233887520e-10       1.963012735449e-15       2.358395792849e-13       0.000000000000e+00       1.777410106247e-10       1.834567613848e-11      -1.175805549378e-14 
   28       1.387965358789e-10       2.227464083321e-15       2.415691773687e-13       0.000000000000e+00       1.660750465815e-10       1.719325504773e-11      -9.019259008392e-15 
   29       1.410145307800e-10       2.516989242758e-15       2.463927977756e-13       0.000000000000e+00       1.553973110543e-10       1.616367351464e-11      -7.125310681618e-15 
   30       1.432780067041e-10       2.832736570523e-15       2.503533300019e-13       0.000000000000e+00       1.456485914802e-10       1.524219577121e-11      -6.277801184615e-15 
   31       1.455778077783e-10       3.175519074953e-15       2.534925533716e-13       0.000000000000e+00       1.367562114185e-10       1.439933301415e-11      -6.378741703601e-15 
   32       1.478958134057e-10       3.546066650313e-15       2.558335067043e-13       0.000000000000e+00       1.285791239586e-10       1.359991913353e-11      -7.229655687497e-15 
   33       1.502353562813e-10       3.945172578860e-15       2.572360224181e-13       0.000000000000e+00       1.210725537351e-10       1.284510934326e-11      -8.431600733112e-15 
   34       1.525996955478e-10       4.373586309804e-15       2.574847737538e-13       0.000000000000e+00       1.141697954483e-10       1.214462580961e-11      -9.432999535005e-15 
   35       1.549870109432e-10       4.832019240930e-15       2.563666266858e-13       0.000000000000e+00       1.077678482900e-10       1.150437681568e-11      -9.705652265761e-15 
   36       1.574042739438e-10       5.321322085697e-15       2.538189225169e-13       0.000000000000e+00       1.018499369709e-10       1.092268811135e-11      -9.297506017057e-15 
   37       1.598567401103e-10       5.842361785647e-15       2.498317510839e-13       0.000000000000e+00       9.639737388584e-11       1.039203839054e-11      -8.471216686200e-15 
   38       1.623433552048e-10       6.395971306644e-15       2.444099005420e-13       0.000000000000e+00       9.135252257992e-11       9.899459585706e-12      -7.564477919995e-15 
   39       1.648591633416e-10       6.982948127794e-15       2.375687521543e-13       0.000000000000e+00       8.663954573167e-11       9.430644016348e-12      -6.911199540531e-15 
   40       1.674052721067e-10       7.604055231868e-15       2.293179447291e-13       0.000000000000e+00       8.224389621003e-11       8.985090169708e-12      -6.559857939592e-15 
   41       1.699810789003e-10       8.260016223838e-15       2.196737478576e-13       0.000000000000e+00       7.815391813851e-11       8.565337053869e-12      -6.467952910549e-15 
   42       1.725809591060e-10       8.951511926367e-15       2.086642140392e-13       0.000000000000e+00       7.433713137028e-11       8.172716041143e-12      -6.576709631928e-15 
   43       1.751975467051e-10       9.679177396832e-15       1.963097597439e-13       0.000000000000e+00       7.075221611341e-11       7.807388472005e-12      -6.819625751318e-15 
   44       1.778339496656e-10       1.044359772539e-14       1.825563100914e-13       0.000000000000e+00       6.739357585820e-11       7.468758089315e-12      -7.154003665415e-15 
   45       1.804945242601e-10       1.124530675820e-14       1.673222781678e-13       0.000000000000e+00       6.425772109046e-11       7.154983980059e-12      -7.537324475100e-15 
   46       1.831811997743e-10       1.208478506344e-14       1.505160762865e-13       0.000000000000e+00       6.132989104090e-11       6.862726366198e-12      -7.917900622961e-15 
   47       1.858932313974e-10       1.296245742960e-14       1.320354263899e-13       0.000000000000e+00       5.858317539800e-11       6.587036214107e-12      -8.234347717047e-15 
   48       1.886286813869e-10       1.387867032054e-14       1.117859885678e-13       0.000000000000e+00       5.598678262240e-11       6.322777729457e-12      -8.433984296599e-15 
   49       1.913899328708e-10       1.483362256300e-14       8.974506518101e-14       0.000000000000e+00       5.353565033152e-11       6.069627584805e-12      -8.535396795745e-15 
   50       1.941793057577e-10       1.582741082257e-14       6.591466934321e-14       0.000000000000e+00       5.122767272388e-11       5.828295249664e-12      -8.582603410882e-15 
   51       1.969973091446e-10       1.686004450343e-14       4.030406338594e-14       0.000000000000e+00       4.905488123735e-11       5.599081752965e-12      -8.628092736706e-15 
   52       1.998424823856e-10       1.793144222408e-14       1.293005487879e-14       0.000000000000e+00       4.700303292540e-11       5.381847500933e-12      -8.733261301279e-15 
   53       2.027127086228e-10       1.904151785968e-14      -1.619180696777e-14       0.000000000000e+00       4.505607210863e-11       5.176186478510e-12      -8.951474820043e-15 
   54       2.056099177611e-10       2.019047275667e-14      -4.707698118774e-14       0.000000000000e+00       4.321180975469e-11       4.982075522351e-12      -9.271131217937e-15 
   55       2.085363158343e-10       2.137857251669e-14      -7.974931922433e-14       0.000000000000e+00       4.146955853744e-11       4.799335914895e-12      -9.658719231237e-15 
   56       2.114929233908e-10       2.260606423299e-14      -1.142327185150e-13       0.000000000000e+00       3.982540984579e-11       4.627418615540e-12      -1.007462866928e-14 
   57       2.144794783000e-10       2.387317672153e-14      -1.505512080069e-13       0.000000000000e+00       3.827202649012e-11       4.465380731917e-12      -1.047285938429e-14 
   58       2.174943385591e-10       2.518012075208e-14      -1.887290336722e-13       0.000000000000e+00       3.679843540866e-11       4.311861991165e-12      -1.080073024122e-14 
   59       2.205354901148e-10       2.652695846965e-14      -2.287836291259e-13       0.000000000000e+00       3.539304175051e-11       4.165442236377e-12      -1.101139537515e-14 
   60       2.236040643811e-10       2.791317572287e-14      -2.707024269857e-13       0.000000000000e+00       3.405395930560e-11       4.025864302237e-12      -1.110544818661e-14 
   61       2.267014672705e-10       2.933801064942e-14      -3.144608039855e-13       0.000000000000e+00       3.278071700975e-11       3.893054048549e-12      -1.109848184885e-14 
   62       2.298282874859e-10       3.080057163589e-14      -3.600285698983e-13       0.000000000000e+00       3.157115241210e-11       3.766753908845e-12      -1.100927171884e-14 
   63       2.329842367861e-10       3.229983311463e-14      -4.073698118687e-13       0.000000000000e+00       3.042131358071e-11       3.646512277779e-12      -1.085991845247e-14 
   64       2.361680902502e-10       3.383463136064e-14      -4.564427387456e-13       0.000000000000e+00       2.932536100817e-11       3.531672898499e-12      -1.067599111966e-14 
   65       2.393785208819e-10       3.540381485090e-14      -5.072082541535e-13       0.000000000000e+00       2.827717471832e-11       3.421555261214e-12      -1.048174518682e-14 
   66       2.426169430381e-10       3.700674179474e-14      -5.596581356561e-13       0.000000000000e+00       2.727579151700e-11       3.316064042231e-12      -1.028427789312e-14 
   67       2.458851661868e-10       3.864288076967e-14      -6.137925628151e-13       0.000000000000e+00       2.632094730655e-11       3.215190143889e-12      -1.008626317381e-14 
   68       2.491845196334e-10       4.031166557459e-14      -6.696120018889e-13       0.000000000000e+00       2.541142403881e-11       3.118825901119e-12      -9.890585945391e-15 
   69       2.525158178022e-10       4.201249535005e-14      -7.271172943255e-13       0.000000000000e+00       2.454499931865e-11       3.026759811792e-12      -9.700347454891e-15 
   70       2.558793255176e-10       4.374473469860e-14      -7.863097452556e-13       0.000000000000e+00       2.371839600750e-11       2.938671267075e-12      -9.518870629040e-15 
   71       2.592747232852e-10       4.550771380506e-14      -8.471912119856e-13       0.000000000000e+00       2.292723182690e-11       2.854125281781e-12      -9.349705423510e-15 
   72       2.627015456835e-10       4.730066205024e-14      -9.097576828814e-13       0.000000000000e+00       2.216714403893e-11       2.772688331439e-12      -9.195838173018e-15 
   73       2.661606711123e-10       4.912249383212e-14      -9.739783904561e-13       0.000000000000e+00       2.143752540849e-11       2.694313315399e-12      -9.057132054515e-15 
   74       2.696530565901e-10       5.097198165904e-14      -1.039812830295e-12       0.000000000000e+00       2.073841762336e-11       2.619019308339e-12      -8.932402700461e-15 
   75       2.731792664709e-10       5.284781763932e-14      -1.107216856322e-12       0.000000000000e+00       2.006937658966e-11       2.546774538794e-12      -8.820158060164e-15 
   76       2.767394485268e-10       5.474861208312e-14      -1.176142620670e-12       0.000000000000e+00       1.942944886369e-11       2.477493884497e-12      -8.718585575508e-15 
   77       2.803333100308e-10       5.667289210434e-14      -1.246538513556e-12       0.000000000000e+00       1.881714808366e-11       2.411036367732e-12      -8.625539356673e-15 
   78       2.839600938395e-10       5.861910022253e-14      -1.318349103150e-12       0.000000000000e+00       1.823043140150e-11       2.347202650672e-12      -8.538527357859e-15 
   79       2.876185544763e-10       6.058559296472e-14      -1.391515075446e-12       0.000000000000e+00       1.766667591462e-11       2.285732530729e-12      -8.454698553016e-15 
   80       2.913074785176e-10       6.257070766166e-14      -1.465977776830e-12       0.000000000000e+00       1.712332859812e-11       2.226371626909e-12      -8.371481010792e-15 
   81       2.950274024492e-10       6.457297927155e-14      -1.541693882569e-12       0.000000000000e+00       1.660003793787e-11       2.169090286391e-12      -8.288651947805e-15 
   82       2.987791508785e-10       6.659095883523e-14      -1.618623177898e-12       0.000000000000e+00       1.609685119872e-11       2.113898300286e-12      -8.206605445562e-15 
   83       3.025633051051e-10       6.862314849318e-14      -1.696724206311e-12       0.000000000000e+00       1.561356287951e-11       2.060777884773e-12      -8.125732722916e-15 
   84       3.063801892827e-10       7.066800135028e-14      -1.775954294667e-12       0.000000000000e+00       1.514970361701e-11       2.009682457758e-12      -8.046421365484e-15 
   85       3.102298565816e-10       7.272392134054e-14      -1.856269578294e-12       0.000000000000e+00       1.470452909001e-11       1.960535415532e-12      -7.969054555053e-15 
   86       3.141120753519e-10       7.478926309188e-14      -1.937625026101e-12       0.000000000000e+00       1.427700892326e-11       1.913228909437e-12      -7.894010299004e-15 
   87       3.180263152850e-10       7.686233179082e-14      -2.019974465677e-12       0.000000000000e+00       1.386581559152e-11       1.867622622521e-12      -7.821660659717e-15 
   88       3.219717335771e-10       7.894138304724e-14      -2.103270608407e-12       0.000000000000e+00       1.346931332354e-11       1.823542546201e-12      -7.752370983990e-15 
   89       3.259475037133e-10       8.102464159088e-14      -2.187463916349e-12       0.000000000000e+00       1.308594675241e-11       1.780823357952e-12      -7.686394361307e-15 
   90       3.299538910925e-10       8.311036101662e-14      -2.272498944455e-12       0.000000000000e+00       1.271550092291e-11       1.739445839448e-12      -7.623537704561e-15 
   91       3.339913214239e-10       8.519677320567e-14      -2.358317468156e-12       0.000000000000e+00       1.235801941446e-11       1.699418861246e-12      -7.563441624868e-15 
   92       3.380600445423e-10       8.728207047299e-14      -2.444859598148e-12       0.000000000000e+00       1.201341715421e-11       1.660737138554e-12      -7.505678232184e-15 
   93       3.421601257034e-10       8.936440571415e-14      -2.532063788148e-12       0.000000000000e+00       1.168147530976e-11       1.623380661089e-12      -7.449748795111e-15 
   94       3.462914368796e-10       9.144189255221e-14      -2.619866842652e-12       0.000000000000e+00       1.136183618189e-11       1.587314122941e-12      -7.395081400707e-15 
   95       3.504536480549e-10       9.351260548454e-14      -2.708203924687e-12       0.000000000000e+00       1.105399809723e-11       1.552486352425e-12      -7.341028614295e-15 
   96       3.546462185208e-10       9.557458002978e-14      -2.797008563570e-12       0.000000000000e+00       1.075731030104e-11       1.518829741947e-12      -7.286865139273e-15 
   97       3.588683881713e-10       9.762581287461e-14      -2.886212662657e-12       0.000000000000e+00       1.047096784988e-11       1.486259677858e-12      -7.231785476919e-15 
   98       3.631191687988e-10       9.966426202067e-14      -2.975746507105e-12       0.000000000000e+00       1.019400650433e-11       1.454673970318e-12      -7.174901586203e-15 
   99       3.673975894659e-10       1.016878945942e-13      -3.065539858186e-12       0.000000000000e+00       9.925523183219e-12       1.423976956048e-12      -7.115463156277e-15 
  100       3.717034910936e-10       1.036948376845e-13      -3.155525396341e-12       0.000000000000e+00       9.665383995133e-12       1.394156934410e-12      -7.053559082146e-15 
  101       3.760368287730e-10       1.056832492426e-13      -3.245635782484e-12       0.000000000000e+00       9.413607472215e-12       1.365218691359e-12      -6.989511461838e-15 
  102       3.803974221751e-10       1.076512730401e-13      -3.335802635603e-12       0.000000000000e+00       9.170145612353e-12       1.337159537397e-12      -6.923662201397e-15 
  103       3.847849499265e-10       1.095970393935e-13      -3.425956553688e-12       0.000000000000e+00       8.934881505973e-12       1.309969036507e-12      -6.856373373031e-15 
  104       3.891989439843e-10       1.115186658892e-13      -3.516027134658e-12       0.000000000000e+00       8.707626962837e-12       1.283628735070e-12      -6.788027573252e-15 
  105       3.936387840110e-10       1.134142581078e-13      -3.605942997281e-12       0.000000000000e+00       8.488120138838e-12       1.258111890794e-12      -6.719028281022e-15 
  106       3.981036917501e-10       1.152819103486e-13      -3.695631802107e-12       0.000000000000e+00       8.276023162791e-12       1.233383201635e-12      -6.649800215898e-15 
  107       4.025927254010e-10       1.171197063546e-13      -3.785020272387e-12       0.000000000000e+00       8.070919763231e-12       1.209398534727e-12      -6.580789696175e-15 
  108       4.071047739941e-10       1.189257200368e-13      -3.874034215003e-12       0.000000000000e+00       7.872312895205e-12       1.186104655303e-12      -6.512464997030e-15 
  109       4.116385517662e-10       1.206980161988e-13      -3.962598541393e-12       0.000000000000e+00       7.679622367067e-12       1.163438955618e-12      -6.445316708667e-15 
  110       4.161928206198e-10       1.224346987301e-13      -4.050638071233e-12       0.000000000000e+00       7.492315309682e-12       1.141343965197e-12      -6.379761222965e-15 
  111       4.207671019275e-10       1.241340606405e-13      -4.138080015501e-12       0.000000000000e+00       7.310321652972e-12       1.119813573713e-12      -6.315836386728e-15 
  112       4.253610457206e-10       1.257944546721e-13      -4.224851851832e-12       0.000000000000e+00       7.133667627432e-12       1.098852243856e-12      -6.253467387699e-15 
  113       4.299742074031e-10       1.274142487249e-13      -4.310880598454e-12       0.000000000000e+00       6.962346619446e-12       1.078460634446e-12      -6.192559557149e-15 
  114       4.346060443688e-10       1.289918270476e-13      -4.396092842813e-12       0.000000000000e+00       6.796318103654e-12       1.058635474631e-12      -6.132997775972e-15 
  115       4.392559126177e-10       1.305255914288e-13      -4.480414770185e-12       0.000000000000e+00       6.635506575329e-12       1.039369438082e-12      -6.074645880766e-15 
  116       4.439230633731e-10       1.320139623884e-13      -4.563772192299e-12       0.000000000000e+00       6.479800482744e-12       1.020651017190e-12      -6.017346069933e-15 
  117       4.486066396982e-10       1.334553803683e-13      -4.646090575951e-12       0.000000000000e+00       6.329051159544e-12       1.002464397260e-12      -5.960918309761e-15 
  118       4.533056731128e-10       1.348483069239e-13      -4.727295071629e-12       0.000000000000e+00       6.183071757119e-12       9.847893307065e-13      -5.905159740521e-15 
  119       4.580190802102e-10       1.361912259147e-13      -4.807310542127e-12       0.000000000000e+00       6.041636176969e-12       9.676010112506e-13      -5.849844082551e-15 
  120       4.627456592739e-10       1.374826446961e-13      -4.886061591163e-12       0.000000000000e+00       5.904478003083e-12       9.508699481149e-13      -5.794721042350e-15 
  121       4.674840868946e-10       1.387210953100e-13      -4.963472592002e-12       0.000000000000e+00       5.771289434302e-12       9.345618402189e-13      -5.739515718667e-15 
  122       4.722329145864e-10       1.399051356762e-13      -5.039467716069e-12       0.000000000000e+00       5.641720216696e-12       9.186374503751e-13      -5.683928008593e-15 
  123       4.769907362259e-10       1.410333984808e-13      -5.113971749087e-12       0.000000000000e+00       5.515453047344e-12       9.030612166088e-13      -5.627693913311e-15 
  124       4.817567193551e-10       1.421047416639e-13      -5.186912584673e-12       0.000000000000e+00       5.392441868433e-12       8.878284742630e-13      -5.570778695174e-15 
  125       4.865301288234e-10       1.431181175457e-13      -5.258219072477e-12       0.000000000000e+00       5.272699064277e-12       8.729411386944e-13      -5.513204894935e-15 
  126       4.913101594148e-10       1.440725282277e-13      -5.327820290784e-12       0.000000000000e+00       5.156220980731e-12       8.583991917833e-13      -5.454992313837e-15 
  127       4.960959338087e-10       1.449670271589e-13      -5.395645581328e-12       0.000000000000e+00       5.042987459225e-12       8.442006248718e-13      -5.396157906715e-15 
  128       5.008865005408e-10       1.458007207026e-13      -5.461624584104e-12       0.000000000000e+00       4.932961370797e-12       8.303413817017e-13      -5.336715675109e-15 
  129       5.056808319634e-10       1.465727697023e-13      -5.525687272188e-12       0.000000000000e+00       4.826088150129e-12       8.168153013518e-13      -5.276676560362e-15 
  130       5.104778222065e-10       1.472823910485e-13      -5.587763986546e-12       0.000000000000e+00       4.722295329583e-12       8.036140611761e-13      -5.216048336728e-15 
  131       5.152762851385e-10       1.479288592449e-13      -5.647785470853e-12       0.000000000000e+00       4.621492073229e-12       7.907271197415e-13      -5.154835504480e-15 
  132       5.200749523271e-10       1.485115079749e-13      -5.705682906303e-12       0.000000000000e+00       4.523568710888e-12       7.781416597655e-13      -5.093039183014e-15 
  133       5.248724709996e-10       1.490297316678e-13      -5.761387946430e-12       0.000000000000e+00       4.428396272159e-12       7.658425310539e-13      -5.030657003951e-15 
  134       5.296674020044e-10       1.494829870654e-13      -5.814832751915e-12       0.000000000000e+00       4.335826020456e-12       7.538121934387e-13      -4.967683004251e-15 
  135       5.344582177710e-10       1.498707947885e-13      -5.865950025408e-12       0.000000000000e+00       4.245688987044e-12       7.420306597162e-13      -4.904107519310e-15 
  136       5.392433002713e-10       1.501927409027e-13      -5.914673046337e-12       0.000000000000e+00       4.157795505068e-12       7.304754385840e-13      -4.839917076069e-15 
  137       5.440210830400e-10       1.504485071314e-13      -5.960936397825e-12       0.000000000000e+00       4.071975350205e-12       7.191267250930e-13      -4.775110594955e-15 
  138       5.487904981400e-10       1.506379617050e-13      -6.004678158628e-12       0.000000000000e+00       3.988203836894e-12       7.079836989732e-13      -4.709750114161e-15 
  139       5.535505717977e-10       1.507610809260e-13      -6.045838005084e-12       0.000000000000e+00       3.906487947693e-12       6.970498125039e-13      -4.643915136033e-15 
  140       5.583002833783e-10       1.508179230988e-13      -6.084356578205e-12       0.000000000000e+00       3.826826691146e-12       6.863276707919e-13      -4.577686785845e-15 
  141       5.630385642611e-10       1.508086302779e-13      -6.120175522889e-12       0.000000000000e+00       3.749210893558e-12       6.758190080163e-13      -4.511147808428e-15 
  142       5.677642967147e-10       1.507334300161e-13      -6.153237527122e-12       0.000000000000e+00       3.673622990761e-12       6.655246636734e-13      -4.444382564787e-15 
  143       5.724763127720e-10       1.505926371125e-13      -6.183486361189e-12       0.000000000000e+00       3.600036819895e-12       6.554445588209e-13      -4.377477028721e-15 
  144       5.771733931054e-10       1.503866553611e-13      -6.210866916882e-12       0.000000000000e+00       3.528417411173e-12       6.455776723234e-13      -4.310518783446e-15 
  145       5.818542659020e-10       1.501159792988e-13      -6.235325246705e-12       0.000000000000e+00       3.458720779656e-12       6.359220170965e-13      -4.243597018214e-15 
  146       5.865176057386e-10       1.497811959537e-13      -6.256808603085e-12       0.000000000000e+00       3.390893717026e-12       6.264746163519e-13      -4.176802524936e-15 
  147       5.911620324571e-10       1.493829865929e-13      -6.275265477573e-12       0.000000000000e+00       3.324873583357e-12       6.172314798422e-13      -4.110227694801e-15 
  148       5.957861100391e-10       1.489221284715e-13      -6.290645640060e-12       0.000000000000e+00       3.260588098886e-12       6.081875801054e-13      -4.043966514899e-15 
  149       6.003883454817e-10       1.483994965801e-13      -6.302900177979e-12       0.000000000000e+00       3.197955135789e-12       5.993368287100e-13      -3.978114564838e-15 
  150       6.049671876723e-10       1.478160653935e-13      -6.311981535513e-12       0.000000000000e+00       3.136882509948e-12       5.906720524994e-13      -3.912769013370e-15 
  151       6.095210262637e-10       1.471729106185e-13      -6.317843552802e-12       0.000000000000e+00       3.077267772729e-12       5.821849698368e-13      -3.848028615009e-15 
  152       6.140481905492e-10       1.464712109425e-13      -6.320441505156e-12       0.000000000000e+00       3.018998002748e-12       5.738661668500e-13      -3.783993706650e-15 
  153       6.185470697004e-10       1.457122364386e-13      -6.319732383651e-12       0.000000000000e+00       2.961973093126e-12       5.657070251077e-13      -3.720745554375e-15 
  154       6.230164884197e-10       1.448973088906e-13      -6.315675683780e-12       0.000000000000e+00       2.906178486728e-12       5.577057562302e-13      -3.658282241157e-15 
  155       6.274553642176e-10       1.440278410967e-13      -6.308232765194e-12       0.000000000000e+00       2.851618835181e-12       5.498618854362e-13      -3.596576786559e-15 
  156       6.318625886857e-10       1.431053515473e-13      -6.297366656994e-12       0.000000000000e+00       2.798295023112e-12       5.421743368161e-13      -3.535597153401e-15 
  157       6.362370269894e-10       1.421314661053e-13      -6.283042098168e-12       0.000000000000e+00       2.746204079577e-12       5.346414195147e-13      -3.475306139213e-15 
  158       6.405775173617e-10       1.411079196864e-13      -6.265225578026e-12       0.000000000000e+00       2.695339089497e-12       5.272608139148e-13      -3.415661267683e-15 
  159       6.448828705961e-10       1.400365579392e-13      -6.243885376639e-12       0.000000000000e+00       2.645689105090e-12       5.200295578206e-13      -3.356614680116e-15 
  160       6.491518695399e-10       1.389193389253e-13      -6.218991605275e-12       0.000000000000e+00       2.597239057306e-12       5.129440326405e-13      -3.298113026883e-15 
  161       6.533832685876e-10       1.377583348001e-13      -6.190516246835e-12       0.000000000000e+00       2.549969667257e-12       5.059999495711e-13      -3.240097358872e-15 
  162       6.575757931739e-10       1.365557334925e-13      -6.158433196292e-12       0.000000000000e+00       2.503857357657e-12       4.991923357798e-13      -3.182503018942e-15 
  163       6.617281392670e-10       1.353138403857e-13      -6.122718301126e-12       0.000000000000e+00       2.458874164248e-12       4.925155205886e-13      -3.125259533379e-15 
  164       6.658389728618e-10       1.340350799968e-13      -6.083349401761e-12       0.000000000000e+00       2.414987647236e-12       4.859631216570e-13      -3.068290503340e-15 
  165       6.699069294734e-10       1.327219976577e-13      -6.040306372005e-12       0.000000000000e+00       2.372160802729e-12       4.795280311657e-13      -3.011513496316e-15 
  166       6.739306136297e-10       1.313772611950e-13      -5.993571159482e-12       0.000000000000e+00       2.330351974161e-12       4.732024019995e-13      -2.954839937576e-15 
  167       6.779085983655e-10       1.300036626104e-13      -5.943127826072e-12       0.000000000000e+00       2.289514763735e-12       4.669776339308e-13      -2.898175001621e-15 
  168       6.818394247149e-10       1.286041197607e-13      -5.888962588347e-12       0.000000000000e+00       2.249597943851e-12       4.608443598030e-13      -2.841417503642e-15 
  169       6.857216012051e-10       1.271816780385e-13      -5.831063858011e-12       0.000000000000e+00       2.210545368540e-12       4.547924317134e-13      -2.784459790966e-15 
  170       6.895536033494e-10       1.257395120522e-13      -5.769422282330e-12       0.000000000000e+00       2.172295884897e-12       4.488109071970e-13      -2.727187634511e-15 
  171       6.933339732912e-10       1.242808337856e-13      -5.704030109622e-12       0.000000000000e+00       2.134795673051e-12       4.428905321383e-13      -2.669509276035e-15 
  172       6.970616291207e-10       1.228086049659e-13      -5.634879141679e-12       0.000000000000e+00       2.098036606095e-12       4.370314507539e-13      -2.611445515008e-15 
  173       7.007355804983e-10       1.213258038209e-13      -5.561962687305e-12       0.000000000000e+00       2.062020933823e-12       4.312361149937e-13      -2.553046960250e-15 
  174       7.043548307282e-10       1.198355177297e-13      -5.485276259301e-12       0.000000000000e+00       2.026749104533e-12       4.255068420755e-13      -2.494365560602e-15 
  175       7.079183766599e-10       1.183409445212e-13      -5.404817612150e-12       0.000000000000e+00       1.992219727160e-12       4.198458108553e-13      -2.435454615333e-15 
  176       7.114252085903e-10       1.168453937733e-13      -5.320586779699e-12       0.000000000000e+00       1.958429533428e-12       4.142550581965e-13      -2.376368784545e-15 
  177       7.148743101652e-10       1.153522881109e-13      -5.232586112843e-12       0.000000000000e+00       1.925373339981e-12       4.087364753403e-13      -2.317164099586e-15 
  178       7.182646582818e-10       1.138651645053e-13      -5.140820317206e-12       0.000000000000e+00       1.893044010532e-12       4.032918042753e-13      -2.257897973450e-15 
  179       7.215952229898e-10       1.123876755725e-13      -5.045296490827e-12       0.000000000000e+00       1.861432418002e-12       3.979226341076e-13      -2.198629211190e-15 
  180       7.248649673937e-10       1.109235908719e-13      -4.946024161840e-12       0.000000000000e+00       1.830527406660e-12       3.926303974301e-13      -2.139418020320e-15 
  181       7.280728475543e-10       1.094767982051e-13      -4.843015326161e-12       0.000000000000e+00       1.800315754264e-12       3.874163666931e-13      -2.080326021226e-15 
  182       7.312178123909e-10       1.080513049147e-13      -4.736284485166e-12       0.000000000000e+00       1.770782134208e-12       3.822816505738e-13      -2.021416257574e-15 
  183       7.342988035832e-10       1.066512391827e-13      -4.625848683381e-12       0.000000000000e+00       1.741909077654e-12       3.772271903460e-13      -1.962753206712e-15 
  184       7.373147554725e-10       1.052808513295e-13      -4.511727546158e-12       0.000000000000e+00       1.713676935684e-12       3.722537562503e-13      -1.904402790083e-15 
  185       7.402645949643e-10       1.039445151125e-13      -4.393943317363e-12       0.000000000000e+00       1.686063841431e-12       3.673619438639e-13      -1.846432383627e-15 
  186       7.431472414296e-10       1.026467290248e-13      -4.272520897055e-12       0.000000000000e+00       1.659045672230e-12       3.625521704701e-13      -1.788910828192e-15 
  187       7.459616066071e-10       1.013921175937e-13      -4.147487879176e-12       0.000000000000e+00       1.632596011751e-12       3.578246714287e-13      -1.731908439940e-15 
  188       7.487065945049e-10       1.001854326798e-13      -4.018874589225e-12       0.000000000000e+00       1.606686112148e-12       3.531794965455e-13      -1.675497020755e-15 
  189       7.513811013021e-10       9.903155477523e-14      -3.886714121949e-12       0.000000000000e+00       1.581284856193e-12       3.486165064424e-13      -1.619749868646e-15 
  190       7.539840152513e-10       9.793549430288e-14      -3.751042379022e-12       0.000000000000e+00       1.556358719423e-12       3.441353689268e-13      -1.564741788161e-15 
  191       7.565142890026e-10       9.690218961466e-14      -3.611895966970e-12       0.000000000000e+00       1.531878379863e-12       3.397356051905e-13      -1.510534582805e-15 
  192       7.589711628414e-10       9.593588136005e-14      -3.469305636338e-12       0.000000000000e+00       1.507839179782e-12       3.354167398370e-13      -1.457132295342e-15 
  193       7.613539580453e-10       9.504069358226e-14      -3.323302421808e-12       0.000000000000e+00       1.484242129387e-12       3.311781551460e-13      -1.404522622472e-15 
  194       7.636620061044e-10       9.422083342733e-14      -3.173919768181e-12       0.000000000000e+00       1.461087381264e-12       3.270190388128e-13      -1.352691094055e-15 
  195       7.658946488606e-10       9.348059177759e-14      -3.021193561058e-12       0.000000000000e+00       1.438374214275e-12       3.229383804814e-13      -1.301621036007e-15 
  196       7.680512386460e-10       9.282434388509e-14      -2.865162157519e-12       0.000000000000e+00       1.416101017446e-12       3.189349682776e-13      -1.251293533204e-15 
  197       7.701311384220e-10       9.225655000506e-14      -2.705866416807e-12       0.000000000000e+00       1.394265273865e-12       3.150073853417e-13      -1.201687392378e-15 
  198       7.721337219182e-10       9.178175602938e-14      -2.543349731005e-12       0.000000000000e+00       1.372863544574e-12       3.111540063614e-13      -1.152779105022e-15 
  199       7.740583737709e-10       9.140459412001e-14      -2.377658055724e-12       0.000000000000e+00       1.351891452466e-12       3.073729941050e-13      -1.104542810290e-15 
  200       7.759044896622e-10       9.112978334244e-14      -2.208839940778e-12       0.000000000000e+00       1.331343666175e-12       3.036622959539e-13      -1.056950257895e-15 
  201       7.776714764588e-10       9.096213029915e-14      -2.036946560868e-12       0.000000000000e+00       1.311213883973e-12       3.000196404358e-13      -1.009970771013e-15 
  202       7.793587523507e-10       9.090652976308e-14      -1.862031746264e-12       0.000000000000e+00       1.291494817660e-12       2.964425337577e-13      -9.635712091831e-16 
  203       7.809657469901e-10       9.096796531102e-14      -1.684152013486e-12       0.000000000000e+00       1.272178176465e-12       2.929282563385e-13      -9.177159312047e-16 
  204       7.824919016302e-10       9.115150995713e-14      -1.503366595982e-12       0.000000000000e+00       1.253254650933e-12       2.894738593420e-13      -8.723667580427e-16 
  205       7.839366692641e-10       9.146232678634e-14      -1.319737474816e-12       0.000000000000e+00       1.234713896822e-12       2.860761612101e-13      -8.274829357257e-16 
  206       7.852995147637e-10       9.190566958785e-14      -1.133329409341e-12       0.000000000000e+00       1.216544518996e-12       2.827317441954e-13      -7.830210982475e-16 
  207       7.865799150181e-10       9.248688348853e-14      -9.442099678878e-13       0.000000000000e+00       1.198734055321e-12       2.794369508941e-13      -7.389352304673e-16 
  208       7.877773590730e-10       9.321140558639e-14      -7.524495584417e-13       0.000000000000e+00       1.181268960556e-12       2.761878807792e-13      -6.951766310109e-16 
  209       7.888913482693e-10       9.408476558405e-14      -5.581214593258e-13       0.000000000000e+00       1.164134590251e-12       2.729803867332e-13      -6.516938751709e-16 
  210       7.899213963817e-10       9.511258642218e-14      -3.613018498813e-13       0.000000000000e+00       1.147315184636e-12       2.698100715811e-13      -6.084327778077e-16 
  211       7.908670297577e-10       9.630058491292e-14      -1.620698411495e-13       0.000000000000e+00       1.130793852518e-12       2.666722846231e-13      -5.653363562501e-16 
  212       7.917277874568e-10       9.765457237337e-14       3.949249344733e-14       0.000000000000e+00       1.114552555174e-12       2.635621181679e-13      -5.223447931958e-16 
  213       7.925032628875e-10       9.918012921890e-14       2.433042809382e-13       0.000000000000e+00       1.098575618248e-12       2.604754059714e-13      -4.794091090101e-16 
  214       7.931932315611e-10       1.008816029848e-13       4.492987136691e-13       0.000000000000e+00       1.082860564658e-12       2.574118007484e-13      -4.365332826332e-16 
  215       7.937975322377e-10       1.027630438344e-13       6.574109943085e-13       0.000000000000e+00       1.067407982442e-12       2.543718978803e-13      -3.937349047035e-16 
  216       7.943160264490e-10       1.048285242940e-13       8.675742008917e-13       0.000000000000e+00       1.052218055733e-12       2.513562513629e-13      -3.510317228014e-16 
  217       7.947485987470e-10       1.070821390285e-13       1.079719267179e-12       0.000000000000e+00       1.037290557934e-12       2.483653729767e-13      -3.084416404411e-16 
  218       7.950951569511e-10       1.095280046161e-13       1.293774963016e-12       0.000000000000e+00       1.022624844907e-12       2.453997314577e-13      -2.659827160632e-16 
  219       7.953556323971e-10       1.121702593237e-13       1.509667874688e-12       0.000000000000e+00       1.008219848148e-12       2.424597516676e-13      -2.236731620270e-16 
  220       7.955299801849e-10       1.150130628818e-13       1.727322385285e-12       0.000000000000e+00       9.940740679736e-13       2.395458137649e-13      -1.815313436026e-16 
  221       7.956181794264e-10       1.180605962598e-13       1.946660655055e-12       0.000000000000e+00       9.801855667013e-13       2.366582523750e-13      -1.395757779635e-16 
  222       7.956202334938e-10       1.213170614408e-13       2.167602601765e-12       0.000000000000e+00       9.665519618309e-13       2.337973557608e-13      -9.782513317845e-17 
  223       7.955361702679e-10       1.247866811972e-13       2.390065881057e-12       0.000000000000e+00       9.531704192270e-13       2.309633649936e-13      -5.629822720417e-17 
  224       7.953660423856e-10       1.284736988652e-13       2.613965866813e-12       0.000000000000e+00       9.400376463006e-13       2.281564731232e-13      -1.501402687739e-17 
  225       7.951099274884e-10       1.323823781207e-13       2.839215631505e-12       0.000000000000e+00       9.271498851907e-13       2.253768243487e-13       2.600835309279e-17 
  226       7.947679284706e-10       1.365170027535e-13       3.065725926561e-12       0.000000000000e+00       9.145029059467e-13       2.226245131889e-13       6.674965113262e-17 
  227       7.943401737268e-10       1.408818764431e-13       3.293405162719e-12       0.000000000000e+00       9.020919997099e-13       2.198995836531e-13       1.071904598114e-16 
  228       7.938268174005e-10       1.454813225335e-13       3.522159390387e-12       0.000000000000e+00       8.899119718953e-13       2.172020284115e-13       1.473112268492e-16 
  229       7.932280396321e-10       1.503196838085e-13       3.751892280003e-12       0.000000000000e+00       8.779571353734e-13       2.145317879655e-13       1.870922561245e-16 
  230       7.925440468068e-10       1.554013222667e-13       3.982505102391e-12       0.000000000000e+00       8.662213036524e-13       2.118887498189e-13       2.265137086821e-16 
  231       7.917750718029e-10       1.607306188963e-13       4.213896709123e-12       0.000000000000e+00       8.546977840597e-13       2.092727476476e-13       2.655556037406e-16 
  232       7.909213742395e-10       1.663119734511e-13       4.445963512874e-12       0.000000000000e+00       8.433793709236e-13       2.066835604710e-13       3.041978197003e-16 
  233       7.899832407250e-10       1.721498042244e-13       4.678599467782e-12       0.000000000000e+00       8.322583387559e-13       2.041209118220e-13       3.424200951507e-16 
  234       7.889609851050e-10       1.782485478253e-13       4.911696049809e-12       0.000000000000e+00       8.213264354327e-13       2.015844689175e-13       3.802020298783e-16 
  235       7.878549487104e-10       1.846126589529e-13       5.145142237095e-12       0.000000000000e+00       8.105748753770e-13       1.990738418296e-13       4.175230858745e-16 
  236       7.866655006054e-10       1.912466101720e-13       5.378824490321e-12       0.000000000000e+00       7.999943327404e-13       1.965885826552e-13       4.543625883430e-16 
  237       7.853930378357e-10       1.981548916877e-13       5.612626733065e-12       0.000000000000e+00       7.895749345847e-13       1.941281846874e-13       4.906997267079e-16 
  238       7.840379821330e-10       2.053416170973e-13       5.846436891143e-12       0.000000000000e+00       7.793081563315e-13       1.916922500013e-13       5.265173584566e-16 
  239       7.826007692938e-10       2.128093146046e-13       6.080166990852e-12       0.000000000000e+00       7.691926496305e-13       1.892810051938e-13       5.618136743087e-16 
  240       7.810818596384e-10       2.205600621365e-13       6.313734240253e-12       0.000000000000e+00       7.592287543405e-13       1.868948152807e-13       5.965912417181e-16 
  241       7.794817417356e-10       2.285958737304e-13       6.547054573933e-12       0.000000000000e+00       7.494166252268e-13       1.845340176192e-13       6.308532745800e-16 
  242       7.778009326435e-10       2.369186984778e-13       6.780042647198e-12       0.000000000000e+00       7.397562291566e-13       1.821989214343e-13       6.646036422607e-16 
  243       7.760399781500e-10       2.455304194683e-13       7.012611830270e-12       0.000000000000e+00       7.302473422932e-13       1.798898073441e-13       6.978468786285e-16 
  244       7.741994530133e-10       2.544328527334e-13       7.244674202480e-12       0.000000000000e+00       7.208895472915e-13       1.776069268860e-13       7.305881910836e-16 
  245       7.722799612028e-10       2.636277461902e-13       7.476140546467e-12       0.000000000000e+00       7.116822304927e-13       1.753505020426e-13       7.628334695882e-16 
  246       7.702821361396e-10       2.731167785856e-13       7.706920342372e-12       0.000000000000e+00       7.026245791192e-13       1.731207247671e-13       7.945892956973e-16 
  247       7.682066409367e-10       2.829015584399e-13       7.936921762031e-12       0.000000000000e+00       6.937155784697e-13       1.709177565096e-13       8.258629515888e-16 
  248       7.660541686404e-10       2.929836229910e-13       8.166051663178e-12       0.000000000000e+00       6.849540091138e-13       1.687417277429e-13       8.566624290933e-16 
  249       7.638254424700e-10       3.033644371378e-13       8.394215583632e-12       0.000000000000e+00       6.763384440873e-13       1.665927374879e-13       8.869964387254e-16 
  250       7.615212160592e-10       3.140453923844e-13       8.621317735500e-12       0.000000000000e+00       6.678672460870e-13       1.644708528401e-13       9.168744187128e-16 
  251       7.591422736961e-10       3.250278057838e-13       8.847260999365e-12       0.000000000000e+00       6.595385646652e-13       1.623761084950e-13       9.463065440277e-16 
  252       7.566894305643e-10       3.363129188819e-13       9.071946918491e-12       0.000000000000e+00       6.513503334253e-13       1.603085062739e-13       9.753037354163e-16 
  253       7.541635329829e-10       3.479018966613e-13       9.295275693010e-12       0.000000000000e+00       6.433002672165e-13       1.582680146501e-13       1.003877668429e-15 
  254       7.515654586478e-10       3.597958264852e-13       9.517146174123e-12       0.000000000000e+00       6.353858593283e-13       1.562545682746e-13       1.032040782453e-15 
  255       7.488961168717e-10       3.719957170412e-13       9.737455858292e-12       0.000000000000e+00       6.276043786859e-13       1.542680675018e-13       1.059806289737e-15 
  256       7.461564488253e-10       3.845024972852e-13       9.956100881440e-12       0.000000000000e+00       6.199528670451e-13       1.523083779153e-13       1.087188184428e-15 
  257       7.433474277772e-10       3.973170153854e-13       1.017297601314e-11       0.000000000000e+00       6.124281361870e-13       1.503753298542e-13       1.114201251599e-15 
  258       7.404700593351e-10       4.104400376658e-13       1.038797465083e-11       0.000000000000e+00       6.050267651129e-13       1.484687179384e-13       1.140861076277e-15 
  259       7.375253816860e-10       4.238722475504e-13       1.060098881396e-11       0.000000000000e+00       5.977450972397e-13       1.465883005948e-13       1.167184052476e-15 
  260       7.345144658372e-10       4.376142445072e-13       1.081190913827e-11       0.000000000000e+00       5.905792375941e-13       1.447337995830e-13       1.193187392227e-15 
  261       7.314384158565e-10       4.516665429916e-13       1.102062486988e-11       0.000000000000e+00       5.835250500080e-13       1.429048995211e-13       1.218889134609e-15 
  262       7.282983691130e-10       4.660295713905e-13       1.122702385959e-11       0.000000000000e+00       5.765781543135e-13       1.411012474118e-13       1.244308154776e-15 
  263       7.250954965179e-10       4.807036709663e-13       1.143099255701e-11       0.000000000000e+00       5.697339235373e-13       1.393224521679e-13       1.269464172990e-15 
  264       7.218310027645e-10       4.956890948006e-13       1.163241600477e-11       0.000000000000e+00       5.629874810964e-13       1.375680841383e-13       1.294377763651e-15 
  265       7.185061265695e-10       5.109860067380e-13       1.183117783271e-11       0.000000000000e+00       5.563336979921e-13       1.358376746341e-13       1.319070364328e-15 
  266       7.151220845283e-10       5.265942073477e-13       1.202716818693e-11       0.000000000000e+00       5.497681633166e-13       1.341307925566e-13       1.343559280996e-15 
  267       7.116798988095e-10       5.425122974988e-13       1.222030800561e-11       0.000000000000e+00       5.432901599250e-13       1.324472798702e-13       1.367842384717e-15 
  268       7.081805605721e-10       5.587384673100e-13       1.241052605012e-11       0.000000000000e+00       5.368998448917e-13       1.307870279939e-13       1.391912601522e-15 
  269       7.046250856524e-10       5.752707635328e-13       1.259775109645e-11       0.000000000000e+00       5.305972895928e-13       1.291499015077e-13       1.415762841954e-15 
  270       7.010145147094e-10       5.921070880341e-13       1.278191194280e-11       0.000000000000e+00       5.243824785457e-13       1.275357378087e-13       1.439386001647e-15 
  271       6.973499133705e-10       6.092451962789e-13       1.296293741719e-11       0.000000000000e+00       5.182553082487e-13       1.259443467675e-13       1.462774961898e-15 
  272       6.936323723761e-10       6.266826958130e-13       1.314075638507e-11       0.000000000000e+00       5.122155860202e-13       1.243755103837e-13       1.485922590246e-15 
  273       6.898630077256e-10       6.444170447454e-13       1.331529775692e-11       0.000000000000e+00       5.062630288381e-13       1.228289824428e-13       1.508821741045e-15 
  274       6.860429608224e-10       6.624455502313e-13       1.348649049583e-11       0.000000000000e+00       5.003972621797e-13       1.213044881715e-13       1.531465256043e-15 
  275       6.821733986193e-10       6.807653669542e-13       1.365426362514e-11       0.000000000000e+00       4.946178188604e-13       1.198017238945e-13       1.553845964954e-15 
  276       6.782555137640e-10       6.993734956090e-13       1.381854623602e-11       0.000000000000e+00       4.889241378739e-13       1.183203566903e-13       1.575956686038e-15 
  277       6.742905247440e-10       7.182667813845e-13       1.397926749508e-11       0.000000000000e+00       4.833155632312e-13       1.168600240474e-13       1.597790226672e-15 
  278       6.702796760325e-10       7.374419124460e-13       1.413635665194e-11       0.000000000000e+00       4.777913428001e-13       1.154203335202e-13       1.619339383931e-15 
  279       6.662242382334e-10       7.568954184177e-13       1.428974304690e-11       0.000000000000e+00       4.723506271449e-13       1.140008623856e-13       1.640596945159e-15 
  280       6.621255082264e-10       7.766236688660e-13       1.443935611847e-11       0.000000000000e+00       4.669924683653e-13       1.126011572987e-13       1.661555688549e-15 
  281       6.579848093130e-10       7.966228717811e-13       1.458512541104e-11       0.000000000000e+00       4.617158189364e-13       1.112207339490e-13       1.682208383715e-15 
  282       6.538034913612e-10       8.168890720608e-13       1.472698058241e-11       0.000000000000e+00       4.565195305481e-13       1.098590767166e-13       1.702547792271e-15 
  283       6.495829309513e-10       8.374181499922e-13       1.486485141146e-11       0.000000000000e+00       4.514023529442e-13       1.085156383284e-13       1.722566668404e-15 
  284       6.453245315209e-10       8.582058197348e-13       1.499866780571e-11       0.000000000000e+00       4.463629327620e-13       1.071898395139e-13       1.742257759453e-15 
  285       6.410297235102e-10       8.792476278030e-13       1.512835980893e-11       0.000000000000e+00       4.413998123718e-13       1.058810686617e-13       1.761613806482e-15 
  286       6.366999645079e-10       9.005389515486e-13       1.525385760876e-11       0.000000000000e+00       4.365114287165e-13       1.045886814755e-13       1.780627544855e-15 
  287       6.323367393957e-10       9.220749976438e-13       1.537509154430e-11       0.000000000000e+00       4.316961121505e-13       1.033120006299e-13       1.799291704817e-15 
  288       6.279415604942e-10       9.438508005636e-13       1.549199211371e-11       0.000000000000e+00       4.269520852800e-13       1.020503154271e-13       1.817599012064e-15 
  289       6.235159677083e-10       9.658612210681e-13       1.560448998180e-11       0.000000000000e+00       4.222774618015e-13       1.008028814525e-13       1.835542188323e-15 
  290       6.190615286721e-10       9.881009446860e-13       1.571251598766e-11       0.000000000000e+00       4.176702453421e-13       9.956892023121e-14       1.853113951923e-15 
  291       6.145798388945e-10       1.010564480196e-12       1.581600115227e-11       0.000000000000e+00       4.131283282981e-13       9.834761888380e-14       1.870307018376e-15 
  292       6.100725219045e-10       1.033246158111e-12       1.591487668604e-11       0.000000000000e+00       4.086494906754e-13       9.713812978272e-14       1.887114100952e-15 
  293       6.055412293966e-10       1.056140129159e-12       1.600907399650e-11       0.000000000000e+00       4.042313989281e-13       9.593957020830e-14       1.903527911249e-15 
  294       6.009876413760e-10       1.079240362767e-12       1.609852469581e-11       0.000000000000e+00       3.998716047984e-13       9.475102200486e-14       1.919541159777e-15 
  295       5.964134663039e-10       1.102540645544e-12       1.618316060846e-11       0.000000000000e+00       3.955675441559e-13       9.357153123688e-14       1.935146556529e-15 
  296       5.918204412432e-10       1.126034579761e-12       1.626291377877e-11       0.000000000000e+00       3.913165358372e-13       9.240010784505e-14       1.950336811556e-15 
  297       5.872102282320e-10       1.149715730752e-12       1.633772318354e-11       0.000000000000e+00       3.871162849192e-13       9.123592929866e-14       1.965106107572e-15 
  298       5.825840975244e-10       1.173578080165e-12       1.640755521562e-11       0.000000000000e+00       3.829664220370e-13       9.007896322995e-14       1.979454595900e-15 
  299       5.779432292041e-10       1.197615591825e-12       1.647238421293e-11       0.000000000000e+00       3.788670367837e-13       8.892937445806e-14       1.993384120650e-15 
  300       5.732888155691e-10       1.221822063502e-12       1.653218586003e-11       0.000000000000e+00       3.748181795594e-13       8.778732365919e-14       2.006896768995e-15 
  301       5.686220611368e-10       1.246191125596e-12       1.658693720481e-11       0.000000000000e+00       3.708198610943e-13       8.665296729927e-14       2.019994873737e-15 
  302       5.639441826486e-10       1.270716239819e-12       1.663661667523e-11       0.000000000000e+00       3.668720519727e-13       8.552645756668e-14       2.032681015881e-15 
  303       5.592564090745e-10       1.295390697882e-12       1.668120409592e-11       0.000000000000e+00       3.629746821554e-13       8.440794230495e-14       2.044958027210e-15 
  304       5.545599816176e-10       1.320207620176e-12       1.672068070498e-11       0.000000000000e+00       3.591276405039e-13       8.329756494545e-14       2.056828992851e-15 
  305       5.498561537187e-10       1.345159954462e-12       1.675502917061e-11       0.000000000000e+00       3.553307743034e-13       8.219546444012e-14       2.068297253850e-15 
  306       5.451461910615e-10       1.370240474549e-12       1.678423360779e-11       0.000000000000e+00       3.515838887864e-13       8.110177519419e-14       2.079366409743e-15 
  307       5.404313715764e-10       1.395441778984e-12       1.680827959503e-11       0.000000000000e+00       3.478867466559e-13       8.001662699884e-14       2.090040321126e-15 
  308       5.357129854458e-10       1.420756289735e-12       1.682715419103e-11       0.000000000000e+00       3.442390676086e-13       7.894014496394e-14       2.100323112231e-15 
  309       5.309923351083e-10       1.446176250873e-12       1.684084595136e-11       0.000000000000e+00       3.406405278588e-13       7.787244945075e-14       2.110219173493e-15 
  310       5.262707352638e-10       1.471693727261e-12       1.684934494519e-11       0.000000000000e+00       3.370907596613e-13       7.681365600461e-14       2.119733164122e-15 
  311       5.215495128775e-10       1.497300603232e-12       1.685264277194e-11       0.000000000000e+00       3.335893508350e-13       7.576387528767e-14       2.128870014679e-15 
  312       5.168300071852e-10       1.522988581283e-12       1.685073257801e-11       0.000000000000e+00       3.301358442864e-13       7.472321301160e-14       2.137634929642e-15 
  313       5.121135696976e-10       1.548749180751e-12       1.684360907346e-11       0.000000000000e+00       3.267297375325e-13       7.369176987025e-14       2.146033389982e-15 
  314       5.074015642047e-10       1.574573736499e-12       1.683126854870e-11       0.000000000000e+00       3.233704822247e-13       7.266964147241e-14       2.154071155731e-15 
  315       5.026953667810e-10       1.600453397607e-12       1.681370889118e-11       0.000000000000e+00       3.200574836719e-13       7.165691827449e-14       2.161754268558e-15 
  316       4.979963657898e-10       1.626379126047e-12       1.679092960210e-11       0.000000000000e+00       3.167901003640e-13       7.065368551323e-14       2.169089054336e-15 
  317       4.933059618878e-10       1.652341695375e-12       1.676293181309e-11       0.000000000000e+00       3.135676434952e-13       6.966002313840e-14       2.176082125717e-15 
  318       4.886255680299e-10       1.678331689412e-12       1.672971830289e-11       0.000000000000e+00       3.103893764874e-13       6.867600574551e-14       2.182740384701e-15 
  319       4.839566094736e-10       1.704339500931e-12       1.669129351409e-11       0.000000000000e+00       3.072545145136e-13       6.770170250854e-14       2.189071025210e-15 
  320       4.793005237840e-10       1.730355330336e-12       1.664766356976e-11       0.000000000000e+00       3.041622240211e-13       6.673717711260e-14       2.195081535660e-15 
  321       4.746587608380e-10       1.756369184354e-12       1.659883629019e-11       0.000000000000e+00       3.011116222554e-13       6.578248768667e-14       2.200779701528e-15 
  322       4.700327828294e-10       1.782370874715e-12       1.654482120958e-11       0.000000000000e+00       2.981017767828e-13       6.483768673630e-14       2.206173607930e-15 
  323       4.654240642732e-10       1.808350016837e-12       1.648562959270e-11       0.000000000000e+00       2.951317050145e-13       6.390282107631e-14       2.211271642187e-15 
  324       4.608340920103e-10       1.834296028511e-12       1.642127445161e-11       0.000000000000e+00       2.922003737295e-13       6.297793176349e-14       2.216082496401e-15 
  325       4.562643652122e-10       1.860198128586e-12       1.635177056237e-11       0.000000000000e+00       2.893066985983e-13       6.206305402934e-14       2.220615170024e-15 
  326       4.517163953857e-10       1.886045335654e-12       1.627713448168e-11       0.000000000000e+00       2.864495437059e-13       6.115821721272e-14       2.224878972431e-15 
  327       4.471917063772e-10       1.911826466731e-12       1.619738456364e-11       0.000000000000e+00       2.836277210755e-13       6.026344469262e-14       2.228883525489e-15 
  328       4.426918343779e-10       1.937530135947e-12       1.611254097637e-11       0.000000000000e+00       2.808399901920e-13       5.937875382079e-14       2.232638766134e-15 
  329       4.382183279280e-10       1.963144753227e-12       1.602262571877e-11       0.000000000000e+00       2.780850575249e-13       5.850415585454e-14       2.236154948936e-15 
  330       4.337727479213e-10       1.988658522975e-12       1.592766263717e-11       0.000000000000e+00       2.753615760519e-13       5.763965588936e-14       2.239442648676e-15 
  331       4.293566676102e-10       2.014059442760e-12       1.582767744206e-11       0.000000000000e+00       2.726681447826e-13       5.678525279168e-14       2.242512762915e-15 
  332       4.249715531652e-10       2.039336148555e-12       1.572269857843e-11       0.000000000000e+00       2.700035698115e-13       5.594094263475e-14       2.245374408574e-15 
  333       4.206183995882e-10       2.064480493879e-12       1.561275984480e-11       0.000000000000e+00       2.673676610357e-13       5.510672930980e-14       2.248028505035e-15 
  334       4.162980789205e-10       2.089485080626e-12       1.549789792115e-11       0.000000000000e+00       2.647604692726e-13       5.428261424632e-14       2.250473916048e-15 
  335       4.120114581292e-10       2.114342422277e-12       1.537815154310e-11       0.000000000000e+00       2.621820276736e-13       5.346859288731e-14       2.252709530748e-15 
  336       4.077593989831e-10       2.139044943497e-12       1.525356151952e-11       0.000000000000e+00       2.596323515316e-13       5.266465462589e-14       2.254734263942e-15 
  337       4.035427579270e-10       2.163584979741e-12       1.512417075017e-11       0.000000000000e+00       2.571114380881e-13       5.187078274171e-14       2.256547056396e-15 
  338       3.993623859571e-10       2.187954776856e-12       1.499002424331e-11       0.000000000000e+00       2.546192663404e-13       5.108695433753e-14       2.258146875118e-15 
  339       3.952191284958e-10       2.212146490686e-12       1.485116913328e-11       0.000000000000e+00       2.521557968490e-13       5.031314027568e-14       2.259532713645e-15 
  340       3.911138252666e-10       2.236152186675e-12       1.470765469820e-11       0.000000000000e+00       2.497209715448e-13       4.954930511462e-14       2.260703592327e-15 
  341       3.870473101695e-10       2.259963839469e-12       1.455953237751e-11       0.000000000000e+00       2.473147135362e-13       4.879540704540e-14       2.261658558618e-15 
  342       3.830204111555e-10       2.283573332521e-12       1.440685578965e-11       0.000000000000e+00       2.449369269166e-13       4.805139782817e-14       2.262396687356e-15 
  343       3.790339501018e-10       2.306972457694e-12       1.424968074964e-11       0.000000000000e+00       2.425874965714e-13       4.731722272874e-14       2.262917081050e-15 
  344       3.750887426869e-10       2.330152914864e-12       1.408806528672e-11       0.000000000000e+00       2.402662879855e-13       4.659282045503e-14       2.263218870169e-15 
  345       3.711855982654e-10       2.353106311523e-12       1.392206966197e-11       0.000000000000e+00       2.379731470502e-13       4.587812309361e-14       2.263301213423e-15 
  346       3.673253197430e-10       2.375824162385e-12       1.375175638591e-11       0.000000000000e+00       2.357078998709e-13       4.517305604621e-14       2.263163298053e-15 
  347       3.635087034517e-10       2.398297888986e-12       1.357719023616e-11       0.000000000000e+00       2.334703525740e-13       4.447753796621e-14       2.262804340115e-15 
  348       3.597365390246e-10       2.420518819288e-12       1.339843827501e-11       0.000000000000e+00       2.312602911143e-13       4.379148069516e-14       2.262223584762e-15 
  349       3.560096092708e-10       2.442478187285e-12       1.321556986707e-11       0.000000000000e+00       2.290774810822e-13       4.311478919929e-14       2.261420306538e-15 
  350       3.523286900506e-10       2.464167132605e-12       1.302865669690e-11       0.000000000000e+00       2.269216675108e-13       4.244736150602e-14       2.260393809657e-15 
  351       3.486945501505e-10       2.485576700111e-12       1.283777278659e-11       0.000000000000e+00       2.247925746836e-13       4.178908864045e-14       2.259143428289e-15 
  352       3.451079511580e-10       2.506697839509e-12       1.264299451343e-11       0.000000000000e+00       2.226899059412e-13       4.113985456189e-14       2.257668526851e-15 
  353       3.415696473366e-10       2.527521404946e-12       1.244440062748e-11       0.000000000000e+00       2.206133434891e-13       4.049953610038e-14       2.255968500287e-15 
  354       3.380803855010e-10       2.548038154619e-12       1.224207226924e-11       0.000000000000e+00       2.185625482042e-13       3.986800289314e-14       2.254042774356e-15 
  355       3.346409048919e-10       2.568238750374e-12       1.203609298722e-11       0.000000000000e+00       2.165371594429e-13       3.924511732116e-14       2.251890805919e-15 
  356       3.312519370512e-10       2.588113757312e-12       1.182654875559e-11       0.000000000000e+00       2.145367948479e-13       3.863073444565e-14       2.249512083223e-15 
  357       3.279142056965e-10       2.607653643391e-12       1.161352799180e-11       0.000000000000e+00       2.125610501552e-13       3.802470194455e-14       2.246906126185e-15 
  358       3.246284265967e-10       2.626848779030e-12       1.139712157420e-11       0.000000000000e+00       2.106094990021e-13       3.742686004909e-14       2.244072486684e-15 
  359       3.213953074468e-10       2.645689436713e-12       1.117742285963e-11       0.000000000000e+00       2.086816927336e-13       3.683704148023e-14       2.241010748839e-15 
  360       3.182155477423e-10       2.664165790591e-12       1.095452770109e-11       0.000000000000e+00       2.067771602103e-13       3.625507138522e-14       2.237720529300e-15 
  361       3.150898386554e-10       2.682267916086e-12       1.072853446532e-11       0.000000000000e+00       2.048954076152e-13       3.568076727408e-14       2.234201477532e-15 
  362       3.120188629086e-10       2.699985789495e-12       1.049954405043e-11       0.000000000000e+00       2.030359182613e-13       3.511393895613e-14       2.230453276102e-15 
  363       3.090032946508e-10       2.717309287593e-12       1.026765990352e-11       0.000000000000e+00       2.011981523987e-13       3.455438847648e-14       2.226475640961e-15 
  364       3.060437993318e-10       2.734228187237e-12       1.003298803834e-11       0.000000000000e+00       1.993815470217e-13       3.400191005254e-14       2.222268321735e-15 
  365       3.031410335771e-10       2.750732164966e-12       9.795637052812e-12       0.000000000000e+00       1.975855156763e-13       3.345629001055e-14       2.217831102006e-15 
  366       3.002956450635e-10       2.766810796610e-12       9.555718146761e-12       0.000000000000e+00       1.958094482672e-13       3.291730672206e-14       2.213163799601e-15 
  367       2.975082723933e-10       2.782453556890e-12       9.313345139463e-12       0.000000000000e+00       1.940527108654e-13       3.238473054047e-14       2.208266266876e-15 
  368       2.947795449701e-10       2.797649819021e-12       9.068634487292e-12       0.000000000000e+00       1.923146455151e-13       3.185832373749e-14       2.203138391003e-15 
  369       2.921100828732e-10       2.812388854318e-12       8.821705301332e-12       0.000000000000e+00       1.905945700411e-13       3.133784043970e-14       2.197780094255e-15 
  370       2.895004967327e-10       2.826659831795e-12       8.572679365001e-12       0.000000000000e+00       1.888917778561e-13       3.082302656503e-14       2.192191334290e-15 
  371       2.869513229071e-10       2.840453118849e-12       8.321672561195e-12       0.000000000000e+00       1.872056666762e-13       3.031366840554e-14       2.186372652588e-15 
  372       2.844628264741e-10       2.853764240195e-12       8.068768748005e-12       0.000000000000e+00       1.855361306135e-13       2.980974060060e-14       2.180326842815e-15 
  373       2.820351902912e-10       2.866590072948e-12       7.814044896058e-12       0.000000000000e+00       1.838831830369e-13       2.931126382515e-14       2.174057348252e-15 
  374       2.796685788176e-10       2.878927560257e-12       7.557579596905e-12       0.000000000000e+00       1.822468289673e-13       2.881825664455e-14       2.167567720296e-15 
  375       2.773631379325e-10       2.890773712038e-12       7.299453073164e-12       0.000000000000e+00       1.806270649968e-13       2.833073549346e-14       2.160861619224e-15 
  376       2.751189947541e-10       2.902125605706e-12       7.039747188672e-12       0.000000000000e+00       1.790238792080e-13       2.784871465461e-14       2.153942814951e-15 
  377       2.729362574582e-10       2.912980386915e-12       6.778545458639e-12       0.000000000000e+00       1.774372510937e-13       2.737220623759e-14       2.146815187800e-15 
  378       2.708150150972e-10       2.923335270291e-12       6.515933059796e-12       0.000000000000e+00       1.758671514757e-13       2.690122015771e-14       2.139482729254e-15 
  379       2.687553374185e-10       2.933187540162e-12       6.251996840544e-12       0.000000000000e+00       1.743135424246e-13       2.643576411474e-14       2.131949542729e-15 
  380       2.667572746835e-10       2.942534551298e-12       5.986825331108e-12       0.000000000000e+00       1.727763771789e-13       2.597584357178e-14       2.124219844328e-15 
  381       2.648208574862e-10       2.951373729647e-12       5.720508753687e-12       0.000000000000e+00       1.712556000642e-13       2.552146173400e-14       2.116297963608e-15 
  382       2.629460965718e-10       2.959702573061e-12       5.453139032601e-12       0.000000000000e+00       1.697511464129e-13       2.507261952752e-14       2.108188344341e-15 
  383       2.611329826559e-10       2.967518652042e-12       5.184809804446e-12       0.000000000000e+00       1.682629424833e-13       2.462931557814e-14       2.099895545278e-15 
  384       2.593814862425e-10       2.974819610467e-12       4.915616428243e-12       0.000000000000e+00       1.667909053789e-13       2.419154619020e-14       2.091424240905e-15 
  385       2.576915574436e-10       2.981603166329e-12       4.645655995586e-12       0.000000000000e+00       1.653349429679e-13       2.375930532538e-14       2.082779222216e-15 
  386       2.560631257972e-10       2.987867112468e-12       4.375027340798e-12       0.000000000000e+00       1.638949538023e-13       2.333258458146e-14       2.073965397464e-15 
  387       2.544961000865e-10       2.993609317308e-12       4.103831051076e-12       0.000000000000e+00       1.624708270374e-13       2.291137317121e-14       2.064987792933e-15 
  388       2.529903681583e-10       2.998827725591e-12       3.832169476645e-12       0.000000000000e+00       1.610624423513e-13       2.249565790110e-14       2.055851553694e-15 
  389       2.515457967420e-10       3.003520359111e-12       3.560146740909e-12       0.000000000000e+00       1.596696698639e-13       2.208542315018e-14       2.046561944369e-15 
  390       2.501622312683e-10       3.007685317448e-12       3.287868750598e-12       0.000000000000e+00       1.582923700562e-13       2.168065084885e-14       2.037124349895e-15 
  391       2.488394956876e-10       3.011320778707e-12       3.015443205921e-12       0.000000000000e+00       1.569303936901e-13       2.128132045767e-14       2.027544276284e-15 
  392       2.475773922894e-10       3.014425000245e-12       2.742979610718e-12       0.000000000000e+00       1.555835817272e-13       2.088740894618e-14       2.017827351389e-15 
  393       2.463757015203e-10       3.016996319414e-12       2.470589282608e-12       0.000000000000e+00       1.542517652485e-13       2.049889077169e-14       2.007979325660e-15 
  394       2.452341818032e-10       3.019033154290e-12       2.198385363139e-12       0.000000000000e+00       1.529347653736e-13       2.011573785810e-14       1.998006072913e-15 
  395       2.441525693559e-10       3.020534004409e-12       1.926482827942e-12       0.000000000000e+00       1.516323931800e-13       1.973791957469e-14       1.987913591088e-15 
  396       2.431305780099e-10       3.021497451504e-12       1.654998496880e-12       0.000000000000e+00       1.503444496224e-13       1.936540271494e-14       1.977708003014e-15 
  397       2.421678990288e-10       3.021922160237e-12       1.384051044197e-12       0.000000000000e+00       1.490707254522e-13       1.899815147532e-14       1.967395557170e-15 
  398       2.412642009277e-10       3.021806878934e-12       1.113761008670e-12       0.000000000000e+00       1.478110011369e-13       1.863612743413e-14       1.956982628446e-15 
  399       2.404191292912e-10       3.021150440320e-12       8.442508037589e-13       0.000000000000e+00       1.465650467788e-13       1.827928953026e-14       1.946475718909e-15 
  400       2.396323065928e-10       3.019951762255e-12       5.756447277588e-13       0.000000000000e+00       1.453326220353e-13       1.792759404203e-14       1.935881458562e-15 
  401       2.389033320130e-10       3.018209848466e-12       3.080689739484e-13       0.000000000000e+00       1.441134760374e-13       1.758099456598e-14       1.925206606107e-15 
  402       2.382317812585e-10       3.015923789286e-12       4.165164074188e-14       0.000000000000e+00       1.429073473095e-13       1.723944199567e-14       1.914458049710e-15 
  403       2.376172063808e-10       3.013092762383e-12      -2.234772581611e-13       0.000000000000e+00       1.417139636887e-13       1.690288450052e-14       1.903642807760e-15 
  404       2.370591355948e-10       3.009716033499e-12      -4.871857836247e-13       0.000000000000e+00       1.405330422438e-13       1.657126750458e-14       1.892768029632e-15 
  405       2.365570730979e-10       3.005792957182e-12      -7.493400609260e-13       0.000000000000e+00       1.393642891951e-13       1.624453366534e-14       1.881840996450e-15 
  406       2.361104988880e-10       3.001322977524e-12      -1.009804269605e-12       0.000000000000e+00       1.382073998334e-13       1.592262285257e-14       1.870869121851e-15 
  407       2.357188685833e-10       2.996305628892e-12      -1.268440633313e-12       0.000000000000e+00       1.370620584394e-13       1.560547212707e-14       1.859859952744e-15 
  408       2.353816132400e-10       2.990740536664e-12      -1.525109409664e-12       0.000000000000e+00       1.359279382030e-13       1.529301571952e-14       1.848821170075e-15 
  409       2.350981391717e-10       2.984627417967e-12      -1.779668880082e-12       0.000000000000e+00       1.348047011430e-13       1.498518500927e-14       1.837760589586e-15 
  410       2.348678277680e-10       2.977966082403e-12      -2.031975339652e-12       0.000000000000e+00       1.336919980259e-13       1.468190850317e-14       1.826686162583e-15 
  411       2.346900748730e-10       2.970757202485e-12      -2.281897696182e-12       0.000000000000e+00       1.325895299706e-13       1.438312293007e-14       1.815604381211e-15 
  412       2.345644108258e-10       2.963004653393e-12      -2.529361856430e-12       0.000000000000e+00       1.314972358249e-13       1.408880699969e-14       1.804515430663e-15 
  413       2.344903843052e-10       2.954713257330e-12      -2.774307888238e-12       0.000000000000e+00       1.304151112508e-13       1.379894879494e-14       1.793417867182e-15 
  414       2.344675230006e-10       2.945888022569e-12      -3.016675553187e-12       0.000000000000e+00       1.293431476013e-13       1.351353475067e-14       1.782310197706e-15 
  415       2.344953334582e-10       2.936534144741e-12      -3.256404306797e-12       0.000000000000e+00       1.282813318826e-13       1.323254964030e-14       1.771190879496e-15 
  416       2.345733009281e-10       2.926657008107e-12      -3.493433298733e-12       0.000000000000e+00       1.272296467180e-13       1.295597656258e-14       1.760058319771e-15 
  417       2.347008892112e-10       2.916262186845e-12      -3.727701373005e-12       0.000000000000e+00       1.261880703102e-13       1.268379692819e-14       1.748910875340e-15 
  418       2.348775405055e-10       2.905355446326e-12      -3.959147068170e-12       0.000000000000e+00       1.251565764047e-13       1.241599044650e-14       1.737746852230e-15 
  419       2.351026752531e-10       2.893942744396e-12      -4.187708617536e-12       0.000000000000e+00       1.241351342529e-13       1.215253511219e-14       1.726564505321e-15 
  420       2.353756919873e-10       2.882030232654e-12      -4.413323949365e-12       0.000000000000e+00       1.231237085751e-13       1.189340719198e-14       1.715362037976e-15 
  421       2.356959671787e-10       2.869624257736e-12      -4.635930687071e-12       0.000000000000e+00       1.221222595235e-13       1.163858121129e-14       1.704137601672e-15 
  422       2.360628550826e-10       2.856731362590e-12      -4.855466149431e-12       0.000000000000e+00       1.211307426451e-13       1.138802994092e-14       1.692889295637e-15 
  423       2.364756875855e-10       2.843358287761e-12      -5.071867350778e-12       0.000000000000e+00       1.201491088450e-13       1.114172438375e-14       1.681615166472e-15 
  424       2.369337740516e-10       2.829511972668e-12      -5.285071001211e-12       0.000000000000e+00       1.191773043495e-13       1.089963376141e-14       1.670313207793e-15 
  425       2.374364011702e-10       2.815199556886e-12      -5.495013506792e-12       0.000000000000e+00       1.182152706688e-13       1.066172550097e-14       1.658981359856e-15 
  426       2.379828328020e-10       2.800428381425e-12      -5.701630969753e-12       0.000000000000e+00       1.172629445603e-13       1.042796522163e-14       1.647617509189e-15 
  427       2.385723098258e-10       2.785205990009e-12      -5.904859188696e-12       0.000000000000e+00       1.163202579916e-13       1.019831672137e-14       1.636219488229e-15 
  428       2.392040499856e-10       2.769540130359e-12      -6.104633658793e-12       0.000000000000e+00       1.153871381036e-13       9.972741963682e-15       1.624785074947e-15 
  429       2.398772477373e-10       2.753438755471e-12      -6.300889571997e-12       0.000000000000e+00       1.144635071734e-13       9.751201064222e-15       1.613311992483e-15 
  430       2.405910740953e-10       2.736910024898e-12      -6.493561817234e-12       0.000000000000e+00       1.135492825776e-13       9.533652277500e-15       1.601797908779e-15 
  431       2.413446764793e-10       2.719962306027e-12      -6.682584980612e-12       0.000000000000e+00       1.126443767549e-13       9.320051983564e-15       1.590240436207e-15 
  432       2.421371785613e-10       2.702604175362e-12      -6.867893345622e-12       0.000000000000e+00       1.117486971697e-13       9.110354674684e-15       1.578637131204e-15 
  433       2.429676801121e-10       2.684844419804e-12      -7.049420893341e-12       0.000000000000e+00       1.108621462748e-13       8.904512942035e-15       1.566985493902e-15 
  434       2.438352568481e-10       2.666692037929e-12      -7.227101302633e-12       0.000000000000e+00       1.099846214745e-13       8.702477462379e-15       1.555282967759e-15 
  435       2.447389602783e-10       2.648156241270e-12      -7.400867950352e-12       0.000000000000e+00       1.091160150876e-13       8.504196984752e-15       1.543526939195e-15 
  436       2.456778175507e-10       2.629246455597e-12      -7.570653911546e-12       0.000000000000e+00       1.082562143107e-13       8.309618317143e-15       1.531714737215e-15 
  437       2.466508312996e-10       2.609972322195e-12      -7.736391959659e-12       0.000000000000e+00       1.074051011810e-13       8.118686313180e-15       1.519843633052e-15 
  438       2.476569794917e-10       2.590343699147e-12      -7.898014566729e-12       0.000000000000e+00       1.065625525393e-13       7.931343858813e-15       1.507910839788e-15 
  439       2.486952152734e-10       2.570370662613e-12      -8.055453903600e-12       0.000000000000e+00       1.057284399933e-13       7.747531858996e-15       1.495913511994e-15 
  440       2.497644668174e-10       2.550063508111e-12      -8.208641840113e-12       0.000000000000e+00       1.049026298806e-13       7.567189224372e-15       1.483848745355e-15 
  441       2.508636371694e-10       2.529432751795e-12      -8.357509945319e-12       0.000000000000e+00       1.040849832314e-13       7.390252857957e-15       1.471713576307e-15 
  442       2.519916040949e-10       2.508489131735e-12      -8.501989487675e-12       0.000000000000e+00       1.032753557320e-13       7.216657641820e-15       1.459504981666e-15 
  443       2.531472199261e-10       2.487243609202e-12      -8.642011435248e-12       0.000000000000e+00       1.024735976876e-13       7.046336423770e-15       1.447219878259e-15 
  444       2.543293114085e-10       2.465707369941e-12      -8.777506455917e-12       0.000000000000e+00       1.016795539854e-13       6.879220004037e-15       1.434855122559e-15 
  445       2.555366795476e-10       2.443891825457e-12      -8.908404917579e-12       0.000000000000e+00       1.008930640577e-13       6.715237121957e-15       1.422407510312e-15 
  446       2.567680994561e-10       2.421808614292e-12      -9.034636888347e-12       0.000000000000e+00       1.001139618449e-13       6.554314442653e-15       1.409873776174e-15 
  447       2.580223202002e-10       2.399469603306e-12      -9.156132136754e-12       0.000000000000e+00       9.934207575838e-14       6.396376543722e-15       1.397250593336e-15 
  448       2.592980646465e-10       2.376886888957e-12      -9.272820131956e-12       0.000000000000e+00       9.857722864393e-14       6.241345901914e-15       1.384534573164e-15 
  449       2.605940293088e-10       2.354072798582e-12      -9.384630043936e-12       0.000000000000e+00       9.781923774447e-14       6.089142879820e-15       1.371722264823e-15 
  450       2.619088841951e-10       2.331039891676e-12      -9.491490743702e-12       0.000000000000e+00       9.706791466324e-14       5.939685712551e-15       1.358810154914e-15 
  451       2.632413981728e-10       2.307800485421e-12      -9.593342989259e-12       0.000000000000e+00       9.632309755167e-14       5.792903263541e-15       1.345795756384e-15 
  452       2.645908198255e-10       2.284365211842e-12      -9.690176415415e-12       0.000000000000e+00       9.558474889030e-14       5.648773771585e-15       1.332680914657e-15 
  453       2.659565085687e-10       2.260744416670e-12      -9.781993736461e-12       0.000000000000e+00       9.485286078638e-14       5.507287326318e-15       1.319468607327e-15 
  454       2.673378101619e-10       2.236948631889e-12      -9.868798675501e-12       0.000000000000e+00       9.412742301590e-14       5.368433206169e-15       1.306161864780e-15 
  455       2.687340566282e-10       2.212988576736e-12      -9.950595971828e-12       0.000000000000e+00       9.340842300560e-14       5.232199872570e-15       1.292763770464e-15 
  456       2.701445661759e-10       2.188875158701e-12      -1.002739138830e-11       0.000000000000e+00       9.269584581500e-14       5.098574964146e-15       1.279277461166e-15 
  457       2.715686431186e-10       2.164619474526e-12      -1.009919171872e-11       0.000000000000e+00       9.198967411838e-14       4.967545290925e-15       1.265706127282e-15 
  458       2.730055777961e-10       2.140232811207e-12      -1.016600479520e-11       0.000000000000e+00       9.128988818686e-14       4.839096828529e-15       1.252053013089e-15 
  459       2.744546464949e-10       2.115726646992e-12      -1.022783949554e-11       0.000000000000e+00       9.059646587035e-14       4.713214712379e-15       1.238321417022e-15 
  460       2.759151113691e-10       2.091112652384e-12      -1.028470575062e-11       0.000000000000e+00       8.990938257961e-14       4.589883231897e-15       1.224514691941e-15 
  461       2.773862203606e-10       2.066402691136e-12      -1.033661455177e-11       0.000000000000e+00       8.922861126825e-14       4.469085824699e-15       1.210636245409e-15 
  462       2.788672071204e-10       2.041608821258e-12      -1.038357795812e-11       0.000000000000e+00       8.855412241476e-14       4.350805070803e-15       1.196689539964e-15 
  463       2.803572909287e-10       2.016743296010e-12      -1.042560910400e-11       0.000000000000e+00       8.788588400451e-14       4.235022686824e-15       1.182678093390e-15 
  464       2.818556766159e-10       1.991818564906e-12      -1.046272220632e-11       0.000000000000e+00       8.722386151178e-14       4.121719520173e-15       1.168605478991e-15 
  465       2.833615544831e-10       1.966847274716e-12      -1.049493257193e-11       0.000000000000e+00       8.656801788177e-14       4.010875543265e-15       1.154475325863e-15 
  466       2.848741002227e-10       1.941842270461e-12      -1.052225660500e-11       0.000000000000e+00       8.591831351262e-14       3.902469847708e-15       1.140291319169e-15 
  467       2.863924748392e-10       1.916816596416e-12      -1.054471181442e-11       0.000000000000e+00       8.527470623744e-14       3.796480638511e-15       1.126057200409e-15 
  468       2.879158245698e-10       1.891783497111e-12      -1.056231682113e-11       0.000000000000e+00       8.463715130630e-14       3.692885228283e-15       1.111776767696e-15 
  469       2.894432808051e-10       1.866756418327e-12      -1.057509136552e-11       0.000000000000e+00       8.400560136827e-14       3.591660031429e-15       1.097453876028e-15 
  470       2.909739600098e-10       1.841749008102e-12      -1.058305631481e-11       0.000000000000e+00       8.338000645341e-14       3.492780558354e-15       1.083092437557e-15 
  471       2.925069636431e-10       1.816775117725e-12      -1.058623367045e-11       0.000000000000e+00       8.276031395484e-14       3.396221409663e-15       1.068696421868e-15 
  472       2.940413780796e-10       1.791848802742e-12      -1.058464657542e-11       0.000000000000e+00       8.214646861069e-14       3.301956270358e-15       1.054269856250e-15 
  473       2.955762745299e-10       1.766984323951e-12      -1.057831932169e-11       0.000000000000e+00       8.153841248617e-14       3.209957904041e-15       1.039816825963e-15 
  474       2.971107089612e-10       1.742196148404e-12      -1.056727735754e-11       0.000000000000e+00       8.093608495556e-14       3.120198147113e-15       1.025341474523e-15 
  475       2.986437220182e-10       1.717498950407e-12      -1.055154729496e-11       0.000000000000e+00       8.033942268424e-14       3.032647902973e-15       1.010848003961e-15 
  476       3.001743389433e-10       1.692907612523e-12      -1.053115691702e-11       0.000000000000e+00       7.974835961069e-14       2.947277136220e-15       9.963406751065e-16 
  477       3.017015694978e-10       1.668437226567e-12      -1.050613518525e-11       0.000000000000e+00       7.916282692854e-14       2.864054866853e-15       9.818238078562e-16 
  478       3.032244078820e-10       1.644103094607e-12      -1.047651224701e-11       0.000000000000e+00       7.858275306853e-14       2.782949164468e-15       9.673017814464e-16 
  479       3.047418326564e-10       1.619920729969e-12      -1.044231944287e-11       0.000000000000e+00       7.800806368061e-14       2.703927142463e-15       9.527790347273e-16 
  480       3.062528066618e-10       1.595905858230e-12      -1.040358931398e-11       0.000000000000e+00       7.743868161586e-14       2.626954952232e-15       9.382600664351e-16 
  481       3.077562769405e-10       1.572074418225e-12      -1.036035560946e-11       0.000000000000e+00       7.687452690860e-14       2.551997777373e-15       9.237494354653e-16 
  482       3.092511746568e-10       1.548442563042e-12      -1.031265329374e-11       0.000000000000e+00       7.631551675834e-14       2.479019827878e-15       9.092517611454e-16 
  483       3.107364150171e-10       1.525026661022e-12      -1.026051855399e-11       0.000000000000e+00       7.576156551183e-14       2.407984334344e-15       8.947717235079e-16 
  484       3.122108971916e-10       1.501843296765e-12      -1.020398880745e-11       0.000000000000e+00       7.521258464506e-14       2.338853542163e-15       8.803140635632e-16 
  485       3.136735042340e-10       1.478909272122e-12      -1.014310270884e-11       0.000000000000e+00       7.466848274530e-14       2.271588705729e-15       8.658835835724e-16 
  486       3.151231030028e-10       1.456241607202e-12      -1.007790015770e-11       0.000000000000e+00       7.412916549309e-14       2.206150082635e-15       8.514851473203e-16 
  487       3.165585440813e-10       1.433857541366e-12      -1.000842230578e-11       0.000000000000e+00       7.359453564428e-14       2.142496927874e-15       8.371236803883e-16 
  488       3.179786616992e-10       1.411774534233e-12      -9.934711564454e-12       0.000000000000e+00       7.306449301202e-14       2.080587488040e-15       8.228041704270e-16 
  489       3.193822736522e-10       1.390010266675e-12      -9.856811612024e-12       0.000000000000e+00       7.253893444883e-14       2.020378995524e-15       8.085316674298e-16 
  490       3.207681812236e-10       1.368582641821e-12      -9.774767401155e-12       0.000000000000e+00       7.201775382853e-14       1.961827662720e-15       7.943112840049e-16 
  491       3.221353171458e-10       1.347508106558e-12      -9.688627545834e-12       0.000000000000e+00       7.150085952707e-14       1.904895061646e-15       7.801473781656e-16 
  492       3.234831944701e-10       1.326796559316e-12      -9.598451545128e-12       0.000000000000e+00       7.098822747085e-14       1.849567482512e-15       7.660410745135e-16 
  493       3.248114708380e-10       1.306456293401e-12      -9.504302787963e-12       0.000000000000e+00       7.047984962440e-14       1.795837137198e-15       7.519926701610e-16 
  494       3.261198016362e-10       1.286495663022e-12      -9.406246201391e-12       0.000000000000e+00       6.997571662453e-14       1.743695823064e-15       7.380024454417e-16 
  495       3.274078399910e-10       1.266923083454e-12      -9.304348259153e-12       0.000000000000e+00       6.947581777100e-14       1.693134920318e-15       7.240706637778e-16 
  496       3.286752367621e-10       1.247747031203e-12      -9.198676990236e-12       0.000000000000e+00       6.898014101727e-14       1.644145389391e-15       7.101975715462e-16 
  497       3.299216405373e-10       1.228976044176e-12      -9.089301987431e-12       0.000000000000e+00       6.848867296116e-14       1.596717768309e-15       6.963833979459e-16 
  498       3.311466976263e-10       1.210618721840e-12      -8.976294415889e-12       0.000000000000e+00       6.800139883559e-14       1.550842170064e-15       6.826283548645e-16 
  499       3.323500520550e-10       1.192683725393e-12      -8.859727021681e-12       0.000000000000e+00       6.751830249931e-14       1.506508279986e-15       6.689326367451e-16 
  500       3.335313455599e-10       1.175179777928e-12      -8.739674140354e-12       0.000000000000e+00       6.703936642756e-14       1.463705353113e-15       6.552964204532e-16 
  501       3.346902175819e-10       1.158115664601e-12      -8.616211705492e-12       0.000000000000e+00       6.656457170282e-14       1.422422211567e-15       6.417198651435e-16 
  502       3.358263052609e-10       1.141500232792e-12      -8.489417257270e-12       0.000000000000e+00       6.609389800549e-14       1.382647241926e-15       6.282031121263e-16 
  503       3.369392434298e-10       1.125342392276e-12      -8.359369951013e-12       0.000000000000e+00       6.562732360463e-14       1.344368392591e-15       6.147462847352e-16 
  504       3.380286646087e-10       1.109651115385e-12      -8.226150565757e-12       0.000000000000e+00       6.516482534863e-14       1.307573171162e-15       6.013494881931e-16 
  505       3.390941989990e-10       1.094435437176e-12      -8.089841512802e-12       0.000000000000e+00       6.470637865598e-14       1.272248641809e-15       5.880128094792e-16 
  506       3.401354744779e-10       1.079704455595e-12      -7.950526844273e-12       0.000000000000e+00       6.425195750590e-14       1.238381422646e-15       5.747363171962e-16 
  507       3.411521165923e-10       1.065467331646e-12      -7.808292261677e-12       0.000000000000e+00       6.380153442913e-14       1.205957683097e-15       5.615200614367e-16 
  508       3.421437485531e-10       1.051733289552e-12      -7.663225124460e-12       0.000000000000e+00       6.335508049857e-14       1.174963141277e-15       5.483640736502e-16 
  509       3.431099912295e-10       1.038511616925e-12      -7.515414458569e-12       0.000000000000e+00       6.291256532005e-14       1.145383061355e-15       5.352683665098e-16 
  510       3.440504631430e-10       1.025811664931e-12      -7.364950965002e-12       0.000000000000e+00       6.247395702298e-14       1.117202250933e-15       5.222329337792e-16 
  511       3.449647804618e-10       1.013642848452e-12      -7.211927028373e-12       0.000000000000e+00       6.203922225113e-14       1.090405058413e-15       5.092577501795e-16 
  512       3.458525569947e-10       1.002014646257e-12      -7.056436725468e-12       0.000000000000e+00       6.160832615326e-14       1.064975370372e-15       4.963427712556e-16 
  513       3.467134041857e-10       9.909366011665e-13      -6.898575833800e-12       0.000000000000e+00       6.118123237389e-14       1.040896608932e-15       4.834879332438e-16 
  514       3.475469311078e-10       9.804183202150e-13      -6.738441840172e-12       0.000000000000e+00       6.075790304398e-14       1.018151729136e-15       4.706931529377e-16 
  515       3.483527444576e-10       9.704694748205e-13      -6.576133949228e-12       0.000000000000e+00       6.033829877167e-14       9.967232163129e-16       4.579583275557e-16 
  516       3.491304485491e-10       9.610998009485e-13      -6.411753092018e-12       0.000000000000e+00       5.992237863294e-14       9.765930834571e-16       4.452833346078e-16 
  517       3.498796453082e-10       9.523190992784e-13      -6.245401934551e-12       0.000000000000e+00       5.951010016236e-14       9.577428685951e-16       4.326680317619e-16 
  518       3.505999342667e-10       9.441372353691e-13      -6.077184886355e-12       0.000000000000e+00       5.910141934378e-14       9.401536321601e-16       4.201122567111e-16 
  519       3.512909125565e-10       9.365641398249e-13      -5.907208109035e-12       0.000000000000e+00       5.869629060107e-14       9.238059543633e-16       4.076158270402e-16 
  520       3.519521749041e-10       9.296098084608e-13      -5.735579524829e-12       0.000000000000e+00       5.829466678879e-14       9.086799325657e-16       3.951785400928e-16 
  521       3.525833136243e-10       9.232843024693e-13      -5.562408825167e-12       0.000000000000e+00       5.789649918290e-14       8.947551786505e-16       3.828001728380e-16 
  522       3.531839186149e-10       9.175977485850e-13      -5.387807479230e-12       0.000000000000e+00       5.750173747151e-14       8.820108163948e-16       3.704804817372e-16 
  523       3.537535773504e-10       9.125603392512e-13      -5.211888742506e-12       0.000000000000e+00       5.711032974556e-14       8.704254788418e-16       3.582192026107e-16 
  524       3.542918748766e-10       9.081823327856e-13      -5.034767665348e-12       0.000000000000e+00       5.672222248952e-14       8.599773056726e-16       3.460160505051e-16 
  525       3.547983938048e-10       9.044740535457e-13      -4.856561101535e-12       0.000000000000e+00       5.633736057213e-14       8.506439405783e-16       3.338707195594e-16 
  526       3.552727143055e-10       9.014458920950e-13      -4.677387716824e-12       0.000000000000e+00       5.595568723710e-14       8.424025286321e-16       3.217828828724e-16 
  527       3.557144141033e-10       8.991083053684e-13      -4.497367997513e-12       0.000000000000e+00       5.557714409378e-14       8.352297136611e-16       3.097521923692e-16 
  528       3.561230684705e-10       8.974718168385e-13      -4.316624258997e-12       0.000000000000e+00       5.520167110794e-14       8.291016356183e-16       2.977782786680e-16 
  529       3.564982502216e-10       8.965470166808e-13      -4.135280654325e-12       0.000000000000e+00       5.482920659242e-14       8.239939279547e-16       2.858607509474e-16 
  530       3.568395297074e-10       8.963445619401e-13      -3.953463182761e-12       0.000000000000e+00       5.445968719787e-14       8.198817149915e-16       2.739991968123e-16 
  531       3.571465722120e-10       8.968732848711e-13      -3.771290718873e-12       0.000000000000e+00       5.409305798776e-14       8.167419435624e-16       2.621933768973e-16 
  532       3.574194330888e-10       8.981344606258e-13      -3.588847812135e-12       0.000000000000e+00       5.372930298584e-14       8.145604535350e-16       2.504438148083e-16 
  533       3.576582707026e-10       9.001273827752e-13      -3.406211158668e-12       0.000000000000e+00       5.336841544766e-14       8.133250959036e-16       2.387512230874e-16 
  534       3.578632497940e-10       9.028512402846e-13      -3.223458517992e-12       0.000000000000e+00       5.301038784695e-14       8.130234144161e-16       2.271163098901e-16 
  535       3.580345415146e-10       9.063051168763e-13      -3.040668717771e-12       0.000000000000e+00       5.265521187067e-14       8.136426439377e-16       2.155397789346e-16 
  536       3.581723234635e-10       9.104879903916e-13      -2.857921658559e-12       0.000000000000e+00       5.230287841399e-14       8.151697088143e-16       2.040223294511e-16 
  537       3.582767797218e-10       9.153987321530e-13      -2.675298318540e-12       0.000000000000e+00       5.195337757523e-14       8.175912212366e-16       1.925646561317e-16 
  538       3.583481008890e-10       9.210361063260e-13      -2.492880758275e-12       0.000000000000e+00       5.160669865094e-14       8.208934796028e-16       1.811674490799e-16 
  539       3.583864841181e-10       9.273987692818e-13      -2.310752125440e-12       0.000000000000e+00       5.126283013083e-14       8.250624668829e-16       1.698313937599e-16 
  540       3.583921331515e-10       9.344852689592e-13      -2.128996659575e-12       0.000000000000e+00       5.092175969277e-14       8.300838489821e-16       1.585571709463e-16 
  541       3.583652583561e-10       9.422940442268e-13      -1.947699696826e-12       0.000000000000e+00       5.058347419782e-14       8.359429731040e-16       1.473454566737e-16 
  542       3.583060767596e-10       9.508234242449e-13      -1.766947674687e-12       0.000000000000e+00       5.024795968519e-14       8.426248661148e-16       1.361969221860e-16 
  543       3.582148120853e-10       9.600716278284e-13      -1.586828136744e-12       0.000000000000e+00       4.991520136723e-14       8.501142329064e-16       1.251122338862e-16 
  544       3.580916947881e-10       9.700367628078e-13      -1.407429737418e-12       0.000000000000e+00       4.958518362445e-14       8.583954547600e-16       1.140920532859e-16 
  545       3.579369620901e-10       9.807168253926e-13      -1.228842246712e-12       0.000000000000e+00       4.925789000050e-14       8.674525877099e-16       1.031370369546e-16 
  546       3.577508580160e-10       9.921096995325e-13      -1.051156554948e-12       0.000000000000e+00       4.893330319715e-14       8.772693609069e-16       9.224783646966e-17 
  547       3.575336334287e-10       1.004213156280e-12      -8.744646775173e-13       0.000000000000e+00       4.861140506931e-14       8.878291749820e-16       8.142509836532e-17 
  548       3.572855460649e-10       1.017024853153e-12      -6.988597596186e-13       0.000000000000e+00       4.829217661999e-14       8.991151004097e-16       7.066946408266e-17 
  549       3.570068605709e-10       1.030542333496e-12      -5.244360810047e-13       0.000000000000e+00       4.797559799533e-14       9.111098758721e-16       5.998156991898e-17 
  550       3.566978485375e-10       1.044763025842e-12      -3.512890607248e-13       0.000000000000e+00       4.766164847956e-14       9.237959066218e-16       4.936204697733e-17 
  551       3.563587885366e-10       1.059684243276e-12      -1.795152618680e-13       0.000000000000e+00       4.735030649003e-14       9.371552628460e-16       3.881152111607e-17 
  552       3.559899661557e-10       1.075303182798e-12      -9.212396306748e-15       0.000000000000e+00       4.704154957215e-14       9.511696780299e-16       2.833061289840e-17 
  553       3.555916740343e-10       1.091616924682e-12       1.595206705594e-13       0.000000000000e+00       4.673535439444e-14       9.658205473200e-16       1.791993754192e-17 
  554       3.551642118989e-10       1.108622431839e-12       3.265839150607e-13       0.000000000000e+00       4.643169674349e-14       9.810889258882e-16       7.580104868147e-18 
  555       3.547078865991e-10       1.126316549182e-12       4.918761505134e-13       0.000000000000e+00       4.613055151896e-14       9.969555272950e-16      -2.688280747949e-18 
  556       3.542230121426e-10       1.144696002986e-12       6.552950224765e-13       0.000000000000e+00       4.583189272859e-14       1.013400721853e-15      -1.288462042838e-17 
  557       3.537099097313e-10       1.163757400248e-12       8.167370040083e-13       0.000000000000e+00       4.553569348315e-14       1.030404534991e-15      -2.300832084263e-17 
  558       3.531689077965e-10       1.183497228055e-12       9.760973909228e-13       0.000000000000e+00       4.524192599148e-14       1.047946645617e-15      -3.305879425809e-17 
  559       3.526003420346e-10       1.203911852941e-12       1.133270297046e-12       0.000000000000e+00       4.495056155546e-14       1.066006384482e-15      -4.303545859055e-17 
  560       3.520045554428e-10       1.224997520249e-12       1.288148649474e-12       0.000000000000e+00       4.466157056501e-14       1.084562732543e-15      -5.293773745461e-17 
  561       3.513818983543e-10       1.246750353498e-12       1.440624183826e-12       0.000000000000e+00       4.437492249308e-14       1.103594319329e-15      -6.276506021422e-17 
  562       3.507327284745e-10       1.269166353740e-12       1.590587439505e-12       0.000000000000e+00       4.409058589065e-14       1.123079421300e-15      -7.251686203306e-17 
  563       3.500574109159e-10       1.292241398925e-12       1.737927754952e-12       0.000000000000e+00       4.380852838170e-14       1.142995960215e-15      -8.219258392504e-17 
  564       3.493563182340e-10       1.315971243264e-12       1.882533262903e-12       0.000000000000e+00       4.352871665824e-14       1.163321501493e-15      -9.179167280477e-17 
  565       3.486298304630e-10       1.340351516586e-12       2.024290885645e-12       0.000000000000e+00       4.325111647527e-14       1.184033252579e-15      -1.013135815380e-16 
  566       3.478783351510e-10       1.365377723708e-12       2.163086330274e-12       0.000000000000e+00       4.297569264581e-14       1.205108061304e-15      -1.107577689921e-16 
  567       3.471022273961e-10       1.391045243790e-12       2.298804083949e-12       0.000000000000e+00       4.270240903584e-14       1.226522414252e-15      -1.201237000864e-16 
  568       3.463019098813e-10       1.417349329700e-12       2.431327409152e-12       0.000000000000e+00       4.243122855934e-14       1.248252435121e-15      -1.294108458430e-16 
  569       3.454777929106e-10       1.444285107379e-12       2.560538338941e-12       0.000000000000e+00       4.216211317327e-14       1.270273883088e-15      -1.386186834368e-16 
  570       3.446302944445e-10       1.471847575197e-12       2.686317672210e-12       0.000000000000e+00       4.189502387256e-14       1.292562151173e-15      -1.477466962462e-16 
  571       3.437598483259e-10       1.500030790518e-12       2.808559695252e-12       0.000000000000e+00       4.162992667036e-14       1.315096217671e-15      -1.567944068129e-16 
  572       3.428669291177e-10       1.528825407874e-12       2.927216768597e-12       0.000000000000e+00       4.136681071647e-14       1.337870614497e-15      -1.657614765430e-16 
  573       3.419520279686e-10       1.558221076746e-12       3.042255867901e-12       0.000000000000e+00       4.110567063114e-14       1.360883760836e-15      -1.746476086481e-16 
  574       3.410156445193e-10       1.588207247751e-12       3.153643961193e-12       0.000000000000e+00       4.084650055876e-14       1.384134037511e-15      -1.834525155284e-16 
  575       3.400582869400e-10       1.618773171705e-12       3.261348009543e-12       0.000000000000e+00       4.058929416506e-14       1.407619786799e-15      -1.921759188356e-16 
  576       3.390804719698e-10       1.649907898690e-12       3.365334967729e-12       0.000000000000e+00       4.033404463434e-14       1.431339312243e-15      -2.008175495350e-16 
  577       3.380827249551e-10       1.681600277112e-12       3.465571784904e-12       0.000000000000e+00       4.008074466662e-14       1.455290878475e-15      -2.093771479683e-16 
  578       3.370655798876e-10       1.713838952769e-12       3.562025405262e-12       0.000000000000e+00       3.982938647485e-14       1.479472711023e-15      -2.178544639162e-16 
  579       3.360295794439e-10       1.746612367912e-12       3.654662768709e-12       0.000000000000e+00       3.957996178212e-14       1.503882996137e-15      -2.262492566608e-16 
  580       3.349752750231e-10       1.779908760310e-12       3.743450811525e-12       0.000000000000e+00       3.933246181882e-14       1.528519880595e-15      -2.345612950480e-16 
  581       3.339032267859e-10       1.813716162313e-12       3.828356467033e-12       0.000000000000e+00       3.908687731984e-14       1.553381471527e-15      -2.427903575505e-16 
  582       3.328140036934e-10       1.848022399915e-12       3.909346666269e-12       0.000000000000e+00       3.884319852179e-14       1.578465836227e-15      -2.509362323300e-16 
  583       3.317081835450e-10       1.882815091818e-12       3.986388338643e-12       0.000000000000e+00       3.860141516017e-14       1.603771001968e-15      -2.589987173001e-16 
  584       3.305863530176e-10       1.918081648497e-12       4.059448412613e-12       0.000000000000e+00       3.836151646653e-14       1.629294955823e-15      -2.669776201882e-16 
  585       3.294491077036e-10       1.953809271260e-12       4.128493816348e-12       0.000000000000e+00       3.812349116574e-14       1.655035644474e-15      -2.748727585987e-16 
  586       3.282970521503e-10       1.989984951315e-12       4.193491478395e-12       0.000000000000e+00       3.788732747312e-14       1.680990974034e-15      -2.826839600755e-16 
  587       3.271307998977e-10       2.026595468831e-12       4.254408328348e-12       0.000000000000e+00       3.765301309164e-14       1.707158809860e-15      -2.904110621640e-16 
  588       3.259509735173e-10       2.063627392005e-12       4.311211297513e-12       0.000000000000e+00       3.742053520914e-14       1.733536976369e-15      -2.980539124742e-16 
  589       3.247582046511e-10       2.101067076121e-12       4.363867319578e-12       0.000000000000e+00       3.718988049549e-14       1.760123256854e-15      -3.056123687431e-16 
  590       3.235531340496e-10       2.138900662615e-12       4.412343331277e-12       0.000000000000e+00       3.696103509983e-14       1.786915393302e-15      -3.130862988973e-16 
  591       3.223364116106e-10       2.177114078142e-12       4.456606273060e-12       0.000000000000e+00       3.673398464768e-14       1.813911086206e-15      -3.204755811153e-16 
  592       3.211086964179e-10       2.215693033636e-12       4.496623089755e-12       0.000000000000e+00       3.650871423823e-14       1.841107994387e-15      -3.277801038903e-16 
  593       3.198706567798e-10       2.254623023372e-12       4.532360731243e-12       0.000000000000e+00       3.628520844145e-14       1.868503734803e-15      -3.349997660927e-16 
  594       3.186229702677e-10       2.293889324034e-12       4.563786153119e-12       0.000000000000e+00       3.606345129533e-14       1.896095882370e-15      -3.421344770327e-16 
  595       3.173663237547e-10       2.333476993777e-12       4.590866317360e-12       0.000000000000e+00       3.584342630308e-14       1.923881969775e-15      -3.491841565227e-16 
  596       3.161014134538e-10       2.373370871288e-12       4.613568192994e-12       0.000000000000e+00       3.562511643026e-14       1.951859487294e-15      -3.561487349400e-16 
  597       3.148289449573e-10       2.413555574853e-12       4.631858756767e-12       0.000000000000e+00       3.540850410204e-14       1.980025882607e-15      -3.630281532892e-16 
  598       3.135496332745e-10       2.454015501418e-12       4.645704993807e-12       0.000000000000e+00       3.519357120037e-14       2.008378560614e-15      -3.698223632650e-16 
  599       3.122642028710e-10       2.494734825653e-12       4.655073898295e-12       0.000000000000e+00       3.498029906116e-14       2.036914883252e-15      -3.765313273144e-16 
  600       3.109733877068e-10       2.535697499017e-12       4.659932474130e-12       0.000000000000e+00       3.476866847147e-14       2.065632169309e-15      -3.831550186997e-16 
  601       3.096779312749e-10       2.576887248821e-12       4.660247735597e-12       0.000000000000e+00       3.455865966673e-14       2.094527694240e-15      -3.896934215606e-16 
  602       3.083785866404e-10       2.618287577290e-12       4.655986708031e-12       0.000000000000e+00       3.435025232792e-14       2.123598689988e-15      -3.961465309770e-16 
  603       3.070761164784e-10       2.659881760628e-12       4.647116428492e-12       0.000000000000e+00       3.414342557873e-14       2.152842344791e-15      -4.025143530316e-16 
  604       3.057712931130e-10       2.701652848081e-12       4.633603946421e-12       0.000000000000e+00       3.393815798281e-14       2.182255803005e-15      -4.087969048722e-16 
  605       3.044648985557e-10       2.743583661002e-12       4.615416324317e-12       0.000000000000e+00       3.373442754091e-14       2.211836164920e-15      -4.149942147745e-16 
  606       3.031577245443e-10       2.785656791910e-12       4.592520638399e-12       0.000000000000e+00       3.353221168811e-14       2.241580486569e-15      -4.211063222047e-16 
  607       3.018505725810e-10       2.827854603561e-12       4.564883979273e-12       0.000000000000e+00       3.333148729098e-14       2.271485779554e-15      -4.271332778818e-16 
  608       3.005442539711e-10       2.870159228003e-12       4.532473452602e-12       0.000000000000e+00       3.313223064482e-14       2.301549010854e-15      -4.330751438400e-16 
  609       2.992395898621e-10       2.912552565647e-12       4.495256179771e-12       0.000000000000e+00       3.293441747079e-14       2.331767102643e-15      -4.389319934921e-16 
  610       2.979374112816e-10       2.955016284326e-12       4.453199298552e-12       0.000000000000e+00       3.273802291315e-14       2.362136932108e-15      -4.447039116909e-16 
  611       2.966384911478e-10       2.997532761005e-12       4.406281208151e-12       0.000000000000e+00       3.254302520918e-14       2.392654411940e-15      -4.503909403170e-16 
  612       2.953433384412e-10       3.040087933471e-12       4.354525597438e-12       0.000000000000e+00       3.234941680081e-14       2.423311708104e-15      -4.559929134871e-16 
  613       2.940523992013e-10       3.082668514788e-12       4.297968229414e-12       0.000000000000e+00       3.215719348240e-14       2.454099955364e-15      -4.615096185397e-16 
  614       2.927661241273e-10       3.125261056176e-12       4.236645774545e-12       0.000000000000e+00       3.196635075036e-14       2.485010170126e-15      -4.669408501999e-16 
  615       2.914849685953e-10       3.167851946374e-12       4.170595815036e-12       0.000000000000e+00       3.177688380148e-14       2.516033249956e-15      -4.722864106247e-16 
  616       2.902093926745e-10       3.210427411011e-12       4.099856849110e-12       0.000000000000e+00       3.158878753133e-14       2.547159973105e-15      -4.775461094478e-16 
  617       2.889398611442e-10       3.252973511968e-12       4.024468295281e-12       0.000000000000e+00       3.140205653264e-14       2.578380998024e-15      -4.827197638249e-16 
  618       2.876768435107e-10       3.295476146744e-12       3.944470496627e-12       0.000000000000e+00       3.121668509365e-14       2.609686862891e-15      -4.878071984788e-16 
  619       2.864208140238e-10       3.337921047823e-12       3.859904725074e-12       0.000000000000e+00       3.103266719648e-14       2.641067985130e-15      -4.928082457442e-16 
  620       2.851722516936e-10       3.380293782044e-12       3.770813185663e-12       0.000000000000e+00       3.084999651552e-14       2.672514660928e-15      -4.977227456130e-16 
  621       2.839316403075e-10       3.422579749958e-12       3.677239020828e-12       0.000000000000e+00       3.066866641579e-14       2.704017064763e-15      -5.025505457793e-16 
  622       2.826994684466e-10       3.464764185202e-12       3.579226314676e-12       0.000000000000e+00       3.048866995129e-14       2.735565248917e-15      -5.072915016844e-16 
  623       2.814762295026e-10       3.506832153862e-12       3.476820097255e-12       0.000000000000e+00       3.030999986343e-14       2.767149143006e-15      -5.119454765621e-16 
  624       2.802624216945e-10       3.548768553841e-12       3.370066348836e-12       0.000000000000e+00       3.013264857934e-14       2.798758553491e-15      -5.165123414835e-16 
  625       2.790585480857e-10       3.590558114220e-12       3.259012004186e-12       0.000000000000e+00       2.995660821025e-14       2.830383163209e-15      -5.209919754022e-16 
  626       2.778651166000e-10       3.632185394629e-12       3.143704956844e-12       0.000000000000e+00       2.978187054991e-14       2.862012530884e-15      -5.253842651994e-16 
  627       2.766826400393e-10       3.673634784612e-12       3.024194063395e-12       0.000000000000e+00       2.960842707290e-14       2.893636090657e-15      -5.296891057288e-16 
  628       2.755116360995e-10       3.714890502993e-12       2.900529147748e-12       0.000000000000e+00       2.943626893302e-14       2.925243151600e-15      -5.339063998620e-16 
  629       2.743526273876e-10       3.755936597240e-12       2.772761005410e-12       0.000000000000e+00       2.926538696170e-14       2.956822897242e-15      -5.380360585331e-16 
  630       2.732061414388e-10       3.796756942833e-12       2.640941407763e-12       0.000000000000e+00       2.909577166631e-14       2.988364385085e-15      -5.420780007842e-16 
  631       2.720727107325e-10       3.837335242629e-12       2.505123106338e-12       0.000000000000e+00       2.892741322857e-14       3.019856546130e-15      -5.460321538104e-16 
  632       2.709528727098e-10       3.877655026231e-12       2.365359837090e-12       0.000000000000e+00       2.876030150291e-14       3.051288184395e-15      -5.498984530046e-16 
  633       2.698471697896e-10       3.917699649350e-12       2.221706324678e-12       0.000000000000e+00       2.859442601484e-14       3.082647976435e-15      -5.536768420028e-16 
  634       2.687561493859e-10       3.957452293171e-12       2.074218286735e-12       0.000000000000e+00       2.842977595933e-14       3.113924470866e-15      -5.573672727291e-16 
  635       2.676803639241e-10       3.996895963725e-12       1.922952438146e-12       0.000000000000e+00       2.826634019915e-14       3.145106087885e-15      -5.609697054408e-16 
  636       2.666203708583e-10       4.036013491247e-12       1.767966495325e-12       0.000000000000e+00       2.810410726330e-14       3.176181118788e-15      -5.644841087735e-16 
  637       2.655767326873e-10       4.074787529548e-12       1.609319180489e-12       0.000000000000e+00       2.794306534531e-14       3.207137725495e-15      -5.679104597860e-16 
  638       2.645500169720e-10       4.113200555377e-12       1.447070225931e-12       0.000000000000e+00       2.778320230167e-14       3.237963940068e-15      -5.712487440058e-16 
  639       2.635407963519e-10       4.151234867791e-12       1.281280378303e-12       0.000000000000e+00       2.762450565017e-14       3.268647664235e-15      -5.744989554734e-16 
  640       2.625496485618e-10       4.188872587518e-12       1.112011402882e-12       0.000000000000e+00       2.746696256827e-14       3.299176668907e-15      -5.776610967882e-16 
  641       2.615771564486e-10       4.226095656324e-12       9.393260878556e-13       0.000000000000e+00       2.731055989149e-14       3.329538593703e-15      -5.807351791532e-16 
  642       2.606239079882e-10       4.262885836378e-12       7.632882485881e-13       0.000000000000e+00       2.715528411177e-14       3.359720946466e-15      -5.837212224198e-16 
  643       2.596904963020e-10       4.299224709621e-12       5.839627319026e-13       0.000000000000e+00       2.700112137583e-14       3.389711102790e-15      -5.866192551334e-16 
  644       2.587775196736e-10       4.335093677128e-12       4.014154203543e-13       0.000000000000e+00       2.684805748356e-14       3.419496305537e-15      -5.894293145781e-16 
  645       2.578855815662e-10       4.370473958479e-12       2.157132365058e-13       0.000000000000e+00       2.669607788638e-14       3.449063664357e-15      -5.921514468220e-16 
  646       2.570152906383e-10       4.405346591119e-12       2.692414720355e-14       0.000000000000e+00       2.654516768561e-14       3.478400155213e-15      -5.947857067621e-16 
  647       2.561672607614e-10       4.439692429729e-12      -1.648828321473e-13       0.000000000000e+00       2.639531163086e-14       3.507492619898e-15      -5.973321581694e-16 
  648       2.553421110362e-10       4.473492145590e-12      -3.596376333068e-13       0.000000000000e+00       2.624649411836e-14       3.536327765559e-15      -5.997908737340e-16 
  649       2.545404658096e-10       4.506726225949e-12      -5.572691309251e-13       0.000000000000e+00       2.609869918939e-14       3.564892164215e-15      -6.021619351101e-16 
  650       2.537629546913e-10       4.539374973386e-12      -7.577051382663e-13       0.000000000000e+00       2.595191052858e-14       3.593172252280e-15      -6.044454329614e-16 
  651       2.530101218975e-10       4.571420711984e-12      -9.608715082156e-13       0.000000000000e+00       2.580611380496e-14       3.621156866970e-15      -6.066414928646e-16 
  652       2.522821520195e-10       4.602854461351e-12      -1.166689422861e-12       0.000000000000e+00       2.566130375568e-14       3.648844918827e-15      -6.087503535672e-16 
  653       2.515791381488e-10       4.633669410767e-12      -1.375078034773e-12       0.000000000000e+00       2.551747725764e-14       3.676237890024e-15      -6.107722905711e-16 
  654       2.509011719851e-10       4.663858725895e-12      -1.585955351712e-12       0.000000000000e+00       2.537463099827e-14       3.703337313265e-15      -6.127075904847e-16 
  655       2.502483438276e-10       4.693415548773e-12      -1.799238232095e-12       0.000000000000e+00       2.523276147455e-14       3.730144772029e-15      -6.145565510751e-16 
  656       2.496207425663e-10       4.722332997800e-12      -2.014842380472e-12       0.000000000000e+00       2.509186499206e-14       3.756661900804e-15      -6.163194813206e-16 
  657       2.490184556728e-10       4.750604167731e-12      -2.232682342994e-12       0.000000000000e+00       2.495193766399e-14       3.782890385326e-15      -6.179967014632e-16 
  658       2.484415691917e-10       4.778222129662e-12      -2.452671502886e-12       0.000000000000e+00       2.481297541021e-14       3.808831962817e-15      -6.195885430604e-16 
  659       2.478901677314e-10       4.805179931026e-12      -2.674722075918e-12       0.000000000000e+00       2.467497395626e-14       3.834488422225e-15      -6.210953490386e-16 
  660       2.473643344556e-10       4.831470595577e-12      -2.898745105877e-12       0.000000000000e+00       2.453792883242e-14       3.859861604458e-15      -6.225174737443e-16 
  661       2.468641510740e-10       4.857087123381e-12      -3.124650460038e-12       0.000000000000e+00       2.440183537273e-14       3.884953402629e-15      -6.238552829976e-16 
  662       2.463896978338e-10       4.882022490810e-12      -3.352346824635e-12       0.000000000000e+00       2.426668871400e-14       3.909765762286e-15      -6.251091541437e-16 
  663       2.459410535105e-10       4.906269650527e-12      -3.581741700334e-12       0.000000000000e+00       2.413248379489e-14       3.934300681657e-15      -6.262794761057e-16 
  664       2.455182953994e-10       4.929821531480e-12      -3.812741397703e-12       0.000000000000e+00       2.399921535491e-14       3.958560211884e-15      -6.273666494371e-16 
  665       2.451214993061e-10       4.952671038889e-12      -4.045251032682e-12       0.000000000000e+00       2.386687793344e-14       3.982546457262e-15      -6.283710863738e-16 
  666       2.447507395384e-10       4.974811054237e-12      -4.279174522060e-12       0.000000000000e+00       2.373546586881e-14       4.006261575481e-15      -6.292932108868e-16 
  667       2.444060888967e-10       4.996234435260e-12      -4.514414578940e-12       0.000000000000e+00       2.360497329730e-14       4.029707777856e-15      -6.301334587343e-16 
  668       2.440876186654e-10       5.016934015936e-12      -4.750872708216e-12       0.000000000000e+00       2.347539415219e-14       4.052887329574e-15      -6.308922775144e-16 
  669       2.437953986044e-10       5.036902606479e-12      -4.988449202038e-12       0.000000000000e+00       2.334672216275e-14       4.075802549925e-15      -6.315701267173e-16 
  670       2.435294969395e-10       5.056132993321e-12      -5.227043135291e-12       0.000000000000e+00       2.321895085335e-14       4.098455812547e-15      -6.321674777777e-16 
  671       2.432899803539e-10       5.074617939110e-12      -5.466552361060e-12       0.000000000000e+00       2.309207354242e-14       4.120849545658e-15      -6.326848141270e-16 
  672       2.430769139795e-10       5.092350182697e-12      -5.706873506107e-12       0.000000000000e+00       2.296608334153e-14       4.142986232297e-15      -6.331226312461e-16 
  673       2.428903613876e-10       5.109322439123e-12      -5.947901966336e-12       0.000000000000e+00       2.284097315440e-14       4.164868410561e-15      -6.334814367176e-16 
  674       2.427303845803e-10       5.125527399613e-12      -6.189531902272e-12       0.000000000000e+00       2.271673567595e-14       4.186498673846e-15      -6.337617502778e-16 
  675       2.425970439814e-10       5.140957731565e-12      -6.431656234525e-12       0.000000000000e+00       2.259336339130e-14       4.207879671083e-15      -6.339641038697e-16 
  676       2.424903984278e-10       5.155606078538e-12      -6.674166639269e-12       0.000000000000e+00       2.247084857484e-14       4.229014106973e-15      -6.340890416950e-16 
  677       2.424105051605e-10       5.169465060244e-12      -6.916953543705e-12       0.000000000000e+00       2.234918328927e-14       4.249904742233e-15      -6.341371202665e-16 
  678       2.423574198155e-10       5.182527272538e-12      -7.159906121540e-12       0.000000000000e+00       2.222835938457e-14       4.270554393827e-15      -6.341089084607e-16 
  679       2.423311964152e-10       5.194785287406e-12      -7.402912288456e-12       0.000000000000e+00       2.210836849712e-14       4.290965935207e-15      -6.340049875699e-16 
  680       2.423318873594e-10       5.206231652957e-12      -7.645858697578e-12       0.000000000000e+00       2.198920204866e-14       4.311142296552e-15      -6.338259513547e-16 
  681       2.423595434164e-10       5.216858893412e-12      -7.888630734951e-12       0.000000000000e+00       2.187085124537e-14       4.331086465003e-15      -6.335724060965e-16 
  682       2.424142137141e-10       5.226659509093e-12      -8.131112515007e-12       0.000000000000e+00       2.175330707687e-14       4.350801484906e-15      -6.332449706498e-16 
  683       2.424959457313e-10       5.235625976415e-12      -8.373186876040e-12       0.000000000000e+00       2.163656031529e-14       4.370290458045e-15      -6.328442764944e-16 
  684       2.426047852885e-10       5.243750747875e-12      -8.614735375674e-12       0.000000000000e+00       2.152060151425e-14       4.389556543885e-15      -6.323709677881e-16 
  685       2.427407765393e-10       5.251026252041e-12      -8.855638286338e-12       0.000000000000e+00       2.140542100796e-14       4.408602959805e-15      -6.318257014187e-16 
  686       2.429039619613e-10       5.257444893544e-12      -9.095774590735e-12       0.000000000000e+00       2.129100891021e-14       4.427432981342e-15      -6.312091470569e-16 
  687       2.430943823475e-10       5.262999053066e-12      -9.335021977314e-12       0.000000000000e+00       2.117735511339e-14       4.446049942423e-15      -6.305219872081e-16 
  688       2.433120767970e-10       5.267681087330e-12      -9.573256835741e-12       0.000000000000e+00       2.106444928758e-14       4.464457235608e-15      -6.297649172653e-16 
  689       2.435570827065e-10       5.271483329092e-12      -9.810354252372e-12       0.000000000000e+00       2.095228087952e-14       4.482658312326e-15      -6.289386455610e-16 
  690       2.438294357612e-10       5.274398087129e-12      -1.004618800572e-11       0.000000000000e+00       2.084083911168e-14       4.500656683114e-15      -6.280438934201e-16 
  691       2.441291150315e-10       5.276419733788e-12      -1.028064029392e-11       0.000000000000e+00       2.073011447041e-14       4.518454533363e-15      -6.270813610051e-16 
  692       2.444558770092e-10       5.277551015996e-12      -1.051363115142e-11       0.000000000000e+00       2.062010320677e-14       4.536048538029e-15      -6.260516239569e-16 
  693       2.448094180521e-10       5.277796877394e-12      -1.074508964402e-11       0.000000000000e+00       2.051080292873e-14       4.553433959085e-15      -6.249552346771e-16 
  694       2.451894289382e-10       5.277162383348e-12      -1.097494419101e-11       0.000000000000e+00       2.040221112009e-14       4.570606021901e-15      -6.237927563806e-16 
  695       2.455955948435e-10       5.275652721464e-12      -1.120312256310e-11       0.000000000000e+00       2.029432513988e-14       4.587559915144e-15      -6.225647631399e-16 
  696       2.460275953192e-10       5.273273202103e-12      -1.142955188031e-11       0.000000000000e+00       2.018714222176e-14       4.604290790659e-15      -6.212718399281e-16 
  697       2.464851042690e-10       5.270029258893e-12      -1.165415860988e-11       0.000000000000e+00       2.008065947341e-14       4.620793763365e-15      -6.199145826636e-16 
  698       2.469677899265e-10       5.265926449243e-12      -1.187686856423e-11       0.000000000000e+00       1.997487387599e-14       4.637063911145e-15      -6.184935982533e-16 
  699       2.474753148324e-10       5.260970454858e-12      -1.209760689880e-11       0.000000000000e+00       1.986978228349e-14       4.653096274738e-15      -6.170095046364e-16 
  700       2.480073358123e-10       5.255167082251e-12      -1.231629811004e-11       0.000000000000e+00       1.976538142216e-14       4.668885857624e-15      -6.154629308288e-16 
  701       2.485635039532e-10       5.248522263259e-12      -1.253286603328e-11       0.000000000000e+00       1.966166788992e-14       4.684427625922e-15      -6.138545169660e-16 
  702       2.491434645816e-10       5.241042055555e-12      -1.274723384065e-11       0.000000000000e+00       1.955863815578e-14       4.699716508276e-15      -6.121849143475e-16 
  703       2.497468572407e-10       5.232732643163e-12      -1.295932403898e-11       0.000000000000e+00       1.945628855920e-14       4.714747395749e-15      -6.104547854807e-16 
  704       2.503733156673e-10       5.223600336973e-12      -1.316905846777e-11       0.000000000000e+00       1.935461530957e-14       4.729515141710e-15      -6.086648041240e-16 
  705       2.510224677697e-10       5.213651575249e-12      -1.337635829703e-11       0.000000000000e+00       1.925361448553e-14       4.744014561728e-15      -6.068156553315e-16 
  706       2.516939356047e-10       5.202892924151e-12      -1.358114402524e-11       0.000000000000e+00       1.915328203445e-14       4.758240433459e-15      -6.049080354960e-16 
  707       2.523873353550e-10       5.191331078244e-12      -1.378333547724e-11       0.000000000000e+00       1.905361377180e-14       4.772187496542e-15      -6.029426523933e-16 
  708       2.531022773065e-10       5.178972861011e-12      -1.398285180218e-11       0.000000000000e+00       1.895460538056e-14       4.785850452485e-15      -6.009202252258e-16 
  709       2.538383658260e-10       5.165825225369e-12      -1.417961147139e-11       0.000000000000e+00       1.885625241065e-14       4.799223964559e-15      -5.988414846664e-16 
  710       2.545951993379e-10       5.151895254185e-12      -1.437353227631e-11       0.000000000000e+00       1.875855027830e-14       4.812302657684e-15      -5.967071729020e-16 
  711       2.553723703021e-10       5.137190160784e-12      -1.456453132643e-11       0.000000000000e+00       1.866149426549e-14       4.825081118327e-15      -5.945180436778e-16 
  712       2.561694651910e-10       5.121717289468e-12      -1.475252504715e-11       0.000000000000e+00       1.856507951934e-14       4.837553894386e-15      -5.922748623407e-16 
  713       2.569860644671e-10       5.105484116026e-12      -1.493742917775e-11       0.000000000000e+00       1.846930105152e-14       4.849715495084e-15      -5.899784058832e-16 
  714       2.578217425601e-10       5.088498248250e-12      -1.511915876926e-11       0.000000000000e+00       1.837415373765e-14       4.861560390860e-15      -5.876294629872e-16 
  715       2.586760678444e-10       5.070767426451e-12      -1.529762818239e-11       0.000000000000e+00       1.827963231672e-14       4.873083013257e-15      -5.852288340680e-16 
  716       2.595486026163e-10       5.052299523968e-12      -1.547275108547e-11       0.000000000000e+00       1.818573139050e-14       4.884277754815e-15      -5.827773313176e-16 
  717       2.604389030716e-10       5.033102547683e-12      -1.564444045232e-11       0.000000000000e+00       1.809244542292e-14       4.895138968963e-15      -5.802757787490e-16 
  718       2.613465192826e-10       5.013184638539e-12      -1.581260856018e-11       0.000000000000e+00       1.799976873952e-14       4.905660969905e-15      -5.777250122399e-16 
  719       2.622709951757e-10       4.992554072048e-12      -1.597716698764e-11       0.000000000000e+00       1.790769552679e-14       4.915838032516e-15      -5.751258795761e-16 
  720       2.632118685085e-10       4.971219258810e-12      -1.613802661252e-11       0.000000000000e+00       1.781621983167e-14       4.925664392230e-15      -5.724792404959e-16 
  721       2.641686708475e-10       4.949188745022e-12      -1.629509760983e-11       0.000000000000e+00       1.772533556088e-14       4.935134244929e-15      -5.697859667333e-16 
  722       2.651409275450e-10       4.926471212997e-12      -1.644828944964e-11       0.000000000000e+00       1.763503648034e-14       4.944241746839e-15      -5.670469420624e-16 
  723       2.661281577169e-10       4.903075481672e-12      -1.659751089502e-11       0.000000000000e+00       1.754531621461e-14       4.952981014416e-15      -5.642630623406e-16 
  724       2.671298742195e-10       4.879010507127e-12      -1.674266999994e-11       0.000000000000e+00       1.745616824628e-14       4.961346124236e-15      -5.614352355529e-16 
  725       2.681455836274e-10       4.854285383097e-12      -1.688367410720e-11       0.000000000000e+00       1.736758591535e-14       4.969331112892e-15      -5.585643818553e-16 
  726       2.691747862105e-10       4.828909341483e-12      -1.702042984631e-11       0.000000000000e+00       1.727956241869e-14       4.976929976877e-15      -5.556514336189e-16 
  727       2.702169759113e-10       4.802891752871e-12      -1.715284313145e-11       0.000000000000e+00       1.719209080939e-14       4.984136672482e-15      -5.526973354736e-16 
  728       2.712716403226e-10       4.776242127043e-12      -1.728081915936e-11       0.000000000000e+00       1.710516399621e-14       4.990945115679e-15      -5.497030443517e-16 
  729       2.723382606645e-10       4.748970113489e-12      -1.740426240724e-11       0.000000000000e+00       1.701877474297e-14       4.997349182019e-15      -5.466695295321e-16 
  730       2.734163117616e-10       4.721085501924e-12      -1.752307663068e-11       0.000000000000e+00       1.693291566795e-14       5.003342706519e-15      -5.435977726836e-16 
  731       2.745052729873e-10       4.692598820233e-12      -1.763717881535e-11       0.000000000000e+00       1.684758024117e-14       5.008921230117e-15      -5.404886443353e-16 
  732       2.756046613797e-10       4.663523140354e-12      -1.774654134168e-11       0.000000000000e+00       1.676276579910e-14       5.014087277492e-15      -5.373425304939e-16 
  733       2.767139991415e-10       4.633872309441e-12      -1.785115065727e-11       0.000000000000e+00       1.667847058891e-14       5.018845184334e-15      -5.341596986632e-16 
  734       2.778328027127e-10       4.603660356345e-12      -1.795099340044e-11       0.000000000000e+00       1.659469277572e-14       5.023199360593e-15      -5.309404207593e-16 
  735       2.789605827510e-10       4.572901492262e-12      -1.804605640120e-11       0.000000000000e+00       1.651143044220e-14       5.027154290767e-15      -5.276849731265e-16 
  736       2.800968441111e-10       4.541610111378e-12      -1.813632668234e-11       0.000000000000e+00       1.642868158819e-14       5.030714534182e-15      -5.243936365539e-16 
  737       2.812410858250e-10       4.509800791520e-12      -1.822179146044e-11       0.000000000000e+00       1.634644413040e-14       5.033884725274e-15      -5.210666962907e-16 
  738       2.823928010812e-10       4.477488294801e-12      -1.830243814696e-11       0.000000000000e+00       1.626471590196e-14       5.036669573871e-15      -5.177044420630e-16 
  739       2.835514772050e-10       4.444687568270e-12      -1.837825434922e-11       0.000000000000e+00       1.618349465208e-14       5.039073865477e-15      -5.143071680893e-16 
  740       2.847165956383e-10       4.411413744560e-12      -1.844922787150e-11       0.000000000000e+00       1.610277804571e-14       5.041102461555e-15      -5.108751730972e-16 
  741       2.858876319188e-10       4.377682142532e-12      -1.851534671604e-11       0.000000000000e+00       1.602256366313e-14       5.042760299807e-15      -5.074087603388e-16 
  742       2.870640556606e-10       4.343508267928e-12      -1.857659908412e-11       0.000000000000e+00       1.594284899960e-14       5.044052394456e-15      -5.039082376075e-16 
  743       2.882453305334e-10       4.308907814015e-12      -1.863297337706e-11       0.000000000000e+00       1.586363146499e-14       5.044983836533e-15      -5.003739172534e-16 
  744       2.894309142426e-10       4.273896662235e-12      -1.868445819731e-11       0.000000000000e+00       1.578490838341e-14       5.045559794154e-15      -4.968061161999e-16 
  745       2.906202585090e-10       4.238490882852e-12      -1.873104234948e-11       0.000000000000e+00       1.570667699282e-14       5.045785512805e-15      -4.932051559594e-16 
  746       2.918128090486e-10       4.202706735600e-12      -1.877271484133e-11       0.000000000000e+00       1.562893444472e-14       5.045666315626e-15      -4.895713626499e-16 
  747       2.930080055525e-10       4.166560670329e-12      -1.880946488491e-11       0.000000000000e+00       1.555167780369e-14       5.045207603688e-15      -4.859050670104e-16 
  748       2.942052816666e-10       4.130069327656e-12      -1.884128189751e-11       0.000000000000e+00       1.547490404710e-14       5.044414856283e-15      -4.822066044174e-16 
  749       2.954040649712e-10       4.093249539611e-12      -1.886815550277e-11       0.000000000000e+00       1.539861006472e-14       5.043293631198e-15      -4.784763149013e-16 
  750       2.966037769613e-10       4.056118330285e-12      -1.889007553168e-11       0.000000000000e+00       1.532279265832e-14       5.041849565006e-15      -4.747145431615e-16 
  751       2.978038330259e-10       4.018692916477e-12      -1.890703202364e-11       0.000000000000e+00       1.524744854134e-14       5.040088373341e-15      -4.709216385836e-16 
  752       2.990036424281e-10       3.980990708344e-12      -1.891901522750e-11       0.000000000000e+00       1.517257433849e-14       5.038015851184e-15      -4.670979552546e-16 
  753       3.002026082848e-10       3.943029310046e-12      -1.892601560263e-11       0.000000000000e+00       1.509816658541e-14       5.035637873147e-15      -4.632438519798e-16 
  754       3.014001275466e-10       3.904826520395e-12      -1.892802381991e-11       0.000000000000e+00       1.502422172827e-14       5.032960393751e-15      -4.593596922979e-16 
  755       3.025955909773e-10       3.866400333506e-12      -1.892503076282e-11       0.000000000000e+00       1.495073612342e-14       5.029989447712e-15      -4.554458444981e-16 
  756       3.037883831341e-10       3.827768939439e-12      -1.891702752844e-11       0.000000000000e+00       1.487770603702e-14       5.026731150221e-15      -4.515026816354e-16 
  757       3.049778823470e-10       3.788950724851e-12      -1.890400542854e-11       0.000000000000e+00       1.480512764468e-14       5.023191697228e-15      -4.475305815472e-16 
  758       3.061634606989e-10       3.749964273640e-12      -1.888595599059e-11       0.000000000000e+00       1.473299703105e-14       5.019377365724e-15      -4.435299268691e-16 
  759       3.073444840055e-10       3.710828367599e-12      -1.886287095883e-11       0.000000000000e+00       1.466131018950e-14       5.015294514024e-15      -4.395011050509e-16 
  760       3.085203117946e-10       3.671561987058e-12      -1.883474229527e-11       0.000000000000e+00       1.459006302173e-14       5.010949582048e-15      -4.354445083731e-16 
  761       3.096902972863e-10       3.632184311534e-12      -1.880156218078e-11       0.000000000000e+00       1.451925133738e-14       5.006349091604e-15      -4.313605339626e-16 
  762       3.108537873727e-10       3.592714720378e-12      -1.876332301611e-11       0.000000000000e+00       1.444887085370e-14       5.001499646671e-15      -4.272495838090e-16 
  763       3.120101225978e-10       3.553172793426e-12      -1.872001742292e-11       0.000000000000e+00       1.437891719517e-14       4.996407933680e-15      -4.231120647805e-16 
  764       3.131586371370e-10       3.513578311641e-12      -1.867163824486e-11       0.000000000000e+00       1.430938589309e-14       4.991080721798e-15      -4.189483886400e-16 
  765       3.142986587772e-10       3.473951257767e-12      -1.861817854858e-11       0.000000000000e+00       1.424027238527e-14       4.985524863210e-15      -4.147589720616e-16 
  766       3.154295088966e-10       3.434311816972e-12      -1.855963162478e-11       0.000000000000e+00       1.417157201563e-14       4.979747293401e-15      -4.105442366460e-16 
  767       3.165505024442e-10       3.394680377498e-12      -1.849599098928e-11       0.000000000000e+00       1.410328003383e-14       4.973755031437e-15      -4.063046089371e-16 
  768       3.176609479198e-10       3.355077531309e-12      -1.842725038402e-11       0.000000000000e+00       1.403539159490e-14       4.967555180252e-15      -4.020405204378e-16 
  769       3.187601473540e-10       3.315524074739e-12      -1.835340377812e-11       0.000000000000e+00       1.396790175889e-14       4.961154926925e-15      -3.977524076265e-16 
  770       3.198473962875e-10       3.276041009137e-12      -1.827444536895e-11       0.000000000000e+00       1.390080549047e-14       4.954561542965e-15      -3.934407119724e-16 
  771       3.209220475053e-10       3.236648226098e-12      -1.819037904155e-11       0.000000000000e+00       1.383409831855e-14       4.947780986605e-15      -3.891059262810e-16 
  772       3.219837036006e-10       3.197360534546e-12      -1.810124694132e-11       0.000000000000e+00       1.376777832946e-14       4.940813680109e-15      -3.847487346562e-16 
  773       3.230320280144e-10       3.158191559758e-12      -1.800710144404e-11       0.000000000000e+00       1.370184421075e-14       4.933658653121e-15      -3.803698752179e-16 
  774       3.240666816045e-10       3.119155052352e-12      -1.790799574945e-11       0.000000000000e+00       1.363629459439e-14       4.926314933418e-15      -3.759700940392e-16 
  775       3.250873226378e-10       3.080264888671e-12      -1.780398388413e-11       0.000000000000e+00       1.357112805657e-14       4.918781546904e-15      -3.715501451714e-16 
  776       3.260936067835e-10       3.041535071170e-12      -1.769512070450e-11       0.000000000000e+00       1.350634311740e-14       4.911057517616e-15      -3.671107906697e-16 
  777       3.270851871051e-10       3.002979728791e-12      -1.758146189974e-11       0.000000000000e+00       1.344193824075e-14       4.903141867726e-15      -3.626528006185e-16 
  778       3.280617140538e-10       2.964613117353e-12      -1.746306399476e-11       0.000000000000e+00       1.337791183397e-14       4.895033617535e-15      -3.581769531568e-16 
  779       3.290228354603e-10       2.926449619928e-12      -1.733998435312e-11       0.000000000000e+00       1.331426224765e-14       4.886731785478e-15      -3.536840345038e-16 
  780       3.299681965283e-10       2.888503747229e-12      -1.721228118003e-11       0.000000000000e+00       1.325098777541e-14       4.878235388125e-15      -3.491748389842e-16 
  781       3.308974398266e-10       2.850790137989e-12      -1.708001352525e-11       0.000000000000e+00       1.318808665364e-14       4.869543440179e-15      -3.446501690534e-16 
  782       3.318102052817e-10       2.813323559346e-12      -1.694324128605e-11       0.000000000000e+00       1.312555706127e-14       4.860654954480e-15      -3.401108353235e-16 
  783       3.327061301711e-10       2.776118907225e-12      -1.680202521021e-11       0.000000000000e+00       1.306339711954e-14       4.851568942001e-15      -3.355576565880e-16 
  784       3.335848491151e-10       2.739191206718e-12      -1.665642689888e-11       0.000000000000e+00       1.300160489177e-14       4.842284411851e-15      -3.309914598480e-16 
  785       3.344459940701e-10       2.702555612472e-12      -1.650650880962e-11       0.000000000000e+00       1.294017838311e-14       4.832800371279e-15      -3.264130803369e-16 
  786       3.352891943209e-10       2.666227409065e-12      -1.635233425929e-11       0.000000000000e+00       1.287911554029e-14       4.823115825666e-15      -3.218233615463e-16 
  787       3.361140764735e-10       2.630222011394e-12      -1.619396742703e-11       0.000000000000e+00       1.281841425143e-14       4.813229778535e-15      -3.172231552513e-16 
  788       3.369202644477e-10       2.594554965055e-12      -1.603147335717e-11       0.000000000000e+00       1.275807234576e-14       4.803141231545e-15      -3.126133215357e-16 
  789       3.377073794699e-10       2.559241946728e-12      -1.586491796226e-11       0.000000000000e+00       1.269808759339e-14       4.792849184494e-15      -3.079947288179e-16 
  790       3.384750400654e-10       2.524298764554e-12      -1.569436802594e-11       0.000000000000e+00       1.263845770510e-14       4.782352635320e-15      -3.033682538758e-16 
  791       3.392228620514e-10       2.489741358526e-12      -1.551989120590e-11       0.000000000000e+00       1.257918033209e-14       4.771650580100e-15      -2.987347818727e-16 
  792       3.399504585296e-10       2.455585800863e-12      -1.534155603690e-11       0.000000000000e+00       1.252025306572e-14       4.760742013052e-15      -2.940952063823e-16 
  793       3.406574398787e-10       2.421848296399e-12      -1.515943193362e-11       0.000000000000e+00       1.246167343731e-14       4.749625926535e-15      -2.894504294144e-16 
  794       3.413434137471e-10       2.388545182963e-12      -1.497358919369e-11       0.000000000000e+00       1.240343891789e-14       4.738301311050e-15      -2.848013614402e-16 
  795       3.420079850455e-10       2.355692931761e-12      -1.478409900060e-11       0.000000000000e+00       1.234554691794e-14       4.726767155239e-15      -2.801489214178e-16 
  796       3.426507559400e-10       2.323308147761e-12      -1.459103342667e-11       0.000000000000e+00       1.228799478721e-14       4.715022445887e-15      -2.754940368177e-16 
  797       3.432713258439e-10       2.291407570071e-12      -1.439446543595e-11       0.000000000000e+00       1.223077981443e-14       4.703066167922e-15      -2.708376436479e-16 
  798       3.438692914113e-10       2.260008072328e-12      -1.419446888727e-11       0.000000000000e+00       1.217389922708e-14       4.690897304417e-15      -2.661806864796e-16 
  799       3.444442465288e-10       2.229126663076e-12      -1.399111853707e-11       0.000000000000e+00       1.211735019120e-14       4.678514836587e-15      -2.615241184727e-16 
  800       3.449957823092e-10       2.198780486149e-12      -1.378449004246e-11       0.000000000000e+00       1.206112981108e-14       4.665917743795e-15      -2.568689014010e-16 
  801       3.455234870832e-10       2.168986821057e-12      -1.357465996408e-11       0.000000000000e+00       1.200523512911e-14       4.653105003546e-15      -2.522160056777e-16 
  802       3.460269463926e-10       2.139763083362e-12      -1.336170576910e-11       0.000000000000e+00       1.194966312546e-14       4.640075591494e-15      -2.475664103808e-16 
  803       3.465057429826e-10       2.111126825068e-12      -1.314570583418e-11       0.000000000000e+00       1.189441071791e-14       4.626828481437e-15      -2.429211032786e-16 
  804       3.469594567951e-10       2.083095735000e-12      -1.292673944836e-11       0.000000000000e+00       1.183947476155e-14       4.613362645322e-15      -2.382810808550e-16 
  805       3.473876649604e-10       2.055687639186e-12      -1.270488681609e-11       0.000000000000e+00       1.178485204863e-14       4.599677053242e-15      -2.336473483353e-16 
  806       3.477899417907e-10       2.028920501240e-12      -1.248022906011e-11       0.000000000000e+00       1.173053930823e-14       4.585770673440e-15      -2.290209197110e-16 
  807       3.481658587722e-10       2.002812422746e-12      -1.225284822443e-11       0.000000000000e+00       1.167653320609e-14       4.571642472306e-15      -2.244028177657e-16 
  808       3.485149845582e-10       1.977381643640e-12      -1.202282727731e-11       0.000000000000e+00       1.162283034434e-14       4.557291414380e-15      -2.197940741004e-16 
  809       3.488368849613e-10       1.952646542592e-12      -1.179025011413e-11       0.000000000000e+00       1.156942726129e-14       4.542716462353e-15      -2.151957291588e-16 
  810       3.491311229463e-10       1.928625637388e-12      -1.155520156042e-11       0.000000000000e+00       1.151632043114e-14       4.527916577064e-15      -2.106088322529e-16 
  811       3.493973329304e-10       1.905335164553e-12      -1.131776673337e-11       0.000000000000e+00       1.146350671511e-14       4.512891304993e-15      -2.060342661638e-16 
  812       3.496354451644e-10       1.882781769687e-12      -1.107802910791e-11       0.000000000000e+00       1.141098472381e-14       4.497642552322e-15      -2.014722174321e-16 
  813       3.498454653742e-10       1.860969686357e-12      -1.083607242167e-11       0.000000000000e+00       1.135875347886e-14       4.482172842794e-15      -1.969226965864e-16 
  814       3.500274008255e-10       1.839903144886e-12      -1.059198131608e-11       0.000000000000e+00       1.130681196371e-14       4.466484733224e-15      -1.923857126977e-16 
  815       3.501812603298e-10       1.819586372291e-12      -1.034584133919e-11       0.000000000000e+00       1.125515912345e-14       4.450580813613e-15      -1.878612733732e-16 
  816       3.503070542508e-10       1.800023592227e-12      -1.009773894852e-11       0.000000000000e+00       1.120379386467e-14       4.434463707246e-15      -1.833493847491e-16 
  817       3.504047945105e-10       1.781219024928e-12      -9.847761513864e-12       0.000000000000e+00       1.115271505531e-14       4.418136070809e-15      -1.788500514846e-16 
  818       3.504744945952e-10       1.763176887146e-12      -9.595997320160e-12       0.000000000000e+00       1.110192152449e-14       4.401600594489e-15      -1.743632767553e-16 
  819       3.505161695622e-10       1.745901392097e-12      -9.342535570291e-12       0.000000000000e+00       1.105141206239e-14       4.384860002085e-15      -1.698890622464e-16 
  820       3.505298360453e-10       1.729396749398e-12      -9.087466387933e-12       0.000000000000e+00       1.100118542004e-14       4.367917051118e-15      -1.654274081462e-16 
  821       3.505155122617e-10       1.713667165012e-12      -8.830880820387e-12       0.000000000000e+00       1.095124030924e-14       4.350774532933e-15      -1.609783131400e-16 
  822       3.504732180177e-10       1.698716841187e-12      -8.572870841409e-12       0.000000000000e+00       1.090157540233e-14       4.333435272812e-15      -1.565417744028e-16 
  823       3.504029747149e-10       1.684549976398e-12      -8.313529354046e-12       0.000000000000e+00       1.085218933209e-14       4.315902130077e-15      -1.521177875936e-16 
  824       3.503048053567e-10       1.671170765291e-12      -8.052950193469e-12       0.000000000000e+00       1.080308069157e-14       4.298177998202e-15      -1.477063468481e-16 
  825       3.501787345544e-10       1.658583398620e-12      -7.791228129802e-12       0.000000000000e+00       1.075424803391e-14       4.280265804916e-15      -1.433074447726e-16 
  826       3.500247885332e-10       1.646792063193e-12      -7.528458870961e-12       0.000000000000e+00       1.070568987225e-14       4.262168512316e-15      -1.389210724374e-16 
  827       3.498429951386e-10       1.635800941810e-12      -7.264739065483e-12       0.000000000000e+00       1.065740467949e-14       4.243889116969e-15      -1.345472193702e-16 
  828       3.496333838424e-10       1.625614213206e-12      -7.000166305359e-12       0.000000000000e+00       1.060939088822e-14       4.225430650023e-15      -1.301858735495e-16 
  829       3.493959857490e-10       1.616236051993e-12      -6.734839128870e-12       0.000000000000e+00       1.056164689050e-14       4.206796177315e-15      -1.258370213982e-16 
  830       3.491308336018e-10       1.607670628601e-12      -6.468857023417e-12       0.000000000000e+00       1.051417103775e-14       4.187988799476e-15      -1.215006477769e-16 
  831       3.488379617890e-10       1.599922109218e-12      -6.202320428356e-12       0.000000000000e+00       1.046696164058e-14       4.169011652042e-15      -1.171767359775e-16 
  832       3.485174063500e-10       1.592994655734e-12      -5.935330737831e-12       0.000000000000e+00       1.042001696862e-14       4.149867905557e-15      -1.128652677165e-16 
  833       3.481692049817e-10       1.586892425680e-12      -5.667990303605e-12       0.000000000000e+00       1.037333525040e-14       4.130560765685e-15      -1.085662231286e-16 
  834       3.477933970443e-10       1.581619572174e-12      -5.400402437895e-12       0.000000000000e+00       1.032691467315e-14       4.111093473316e-15      -1.042795807603e-16 
  835       3.473900235681e-10       1.577180243855e-12      -5.132671416205e-12       0.000000000000e+00       1.028075338272e-14       4.091469304674e-15      -1.000053175629e-16 
  836       3.469591272591e-10       1.573578584832e-12      -4.864902480159e-12       0.000000000000e+00       1.023484948334e-14       4.071691571421e-15      -9.574340888635e-17 
  837       3.465007525055e-10       1.570818734621e-12      -4.597201840333e-12       0.000000000000e+00       1.018920103751e-14       4.051763620772e-15      -9.149382847253e-17 
  838       3.460149453839e-10       1.568904828087e-12      -4.329676679089e-12       0.000000000000e+00       1.014380606585e-14       4.031688835595e-15      -8.725654844881e-17 
  839       3.455017536655e-10       1.567840995387e-12      -4.062435153407e-12       0.000000000000e+00       1.009866254695e-14       4.011470634525e-15      -8.303153932144e-17 
  840       3.449612268219e-10       1.567631361912e-12      -3.795586397722e-12       0.000000000000e+00       1.005376841718e-14       3.991112472065e-15      -7.881876996904e-17 
  841       3.443934160320e-10       1.568280048225e-12      -3.529240526750e-12       0.000000000000e+00       1.000912157057e-14       3.970617838700e-15      -7.461820763603e-17 
  842       3.437983741876e-10       1.569791170006e-12      -3.263508638327e-12       0.000000000000e+00       9.964719858644e-15       3.949990261001e-15      -7.042981792610e-17 
  843       3.431761558998e-10       1.572168837991e-12      -2.998502816241e-12       0.000000000000e+00       9.920561090274e-15       3.929233301732e-15      -6.625356479568e-17 
  844       3.425268175053e-10       1.575417157915e-12      -2.734336133062e-12       0.000000000000e+00       9.876643031511e-15       3.908350559962e-15      -6.208941054738e-17 
  845       3.418504170724e-10       1.579540230455e-12      -2.471122652979e-12       0.000000000000e+00       9.832963405444e-15       3.887345671166e-15      -5.793731582347e-17 
  846       3.411470144073e-10       1.584542151168e-12      -2.208977434631e-12       0.000000000000e+00       9.789519892039e-15       3.866222307339e-15      -5.379723959930e-17 
  847       3.404166710603e-10       1.590427010433e-12      -1.948016533940e-12       0.000000000000e+00       9.746310127990e-15       3.844984177099e-15      -4.966913917679e-17 
  848       3.396594503319e-10       1.597198893395e-12      -1.688357006943e-12       0.000000000000e+00       9.703331706561e-15       3.823635025798e-15      -4.555297017789e-17 
  849       3.388754172792e-10       1.604861879906e-12      -1.430116912630e-12       0.000000000000e+00       9.660582177433e-15       3.802178635627e-15      -4.144868653801e-17 
  850       3.380646387216e-10       1.613420044463e-12      -1.173415315771e-12       0.000000000000e+00       9.618059046553e-15       3.780618825725e-15      -3.735624049951e-17 
  851       3.372272239482e-10       1.622875458496e-12      -9.183624359624e-13       0.000000000000e+00       9.575760086947e-15       3.758959283917e-15      -3.327569982517e-17 
  852       3.363634475893e-10       1.633222159766e-12      -6.650299038272e-13       0.000000000000e+00       9.533684277330e-15       3.737203058555e-15      -2.920760165573e-17 
  853       3.354736288642e-10       1.644452079416e-12      -4.134800002676e-13       0.000000000000e+00       9.491830879293e-15       3.715353058174e-15      -2.515260470876e-17 
  854       3.345580910848e-10       1.656557029859e-12      -1.637754652219e-13       0.000000000000e+00       9.450199127685e-15       3.693412219150e-15      -2.111137262145e-17 
  855       3.336171616685e-10       1.669528704396e-12       8.402050113303e-14       0.000000000000e+00       9.408788230514e-15       3.671383505785e-15      -1.708457396348e-17 
  856       3.326511721510e-10       1.683358676822e-12       3.298442371798e-13       0.000000000000e+00       9.367597368842e-15       3.649269910379e-15      -1.307288224988e-17 
  857       3.316604581992e-10       1.698038401041e-12       5.736316186582e-13       0.000000000000e+00       9.326625696682e-15       3.627074453316e-15      -9.076975953886e-18 
  858       3.306453596245e-10       1.713559210672e-12       8.153180574629e-13       0.000000000000e+00       9.285872340897e-15       3.604800183140e-15      -5.097538519801e-18 
  859       3.296062203953e-10       1.729912318664e-12       1.054838500441e-12       0.000000000000e+00       9.245336401099e-15       3.582450176637e-15      -1.135258375849e-18 
  860       3.285433886500e-10       1.747088816905e-12       1.292127428191e-12       0.000000000000e+00       9.205016949542e-15       3.560027538914e-15       2.809171052963e-18 
  861       3.274572167103e-10       1.765079675833e-12       1.527118853859e-12       0.000000000000e+00       9.164913031023e-15       3.537535403476e-15       6.735051331989e-18 
  862       3.263480610936e-10       1.783875744048e-12       1.759746321937e-12       0.000000000000e+00       9.125023662779e-15       3.514976932313e-15       1.064167900409e-17 
  863       3.252162825264e-10       1.803467747922e-12       1.989942907061e-12       0.000000000000e+00       9.085347834383e-15       3.492355315971e-15       1.452834557676e-17 
  864       3.240622459567e-10       1.823846291208e-12       2.217641212809e-12       0.000000000000e+00       9.045884507642e-15       3.469673773637e-15       1.839433750928e-17 
  865       3.228863205676e-10       1.845001854654e-12       2.442773370500e-12       0.000000000000e+00       9.006632616497e-15       3.446935553219e-15       2.223893619988e-17 
  866       3.216888797897e-10       1.866924795613e-12       2.665271037987e-12       0.000000000000e+00       8.967591066917e-15       3.424143931422e-15       2.606141797284e-17 
  867       3.204703013141e-10       1.889605347652e-12       2.885065398460e-12       0.000000000000e+00       8.928758736796e-15       3.401302213831e-15       2.986105406564e-17 
  868       3.192309671056e-10       1.913033620165e-12       3.102087159242e-12       0.000000000000e+00       8.890134475855e-15       3.378413734991e-15       3.363711061614e-17 
  869       3.179712634154e-10       1.937199597984e-12       3.316266550585e-12       0.000000000000e+00       8.851717105536e-15       3.355481858484e-15       3.738884864968e-17 
  870       3.166915807941e-10       1.962093140987e-12       3.527533324473e-12       0.000000000000e+00       8.813505418899e-15       3.332509977010e-15       4.111552406623e-17 
  871       3.153923141045e-10       1.987703983713e-12       3.735816753412e-12       0.000000000000e+00       8.775498180522e-15       3.309501512469e-15       4.481638762755e-17 
  872       3.140738625347e-10       2.014021734970e-12       3.941045629235e-12       0.000000000000e+00       8.737694126397e-15       3.286459916036e-15       4.849068494432e-17 
  873       3.127366296112e-10       2.041035877444e-12       4.143148261894e-12       0.000000000000e+00       8.700091963827e-15       3.263388668245e-15       5.213765646327e-17 
  874       3.113810232112e-10       2.068735767317e-12       4.342052478265e-12       0.000000000000e+00       8.662690371325e-15       3.240291279068e-15       5.575653745435e-17 
  875       3.100074555761e-10       2.097110633870e-12       4.537685620936e-12       0.000000000000e+00       8.625487998508e-15       3.217171287994e-15       5.934655799784e-17 
  876       3.086163433245e-10       2.126149579098e-12       4.729974547015e-12       0.000000000000e+00       8.588483466000e-15       3.194032264105e-15       6.290694297151e-17 
  877       3.072081074645e-10       2.155841577321e-12       4.918845626919e-12       0.000000000000e+00       8.551675365326e-15       3.170877806165e-15       6.643691203777e-17 
  878       3.057831734073e-10       2.186175474791e-12       5.104224743179e-12       0.000000000000e+00       8.515062258808e-15       3.147711542690e-15       6.993567963078e-17 
  879       3.043419709796e-10       2.217139989310e-12       5.286037289233e-12       0.000000000000e+00       8.478642679466e-15       3.124537132034e-15       7.340245494364e-17 
  880       3.028849344370e-10       2.248723709832e-12       5.464208168225e-12       0.000000000000e+00       8.442415130914e-15       3.101358262466e-15       7.683644191547e-17 
  881       3.014125024767e-10       2.280915096083e-12       5.638661791803e-12       0.000000000000e+00       8.406378087257e-15       3.078178652250e-15       8.023683921861e-17 
  882       2.999251182502e-10       2.313702478164e-12       5.809322078919e-12       0.000000000000e+00       8.370529992988e-15       3.055002049727e-15       8.360284024574e-17 
  883       2.984232293766e-10       2.347074056166e-12       5.976112454622e-12       0.000000000000e+00       8.334869262887e-15       3.031832233390e-15       8.693363309701e-17 
  884       2.969072879555e-10       2.381017899781e-12       6.138955848861e-12       0.000000000000e+00       8.299394281917e-15       3.008673011970e-15       9.022840056718e-17 
  885       2.953777505796e-10       2.415521947910e-12       6.297774695277e-12       0.000000000000e+00       8.264103405125e-15       2.985528224509e-15       9.348632013279e-17 
  886       2.938350783480e-10       2.450574008279e-12       6.452490930008e-12       0.000000000000e+00       8.228994957532e-15       2.962401740447e-15       9.670656393927e-17 
  887       2.922797368790e-10       2.486161757043e-12       6.603025990481e-12       0.000000000000e+00       8.194067234040e-15       2.939297459693e-15       9.988829878813e-17 
  888       2.907121963229e-10       2.522272738403e-12       6.749300814211e-12       0.000000000000e+00       8.159318499320e-15       2.916219312714e-15       1.030306861240e-16 
  889       2.891329313750e-10       2.558894364213e-12       6.891235837600e-12       0.000000000000e+00       8.124746987718e-15       2.893171260609e-15       1.061328820219e-16 
  890       2.875424212887e-10       2.596013913592e-12       7.028750994734e-12       0.000000000000e+00       8.090350903147e-15       2.870157295188e-15       1.091940371744e-16 
  891       2.859411377817e-10       2.633618199340e-12       7.161778448456e-12       0.000000000000e+00       8.056128638459e-15       2.847180886516e-15       1.122134970646e-16 
  892       2.843295085126e-10       2.671692561972e-12       7.290301014616e-12       0.000000000000e+00       8.022079437707e-15       2.824243315437e-15       1.151914061074e-16 
  893       2.827079530313e-10       2.710221858428e-12       7.414314365039e-12       0.000000000000e+00       7.988202744533e-15       2.801345313885e-15       1.181281133817e-16 
  894       2.810768948427e-10       2.749190793334e-12       7.533814353025e-12       0.000000000000e+00       7.954497983604e-15       2.778487614941e-15       1.210239733596e-16 
  895       2.794367614180e-10       2.788583918568e-12       7.648797014079e-12       0.000000000000e+00       7.920964560549e-15       2.755670952832e-15       1.238793459231e-16 
  896       2.777879842051e-10       2.828385632814e-12       7.759258566624e-12       0.000000000000e+00       7.887601861887e-15       2.732896062926e-15       1.266945963819e-16 
  897       2.761309986404e-10       2.868580181129e-12       7.865195412727e-12       0.000000000000e+00       7.854409254953e-15       2.710163681728e-15       1.294700954903e-16 
  898       2.744662441596e-10       2.909151654499e-12       7.966604138813e-12       0.000000000000e+00       7.821386087838e-15       2.687474546878e-15       1.322062194653e-16 
  899       2.727941642087e-10       2.950083989401e-12       8.063481516391e-12       0.000000000000e+00       7.788531689311e-15       2.664829397145e-15       1.349033500032e-16 
  900       2.711152062554e-10       2.991360967363e-12       8.155824502770e-12       0.000000000000e+00       7.755845368753e-15       2.642228972427e-15       1.375618742975e-16 
  901       2.694298217998e-10       3.032966214526e-12       8.243630241781e-12       0.000000000000e+00       7.723326416088e-15       2.619674013743e-15       1.401821850558e-16 
  902       2.677384663860e-10       3.074883201204e-12       8.326896064499e-12       0.000000000000e+00       7.690974101715e-15       2.597165263230e-15       1.427646805178e-16 
  903       2.660415996127e-10       3.117095241443e-12       8.405619489959e-12       0.000000000000e+00       7.658787676435e-15       2.574703464145e-15       1.453097644720e-16 
  904       2.643396851446e-10       3.159585492584e-12       8.479798225880e-12       0.000000000000e+00       7.626766371382e-15       2.552289360851e-15       1.478178462735e-16 
  905       2.626331907235e-10       3.202336954821e-12       8.549430169381e-12       0.000000000000e+00       7.594909397959e-15       2.529923698825e-15       1.502893408612e-16 
  906       2.609225881792e-10       3.245332470763e-12       8.614513407707e-12       0.000000000000e+00       7.563215947759e-15       2.507607224644e-15       1.527246687753e-16 
  907       2.592083534409e-10       3.288554724997e-12       8.675046218945e-12       0.000000000000e+00       7.531685192508e-15       2.485340685989e-15       1.551242561744e-16 
  908       2.574909665480e-10       3.331986243642e-12       8.731027072744e-12       0.000000000000e+00       7.500316283982e-15       2.463124831635e-15       1.574885348532e-16 
  909       2.557709116613e-10       3.375609393916e-12       8.782454631037e-12       0.000000000000e+00       7.469108353949e-15       2.440960411454e-15       1.598179422595e-16 
  910       2.540486770744e-10       3.419406383695e-12       8.829327748762e-12       0.000000000000e+00       7.438060514093e-15       2.418848176405e-15       1.621129215120e-16 
  911       2.523247552242e-10       3.463359261069e-12       8.871645474579e-12       0.000000000000e+00       7.407171855948e-15       2.396788878534e-15       1.643739214174e-16 
  912       2.505996427025e-10       3.507449913910e-12       8.909407051593e-12       0.000000000000e+00       7.376441450825e-15       2.374783270970e-15       1.666013964876e-16 
  913       2.488738402669e-10       3.551660069427e-12       8.942611918072e-12       0.000000000000e+00       7.345868349747e-15       2.352832107919e-15       1.687958069576e-16 
  914       2.471478528521e-10       3.595971293728e-12       8.971259708170e-12       0.000000000000e+00       7.315451583377e-15       2.330936144665e-15       1.709576188022e-16 
  915       2.454221895806e-10       3.640364991381e-12       8.995350252645e-12       0.000000000000e+00       7.285190161948e-15       2.309096137561e-15       1.730873037539e-16 
  916       2.436973637741e-10       3.684822404976e-12       9.014883579578e-12       0.000000000000e+00       7.255083075195e-15       2.287312844027e-15       1.751853393200e-16 
  917       2.419738929646e-10       3.729324614681e-12       9.029859915098e-12       0.000000000000e+00       7.225129292286e-15       2.265587022549e-15       1.772522088003e-16 
  918       2.402522989055e-10       3.773852537809e-12       9.040279684097e-12       0.000000000000e+00       7.195327761751e-15       2.243919432673e-15       1.792884013038e-16 
  919       2.385331075825e-10       3.818386928372e-12       9.046143510953e-12       0.000000000000e+00       7.165677411414e-15       2.222310835001e-15       1.812944117667e-16 
  920       2.368168492250e-10       3.862908376647e-12       9.047452220250e-12       0.000000000000e+00       7.136177148322e-15       2.200761991187e-15       1.832707409695e-16 
  921       2.351040583169e-10       3.907397308732e-12       9.044206837497e-12       0.000000000000e+00       7.106825858679e-15       2.179273663937e-15       1.852178955545e-16 
  922       2.333952736079e-10       3.951833986111e-12       9.036408589849e-12       0.000000000000e+00       7.077622407772e-15       2.157846616999e-15       1.871363880430e-16 
  923       2.316910381246e-10       3.996198505209e-12       9.024058906828e-12       0.000000000000e+00       7.048565639904e-15       2.136481615166e-15       1.890267368527e-16 
  924       2.299918991814e-10       4.040470796960e-12       9.007159421040e-12       0.000000000000e+00       7.019654378325e-15       2.115179424268e-15       1.908894663152e-16 
  925       2.282984083920e-10       4.084630626361e-12       8.985711968901e-12       0.000000000000e+00       6.990887425164e-15       2.093940811168e-15       1.927251066933e-16 
  926       2.266111216801e-10       4.128657592034e-12       8.959718591351e-12       0.000000000000e+00       6.962263561354e-15       2.072766543763e-15       1.945341941981e-16 
  927       2.249305992905e-10       4.172531125791e-12       8.929181534577e-12       0.000000000000e+00       6.933781546569e-15       2.051657390975e-15       1.963172710070e-16 
  928       2.232574058006e-10       4.216230492186e-12       8.894103250736e-12       0.000000000000e+00       6.905440119151e-15       2.030614122749e-15       1.980748852804e-16 
  929       2.215921101312e-10       4.259734788085e-12       8.854486398668e-12       0.000000000000e+00       6.877237996041e-15       2.009637510052e-15       1.998075911795e-16 
  930       2.199352855576e-10       4.303022942221e-12       8.810333844624e-12       0.000000000000e+00       6.849173872712e-15       1.988728324864e-15       2.015159488834e-16 
  931       2.182874576147e-10       4.346075221174e-12       8.761656612875e-12       0.000000000000e+00       6.821246576811e-15       1.967887296301e-15       2.032003916301e-16 
  932       2.166489468947e-10       4.388877774079e-12       8.708497872745e-12       0.000000000000e+00       6.793455531892e-15       1.947114978210e-15       2.048608245189e-16 
  933       2.150200238059e-10       4.431418158330e-12       8.650909329235e-12       0.000000000000e+00       6.765800300817e-15       1.926411879489e-15       2.064970194500e-16 
  934       2.134009604588e-10       4.473683839391e-12       8.588943309049e-12       0.000000000000e+00       6.738280432658e-15       1.905778507765e-15       2.081087475291e-16 
  935       2.117920306705e-10       4.515662190561e-12       8.522652762415e-12       0.000000000000e+00       6.710895462647e-15       1.885215369387e-15       2.096957790668e-16 
  936       2.101935099679e-10       4.557340492749e-12       8.452091264904e-12       0.000000000000e+00       6.683644912126e-15       1.864722969415e-15       2.112578835776e-16 
  937       2.086056755924e-10       4.598705934239e-12       8.377313019252e-12       0.000000000000e+00       6.656528288501e-15       1.844301811609e-15       2.127948297787e-16 
  938       2.070288065032e-10       4.639745610458e-12       8.298372857175e-12       0.000000000000e+00       6.629545085193e-15       1.823952398420e-15       2.143063855887e-16 
  939       2.054631833815e-10       4.680446523748e-12       8.215326241191e-12       0.000000000000e+00       6.602694781588e-15       1.803675230984e-15       2.157923181273e-16 
  940       2.039090886340e-10       4.720795583135e-12       8.128229266441e-12       0.000000000000e+00       6.575976842994e-15       1.783470809106e-15       2.172523937137e-16 
  941       2.023668063975e-10       4.760779604095e-12       8.037138662509e-12       0.000000000000e+00       6.549390720587e-15       1.763339631253e-15       2.186863778657e-16 
  942       2.008366225420e-10       4.800385308322e-12       7.942111795236e-12       0.000000000000e+00       6.522935851367e-15       1.743282194548e-15       2.200940352987e-16 
  943       1.993188246753e-10       4.839599323504e-12       7.843206668547e-12       0.000000000000e+00       6.496611658107e-15       1.723298994753e-15       2.214751299249e-16 
  944       1.978137021462e-10       4.878408183084e-12       7.740481926266e-12       0.000000000000e+00       6.470417549307e-15       1.703390526265e-15       2.228294248518e-16 
  945       1.963215460491e-10       4.916798326031e-12       7.633996853938e-12       0.000000000000e+00       6.444352919145e-15       1.683557282102e-15       2.241566823816e-16 
  946       1.948426492273e-10       4.954756096613e-12       7.523811380648e-12       0.000000000000e+00       6.418417147429e-15       1.663799753899e-15       2.254566640101e-16 
  947       1.933773062774e-10       4.992267744161e-12       7.409986080837e-12       0.000000000000e+00       6.392609599549e-15       1.644118431893e-15       2.267291304255e-16 
  948       1.919258135527e-10       5.029319422838e-12       7.292582176130e-12       0.000000000000e+00       6.366929626428e-15       1.624513804913e-15       2.279738415074e-16 
  949       1.904884691674e-10       5.065897191414e-12       7.171661537147e-12       0.000000000000e+00       6.341376564474e-15       1.604986360375e-15       2.291905563260e-16 
  950       1.890655730005e-10       5.101987013025e-12       7.047286685327e-12       0.000000000000e+00       6.315949735534e-15       1.585536584269e-15       2.303790331410e-16 
  951       1.876574266997e-10       5.137574754952e-12       6.919520794748e-12       0.000000000000e+00       6.290648446843e-15       1.566164961148e-15       2.315390294002e-16 
  952       1.862643336849e-10       5.172646188382e-12       6.788427693945e-12       0.000000000000e+00       6.265471990979e-15       1.546871974122e-15       2.326703017392e-16 
  953       1.848865991529e-10       5.207186988181e-12       6.654071867730e-12       0.000000000000e+00       6.240419645809e-15       1.527658104846e-15       2.337726059796e-16 
  954       1.835245300803e-10       5.241182732663e-12       6.516518459012e-12       0.000000000000e+00       6.215490674449e-15       1.508523833509e-15       2.348456971286e-16 
  955       1.821784352283e-10       5.274618903357e-12       6.375833270617e-12       0.000000000000e+00       6.190684325210e-15       1.489469638826e-15       2.358893293775e-16 
  956       1.808486251461e-10       5.307480884776e-12       6.232082767106e-12       0.000000000000e+00       6.165999831552e-15       1.470495998030e-15       2.369032561012e-16 
  957       1.795354121747e-10       5.339753964188e-12       6.085334076597e-12       0.000000000000e+00       6.141436412034e-15       1.451603386858e-15       2.378872298565e-16 
  958       1.782391104512e-10       5.371423331382e-12       5.935654992583e-12       0.000000000000e+00       6.116993270268e-15       1.432792279544e-15       2.388410023818e-16 
  959       1.769600359125e-10       5.402474078440e-12       5.783113975752e-12       0.000000000000e+00       6.092669594872e-15       1.414063148809e-15       2.397643245954e-16 
  960       1.756985062991e-10       5.432891199504e-12       5.627780155808e-12       0.000000000000e+00       6.068464559417e-15       1.395416465851e-15       2.406569465951e-16 
  961       1.744548411590e-10       5.462659590544e-12       5.469723333288e-12       0.000000000000e+00       6.044377322385e-15       1.376852700335e-15       2.415186176568e-16 
  962       1.732293618518e-10       5.491764049128e-12       5.309013981382e-12       0.000000000000e+00       6.020407027114e-15       1.358372320383e-15       2.423490862333e-16 
  963       1.720223915525e-10       5.520189274194e-12       5.145723247757e-12       0.000000000000e+00       5.996552801758e-15       1.339975792566e-15       2.431480999539e-16 
  964       1.708342552551e-10       5.547919865811e-12       4.979922956370e-12       0.000000000000e+00       5.972813759231e-15       1.321663581891e-15       2.439154056228e-16 
  965       1.696652797771e-10       5.574940324958e-12       4.811685609294e-12       0.000000000000e+00       5.949188997163e-15       1.303436151795e-15       2.446507492184e-16 
  966       1.685157937629e-10       5.601235053282e-12       4.641084388533e-12       0.000000000000e+00       5.925677597854e-15       1.285293964133e-15       2.453538758920e-16 
  967       1.673861276877e-10       5.626788352878e-12       4.468193157842e-12       0.000000000000e+00       5.902278628218e-15       1.267237479167e-15       2.460245299671e-16 
  968       1.662766138618e-10       5.651584426049e-12       4.293086464552e-12       0.000000000000e+00       5.878991139745e-15       1.249267155561e-15       2.466624549381e-16 
  969       1.651875864340e-10       5.675607375078e-12       4.115839541381e-12       0.000000000000e+00       5.855814168444e-15       1.231383450365e-15       2.472673934696e-16 
  970       1.641193813959e-10       5.698841201999e-12       3.936528308261e-12       0.000000000000e+00       5.832746734802e-15       1.213586819010e-15       2.478390873950e-16 
  971       1.630722787936e-10       5.721272175794e-12       3.755228388308e-12       0.000000000000e+00       5.809787956271e-15       1.195877818550e-15       2.483773458962e-16 
  972       1.620463284035e-10       5.742895973461e-12       3.572012135858e-12       0.000000000000e+00       5.786937386708e-15       1.178257419106e-15       2.488822511679e-16 
  973       1.610415214425e-10       5.763710645898e-12       3.386951567344e-12       0.000000000000e+00       5.764194681946e-15       1.160726697088e-15       2.493539558449e-16 
  974       1.600578481183e-10       5.783714260278e-12       3.200119344776e-12       0.000000000000e+00       5.741559487687e-15       1.143286732369e-15       2.497926151092e-16 
  975       1.590952976263e-10       5.802904900124e-12       3.011588777442e-12       0.000000000000e+00       5.719031439460e-15       1.125938608287e-15       2.501983866980e-16 
  976       1.581538581461e-10       5.821280665372e-12       2.821433823596e-12       0.000000000000e+00       5.696610162596e-15       1.108683411649e-15       2.505714309112e-16 
  977       1.572335168379e-10       5.838839672446e-12       2.629729092159e-12       0.000000000000e+00       5.674295272188e-15       1.091522232739e-15       2.509119106190e-16 
  978       1.563342598393e-10       5.855580054327e-12       2.436549844406e-12       0.000000000000e+00       5.652086373059e-15       1.074456165312e-15       2.512199912698e-16 
  979       1.554560722615e-10       5.871499960620e-12       2.241971995666e-12       0.000000000000e+00       5.629983059730e-15       1.057486306608e-15       2.514958408974e-16 
  980       1.545989381861e-10       5.886597557627e-12       2.046072117015e-12       0.000000000000e+00       5.607984916383e-15       1.040613757345e-15       2.517396301289e-16 
  981       1.537628406618e-10       5.900871028417e-12       1.848927436968e-12       0.000000000000e+00       5.586091516829e-15       1.023839621733e-15       2.519515321927e-16 
  982       1.529477617005e-10       5.914318572893e-12       1.650615843174e-12       0.000000000000e+00       5.564302424474e-15       1.007165007467e-15       2.521317229254e-16 
  983       1.521536822741e-10       5.926938407864e-12       1.451215884115e-12       0.000000000000e+00       5.542617192287e-15       9.905910257386e-16       2.522803807800e-16 
  984       1.513805823110e-10       5.938728767116e-12       1.250806770792e-12       0.000000000000e+00       5.521035362760e-15       9.741187912342e-16       2.523976868334e-16 
  985       1.506284406929e-10       5.949687901478e-12       1.049468378428e-12       0.000000000000e+00       5.499556467882e-15       9.577494221412e-16       2.524838247940e-16 
  986       1.498972352508e-10       5.959814078898e-12       8.472812481543e-13       0.000000000000e+00       5.478180029101e-15       9.414840401499e-16       2.525389810093e-16 
  987       1.491869427622e-10       5.969105584506e-12       6.443265887114e-13       0.000000000000e+00       5.456905557289e-15       9.253237704578e-16       2.525633444737e-16 
  988       1.484975389471e-10       5.977560720688e-12       4.406862781392e-13       0.000000000000e+00       5.435732552712e-15       9.092697417723e-16       2.525571068361e-16 
  989       1.478289984648e-10       5.985177807156e-12       2.364428654729e-13       0.000000000000e+00       5.414660504994e-15       8.933230863143e-16       2.525204624075e-16 
  990       1.471812949104e-10       5.991955181016e-12       3.167957243716e-14       0.000000000000e+00       5.393688893081e-15       8.774849398218e-16       2.524536081685e-16 
  991       1.465544008114e-10       5.997891196838e-12      -1.735197048599e-13       0.000000000000e+00       5.372817185212e-15       8.617564415529e-16       2.523567437772e-16 
  992       1.459482876241e-10       6.002984226729e-12      -3.790703942322e-13       0.000000000000e+00       5.352044838881e-15       8.461387342895e-16       2.522300715769e-16 
  993       1.453629257305e-10       6.007232660400e-12      -5.848872457213e-13       0.000000000000e+00       5.331371300806e-15       8.306329643406e-16       2.520737966033e-16 
  994       1.447982844343e-10       6.010634905234e-12      -7.908843299024e-13       0.000000000000e+00       5.310796006894e-15       8.152402815453e-16       2.518881265927e-16 
  995       1.442543319580e-10       6.013189386361e-12      -9.969750361896e-13       0.000000000000e+00       5.290318382205e-15       7.999618392769e-16       2.516732719893e-16 
  996       1.437310354389e-10       6.014894546725e-12      -1.203072071142e-12       0.000000000000e+00       5.269937840923e-15       7.847987944455e-16       2.514294459528e-16 
  997       1.432283609262e-10       6.015748847154e-12      -1.409087456769e-12       0.000000000000e+00       5.249653786319e-15       7.697523075019e-16       2.511568643663e-16 
  998       1.427462733772e-10       6.015750766429e-12      -1.614932528838e-12       0.000000000000e+00       5.229465610715e-15       7.548235424410e-16       2.508557458439e-16 
  999       1.422847366539e-10       6.014898801357e-12      -1.820517935174e-12       0.000000000000e+00       5.209372695457e-15       7.400136668046e-16       2.505263117380e-16 
 1000       1.418437135196e-10       6.013191466836e-12      -2.025753633975e-12       0.000000000000e+00       5.189374410874e-15       7.253238516854e-16       2.501687861475e-16 
 1001       1.414231656354e-10       6.010627295930e-12      -2.230548892109e-12       0.000000000000e+00       5.169470116248e-15       7.107552717301e-16       2.497833959250e-16 
 1002       1.410230535568e-10       6.007204839937e-12      -2.434812283423e-12       0.000000000000e+00       5.149659159779e-15       6.963091051429e-16       2.493703706846e-16 
 1003       1.406433367303e-10       6.002922668456e-12      -2.638451687050e-12       0.000000000000e+00       5.129940878553e-15       6.819865336887e-16       2.489299428096e-16 
 1004       1.402839734896e-10       5.997779369462e-12      -2.841374285713e-12       0.000000000000e+00       5.110314598506e-15       6.677887426965e-16       2.484623474601e-16 
 1005       1.399449210528e-10       5.991773549372e-12      -3.043486564031e-12       0.000000000000e+00       5.090779634389e-15       6.537169210630e-16       2.479678225806e-16 
 1006       1.396261355183e-10       5.984903833117e-12      -3.244694306825e-12       0.000000000000e+00       5.071335289740e-15       6.397722612556e-16       2.474466089078e-16 
 1007       1.393275718616e-10       5.977168864210e-12      -3.444902597424e-12       0.000000000000e+00       5.051980856841e-15       6.259559593163e-16       2.468989499778e-16 
 1008       1.390491839319e-10       5.968567304818e-12      -3.644015815968e-12       0.000000000000e+00       5.032715616694e-15       6.122692148645e-16       2.463250921345e-16 
 1009       1.387909244487e-10       5.959097835831e-12      -3.841937637718e-12       0.000000000000e+00       5.013538838981e-15       5.987132311007e-16       2.457252845366e-16 
 1010       1.385527449981e-10       5.948759156930e-12      -4.038571031360e-12       0.000000000000e+00       4.994449782031e-15       5.852892148099e-16       2.450997791654e-16 
 1011       1.383345651584e-10       5.937551735937e-12      -4.233826784116e-12       0.000000000000e+00       4.975447777374e-15       5.719982013527e-16       2.444488445458e-16 
 1012       1.381361793941e-10       5.925483084398e-12      -4.427649215424e-12       0.000000000000e+00       4.956532484806e-15       5.588405268625e-16       2.437728071100e-16 
 1013       1.379573488096e-10       5.912562558359e-12      -4.619990831419e-12       0.000000000000e+00       4.937703640938e-15       5.458163484293e-16       2.430720104462e-16 
 1014       1.377978318916e-10       5.898799616279e-12      -4.810803831117e-12       0.000000000000e+00       4.918960974927e-15       5.329258184028e-16       2.423468016495e-16 
 1015       1.376573845019e-10       5.884203819302e-12      -5.000040105720e-12       0.000000000000e+00       4.900304208448e-15       5.201690843758e-16       2.415975313307e-16 
 1016       1.375357598702e-10       5.868784831535e-12      -5.187651237925e-12       0.000000000000e+00       4.881733055667e-15       5.075462891668e-16       2.408245536256e-16 
 1017       1.374327085873e-10       5.852552420321e-12      -5.373588501224e-12       0.000000000000e+00       4.863247223226e-15       4.950575708027e-16       2.400282262044e-16 
 1018       1.373479785977e-10       5.835516456513e-12      -5.557802859215e-12       0.000000000000e+00       4.844846410208e-15       4.827030625018e-16       2.392089102809e-16 
 1019       1.372813151929e-10       5.817686914752e-12      -5.740244964908e-12       0.000000000000e+00       4.826530308124e-15       4.704828926567e-16       2.383669706217e-16 
 1020       1.372324610039e-10       5.799073873740e-12      -5.920865160026e-12       0.000000000000e+00       4.808298600880e-15       4.583971848172e-16       2.375027755555e-16 
 1021       1.372011559945e-10       5.779687516518e-12      -6.099613474315e-12       0.000000000000e+00       4.790150964759e-15       4.464460576728e-16       2.366166969823e-16 
 1022       1.371871374541e-10       5.759538130735e-12      -6.276439624846e-12       0.000000000000e+00       4.772087068394e-15       4.346296250359e-16       2.357091103828e-16 
 1023       1.371901399906e-10       5.738636108930e-12      -6.451293015328e-12       0.000000000000e+00       4.754106572746e-15       4.229479958247e-16       2.347803948275e-16 
 1024       1.372098955232e-10       5.716991948802e-12      -6.624122735403e-12       0.000000000000e+00       4.736209131079e-15       4.114012740456e-16       2.338309329860e-16 
 1025       1.372461332755e-10       5.694616253488e-12      -6.794877559962e-12       0.000000000000e+00       4.718394388936e-15       3.999895587766e-16       2.328611111363e-16 
 1026       1.372985797685e-10       5.671519731836e-12      -6.963505948445e-12       0.000000000000e+00       4.700661984115e-15       3.887129441496e-16       2.318713191739e-16 
 1027       1.373669588134e-10       5.647713198683e-12      -7.129956044148e-12       0.000000000000e+00       4.683011546647e-15       3.775715193337e-16       2.308619506213e-16 
 1028       1.374509915043e-10       5.623207575125e-12      -7.294175673529e-12       0.000000000000e+00       4.665442698769e-15       3.665653685179e-16       2.298334026371e-16 
 1029       1.375503962117e-10       5.598013888799e-12      -7.456112345515e-12       0.000000000000e+00       4.647955054903e-15       3.556945708939e-16       2.287860760252e-16 
 1030       1.376648885747e-10       5.572143274151e-12      -7.615713250806e-12       0.000000000000e+00       4.630548221630e-15       3.449592006390e-16       2.277203752443e-16 
 1031       1.377941814948e-10       5.545606972716e-12      -7.772925261179e-12       0.000000000000e+00       4.613221797668e-15       3.343593268988e-16       2.266367084168e-16 
 1032       1.379379851279e-10       5.518416333391e-12      -7.927694928800e-12       0.000000000000e+00       4.595975373845e-15       3.238950137704e-16       2.255354873383e-16 
 1033       1.380960068778e-10       5.490582812710e-12      -8.079968485524e-12       0.000000000000e+00       4.578808533079e-15       3.135663202847e-16       2.244171274868e-16 
 1034       1.382679513891e-10       5.462117975121e-12      -8.229691842202e-12       0.000000000000e+00       4.561720850352e-15       3.033733003898e-16       2.232820480319e-16 
 1035       1.384535205400e-10       5.433033493257e-12      -8.376810587988e-12       0.000000000000e+00       4.544711892684e-15       2.933160029337e-16       2.221306718443e-16 
 1036       1.386524134351e-10       5.403341148216e-12      -8.521269989646e-12       0.000000000000e+00       4.527781219115e-15       2.833944716469e-16       2.209634255047e-16 
 1037       1.388643263986e-10       5.373052829833e-12      -8.663014990852e-12       0.000000000000e+00       4.510928380674e-15       2.736087451254e-16       2.197807393131e-16 
 1038       1.390889529670e-10       5.342180536956e-12      -8.801990211502e-12       0.000000000000e+00       4.494152920361e-15       2.639588568137e-16       2.185830472983e-16 
 1039       1.393259838823e-10       5.310736377718e-12      -8.938139947018e-12       0.000000000000e+00       4.477454373120e-15       2.544448349873e-16       2.173707872270e-16 
 1040       1.395751070845e-10       5.278732569819e-12      -9.071408167654e-12       0.000000000000e+00       4.460832265815e-15       2.450667027361e-16       2.161444006132e-16 
 1041       1.398360077050e-10       5.246181440795e-12      -9.201738517799e-12       0.000000000000e+00       4.444286117208e-15       2.358244779466e-16       2.149043327270e-16 
 1042       1.401083680591e-10       5.213095428295e-12      -9.329074315288e-12       0.000000000000e+00       4.427815437932e-15       2.267181732852e-16       2.136510326045e-16 
 1043       1.403918676393e-10       5.179487080355e-12      -9.453358550703e-12       0.000000000000e+00       4.411419730472e-15       2.177477961808e-16       2.123849530566e-16 
 1044       1.406861831079e-10       5.145369055676e-12      -9.574533886680e-12       0.000000000000e+00       4.395098489136e-15       2.089133488080e-16       2.111065506783e-16 
 1045       1.409909882903e-10       5.110754123897e-12      -9.692542657216e-12       0.000000000000e+00       4.378851200033e-15       2.002148280694e-16       2.098162858582e-16 
 1046       1.413059541675e-10       5.075655165868e-12      -9.807326866974e-12       0.000000000000e+00       4.362677341050e-15       1.916522255791e-16       2.085146227875e-16 
 1047       1.416307488692e-10       5.040085173930e-12      -9.918828190589e-12       0.000000000000e+00       4.346576381828e-15       1.832255276448e-16       2.072020294695e-16 
 1048       1.419650376670e-10       5.004057252185e-12      -1.002698797197e-11       0.000000000000e+00       4.330547783737e-15       1.749347152513e-16       2.058789777284e-16 
 1049       1.423084829669e-10       4.967584616776e-12      -1.013174722362e-11       0.000000000000e+00       4.314590999853e-15       1.667797640431e-16       2.045459432191e-16 
 1050       1.426607443024e-10       4.930680596156e-12      -1.023304662592e-11       0.000000000000e+00       4.298705474932e-15       1.587606443071e-16       2.032034054362e-16 
 1051       1.430214874594e-10       4.893358748295e-12      -1.033083689610e-11       0.000000000000e+00       4.282890703519e-15       1.508772436804e-16       2.018517734782e-16 
 1052       1.433904120030e-10       4.855633213497e-12      -1.042511005432e-11       0.000000000000e+00       4.267146405197e-15       1.431291341296e-16       2.004911621921e-16 
 1053       1.437672241194e-10       4.817518367033e-12      -1.051586859084e-11       0.000000000000e+00       4.251472351725e-15       1.355158016981e-16       1.991216129354e-16 
 1054       1.441516275125e-10       4.779028702944e-12      -1.060311513620e-11       0.000000000000e+00       4.235868309112e-15       1.280367234623e-16       1.977431675404e-16 
 1055       1.445433233976e-10       4.740178834329e-12      -1.068685246163e-11       0.000000000000e+00       4.220334037599e-15       1.206913675060e-16       1.963558683149e-16 
 1056       1.449420104956e-10       4.700983493638e-12      -1.076708347952e-11       0.000000000000e+00       4.204869291642e-15       1.134791928949e-16       1.949597580441e-16 
 1057       1.453473850266e-10       4.661457532951e-12      -1.084381124382e-11       0.000000000000e+00       4.189473819892e-15       1.063996496511e-16       1.935548799912e-16 
 1058       1.457591407044e-10       4.621615924272e-12      -1.091703895048e-11       0.000000000000e+00       4.174147365182e-15       9.945217872742e-17       1.921412778989e-16 
 1059       1.461769687296e-10       4.581473759818e-12      -1.098676993790e-11       0.000000000000e+00       4.158889664505e-15       9.263621198203e-17       1.907189959903e-16 
 1060       1.466005577845e-10       4.541046252300e-12      -1.105300768733e-11       0.000000000000e+00       4.143700448998e-15       8.595117215281e-17       1.892880789706e-16 
 1061       1.470295940259e-10       4.500348735216e-12      -1.111575582333e-11       0.000000000000e+00       4.128579443927e-15       7.939647283185e-17       1.878485720277e-16 
 1062       1.474637610800e-10       4.459396663139e-12      -1.117501811416e-11       0.000000000000e+00       4.113526368663e-15       7.297151843988e-17       1.864005208338e-16 
 1063       1.479027400358e-10       4.418205612001e-12      -1.123079847228e-11       0.000000000000e+00       4.098540936672e-15       6.667570420079e-17       1.849439715466e-16 
 1064       1.483462094391e-10       4.376791279386e-12      -1.128310095470e-11       0.000000000000e+00       4.083622855492e-15       6.050841611601e-17       1.834789708103e-16 
 1065       1.487938452864e-10       4.335169484810e-12      -1.133192976347e-11       0.000000000000e+00       4.068771826717e-15       5.446903093905e-17       1.820055657568e-16 
 1066       1.492453210189e-10       4.293356170018e-12      -1.137728924611e-11       0.000000000000e+00       4.053987545981e-15       4.855691614992e-17       1.805238040070e-16 
 1067       1.497003075165e-10       4.251367399265e-12      -1.141918389599e-11       0.000000000000e+00       4.039269702937e-15       4.277142992959e-17       1.790337336721e-16 
 1068       1.501584730916e-10       4.209219359606e-12      -1.145761835281e-11       0.000000000000e+00       4.024617981242e-15       3.711192113447e-17       1.775354033545e-16 
 1069       1.506194834827e-10       4.166928361184e-12      -1.149259740303e-11       0.000000000000e+00       4.010032058541e-15       3.157772927087e-17       1.760288621492e-16 
 1070       1.510830018489e-10       4.124510837519e-12      -1.152412598026e-11       0.000000000000e+00       3.995511606443e-15       2.616818446944e-17       1.745141596451e-16 
 1071       1.515486887636e-10       4.081983345791e-12      -1.155220916575e-11       0.000000000000e+00       3.981056290512e-15       2.088260745965e-17       1.729913459258e-16 
 1072       1.520162022082e-10       4.039362567133e-12      -1.157685218876e-11       0.000000000000e+00       3.966665770241e-15       1.572030954425e-17       1.714604715712e-16 
 1073       1.524851975664e-10       3.996665306917e-12      -1.159806042703e-11       0.000000000000e+00       3.952339699041e-15       1.068059257373e-17       1.699215876586e-16 
 1074       1.529553276175e-10       3.953908495040e-12      -1.161583940722e-11       0.000000000000e+00       3.938077724221e-15       5.762748920776e-18       1.683747457638e-16 
 1075       1.534262425312e-10       3.911109186215e-12      -1.163019480531e-11       0.000000000000e+00       3.923879486968e-15       9.660614547495e-19       1.668199979621e-16 
 1076       1.538975898608e-10       3.868284560256e-12      -1.164113244704e-11       0.000000000000e+00       3.909744622334e-15      -3.710196483876e-18       1.652573968301e-16 
 1077       1.543690145372e-10       3.825451922367e-12      -1.164865830835e-11       0.000000000000e+00       3.895672759214e-15      -8.266761109036e-18       1.636869954464e-16 
 1078       1.548401588633e-10       3.782628703428e-12      -1.165277851581e-11       0.000000000000e+00       3.881663520331e-15      -1.270437821462e-17       1.621088473927e-16 
 1079       1.553106625074e-10       3.739832460286e-12      -1.165349934705e-11       0.000000000000e+00       3.867716522219e-15      -1.702380320001e-17       1.605230067556e-16 
 1080       1.557801624973e-10       3.697080876041e-12      -1.165082723118e-11       0.000000000000e+00       3.853831375203e-15      -2.122580109560e-17       1.589295281270e-16 
 1081       1.562482932143e-10       3.654391760333e-12      -1.164476874925e-11       0.000000000000e+00       3.840007683383e-15      -2.531114658839e-17       1.573284666061e-16 
 1082       1.567146863870e-10       3.611783049629e-12      -1.163533063465e-11       0.000000000000e+00       3.826245044615e-15      -2.928062404744e-17       1.557198778000e-16 
 1083       1.571789710852e-10       3.569272807516e-12      -1.162251977354e-11       0.000000000000e+00       3.812543050496e-15      -3.313502754948e-17       1.541038178251e-16 
 1084       1.576407737140e-10       3.526879224982e-12      -1.160634320532e-11       0.000000000000e+00       3.798901286345e-15      -3.687516090443e-17       1.524803433084e-16 
 1085       1.580997180074e-10       3.484620620706e-12      -1.158680812303e-11       0.000000000000e+00       3.785319331183e-15      -4.050183768090e-17       1.508495113885e-16 
 1086       1.585554250227e-10       3.442515441350e-12      -1.156392187376e-11       0.000000000000e+00       3.771796757719e-15      -4.401588123179e-17       1.492113797168e-16 
 1087       1.590075131339e-10       3.400582261840e-12      -1.153769195915e-11       0.000000000000e+00       3.758333132332e-15      -4.741812471979e-17       1.475660064591e-16 
 1088       1.594555980258e-10       3.358839785658e-12      -1.150812603576e-11       0.000000000000e+00       3.744928015052e-15      -5.070941114290e-17       1.459134502962e-16 
 1089       1.598992926881e-10       3.317306845130e-12      -1.147523191551e-11       0.000000000000e+00       3.731580959540e-15      -5.389059336003e-17       1.442537704255e-16 
 1090       1.603382074092e-10       3.276002401710e-12      -1.143901756614e-11       0.000000000000e+00       3.718291513078e-15      -5.696253411649e-17       1.425870265620e-16 
 1091       1.607719875188e-10       3.234944061880e-12      -1.139949717184e-11       0.000000000000e+00       3.705059266427e-15      -5.992629643808e-17       1.409133034259e-16 
 1092       1.612004271816e-10       3.194143602496e-12      -1.135670940326e-11       0.000000000000e+00       3.691884004203e-15      -6.278371755412e-17       1.392327845615e-16 
 1093       1.616233571156e-10       3.153611386083e-12      -1.131069939307e-11       0.000000000000e+00       3.678765556481e-15      -6.553684271171e-17       1.375456795092e-16 
 1094       1.620406069794e-10       3.113357839928e-12      -1.126151269892e-11       0.000000000000e+00       3.665703749087e-15      -6.818773554886e-17       1.358521994128e-16 
 1095       1.624520053698e-10       3.073393456225e-12      -1.120919530453e-11       0.000000000000e+00       3.652698403578e-15      -7.073847813923e-17       1.341525570227e-16 
 1096       1.628573798193e-10       3.033728792206e-12      -1.115379362073e-11       0.000000000000e+00       3.639749337237e-15      -7.319117103682e-17       1.324469667002e-16 
 1097       1.632565567942e-10       2.994374470282e-12      -1.109535448644e-11       0.000000000000e+00       3.626856363056e-15      -7.554793332073e-17       1.307356444204e-16 
 1098       1.636493616922e-10       2.955341178182e-12      -1.103392516979e-11       0.000000000000e+00       3.614019289723e-15      -7.781090263981e-17       1.290188077765e-16 
 1099       1.640356188400e-10       2.916639669090e-12      -1.096955336913e-11       0.000000000000e+00       3.601237921612e-15      -7.998223525742e-17       1.272966759832e-16 
 1100       1.644151514910e-10       2.878280761786e-12      -1.090228721404e-11       0.000000000000e+00       3.588512058769e-15      -8.206410609612e-17       1.255694698805e-16 
 1101       1.647877818233e-10       2.840275340780e-12      -1.083217526643e-11       0.000000000000e+00       3.575841496900e-15      -8.405870878239e-17       1.238374119369e-16 
 1102       1.651533309371e-10       2.802634356451e-12      -1.075926652154e-11       0.000000000000e+00       3.563226027358e-15      -8.596825569135e-17       1.221007262538e-16 
 1103       1.655116188526e-10       2.765368825190e-12      -1.068361040900e-11       0.000000000000e+00       3.550665437129e-15      -8.779497799147e-17       1.203596385687e-16 
 1104       1.658624645076e-10       2.728489829531e-12      -1.060525679385e-11       0.000000000000e+00       3.538159508822e-15      -8.954112568926e-17       1.186143762586e-16 
 1105       1.662056857554e-10       2.692008518296e-12      -1.052425597762e-11       0.000000000000e+00       3.525708020656e-15      -9.120896767402e-17       1.168651683445e-16 
 1106       1.665410993624e-10       2.655936106729e-12      -1.044065869934e-11       0.000000000000e+00       3.513310746446e-15      -9.280079176254e-17       1.151122454942e-16 
 1107       1.668685210058e-10       2.620283876635e-12      -1.035451613657e-11       0.000000000000e+00       3.500967455591e-15      -9.431890474378e-17       1.133558400265e-16 
 1108       1.671877652712e-10       2.585063176520e-12      -1.026587990650e-11       0.000000000000e+00       3.488677913062e-15      -9.576563242363e-17       1.115961859146e-16 
 1109       1.674986456507e-10       2.550285421725e-12      -1.017480206694e-11       0.000000000000e+00       3.476441879389e-15      -9.714331966963e-17       1.098335187899e-16 
 1110       1.678009745402e-10       2.515962094571e-12      -1.008133511735e-11       0.000000000000e+00       3.464259110649e-15      -9.845433045561e-17       1.080680759456e-16 
 1111       1.680945632376e-10       2.482104744492e-12      -9.985531999945e-12       0.000000000000e+00       3.452129358451e-15      -9.970104790648e-17       1.063000963403e-16 
 1112       1.683792219398e-10       2.448724988172e-12      -9.887446100678e-12       0.000000000000e+00       3.440052369928e-15      -1.008858743429e-16       1.045298206020e-16 
 1113       1.686547597412e-10       2.415834509690e-12      -9.787131250307e-12       0.000000000000e+00       3.428027887719e-15      -1.020112313260e-16       1.027574910311e-16 
 1114       1.689209846309e-10       2.383445060651e-12      -9.684641725433e-12       0.000000000000e+00       3.416055649962e-15      -1.030795597022e-16       1.009833516048e-16 
 1115       1.691777034906e-10       2.351568460329e-12      -9.580032249540e-12       0.000000000000e+00       3.404135390277e-15      -1.040933196477e-16       9.920764798023e-17 
 1116       1.694247220924e-10       2.320216595803e-12      -9.473357994039e-12       0.000000000000e+00       3.392266837755e-15      -1.050549907133e-16       9.743062749841e-17 
 1117       1.696618450962e-10       2.289401422096e-12      -9.364674579307e-12       0.000000000000e+00       3.380449716945e-15      -1.059670718692e-16       9.565253918774e-17 
 1118       1.698888760479e-10       2.259134962313e-12      -9.254038075729e-12       0.000000000000e+00       3.368683747844e-15      -1.068320815496e-16       9.387363376778e-17 
 1119       1.701056173767e-10       2.229429307778e-12      -9.141505004742e-12       0.000000000000e+00       3.356968645880e-15      -1.076525576976e-16       9.209416365283e-17 
 1120       1.703118703930e-10       2.200296618175e-12      -9.027132339876e-12       0.000000000000e+00       3.345304121902e-15      -1.084310578096e-16       9.031438295563e-17 
 1121       1.705074352862e-10       2.171749121685e-12      -8.910977507792e-12       0.000000000000e+00       3.333689882170e-15      -1.091701589802e-16       8.853454749104e-17 
 1122       1.706921111222e-10       2.143799115123e-12      -8.793098389328e-12       0.000000000000e+00       3.322125628335e-15      -1.098724579469e-16       8.675491477965e-17 
 1123       1.708656958414e-10       2.116458964078e-12      -8.673553320540e-12       0.000000000000e+00       3.310611057436e-15      -1.105405711349e-16       8.497574405149e-17 
 1124       1.710279862560e-10       2.089741103050e-12      -8.552401093741e-12       0.000000000000e+00       3.299145861877e-15      -1.111771347016e-16       8.319729624966e-17 
 1125       1.711787780482e-10       2.063658035588e-12      -8.429700958544e-12       0.000000000000e+00       3.287729729426e-15      -1.117848045815e-16       8.141983403404e-17 
 1126       1.713178657677e-10       2.038222334430e-12      -8.305512622906e-12       0.000000000000e+00       3.276362343191e-15      -1.123662565309e-16       7.964362178487e-17 
 1127       1.714450428292e-10       2.013446641640e-12      -8.179896254167e-12       0.000000000000e+00       3.265043381615e-15      -1.129241861725e-16       7.786892560649e-17 
 1128       1.715601015105e-10       1.989343668745e-12      -8.052912480092e-12       0.000000000000e+00       3.253772518462e-15      -1.134613090401e-16       7.609601333098e-17 
 1129       1.716628329502e-10       1.965926196878e-12      -7.924622389911e-12       0.000000000000e+00       3.242549422803e-15      -1.139803606234e-16       7.432515452180e-17 
 1130       1.717530271449e-10       1.943207076909e-12      -7.795087535366e-12       0.000000000000e+00       3.231373759002e-15      -1.144840964129e-16       7.255662047746e-17 
 1131       1.718305136933e-10       1.921197136553e-12      -7.664368723953e-12       0.000000000000e+00       3.220245219293e-15      -1.149744174141e-16       7.079067730589e-17 
 1132       1.718952846066e-10       1.899898871786e-12      -7.532522379497e-12       0.000000000000e+00       3.209163621972e-15      -1.154497342303e-16       6.902756504205e-17 
 1133       1.719473730802e-10       1.879312674190e-12      -7.399604136626e-12       0.000000000000e+00       3.198128814447e-15      -1.159075690101e-16       6.726751826777e-17 
 1134       1.719868128932e-10       1.859438916536e-12      -7.265670045223e-12       0.000000000000e+00       3.187140640759e-15      -1.163454268516e-16       6.551077301956e-17 
 1135       1.720136384103e-10       1.840277952726e-12      -7.130776571358e-12       0.000000000000e+00       3.176198941570e-15      -1.167607957648e-16       6.375756679171e-17 
 1136       1.720278845829e-10       1.821830117739e-12      -6.994980598217e-12       0.000000000000e+00       3.165303554154e-15      -1.171511466347e-16       6.200813853919e-17 
 1137       1.720295869510e-10       1.804095727566e-12      -6.858339427026e-12       0.000000000000e+00       3.154454312390e-15      -1.175139331839e-16       6.026272868078e-17 
 1138       1.720187816447e-10       1.787075079161e-12      -6.720910777983e-12       0.000000000000e+00       3.143651046751e-15      -1.178465919352e-16       5.852157910199e-17 
 1139       1.719955053855e-10       1.770768450375e-12      -6.582752791187e-12       0.000000000000e+00       3.132893584291e-15      -1.181465421746e-16       5.678493315812e-17 
 1140       1.719597954880e-10       1.755176099903e-12      -6.443924027563e-12       0.000000000000e+00       3.122181748643e-15      -1.184111859139e-16       5.505303567726e-17 
 1141       1.719116898615e-10       1.740298267224e-12      -6.304483469795e-12       0.000000000000e+00       3.111515360003e-15      -1.186379078535e-16       5.332613296331e-17 
 1142       1.718512270114e-10       1.726135172542e-12      -6.164490523250e-12       0.000000000000e+00       3.100894235123e-15      -1.188240753450e-16       5.160447279898e-17 
 1143       1.717784460409e-10       1.712687016732e-12      -6.024005016909e-12       0.000000000000e+00       3.090318187302e-15      -1.189670383542e-16       4.988830444880e-17 
 1144       1.716933866524e-10       1.699953981278e-12      -5.883087204295e-12       0.000000000000e+00       3.079787026374e-15      -1.190641294236e-16       4.817787866218e-17 
 1145       1.715960891489e-10       1.687936228218e-12      -5.741797764401e-12       0.000000000000e+00       3.069300558702e-15      -1.191126636354e-16       4.647344767634e-17 
 1146       1.714865944361e-10       1.676633900084e-12      -5.600197802618e-12       0.000000000000e+00       3.058858587165e-15      -1.191099385739e-16       4.477526521939e-17 
 1147       1.713649440232e-10       1.666047119844e-12      -5.458348851667e-12       0.000000000000e+00       3.048460911152e-15      -1.190532342885e-16       4.308358651334e-17 
 1148       1.712311800249e-10       1.656175990845e-12      -5.316312872521e-12       0.000000000000e+00       3.038107326550e-15      -1.189398132565e-16       4.139866827705e-17 
 1149       1.710853451630e-10       1.647020596757e-12      -5.174152255340e-12       0.000000000000e+00       3.027797625733e-15      -1.187669203455e-16       3.972076872933e-17 
 1150       1.709274827675e-10       1.638581001511e-12      -5.031929820393e-12       0.000000000000e+00       3.017531597558e-15      -1.185317827767e-16       3.805014759188e-17 
 1151       1.707576367786e-10       1.630857249243e-12      -4.889708818994e-12       0.000000000000e+00       3.007309027350e-15      -1.182316100869e-16       3.638706609235e-17 
 1152       1.705758517481e-10       1.623849364237e-12      -4.747552934424e-12       0.000000000000e+00       2.997129696895e-15      -1.178635940921e-16       3.473178696732e-17 
 1153       1.703821728407e-10       1.617557350866e-12      -4.605526282861e-12       0.000000000000e+00       2.986993384429e-15      -1.174249088496e-16       3.308457446534e-17 
 1154       1.701766458358e-10       1.611981193533e-12      -4.463693414311e-12       0.000000000000e+00       2.976899864631e-15      -1.169127106207e-16       3.144569434993e-17 
 1155       1.699593171290e-10       1.607120856616e-12      -4.322119313534e-12       0.000000000000e+00       2.966848908613e-15      -1.163241378342e-16       2.981541390259e-17 
 1156       1.697302337337e-10       1.602976284407e-12      -4.180869400973e-12       0.000000000000e+00       2.956840283905e-15      -1.156563110482e-16       2.819400192581e-17 
 1157       1.694894432822e-10       1.599547401056e-12      -4.040009533682e-12       0.000000000000e+00       2.946873754456e-15      -1.149063329136e-16       2.658172874611e-17 
 1158       1.692369940281e-10       1.596834110512e-12      -3.899606006257e-12       0.000000000000e+00       2.936949080613e-15      -1.140712881363e-16       2.497886621701e-17 
 1159       1.689729348468e-10       1.594836296467e-12      -3.759725551759e-12       0.000000000000e+00       2.927066019120e-15      -1.131482434403e-16       2.338568772206e-17 
 1160       1.686973152379e-10       1.593553822293e-12      -3.620435342650e-12       0.000000000000e+00       2.917224323106e-15      -1.121342475303e-16       2.180246817790e-17 
 1161       1.684101853262e-10       1.592986530993e-12      -3.481802991712e-12       0.000000000000e+00       2.907423742071e-15      -1.110263310544e-16       2.022948403717e-17 
 1162       1.681115958636e-10       1.593134245132e-12      -3.343896552987e-12       0.000000000000e+00       2.897664021885e-15      -1.098215065670e-16       1.866701329164e-17 
 1163       1.678015982304e-10       1.593996766788e-12      -3.206784522693e-12       0.000000000000e+00       2.887944904771e-15      -1.085167684914e-16       1.711533547512e-17 
 1164       1.674802444368e-10       1.595573877491e-12      -3.070535840164e-12       0.000000000000e+00       2.878266129299e-15      -1.071090930826e-16       1.557473166655e-17 
 1165       1.671475871248e-10       1.597865338164e-12      -2.935219888768e-12       0.000000000000e+00       2.868627430376e-15      -1.055954383900e-16       1.404548449297e-17 
 1166       1.668036795692e-10       1.600870889065e-12      -2.800906496845e-12       0.000000000000e+00       2.859028539236e-15      -1.039727442202e-16       1.252787813254e-17 
 1167       1.664485756797e-10       1.604590249730e-12      -2.667665938628e-12       0.000000000000e+00       2.849469183432e-15      -1.022379320999e-16       1.102219831756e-17 
 1168       1.660823300020e-10       1.609023118918e-12      -2.535568935175e-12       0.000000000000e+00       2.839949086823e-15      -1.003879052382e-16       9.528732337493e-18 
 1169       1.657049977194e-10       1.614169174547e-12      -2.404686655297e-12       0.000000000000e+00       2.830467969568e-15      -9.841954848987e-17       8.047769041941e-18 
 1170       1.653166346548e-10       1.620028073639e-12      -2.275090716486e-12       0.000000000000e+00       2.821025548115e-15      -9.632972831762e-17       6.579598843698e-18 
 1171       1.649173177744e-10       1.626598031558e-12      -2.146846327717e-12       0.000000000000e+00       2.811621564558e-15      -9.411629103116e-17       5.124440169410e-18 
 1172       1.645072069783e-10       1.633871540410e-12      -2.019991622288e-12       0.000000000000e+00       2.802255875117e-15      -9.178107121756e-17       3.682217800598e-18 
 1173       1.640864840844e-10       1.641839597090e-12      -1.894558068874e-12       0.000000000000e+00       2.792928362745e-15      -8.932692078546e-17       2.252781772065e-18 
 1174       1.636553323992e-10       1.650493118953e-12      -1.770577306588e-12       0.000000000000e+00       2.783638907850e-15      -8.675671414477e-17       8.359806698779e-19 
 1175       1.632139367205e-10       1.659822943635e-12      -1.648081145305e-12       0.000000000000e+00       2.774387388295e-15      -8.407334825674e-17      -5.683383720437e-19 
 1176       1.627624833413e-10       1.669819828871e-12      -1.527101565999e-12       0.000000000000e+00       2.765173679386e-15      -8.127974268392e-17      -1.960329675350e-18 
 1177       1.623011600530e-10       1.680474452313e-12      -1.407670721064e-12       0.000000000000e+00       2.755997653865e-15      -7.837883964026e-17      -3.340149020677e-18 
 1178       1.618301561484e-10       1.691777411345e-12      -1.289820934645e-12       0.000000000000e+00       2.746859181908e-15      -7.537360404111e-17      -4.707953651069e-18 
 1179       1.613496624254e-10       1.703719222905e-12      -1.173584702971e-12       0.000000000000e+00       2.737758131111e-15      -7.226702355324e-17      -6.063902275390e-18 
 1180       1.608598711904e-10       1.716290323299e-12      -1.058994694677e-12       0.000000000000e+00       2.728694366489e-15      -6.906210864491e-17      -7.408155071750e-18 
 1181       1.603609762613e-10       1.729481068023e-12      -9.460837511372e-13       0.000000000000e+00       2.719667750466e-15      -6.576189263587e-17      -8.740873690918e-18 
 1182       1.598531729708e-10       1.743281731577e-12      -8.348848867936e-13       0.000000000000e+00       2.710678142870e-15      -6.236943174738e-17      -1.006222125974e-17 
 1183       1.593366581702e-10       1.757682507284e-12      -7.254312894827e-13       0.000000000000e+00       2.701725400922e-15      -5.888780515228e-17      -1.137236238457e-17 
 1184       1.588116302322e-10       1.772673507109e-12      -6.177563207660e-13       0.000000000000e+00       2.692809379236e-15      -5.532011502499e-17      -1.267146315466e-17 
 1185       1.582782890548e-10       1.788244761475e-12      -5.118935162581e-13       0.000000000000e+00       2.683929929803e-15      -5.166948659156e-17      -1.395969114560e-17 
 1186       1.577368360640e-10       1.804386219084e-12      -4.078765859556e-13       0.000000000000e+00       2.675086901994e-15      -4.793906817969e-17      -1.523721542276e-17 
 1187       1.571874742175e-10       1.821087746729e-12      -3.057394145660e-13       0.000000000000e+00       2.666280142545e-15      -4.413203126875e-17      -1.650420654465e-17 
 1188       1.566304080080e-10       1.838339129119e-12      -2.055160618363e-13       0.000000000000e+00       2.657509495553e-15      -4.025157053986e-17      -1.776083656637e-17 
 1189       1.560658434666e-10       1.856130068692e-12      -1.072407628819e-13       0.000000000000e+00       2.648774802470e-15      -3.630090392585e-17      -1.900727904305e-17 
 1190       1.554939881658e-10       1.874450185433e-12      -1.094792851521e-14       0.000000000000e+00       2.640075902097e-15      -3.228327266135e-17      -2.024370903323e-17 
 1191       1.549150512233e-10       1.893289016696e-12       8.332785442524e-14       0.000000000000e+00       2.631412630571e-15      -2.820194133279e-17      -2.147030310230e-17 
 1192       1.543292433049e-10       1.912636017015e-12       1.755518227463e-13       0.000000000000e+00       2.622784821366e-15      -2.406019792843e-17      -2.268723932591e-17 
 1193       1.537367766282e-10       1.932480557929e-12       2.656890365714e-13       0.000000000000e+00       2.614192305281e-15      -1.986135388842e-17      -2.389469729340e-17 
 1194       1.531378649655e-10       1.952811927794e-12       3.537043790116e-13       0.000000000000e+00       2.605634910434e-15      -1.560874415480e-17      -2.509285811120e-17 
 1195       1.525327236477e-10       1.973619331606e-12       4.395625558369e-13       0.000000000000e+00       2.597112462257e-15      -1.130572722154e-17      -2.628190440626e-17 
 1196       1.519215695670e-10       1.994891890813e-12       5.232280951476e-13       0.000000000000e+00       2.588624783484e-15      -6.955685184597e-18      -2.746202032947e-17 
 1197       1.513046211808e-10       2.016618643139e-12       6.046653470454e-13       0.000000000000e+00       2.580171694152e-15      -2.562023791896e-18      -2.863339155908e-17 
 1198       1.506820985147e-10       2.038788542397e-12       6.838384833043e-13       0.000000000000e+00       2.571753011587e-15       1.871827506600e-18      -2.979620530411e-17 
 1199       1.500542231658e-10       2.061390458309e-12       7.607114970426e-13       0.000000000000e+00       2.563368550400e-15       6.342415508870e-18      -3.095065030777e-17 
 1200       1.494212183063e-10       2.084413176325e-12       8.352482023932e-13       0.000000000000e+00       2.555018122480e-15       1.084626321080e-17      -3.209691685088e-17 
 1201       1.487833086867e-10       2.107845397436e-12       9.074122341757e-13       0.000000000000e+00       2.546701536985e-15       1.537986975618e-17      -3.323519675529e-17 
 1202       1.481407206387e-10       2.131675737999e-12       9.771670475667e-13       0.000000000000e+00       2.538418600341e-15       1.993971038660e-17      -3.436568338730e-17 
 1203       1.474936820796e-10       2.155892729549e-12       1.044475917772e-12       0.000000000000e+00       2.530169116226e-15       2.452223639153e-17      -3.548857166107e-17 
 1204       1.468424225143e-10       2.180484818619e-12       1.109301939697e-12       0.000000000000e+00       2.521952885571e-15       2.912387505817e-17      -3.660405804206e-17 
 1205       1.461871730398e-10       2.205440366558e-12       1.171608027618e-12       0.000000000000e+00       2.513769706549e-15       3.374102962152e-17      -3.771234055041e-17 
 1206       1.455281663478e-10       2.230747649348e-12       1.231356914855e-12       0.000000000000e+00       2.505619374569e-15       3.837007921427e-17      -3.881361876441e-17 
 1207       1.448656367282e-10       2.256394857423e-12       1.288511153439e-12       0.000000000000e+00       2.497501682268e-15       4.300737881682e-17      -3.990809382385e-17 
 1208       1.441998200726e-10       2.282370095487e-12       1.343033113789e-12       0.000000000000e+00       2.489416419508e-15       4.764925920724e-17      -4.099596843351e-17 
 1209       1.435309538775e-10       2.308661382329e-12       1.394884984377e-12       0.000000000000e+00       2.481363373362e-15       5.229202691122e-17      -4.207744686654e-17 
 1210       1.428592772477e-10       2.335256650644e-12       1.444028771405e-12       0.000000000000e+00       2.473342328115e-15       5.693196415204e-17      -4.315273496788e-17 
 1211       1.421850232109e-10       2.362143770910e-12       1.490434125132e-12       0.000000000000e+00       2.465353086110e-15       6.156577087424e-17      -4.422197389809e-17 
 1212       1.415083955533e-10       2.389310623703e-12       1.534101922942e-12       0.000000000000e+00       2.457395530599e-15       6.619189675529e-17      -4.528504048259e-17 
 1213       1.408295917112e-10       2.416745027891e-12       1.575040970278e-12       0.000000000000e+00       2.449469563637e-15       7.080922517224e-17      -4.634174445935e-17 
 1214       1.401488104368e-10       2.444434716477e-12       1.613260200113e-12       0.000000000000e+00       2.441575085290e-15       7.541663257256e-17      -4.739189451792e-17 
 1215       1.394662518009e-10       2.472367336414e-12       1.648768673266e-12       0.000000000000e+00       2.433711993629e-15       8.001298846019e-17      -4.843529829745e-17 
 1216       1.387821171957e-10       2.500530448429e-12       1.681575578703e-12       0.000000000000e+00       2.425880184721e-15       8.459715538172e-17      -4.947176238463e-17 
 1217       1.380966093375e-10       2.528911526842e-12       1.711690233860e-12       0.000000000000e+00       2.418079552631e-15       8.916798891250e-17      -5.050109231175e-17 
 1218       1.374099322693e-10       2.557497959380e-12       1.739122084943e-12       0.000000000000e+00       2.410309989410e-15       9.372433764270e-17      -5.152309255469e-17 
 1219       1.367222913635e-10       2.586277047008e-12       1.763880707249e-12       0.000000000000e+00       2.402571385092e-15       9.826504316345e-17      -5.253756653089e-17 
 1220       1.360338933247e-10       2.615236003738e-12       1.785975805468e-12       0.000000000000e+00       2.394863627691e-15       1.027889400530e-16      -5.354431659739e-17 
 1221       1.353449461924e-10       2.644361956455e-12       1.805417214001e-12       0.000000000000e+00       2.387186603192e-15       1.072948558627e-16      -5.454314404878e-17 
 1222       1.346556593436e-10       2.673641944734e-12       1.822214897270e-12       0.000000000000e+00       2.379540195549e-15       1.117816111033e-16      -5.553384911528e-17 
 1223       1.339662434956e-10       2.703062920663e-12       1.836378950024e-12       0.000000000000e+00       2.371924286677e-15       1.162480192309e-16      -5.651623096067e-17 
 1224       1.332769107087e-10       2.732611748658e-12       1.847919597656e-12       0.000000000000e+00       2.364338756449e-15       1.206928866331e-16      -5.749008768031e-17 
 1225       1.325878743889e-10       2.762275205286e-12       1.856847196514e-12       0.000000000000e+00       2.356783482690e-15       1.251150126153e-16      -5.845521629916e-17 
 1226       1.318993492905e-10       2.792039979087e-12       1.863172234206e-12       0.000000000000e+00       2.349258341170e-15       1.295131893864e-16      -5.941141276976e-17 
 1227       1.312115515188e-10       2.821892670388e-12       1.866905329918e-12       0.000000000000e+00       2.341763205604e-15       1.338862020453e-16      -6.035847197026e-17 
 1228       1.305246985330e-10       2.851819791127e-12       1.868057234721e-12       0.000000000000e+00       2.334297947639e-15       1.382328285669e-16      -6.129618770237e-17 
 1229       1.298390091488e-10       2.881807764671e-12       1.866638831885e-12       0.000000000000e+00       2.326862436854e-15       1.425518397881e-16      -6.222435268943e-17 
 1230       1.291547035411e-10       2.911842925637e-12       1.862661137188e-12       0.000000000000e+00       2.319456540757e-15       1.468419993941e-16      -6.314275857432e-17 
 1231       1.284720032465e-10       2.941911519712e-12       1.856135299227e-12       0.000000000000e+00       2.312080124771e-15       1.511020639044e-16      -6.405119591757e-17 
 1232       1.277911311664e-10       2.971999703471e-12       1.847072599729e-12       0.000000000000e+00       2.304733052237e-15       1.553307826588e-16      -6.494945419528e-17 
 1233       1.271123115694e-10       3.002093544199e-12       1.835484453866e-12       0.000000000000e+00       2.297415184408e-15       1.595268978036e-16      -6.583732179713e-17 
 1234       1.264357700941e-10       3.032179019708e-12       1.821382410561e-12       0.000000000000e+00       2.290126380437e-15       1.636891442781e-16      -6.671458602443e-17 
 1235       1.257617337518e-10       3.062242018159e-12       1.804778152801e-12       0.000000000000e+00       2.282866497379e-15       1.678162497999e-16      -6.758103308807e-17 
 1236       1.250904309292e-10       3.092268337883e-12       1.785683497948e-12       0.000000000000e+00       2.275635390184e-15       1.719069348518e-16      -6.843644810653e-17 
 1237       1.244220913911e-10       3.122243687198e-12       1.764110398053e-12       0.000000000000e+00       2.268432911689e-15       1.759599126675e-16      -6.928061510393e-17 
 1238       1.237569462831e-10       3.152153684228e-12       1.740070940161e-12       0.000000000000e+00       2.261258912616e-15       1.799738892177e-16      -7.011331700795e-17 
 1239       1.230952281344e-10       3.181983856728e-12       1.713577346628e-12       0.000000000000e+00       2.254113241564e-15       1.839475631964e-16      -7.093433564788e-17 
 1240       1.224371708603e-10       3.211719641898e-12       1.684641975429e-12       0.000000000000e+00       2.246995745007e-15       1.878796260069e-16      -7.174345175265e-17 
 1241       1.217830097649e-10       3.241346386206e-12       1.653277320470e-12       0.000000000000e+00       2.239906267285e-15       1.917687617479e-16      -7.254044494874e-17 
 1242       1.211329815443e-10       3.270849345209e-12       1.619496011898e-12       0.000000000000e+00       2.232844650603e-15       1.956136471998e-16      -7.332509375829e-17 
 1243       1.204873242885e-10       3.300213683367e-12       1.583310816416e-12       0.000000000000e+00       2.225810735021e-15       1.994129518103e-16      -7.409717559701e-17 
 1244       1.198462774848e-10       3.329424473870e-12       1.544734637589e-12       0.000000000000e+00       2.218804358454e-15       2.031653376814e-16      -7.485646677223e-17 
 1245       1.192100820200e-10       3.358466698454e-12       1.503780516156e-12       0.000000000000e+00       2.211825356660e-15       2.068694595544e-16      -7.560274248090e-17 
 1246       1.185789801836e-10       3.387325247220e-12       1.460461630346e-12       0.000000000000e+00       2.204873563242e-15       2.105239647970e-16      -7.633577680757e-17 
 1247       1.179532156700e-10       3.415984918457e-12       1.414791296183e-12       0.000000000000e+00       2.197948809639e-15       2.141274933890e-16      -7.705534272240e-17 
 1248       1.173330335814e-10       3.444430418457e-12       1.366782967800e-12       0.000000000000e+00       2.191050925120e-15       2.176786779081e-16      -7.776121207918e-17 
 1249       1.167186804308e-10       3.472646361341e-12       1.316450237751e-12       0.000000000000e+00       2.184179736781e-15       2.211761435167e-16      -7.845315561328e-17 
 1250       1.161104041443e-10       3.500617268873e-12       1.263806837319e-12       0.000000000000e+00       2.177335069537e-15       2.246185079474e-16      -7.913094293973e-17 
 1251       1.155084274284e-10       3.528328889208e-12       1.208870773518e-12       0.000000000000e+00       2.170516762375e-15       2.280050076533e-16      -7.979438789045e-17 
 1252       1.149128675264e-10       3.555772170350e-12       1.151676792358e-12       0.000000000000e+00       2.163724717307e-15       2.313373842939e-16      -8.044348511002e-17 
 1253       1.143238155299e-10       3.582939332764e-12       1.092264061843e-12       0.000000000000e+00       2.156958850976e-15       2.346180202663e-16      -8.107827505222e-17 
 1254       1.137413629295e-10       3.609822554590e-12       1.030672049111e-12       0.000000000000e+00       2.150219078451e-15       2.378493145750e-16      -8.169879878691e-17 
 1255       1.131656016159e-10       3.636413971561e-12       9.669405210749e-13       0.000000000000e+00       2.143505313221e-15       2.410336828662e-16      -8.230509800156e-17 
 1256       1.125966238802e-10       3.662705676922e-12       9.011095450403e-13       0.000000000000e+00       2.136817467193e-15       2.441735574619e-16      -8.289721500270e-17 
 1257       1.120345224146e-10       3.688689721356e-12       8.332194893398e-13       0.000000000000e+00       2.130155450687e-15       2.472713873937e-16      -8.347519271741e-17 
 1258       1.114793903135e-10       3.714358112899e-12       7.633110239588e-13       0.000000000000e+00       2.123519172431e-15       2.503296384372e-16      -8.403907469481e-17 
 1259       1.109313210734e-10       3.739702816865e-12       6.914251211636e-13       0.000000000000e+00       2.116908539559e-15       2.533507931460e-16      -8.458890510747e-17 
 1260       1.103904085943e-10       3.764715755766e-12       6.176030561298e-13       0.000000000000e+00       2.110323457607e-15       2.563373508855e-16      -8.512472875298e-17 
 1261       1.098567471798e-10       3.789388809232e-12       5.418864075702e-13       0.000000000000e+00       2.103763830505e-15       2.592918278674e-16      -8.564659105534e-17 
 1262       1.093304315383e-10       3.813713813930e-12       4.643170583630e-13       0.000000000000e+00       2.097229560580e-15       2.622167571838e-16      -8.615453806647e-17 
 1263       1.088115567830e-10       3.837682563492e-12       3.849371961796e-13       0.000000000000e+00       2.090720548546e-15       2.651146888408e-16      -8.664861646770e-17 
 1264       1.083002184332e-10       3.861286808426e-12       3.037893141129e-13       0.000000000000e+00       2.084236693501e-15       2.679881897929e-16      -8.712887357123e-17 
 1265       1.077965124147e-10       3.884518256044e-12       2.209162113052e-13       0.000000000000e+00       2.077777892926e-15       2.708398439774e-16      -8.759535732157e-17 
 1266       1.073005350602e-10       3.907368570381e-12       1.363609935762e-13       0.000000000000e+00       2.071344042679e-15       2.736722523479e-16      -8.804811629710e-17 
 1267       1.068123831104e-10       3.929829372114e-12       5.016707405144e-14       0.000000000000e+00       2.064935036990e-15       2.764880329087e-16      -8.848719971146e-17 
 1268       1.063321537146e-10       3.951892238487e-12      -3.762182621024e-14       0.000000000000e+00       2.058550768459e-15       2.792898207487e-16      -8.891265741505e-17 
 1269       1.058599444309e-10       3.973548703226e-12      -1.269616775881e-13       0.000000000000e+00       2.052191128051e-15       2.820802680759e-16      -8.932453989654e-17 
 1270       1.053958532275e-10       3.994790256465e-12      -2.178081412719e-13       0.000000000000e+00       2.045856005091e-15       2.848620442512e-16      -8.972289828430e-17 
 1271       1.049399784829e-10       4.015608344665e-12      -3.101165686334e-13       0.000000000000e+00       2.039545287262e-15       2.876378358221e-16      -9.010778434790e-17 
 1272       1.044924189868e-10       4.035994370534e-12      -4.038420005987e-13       0.000000000000e+00       2.033258860601e-15       2.904103465576e-16      -9.047925049958e-17 
 1273       1.040532739407e-10       4.055939692948e-12      -4.989391670199e-13       0.000000000000e+00       2.026996609493e-15       2.931822974818e-16      -9.083734979570e-17 
 1274       1.036226429584e-10       4.075435626873e-12      -5.953624860472e-13       0.000000000000e+00       2.020758416667e-15       2.959564269079e-16      -9.118213593827e-17 
 1275       1.032006260669e-10       4.094473443288e-12      -6.930660635009e-13       0.000000000000e+00       2.014544163194e-15       2.987354904725e-16      -9.151366327637e-17 
 1276       1.027873237071e-10       4.113044369098e-12      -7.920036922432e-13       0.000000000000e+00       2.008353728484e-15       3.015222611697e-16      -9.183198680766e-17 
 1277       1.023828367342e-10       4.131139587065e-12      -8.921288515501e-13       0.000000000000e+00       2.002186990278e-15       3.043195293850e-16      -9.213716217982e-17 
 1278       1.019872664184e-10       4.148750235720e-12      -9.933947064837e-13       0.000000000000e+00       1.996043824646e-15       3.071301029297e-16      -9.242924569207e-17 
 1279       1.016007144459e-10       4.165867409290e-12      -1.095754107264e-12       0.000000000000e+00       1.989924105984e-15       3.099568070746e-16      -9.270829429660e-17 
 1280       1.012232829190e-10       4.182482157617e-12      -1.199159588639e-12       0.000000000000e+00       1.983827707008e-15       3.128024845844e-16      -9.297436560010e-17 
 1281       1.008550743575e-10       4.198585486077e-12      -1.303563369262e-12       0.000000000000e+00       1.977754498753e-15       3.156699957514e-16      -9.322751786516e-17 
 1282       1.004961916985e-10       4.214168355501e-12      -1.408917351057e-12       0.000000000000e+00       1.971704350565e-15       3.185622184303e-16      -9.346781001181e-17 
 1283       1.001467382978e-10       4.229221682102e-12      -1.515173118594e-12       0.000000000000e+00       1.965677130100e-15       3.214820480715e-16      -9.369530161896e-17 
 1284       9.980681793016e-11       4.243736337385e-12      -1.622281938461e-12       0.000000000000e+00       1.959672703319e-15       3.244323977555e-16      -9.391005292590e-17 
 1285       9.947653479010e-11       4.257703148079e-12      -1.730194758635e-12       0.000000000000e+00       1.953690934485e-15       3.274161982272e-16      -9.411212483374e-17 
 1286       9.915599349250e-11       4.271112896049e-12      -1.838862207856e-12       0.000000000000e+00       1.947731686156e-15       3.304363979297e-16      -9.430157890692e-17 
 1287       9.884529907329e-11       4.283956318223e-12      -1.948234594995e-12       0.000000000000e+00       1.941794819185e-15       3.334959630384e-16      -9.447847737466e-17 
 1288       9.854455699015e-11       4.296224106509e-12      -2.058261908431e-12       0.000000000000e+00       1.935880192714e-15       3.365978774954e-16      -9.464288313246e-17 
 1289       9.825387312309e-11       4.307906907717e-12      -2.168893815417e-12       0.000000000000e+00       1.929987664168e-15       3.397451430431e-16      -9.479485974354e-17 
 1290       9.797335377518e-11       4.318995323482e-12      -2.280079661458e-12       0.000000000000e+00       1.924117089255e-15       3.429407792587e-16      -9.493447144035e-17 
 1291       9.770307870910e-11       4.329481626146e-12      -2.391769949428e-12       0.000000000000e+00       1.918268335838e-15       3.461867187303e-16      -9.506178242534e-17 
 1292       9.744301992141e-11       4.339364927840e-12      -2.503920796530e-12       0.000000000000e+00       1.912441325735e-15       3.494804788249e-16      -9.517685476176e-17 
 1293       9.719312194970e-11       4.348646069784e-12      -2.616489526563e-12       0.000000000000e+00       1.906635993383e-15       3.528184522967e-16      -9.527975046190e-17 
 1294       9.695332875202e-11       4.357325911678e-12      -2.729433194227e-12       0.000000000000e+00       1.900852272002e-15       3.561970086809e-16      -9.537053218706e-17 
 1295       9.672358370557e-11       4.365405331747e-12      -2.842708584608e-12       0.000000000000e+00       1.895090093593e-15       3.596124942476e-16      -9.544926324894e-17 
 1296       9.650382960542e-11       4.372885226782e-12      -2.956272212650e-12       0.000000000000e+00       1.889349388932e-15       3.630612319567e-16      -9.551600761110e-17 
 1297       9.629400866324e-11       4.379766512189e-12      -3.070080322637e-12       0.000000000000e+00       1.883630087569e-15       3.665395214125e-16      -9.557082989034e-17 
 1298       9.609406250601e-11       4.386050122030e-12      -3.184088887670e-12       0.000000000000e+00       1.877932117823e-15       3.700436388182e-16      -9.561379535818e-17 
 1299       9.590393217477e-11       4.391737009068e-12      -3.298253609146e-12       0.000000000000e+00       1.872255406784e-15       3.735698369305e-16      -9.564496994222e-17 
 1300       9.572355812331e-11       4.396828144813e-12      -3.412529916237e-12       0.000000000000e+00       1.866599880301e-15       3.771143450144e-16      -9.566442022763e-17 
 1301       9.555288021689e-11       4.401324519562e-12      -3.526872965367e-12       0.000000000000e+00       1.860965462991e-15       3.806733687976e-16      -9.567221345851e-17 
 1302       9.539183773101e-11       4.405227142451e-12      -3.641237639690e-12       0.000000000000e+00       1.855352078223e-15       3.842430904252e-16      -9.566841753939e-17 
 1303       9.524036935008e-11       4.408537041488e-12      -3.755578548572e-12       0.000000000000e+00       1.849759648126e-15       3.878196684141e-16      -9.565310103656e-17 
 1304       9.509841316615e-11       4.411255263610e-12      -3.869850027064e-12       0.000000000000e+00       1.844188093580e-15       3.913992376079e-16      -9.562633317959e-17 
 1305       9.496590667766e-11       4.413382874718e-12      -3.984006135385e-12       0.000000000000e+00       1.838637334214e-15       3.949779091313e-16      -9.558818386269e-17 
 1306       9.484278678814e-11       4.414920959724e-12      -4.098000658399e-12       0.000000000000e+00       1.833107288403e-15       3.985517703447e-16      -9.553872364615e-17 
 1307       9.472898980493e-11       4.415870622597e-12      -4.211787105092e-12       0.000000000000e+00       1.827597873268e-15       4.021168847990e-16      -9.547802375778e-17 
 1308       9.462445143792e-11       4.416232986406e-12      -4.325318708051e-12       0.000000000000e+00       1.822109004667e-15       4.056692921898e-16      -9.540615609432e-17 
 1309       9.452910679825e-11       4.416009193364e-12      -4.438548422945e-12       0.000000000000e+00       1.816640597197e-15       4.092050083125e-16      -9.532319322287e-17 
 1310       9.444289039706e-11       4.415200404872e-12      -4.551428928000e-12       0.000000000000e+00       1.811192564191e-15       4.127200250164e-16      -9.522920838231e-17 
 1311       9.436573614416e-11       4.413807801565e-12      -4.663912623478e-12       0.000000000000e+00       1.805764817711e-15       4.162103101599e-16      -9.512427548473e-17 
 1312       9.429757734682e-11       4.411832583355e-12      -4.775951631156e-12       0.000000000000e+00       1.800357268549e-15       4.196718075643e-16      -9.500846911684e-17 
 1313       9.423834670845e-11       4.409275969475e-12      -4.887497793808e-12       0.000000000000e+00       1.794969826221e-15       4.231004369691e-16      -9.488186454143e-17 
 1314       9.418797632732e-11       4.406139198526e-12      -4.998502674675e-12       0.000000000000e+00       1.789602398966e-15       4.264920939865e-16      -9.474453769873e-17 
 1315       9.414639769529e-11       4.402423528515e-12      -5.108917556951e-12       0.000000000000e+00       1.784254893744e-15       4.298426500554e-16      -9.459656520792e-17 
 1316       9.411354169656e-11       4.398130236907e-12      -5.218693443260e-12       0.000000000000e+00       1.778927216229e-15       4.331479523968e-16      -9.443802436848e-17 
 1317       9.408933860635e-11       4.393260620665e-12      -5.327781055129e-12       0.000000000000e+00       1.773619270810e-15       4.364038239678e-16      -9.426899316166e-17 
 1318       9.407371808962e-11       4.387815996294e-12      -5.436130832474e-12       0.000000000000e+00       1.768330960585e-15       4.396060634168e-16      -9.408955025187e-17 
 1319       9.406660919984e-11       4.381797699889e-12      -5.543692933074e-12       0.000000000000e+00       1.763062187361e-15       4.427504450372e-16      -9.389977498813e-17 
 1320       9.406794037767e-11       4.375207087173e-12      -5.650417232050e-12       0.000000000000e+00       1.757812851649e-15       4.458327187231e-16      -9.369974740549e-17 
 1321       9.407763944970e-11       4.368045533548e-12      -5.756253321345e-12       0.000000000000e+00       1.752582852661e-15       4.488486099228e-16      -9.348954822646e-17 
 1322       9.409563362715e-11       4.360314434134e-12      -5.861150509198e-12       0.000000000000e+00       1.747372088307e-15       4.517938195944e-16      -9.326925886240e-17 
 1323       9.412184950462e-11       4.352015203819e-12      -5.965057819630e-12       0.000000000000e+00       1.742180455194e-15       4.546640241596e-16      -9.303896141499e-17 
 1324       9.415621305880e-11       4.343149277297e-12      -6.067923991914e-12       0.000000000000e+00       1.737007848619e-15       4.574548754589e-16      -9.279873867763e-17 
 1325       9.419864964720e-11       4.333718109115e-12      -6.169697480060e-12       0.000000000000e+00       1.731854162570e-15       4.601620007055e-16      -9.254867413687e-17 
 1326       9.424908400685e-11       4.323723173720e-12      -6.270326452289e-12       0.000000000000e+00       1.726719289723e-15       4.627810024409e-16      -9.228885197383e-17 
 1327       9.430744025303e-11       4.313165965499e-12      -6.369758790514e-12       0.000000000000e+00       1.721603121433e-15       4.653074584885e-16      -9.201935706563e-17 
 1328       9.437364187803e-11       4.302047998825e-12      -6.467942089818e-12       0.000000000000e+00       1.716505547740e-15       4.677369219088e-16      -9.174027498681e-17 
 1329       9.444761174980e-11       4.290370808103e-12      -6.564823657931e-12       0.000000000000e+00       1.711426457359e-15       4.700649209538e-16      -9.145169201076e-17 
 1330       9.452927211075e-11       4.278135947812e-12      -6.660350514711e-12       0.000000000000e+00       1.706365737679e-15       4.722869590216e-16      -9.115369511112e-17 
 1331       9.461853296664e-11       4.265346066659e-12      -6.754474910479e-12       0.000000000000e+00       1.701323285028e-15       4.743997953357e-16      -9.084637479676e-17 
 1332       9.471525711658e-11       4.252008142867e-12      -6.847170948424e-12       0.000000000000e+00       1.696299035596e-15       4.764053024692e-16      -9.052983364765e-17 
 1333       9.481929473632e-11       4.238130284518e-12      -6.938418143769e-12       0.000000000000e+00       1.691292934841e-15       4.783066511070e-16      -9.020417787557e-17 
 1334       9.493049495118e-11       4.223720658783e-12      -7.028195921323e-12       0.000000000000e+00       1.686304927258e-15       4.801070332065e-16      -8.986951450071e-17 
 1335       9.504870583391e-11       4.208787492039e-12      -7.116483615341e-12       0.000000000000e+00       1.681334956373e-15       4.818096620395e-16      -8.952595135330e-17 
 1336       9.517377440267e-11       4.193339069986e-12      -7.203260469370e-12       0.000000000000e+00       1.676382964739e-15       4.834177722329e-16      -8.917359707524e-17 
 1337       9.530554661896e-11       4.177383737767e-12      -7.288505636105e-12       0.000000000000e+00       1.671448893937e-15       4.849346198104e-16      -8.881256112167e-17 
 1338       9.544386738554e-11       4.160929900079e-12      -7.372198177236e-12       0.000000000000e+00       1.666532684573e-15       4.863634822337e-16      -8.844295376265e-17 
 1339       9.558858054438e-11       4.143986021298e-12      -7.454317063306e-12       0.000000000000e+00       1.661634276274e-15       4.877076584434e-16      -8.806488608472e-17 
 1340       9.573952887461e-11       4.126560625587e-12      -7.534841173559e-12       0.000000000000e+00       1.656753607688e-15       4.889704689011e-16      -8.767846999254e-17 
 1341       9.589655409041e-11       4.108662297020e-12      -7.613749295793e-12       0.000000000000e+00       1.651890616479e-15       4.901552556299e-16      -8.728381821052e-17 
 1342       9.605949683899e-11       4.090299679698e-12      -7.691020126211e-12       0.000000000000e+00       1.647045239326e-15       4.912653822559e-16      -8.688104428440e-17 
 1343       9.622819669852e-11       4.071481477860e-12      -7.766632269274e-12       0.000000000000e+00       1.642217411923e-15       4.923042340499e-16      -8.647026258291e-17 
 1344       9.640249217603e-11       4.052216456010e-12      -7.840564237555e-12       0.000000000000e+00       1.637407068974e-15       4.932752179680e-16      -8.605158829935e-17 
 1345       9.658222070541e-11       4.032513439026e-12      -7.912794451586e-12       0.000000000000e+00       1.632614144188e-15       4.941817626935e-16      -8.562513745322e-17 
 1346       9.676721864529e-11       4.012381312278e-12      -7.983301239714e-12       0.000000000000e+00       1.627838570285e-15       4.950273186779e-16      -8.519102689183e-17 
 1347       9.695732127699e-11       3.991829021749e-12      -8.052062837951e-12       0.000000000000e+00       1.623080278985e-15       4.958153581820e-16      -8.474937429195e-17 
 1348       9.715236280247e-11       3.970865574149e-12      -8.119057389828e-12       0.000000000000e+00       1.618339201010e-15       4.965493753177e-16      -8.430029816136e-17 
 1349       9.735217634227e-11       3.949500037034e-12      -8.184262946244e-12       0.000000000000e+00       1.613615266082e-15       4.972328860888e-16      -8.384391784054e-17 
 1350       9.755659393341e-11       3.927741538919e-12      -8.247657465320e-12       0.000000000000e+00       1.608908402920e-15       4.978694284326e-16      -8.338035350423e-17 
 1351       9.776544652737e-11       3.905599269398e-12      -8.309218812251e-12       0.000000000000e+00       1.604218539235e-15       4.984625622609e-16      -8.290972616307e-17 
 1352       9.797856398799e-11       3.883082479264e-12      -8.368924759157e-12       0.000000000000e+00       1.599545601732e-15       4.990158695015e-16      -8.243215766521e-17 
 1353       9.819577508945e-11       3.860200480619e-12      -8.426752984935e-12       0.000000000000e+00       1.594889516107e-15       4.995329541396e-16      -8.194777069794e-17 
 1354       9.841690751415e-11       3.836962646996e-12      -8.482681075112e-12       0.000000000000e+00       1.590250207040e-15       5.000174422587e-16      -8.145668878930e-17 
 1355       9.864178785070e-11       3.813378413474e-12      -8.536686521696e-12       0.000000000000e+00       1.585627598199e-15       5.004729820823e-16      -8.095903630967e-17 
 1356       9.887024159181e-11       3.789457276798e-12      -8.588746723029e-12       0.000000000000e+00       1.581021612234e-15       5.009032440147e-16      -8.045493847342e-17 
 1357       9.910209313225e-11       3.765208795492e-12      -8.638838983636e-12       0.000000000000e+00       1.576432170776e-15       5.013119206829e-16      -7.994452134053e-17 
 1358       9.933716576680e-11       3.740642589977e-12      -8.686940514082e-12       0.000000000000e+00       1.571859194433e-15       5.017027269775e-16      -7.942791181817e-17 
 1359       9.957528168817e-11       3.715768342689e-12      -8.733028430819e-12       0.000000000000e+00       1.567302602791e-15       5.020794000938e-16      -7.890523766233e-17 
 1360       9.981626198491e-11       3.690595798198e-12      -8.777079756042e-12       0.000000000000e+00       1.562762314407e-15       5.024456995736e-16      -7.837662747947e-17 
 1361       1.000599266394e-10       3.665134763320e-12      -8.819071417536e-12       0.000000000000e+00       1.558238246812e-15       5.028054073462e-16      -7.784221072809e-17 
 1362       1.003060945257e-10       3.639395107238e-12      -8.858980248534e-12       0.000000000000e+00       1.553730316504e-15       5.031623277695e-16      -7.730211772038e-17 
 1363       1.005545834077e-10       3.613386761618e-12      -8.896782987565e-12       0.000000000000e+00       1.549238438949e-15       5.035202876718e-16      -7.675647962379e-17 
 1364       1.008052099367e-10       3.587119720725e-12      -8.932456278306e-12       0.000000000000e+00       1.544762528577e-15       5.038831363926e-16      -7.620542846273e-17 
 1365       1.010577896497e-10       3.560604041541e-12      -8.965976669436e-12       0.000000000000e+00       1.540302498780e-15       5.042547458239e-16      -7.564909712008e-17 
 1366       1.013121369670e-10       3.533849843883e-12      -8.997320614485e-12       0.000000000000e+00       1.535858261910e-15       5.046390104521e-16      -7.508761933889e-17 
 1367       1.015680651906e-10       3.506867310516e-12      -9.026464471691e-12       0.000000000000e+00       1.531429729276e-15       5.050398473985e-16      -7.452112972397e-17 
 1368       1.018253865016e-10       3.479666687276e-12      -9.053384503845e-12       0.000000000000e+00       1.527016811143e-15       5.054611964609e-16      -7.394976374349e-17 
 1369       1.020839119585e-10       3.452258283182e-12      -9.078056878149e-12       0.000000000000e+00       1.522619416728e-15       5.059070201551e-16      -7.337365773060e-17 
 1370       1.023434514950e-10       3.424652470555e-12      -9.100457666066e-12       0.000000000000e+00       1.518237454199e-15       5.063813037559e-16      -7.279294888509e-17 
 1371       1.026038221230e-10       3.396859566469e-12      -9.120568703412e-12       0.000000000000e+00       1.513870838979e-15       5.068869536279e-16      -7.220776891550e-17 
 1372       1.028648726407e-10       3.368889475487e-12      -9.138395239339e-12       0.000000000000e+00       1.509519518755e-15       5.074224792777e-16      -7.161822488829e-17 
 1373       1.031264591840e-10       3.340752043345e-12      -9.153948475299e-12       0.000000000000e+00       1.505183448731e-15       5.079852759951e-16      -7.102441817763e-17 
 1374       1.033884370437e-10       3.312457175386e-12      -9.167239722109e-12       0.000000000000e+00       1.500862583342e-15       5.085727233236e-16      -7.042645080757e-17 
 1375       1.036506606640e-10       3.284014836665e-12      -9.178280400177e-12       0.000000000000e+00       1.496556876258e-15       5.091821850319e-16      -6.982442545322e-17 
 1376       1.039129836410e-10       3.255435052062e-12      -9.187082039727e-12       0.000000000000e+00       1.492266280374e-15       5.098110090844e-16      -6.921844544196e-17 
 1377       1.041752587211e-10       3.226727906388e-12      -9.193656281024e-12       0.000000000000e+00       1.487990747816e-15       5.104565276125e-16      -6.860861475463e-17 
 1378       1.044373377997e-10       3.197903544500e-12      -9.198014874603e-12       0.000000000000e+00       1.483730229934e-15       5.111160568857e-16      -6.799503802680e-17 
 1379       1.046990719192e-10       3.168972171404e-12      -9.200169681489e-12       0.000000000000e+00       1.479484677303e-15       5.117868972821e-16      -6.737782054993e-17 
 1380       1.049603112680e-10       3.139944052367e-12      -9.200132673430e-12       0.000000000000e+00       1.475254039717e-15       5.124663332600e-16      -6.675706827260e-17 
 1381       1.052209051784e-10       3.110829513029e-12      -9.197915933117e-12       0.000000000000e+00       1.471038266196e-15       5.131516333285e-16      -6.613288780169e-17 
 1382       1.054807021255e-10       3.081638939509e-12      -9.193531654413e-12       0.000000000000e+00       1.466837304974e-15       5.138400500188e-16      -6.550538640366e-17 
 1383       1.057395497255e-10       3.052382778514e-12      -9.186992142576e-12       0.000000000000e+00       1.462651103505e-15       5.145288198547e-16      -6.487467200569e-17 
 1384       1.059972947342e-10       3.023071537452e-12      -9.178309814489e-12       0.000000000000e+00       1.458479608455e-15       5.152151633243e-16      -6.424085319691e-17 
 1385       1.062537830453e-10       2.993715784540e-12      -9.167497198882e-12       0.000000000000e+00       1.454322765705e-15       5.158962848504e-16      -6.360403922965e-17 
 1386       1.065088596890e-10       2.964326148912e-12      -9.154566936559e-12       0.000000000000e+00       1.450180520350e-15       5.165693727619e-16      -6.296434002057e-17 
 1387       1.067623688306e-10       2.934913320727e-12      -9.139531780625e-12       0.000000000000e+00       1.446052816689e-15       5.172315992646e-16      -6.232186615197e-17 
 1388       1.070141537687e-10       2.905488051286e-12      -9.122404596711e-12       0.000000000000e+00       1.441939598235e-15       5.178801204122e-16      -6.167672887292e-17 
 1389       1.072640569336e-10       2.876061153131e-12      -9.103198363197e-12       0.000000000000e+00       1.437840807704e-15       5.185120760774e-16      -6.102904010051e-17 
 1390       1.075119198863e-10       2.846643500163e-12      -9.081926171445e-12       0.000000000000e+00       1.433756387016e-15       5.191245899228e-16      -6.037891242103e-17 
 1391       1.077575833162e-10       2.817246027747e-12      -9.058601226016e-12       0.000000000000e+00       1.429686277296e-15       5.197147693720e-16      -5.972645909124e-17 
 1392       1.080008870401e-10       2.787879732822e-12      -9.033236844902e-12       0.000000000000e+00       1.425630418868e-15       5.202797055806e-16      -5.907179403950e-17 
 1393       1.082416700005e-10       2.758555674013e-12      -9.005846459750e-12       0.000000000000e+00       1.421588751256e-15       5.208164734070e-16      -5.841503186705e-17 
 1394       1.084797702641e-10       2.729284971735e-12      -8.976443616088e-12       0.000000000000e+00       1.417561213181e-15       5.213221313836e-16      -5.775628784918e-17 
 1395       1.087150250201e-10       2.700078808310e-12      -8.945041973549e-12       0.000000000000e+00       1.413547742560e-15       5.217937216880e-16      -5.709567793646e-17 
 1396       1.089472705789e-10       2.670948428068e-12      -8.911655306099e-12       0.000000000000e+00       1.409548276502e-15       5.222282701135e-16      -5.643331875594e-17 
 1397       1.091763423704e-10       2.641905137465e-12      -8.876297502264e-12       0.000000000000e+00       1.405562751311e-15       5.226227860405e-16      -5.576932761236e-17 
 1398       1.094020749425e-10       2.612960305184e-12      -8.838982565351e-12       0.000000000000e+00       1.401591102479e-15       5.229742624072e-16      -5.510382248937e-17 
 1399       1.096243019595e-10       2.584125362252e-12      -8.799724613679e-12       0.000000000000e+00       1.397633264688e-15       5.232796756810e-16      -5.443692205073e-17 
 1400       1.098428562006e-10       2.555411802144e-12      -8.758537880801e-12       0.000000000000e+00       1.393689171805e-15       5.235359858290e-16      -5.376874564153e-17 
 1401       1.100575695585e-10       2.526831180896e-12      -8.715436715733e-12       0.000000000000e+00       1.389758756883e-15       5.237401362896e-16      -5.309941328940e-17 
 1402       1.102682730376e-10       2.498395117211e-12      -8.670435583176e-12       0.000000000000e+00       1.385841952158e-15       5.238890539430e-16      -5.242904570570e-17 
 1403       1.104747967528e-10       2.470115292573e-12      -8.623549063747e-12       0.000000000000e+00       1.381938689048e-15       5.239796490823e-16      -5.175776428677e-17 
 1404       1.106769699275e-10       2.442003451351e-12      -8.574791854198e-12       0.000000000000e+00       1.378048898148e-15       5.240088153847e-16      -5.108569111510e-17 
 1405       1.108746208924e-10       2.414071400913e-12      -8.524178767650e-12       0.000000000000e+00       1.374172509233e-15       5.239734298823e-16      -5.041294896056e-17 
 1406       1.110675770841e-10       2.386331011733e-12      -8.471724733811e-12       0.000000000000e+00       1.370309451255e-15       5.238703529332e-16      -4.973966128162e-17 
 1407       1.112556650429e-10       2.358794217501e-12      -8.417444799206e-12       0.000000000000e+00       1.366459652338e-15       5.236964281927e-16      -4.906595222653e-17 
 1408       1.114387104121e-10       2.331473015233e-12      -8.361354127403e-12       0.000000000000e+00       1.362623039780e-15       5.234484825837e-16      -4.839194663458e-17 
 1409       1.116165379358e-10       2.304379465381e-12      -8.303467999238e-12       0.000000000000e+00       1.358799540047e-15       5.231233262684e-16      -4.771777003724e-17 
 1410       1.117889714578e-10       2.277525691939e-12      -8.243801813040e-12       0.000000000000e+00       1.354989078779e-15       5.227177526189e-16      -4.704354865944e-17 
 1411       1.119558543849e-10       2.250922773550e-12      -8.182373889346e-12       0.000000000000e+00       1.351191587372e-15       5.222294517874e-16      -4.636939508410e-17 
 1412       1.121171113138e-10       2.224577404026e-12      -8.119213916401e-12       0.000000000000e+00       1.347407022841e-15       5.216597618352e-16      -4.569536508090e-17 
 1413       1.122726870402e-10       2.198495197429e-12      -8.054354592637e-12       0.000000000000e+00       1.343635348165e-15       5.210109460598e-16      -4.502150033247e-17 
 1414       1.124225261507e-10       2.172681793986e-12      -7.987828830526e-12       0.000000000000e+00       1.339876525708e-15       5.202852820088e-16      -4.434784273081e-17 
 1415       1.125665730232e-10       2.147142860128e-12      -7.919669756973e-12       0.000000000000e+00       1.336130517221e-15       5.194850615063e-16      -4.367443437760e-17 
 1416       1.127047718261e-10       2.121884088533e-12      -7.849910713708e-12       0.000000000000e+00       1.332397283838e-15       5.186125906786e-16      -4.300131758459e-17 
 1417       1.128370665182e-10       2.096911198169e-12      -7.778585257685e-12       0.000000000000e+00       1.328676786076e-15       5.176701899803e-16      -4.232853487392e-17 
 1418       1.129634008484e-10       2.072229934336e-12      -7.705727161473e-12       0.000000000000e+00       1.324968983832e-15       5.166601942204e-16      -4.165612897845e-17 
 1419       1.130837183553e-10       2.047846068712e-12      -7.631370413654e-12       0.000000000000e+00       1.321273836384e-15       5.155849525884e-16      -4.098414284217e-17 
 1420       1.131979623668e-10       2.023765399389e-12      -7.555549219215e-12       0.000000000000e+00       1.317591302389e-15       5.144468286800e-16      -4.031261962046e-17 
 1421       1.133060760001e-10       1.999993750923e-12      -7.478297999944e-12       0.000000000000e+00       1.313921339879e-15       5.132482005234e-16      -3.964160268052e-17 
 1422       1.134080021611e-10       1.976536974370e-12      -7.399651394825e-12       0.000000000000e+00       1.310263906263e-15       5.119914606056e-16      -3.897113560166e-17 
 1423       1.135036835442e-10       1.953400947334e-12      -7.319644260431e-12       0.000000000000e+00       1.306618958324e-15       5.106790158976e-16      -3.830126217567e-17 
 1424       1.135930626320e-10       1.930591574008e-12      -7.238311671322e-12       0.000000000000e+00       1.302986452217e-15       5.093132878813e-16      -3.763202640717e-17 
 1425       1.136760816952e-10       1.908114785214e-12      -7.155688920437e-12       0.000000000000e+00       1.299366343472e-15       5.078967125750e-16      -3.696347251394e-17 
 1426       1.137526827917e-10       1.885976538448e-12      -7.071811519488e-12       0.000000000000e+00       1.295758586983e-15       5.064317405597e-16      -3.629564492730e-17 
 1427       1.138228077670e-10       1.864182817925e-12      -6.986715199359e-12       0.000000000000e+00       1.292163137019e-15       5.049208370049e-16      -3.562858829241e-17 
 1428       1.138863982534e-10       1.842739634615e-12      -6.900435910495e-12       0.000000000000e+00       1.288579947213e-15       5.033664816949e-16      -3.496234746865e-17 
 1429       1.139433956699e-10       1.821653026294e-12      -6.813009823302e-12       0.000000000000e+00       1.285008970564e-15       5.017711690546e-16      -3.429696752996e-17 
 1430       1.139937412219e-10       1.800929057578e-12      -6.724473328539e-12       0.000000000000e+00       1.281450159436e-15       5.001374081755e-16      -3.363249376519e-17 
 1431       1.140373759006e-10       1.780573819974e-12      -6.634863037711e-12       0.000000000000e+00       1.277903465557e-15       4.984677228421e-16      -3.296897167843e-17 
 1432       1.140742404833e-10       1.760593431915e-12      -6.544215783468e-12       0.000000000000e+00       1.274368840017e-15       4.967646515574e-16      -3.230644698940e-17 
 1433       1.141042755324e-10       1.740994038809e-12      -6.452568619997e-12       0.000000000000e+00       1.270846233264e-15       4.950307475693e-16      -3.164496563373e-17 
 1434       1.141274213957e-10       1.721781813078e-12      -6.359958823418e-12       0.000000000000e+00       1.267335595108e-15       4.932685788967e-16      -3.098457376336e-17 
 1435       1.141436182056e-10       1.702962954200e-12      -6.266423892176e-12       0.000000000000e+00       1.263836874716e-15       4.914807283551e-16      -3.032531774687e-17 
 1436       1.141528058791e-10       1.684543688755e-12      -6.172001547441e-12       0.000000000000e+00       1.260350020610e-15       4.896697935829e-16      -2.966724416984e-17 
 1437       1.141549241174e-10       1.666530270466e-12      -6.076729733496e-12       0.000000000000e+00       1.256874980668e-15       4.878383870676e-16      -2.901039983516e-17 
 1438       1.141499124055e-10       1.648928980240e-12      -5.980646618137e-12       0.000000000000e+00       1.253411702121e-15       4.859891361714e-16      -2.835483176342e-17 
 1439       1.141377100121e-10       1.631746126213e-12      -5.883790593067e-12       0.000000000000e+00       1.249960131554e-15       4.841246831578e-16      -2.770058719324e-17 
 1440       1.141182559890e-10       1.614988043791e-12      -5.786200274287e-12       0.000000000000e+00       1.246520214900e-15       4.822476852170e-16      -2.704771358161e-17 
 1441       1.140914891711e-10       1.598661095695e-12      -5.687914502496e-12       0.000000000000e+00       1.243091897443e-15       4.803608144922e-16      -2.639625860424e-17 
 1442       1.140573481761e-10       1.582771671999e-12      -5.588972343481e-12       0.000000000000e+00       1.239675123816e-15       4.784667581060e-16      -2.574627015590e-17 
 1443       1.140157714037e-10       1.567326190180e-12      -5.489413088516e-12       0.000000000000e+00       1.236269837996e-15       4.765682181857e-16      -2.509779635081e-17 
 1444       1.139666970358e-10       1.552331095152e-12      -5.389276254752e-12       0.000000000000e+00       1.232875983308e-15       4.746679118901e-16      -2.445088552293e-17 
 1445       1.139100630361e-10       1.537792859315e-12      -5.288601585617e-12       0.000000000000e+00       1.229493502419e-15       4.727685714347e-16      -2.380558622633e-17 
 1446       1.138458071498e-10       1.523717982596e-12      -5.187429051206e-12       0.000000000000e+00       1.226122337340e-15       4.708729441184e-16      -2.316194723554e-17 
 1447       1.137738669029e-10       1.510112992490e-12      -5.085798848680e-12       0.000000000000e+00       1.222762429422e-15       4.689837923495e-16      -2.252001754590e-17 
 1448       1.136941796025e-10       1.496984444104e-12      -4.983751402655e-12       0.000000000000e+00       1.219413719356e-15       4.671038936712e-16      -2.187984637390e-17 
 1449       1.136066823361e-10       1.484338920201e-12      -4.881327365605e-12       0.000000000000e+00       1.216076147173e-15       4.652360407882e-16      -2.124148315752e-17 
 1450       1.135113119714e-10       1.472183031240e-12      -4.778567618246e-12       0.000000000000e+00       1.212749652237e-15       4.633830415922e-16      -2.060497755661e-17 
 1451       1.134080243642e-10       1.460522069658e-12      -4.675511810017e-12       0.000000000000e+00       1.209434178535e-15       4.615470280727e-16      -1.997036764874e-17 
 1452       1.132968521951e-10       1.449355957796e-12      -4.572193963588e-12       0.000000000000e+00       1.206129690576e-15       4.597273753740e-16      -1.933764438602e-17 
 1453       1.131778477149e-10       1.438683259214e-12      -4.468646826830e-12       0.000000000000e+00       1.202836157644e-15       4.579227618151e-16      -1.870678678078e-17 
 1454       1.130510635905e-10       1.428502520715e-12      -4.364903329027e-12       0.000000000000e+00       1.199553548533e-15       4.561318580886e-16      -1.807777367709e-17 
 1455       1.129165529055e-10       1.418812272310e-12      -4.260996581191e-12       0.000000000000e+00       1.196281831538e-15       4.543533272475e-16      -1.745058375052e-17 
 1456       1.127743691611e-10       1.409611027182e-12      -4.156959876373e-12       0.000000000000e+00       1.193020974462e-15       4.525858246919e-16      -1.682519550779e-17 
 1457       1.126245662764e-10       1.400897281657e-12      -4.052826689972e-12       0.000000000000e+00       1.189770944611e-15       4.508279981557e-16      -1.620158728641e-17 
 1458       1.124671985900e-10       1.392669515162e-12      -3.948630680051e-12       0.000000000000e+00       1.186531708792e-15       4.490784876932e-16      -1.557973725440e-17 
 1459       1.123023208601e-10       1.384926190202e-12      -3.844405687643e-12       0.000000000000e+00       1.183303233315e-15       4.473359256656e-16      -1.495962340995e-17 
 1460       1.121299882656e-10       1.377665752313e-12      -3.740185737068e-12       0.000000000000e+00       1.180085483988e-15       4.455989367281e-16      -1.434122358107e-17 
 1461       1.119502564068e-10       1.370886630040e-12      -3.636005036241e-12       0.000000000000e+00       1.176878426119e-15       4.438661378160e-16      -1.372451542532e-17 
 1462       1.117631813062e-10       1.364587234894e-12      -3.531897976986e-12       0.000000000000e+00       1.173682024516e-15       4.421361381320e-16      -1.310947642942e-17 
 1463       1.115688194094e-10       1.358765961326e-12      -3.427899135346e-12       0.000000000000e+00       1.170496243482e-15       4.404075391322e-16      -1.249608390898e-17 
 1464       1.113672275856e-10       1.353421186684e-12      -3.324043271893e-12       0.000000000000e+00       1.167321046815e-15       4.386789345133e-16      -1.188431500813e-17 
 1465       1.111584631287e-10       1.348551271186e-12      -3.220365332044e-12       0.000000000000e+00       1.164156397811e-15       4.369489101991e-16      -1.127414669923e-17 
 1466       1.109425837579e-10       1.344154557884e-12      -3.116900446370e-12       0.000000000000e+00       1.161002259256e-15       4.352160443268e-16      -1.066555578251e-17 
 1467       1.107196476185e-10       1.340229372629e-12      -3.013683930905e-12       0.000000000000e+00       1.157858593431e-15       4.334789072345e-16      -1.005851888579e-17 
 1468       1.104897132829e-10       1.336774024038e-12      -2.910751287464e-12       0.000000000000e+00       1.154725362108e-15       4.317360614468e-16      -9.453012464112e-18 
 1469       1.102528397510e-10       1.333786803459e-12      -2.808138203947e-12       0.000000000000e+00       1.151602526550e-15       4.299860616625e-16      -8.849012799436e-18 
 1470       1.100090864513e-10       1.331265984939e-12      -2.705880554658e-12       0.000000000000e+00       1.148490047509e-15       4.282274547405e-16      -8.246496000311e-18 
 1471       1.097585132416e-10       1.329209825187e-12      -2.604014400610e-12       0.000000000000e+00       1.145387885224e-15       4.264587796868e-16      -7.645438001546e-18 
 1472       1.095011804097e-10       1.327616563543e-12      -2.502575989842e-12       0.000000000000e+00       1.142295999424e-15       4.246785676412e-16      -7.045814563891e-18 
 1473       1.092371486743e-10       1.326484421941e-12      -2.401601757726e-12       0.000000000000e+00       1.139214349322e-15       4.228853418638e-16      -6.447601273705e-18 
 1474       1.089664791858e-10       1.325811604878e-12      -2.301128327282e-12       0.000000000000e+00       1.136142893616e-15       4.210776177217e-16      -5.850773542637e-18 
 1475       1.086892335269e-10       1.325596299379e-12      -2.201192509487e-12       0.000000000000e+00       1.133081590491e-15       4.192539026758e-16      -5.255306607294e-18 
 1476       1.084054737136e-10       1.325836674961e-12      -2.101831303591e-12       0.000000000000e+00       1.130030397610e-15       4.174126962674e-16      -4.661175528922e-18 
 1477       1.081152621959e-10       1.326530883601e-12      -2.003081897421e-12       0.000000000000e+00       1.126989272122e-15       4.155524901048e-16      -4.068355193076e-18 
 1478       1.078186618585e-10       1.327677059703e-12      -1.904981667699e-12       0.000000000000e+00       1.123958170656e-15       4.136717678499e-16      -3.476820309298e-18 
 1479       1.075157360219e-10       1.329273320062e-12      -1.807568180354e-12       0.000000000000e+00       1.120937049319e-15       4.117690052051e-16      -2.886545410788e-18 
 1480       1.072065484427e-10       1.331317763828e-12      -1.710879190827e-12       0.000000000000e+00       1.117925863698e-15       4.098426698998e-16      -2.297504854082e-18 
 1481       1.068911633147e-10       1.333808472479e-12      -1.614952644388e-12       0.000000000000e+00       1.114924568857e-15       4.078912216772e-16      -1.709672818726e-18 
 1482       1.065696452698e-10       1.336743509778e-12      -1.519826676449e-12       0.000000000000e+00       1.111933119337e-15       4.059131122806e-16      -1.123023306948e-18 
 1483       1.062420593785e-10       1.340120921747e-12      -1.425539612870e-12       0.000000000000e+00       1.108951469155e-15       4.039067854405e-16      -5.375301433366e-19 
 1484       1.059084711507e-10       1.343938736629e-12      -1.332129970273e-12       0.000000000000e+00       1.105979571800e-15       4.018706768612e-16       4.683302548713e-20 
 1485       1.055689465368e-10       1.348194964852e-12      -1.239636456356e-12       0.000000000000e+00       1.103017380236e-15       3.998032142072e-16       6.300927311940e-19 
 1486       1.052235519282e-10       1.352887599000e-12      -1.148097970203e-12       0.000000000000e+00       1.100064846899e-15       3.977028170900e-16       1.212275684072e-18 
 1487       1.048723541581e-10       1.358014613776e-12      -1.057553602592e-12       0.000000000000e+00       1.097121923696e-15       3.955678970550e-16       1.793408773352e-18 
 1488       1.045154205024e-10       1.363573965968e-12      -9.680426363134e-13       0.000000000000e+00       1.094188562004e-15       3.933968575676e-16       2.373519067534e-18 
 1489       1.041528186804e-10       1.369563594415e-12      -8.796045464752e-13       0.000000000000e+00       1.091264712668e-15       3.911880940006e-16       2.952633814709e-18 
 1490       1.037846168557e-10       1.375981419976e-12      -7.922790008189e-13       0.000000000000e+00       1.088350326002e-15       3.889399936204e-16       3.530780442889e-18 
 1491       1.034108912697e-10       1.382824564799e-12      -7.061015715995e-13       0.000000000000e+00       1.085445356025e-15       3.866514114567e-16       4.107955013104e-18 
 1492       1.030317492227e-10       1.390087001839e-12      -6.210908245916e-13       0.000000000000e+00       1.082549773219e-15       3.843231030469e-16       4.684027239524e-18 
 1493       1.026473063199e-10       1.397761882219e-12      -5.372611040496e-13       0.000000000000e+00       1.079663551893e-15       3.819563057200e-16       5.258834538252e-18 
 1494       1.022576788599e-10       1.405842313751e-12      -4.546268097241e-13       0.000000000000e+00       1.076786665959e-15       3.795522640018e-16       5.832213488623e-18 
 1495       1.018629838366e-10       1.414321360860e-12      -3.732023969424e-13       0.000000000000e+00       1.073919088925e-15       3.771122296265e-16       6.403999831830e-18 
 1496       1.014633389397e-10       1.423192044507e-12      -2.930023766886e-13       0.000000000000e+00       1.071060793901e-15       3.746374615499e-16       6.974028469545e-18 
 1497       1.010588625561e-10       1.432447342117e-12      -2.140413156835e-13       0.000000000000e+00       1.068211753593e-15       3.721292259611e-16       7.542133462544e-18 
 1498       1.006496737713e-10       1.442080187499e-12      -1.363338364653e-13       0.000000000000e+00       1.065371940303e-15       3.695887962948e-16       8.108148029331e-18 
 1499       1.002358923705e-10       1.452083470770e-12      -5.989461746985e-14       0.000000000000e+00       1.062541325930e-15       3.670174532441e-16       8.671904544760e-18 
 1500       9.981763883962e-11       1.462450038280e-12       1.526160688959e-14       0.000000000000e+00       1.059719881970e-15       3.644164847727e-16       9.233234538659e-18 
 1501       9.939503436672e-11       1.473172692537e-12       8.912004614161e-14       0.000000000000e+00       1.056907579509e-15       3.617871861267e-16       9.791968694455e-18 
 1502       9.896820084309e-11       1.484244192128e-12       1.616658536766e-13       0.000000000000e+00       1.054104389231e-15       3.591308598477e-16       1.034793684780e-17 
 1503       9.853726086447e-11       1.495657251646e-12       2.328841266665e-13       0.000000000000e+00       1.051310281409e-15       3.564488157847e-16       1.090096798518e-17 
 1504       9.810233773225e-11       1.507404541611e-12       3.027599059847e-13       0.000000000000e+00       1.048525225911e-15       3.537423711065e-16       1.145089024256e-17 
 1505       9.766355545466e-11       1.519478688396e-12       3.712781761252e-13       0.000000000000e+00       1.045749192193e-15       3.510128503141e-16       1.199753090400e-17 
 1506       9.722103874800e-11       1.531872274150e-12       4.384238651234e-13       0.000000000000e+00       1.042982149303e-15       3.482615852530e-16       1.254071640027e-17 
 1507       9.677491303779e-11       1.544577836721e-12       5.041818444748e-13       0.000000000000e+00       1.040224065878e-15       3.454899151254e-16       1.308027230747e-17 
 1508       9.632530446000e-11       1.557587869582e-12       5.685369290554e-13       0.000000000000e+00       1.037474910142e-15       3.426991865029e-16       1.361602334569e-17 
 1509       9.587233986223e-11       1.570894821754e-12       6.314738770413e-13       0.000000000000e+00       1.034734649909e-15       3.398907533385e-16       1.414779337759e-17 
 1510       9.541614680494e-11       1.584491097729e-12       6.929773898284e-13       0.000000000000e+00       1.032003252576e-15       3.370659769789e-16       1.467540540702e-17 
 1511       9.495685356260e-11       1.598369057394e-12       7.530321119521e-13       0.000000000000e+00       1.029280685130e-15       3.342262261772e-16       1.519868157771e-17 
 1512       9.449458912493e-11       1.612521015955e-12       8.116226310071e-13       0.000000000000e+00       1.026566914141e-15       3.313728771050e-16       1.571744317181e-17 
 1513       9.402948319808e-11       1.626939243864e-12       8.687334775675e-13       0.000000000000e+00       1.023861905761e-15       3.285073133645e-16       1.623151060856e-17 
 1514       9.356166620582e-11       1.641615966736e-12       9.243491251060e-13       0.000000000000e+00       1.021165625730e-15       3.256309260013e-16       1.674070344293e-17 
 1515       9.309126929075e-11       1.656543365281e-12       9.784539899138e-13       0.000000000000e+00       1.018478039366e-15       3.227451135166e-16       1.724484036417e-17 
 1516       9.261842431550e-11       1.671713575222e-12       1.031032431021e-12       0.000000000000e+00       1.015799111571e-15       3.198512818791e-16       1.774373919453e-17 
 1517       9.214326386393e-11       1.687118687220e-12       1.082068750115e-12       0.000000000000e+00       1.013128806828e-15       3.169508445381e-16       1.823721688780e-17 
 1518       9.166592124231e-11       1.702750746800e-12       1.131547191461e-12       0.000000000000e+00       1.010467089198e-15       3.140452224352e-16       1.872508952800e-17 
 1519       9.118653048053e-11       1.718601754272e-12       1.179451941823e-12       0.000000000000e+00       1.007813922322e-15       3.111358440169e-16       1.920717232795e-17 
 1520       9.070522633330e-11       1.734663664659e-12       1.225767130382e-12       0.000000000000e+00       1.005169269419e-15       3.082241452468e-16       1.968327962791e-17 
 1521       9.022214428136e-11       1.750928387615e-12       1.270476828656e-12       0.000000000000e+00       1.002533093286e-15       3.053115696183e-16       2.015322489425e-17 
 1522       8.973742053263e-11       1.767387787355e-12       1.313565050418e-12       0.000000000000e+00       9.999053562959e-16       3.023995681663e-16       2.061682071799e-17 
 1523       8.925119202348e-11       1.784033682574e-12       1.355015751621e-12       0.000000000000e+00       9.972860203974e-16       2.994895994803e-16       2.107387881348e-17 
 1524       8.876359641986e-11       1.800857846374e-12       1.394812830313e-12       0.000000000000e+00       9.946750471137e-16       2.965831297160e-16       2.152421001703e-17 
 1525       8.827477211854e-11       1.817852006187e-12       1.432940126556e-12       0.000000000000e+00       9.920723975422e-16       2.936816326082e-16       2.196762428548e-17 
 1526       8.778485824831e-11       1.835007843698e-12       1.469381422351e-12       0.000000000000e+00       9.894780323532e-16       2.907865894827e-16       2.240393069490e-17 
 1527       8.729399467113e-11       1.852316994769e-12       1.504120441554e-12       0.000000000000e+00       9.868919117893e-16       2.878994892692e-16       2.283293743913e-17 
 1528       8.680232198339e-11       1.869771049364e-12       1.537140849796e-12       0.000000000000e+00       9.843139956645e-16       2.850218285128e-16       2.325445182848e-17 
 1529       8.630998151708e-11       1.887361551473e-12       1.568426254401e-12       0.000000000000e+00       9.817442433632e-16       2.821551113873e-16       2.366828028829e-17 
 1530       8.581711534096e-11       1.905079999035e-12       1.597960204313e-12       0.000000000000e+00       9.791826138396e-16       2.793008497067e-16       2.407422835761e-17 
 1531       8.532385970707e-11       1.922918000413e-12       1.625730540256e-12       0.000000000000e+00       9.766290690760e-16       2.764603808608e-16       2.447215777676e-17 
 1532       8.483032531917e-11       1.940867745613e-12       1.651742490877e-12       0.000000000000e+00       9.740835844960e-16       2.736343196927e-16       2.486215834960e-17 
 1533       8.433661687814e-11       1.958921539417e-12       1.676005701572e-12       0.000000000000e+00       9.715461386493e-16       2.708231014090e-16       2.524437772058e-17 
 1534       8.384283962047e-11       1.977071645171e-12       1.698529895730e-12       0.000000000000e+00       9.690167097605e-16       2.680271631844e-16       2.561896443623e-17 
 1535       8.334909931913e-11       1.995310284717e-12       1.719324874878e-12       0.000000000000e+00       9.664952757284e-16       2.652469441653e-16       2.598606794677e-17 
 1536       8.285550228445e-11       2.013629638324e-12       1.738400518823e-12       0.000000000000e+00       9.639818141256e-16       2.624828854723e-16       2.634583860764e-17 
 1537       8.236215536493e-11       2.032021844623e-12       1.755766785793e-12       0.000000000000e+00       9.614763021975e-16       2.597354302033e-16       2.669842768102e-17 
 1538       8.186916594816e-11       2.050479000534e-12       1.771433712580e-12       0.000000000000e+00       9.589787168618e-16       2.570050234369e-16       2.704398733739e-17 
 1539       8.137664196165e-11       2.068993161203e-12       1.785411414683e-12       0.000000000000e+00       9.564890347080e-16       2.542921122350e-16       2.738267065710e-17 
 1540       8.088469187371e-11       2.087556339930e-12       1.797710086451e-12       0.000000000000e+00       9.540072319963e-16       2.515971456460e-16       2.771463163186e-17 
 1541       8.039342469430e-11       2.106160508102e-12       1.808340001222e-12       0.000000000000e+00       9.515332846573e-16       2.489205747079e-16       2.804002516633e-17 
 1542       7.990294997589e-11       2.124797595126e-12       1.817311511467e-12       0.000000000000e+00       9.490671682910e-16       2.462628524510e-16       2.835900707964e-17 
 1543       7.941337781435e-11       2.143459488362e-12       1.824635048937e-12       0.000000000000e+00       9.466088581667e-16       2.436244339014e-16       2.867173410695e-17 
 1544       7.892481884976e-11       2.162138033048e-12       1.830321124795e-12       0.000000000000e+00       9.441583292214e-16       2.410057760836e-16       2.897836390099e-17 
 1545       7.843738426733e-11       2.180825032243e-12       1.834380329770e-12       0.000000000000e+00       9.417155560602e-16       2.384073380237e-16       2.927905503359e-17 
 1546       7.795118579824e-11       2.199512246748e-12       1.836823334290e-12       0.000000000000e+00       9.392805129547e-16       2.358295807523e-16       2.957396699724e-17 
 1547       7.746633572048e-11       2.218191395044e-12       1.837660888630e-12       0.000000000000e+00       9.368531738429e-16       2.332729673079e-16       2.986326020664e-17 
 1548       7.698294685976e-11       2.236854153225e-12       1.836903823050e-12       0.000000000000e+00       9.344335123285e-16       2.307379627394e-16       3.014709600021e-17 
 1549       7.650113259032e-11       2.255492154923e-12       1.834563047944e-12       0.000000000000e+00       9.320215016796e-16       2.282250341094e-16       3.042563664170e-17 
 1550       7.602100683582e-11       2.274096991249e-12       1.830649553973e-12       0.000000000000e+00       9.296171148290e-16       2.257346504972e-16       3.069904532165e-17 
 1551       7.554268407023e-11       2.292660210717e-12       1.825174412216e-12       0.000000000000e+00       9.272203243728e-16       2.232672830019e-16       3.096748615900e-17 
 1552       7.506627931864e-11       2.311173319180e-12       1.818148774307e-12       0.000000000000e+00       9.248311025700e-16       2.208234047451e-16       3.123112420261e-17 
 1553       7.459190815814e-11       2.329627779762e-12       1.809583872580e-12       0.000000000000e+00       9.224494213417e-16       2.184034908743e-16       3.149012543281e-17 
 1554       7.411968671871e-11       2.348015012787e-12       1.799491020209e-12       0.000000000000e+00       9.200752522706e-16       2.160080185658e-16       3.174465676294e-17 
 1555       7.364973168405e-11       2.366326395714e-12       1.787881611352e-12       0.000000000000e+00       9.177085666002e-16       2.136374670275e-16       3.199488604088e-17 
 1556       7.318216029245e-11       2.384553263068e-12       1.774767121295e-12       0.000000000000e+00       9.153493352341e-16       2.112923175023e-16       3.224098205063e-17 
 1557       7.271709033766e-11       2.402686906370e-12       1.760159106588e-12       0.000000000000e+00       9.129975287357e-16       2.089730532708e-16       3.248311451382e-17 
 1558       7.225464016977e-11       2.420718574073e-12       1.744069205196e-12       0.000000000000e+00       9.106531173267e-16       2.066801596544e-16       3.272145409128e-17 
 1559       7.179492869602e-11       2.438639471489e-12       1.726509136635e-12       0.000000000000e+00       9.083160708873e-16       2.044141240186e-16       3.295617238457e-17 
 1560       7.133807538172e-11       2.456440760724e-12       1.707490702116e-12       0.000000000000e+00       9.059863589552e-16       2.021754357754e-16       3.318744193751e-17 
 1561       7.088420025106e-11       2.474113560609e-12       1.687025784687e-12       0.000000000000e+00       9.036639507246e-16       1.999645863871e-16       3.341543623777e-17 
 1562       7.043342388804e-11       2.491648946632e-12       1.665126349378e-12       0.000000000000e+00       9.013488150461e-16       1.977820693686e-16       3.364032971836e-17 
 1563       6.998586743727e-11       2.509037950871e-12       1.641804443339e-12       0.000000000000e+00       8.990409204257e-16       1.956283802909e-16       3.386229775923e-17 
 1564       6.954165260484e-11       2.526271561923e-12       1.617072195987e-12       0.000000000000e+00       8.967402350240e-16       1.935040167840e-16       3.408151668875e-17 
 1565       6.910090165923e-11       2.543340724838e-12       1.590941819142e-12       0.000000000000e+00       8.944467266559e-16       1.914094785397e-16       3.429816378531e-17 
 1566       6.866373743213e-11       2.560236341052e-12       1.563425607178e-12       0.000000000000e+00       8.921603627897e-16       1.893452673151e-16       3.451241727884e-17 
 1567       6.823028331930e-11       2.576949268316e-12       1.534535937157e-12       0.000000000000e+00       8.898811105463e-16       1.873118869350e-16       3.472445635236e-17 
 1568       6.780066328146e-11       2.593470320629e-12       1.504285268975e-12       0.000000000000e+00       8.876089366989e-16       1.853098432954e-16       3.493446114352e-17 
 1569       6.737500184513e-11       2.609790268172e-12       1.472686145507e-12       0.000000000000e+00       8.853438076720e-16       1.833396443664e-16       3.514261274615e-17 
 1570       6.695342410353e-11       2.625899837236e-12       1.439751192743e-12       0.000000000000e+00       8.830856895408e-16       1.814018001952e-16       3.534909321179e-17 
 1571       6.653604110339e-11       2.641790605370e-12       1.405495061457e-12       0.000000000000e+00       8.808345507976e-16       1.794965074725e-16       3.555402842228e-17 
 1572       6.612290585507e-11       2.657457696063e-12       1.369940271688e-12       0.000000000000e+00       8.785903706809e-16       1.776227000144e-16       3.575731612253e-17 
 1573       6.571405691461e-11       2.672897109017e-12       1.333111422961e-12       0.000000000000e+00       8.763531309224e-16       1.757789894452e-16       3.595879628953e-17 
 1574       6.530953296063e-11       2.688104827185e-12       1.295033257941e-12       0.000000000000e+00       8.741228129865e-16       1.739639798190e-16       3.615830811476e-17 
 1575       6.490937279454e-11       2.703076816751e-12       1.255730662673e-12       0.000000000000e+00       8.718993980699e-16       1.721762676077e-16       3.635569000300e-17 
 1576       6.451361534066e-11       2.717809027099e-12       1.215228666813e-12       0.000000000000e+00       8.696828671010e-16       1.704144416885e-16       3.655077957107e-17 
 1577       6.412229964639e-11       2.732297390794e-12       1.173552443870e-12       0.000000000000e+00       8.674732007395e-16       1.686770833315e-16       3.674341364657e-17 
 1578       6.373546488235e-11       2.746537823556e-12       1.130727311438e-12       0.000000000000e+00       8.652703793754e-16       1.669627661874e-16       3.693342826672e-17 
 1579       6.335315034254e-11       2.760526224231e-12       1.086778731438e-12       0.000000000000e+00       8.630743831292e-16       1.652700562757e-16       3.712065867705e-17 
 1580       6.297539544450e-11       2.774258474774e-12       1.041732310348e-12       0.000000000000e+00       8.608851918505e-16       1.635975119716e-16       3.730493933025e-17 
 1581       6.260223972944e-11       2.787730440219e-12       9.956137994463e-13       0.000000000000e+00       8.587027851183e-16       1.619436839941e-16       3.748610388485e-17 
 1582       6.223372286242e-11       2.800937968654e-12       9.484490950441e-13       0.000000000000e+00       8.565271422398e-16       1.603071153940e-16       3.766398520407e-17 
 1583       6.186988463248e-11       2.813876891200e-12       9.002642387234e-13       0.000000000000e+00       8.543582422503e-16       1.586863415410e-16       3.783841535452e-17 
 1584       6.151076495279e-11       2.826543021985e-12       8.510854175731e-13       0.000000000000e+00       8.521960639123e-16       1.570798901116e-16       3.800922560503e-17 
 1585       6.115640386084e-11       2.838932158118e-12       8.009389644265e-13       0.000000000000e+00       8.500405857153e-16       1.554862810770e-16       3.817624642536e-17 
 1586       6.080684151855e-11       2.851040079664e-12       7.498513580974e-13       0.000000000000e+00       8.478917858751e-16       1.539040266907e-16       3.833930748502e-17 
 1587       6.046211821244e-11       2.862862549622e-12       6.978492236169e-13       0.000000000000e+00       8.457496423332e-16       1.523316314759e-16       3.849823765201e-17 
 1588       6.012227435378e-11       2.874395313901e-12       6.449593324700e-13       0.000000000000e+00       8.436141327564e-16       1.507675922137e-16       3.865286499159e-17 
 1589       5.978735047876e-11       2.885634101290e-12       5.912086028324e-13       0.000000000000e+00       8.414852345361e-16       1.492103979304e-16       3.880301676504e-17 
 1590       5.945738724861e-11       2.896574623439e-12       5.366240998070e-13       0.000000000000e+00       8.393629247880e-16       1.476585298852e-16       3.894851942847e-17 
 1591       5.913242544977e-11       2.907212574832e-12       4.812330356606e-13       0.000000000000e+00       8.372471803513e-16       1.461104615582e-16       3.908919863154e-17 
 1592       5.881250599405e-11       2.917543632762e-12       4.250627700608e-13       0.000000000000e+00       8.351379777884e-16       1.445646586378e-16       3.922487921625e-17 
 1593       5.849766991876e-11       2.927563457306e-12       3.681408103124e-13       0.000000000000e+00       8.330352933840e-16       1.430195790086e-16       3.935538521571e-17 
 1594       5.818795838691e-11       2.937267691305e-12       3.104948115939e-13       0.000000000000e+00       8.309391031450e-16       1.414736727388e-16       3.948053985290e-17 
 1595       5.788341268728e-11       2.946651960331e-12       2.521525771948e-13       0.000000000000e+00       8.288493827999e-16       1.399253820683e-16       3.960016553944e-17 
 1596       5.758407423466e-11       2.955711872672e-12       1.931420587514e-13       0.000000000000e+00       8.267661077977e-16       1.383731413959e-16       3.971408387438e-17 
 1597       5.728998456996e-11       2.964443019299e-12       1.334913564843e-13       0.000000000000e+00       8.246892533081e-16       1.368153772676e-16       3.982211564292e-17 
 1598       5.700118536035e-11       2.972840973846e-12       7.322871943439e-14       0.000000000000e+00       8.226187942206e-16       1.352505083638e-16       3.992408081524e-17 
 1599       5.671771839945e-11       2.980901292585e-12       1.238254570006e-14       0.000000000000e+00       8.205547051440e-16       1.336769454870e-16       4.001979854522e-17 
 1600       5.643962560745e-11       2.988619514401e-12      -4.901861732658e-14       0.000000000000e+00       8.184969604058e-16       1.320930915498e-16       4.010908716923e-17 
 1601       5.616694903128e-11       2.995991160764e-12      -1.109460727228e-13       0.000000000000e+00       8.164455340517e-16       1.304973415625e-16       4.019176420488e-17 
 1602       5.589973084474e-11       3.003011735712e-12      -1.733709737986e-13       0.000000000000e+00       8.144003998453e-16       1.288880826207e-16       4.026764634983e-17 
 1603       5.563801334871e-11       3.009676725818e-12      -2.362643238602e-13       0.000000000000e+00       8.123615312672e-16       1.272636938929e-16       4.033654948050e-17 
 1604       5.538183897121e-11       3.015981600173e-12      -2.995969759731e-13       0.000000000000e+00       8.103289015145e-16       1.256225466084e-16       4.039828865089e-17 
 1605       5.513125026766e-11       3.021921810353e-12      -3.633396327257e-13       0.000000000000e+00       8.083024835006e-16       1.239630040450e-16       4.045267809133e-17 
 1606       5.488628992094e-11       3.027492790404e-12      -4.274628459926e-13       0.000000000000e+00       8.062822498543e-16       1.222834215164e-16       4.049953120722e-17 
 1607       5.464700074159e-11       3.032689956809e-12      -4.919370166976e-13       0.000000000000e+00       8.042681729195e-16       1.205821463603e-16       4.053866057786e-17 
 1608       5.441342566795e-11       3.037508708468e-12      -5.567323945776e-13       0.000000000000e+00       8.022602247543e-16       1.188575179257e-16       4.056987795515e-17 
 1609       5.418560776633e-11       3.041944426672e-12      -6.218190779454e-13       0.000000000000e+00       8.002583771311e-16       1.171078675609e-16       4.059299426242e-17 
 1610       5.396359023113e-11       3.045992475079e-12      -6.871670134534e-13       0.000000000000e+00       7.982626015353e-16       1.153315186011e-16       4.060781959314e-17 
 1611       5.374740301966e-11       3.049649221643e-12      -7.527471460013e-13       0.000000000000e+00       7.962728714441e-16       1.135273694491e-16       4.061422773192e-17 
 1612       5.353702262348e-11       3.052915114606e-12      -8.185348803565e-13       0.000000000000e+00       7.942891691838e-16       1.116966486336e-16       4.061235036055e-17 
 1613       5.333241193205e-11       3.055791634388e-12      -8.845066504973e-13       0.000000000000e+00       7.923114791334e-16       1.098411756640e-16       4.060238461305e-17 
 1614       5.313353356444e-11       3.058280274195e-12      -9.506387721380e-13       0.000000000000e+00       7.903397854512e-16       1.079627793983e-16       4.058452871531e-17 
 1615       5.294034986890e-11       3.060382540038e-12      -1.016907442545e-12       0.000000000000e+00       7.883740720743e-16       1.060632980581e-16       4.055898198683e-17 
 1616       5.275282292238e-11       3.062099950758e-12      -1.083288740355e-12       0.000000000000e+00       7.864143227182e-16       1.041445792429e-16       4.052594484249e-17 
 1617       5.257091453007e-11       3.063434038045e-12      -1.149758625388e-12       0.000000000000e+00       7.844605208763e-16       1.022084799448e-16       4.048561879426e-17 
 1618       5.239458622491e-11       3.064386346465e-12      -1.216292938467e-12       0.000000000000e+00       7.825126498196e-16       1.002568665630e-16       4.043820645301e-17 
 1619       5.222379926717e-11       3.064958433481e-12      -1.282867401234e-12       0.000000000000e+00       7.805706925963e-16       9.829161491902e-17       4.038391153021e-17 
 1620       5.205851464394e-11       3.065151869473e-12      -1.349457615965e-12       0.000000000000e+00       7.786346320311e-16       9.631461027050e-17       4.032293883967e-17 
 1621       5.189869306872e-11       3.064968237765e-12      -1.416039065388e-12       0.000000000000e+00       7.767044507249e-16       9.432774732649e-17       4.025549429936e-17 
 1622       5.174429498087e-11       3.064409134644e-12      -1.482587112497e-12       0.000000000000e+00       7.747801310546e-16       9.233293026178e-17       4.018178493308e-17 
 1623       5.159528054523e-11       3.063476169384e-12      -1.549077000374e-12       0.000000000000e+00       7.728616551722e-16       9.033207273161e-17       4.010201887227e-17 
 1624       5.145160965162e-11       3.062170964271e-12      -1.615483851998e-12       0.000000000000e+00       7.709490050048e-16       8.832709788633e-17       4.001640535772e-17 
 1625       5.131324191437e-11       3.060495154619e-12      -1.681782670067e-12       0.000000000000e+00       7.690421622540e-16       8.631993838599e-17       3.992515474134e-17 
 1626       5.118013667184e-11       3.058450388801e-12      -1.747948336814e-12       0.000000000000e+00       7.671411083954e-16       8.431253641500e-17       3.982847848790e-17 
 1627       5.105225298601e-11       3.056038328265e-12      -1.813955613819e-12       0.000000000000e+00       7.652458246782e-16       8.230684369678e-17       3.972658917678e-17 
 1628       5.092954964195e-11       3.053260647561e-12      -1.879779141831e-12       0.000000000000e+00       7.633562921250e-16       8.030482150837e-17       3.961970050376e-17 
 1629       5.081198514742e-11       3.050119034359e-12      -1.945393440583e-12       0.000000000000e+00       7.614724915307e-16       7.830844069509e-17       3.950802728268e-17 
 1630       5.069951773233e-11       3.046615189477e-12      -2.010772908606e-12       0.000000000000e+00       7.595944034631e-16       7.631968168515e-17       3.939178544729e-17 
 1631       5.059210534834e-11       3.042750826900e-12      -2.075891823048e-12       0.000000000000e+00       7.577220082615e-16       7.434053450432e-17       3.927119205293e-17 
 1632       5.048970566837e-11       3.038527673802e-12      -2.140724339489e-12       0.000000000000e+00       7.558552860367e-16       7.237299879054e-17       3.914646527832e-17 
 1633       5.039227608613e-11       3.033947470572e-12      -2.205244491759e-12       0.000000000000e+00       7.539942166707e-16       7.041908380856e-17       3.901782442728e-17 
 1634       5.029977371566e-11       3.029011970835e-12      -2.269426191753e-12       0.000000000000e+00       7.521387798160e-16       6.848080846459e-17       3.888548993049e-17 
 1635       5.021215539085e-11       3.023722941473e-12      -2.333243229248e-12       0.000000000000e+00       7.502889548953e-16       6.656020132094e-17       3.874968334727e-17 
 1636       5.012937766503e-11       3.018082162649e-12      -2.396669271721e-12       0.000000000000e+00       7.484447211008e-16       6.465930061062e-17       3.861062736729e-17 
 1637       5.005139681042e-11       3.012091427830e-12      -2.459677864162e-12       0.000000000000e+00       7.466060573943e-16       6.278015425203e-17       3.846854581232e-17 
 1638       4.997816881775e-11       3.005752543811e-12      -2.522242428895e-12       0.000000000000e+00       7.447729425064e-16       6.092481986355e-17       3.832366363801e-17 
 1639       4.990964939571e-11       2.999067330732e-12      -2.584336265390e-12       0.000000000000e+00       7.429453549359e-16       5.909536477821e-17       3.817620693562e-17 
 1640       4.984579397058e-11       2.992037622108e-12      -2.645932550082e-12       0.000000000000e+00       7.411232729497e-16       5.729386605830e-17       3.802640293379e-17 
 1641       4.978655768568e-11       2.984665264845e-12      -2.707004336188e-12       0.000000000000e+00       7.393066745825e-16       5.552241051003e-17       3.787448000023e-17 
 1642       4.973189540096e-11       2.976952119268e-12      -2.767524553521e-12       0.000000000000e+00       7.374955376359e-16       5.378309469814e-17       3.772066764356e-17 
 1643       4.968176169249e-11       2.968900059141e-12      -2.827466008310e-12       0.000000000000e+00       7.356898396780e-16       5.207802496058e-17       3.756519651499e-17 
 1644       4.963611085204e-11       2.960510971688e-12      -2.886801383013e-12       0.000000000000e+00       7.338895580437e-16       5.040931742309e-17       3.740829841009e-17 
 1645       4.959489688660e-11       2.951786757618e-12      -2.945503236135e-12       0.000000000000e+00       7.320946698331e-16       4.877909801389e-17       3.725020627057e-17 
 1646       4.955807351789e-11       2.942729331150e-12      -3.003544002045e-12       0.000000000000e+00       7.303051519121e-16       4.718950247828e-17       3.709115418596e-17 
 1647       4.952559418193e-11       2.933340620028e-12      -3.060895990791e-12       0.000000000000e+00       7.285209809116e-16       4.564267639328e-17       3.693137739545e-17 
 1648       4.949741202855e-11       2.923622565552e-12      -3.117531387919e-12       0.000000000000e+00       7.267421332266e-16       4.414077518231e-17       3.677111228956e-17 
 1649       4.947347992094e-11       2.913577122594e-12      -3.173422254286e-12       0.000000000000e+00       7.249685850166e-16       4.268596412976e-17       3.661059641193e-17 
 1650       4.945375043519e-11       2.903206259627e-12      -3.228540525881e-12       0.000000000000e+00       7.232003122047e-16       4.128041839566e-17       3.645006846108e-17 
 1651       4.943817090000e-11       2.892512523097e-12      -3.282861153775e-12       0.000000000000e+00       7.214372923525e-16       3.992575037354e-17       3.628971433888e-17 
 1652       4.942666846889e-11       2.881500735984e-12      -3.336371554791e-12       0.000000000000e+00       7.196795103052e-16       3.862128618488e-17       3.612950476979e-17 
 1653       4.941916491477e-11       2.870176314343e-12      -3.389062244216e-12       0.000000000000e+00       7.179269525955e-16       3.736577394099e-17       3.596935624621e-17 
 1654       4.941558157709e-11       2.858544704356e-12      -3.440923703222e-12       0.000000000000e+00       7.161796055731e-16       3.615795500307e-17       3.580918485046e-17 
 1655       4.941583936115e-11       2.846611382386e-12      -3.491946378817e-12       0.000000000000e+00       7.144374554036e-16       3.499656397164e-17       3.564890625418e-17 
 1656       4.941985873741e-11       2.834381855019e-12      -3.542120683803e-12       0.000000000000e+00       7.127004880686e-16       3.388032867603e-17       3.548843571771e-17 
 1657       4.942755974080e-11       2.821861659115e-12      -3.591436996727e-12       0.000000000000e+00       7.109686893653e-16       3.280797016377e-17       3.532768808946e-17 
 1658       4.943886197005e-11       2.809056361854e-12      -3.639885661839e-12       0.000000000000e+00       7.092420449057e-16       3.177820269005e-17       3.516657780529e-17 
 1659       4.945368458700e-11       2.795971560783e-12      -3.687456989044e-12       0.000000000000e+00       7.075205401171e-16       3.078973370717e-17       3.500501888788e-17 
 1660       4.947194631592e-11       2.782612883863e-12      -3.734141253857e-12       0.000000000000e+00       7.058041602408e-16       2.984126385398e-17       3.484292494609e-17 
 1661       4.949356544281e-11       2.768985989521e-12      -3.779928697361e-12       0.000000000000e+00       7.040928903327e-16       2.893148694531e-17       3.468020917437e-17 
 1662       4.951845981475e-11       2.755096566690e-12      -3.824809526157e-12       0.000000000000e+00       7.023867152620e-16       2.805908996142e-17       3.451678435213e-17 
 1663       4.954654683919e-11       2.740950334862e-12      -3.868773912322e-12       0.000000000000e+00       7.006856197115e-16       2.722275303742e-17       3.435256284309e-17 
 1664       4.957774348328e-11       2.726553044134e-12      -3.911811993360e-12       0.000000000000e+00       6.989895881771e-16       2.642114945277e-17       3.418745659468e-17 
 1665       4.961196627315e-11       2.711910475255e-12      -3.953913872162e-12       0.000000000000e+00       6.972986049674e-16       2.565294562065e-17       3.402137713741e-17 
 1666       4.964913129331e-11       2.697028439673e-12      -3.995069616955e-12       0.000000000000e+00       6.956126542032e-16       2.491680107743e-17       3.385423558423e-17 
 1667       4.968915418588e-11       2.681912779584e-12      -4.035269261261e-12       0.000000000000e+00       6.939317198176e-16       2.421136847215e-17       3.368594262995e-17 
 1668       4.973195014995e-11       2.666569367979e-12      -4.074502803849e-12       0.000000000000e+00       6.922557855550e-16       2.353529355589e-17       3.351640855055e-17 
 1669       4.977743394088e-11       2.651004108688e-12      -4.112760208691e-12       0.000000000000e+00       6.905848349713e-16       2.288721517127e-17       3.334554320263e-17 
 1670       4.982551986964e-11       2.635222936435e-12      -4.150031404915e-12       0.000000000000e+00       6.889188514333e-16       2.226576524185e-17       3.317325602272e-17 
 1671       4.987612180211e-11       2.619231816876e-12      -4.186306286764e-12       0.000000000000e+00       6.872578181185e-16       2.166956876161e-17       3.299945602671e-17 
 1672       4.992915315838e-11       2.603036746655e-12      -4.221574713543e-12       0.000000000000e+00       6.856017180146e-16       2.109724378436e-17       3.282405180917e-17 
 1673       4.998452691211e-11       2.586643753447e-12      -4.255826509581e-12       0.000000000000e+00       6.839505339190e-16       2.054740141319e-17       3.264695154280e-17 
 1674       5.004215558981e-11       2.570058896004e-12      -4.289051464182e-12       0.000000000000e+00       6.823042484389e-16       2.001864578994e-17       3.246806297773e-17 
 1675       5.010195127016e-11       2.553288264207e-12      -4.321239331581e-12       0.000000000000e+00       6.806628439907e-16       1.950957408459e-17       3.228729344094e-17 
 1676       5.016382558336e-11       2.536337979110e-12      -4.352379830897e-12       0.000000000000e+00       6.790263027994e-16       1.901877648473e-17       3.210454983563e-17 
 1677       5.022768971039e-11       2.519214192989e-12      -4.382462646088e-12       0.000000000000e+00       6.773946068987e-16       1.854483618501e-17       3.191973864059e-17 
 1678       5.029345438239e-11       2.501923089387e-12      -4.411477425909e-12       0.000000000000e+00       6.757677381305e-16       1.808632937656e-17       3.173276590958e-17 
 1679       5.036102987993e-11       2.484470883167e-12      -4.439413783862e-12       0.000000000000e+00       6.741456781442e-16       1.764182523646e-17       3.154353727069e-17 
 1680       5.043032603235e-11       2.466863820553e-12      -4.466261298152e-12       0.000000000000e+00       6.725284083969e-16       1.720988591714e-17       3.135195792576e-17 
 1681       5.050125221705e-11       2.449108179181e-12      -4.492009511643e-12       0.000000000000e+00       6.709159101527e-16       1.678906653587e-17       3.115793264970e-17 
 1682       5.057371735886e-11       2.431210268145e-12      -4.516647931813e-12       0.000000000000e+00       6.693081644824e-16       1.637791516416e-17       3.096136578990e-17 
 1683       5.064762992928e-11       2.413176428047e-12      -4.540166030707e-12       0.000000000000e+00       6.677051522633e-16       1.597497281721e-17       3.076216126561e-17 
 1684       5.072289794589e-11       2.395013031041e-12      -4.562553244889e-12       0.000000000000e+00       6.661068541787e-16       1.557877344338e-17       3.056022256729e-17 
 1685       5.079942897157e-11       2.376726480881e-12      -4.583798975405e-12       0.000000000000e+00       6.645132507175e-16       1.518784391360e-17       3.035545275602e-17 
 1686       5.087713011389e-11       2.358323212972e-12      -4.603892587728e-12       0.000000000000e+00       6.629243221740e-16       1.480070401083e-17       3.014775446283e-17 
 1687       5.095590802439e-11       2.339809694414e-12      -4.622823411719e-12       0.000000000000e+00       6.613400486474e-16       1.441586641947e-17       2.993702988812e-17 
 1688       5.103566889791e-11       2.321192424050e-12      -4.640580741581e-12       0.000000000000e+00       6.597604100418e-16       1.403183671486e-17       2.972318080103e-17 
 1689       5.111631847191e-11       2.302477932512e-12      -4.657153835810e-12       0.000000000000e+00       6.581853860652e-16       1.364711335267e-17       2.950610853879e-17 
 1690       5.119776202576e-11       2.283672782274e-12      -4.672531917153e-12       0.000000000000e+00       6.566149562297e-16       1.326018765834e-17       2.928571400611e-17 
 1691       5.127990899394e-11       2.264783425060e-12      -4.686707227859e-12       0.000000000000e+00       6.550491014133e-16       1.286988100688e-17       2.906193253527e-17 
 1692       5.136268685047e-11       2.245815772649e-12      -4.699684224441e-12       0.000000000000e+00       6.534878085605e-16       1.247635957359e-17       2.883483879746e-17 
 1693       5.144602734324e-11       2.226775622454e-12      -4.711470462378e-12       0.000000000000e+00       6.519310660216e-16       1.208012834230e-17       2.860454279789e-17 
 1694       5.152986189056e-11       2.207668799860e-12      -4.722073548127e-12       0.000000000000e+00       6.503788619937e-16       1.168169471551e-17       2.837115509838e-17 
 1695       5.161412158070e-11       2.188501158262e-12      -4.731501139198e-12       0.000000000000e+00       6.488311845208e-16       1.128156851803e-17       2.813478681813e-17 
 1696       5.169873717137e-11       2.169278579111e-12      -4.739760944244e-12       0.000000000000e+00       6.472880214931e-16       1.088026200050e-17       2.789554963461e-17 
 1697       5.178363908927e-11       2.150006971951e-12      -4.746860723140e-12       0.000000000000e+00       6.457493606470e-16       1.047828984300e-17       2.765355578437e-17 
 1698       5.186875742955e-11       2.130692274466e-12      -4.752808287066e-12       0.000000000000e+00       6.442151895648e-16       1.007616915866e-17       2.740891806391e-17 
 1699       5.195402195535e-11       2.111340452514e-12      -4.757611498589e-12       0.000000000000e+00       6.426854956742e-16       9.674419497199e-18       2.716174983046e-17 
 1700       5.203936209732e-11       2.091957500175e-12      -4.761278271750e-12       0.000000000000e+00       6.411602662482e-16       9.273562848534e-18       2.691216500287e-17 
 1701       5.212470695311e-11       2.072549439792e-12      -4.763816572142e-12       0.000000000000e+00       6.396394884048e-16       8.874123646359e-18       2.666027806245e-17 
 1702       5.220998528687e-11       2.053122322006e-12      -4.765234416995e-12       0.000000000000e+00       6.381231491065e-16       8.476628771730e-18       2.640620405375e-17 
 1703       5.229512552881e-11       2.033682225806e-12      -4.765539875257e-12       0.000000000000e+00       6.366112351604e-16       8.081607556644e-18       2.615005858548e-17 
 1704       5.238005577464e-11       2.014235258564e-12      -4.764741067681e-12       0.000000000000e+00       6.351037332177e-16       7.689591787624e-18       2.589195783127e-17 
 1705       5.246470378515e-11       1.994787556080e-12      -4.762846166902e-12       0.000000000000e+00       6.336006297733e-16       7.301115709306e-18       2.563201853058e-17 
 1706       5.254899698567e-11       1.975345282622e-12      -4.759863397524e-12       0.000000000000e+00       6.321019111656e-16       6.916716028017e-18       2.537035798948e-17 
 1707       5.263286246559e-11       1.955914630968e-12      -4.755801036203e-12       0.000000000000e+00       6.306075635764e-16       6.536931915362e-18       2.510709408151e-17 
 1708       5.271622697790e-11       1.936501822448e-12      -4.750667411726e-12       0.000000000000e+00       6.291175730305e-16       6.162305011807e-18       2.484234524853e-17 
 1709       5.279901693867e-11       1.917113106982e-12      -4.744470905097e-12       0.000000000000e+00       6.276319253951e-16       5.793379430264e-18       2.457623050154e-17 
 1710       5.288115842656e-11       1.897754763129e-12      -4.737219949618e-12       0.000000000000e+00       6.261506063801e-16       5.430701759669e-18       2.430886942153e-17 
 1711       5.296257718235e-11       1.878433098119e-12      -4.728923030975e-12       0.000000000000e+00       6.246736015374e-16       5.074821068572e-18       2.404038216032e-17 
 1712       5.304319860843e-11       1.859154447901e-12      -4.719588687315e-12       0.000000000000e+00       6.232008962606e-16       4.726288908717e-18       2.377088944138e-17 
 1713       5.312294776834e-11       1.839925177182e-12      -4.709225509336e-12       0.000000000000e+00       6.217324757851e-16       4.385659318626e-18       2.350051256068e-17 
 1714       5.320174938622e-11       1.820751679471e-12      -4.697842140363e-12       0.000000000000e+00       6.202683251872e-16       4.053488827183e-18       2.322937338754e-17 
 1715       5.327952784640e-11       1.801640377117e-12      -4.685447276436e-12       0.000000000000e+00       6.188084293844e-16       3.730336457217e-18       2.295759436545e-17 
 1716       5.335620719285e-11       1.782597721351e-12      -4.672049666387e-12       0.000000000000e+00       6.173527731350e-16       3.416763729085e-18       2.268529851292e-17 
 1717       5.343171112872e-11       1.763630192330e-12      -4.657658111931e-12       0.000000000000e+00       6.159013410373e-16       3.113334664257e-18       2.241260942430e-17 
 1718       5.350596301582e-11       1.744744299175e-12      -4.642281467741e-12       0.000000000000e+00       6.144541175302e-16       2.820615788899e-18       2.213965127065e-17 
 1719       5.357888587419e-11       1.725946580017e-12      -4.625928641534e-12       0.000000000000e+00       6.130110868919e-16       2.539176137455e-18       2.186654880055e-17 
 1720       5.365040238154e-11       1.707243602034e-12      -4.608608594156e-12       0.000000000000e+00       6.115722332406e-16       2.269587256233e-18       2.159342734094e-17 
 1721       5.372043487279e-11       1.688641961495e-12      -4.590330339661e-12       0.000000000000e+00       6.101375405335e-16       2.012423206986e-18       2.132041279798e-17 
 1722       5.378890533960e-11       1.670148283799e-12      -4.571102945393e-12       0.000000000000e+00       6.087069925669e-16       1.768260570496e-18       2.104763165788e-17 
 1723       5.385573542986e-11       1.651769223520e-12      -4.550935532076e-12       0.000000000000e+00       6.072805729755e-16       1.537678450161e-18       2.077521098770e-17 
 1724       5.392084644719e-11       1.633511464446e-12      -4.529837273887e-12       0.000000000000e+00       6.058582652329e-16       1.321258475573e-18       2.050327843626e-17 
 1725       5.398415935046e-11       1.615381719622e-12      -4.507817398546e-12       0.000000000000e+00       6.044400526502e-16       1.119584806105e-18       2.023196223491e-17 
 1726       5.404559475333e-11       1.597386731388e-12      -4.484885187396e-12       0.000000000000e+00       6.030259183769e-16       9.332441344929e-19       1.996139119841e-17 
 1727       5.410507292371e-11       1.579533271425e-12      -4.461049975488e-12       0.000000000000e+00       6.016158453997e-16       7.628256904208e-19       1.969169472577e-17 
 1728       5.416251378329e-11       1.561828140794e-12      -4.436321151657e-12       0.000000000000e+00       6.002098165426e-16       6.089212441028e-19       1.942300280103e-17 
 1729       5.421783690707e-11       1.544278169979e-12      -4.410708158616e-12       0.000000000000e+00       5.988078144666e-16       4.721251098671e-19       1.915544599420e-17 
 1730       5.427096152285e-11       1.526890218924e-12      -4.384220493027e-12       0.000000000000e+00       5.974098216695e-16       3.530341497396e-19       1.888915546198e-17 
 1731       5.432181641180e-11       1.509670506221e-12      -4.356869014384e-12       0.000000000000e+00       5.960158218027e-16       2.520691262141e-19       1.862422557594e-17 
 1732       5.437036970270e-11       1.492622590353e-12      -4.328669883557e-12       0.000000000000e+00       5.946258036361e-16       1.689371020901e-19       1.836060145950e-17 
 1733       5.441659932856e-11       1.475749371471e-12      -4.299640657703e-12       0.000000000000e+00       5.932397571262e-16       1.031645034890e-19       1.809819050195e-17 
 1734       5.446048314838e-11       1.459053760709e-12      -4.269798984629e-12       0.000000000000e+00       5.918576721017e-16       5.427535463103e-20       1.783689964423e-17 
 1735       5.450199894699e-11       1.442538680207e-12      -4.239162602929e-12       0.000000000000e+00       5.904795382632e-16       2.179127426810e-20       1.757663537833e-17 
 1736       5.454112443499e-11       1.426207063124e-12      -4.207749342120e-12       0.000000000000e+00       5.891053451831e-16       5.231472116546e-21       1.731730374659e-17 
 1737       5.457783724866e-11       1.410061853650e-12      -4.175577122773e-12       0.000000000000e+00       5.877350823051e-16       4.112745290193e-21       1.705881034102e-17 
 1738       5.461211494986e-11       1.394106007023e-12      -4.142663956653e-12       0.000000000000e+00       5.863687389442e-16       1.794947473322e-20       1.680106030273e-17 
 1739       5.464393502592e-11       1.378342489542e-12      -4.109027946851e-12       0.000000000000e+00       5.850063042863e-16       4.625362165307e-20       1.654395832117e-17 
 1740       5.467327488959e-11       1.362774278584e-12      -4.074687287920e-12       0.000000000000e+00       5.836477673882e-16       8.853472395338e-20       1.628740863354e-17 
 1741       5.470011187889e-11       1.347404362615e-12      -4.039660266012e-12       0.000000000000e+00       5.822931171770e-16       1.442998926669e-19       1.603131502412e-17 
 1742       5.472442325705e-11       1.332235741209e-12      -4.003965259012e-12       0.000000000000e+00       5.809423424504e-16       2.130538083883e-19       1.577558082358e-17 
 1743       5.474618621244e-11       1.317271425058e-12      -3.967620736669e-12       0.000000000000e+00       5.795954318759e-16       2.942987177074e-19       1.552010890837e-17 
 1744       5.476537785841e-11       1.302514435991e-12      -3.930645260739e-12       0.000000000000e+00       5.782523739909e-16       3.875344296415e-19       1.526480170003e-17 
 1745       5.478197523326e-11       1.287967806985e-12      -3.893057485114e-12       0.000000000000e+00       5.769131572023e-16       4.922583120689e-19       1.500956116453e-17 
 1746       5.479595530012e-11       1.273634582182e-12      -3.854876155960e-12       0.000000000000e+00       5.755777697866e-16       6.079652881616e-19       1.475428881165e-17 
 1747       5.480729494684e-11       1.259517816902e-12      -3.816120111851e-12       0.000000000000e+00       5.742461998892e-16       7.341478328179e-19       1.449888569426e-17 
 1748       5.481597098593e-11       1.245620577658e-12      -3.776808283906e-12       0.000000000000e+00       5.729184355243e-16       8.702959690959e-19       1.424325240774e-17 
 1749       5.482196015445e-11       1.231945942172e-12      -3.736959695921e-12       0.000000000000e+00       5.715944645752e-16       1.015897264646e-18       1.398728908924e-17 
 1750       5.482523911392e-11       1.218496999389e-12      -3.696593464507e-12       0.000000000000e+00       5.702742747931e-16       1.170436828144e-18       1.373089541709e-17 
 1751       5.482578445021e-11       1.205276849488e-12      -3.655728799223e-12       0.000000000000e+00       5.689578537977e-16       1.333397305723e-18       1.347397061010e-17 
 1752       5.482357267348e-11       1.192288603904e-12      -3.614385002713e-12       0.000000000000e+00       5.676451890767e-16       1.504258877408e-18       1.321641342694e-17 
 1753       5.481858021806e-11       1.179535385336e-12      -3.572581470842e-12       0.000000000000e+00       5.663362679853e-16       1.682499253550e-18       1.295812216543e-17 
 1754       5.481078344235e-11       1.167020327763e-12      -3.530337692827e-12       0.000000000000e+00       5.650310777462e-16       1.867593671253e-18       1.269899466194e-17 
 1755       5.480015862876e-11       1.154746576461e-12      -3.487673251375e-12       0.000000000000e+00       5.637296054497e-16       2.059014890813e-18       1.243892829068e-17 
 1756       5.478668198360e-11       1.142717288017e-12      -3.444607822821e-12       0.000000000000e+00       5.624318380528e-16       2.256233192150e-18       1.217781996309e-17 
 1757       5.477032963695e-11       1.130935630341e-12      -3.401161177257e-12       0.000000000000e+00       5.611377623794e-16       2.458716371237e-18       1.191556612714e-17 
 1758       5.475107764265e-11       1.119404782683e-12      -3.357353178672e-12       0.000000000000e+00       5.598473651199e-16       2.665929736538e-18       1.165206276671e-17 
 1759       5.472890197811e-11       1.108127935647e-12      -3.313203785083e-12       0.000000000000e+00       5.585606328312e-16       2.877336105436e-18       1.138720540089e-17 
 1760       5.470377854429e-11       1.097108291206e-12      -3.268733048677e-12       0.000000000000e+00       5.572775519361e-16       3.092395800672e-18       1.112088908338e-17 
 1761       5.467568316558e-11       1.086349062715e-12      -3.223961115936e-12       0.000000000000e+00       5.559981087234e-16       3.310566646771e-18       1.085300840176e-17 
 1762       5.464459158970e-11       1.075853474928e-12      -3.178908227784e-12       0.000000000000e+00       5.547222893474e-16       3.531303966480e-18       1.058345747691e-17 
 1763       5.461047948761e-11       1.065624764012e-12      -3.133594719712e-12       0.000000000000e+00       5.534500798279e-16       3.754060577198e-18       1.031212996228e-17 
 1764       5.457332245341e-11       1.055666177558e-12      -3.088041021919e-12       0.000000000000e+00       5.521814660499e-16       3.978286787411e-18       1.003891904329e-17 
 1765       5.453309600429e-11       1.045980974602e-12      -3.042267659445e-12       0.000000000000e+00       5.509164337633e-16       4.203430393125e-18       9.763717436630e-18 
 1766       5.448977558037e-11       1.036572425634e-12      -2.996295252306e-12       0.000000000000e+00       5.496549685826e-16       4.428936674295e-18       9.486417389640e-18 
 1767       5.444333654466e-11       1.027443812616e-12      -2.950144515632e-12       0.000000000000e+00       5.483970559869e-16       4.654248391263e-18       9.206910679617e-18 
 1768       5.439375418293e-11       1.018598428995e-12      -2.903836259797e-12       0.000000000000e+00       5.471426813195e-16       4.878805781189e-18       8.925088613181e-18 
 1769       5.434100370364e-11       1.010039579719e-12      -2.857391390559e-12       0.000000000000e+00       5.458918297876e-16       5.102046554483e-18       8.640842025607e-18 
 1770       5.428506023783e-11       1.001770581249e-12      -2.810830909193e-12       0.000000000000e+00       5.446444864624e-16       5.323405891237e-18       8.354061280171e-18 
 1771       5.422590756462e-11       9.937940042737e-13      -2.764175018732e-12       0.000000000000e+00       5.434006373609e-16       5.542468762958e-18       8.064681496935e-18 
 1772       5.416356436656e-11       9.861093949799e-13      -2.717440434343e-12       0.000000000000e+00       5.421602727039e-16       5.759428281062e-18       7.772818649041e-18 
 1773       5.409805819103e-11       9.787155349819e-13      -2.670643050995e-12       0.000000000000e+00       5.409233836843e-16       5.974631128343e-18       7.478634589594e-18 
 1774       5.402941674457e-11       9.716111969015e-13      -2.623798835442e-12       0.000000000000e+00       5.396899613876e-16       6.188425579688e-18       7.182291925359e-18 
 1775       5.395766789313e-11       9.647951443532e-13      -2.576923826321e-12       0.000000000000e+00       5.384599967913e-16       6.401161504334e-18       6.883954017831e-18 
 1776       5.388283966233e-11       9.582661319300e-13      -2.530034134253e-12       0.000000000000e+00       5.372334807645e-16       6.613190368128e-18       6.583784984307e-18 
 1777       5.380496023767e-11       9.520229051891e-13      -2.483145941946e-12       0.000000000000e+00       5.360104040684e-16       6.824865235779e-18       6.281949698962e-18 
 1778       5.372405796479e-11       9.460642006371e-13      -2.436275504292e-12       0.000000000000e+00       5.347907573552e-16       7.036540773122e-18       5.978613793915e-18 
 1779       5.364016134970e-11       9.403887457163e-13      -2.389439148472e-12       0.000000000000e+00       5.335745311687e-16       7.248573249372e-18       5.673943660306e-18 
 1780       5.355329905905e-11       9.349952587898e-13      -2.342653274057e-12       0.000000000000e+00       5.323617159438e-16       7.461320539381e-18       5.368106449362e-18 
 1781       5.346349992030e-11       9.298824491274e-13      -2.295934353104e-12       0.000000000000e+00       5.311523020060e-16       7.675142125898e-18       5.061270073476e-18 
 1782       5.337079292206e-11       9.250490168915e-13      -2.249298930265e-12       0.000000000000e+00       5.299462795718e-16       7.890399101824e-18       4.753603207273e-18 
 1783       5.327520721422e-11       9.204936531219e-13      -2.202763622879e-12       0.000000000000e+00       5.287436387481e-16       8.107454172473e-18       4.445275288685e-18 
 1784       5.317677210829e-11       9.162150397226e-13      -2.156345121080e-12       0.000000000000e+00       5.275443695321e-16       8.326671657825e-18       4.136456520022e-18 
 1785       5.307551707758e-11       9.122118494465e-13      -2.110060187896e-12       0.000000000000e+00       5.263484618113e-16       8.548417494789e-18       3.827317869042e-18 
 1786       5.297147175744e-11       9.084827458815e-13      -2.063925659347e-12       0.000000000000e+00       5.251559053629e-16       8.773059239455e-18       3.518031070027e-18 
 1787       5.286466594556e-11       9.050263834360e-13      -2.017958444550e-12       0.000000000000e+00       5.239666898541e-16       9.000966069356e-18       3.208768624850e-18 
 1788       5.275512960212e-11       9.018414073247e-13      -1.972175525819e-12       0.000000000000e+00       5.227808048413e-16       9.232508785723e-18       2.899703804052e-18 
 1789       5.264289285010e-11       8.989264535542e-13      -1.926593958764e-12       0.000000000000e+00       5.215982397708e-16       9.468059815744e-18       2.591010647909e-18 
 1790       5.252798597550e-11       8.962801489083e-13      -1.881230872394e-12       0.000000000000e+00       5.204189839775e-16       9.707993214820e-18       2.282863967507e-18 
 1791       5.241043942757e-11       8.939011109344e-13      -1.836103469218e-12       0.000000000000e+00       5.192430266857e-16       9.952684668824e-18       1.975439345813e-18 
 1792       5.229028381906e-11       8.917879479283e-13      -1.791229025344e-12       0.000000000000e+00       5.180703570084e-16       1.020251149636e-17       1.668913138745e-18 
 1793       5.216754992645e-11       8.899392589205e-13      -1.746624890583e-12       0.000000000000e+00       5.169009639470e-16       1.045785265101e-17       1.363462476247e-18 
 1794       5.204226869022e-11       8.883536336613e-13      -1.702308488547e-12       0.000000000000e+00       5.157348363916e-16       1.071908872362e-17       1.059265263360e-18 
 1795       5.191447121505e-11       8.870296526071e-13      -1.658297316751e-12       0.000000000000e+00       5.145719631203e-16       1.098660194452e-17       7.565001812912e-19 
 1796       5.178418877007e-11       8.859658869055e-13      -1.614608946716e-12       0.000000000000e+00       5.134123327994e-16       1.126077618579e-17       4.553466884904e-19 
 1797       5.165145278914e-11       8.851608983811e-13      -1.571261024067e-12       0.000000000000e+00       5.122559339829e-16       1.154199696357e-17       1.559850217175e-19 
 1798       5.151629487103e-11       8.846132395211e-13      -1.528271268636e-12       0.000000000000e+00       5.111027551125e-16       1.183065144022e-17      -1.414038028832e-19 
 1799       5.137874677971e-11       8.843214534614e-13      -1.485657474562e-12       0.000000000000e+00       5.099527845173e-16       1.212712842667e-17      -4.366379887118e-19 
 1800       5.123884044454e-11       8.842840739715e-13      -1.443437510392e-12       0.000000000000e+00       5.088060104139e-16       1.243181838463e-17      -7.295349576408e-19 
 1801       5.109660796058e-11       8.844996254407e-13      -1.401629319182e-12       0.000000000000e+00       5.076624209056e-16       1.274511342886e-17      -1.019911348943e-18 
 1802       5.095208158876e-11       8.849666228636e-13      -1.360250918598e-12       0.000000000000e+00       5.065220039829e-16       1.306740732940e-17      -1.307583018222e-18 
 1803       5.080529375616e-11       8.856835718255e-13      -1.319320401020e-12       0.000000000000e+00       5.053847475227e-16       1.339909551390e-17      -1.592365036335e-18 
 1804       5.065627705624e-11       8.866489684886e-13      -1.278855933637e-12       0.000000000000e+00       5.042506392887e-16       1.374057506978e-17      -1.874071688326e-18 
 1805       5.050506424907e-11       8.878612995770e-13      -1.238875758551e-12       0.000000000000e+00       5.031196669308e-16       1.409224474658e-17      -2.152516472353e-18 
 1806       5.035168826161e-11       8.893190423630e-13      -1.199398192882e-12       0.000000000000e+00       5.019918179848e-16       1.445450495814e-17      -2.427512098615e-18 
 1807       5.019618218789e-11       8.910206646521e-13      -1.160441628860e-12       0.000000000000e+00       5.008670798728e-16       1.482775778491e-17      -2.698870488280e-18 
 1808       5.003857928929e-11       8.929646247691e-13      -1.122024533935e-12       0.000000000000e+00       4.997454399022e-16       1.521240697620e-17      -2.966402772413e-18 
 1809       4.987891299478e-11       8.951493715437e-13      -1.084165450873e-12       0.000000000000e+00       4.986268852664e-16       1.560885795241e-17      -3.229919290906e-18 
 1810       4.971721690114e-11       8.975733442960e-13      -1.046882997858e-12       0.000000000000e+00       4.975114030438e-16       1.601751780732e-17      -3.489229591406e-18 
 1811       4.955352770500e-11       9.002345695733e-13      -1.010193659034e-12       0.000000000000e+00       4.963989811296e-16       1.643868778090e-17      -3.744187066910e-18 
 1812       4.938789402433e-11       9.031294478274e-13      -9.741051364082e-13       0.000000000000e+00       4.952896110376e-16       1.687223972336e-17      -3.994823265095e-18 
 1813       4.922036764870e-11       9.062539569047e-13      -9.386229444316e-13       0.000000000000e+00       4.941832851207e-16       1.731793702132e-17      -4.241214662118e-18 
 1814       4.905100061430e-11       9.096040543763e-13      -9.037526146995e-13       0.000000000000e+00       4.930799956410e-16       1.777554188826e-17      -4.483438123025e-18 
 1815       4.887984520433e-11       9.131756775082e-13      -8.694996959727e-13       0.000000000000e+00       4.919797347697e-16       1.824481536285e-17      -4.721570902307e-18 
 1816       4.870695394932e-11       9.169647432329e-13      -8.358697541979e-13       0.000000000000e+00       4.908824945871e-16       1.872551730725e-17      -4.955690644465e-18 
 1817       4.853237962747e-11       9.209671481199e-13      -8.028683725274e-13       0.000000000000e+00       4.897882670822e-16       1.921740640547e-17      -5.185875384563e-18 
 1818       4.835617526501e-11       9.251787683470e-13      -7.705011513397e-13       0.000000000000e+00       4.886970441530e-16       1.972024016166e-17      -5.412203548798e-18 
 1819       4.817839413655e-11       9.295954596705e-13      -7.387737082594e-13       0.000000000000e+00       4.876088176058e-16       2.023377489848e-17      -5.634753955053e-18 
 1820       4.799908976544e-11       9.342130573969e-13      -7.076916781775e-13       0.000000000000e+00       4.865235791551e-16       2.075776575538e-17      -5.853605813460e-18 
 1821       4.781831592406e-11       9.390273763533e-13      -6.772607132716e-13       0.000000000000e+00       4.854413204241e-16       2.129196668695e-17      -6.068838726963e-18 
 1822       4.763612663423e-11       9.440342108584e-13      -6.474864830262e-13       0.000000000000e+00       4.843620329436e-16       2.183613046124e-17      -6.280532691874e-18 
 1823       4.745257616756e-11       9.492293346934e-13      -6.183746742524e-13       0.000000000000e+00       4.832857081525e-16       2.239000865807e-17      -6.488768098438e-18 
 1824       4.726771904572e-11       9.546085010731e-13      -5.899309911087e-13       0.000000000000e+00       4.822123373976e-16       2.295335166740e-17      -6.693625731388e-18 
 1825       4.708161004089e-11       9.601674426166e-13      -5.621611551210e-13       0.000000000000e+00       4.811419119330e-16       2.352590868761e-17      -6.895186770511e-18 
 1826       4.689430417602e-11       9.659018713182e-13      -5.350709052024e-13       0.000000000000e+00       4.800744229203e-16       2.410742772384e-17      -7.093532791207e-18 
 1827       4.670585672525e-11       9.718074785183e-13      -5.086659976741e-13       0.000000000000e+00       4.790098614286e-16       2.469765558632e-17      -7.288745765047e-18 
 1828       4.651632321418e-11       9.778799348744e-13      -4.829522062847e-13       0.000000000000e+00       4.779482184338e-16       2.529633788870e-17      -7.480908060336e-18 
 1829       4.632575942030e-11       9.841148903319e-13      -4.579353222314e-13       0.000000000000e+00       4.768894848189e-16       2.590321904635e-17      -7.670102442674e-18 
 1830       4.613422137328e-11       9.905079740953e-13      -4.336211541793e-13       0.000000000000e+00       4.758336513739e-16       2.651804227471e-17      -7.856412075512e-18 
 1831       4.594176535532e-11       9.970547945985e-13      -4.100155282819e-13       0.000000000000e+00       4.747807087950e-16       2.714054958763e-17      -8.039920520720e-18 
 1832       4.574844790154e-11       1.003750939476e-12      -3.871242882017e-13       0.000000000000e+00       4.737306476854e-16       2.777048179564e-17      -8.220711739141e-18 
 1833       4.555432580029e-11       1.010591975535e-12      -3.649532951297e-13       0.000000000000e+00       4.726834585541e-16       2.840757850434e-17      -8.398870091153e-18 
 1834       4.535945609349e-11       1.017573448723e-12      -3.435084278060e-13       0.000000000000e+00       4.716391318168e-16       2.905157811266e-17      -8.574480337232e-18 
 1835       4.516389607701e-11       1.024690884103e-12      -3.227955825399e-13       0.000000000000e+00       4.705976577948e-16       2.970221781127e-17      -8.747627638510e-18 
 1836       4.496770330101e-11       1.031939785821e-12      -3.028206732301e-13       0.000000000000e+00       4.695590267155e-16       3.035923358080e-17      -8.918397557338e-18 
 1837       4.477093557026e-11       1.039315637079e-12      -2.835896313847e-13       0.000000000000e+00       4.685232287118e-16       3.102236019026e-17      -9.086876057843e-18 
 1838       4.457365094452e-11       1.046813900103e-12      -2.651084061420e-13       0.000000000000e+00       4.674902538224e-16       3.169133119532e-17      -9.253149506491e-18 
 1839       4.437590773886e-11       1.054430016120e-12      -2.473829642896e-13       0.000000000000e+00       4.664600919912e-16       3.236587893663e-17      -9.417304672646e-18 
 1840       4.417776452404e-11       1.062159405321e-12      -2.304192902858e-13       0.000000000000e+00       4.654327330674e-16       3.304573453816e-17      -9.579428729133e-18 
 1841       4.397928012683e-11       1.069997466837e-12      -2.142233862789e-13       0.000000000000e+00       4.644081668053e-16       3.373062790553e-17      -9.739609252795e-18 
 1842       4.378051363036e-11       1.077939578709e-12      -1.988012721278e-13       0.000000000000e+00       4.633863828639e-16       3.442028772433e-17      -9.897934225059e-18 
 1843       4.358152437447e-11       1.085981097859e-12      -1.841589854220e-13       0.000000000000e+00       4.623673708073e-16       3.511444145844e-17      -1.005449203249e-17 
 1844       4.338237195609e-11       1.094117360060e-12      -1.703025815021e-13       0.000000000000e+00       4.613511201039e-16       3.581281534835e-17      -1.020937146735e-17 
 1845       4.318311622953e-11       1.102343679907e-12      -1.572381334795e-13       0.000000000000e+00       4.603376201267e-16       3.651513440950e-17      -1.036266172817e-17 
 1846       4.298381730686e-11       1.110655350789e-12      -1.449717322569e-13       0.000000000000e+00       4.593268601530e-16       3.722112243062e-17      -1.051445242031e-17 
 1847       4.278453555826e-11       1.119047644858e-12      -1.335094865486e-13       0.000000000000e+00       4.583188293642e-16       3.793050197199e-17      -1.066483355650e-17 
 1848       4.258533161236e-11       1.127515813002e-12      -1.228575229004e-13       0.000000000000e+00       4.573135168456e-16       3.864299436386e-17      -1.081389555740e-17 
 1849       4.238626635659e-11       1.136055084816e-12      -1.130219857098e-13       0.000000000000e+00       4.563109115863e-16       3.935831970470e-17      -1.096172925222e-17 
 1850       4.218740093752e-11       1.144660668570e-12      -1.040090372466e-13       0.000000000000e+00       4.553110024793e-16       4.007619685955e-17      -1.110842587919e-17 
 1851       4.198879338400e-11       1.153327867667e-12      -9.582277719439e-14       0.000000000000e+00       4.543137791058e-16       4.079637159600e-17      -1.125405327098e-17 
 1852       4.179048844665e-11       1.162052431080e-12      -8.845898325285e-14       0.000000000000e+00       4.533192340976e-16       4.151870123866e-17      -1.139858420382e-17 
 1853       4.159252767874e-11       1.170830205624e-12      -8.191132108846e-14       0.000000000000e+00       4.523273607935e-16       4.224307068062e-17      -1.154196748298e-17 
 1854       4.139495280631e-11       1.179657019703e-12      -7.617342026761e-14       0.000000000000e+00       4.513381524554e-16       4.296936430590e-17      -1.168415170631e-17 
 1855       4.119780572844e-11       1.188528683284e-12      -7.123887420406e-14       0.000000000000e+00       4.503516022688e-16       4.369746598874e-17      -1.182508526395e-17 
 1856       4.100112851747e-11       1.197440987868e-12      -6.710124010625e-14       0.000000000000e+00       4.493677033423e-16       4.442725909292e-17      -1.196471633805e-17 
 1857       4.080496341918e-11       1.206389706470e-12      -6.375403892466e-14       0.000000000000e+00       4.483864487073e-16       4.515862647107e-17      -1.210299290253e-17 
 1858       4.060935285310e-11       1.215370593591e-12      -6.119075529921e-14       0.000000000000e+00       4.474078313185e-16       4.589145046396e-17      -1.223986272274e-17 
 1859       4.041433941268e-11       1.224379385193e-12      -5.940483750655e-14       0.000000000000e+00       4.464318440530e-16       4.662561289984e-17      -1.237527335528e-17 
 1860       4.021996586553e-11       1.233411798676e-12      -5.838969740749e-14       0.000000000000e+00       4.454584797108e-16       4.736099509373e-17      -1.250917214764e-17 
 1861       4.002627515368e-11       1.242463532853e-12      -5.813871039430e-14       0.000000000000e+00       4.444877310144e-16       4.809747784676e-17      -1.264150623798e-17 
 1862       3.983331039376e-11       1.251530267920e-12      -5.864521533813e-14       0.000000000000e+00       4.435195906084e-16       4.883494144544e-17      -1.277222255483e-17 
 1863       3.964111487727e-11       1.260607665438e-12      -5.990251453631e-14       0.000000000000e+00       4.425540510600e-16       4.957326566098e-17      -1.290126781684e-17 
 1864       3.944973207078e-11       1.269691368303e-12      -6.190387365973e-14       0.000000000000e+00       4.415911048584e-16       5.031232974863e-17      -1.302858853249e-17 
 1865       3.925920561620e-11       1.278777000723e-12      -6.464252170024e-14       0.000000000000e+00       4.406307444147e-16       5.105201244695e-17      -1.315413099980e-17 
 1866       3.906957933096e-11       1.287860168194e-12      -6.811165091793e-14       0.000000000000e+00       4.396729620621e-16       5.179219197717e-17      -1.327784130611e-17 
 1867       3.888089720825e-11       1.296936457472e-12      -7.230441678857e-14       0.000000000000e+00       4.387177500553e-16       5.253274604243e-17      -1.339966532776e-17 
 1868       3.869320341730e-11       1.306001436549e-12      -7.721393795089e-14       0.000000000000e+00       4.377651005706e-16       5.327355182717e-17      -1.351954872983e-17 
 1869       3.850654230354e-11       1.315050654631e-12      -8.283329615402e-14       0.000000000000e+00       4.368150057060e-16       5.401448599636e-17      -1.363743696586e-17 
 1870       3.832095838886e-11       1.324079642109e-12      -8.915553620478e-14       0.000000000000e+00       4.358674574808e-16       5.475542469490e-17      -1.375327527760e-17 
 1871       3.813649637185e-11       1.333083910536e-12      -9.617366591509e-14       0.000000000000e+00       4.349224478352e-16       5.549624354684e-17      -1.386700869472e-17 
 1872       3.795320112802e-11       1.342058952601e-12      -1.038806560493e-13       0.000000000000e+00       4.339799686309e-16       5.623681765476e-17      -1.397858203453e-17 
 1873       3.777111771001e-11       1.351000242104e-12      -1.122694402716e-13       0.000000000000e+00       4.330400116504e-16       5.697702159903e-17      -1.408793990172e-17 
 1874       3.759029134785e-11       1.359903233934e-12      -1.213329150932e-13       0.000000000000e+00       4.321025685969e-16       5.771672943716e-17      -1.419502668808e-17 
 1875       3.741076744917e-11       1.368763364039e-12      -1.310639398199e-13       0.000000000000e+00       4.311676310944e-16       5.845581470309e-17      -1.429978657224e-17 
 1876       3.723259159944e-11       1.377576049404e-12      -1.414553364995e-13       0.000000000000e+00       4.302351906876e-16       5.919415040650e-17      -1.440216351937e-17 
 1877       3.705580956218e-11       1.386336688026e-12      -1.524998898689e-13       0.000000000000e+00       4.293052388414e-16       5.993160903212e-17      -1.450210128094e-17 
 1878       3.688046727922e-11       1.395040658888e-12      -1.641903473016e-13       0.000000000000e+00       4.283777669412e-16       6.066806253906e-17      -1.459954339441e-17 
 1879       3.670661087090e-11       1.403683321935e-12      -1.765194187550e-13       0.000000000000e+00       4.274527662924e-16       6.140338236009e-17      -1.469443318299e-17 
 1880       3.653428663631e-11       1.412260018047e-12      -1.894797767180e-13       0.000000000000e+00       4.265302281206e-16       6.213743940097e-17      -1.478671375536e-17 
 1881       3.636354105353e-11       1.420766069016e-12      -2.030640561580e-13       0.000000000000e+00       4.256101435714e-16       6.287010403976e-17      -1.487632800537e-17 
 1882       3.619442077985e-11       1.429196777521e-12      -2.172648544684e-13       0.000000000000e+00       4.246925037098e-16       6.360124612612e-17      -1.496321861180e-17 
 1883       3.602697265199e-11       1.437547427102e-12      -2.320747314162e-13       0.000000000000e+00       4.237772995209e-16       6.433073498063e-17      -1.504732803808e-17 
 1884       3.586124368634e-11       1.445813282135e-12      -2.474862090889e-13       0.000000000000e+00       4.228645219091e-16       6.505843939410e-17      -1.512859853200e-17 
 1885       3.569728107919e-11       1.453989587807e-12      -2.634917718423e-13       0.000000000000e+00       4.219541616983e-16       6.578422762686e-17      -1.520697212544e-17 
 1886       3.553513220695e-11       1.462071570092e-12      -2.800838662475e-13       0.000000000000e+00       4.210462096315e-16       6.650796740812e-17      -1.528239063413e-17 
 1887       3.537484462640e-11       1.470054435724e-12      -2.972549010385e-13       0.000000000000e+00       4.201406563710e-16       6.722952593521e-17      -1.535479565734e-17 
 1888       3.521646607490e-11       1.477933372175e-12      -3.149972470596e-13       0.000000000000e+00       4.192374924981e-16       6.794876987296e-17      -1.542412857760e-17 
 1889       3.506004447060e-11       1.485703547627e-12      -3.333032372125e-13       0.000000000000e+00       4.183367085129e-16       6.866556535297e-17      -1.549033056047e-17 
 1890       3.490562791273e-11       1.493360110948e-12      -3.521651664038e-13       0.000000000000e+00       4.174382948343e-16       6.937977797290e-17      -1.555334255423e-17 
 1891       3.475325808076e-11       1.500898682748e-12      -3.715744876690e-13       0.000000000000e+00       4.165422424693e-16       7.009123482426e-17      -1.561312555192e-17 
 1892       3.460295037572e-11       1.508316832758e-12      -3.915193938484e-13       0.000000000000e+00       4.156485450264e-16       7.079961025551e-17      -1.566972154939e-17 
 1893       3.445471362570e-11       1.515612613831e-12      -4.119872170901e-13       0.000000000000e+00       4.147571967174e-16       7.150453922345e-17      -1.572319305848e-17 
 1894       3.430855667284e-11       1.522784071899e-12      -4.329652308952e-13       0.000000000000e+00       4.138681916896e-16       7.220565518259e-17      -1.577360288794e-17 
 1895       3.416448837342e-11       1.529829245955e-12      -4.544406500379e-13       0.000000000000e+00       4.129815240253e-16       7.290259008314e-17      -1.582101414384e-17 
 1896       3.402251759781e-11       1.536746168054e-12      -4.764006304863e-13       0.000000000000e+00       4.120971877418e-16       7.359497436911e-17      -1.586549023000e-17 
 1897       3.388265323050e-11       1.543532863297e-12      -4.988322693220e-13       0.000000000000e+00       4.112151767913e-16       7.428243697633e-17      -1.590709484834e-17 
 1898       3.374490417010e-11       1.550187349825e-12      -5.217226046616e-13       0.000000000000e+00       4.103354850610e-16       7.496460533044e-17      -1.594589199935e-17 
 1899       3.360927932937e-11       1.556707638814e-12      -5.450586155762e-13       0.000000000000e+00       4.094581063727e-16       7.564110534499e-17      -1.598194598247e-17 
 1900       3.347578763519e-11       1.563091734459e-12      -5.688272220121e-13       0.000000000000e+00       4.085830344828e-16       7.631156141945e-17      -1.601532139648e-17 
 1901       3.334443802860e-11       1.569337633972e-12      -5.930152847113e-13       0.000000000000e+00       4.077102630823e-16       7.697559643724e-17      -1.604608313993e-17 
 1902       3.321523946479e-11       1.575443327571e-12      -6.176096051318e-13       0.000000000000e+00       4.068397857964e-16       7.763283176377e-17      -1.607429641154e-17 
 1903       3.308820091312e-11       1.581406798471e-12      -6.425969253680e-13       0.000000000000e+00       4.059715961848e-16       7.828288724448e-17      -1.610002671060e-17 
 1904       3.296333135712e-11       1.587226022876e-12      -6.679639280712e-13       0.000000000000e+00       4.051056877413e-16       7.892538120290e-17      -1.612333983739e-17 
 1905       3.284063979450e-11       1.592898969969e-12      -6.936972363698e-13       0.000000000000e+00       4.042420538937e-16       7.955993043862e-17      -1.614430189357e-17 
 1906       3.272013523715e-11       1.598423601909e-12      -7.197834137899e-13       0.000000000000e+00       4.033806880038e-16       8.018615022543e-17      -1.616297928258e-17 
 1907       3.260182671117e-11       1.603797873813e-12      -7.462089641754e-13       0.000000000000e+00       4.025215833674e-16       8.080365430923e-17      -1.617943871010e-17 
 1908       3.248572325685e-11       1.609019733757e-12      -7.729603316089e-13       0.000000000000e+00       4.016647332139e-16       8.141205490620e-17      -1.619374718438e-17 
 1909       3.237183392870e-11       1.614087122761e-12      -8.000239003316e-13       0.000000000000e+00       4.008101307064e-16       8.201096270072e-17      -1.620597201670e-17 
 1910       3.226016779544e-11       1.618997974783e-12      -8.273859946640e-13       0.000000000000e+00       3.999577689414e-16       8.259998684349e-17      -1.621618082176e-17 
 1911       3.215073394001e-11       1.623750216710e-12      -8.550328789261e-13       0.000000000000e+00       3.991076409492e-16       8.317873494952e-17      -1.622444151808e-17 
 1912       3.204354145961e-11       1.628341768352e-12      -8.829507573580e-13       0.000000000000e+00       3.982597396929e-16       8.374681309618e-17      -1.623082232842e-17 
 1913       3.193859946567e-11       1.632770542427e-12      -9.111257740402e-13       0.000000000000e+00       3.974140580692e-16       8.430382582125e-17      -1.623539178017e-17 
 1914       3.183591708384e-11       1.637034444558e-12      -9.395440128139e-13       0.000000000000e+00       3.965705889078e-16       8.484937612094e-17      -1.623821870578e-17 
 1915       3.173550345408e-11       1.641131373265e-12      -9.681914972017e-13       0.000000000000e+00       3.957293249714e-16       8.538306544793e-17      -1.623937224314e-17 
 1916       3.163736773058e-11       1.645059219952e-12      -9.970541903274e-13       0.000000000000e+00       3.948902589555e-16       8.590449370940e-17      -1.623892183600e-17 
 1917       3.154151908182e-11       1.648815868901e-12      -1.026117994837e-12       0.000000000000e+00       3.940533834886e-16       8.641325926510e-17      -1.623693723439e-17 
 1918       3.144796669053e-11       1.652399197265e-12      -1.055368752820e-12       0.000000000000e+00       3.932186911316e-16       8.690895892535e-17      -1.623348849498e-17 
 1919       3.135671975378e-11       1.655807075055e-12      -1.084792245726e-12       0.000000000000e+00       3.923861743782e-16       8.739118794907e-17      -1.622864598156e-17 
 1920       3.126778748289e-11       1.659037365136e-12      -1.114374194290e-12       0.000000000000e+00       3.915558256545e-16       8.785954004186e-17      -1.622248036537e-17 
 1921       3.118117910351e-11       1.662087923217e-12      -1.144100258451e-12       0.000000000000e+00       3.907276373189e-16       8.831360735401e-17      -1.621506262555e-17 
 1922       3.109690385560e-11       1.664956597841e-12      -1.173956037269e-12       0.000000000000e+00       3.899016016620e-16       8.875298047853e-17      -1.620646404956e-17 
 1923       3.101497099342e-11       1.667641230378e-12      -1.203927068852e-12       0.000000000000e+00       3.890777109068e-16       8.917724844921e-17      -1.619675623352e-17 
 1924       3.093538978559e-11       1.670139655015e-12      -1.233998830271e-12       0.000000000000e+00       3.882559572080e-16       8.958599873863e-17      -1.618601108270e-17 
 1925       3.085816951504e-11       1.672449698750e-12      -1.264156737482e-12       0.000000000000e+00       3.874363326525e-16       8.997881725621e-17      -1.617430081188e-17 
 1926       3.078331947905e-11       1.674569181382e-12      -1.294386145246e-12       0.000000000000e+00       3.866188292587e-16       9.035528834627e-17      -1.616169794574e-17 
 1927       3.071084898926e-11       1.676495915500e-12      -1.324672347053e-12       0.000000000000e+00       3.858034389772e-16       9.071499478600e-17      -1.614827531931e-17 
 1928       3.064076737166e-11       1.678227706478e-12      -1.355000575035e-12       0.000000000000e+00       3.849901536897e-16       9.105751778358e-17      -1.613410607835e-17 
 1929       3.057308396660e-11       1.679762352467e-12      -1.385355999895e-12       0.000000000000e+00       3.841789652096e-16       9.138243697616e-17      -1.611926367978e-17 
 1930       3.050780812882e-11       1.681097644382e-12      -1.415723730820e-12       0.000000000000e+00       3.833698652818e-16       9.168933042792e-17      -1.610382189203e-17 
 1931       3.044494374912e-11       1.682231900426e-12      -1.446089521623e-12       0.000000000000e+00       3.825628461524e-16       9.197795676878e-17      -1.608783640133e-17 
 1932       3.038447277397e-11       1.683165574089e-12      -1.476441895168e-12       0.000000000000e+00       3.817579022834e-16       9.224880312368e-17      -1.607128947705e-17 
 1933       3.032637156102e-11       1.683899658322e-12      -1.506770034884e-12       0.000000000000e+00       3.809550286511e-16       9.250254133229e-17      -1.605414488772e-17 
 1934       3.027061634589e-11       1.684435152116e-12      -1.537063079958e-12       0.000000000000e+00       3.801542201766e-16       9.273984618924e-17      -1.603636625702e-17 
 1935       3.021718324203e-11       1.684773060514e-12      -1.567310125274e-12       0.000000000000e+00       3.793554717264e-16       9.296139544800e-17      -1.601791706353e-17 
 1936       3.016604824052e-11       1.684914394624e-12      -1.597500221359e-12       0.000000000000e+00       3.785587781119e-16       9.316786982478e-17      -1.599876064056e-17 
 1937       3.011718720991e-11       1.684860171618e-12      -1.627622374323e-12       0.000000000000e+00       3.777641340892e-16       9.335995300244e-17      -1.597886017600e-17 
 1938       3.007057589608e-11       1.684611414750e-12      -1.657665545806e-12       0.000000000000e+00       3.769715343595e-16       9.353833163436e-17      -1.595817871211e-17 
 1939       3.002618992204e-11       1.684169153361e-12      -1.687618652917e-12       0.000000000000e+00       3.761809735685e-16       9.370369534835e-17      -1.593667914530e-17 
 1940       2.998400478775e-11       1.683534422884e-12      -1.717470568180e-12       0.000000000000e+00       3.753924463065e-16       9.385673675055e-17      -1.591432422603e-17 
 1941       2.994399587000e-11       1.682708264860e-12      -1.747210119477e-12       0.000000000000e+00       3.746059471084e-16       9.399815142932e-17      -1.589107655855e-17 
 1942       2.990613842220e-11       1.681691726941e-12      -1.776826089989e-12       0.000000000000e+00       3.738214704536e-16       9.412863795912e-17      -1.586689860072e-17 
 1943       2.987040757424e-11       1.680485862900e-12      -1.806307218141e-12       0.000000000000e+00       3.730390107659e-16       9.424889790443e-17      -1.584175266389e-17 
 1944       2.983677833227e-11       1.679091732642e-12      -1.835642197544e-12       0.000000000000e+00       3.722585624130e-16       9.435963582365e-17      -1.581560091262e-17 
 1945       2.980522557861e-11       1.677510402207e-12      -1.864819676941e-12       0.000000000000e+00       3.714801197073e-16       9.446155927296e-17      -1.578840536459e-17 
 1946       2.977572407152e-11       1.675742943787e-12      -1.893828260145e-12       0.000000000000e+00       3.707036769049e-16       9.455537881024e-17      -1.576012789033e-17 
 1947       2.974824844506e-11       1.673790435727e-12      -1.922656505986e-12       0.000000000000e+00       3.699292282060e-16       9.464180799897e-17      -1.573073021311e-17 
 1948       2.972277320890e-11       1.671653962537e-12      -1.951292928254e-12       0.000000000000e+00       3.691567677547e-16       9.472156341212e-17      -1.570017390868e-17 
 1949       2.969927274818e-11       1.669334614900e-12      -1.979725995639e-12       0.000000000000e+00       3.683862896391e-16       9.479536463603e-17      -1.566842040515e-17 
 1950       2.967772132332e-11       1.666833489683e-12      -2.007944131678e-12       0.000000000000e+00       3.676177878908e-16       9.486393427433e-17      -1.563543098277e-17 
 1951       2.965809306986e-11       1.664151689941e-12      -2.035935714696e-12       0.000000000000e+00       3.668512564850e-16       9.492799795181e-17      -1.560116677375e-17 
 1952       2.964036199828e-11       1.661290324930e-12      -2.063689077749e-12       0.000000000000e+00       3.660866893408e-16       9.498828431835e-17      -1.556558876209e-17 
 1953       2.962450199385e-11       1.658250510113e-12      -2.091192508568e-12       0.000000000000e+00       3.653240803204e-16       9.504552505278e-17      -1.552865778337e-17 
 1954       2.961048681646e-11       1.655033367169e-12      -2.118434249502e-12       0.000000000000e+00       3.645634232295e-16       9.510045486679e-17      -1.549033452457e-17 
 1955       2.959829010043e-11       1.651640024004e-12      -2.145402497460e-12       0.000000000000e+00       3.638047118171e-16       9.515381150883e-17      -1.545057952392e-17 
 1956       2.958788535436e-11       1.648071614756e-12      -2.172085403856e-12       0.000000000000e+00       3.630479397754e-16       9.520633576801e-17      -1.540935317065e-17 
 1957       2.957924596096e-11       1.644329279806e-12      -2.198471074551e-12       0.000000000000e+00       3.622931007398e-16       9.525877147797e-17      -1.536661570488e-17 
 1958       2.957234517689e-11       1.640414165786e-12      -2.224547569794e-12       0.000000000000e+00       3.615401882884e-16       9.531186552079e-17      -1.532232721736e-17 
 1959       2.956715613255e-11       1.636327425588e-12      -2.250302904170e-12       0.000000000000e+00       3.607891959427e-16       9.536636783092e-17      -1.527644764935e-17 
 1960       2.956365183198e-11       1.632070218372e-12      -2.275725046540e-12       0.000000000000e+00       3.600401171666e-16       9.542303139901e-17      -1.522893679239e-17 
 1961       2.956180515262e-11       1.627643709575e-12      -2.300801919983e-12       0.000000000000e+00       3.592929453670e-16       9.548261227584e-17      -1.517975428813e-17 
 1962       2.956158884521e-11       1.623049070921e-12      -2.325521401742e-12       0.000000000000e+00       3.585476738934e-16       9.554586957623e-17      -1.512885962816e-17 
 1963       2.956297553355e-11       1.618287480426e-12      -2.349871323165e-12       0.000000000000e+00       3.578042960378e-16       9.561356548292e-17      -1.507621215379e-17 
 1964       2.956593771440e-11       1.613360122411e-12      -2.373839469649e-12       0.000000000000e+00       3.570628050349e-16       9.568646525045e-17      -1.502177105591e-17 
 1965       2.957044775726e-11       1.608268187506e-12      -2.397413580584e-12       0.000000000000e+00       3.563231940615e-16       9.576533720908e-17      -1.496549537476e-17 
 1966       2.957647790423e-11       1.603012872665e-12      -2.420581349294e-12       0.000000000000e+00       3.555854562370e-16       9.585095276867e-17      -1.490734399977e-17 
 1967       2.958400026983e-11       1.597595381168e-12      -2.443330422981e-12       0.000000000000e+00       3.548495846227e-16       9.594408642259e-17      -1.484727566937e-17 
 1968       2.959298684084e-11       1.592016922632e-12      -2.465648402668e-12       0.000000000000e+00       3.541155722224e-16       9.604551575159e-17      -1.478524897080e-17 
 1969       2.960340947613e-11       1.586278713024e-12      -2.487522843145e-12       0.000000000000e+00       3.533834119815e-16       9.615602142774e-17      -1.472122233994e-17 
 1970       2.961523990647e-11       1.580381974661e-12      -2.508941252907e-12       0.000000000000e+00       3.526530967879e-16       9.627638721828e-17      -1.465515406111e-17 
 1971       2.962844826629e-11       1.574328212144e-12      -2.529892664036e-12       0.000000000000e+00       3.519246199546e-16       9.640715405991e-17      -1.458701737969e-17 
 1972       2.964299867725e-11       1.568120042353e-12      -2.550372354695e-12       0.000000000000e+00       3.511979766759e-16       9.654788027745e-17      -1.451684596311e-17 
 1973       2.965885363151e-11       1.561760370633e-12      -2.570377161587e-12       0.000000000000e+00       3.504731625823e-16       9.669787587951e-17      -1.444468877706e-17 
 1974       2.967597545665e-11       1.555252115445e-12      -2.589903913199e-12       0.000000000000e+00       3.497501732579e-16       9.685644798567e-17      -1.437059500363e-17 
 1975       2.969432631550e-11       1.548598208391e-12      -2.608949429787e-12       0.000000000000e+00       3.490290042398e-16       9.702290082282e-17      -1.429461404162e-17 
 1976       2.971386820586e-11       1.541801594228e-12      -2.627510523372e-12       0.000000000000e+00       3.483096510185e-16       9.719653572141e-17      -1.421679550677e-17 
 1977       2.973456296031e-11       1.534865230883e-12      -2.645583997731e-12       0.000000000000e+00       3.475921090378e-16       9.737665111183e-17      -1.413718923206e-17 
 1978       2.975637224604e-11       1.527792089475e-12      -2.663166648386e-12       0.000000000000e+00       3.468763736943e-16       9.756254252061e-17      -1.405584526801e-17 
 1979       2.977925756456e-11       1.520585154329e-12      -2.680255262601e-12       0.000000000000e+00       3.461624403379e-16       9.775350256684e-17      -1.397281388295e-17 
 1980       2.980318025155e-11       1.513247422992e-12      -2.696846619366e-12       0.000000000000e+00       3.454503042714e-16       9.794882095836e-17      -1.388814556330e-17 
 1981       2.982810147661e-11       1.505781906254e-12      -2.712937489398e-12       0.000000000000e+00       3.447399607504e-16       9.814778448816e-17      -1.380189101382e-17 
 1982       2.985398224307e-11       1.498191628161e-12      -2.728524635122e-12       0.000000000000e+00       3.440314049833e-16       9.834967703059e-17      -1.371410115796e-17 
 1983       2.988078338775e-11       1.490479626037e-12      -2.743604810671e-12       0.000000000000e+00       3.433246321313e-16       9.855377953775e-17      -1.362482713808e-17 
 1984       2.990846558078e-11       1.482648950496e-12      -2.758174761874e-12       0.000000000000e+00       3.426196373083e-16       9.875937003574e-17      -1.353412031576e-17 
 1985       2.993698932534e-11       1.474702665462e-12      -2.772231226249e-12       0.000000000000e+00       3.419164155805e-16       9.896572362098e-17      -1.344203227209e-17 
 1986       2.996631495749e-11       1.466643848187e-12      -2.785770932992e-12       0.000000000000e+00       3.412149619670e-16       9.917211245650e-17      -1.334861480791e-17 
 1987       2.999640264594e-11       1.458475589264e-12      -2.798790602971e-12       0.000000000000e+00       3.405152714392e-16       9.937780576825e-17      -1.325391994414e-17 
 1988       3.002721239183e-11       1.450200992651e-12      -2.811286948717e-12       0.000000000000e+00       3.398173389206e-16       9.958206984142e-17      -1.315799992204e-17 
 1989       3.005870402853e-11       1.441823175681e-12      -2.823256674415e-12       0.000000000000e+00       3.391211592873e-16       9.978416801671e-17      -1.306090720347e-17 
 1990       3.009083722140e-11       1.433345269084e-12      -2.834696475897e-12       0.000000000000e+00       3.384267273676e-16       9.998336068666e-17      -1.296269447122e-17 
 1991       3.012357146763e-11       1.424770417001e-12      -2.845603040633e-12       0.000000000000e+00       3.377340379417e-16       1.001789052919e-16      -1.286341462924e-17 
 1992       3.015686609595e-11       1.416101777005e-12      -2.855973047719e-12       0.000000000000e+00       3.370430857420e-16       1.003700563177e-16      -1.276312080296e-17 
 1993       3.019068026647e-11       1.407342520113e-12      -2.865803167876e-12       0.000000000000e+00       3.363538654531e-16       1.005560652896e-16      -1.266186633955e-17 
 1994       3.022497297048e-11       1.398495830809e-12      -2.875090063435e-12       0.000000000000e+00       3.356663717111e-16       1.007361807708e-16      -1.255970480822e-17 
 1995       3.025970303017e-11       1.389564907056e-12      -2.883830388331e-12       0.000000000000e+00       3.349805991042e-16       1.009096483573e-16      -1.245669000048e-17 
 1996       3.029482909848e-11       1.380552960315e-12      -2.892020788096e-12       0.000000000000e+00       3.342965421724e-16       1.010757106751e-16      -1.235287593042e-17 
 1997       3.033030965885e-11       1.371463215566e-12      -2.899657899846e-12       0.000000000000e+00       3.336141954073e-16       1.012336073760e-16      -1.224831683503e-17 
 1998       3.036610302503e-11       1.362298911316e-12      -2.906738352280e-12       0.000000000000e+00       3.329335532521e-16       1.013825751340e-16      -1.214306717443e-17 
 1999       3.040216734084e-11       1.353063299627e-12      -2.913258765665e-12       0.000000000000e+00       3.322546101015e-16       1.015218476418e-16      -1.203718163218e-17 
 2000       3.043846057998e-11       1.343759646126e-12      -2.919215751829e-12       0.000000000000e+00       3.315773603019e-16       1.016506556068e-16      -1.193071511557e-17 
 2001       3.047494054582e-11       1.334391230023e-12      -2.924605914154e-12       0.000000000000e+00       3.309017981508e-16       1.017682267478e-16      -1.182372275587e-17 
 2002       3.051156487114e-11       1.324961344131e-12      -2.929425847569e-12       0.000000000000e+00       3.302279178973e-16       1.018737857908e-16      -1.171625990863e-17 
 2003       3.054829101799e-11       1.315473294881e-12      -2.933672138538e-12       0.000000000000e+00       3.295557137415e-16       1.019665544656e-16      -1.160838215399e-17 
 2004       3.058507627739e-11       1.305930402339e-12      -2.937341365052e-12       0.000000000000e+00       3.288851798349e-16       1.020457515023e-16      -1.150014529688e-17 
 2005       3.062187776920e-11       1.296336000224e-12      -2.940430096625e-12       0.000000000000e+00       3.282163102800e-16       1.021105926270e-16      -1.139160536741e-17 
 2006       3.065865244186e-11       1.286693435927e-12      -2.942934894280e-12       0.000000000000e+00       3.275490991302e-16       1.021602905589e-16      -1.128281862105e-17 
 2007       3.069535707216e-11       1.277006070522e-12      -2.944852310542e-12       0.000000000000e+00       3.268835403900e-16       1.021940550059e-16      -1.117384153898e-17 
 2008       3.073194826509e-11       1.267277278791e-12      -2.946178889435e-12       0.000000000000e+00       3.262196280148e-16       1.022110926611e-16      -1.106473082835e-17 
 2009       3.076838245356e-11       1.257510449236e-12      -2.946911166464e-12       0.000000000000e+00       3.255573559107e-16       1.022106071995e-16      -1.095554342253e-17 
 2010       3.080461589823e-11       1.247708984097e-12      -2.947045668615e-12       0.000000000000e+00       3.248967179347e-16       1.021917992737e-16      -1.084633648146e-17 
 2011       3.084060740645e-11       1.237876208779e-12      -2.946580333431e-12       0.000000000000e+00       3.242377083509e-16       1.021540885319e-16      -1.073715673491e-17 
 2012       3.087632651136e-11       1.228015099368e-12      -2.945518777564e-12       0.000000000000e+00       3.235803232045e-16       1.020977814446e-16      -1.062800842718e-17 
 2013       3.091174535192e-11       1.218128553166e-12      -2.943866059278e-12       0.000000000000e+00       3.229245589580e-16       1.020234083311e-16      -1.051888513966e-17 
 2014       3.094683595895e-11       1.208219479116e-12      -2.941627262207e-12       0.000000000000e+00       3.222704120351e-16       1.019315017823e-16      -1.040978042659e-17 
 2015       3.098157025507e-11       1.198290797816e-12      -2.938807495398e-12       0.000000000000e+00       3.216178788208e-16       1.018225966638e-16      -1.030068781504e-17 
 2016       3.101592005451e-11       1.188345441533e-12      -2.935411893338e-12       0.000000000000e+00       3.209669556614e-16       1.016972301185e-16      -1.019160080484e-17 
 2017       3.104985706302e-11       1.178386354222e-12      -2.931445615991e-12       0.000000000000e+00       3.203176388644e-16       1.015559415698e-16      -1.008251286856e-17 
 2018       3.108335287767e-11       1.168416491534e-12      -2.926913848829e-12       0.000000000000e+00       3.196699246983e-16       1.013992727242e-16      -9.973417451474e-18 
 2019       3.111637898680e-11       1.158438820835e-12      -2.921821802869e-12       0.000000000000e+00       3.190238093928e-16       1.012277675745e-16      -9.864307971545e-18 
 2020       3.114890676982e-11       1.148456321218e-12      -2.916174714703e-12       0.000000000000e+00       3.183792891384e-16       1.010419724022e-16      -9.755177819360e-18 
 2021       3.118090749713e-11       1.138471983519e-12      -2.909977846536e-12       0.000000000000e+00       3.177363600866e-16       1.008424357809e-16      -9.646020358113e-18 
 2022       3.121235232993e-11       1.128488810332e-12      -2.903236486213e-12       0.000000000000e+00       3.170950183499e-16       1.006297085791e-16      -9.536828923564e-18 
 2023       3.124321232014e-11       1.118509816020e-12      -2.895955947262e-12       0.000000000000e+00       3.164552600014e-16       1.004043439626e-16      -9.427596824010e-18 
 2024       3.127345841023e-11       1.108538026736e-12      -2.888141568919e-12       0.000000000000e+00       3.158170810752e-16       1.001668973981e-16      -9.318317340244e-18 
 2025       3.130306143311e-11       1.098576480428e-12      -2.879798716167e-12       0.000000000000e+00       3.151804775658e-16       9.991792665547e-17      -9.208983725523e-18 
 2026       3.133199211200e-11       1.088628226864e-12      -2.870932779766e-12       0.000000000000e+00       3.145454454286e-16       9.965799181118e-17      -9.099589205535e-18 
 2027       3.136022106025e-11       1.078696327638e-12      -2.861549176291e-12       0.000000000000e+00       3.139119805793e-16       9.938765525070e-17      -8.990126978363e-18 
 2028       3.138771878127e-11       1.068783856189e-12      -2.851653348161e-12       0.000000000000e+00       3.132800788943e-16       9.910748167170e-17      -8.880590214447e-18 
 2029       3.141445566837e-11       1.058893897815e-12      -2.841250763677e-12       0.000000000000e+00       3.126497362104e-16       9.881803808680e-17      -8.770972056556e-18 
 2030       3.144040200460e-11       1.049029549685e-12      -2.830346917051e-12       0.000000000000e+00       3.120209483247e-16       9.851989382653e-17      -8.661265619748e-18 
 2031       3.146552796267e-11       1.039193920856e-12      -2.818947328445e-12       0.000000000000e+00       3.113937109948e-16       9.821362054217e-17      -8.551463991337e-18 
 2032       3.148980360479e-11       1.029390132289e-12      -2.807057544000e-12       0.000000000000e+00       3.107680199384e-16       9.789979220863e-17      -8.441560230858e-18 
 2033       3.151319888250e-11       1.019621316857e-12      -2.794683135872e-12       0.000000000000e+00       3.101438708334e-16       9.757898512741e-17      -8.331547370035e-18 
 2034       3.153568363662e-11       1.009890619367e-12      -2.781829702266e-12       0.000000000000e+00       3.095212593180e-16       9.725177792939e-17      -8.221418412741e-18 
 2035       3.155722759704e-11       1.000201196571e-12      -2.768502867468e-12       0.000000000000e+00       3.089001809903e-16       9.691875157780e-17      -8.111166334968e-18 
 2036       3.157780038262e-11       9.905562171774e-13      -2.754708281881e-12       0.000000000000e+00       3.082806314086e-16       9.658048937104e-17      -8.000784084790e-18 
 2037       3.159737150108e-11       9.809588618727e-13      -2.740451622054e-12       0.000000000000e+00       3.076626060910e-16       9.623757694562e-17      -7.890264582329e-18 
 2038       3.161591034880e-11       9.714123233300e-13      -2.725738590723e-12       0.000000000000e+00       3.070461005155e-16       9.589060227903e-17      -7.779600719721e-18 
 2039       3.163338621076e-11       9.619198062258e-13      -2.710574916839e-12       0.000000000000e+00       3.064311101202e-16       9.554015569261e-17      -7.668785361080e-18 
 2040       3.164976826037e-11       9.524845272539e-13      -2.694966355602e-12       0.000000000000e+00       3.058176303026e-16       9.518682985445e-17      -7.557811342463e-18 
 2041       3.166502555931e-11       9.431097151406e-13      -2.678918688498e-12       0.000000000000e+00       3.052056564201e-16       9.483121978231e-17      -7.446671471838e-18 
 2042       3.167912705748e-11       9.337986106583e-13      -2.662437723329e-12       0.000000000000e+00       3.045951837899e-16       9.447392284643e-17      -7.335358529046e-18 
 2043       3.169204159278e-11       9.245544666405e-13      -2.645529294250e-12       0.000000000000e+00       3.039862076885e-16       9.411553877250e-17      -7.223865265770e-18 
 2044       3.170373789102e-11       9.153805479963e-13      -2.628199261798e-12       0.000000000000e+00       3.033787233523e-16       9.375666964451e-17      -7.112184405495e-18 
 2045       3.171418456579e-11       9.062801317243e-13      -2.610453512933e-12       0.000000000000e+00       3.027727259767e-16       9.339791990761e-17      -7.000308643479e-18 
 2046       3.172335011829e-11       8.972565069281e-13      -2.592297961063e-12       0.000000000000e+00       3.021682107171e-16       9.303989637105e-17      -6.888230646715e-18 
 2047       3.173120293725e-11       8.883129748295e-13      -2.573738546085e-12       0.000000000000e+00       3.015651726876e-16       9.268320821104e-17      -6.775943053897e-18 
 2048       3.173771129876e-11       8.794528487843e-13      -2.554781234415e-12       0.000000000000e+00       3.009636069622e-16       9.232846697363e-17      -6.663438475386e-18 
 2049       3.174284336615e-11       8.706794542955e-13      -2.535432019020e-12       0.000000000000e+00       3.003635085738e-16       9.197628657764e-17      -6.550709493175e-18 
 2050       3.174656718985e-11       8.619961290290e-13      -2.515696919458e-12       0.000000000000e+00       2.997648725145e-16       9.162728331748e-17      -6.437748660852e-18 
 2051       3.174885534545e-11       8.534058754122e-13      -2.495582488892e-12       0.000000000000e+00       2.991676940161e-16       9.128195984911e-17      -6.324552559767e-18 
 2052       3.174969888435e-11       8.449103156951e-13      -2.475097339050e-12       0.000000000000e+00       2.985719693936e-16       9.094035623694e-17      -6.211133999223e-18 
 2053       3.174909348241e-11       8.365107294608e-13      -2.454250626218e-12       0.000000000000e+00       2.979776952077e-16       9.060239642232e-17      -6.097509903286e-18 
 2054       3.174703481080e-11       8.282084003683e-13      -2.433051545289e-12       0.000000000000e+00       2.973848679845e-16       9.026800401393e-17      -5.983697262567e-18 
 2055       3.174351853599e-11       8.200046161569e-13      -2.411509329810e-12       0.000000000000e+00       2.967934842154e-16       8.993710228744e-17      -5.869713134307e-18 
 2056       3.173854031975e-11       8.119006686506e-13      -2.389633252034e-12       0.000000000000e+00       2.962035403575e-16       8.960961418505e-17      -5.755574642458e-18 
 2057       3.173209581915e-11       8.038978537631e-13      -2.367432622964e-12       0.000000000000e+00       2.956150328331e-16       8.928546231504e-17      -5.641298977763e-18 
 2058       3.172418068658e-11       7.959974715016e-13      -2.344916792401e-12       0.000000000000e+00       2.950279580297e-16       8.896456895143e-17      -5.526903397838e-18 
 2059       3.171479056971e-11       7.882008259725e-13      -2.322095148998e-12       0.000000000000e+00       2.944423123002e-16       8.864685603347e-17      -5.412405227251e-18 
 2060       3.170392111152e-11       7.805092253848e-13      -2.298977120299e-12       0.000000000000e+00       2.938580919627e-16       8.833224516529e-17      -5.297821857604e-18 
 2061       3.169156795029e-11       7.729239820554e-13      -2.275572172795e-12       0.000000000000e+00       2.932752933003e-16       8.802065761542e-17      -5.183170747616e-18 
 2062       3.167772671960e-11       7.654464124136e-13      -2.251889811967e-12       0.000000000000e+00       2.926939125613e-16       8.771201431644e-17      -5.068469423199e-18 
 2063       3.166239304832e-11       7.580778370053e-13      -2.227939582340e-12       0.000000000000e+00       2.921139459590e-16       8.740623586448e-17      -4.953735477546e-18 
 2064       3.164556256062e-11       7.508195804980e-13      -2.203731067523e-12       0.000000000000e+00       2.915353896717e-16       8.710324251885e-17      -4.838986571204e-18 
 2065       3.162723087597e-11       7.436729716851e-13      -2.179273890263e-12       0.000000000000e+00       2.909582398425e-16       8.680295420163e-17      -4.724240432163e-18 
 2066       3.160739360913e-11       7.366393434906e-13      -2.154577712493e-12       0.000000000000e+00       2.903824925797e-16       8.650529049720e-17      -4.609514855930e-18 
 2067       3.158604637016e-11       7.297200329734e-13      -2.129652235377e-12       0.000000000000e+00       2.898081439560e-16       8.621017065186e-17      -4.494827705615e-18 
 2068       3.156318476441e-11       7.229163813325e-13      -2.104507199361e-12       0.000000000000e+00       2.892351900092e-16       8.591751357339e-17      -4.380196912007e-18 
 2069       3.153880439252e-11       7.162297339109e-13      -2.079152384219e-12       0.000000000000e+00       2.886636267418e-16       8.562723783065e-17      -4.265640473662e-18 
 2070       3.151290085042e-11       7.096614402003e-13      -2.053597609102e-12       0.000000000000e+00       2.880934501206e-16       8.533926165312e-17      -4.151176456977e-18 
 2071       3.148546972934e-11       7.032128538462e-13      -2.027852732588e-12       0.000000000000e+00       2.875246560776e-16       8.505350293054e-17      -4.036822996276e-18 
 2072       3.145650661579e-11       6.968853326517e-13      -2.001927652726e-12       0.000000000000e+00       2.869572405088e-16       8.476987921241e-17      -3.922598293885e-18 
 2073       3.142600709159e-11       6.906802385826e-13      -1.975832307089e-12       0.000000000000e+00       2.863911992751e-16       8.448830770765e-17      -3.808520620222e-18 
 2074       3.139396673381e-11       6.845989377719e-13      -1.949576672817e-12       0.000000000000e+00       2.858265282016e-16       8.420870528414e-17      -3.694608313869e-18 
 2075       3.136038111484e-11       6.786428005240e-13      -1.923170766669e-12       0.000000000000e+00       2.852632230780e-16       8.393098846828e-17      -3.580879781657e-18 
 2076       3.132524580234e-11       6.728132013199e-13      -1.896624645071e-12       0.000000000000e+00       2.847012796583e-16       8.365507344461e-17      -3.467353498750e-18 
 2077       3.128855635928e-11       6.671115188212e-13      -1.869948404161e-12       0.000000000000e+00       2.841406936608e-16       8.338087605537e-17      -3.354048008719e-18 
 2078       3.125030834388e-11       6.615391358749e-13      -1.843152179840e-12       0.000000000000e+00       2.835814607679e-16       8.310831180008e-17      -3.240981923628e-18 
 2079       3.121049730967e-11       6.560974395182e-13      -1.816246147820e-12       0.000000000000e+00       2.830235766263e-16       8.283729583511e-17      -3.128173924114e-18 
 2080       3.116911880545e-11       6.507878209824e-13      -1.789240523670e-12       0.000000000000e+00       2.824670368469e-16       8.256774297329e-17      -3.015642759468e-18 
 2081       3.112616837530e-11       6.456116756982e-13      -1.762145562866e-12       0.000000000000e+00       2.819118370047e-16       8.229956768345e-17      -2.903407247714e-18 
 2082       3.108164155860e-11       6.405704033000e-13      -1.734971560839e-12       0.000000000000e+00       2.813579726387e-16       8.203268409004e-17      -2.791486275693e-18 
 2083       3.103553389000e-11       6.356654076304e-13      -1.707728853023e-12       0.000000000000e+00       2.808054392517e-16       8.176700597266e-17      -2.679898799142e-18 
 2084       3.098784089942e-11       6.308980967446e-13      -1.680427814901e-12       0.000000000000e+00       2.802542323107e-16       8.150244676570e-17      -2.568663842775e-18 
 2085       3.093855811207e-11       6.262698829156e-13      -1.653078862058e-12       0.000000000000e+00       2.797043472464e-16       8.123891955785e-17      -2.457800500367e-18 
 2086       3.088768104844e-11       6.217821826378e-13      -1.625692450224e-12       0.000000000000e+00       2.791557794535e-16       8.097633709176e-17      -2.347327934829e-18 
 2087       3.083520522428e-11       6.174364166327e-13      -1.598279075325e-12       0.000000000000e+00       2.786085242904e-16       8.071461176355e-17      -2.237265378294e-18 
 2088       3.078112615065e-11       6.132340098526e-13      -1.570849273530e-12       0.000000000000e+00       2.780625770790e-16       8.045365562241e-17      -2.127632132197e-18 
 2089       3.072543933385e-11       6.091763914853e-13      -1.543413621300e-12       0.000000000000e+00       2.775179331052e-16       8.019338037019e-17      -2.018447567354e-18 
 2090       3.066814027548e-11       6.052649949592e-13      -1.515982735435e-12       0.000000000000e+00       2.769745876183e-16       7.993369736100e-17      -1.909731124046e-18 
 2091       3.060922817104e-11       6.015008881977e-13      -1.488566744677e-12       0.000000000000e+00       2.764325361564e-16       7.967449462540e-17      -1.801501063972e-18 
 2092       3.054871703423e-11       5.978836615459e-13      -1.461173700379e-12       0.000000000000e+00       2.758917755237e-16       7.941556776821e-17      -1.693770716401e-18 
 2093       3.048662465052e-11       5.944125320684e-13      -1.433811154803e-12       0.000000000000e+00       2.753523028196e-16       7.915668858616e-17      -1.586552205907e-18 
 2094       3.042296888570e-11       5.910867125862e-13      -1.406486688593e-12       0.000000000000e+00       2.748141151146e-16       7.889762799822e-17      -1.479857698150e-18 
 2095       3.035776768600e-11       5.879054116712e-13      -1.379207910810e-12       0.000000000000e+00       2.742772094499e-16       7.863815604459e-17      -1.373699399924e-18 
 2096       3.029103907815e-11       5.848678336407e-13      -1.351982458960e-12       0.000000000000e+00       2.737415828377e-16       7.837804188561e-17      -1.268089559205e-18 
 2097       3.022280116950e-11       5.819731785518e-13      -1.324817999033e-12       0.000000000000e+00       2.732072322608e-16       7.811705380073e-17      -1.163040465197e-18 
 2098       3.015307214813e-11       5.792206421960e-13      -1.297722225534e-12       0.000000000000e+00       2.726741546725e-16       7.785495918746e-17      -1.058564448381e-18 
 2099       3.008187028293e-11       5.766094160932e-13      -1.270702861518e-12       0.000000000000e+00       2.721423469972e-16       7.759152456032e-17      -9.546738805555e-19 
 2100       3.000921392373e-11       5.741386874865e-13      -1.243767658621e-12       0.000000000000e+00       2.716118061295e-16       7.732651554977e-17      -8.513811748910e-19 
 2101       2.993512150136e-11       5.718076393364e-13      -1.216924397098e-12       0.000000000000e+00       2.710825289349e-16       7.705969690119e-17      -7.486987859710e-19 
 2102       2.985961152777e-11       5.696154503155e-13      -1.190180885853e-12       0.000000000000e+00       2.705545122493e-16       7.679083247381e-17      -6.466392098417e-19 
 2103       2.978270259617e-11       5.675612948027e-13      -1.163544962474e-12       0.000000000000e+00       2.700277528790e-16       7.651968523964e-17      -5.452149840574e-19 
 2104       2.970441338106e-11       5.656443428776e-13      -1.137024493265e-12       0.000000000000e+00       2.695022476009e-16       7.624601728247e-17      -4.444386877277e-19 
 2105       2.962476263837e-11       5.638637603150e-13      -1.110627373283e-12       0.000000000000e+00       2.689779931622e-16       7.596958979678e-17      -3.443229415645e-19 
 2106       2.954376920556e-11       5.622187085796e-13      -1.084361526368e-12       0.000000000000e+00       2.684549862804e-16       7.569016308670e-17      -2.448804079281e-19 
 2107       2.946145200171e-11       5.607083448199e-13      -1.058234905181e-12       0.000000000000e+00       2.679332236436e-16       7.540749656495e-17      -1.461237908745e-19 
 2108       2.937783002765e-11       5.593318218629e-13      -1.032255491232e-12       0.000000000000e+00       2.674127019097e-16       7.512134875181e-17      -4.806583620164e-20 
 2109       2.929292236600e-11       5.580882882087e-13      -1.006431294918e-12       0.000000000000e+00       2.668934177073e-16       7.483147727404e-17       4.928066850340e-20 
 2110       2.920674818134e-11       5.569768880246e-13      -9.807703555542e-13       0.000000000000e+00       2.663753676349e-16       7.453763886388e-17       1.459028938180e-19 
 2111       2.911932672025e-11       5.559967611397e-13      -9.552807414103e-13       0.000000000000e+00       2.658585482612e-16       7.423958935793e-17       2.417879684370e-19 
 2112       2.903067731147e-11       5.551470430394e-13      -9.299705497411e-13       0.000000000000e+00       2.653429561250e-16       7.393708369616e-17       3.369229791263e-19 
 2113       2.894081936595e-11       5.544268648595e-13      -9.048479068219e-13       0.000000000000e+00       2.648285877352e-16       7.362987592081e-17       4.312949706758e-19 
 2114       2.884977237696e-11       5.538353533811e-13      -8.799209679817e-13       0.000000000000e+00       2.643154395707e-16       7.331771917538e-17       5.248909458528e-19 
 2115       2.875755592022e-11       5.533716310247e-13      -8.551979176368e-13       0.000000000000e+00       2.638035080802e-16       7.300036570356e-17       6.176978653555e-19 
 2116       2.866418965399e-11       5.530348158447e-13      -8.306869693246e-13       0.000000000000e+00       2.632927896825e-16       7.267756684819e-17       7.097026477657e-19 
 2117       2.856969331913e-11       5.528240215237e-13      -8.063963657370e-13       0.000000000000e+00       2.627832807663e-16       7.234907305017e-17       8.008921695027e-19 
 2118       2.847408673926e-11       5.527383573673e-13      -7.823343787542e-13       0.000000000000e+00       2.622749776900e-16       7.201463384748e-17       8.912532647761e-19 
 2119       2.837738982081e-11       5.527769282982e-13      -7.585093094783e-13       0.000000000000e+00       2.617678767818e-16       7.167399787406e-17       9.807727255392e-19 
 2120       2.827962255317e-11       5.529388348506e-13      -7.349294882667e-13       0.000000000000e+00       2.612619743398e-16       7.132691285880e-17       1.069437301443e-18 
 2121       2.818080500876e-11       5.532231731649e-13      -7.116032747662e-13       0.000000000000e+00       2.607572666316e-16       7.097312562448e-17       1.157233699787e-18 
 2122       2.808095734310e-11       5.536290349820e-13      -6.885390579461e-13       0.000000000000e+00       2.602537498946e-16       7.061238208670e-17       1.244148585476e-18 
 2123       2.798009979500e-11       5.541555076374e-13      -6.657452561324e-13       0.000000000000e+00       2.597514203358e-16       7.024442725287e-17       1.330168580971e-18 
 2124       2.787825268656e-11       5.548016740563e-13      -6.432303170408e-13       0.000000000000e+00       2.592502741317e-16       6.986900522112e-17       1.415280266243e-18 
 2125       2.777543642334e-11       5.555666127475e-13      -6.210027178109e-13       0.000000000000e+00       2.587503074284e-16       6.948585917926e-17       1.499470178727e-18 
 2126       2.767167149444e-11       5.564493977978e-13      -5.990709650394e-13       0.000000000000e+00       2.582515163414e-16       6.909473140375e-17       1.582724813274e-18 
 2127       2.756697847258e-11       5.574490988669e-13      -5.774435948140e-13       0.000000000000e+00       2.577538969557e-16       6.869536325863e-17       1.665030622104e-18 
 2128       2.746137801424e-11       5.585647811813e-13      -5.561291727470e-13       0.000000000000e+00       2.572574453257e-16       6.828749519444e-17       1.746374014761e-18 
 2129       2.735489085973e-11       5.597955055292e-13      -5.351362940087e-13       0.000000000000e+00       2.567621574752e-16       6.787086674725e-17       1.826741358067e-18 
 2130       2.724753783330e-11       5.611403282544e-13      -5.144735833615e-13       0.000000000000e+00       2.562680293972e-16       6.744521653753e-17       1.906118976070e-18 
 2131       2.713934071659e-11       5.625981155681e-13      -4.941485989216e-13       0.000000000000e+00       2.557750572961e-16       6.701039231621e-17       1.984501694251e-18 
 2132       2.703032487542e-11       5.641669850999e-13      -4.741645351483e-13       0.000000000000e+00       2.552832383161e-16       6.656668193109e-17       2.061918536360e-18 
 2133       2.692051665126e-11       5.658448604993e-13      -4.545234972741e-13       0.000000000000e+00       2.547925698174e-16       6.611448463187e-17       2.138407204002e-18 
 2134       2.680994248959e-11       5.676296567601e-13      -4.352275955239e-13       0.000000000000e+00       2.543030491351e-16       6.565420123127e-17       2.214005548599e-18 
 2135       2.669862894011e-11       5.695192802100e-13      -4.162789451201e-13       0.000000000000e+00       2.538146735787e-16       6.518623410697e-17       2.288751571565e-18 
 2136       2.658660265677e-11       5.715116284998e-13      -3.976796662871e-13       0.000000000000e+00       2.533274404322e-16       6.471098720341e-17       2.362683424486e-18 
 2137       2.647389039798e-11       5.736045905933e-13      -3.794318842561e-13       0.000000000000e+00       2.528413469542e-16       6.422886603367e-17       2.435839409301e-18 
 2138       2.636051902665e-11       5.757960467568e-13      -3.615377292694e-13       0.000000000000e+00       2.523563903777e-16       6.374027768131e-17       2.508257978479e-18 
 2139       2.624651551039e-11       5.780838685483e-13      -3.439993365856e-13       0.000000000000e+00       2.518725679100e-16       6.324563080226e-17       2.579977735198e-18 
 2140       2.613190692158e-11       5.804659188072e-13      -3.268188464839e-13       0.000000000000e+00       2.513898767330e-16       6.274533562662e-17       2.651037433524e-18 
 2141       2.601672043752e-11       5.829400516440e-13      -3.099984042691e-13       0.000000000000e+00       2.509083140027e-16       6.223980396056e-17       2.721475978593e-18 
 2142       2.590098334054e-11       5.855041124296e-13      -2.935401602758e-13       0.000000000000e+00       2.504278768496e-16       6.172944918818e-17       2.791332426783e-18 
 2143       2.578472301813e-11       5.881559377849e-13      -2.774462698735e-13       0.000000000000e+00       2.499485623783e-16       6.121468627333e-17       2.860645985901e-18 
 2144       2.566796696308e-11       5.908933555702e-13      -2.617188934712e-13       0.000000000000e+00       2.494703676679e-16       6.069593176149e-17       2.929456015356e-18 
 2145       2.555074277357e-11       5.937141848749e-13      -2.463601965217e-13       0.000000000000e+00       2.489932897712e-16       6.017360378162e-17       2.997802026340e-18 
 2146       2.543307815331e-11       5.966162360070e-13      -2.313723495270e-13       0.000000000000e+00       2.485173257156e-16       5.964812204800e-17       3.065723682009e-18 
 2147       2.531500091168e-11       5.995973104826e-13      -2.167575280422e-13       0.000000000000e+00       2.480424725025e-16       5.911990786214e-17       3.133260797658e-18 
 2148       2.519653896382e-11       6.026552010153e-13      -2.025179126808e-13       0.000000000000e+00       2.475687271072e-16       5.858938411457e-17       3.200453340902e-18 
 2149       2.507772033080e-11       6.057876915058e-13      -1.886556891187e-13       0.000000000000e+00       2.470960864793e-16       5.805697528673e-17       3.267341431856e-18 
 2150       2.495857313968e-11       6.089925570316e-13      -1.751730480998e-13       0.000000000000e+00       2.466245475422e-16       5.752310745282e-17       3.333965343313e-18 
 2151       2.483912562370e-11       6.122675638361e-13      -1.620721854397e-13       0.000000000000e+00       2.461541071934e-16       5.698820828165e-17       3.400365500920e-18 
 2152       2.471940612235e-11       6.156104693188e-13      -1.493553020311e-13       0.000000000000e+00       2.456847623042e-16       5.645270703851e-17       3.466582483364e-18 
 2153       2.459944308154e-11       6.190190220240e-13      -1.370246038481e-13       0.000000000000e+00       2.452165097199e-16       5.591703458702e-17       3.532657022542e-18 
 2154       2.447926505367e-11       6.224909616310e-13      -1.250823019510e-13       0.000000000000e+00       2.447493462596e-16       5.538162339097e-17       3.598630003748e-18 
 2155       2.435890069783e-11       6.260240189432e-13      -1.135306124910e-13       0.000000000000e+00       2.442832687162e-16       5.484690751620e-17       3.664542465847e-18 
 2156       2.423837877983e-11       6.296159158779e-13      -1.023717567146e-13       0.000000000000e+00       2.438182738564e-16       5.431332263244e-17       3.730435601456e-18 
 2157       2.411772817240e-11       6.332643654555e-13      -9.160796096875e-14       0.000000000000e+00       2.433543584207e-16       5.378130601516e-17       3.796350757122e-18 
 2158       2.399697785528e-11       6.369670717896e-13      -8.124145670522e-14       0.000000000000e+00       2.428915191233e-16       5.325129654747e-17       3.862329433502e-18 
 2159       2.387615691534e-11       6.407217300757e-13      -7.127448048527e-14       0.000000000000e+00       2.424297526519e-16       5.272373472189e-17       3.928413285539e-18 
 2160       2.375529454672e-11       6.445260265814e-13      -6.170927398444e-14       0.000000000000e+00       2.419690556680e-16       5.219906264231e-17       3.994644122647e-18 
 2161       2.363442005096e-11       6.483776386358e-13      -5.254808399713e-14       0.000000000000e+00       2.415094248066e-16       5.167772402576e-17       4.061063908883e-18 
 2162       2.351356283709e-11       6.522742346187e-13      -4.379316244134e-14       0.000000000000e+00       2.410508566764e-16       5.116016420431e-17       4.127714763130e-18 
 2163       2.339275242177e-11       6.562134739504e-13      -3.544676636333e-14       0.000000000000e+00       2.405933478595e-16       5.064683012691e-17       4.194638959276e-18 
 2164       2.327201842943e-11       6.601930070812e-13      -2.751115794226e-14       0.000000000000e+00       2.401368949114e-16       5.013817036127e-17       4.261878926391e-18 
 2165       2.315139059239e-11       6.642104754809e-13      -1.998860449491e-14       0.000000000000e+00       2.396814943612e-16       4.963463509568e-17       4.329477248907e-18 
 2166       2.303089875096e-11       6.682635116283e-13      -1.288137848032e-14       0.000000000000e+00       2.392271427113e-16       4.913667614088e-17       4.397476666797e-18 
 2167       2.291057285358e-11       6.723497390006e-13      -6.191757504508e-15       0.000000000000e+00       2.387738364377e-16       4.864474693192e-17       4.465920075755e-18 
 2168       2.279044295694e-11       6.764667720631e-13       7.797567490969e-17       0.000000000000e+00       2.383215719893e-16       4.815930253003e-17       4.534850527370e-18 
 2169       2.267053922612e-11       6.806122162589e-13       5.925533144002e-15       0.000000000000e+00       2.378703457887e-16       4.768079962444e-17       4.604311229314e-18 
 2170       2.255089193468e-11       6.847836679978e-13       1.134862182786e-14       0.000000000000e+00       2.374201542316e-16       4.720969653428e-17       4.674345545511e-18 
 2171       2.243152956555e-11       6.889787828811e-13       1.634591325002e-14       0.000000000000e+00       2.369709939708e-16       4.674635621689e-17       4.744979254373e-18 
 2172       2.231247309929e-11       6.931954808966e-13       2.091995996702e-14       0.000000000000e+00       2.365228627704e-16       4.629075457446e-17       4.816167192365e-18 
 2173       2.219374168755e-11       6.974317425861e-13       2.507429878997e-14       0.000000000000e+00       2.360757586573e-16       4.584277018422e-17       4.887846251015e-18 
 2174       2.207535454892e-11       7.016855409278e-13       2.881248282595e-14       0.000000000000e+00       2.356296796376e-16       4.540228111276e-17       4.959953085921e-18 
 2175       2.195733096899e-11       7.059548413271e-13       3.213808149807e-14       0.000000000000e+00       2.351846236972e-16       4.496916491542e-17       5.032424116482e-18 
 2176       2.183969030043e-11       7.102376016084e-13       3.505468056543e-14       0.000000000000e+00       2.347405888009e-16       4.454329863567e-17       5.105195525626e-18 
 2177       2.172245196310e-11       7.145317720061e-13       3.756588214313e-14       0.000000000000e+00       2.342975728932e-16       4.412455880446e-17       5.178203259531e-18 
 2178       2.160563544407e-11       7.188352951557e-13       3.967530472229e-14       0.000000000000e+00       2.338555738974e-16       4.371282143970e-17       5.251383027363e-18 
 2179       2.148926029771e-11       7.231461060856e-13       4.138658319006e-14       0.000000000000e+00       2.334145897165e-16       4.330796204555e-17       5.324670300992e-18 
 2180       2.137334614582e-11       7.274621322078e-13       4.270336884958e-14       0.000000000000e+00       2.329746182325e-16       4.290985561187e-17       5.398000314729e-18 
 2181       2.125791267761e-11       7.317812933092e-13       4.362932944004e-14       0.000000000000e+00       2.325356573067e-16       4.251837661357e-17       5.471308065048e-18 
 2182       2.114297964986e-11       7.361015015433e-13       4.416814915665e-14       0.000000000000e+00       2.320977047793e-16       4.213339901002e-17       5.544528310315e-18 
 2183       2.102856688697e-11       7.404206614212e-13       4.432352867064e-14       0.000000000000e+00       2.316607584699e-16       4.175479624445e-17       5.617595570515e-18 
 2184       2.091469428099e-11       7.447366698025e-13       4.409918514931e-14       0.000000000000e+00       2.312248161772e-16       4.138244124328e-17       5.690444126980e-18 
 2185       2.080138179177e-11       7.490474158874e-13       4.349885227596e-14       0.000000000000e+00       2.307898756787e-16       4.101620641558e-17       5.763008022116e-18 
 2186       2.068864944697e-11       7.533507812069e-13       4.252628026996e-14       0.000000000000e+00       2.303559347312e-16       4.065596365241e-17       5.835221059131e-18 
 2187       2.057651734220e-11       7.576446396152e-13       4.118523590672e-14       0.000000000000e+00       2.299229910705e-16       4.030158432622e-17       5.907016801762e-18 
 2188       2.046500564102e-11       7.619268572799e-13       3.947950253769e-14       0.000000000000e+00       2.294910424111e-16       3.995293929025e-17       5.978328574003e-18 
 2189       2.035413457509e-11       7.661952926740e-13       3.741288011041e-14       0.000000000000e+00       2.290600864468e-16       3.960989887788e-17       6.049089459830e-18 
 2190       2.024392444417e-11       7.704477965669e-13       3.498918518845e-14       0.000000000000e+00       2.286301208501e-16       3.927233290208e-17       6.119232302932e-18 
 2191       2.013439561628e-11       7.746822120155e-13       3.221225097145e-14       0.000000000000e+00       2.282011432724e-16       3.894011065473e-17       6.188689706437e-18 
 2192       2.002556852769e-11       7.788963743557e-13       2.908592731513e-14       0.000000000000e+00       2.277731513441e-16       3.861310090605e-17       6.257394032638e-18 
 2193       1.991746368306e-11       7.830881111936e-13       2.561408075127e-14       0.000000000000e+00       2.273461426743e-16       3.829117190399e-17       6.325277402724e-18 
 2194       1.981010165550e-11       7.872552423967e-13       2.180059450772e-14       0.000000000000e+00       2.269201148509e-16       3.797419137357e-17       6.392271696502e-18 
 2195       1.970350308660e-11       7.913955800853e-13       1.764936852843e-14       0.000000000000e+00       2.264950654406e-16       3.766202651634e-17       6.458308552129e-18 
 2196       1.959768868658e-11       7.955069286235e-13       1.316431949343e-14       0.000000000000e+00       2.260709919888e-16       3.735454400970e-17       6.523319365839e-18 
 2197       1.949267923431e-11       7.995870846105e-13       8.349380838820e-15       0.000000000000e+00       2.256478920196e-16       3.705161000632e-17       6.587235291669e-18 
 2198       1.938849557740e-11       8.036338368724e-13       3.208502776810e-15       0.000000000000e+00       2.252257630360e-16       3.675309013354e-17       6.649987241185e-18 
 2199       1.928515863229e-11       8.076449664526e-13      -2.254347684300e-15       0.000000000000e+00       2.248046025193e-16       3.645884949272e-17       6.711505883214e-18 
 2200       1.918268938430e-11       8.116182466037e-13      -8.035186720109e-15       0.000000000000e+00       2.243844079296e-16       3.616875265866e-17       6.771721643566e-18 
 2201       1.908110888773e-11       8.155514427786e-13      -1.413001367011e-14       0.000000000000e+00       2.239651767057e-16       3.588266367898e-17       6.830564704767e-18 
 2202       1.898043826591e-11       8.194423126214e-13      -2.053481101770e-14       0.000000000000e+00       2.235469062646e-16       3.560044607349e-17       6.887965005781e-18 
 2203       1.888069871132e-11       8.232886059592e-13      -2.724554437014e-14       0.000000000000e+00       2.231295940022e-16       3.532196283361e-17       6.943852241743e-18 
 2204       1.878191148560e-11       8.270880647933e-13      -3.425816243860e-14       0.000000000000e+00       2.227132372927e-16       3.504707642171e-17       6.998155863680e-18 
 2205       1.868409791967e-11       8.308384232899e-13      -4.156859701811e-14       0.000000000000e+00       2.222978334888e-16       3.477564877055e-17       7.050805078245e-18 
 2206       1.858727941381e-11       8.345374077719e-13      -4.917276296759e-14       0.000000000000e+00       2.218833799217e-16       3.450754128263e-17       7.101728847439e-18 
 2207       1.849147743771e-11       8.381827367101e-13      -5.706655818983e-14       0.000000000000e+00       2.214698739010e-16       3.424261482961e-17       7.150855888342e-18 
 2208       1.839671353055e-11       8.417721207142e-13      -6.524586361148e-14       0.000000000000e+00       2.210573127145e-16       3.398072975165e-17       7.198114672840e-18 
 2209       1.830300930110e-11       8.453032625244e-13      -7.370654316306e-14       0.000000000000e+00       2.206456936286e-16       3.372174585685e-17       7.243433427350e-18 
 2210       1.821038642776e-11       8.487738570022e-13      -8.244444375894e-14       0.000000000000e+00       2.202350138878e-16       3.346552242060e-17       7.286740132551e-18 
 2211       1.811886351793e-11       8.521818330120e-13      -9.145505714333e-14       0.000000000000e+00       2.198252708359e-16       3.321191234863e-17       7.327980057315e-18 
 2212       1.802844666320e-11       8.555260808309e-13      -1.007325030212e-13       0.000000000000e+00       2.194164622790e-16       3.296074462515e-17       7.367168487958e-18 
 2213       1.793913882178e-11       8.588057295377e-13      -1.102705391544e-13       0.000000000000e+00       2.190085861245e-16       3.271184174724e-17       7.404338347577e-18 
 2214       1.785094295351e-11       8.620199055573e-13      -1.200628988566e-13       0.000000000000e+00       2.186016402608e-16       3.246502554995e-17       7.439522693703e-18 
 2215       1.776386201992e-11       8.651677326583e-13      -1.301032909643e-13       0.000000000000e+00       2.181956225572e-16       3.222011720553e-17       7.472754718458e-18 
 2216       1.767789898415e-11       8.682483319496e-13      -1.403853998089e-13       0.000000000000e+00       2.177905308635e-16       3.197693722265e-17       7.504067748714e-18 
 2217       1.759305681104e-11       8.712608218782e-13      -1.509028851886e-13       0.000000000000e+00       2.173863630104e-16       3.173530544566e-17       7.533495246249e-18 
 2218       1.750933846703e-11       8.742043182261e-13      -1.616493823395e-13       0.000000000000e+00       2.169831168092e-16       3.149504105386e-17       7.561070807903e-18 
 2219       1.742674692026e-11       8.770779341073e-13      -1.726185019080e-13       0.000000000000e+00       2.165807900522e-16       3.125596256067e-17       7.586828165741e-18 
 2220       1.734528514047e-11       8.798807799655e-13      -1.838038299220e-13       0.000000000000e+00       2.161793805119e-16       3.101788781298e-17       7.610801187204e-18 
 2221       1.726495609908e-11       8.826119635710e-13      -1.951989277627e-13       0.000000000000e+00       2.157788859418e-16       3.078063399030e-17       7.633023875274e-18 
 2222       1.718576276912e-11       8.852705900177e-13      -2.067973321365e-13       0.000000000000e+00       2.153793040758e-16       3.054401760406e-17       7.653530368623e-18 
 2223       1.710770812530e-11       8.878557617207e-13      -2.185925550465e-13       0.000000000000e+00       2.149806326285e-16       3.030785449682e-17       7.672354941780e-18 
 2224       1.703079514393e-11       8.903665784131e-13      -2.305780837642e-13       0.000000000000e+00       2.145828692951e-16       3.007195984154e-17       7.689532005281e-18 
 2225       1.695502680298e-11       8.928021371437e-13      -2.427473808013e-13       0.000000000000e+00       2.141860117511e-16       2.983614814082e-17       7.705096105830e-18 
 2226       1.688040608205e-11       8.951615322736e-13      -2.550938838815e-13       0.000000000000e+00       2.137900576527e-16       2.960023322613e-17       7.719081926458e-18 
 2227       1.680693596238e-11       8.974438554738e-13      -2.676110059117e-13       0.000000000000e+00       2.133950046365e-16       2.936402825707e-17       7.731524286677e-18 
 2228       1.673461942685e-11       8.996481957223e-13      -2.802921349544e-13       0.000000000000e+00       2.130008503195e-16       2.912734572061e-17       7.742458142640e-18 
 2229       1.666345945994e-11       9.017736393012e-13      -2.931306341988e-13       0.000000000000e+00       2.126075922994e-16       2.888999743031e-17       7.751918587301e-18 
 2230       1.659345904778e-11       9.038192697940e-13      -3.061198419331e-13       0.000000000000e+00       2.122152281538e-16       2.865179452562e-17       7.759940850565e-18 
 2231       1.652462117814e-11       9.057841680827e-13      -3.192530715155e-13       0.000000000000e+00       2.118237554410e-16       2.841254747106e-17       7.766560299456e-18 
 2232       1.645694884040e-11       9.076674123452e-13      -3.325236113464e-13       0.000000000000e+00       2.114331716997e-16       2.817206605552e-17       7.771812438266e-18 
 2233       1.639044502556e-11       9.094680780522e-13      -3.459247248400e-13       0.000000000000e+00       2.110434744487e-16       2.793015939146e-17       7.775732908716e-18 
 2234       1.632511272624e-11       9.111852379645e-13      -3.594496503958e-13       0.000000000000e+00       2.106546611871e-16       2.768663591418e-17       7.778357490115e-18 
 2235       1.626095493671e-11       9.128179621304e-13      -3.730916013706e-13       0.000000000000e+00       2.102667293944e-16       2.744130338105e-17       7.779722099516e-18 
 2236       1.619797465283e-11       9.143653178827e-13      -3.868437660500e-13       0.000000000000e+00       2.098796765301e-16       2.719396887079e-17       7.779862791872e-18 
 2237       1.613617487207e-11       9.158263698357e-13      -4.006993076202e-13       0.000000000000e+00       2.094935000343e-16       2.694443878265e-17       7.778815760199e-18 
 2238       1.607555859356e-11       9.172001798829e-13      -4.146513641395e-13       0.000000000000e+00       2.091081973268e-16       2.669251883571e-17       7.776617335728e-18 
 2239       1.601612881799e-11       9.184858071938e-13      -4.286930485102e-13       0.000000000000e+00       2.087237658079e-16       2.643801406811e-17       7.773303988064e-18 
 2240       1.595788854769e-11       9.196823082112e-13      -4.428174484505e-13       0.000000000000e+00       2.083402028579e-16       2.618072883626e-17       7.768912325348e-18 
 2241       1.590084078661e-11       9.207887366483e-13      -4.570176264656e-13       0.000000000000e+00       2.079575058371e-16       2.592046681415e-17       7.763479094408e-18 
 2242       1.584498854029e-11       9.218041434861e-13      -4.712866198199e-13       0.000000000000e+00       2.075756720860e-16       2.565703099254e-17       7.757041180921e-18 
 2243       1.579033481588e-11       9.227275769705e-13      -4.856174405086e-13       0.000000000000e+00       2.071946989251e-16       2.539022367822e-17       7.749635609570e-18 
 2244       1.573688262214e-11       9.235580826095e-13      -5.000030752293e-13       0.000000000000e+00       2.068145836549e-16       2.511984649325e-17       7.741299544200e-18 
 2245       1.568463496943e-11       9.242947031701e-13      -5.144364853537e-13       0.000000000000e+00       2.064353235558e-16       2.484570037423e-17       7.732070287979e-18 
 2246       1.563359486971e-11       9.249364786763e-13      -5.289106068993e-13       0.000000000000e+00       2.060569158885e-16       2.456758557151e-17       7.721985283551e-18 
 2247       1.558376533655e-11       9.254824464052e-13      -5.434183505013e-13       0.000000000000e+00       2.056793578931e-16       2.428530164846e-17       7.711082113198e-18 
 2248       1.553514938512e-11       9.259316408851e-13      -5.579526013842e-13       0.000000000000e+00       2.053026467901e-16       2.399864748069e-17       7.699398498996e-18 
 2249       1.548775003216e-11       9.262830938922e-13      -5.725062193331e-13       0.000000000000e+00       2.049267797795e-16       2.370742125531e-17       7.686972302971e-18 
 2250       1.544157029603e-11       9.265358344481e-13      -5.870720386661e-13       0.000000000000e+00       2.045517540414e-16       2.341142047018e-17       7.673841527259e-18 
 2251       1.539661075313e-11       9.266891432942e-13      -6.016432284770e-13       0.000000000000e+00       2.041775669046e-16       2.311053546420e-17       7.660036928429e-18 
 2252       1.535286218982e-11       9.267433181313e-13      -6.162143759823e-13       0.000000000000e+00       2.038042163545e-16       2.280503067458e-17       7.645559807647e-18 
 2253       1.531031290273e-11       9.266989133515e-13      -6.307804101639e-13       0.000000000000e+00       2.034317005284e-16       2.249526520729e-17       7.630404076378e-18 
 2254       1.526895113788e-11       9.265564860156e-13      -6.453362421175e-13       0.000000000000e+00       2.030600175471e-16       2.218159947358e-17       7.614563629086e-18 
 2255       1.522876509063e-11       9.263165958567e-13      -6.598767650326e-13       0.000000000000e+00       2.026891655148e-16       2.186439519138e-17       7.598032343220e-18 
 2256       1.518974290563e-11       9.259798052834e-13      -6.743968541731e-13       0.000000000000e+00       2.023191425187e-16       2.154401538685e-17       7.580804079196e-18 
 2257       1.515187267673e-11       9.255466793824e-13      -6.888913668572e-13       0.000000000000e+00       2.019499466296e-16       2.122082439575e-17       7.562872680379e-18 
 2258       1.511514244698e-11       9.250177859227e-13      -7.033551424378e-13       0.000000000000e+00       2.015815759014e-16       2.089518786495e-17       7.544231973064e-18 
 2259       1.507954020850e-11       9.243936953578e-13      -7.177830022828e-13       0.000000000000e+00       2.012140283711e-16       2.056747275387e-17       7.524875766461e-18 
 2260       1.504505390247e-11       9.236749808298e-13      -7.321697497551e-13       0.000000000000e+00       2.008473020593e-16       2.023804733594e-17       7.504797852681e-18 
 2261       1.501167141905e-11       9.228622181720e-13      -7.465101701931e-13       0.000000000000e+00       2.004813949695e-16       1.990728120006e-17       7.483992006710e-18 
 2262       1.497938059732e-11       9.219559859123e-13      -7.607990308906e-13       0.000000000000e+00       2.001163050883e-16       1.957554525207e-17       7.462451986401e-18 
 2263       1.494816922524e-11       9.209568652767e-13      -7.750310810773e-13       0.000000000000e+00       1.997520303857e-16       1.924321171618e-17       7.440171532453e-18 
 2264       1.491802503955e-11       9.198654401921e-13      -7.892010518990e-13       0.000000000000e+00       1.993885688146e-16       1.891065413645e-17       7.417144368391e-18 
 2265       1.488893572577e-11       9.186822972897e-13      -8.033036563977e-13       0.000000000000e+00       1.990259183111e-16       1.857824737826e-17       7.393364200554e-18 
 2266       1.486088891808e-11       9.174080259083e-13      -8.173335894919e-13       0.000000000000e+00       1.986640767944e-16       1.824636762972e-17       7.368824718075e-18 
 2267       1.483387219930e-11       9.160432180974e-13      -8.312855279567e-13       0.000000000000e+00       1.983030421666e-16       1.791539240319e-17       7.343519592863e-18 
 2268       1.480787310080e-11       9.145884686203e-13      -8.451541304045e-13       0.000000000000e+00       1.979428123131e-16       1.758570053669e-17       7.317442479590e-18 
 2269       1.478287910248e-11       9.130443749577e-13      -8.589340372645e-13       0.000000000000e+00       1.975833851020e-16       1.725767219539e-17       7.290587015667e-18 
 2270       1.475887763267e-11       9.114115373106e-13      -8.726198707634e-13       0.000000000000e+00       1.972247583846e-16       1.693168887305e-17       7.262946821235e-18 
 2271       1.473585606811e-11       9.096905586035e-13      -8.862062349057e-13       0.000000000000e+00       1.968669299950e-16       1.660813339347e-17       7.234515499139e-18 
 2272       1.471380173384e-11       9.078820444880e-13      -8.996877154536e-13       0.000000000000e+00       1.965098977504e-16       1.628738991199e-17       7.205286634920e-18 
 2273       1.469270190319e-11       9.059866033454e-13      -9.130588799075e-13       0.000000000000e+00       1.961536594507e-16       1.596984391689e-17       7.175253796789e-18 
 2274       1.467254379770e-11       9.040048462905e-13      -9.263142774859e-13       0.000000000000e+00       1.957982128790e-16       1.565588223091e-17       7.144410535618e-18 
 2275       1.465331458706e-11       9.019373871744e-13      -9.394484391062e-13       0.000000000000e+00       1.954435558009e-16       1.534589301266e-17       7.112750384915e-18 
 2276       1.463500138903e-11       8.997848425881e-13      -9.524558773642e-13       0.000000000000e+00       1.950896859651e-16       1.504026575808e-17       7.080266860814e-18 
 2277       1.461759126943e-11       8.975478318654e-13      -9.653310865149e-13       0.000000000000e+00       1.947366011030e-16       1.473939130195e-17       7.046953462052e-18 
 2278       1.460107124204e-11       8.952269770862e-13      -9.780685424526e-13       0.000000000000e+00       1.943842989289e-16       1.444366181928e-17       7.012803669955e-18 
 2279       1.458542826855e-11       8.928229030797e-13      -9.906627026909e-13       0.000000000000e+00       1.940327771398e-16       1.415347082682e-17       6.977810948422e-18 
 2280       1.457064925850e-11       8.903362374279e-13      -1.003108006343e-12       0.000000000000e+00       1.936820334154e-16       1.386921318449e-17       6.941968743903e-18 
 2281       1.455672106922e-11       8.877676104684e-13      -1.015398874103e-12       0.000000000000e+00       1.933320654183e-16       1.359128509685e-17       6.905270485386e-18 
 2282       1.454363050580e-11       8.851176552979e-13      -1.027529708222e-12       0.000000000000e+00       1.929828707936e-16       1.332008411455e-17       6.867709584380e-18 
 2283       1.453136432098e-11       8.823870077751e-13      -1.039494892497e-12       0.000000000000e+00       1.926344471693e-16       1.305600913581e-17       6.829279434894e-18 
 2284       1.451990921511e-11       8.795763065244e-13      -1.051288792240e-12       0.000000000000e+00       1.922867921558e-16       1.279946040784e-17       6.789973413424e-18 
 2285       1.450925183610e-11       8.766861929388e-13      -1.062905754267e-12       0.000000000000e+00       1.919399033463e-16       1.255083952835e-17       6.749784878934e-18 
 2286       1.449937877938e-11       8.737173111831e-13      -1.074340106874e-12       0.000000000000e+00       1.915937783166e-16       1.231054944694e-17       6.708707172837e-18 
 2287       1.449027658778e-11       8.706703081973e-13      -1.085586159818e-12       0.000000000000e+00       1.912484146251e-16       1.207899446663e-17       6.666733618982e-18 
 2288       1.448193175152e-11       8.675458336995e-13      -1.096638204299e-12       0.000000000000e+00       1.909038098127e-16       1.185658024527e-17       6.623857523634e-18 
 2289       1.447433070814e-11       8.643445401896e-13      -1.107490512938e-12       0.000000000000e+00       1.905599614030e-16       1.164371379702e-17       6.580072175456e-18 
 2290       1.446745984244e-11       8.610670829521e-13      -1.118137339756e-12       0.000000000000e+00       1.902168669019e-16       1.144080349381e-17       6.535370845494e-18 
 2291       1.446130493198e-11       8.577142473539e-13      -1.128573654726e-12       0.000000000000e+00       1.898745239630e-16       1.124814795766e-17       6.489755128391e-18 
 2292       1.445584947985e-11       8.542873316192e-13      -1.138797352571e-12       0.000000000000e+00       1.895329308841e-16       1.106560195878e-17       6.443260024316e-18 
 2293       1.445107637115e-11       8.507877665073e-13      -1.148807058044e-12       0.000000000000e+00       1.891920861138e-16       1.089290838538e-17       6.395929017283e-18 
 2294       1.444696842634e-11       8.472169882460e-13      -1.158601392628e-12       0.000000000000e+00       1.888519880864e-16       1.072980915778e-17       6.347805748652e-18 
 2295       1.444350840123e-11       8.435764385380e-13      -1.168178974546e-12       0.000000000000e+00       1.885126352223e-16       1.057604522734e-17       6.298934017293e-18 
 2296       1.444067898683e-11       8.398675645670e-13      -1.177538418746e-12       0.000000000000e+00       1.881740259276e-16       1.043135657541e-17       6.249357779768e-18 
 2297       1.443846280934e-11       8.360918190038e-13      -1.186678336908e-12       0.000000000000e+00       1.878361585943e-16       1.029548221222e-17       6.199121150502e-18 
 2298       1.443684243005e-11       8.322506600123e-13      -1.195597337435e-12       0.000000000000e+00       1.874990316002e-16       1.016816017583e-17       6.148268401954e-18 
 2299       1.443580034528e-11       8.283455512558e-13      -1.204294025452e-12       0.000000000000e+00       1.871626433088e-16       1.004912753099e-17       6.096843964793e-18 
 2300       1.443531898631e-11       8.243779619032e-13      -1.212767002802e-12       0.000000000000e+00       1.868269920696e-16       9.938120368141e-18       6.044892428071e-18 
 2301       1.443538071926e-11       8.203493666347e-13      -1.221014868044e-12       0.000000000000e+00       1.864920762177e-16       9.834873802261e-18       5.992458539396e-18 
 2302       1.443596784511e-11       8.162612456486e-13      -1.229036216451e-12       0.000000000000e+00       1.861578940739e-16       9.739121971825e-18       5.939587205104e-18 
 2303       1.443706259953e-11       8.121150846668e-13      -1.236829640004e-12       0.000000000000e+00       1.858244439449e-16       9.650598037714e-18       5.886323490438e-18 
 2304       1.443864715288e-11       8.079123749411e-13      -1.244393727393e-12       0.000000000000e+00       1.854917241229e-16       9.569034182133e-18       5.832712619713e-18 
 2305       1.444070361010e-11       8.036546132597e-13      -1.251727064011e-12       0.000000000000e+00       1.851597328859e-16       9.494161607530e-18       5.778799976496e-18 
 2306       1.444321401065e-11       7.993433019528e-13      -1.258828231949e-12       0.000000000000e+00       1.848284684976e-16       9.425710535518e-18       5.724631103778e-18 
 2307       1.444616032843e-11       7.949799488991e-13      -1.265695810001e-12       0.000000000000e+00       1.844979292071e-16       9.363410205790e-18       5.670251704146e-18 
 2308       1.444952447174e-11       7.905660675316e-13      -1.272328373651e-12       0.000000000000e+00       1.841681132495e-16       9.306988875042e-18       5.615707639956e-18 
 2309       1.445328828314e-11       7.861031768441e-13      -1.278724495079e-12       0.000000000000e+00       1.838390188452e-16       9.256173815890e-18       5.561044933510e-18 
 2310       1.445743353944e-11       7.815928013971e-13      -1.284882743150e-12       0.000000000000e+00       1.835106442003e-16       9.210691315792e-18       5.506309767225e-18 
 2311       1.446194195163e-11       7.770364713238e-13      -1.290801683419e-12       0.000000000000e+00       1.831829875065e-16       9.170266675963e-18       5.451548483811e-18 
 2312       1.446679516474e-11       7.724357223368e-13      -1.296479878120e-12       0.000000000000e+00       1.828560469409e-16       9.134624210296e-18       5.396807586440e-18 
 2313       1.447197475784e-11       7.677920957333e-13      -1.301915886170e-12       0.000000000000e+00       1.825298206663e-16       9.103487244283e-18       5.342133738922e-18 
 2314       1.447746224394e-11       7.631071384021e-13      -1.307108263160e-12       0.000000000000e+00       1.822043068310e-16       9.076578113932e-18       5.287573765878e-18 
 2315       1.448323906992e-11       7.583824028293e-13      -1.312055561359e-12       0.000000000000e+00       1.818795035686e-16       9.053618164687e-18       5.233174652913e-18 
 2316       1.448928661643e-11       7.536194471045e-13      -1.316756329704e-12       0.000000000000e+00       1.815554089984e-16       9.034327750347e-18       5.178983546791e-18 
 2317       1.449558619788e-11       7.488198349269e-13      -1.321209113800e-12       0.000000000000e+00       1.812320212250e-16       9.018426231986e-18       5.125047755605e-18 
 2318       1.450211906231e-11       7.439851356114e-13      -1.325412455918e-12       0.000000000000e+00       1.809093383384e-16       9.005631976869e-18       5.071414748955e-18 
 2319       1.450886639134e-11       7.391169240950e-13      -1.329364894991e-12       0.000000000000e+00       1.805873584142e-16       8.995662357378e-18       5.018132158117e-18 
 2320       1.451580930010e-11       7.342167809424e-13      -1.333064966610e-12       0.000000000000e+00       1.802660795133e-16       8.988233749922e-18       4.965247776221e-18 
 2321       1.452292883717e-11       7.292862923528e-13      -1.336511203025e-12       0.000000000000e+00       1.799454996818e-16       8.983061533865e-18       4.912809558420e-18 
 2322       1.453020598446e-11       7.243270501653e-13      -1.339702133134e-12       0.000000000000e+00       1.796256169514e-16       8.979860090440e-18       4.860865622065e-18 
 2323       1.453762165719e-11       7.193406518657e-13      -1.342636282491e-12       0.000000000000e+00       1.793064293391e-16       8.978342801667e-18       4.809464246882e-18 
 2324       1.454515670381e-11       7.143287005921e-13      -1.345312173292e-12       0.000000000000e+00       1.789879348471e-16       8.978222049279e-18       4.758653875139e-18 
 2325       1.455279190590e-11       7.092928051414e-13      -1.347728324380e-12       0.000000000000e+00       1.786701314629e-16       8.979209213633e-18       4.708483111824e-18 
 2326       1.456050797810e-11       7.042345799752e-13      -1.349883251239e-12       0.000000000000e+00       1.783530171593e-16       8.981014672636e-18       4.659000724818e-18 
 2327       1.456828556809e-11       6.991556452260e-13      -1.351775465990e-12       0.000000000000e+00       1.780365898946e-16       8.983347800658e-18       4.610255645066e-18 
 2328       1.457610525644e-11       6.940576267034e-13      -1.353403477390e-12       0.000000000000e+00       1.777208476119e-16       8.985916967459e-18       4.562296966753e-18 
 2329       1.458394755660e-11       6.889421559000e-13      -1.354765790827e-12       0.000000000000e+00       1.774057882398e-16       8.988429537098e-18       4.515173947478e-18 
 2330       1.459179291480e-11       6.838108699978e-13      -1.355860908321e-12       0.000000000000e+00       1.770914096921e-16       8.990591866862e-18       4.468936008422e-18 
 2331       1.459962296333e-11       6.786653664890e-13      -1.356687970002e-12       0.000000000000e+00       1.767777100165e-16       8.992175805098e-18       4.423618695740e-18 
 2332       1.460742428913e-11       6.735070667149e-13      -1.357248682975e-12       0.000000000000e+00       1.764646878420e-16       8.993218643332e-18       4.379201467998e-18 
 2333       1.461518468874e-11       6.683373514822e-13      -1.357545404568e-12       0.000000000000e+00       1.761523419344e-16       8.993824417889e-18       4.335649643940e-18 
 2334       1.462289191703e-11       6.631576063753e-13      -1.357580501954e-12       0.000000000000e+00       1.758406710476e-16       8.994097525394e-18       4.292928417072e-18 
 2335       1.463053368717e-11       6.579692217616e-13      -1.357356352166e-12       0.000000000000e+00       1.755296739238e-16       8.994142723162e-18       4.251002855521e-18 
 2336       1.463809767059e-11       6.527735927965e-13      -1.356875342103e-12       0.000000000000e+00       1.752193492932e-16       8.994065129586e-18       4.209837901899e-18 
 2337       1.464557149693e-11       6.475721194287e-13      -1.356139868546e-12       0.000000000000e+00       1.749096958744e-16       8.993970224524e-18       4.169398373171e-18 
 2338       1.465294275400e-11       6.423662064051e-13      -1.355152338168e-12       0.000000000000e+00       1.746007123738e-16       8.993963849683e-18       4.129648960510e-18 
 2339       1.466019898772e-11       6.371572632761e-13      -1.353915167543e-12       0.000000000000e+00       1.742923974861e-16       8.994152209013e-18       4.090554229169e-18 
 2340       1.466732770208e-11       6.319467044008e-13      -1.352430783158e-12       0.000000000000e+00       1.739847498942e-16       8.994641869086e-18       4.052078618339e-18 
 2341       1.467431635913e-11       6.267359489517e-13      -1.350701621428e-12       0.000000000000e+00       1.736777682688e-16       8.995539759490e-18       4.014186441017e-18 
 2342       1.468115237889e-11       6.215264209203e-13      -1.348730128700e-12       0.000000000000e+00       1.733714512689e-16       8.996953173211e-18       3.976841883865e-18 
 2343       1.468782313931e-11       6.163195491221e-13      -1.346518761272e-12       0.000000000000e+00       1.730657975414e-16       8.998989767024e-18       3.940009007075e-18 
 2344       1.469431597625e-11       6.111167672015e-13      -1.344069985397e-12       0.000000000000e+00       1.727608057214e-16       9.001757561879e-18       3.903651744235e-18 
 2345       1.470061818344e-11       6.059195136372e-13      -1.341386277300e-12       0.000000000000e+00       1.724564744317e-16       9.005364943288e-18       3.867733902190e-18 
 2346       1.470671701239e-11       6.007292317473e-13      -1.338470123185e-12       0.000000000000e+00       1.721528022835e-16       9.009920661710e-18       3.832219160906e-18 
 2347       1.471259967240e-11       5.955473696941e-13      -1.335324019249e-12       0.000000000000e+00       1.718497878757e-16       9.015533832943e-18       3.797071073333e-18 
 2348       1.471825333046e-11       5.903753804896e-13      -1.331950471692e-12       0.000000000000e+00       1.715474297953e-16       9.022313938507e-18       3.762253065271e-18 
 2349       1.472366511127e-11       5.852147220007e-13      -1.328351996727e-12       0.000000000000e+00       1.712457266172e-16       9.030370826032e-18       3.727728435231e-18 
 2350       1.472882209713e-11       5.800668569537e-13      -1.324531120594e-12       0.000000000000e+00       1.709446769042e-16       9.039814709649e-18       3.693460354297e-18 
 2351       1.473371132794e-11       5.749332529401e-13      -1.320490379569e-12       0.000000000000e+00       1.706442792071e-16       9.050756170371e-18       3.659411865996e-18 
 2352       1.473831980115e-11       5.698153824215e-13      -1.316232319975e-12       0.000000000000e+00       1.703445320645e-16       9.063306156485e-18       3.625545886155e-18 
 2353       1.474263447170e-11       5.647147227347e-13      -1.311759498196e-12       0.000000000000e+00       1.700454340030e-16       9.077575983936e-18       3.591825202766e-18 
 2354       1.474664225197e-11       5.596327560966e-13      -1.307074480683e-12       0.000000000000e+00       1.697469835370e-16       9.093677336716e-18       3.558212475852e-18 
 2355       1.475033001176e-11       5.545709696098e-13      -1.302179843971e-12       0.000000000000e+00       1.694491791688e-16       9.111722267252e-18       3.524670237329e-18 
 2356       1.475368457823e-11       5.495308552672e-13      -1.297078174687e-12       0.000000000000e+00       1.691520193885e-16       9.131823196791e-18       3.491160890869e-18 
 2357       1.475669273588e-11       5.445139099578e-13      -1.291772069560e-12       0.000000000000e+00       1.688555026740e-16       9.154092915789e-18       3.457646711763e-18 
 2358       1.475934122644e-11       5.395216354710e-13      -1.286264135436e-12       0.000000000000e+00       1.685596274912e-16       9.178644584296e-18       3.424089846787e-18 
 2359       1.476161674891e-11       5.345555385024e-13      -1.280556989285e-12       0.000000000000e+00       1.682643922935e-16       9.205591732346e-18       3.390452314064e-18 
 2360       1.476350595945e-11       5.296171306586e-13      -1.274653258215e-12       0.000000000000e+00       1.679697955222e-16       9.235048260342e-18       3.356696002927e-18 
 2361       1.476499547138e-11       5.247079284624e-13      -1.268555579484e-12       0.000000000000e+00       1.676758356064e-16       9.267128439445e-18       3.322782673782e-18 
 2362       1.476607185510e-11       5.198294533579e-13      -1.262266600506e-12       0.000000000000e+00       1.673825109630e-16       9.301946911958e-18       3.288673957976e-18 
 2363       1.476672163807e-11       5.149832317156e-13      -1.255788978869e-12       0.000000000000e+00       1.670898199965e-16       9.339618691718e-18       3.254331357654e-18 
 2364       1.476693130475e-11       5.101707948377e-13      -1.249125382342e-12       0.000000000000e+00       1.667977610990e-16       9.380259164479e-18       3.219716245627e-18 
 2365       1.476668729658e-11       5.053936789630e-13      -1.242278488885e-12       0.000000000000e+00       1.665063326507e-16       9.423984088301e-18       3.184789865234e-18 
 2366       1.476597601189e-11       5.006534252722e-13      -1.235250986665e-12       0.000000000000e+00       1.662155330191e-16       9.470909593937e-18       3.149513330206e-18 
 2367       1.476478380591e-11       4.959515798929e-13      -1.228045574063e-12       0.000000000000e+00       1.659253605595e-16       9.521152185220e-18       3.113847624528e-18 
 2368       1.476309699067e-11       4.912896939047e-13      -1.220664959687e-12       0.000000000000e+00       1.656358136148e-16       9.574828739450e-18       3.077753602307e-18 
 2369       1.476090183502e-11       4.866693233445e-13      -1.213111862382e-12       0.000000000000e+00       1.653468905157e-16       9.632056507782e-18       3.041191987629e-18 
 2370       1.475818456452e-11       4.820920292115e-13      -1.205389011243e-12       0.000000000000e+00       1.650585895802e-16       9.692953115614e-18       3.004123374427e-18 
 2371       1.475493339212e-11       4.775592152316e-13      -1.197499365100e-12       0.000000000000e+00       1.647709091549e-16       9.757584205707e-18       2.966516238042e-18 
 2372       1.475114462382e-11       4.730716400453e-13      -1.189446772431e-12       0.000000000000e+00       1.644838477359e-16       9.825806013478e-18       2.928371024239e-18 
 2373       1.474681659064e-11       4.686299020177e-13      -1.181235315548e-12       0.000000000000e+00       1.641974038487e-16       9.897421820356e-18       2.889696208674e-18 
 2374       1.474194762129e-11       4.642346012072e-13      -1.172869091508e-12       0.000000000000e+00       1.639115760068e-16       9.972234222044e-18       2.850500298736e-18 
 2375       1.473653604226e-11       4.598863393677e-13      -1.164352212124e-12       0.000000000000e+00       1.636263627123e-16       1.005004512779e-17       2.810791833578e-18 
 2376       1.473058017772e-11       4.555857199495e-13      -1.155688803986e-12       0.000000000000e+00       1.633417624554e-16       1.013065575965e-17       2.770579384160e-18 
 2377       1.472407834961e-11       4.513333481017e-13      -1.146883008474e-12       0.000000000000e+00       1.630577737150e-16       1.021386665178e-17       2.729871553274e-18 
 2378       1.471702887757e-11       4.471298306733e-13      -1.137938981776e-12       0.000000000000e+00       1.627743949579e-16       1.029947764967e-17       2.688676975588e-18 
 2379       1.470943007898e-11       4.429757762152e-13      -1.128860894902e-12       0.000000000000e+00       1.624916246394e-16       1.038728790943e-17       2.647004317670e-18 
 2380       1.470128026894e-11       4.388717949817e-13      -1.119652933700e-12       0.000000000000e+00       1.622094612031e-16       1.047709589709e-17       2.604862278033e-18 
 2381       1.469257776028e-11       4.348184989322e-13      -1.110319298872e-12       0.000000000000e+00       1.619279030809e-16       1.056869938783e-17       2.562259587160e-18 
 2382       1.468332086354e-11       4.308165017331e-13      -1.100864205993e-12       0.000000000000e+00       1.616469486928e-16       1.066189546525e-17       2.519205007547e-18 
 2383       1.467350788699e-11       4.268664187590e-13      -1.091291885520e-12       0.000000000000e+00       1.613665964472e-16       1.075648052067e-17       2.475707333730e-18 
 2384       1.466313713662e-11       4.229688670946e-13      -1.081606582816e-12       0.000000000000e+00       1.610868447406e-16       1.085225025239e-17       2.431775392325e-18 
 2385       1.465220691614e-11       4.191244655365e-13      -1.071812558160e-12       0.000000000000e+00       1.608076919577e-16       1.094899966493e-17       2.387418042060e-18 
 2386       1.464071552697e-11       4.153338345947e-13      -1.061914086763e-12       0.000000000000e+00       1.605291364716e-16       1.104652306834e-17       2.342644173809e-18 
 2387       1.462866126825e-11       4.115975964944e-13      -1.051915458789e-12       0.000000000000e+00       1.602511766432e-16       1.114461407746e-17       2.297462710627e-18 
 2388       1.461604243685e-11       4.079163751772e-13      -1.041820979364e-12       0.000000000000e+00       1.599738108220e-16       1.124306561117e-17       2.251882607788e-18 
 2389       1.460285732732e-11       4.042907963037e-13      -1.031634968598e-12       0.000000000000e+00       1.596970373454e-16       1.134166989167e-17       2.205912852812e-18 
 2390       1.458910423196e-11       4.007214872540e-13      -1.021361761596e-12       0.000000000000e+00       1.594208545388e-16       1.144021844379e-17       2.159562465505e-18 
 2391       1.457478144076e-11       3.972090771303e-13      -1.011005708478e-12       0.000000000000e+00       1.591452607161e-16       1.153850209417e-17       2.112840497995e-18 
 2392       1.455988724142e-11       3.937541967583e-13      -1.000571174392e-12       0.000000000000e+00       1.588702541789e-16       1.163631097062e-17       2.065756034760e-18 
 2393       1.454441991935e-11       3.903574786884e-13      -9.900625395286e-13       0.000000000000e+00       1.585958332172e-16       1.173343450136e-17       2.018318192667e-18 
 2394       1.452837775769e-11       3.870195571980e-13      -9.794841991423e-13       0.000000000000e+00       1.583219961089e-16       1.182966141425e-17       1.970536121008e-18 
 2395       1.451175903724e-11       3.837410682930e-13      -9.688405635620e-13       0.000000000000e+00       1.580487411200e-16       1.192477973612e-17       1.922419001529e-18 
 2396       1.449456203656e-11       3.805226497092e-13      -9.581360582096e-13       0.000000000000e+00       1.577760665045e-16       1.201857679202e-17       1.873976048470e-18 
 2397       1.447678503187e-11       3.773649409141e-13      -9.473751236147e-13       0.000000000000e+00       1.575039705045e-16       1.211083920446e-17       1.825216508595e-18 
 2398       1.445842629711e-11       3.742685831087e-13      -9.365622154312e-13       0.000000000000e+00       1.572324513501e-16       1.220135289272e-17       1.776149661230e-18 
 2399       1.443948410393e-11       3.712342192291e-13      -9.257018044527e-13       0.000000000000e+00       1.569615072594e-16       1.228990307211e-17       1.726784818296e-18 
 2400       1.441995672167e-11       3.682624939480e-13      -9.147983766286e-13       0.000000000000e+00       1.566911364383e-16       1.237627425321e-17       1.677131324342e-18 
 2401       1.439984241737e-11       3.653540536766e-13      -9.038564330797e-13       0.000000000000e+00       1.564213370809e-16       1.246025024120e-17       1.627198556583e-18 
 2402       1.437913945576e-11       3.625095465660e-13      -8.928804901143e-13       0.000000000000e+00       1.561521073692e-16       1.254161413506e-17       1.576995924930e-18 
 2403       1.435784609929e-11       3.597296225092e-13      -8.818750792441e-13       0.000000000000e+00       1.558834454732e-16       1.262014832690e-17       1.526532872030e-18 
 2404       1.433596060809e-11       3.570149331425e-13      -8.708447471998e-13       0.000000000000e+00       1.556153495505e-16       1.269563450119e-17       1.475818873296e-18 
 2405       1.431348123997e-11       3.543661318471e-13      -8.597940559471e-13       0.000000000000e+00       1.553478177469e-16       1.276785363404e-17       1.424863436941e-18 
 2406       1.429040625046e-11       3.517838737513e-13      -8.487275827026e-13       0.000000000000e+00       1.550808481961e-16       1.283658599250e-17       1.373676104016e-18 
 2407       1.426673389277e-11       3.492688157312e-13      -8.376499199496e-13       0.000000000000e+00       1.548144390196e-16       1.290161113378e-17       1.322266448444e-18 
 2408       1.424246241779e-11       3.468216164135e-13      -8.265656754540e-13       0.000000000000e+00       1.545485883267e-16       1.296270790455e-17       1.270644077052e-18 
 2409       1.421759007413e-11       3.444429361761e-13      -8.154794722801e-13       0.000000000000e+00       1.542832942145e-16       1.301965444021e-17       1.218818629606e-18 
 2410       1.419211510805e-11       3.421334371507e-13      -8.043959488065e-13       0.000000000000e+00       1.540185547682e-16       1.307222816416e-17       1.166799778847e-18 
 2411       1.416603730079e-11       3.398936122353e-13      -7.933195175057e-13       0.000000000000e+00       1.537543681971e-16       1.312028250513e-17       1.114598776025e-18 
 2412       1.413936259057e-11       3.377232709960e-13      -7.822536396502e-13       0.000000000000e+00       1.534907332457e-16       1.316397755989e-17       1.062233097687e-18 
 2413       1.411209847861e-11       3.356220506468e-13      -7.712015462334e-13       0.000000000000e+00       1.532276487850e-16       1.320355082988e-17       1.009721827177e-18 
 2414       1.408425249448e-11       3.335895867524e-13      -7.601664788168e-13       0.000000000000e+00       1.529651136769e-16       1.323924063119e-17       9.570841117654e-19 
 2415       1.405583219611e-11       3.316255132269e-13      -7.491516895407e-13       0.000000000000e+00       1.527031267735e-16       1.327128609542e-17       9.043391627128e-19 
 2416       1.402684516983e-11       3.297294623314e-13      -7.381604411353e-13       0.000000000000e+00       1.524416869175e-16       1.329992717054e-17       8.515062553400e-19 
 2417       1.399729903038e-11       3.279010646721e-13      -7.271960069315e-13       0.000000000000e+00       1.521807929421e-16       1.332540462171e-17       7.986047290921e-19 
 2418       1.396720142097e-11       3.261399491989e-13      -7.162616708716e-13       0.000000000000e+00       1.519204436706e-16       1.334796003217e-17       7.456539876055e-19 
 2419       1.393656001329e-11       3.244457432032e-13      -7.053607275206e-13       0.000000000000e+00       1.516606379172e-16       1.336783580408e-17       6.926734987741e-19 
 2420       1.390538250753e-11       3.228180723163e-13      -6.944964820767e-13       0.000000000000e+00       1.514013744862e-16       1.338527515936e-17       6.396827948160e-19 
 2421       1.387367663245e-11       3.212565605070e-13      -6.836722503823e-13       0.000000000000e+00       1.511426521725e-16       1.340052214057e-17       5.867014723393e-19 
 2422       1.384145014537e-11       3.197608300804e-13      -6.728913589349e-13       0.000000000000e+00       1.508844697612e-16       1.341382161173e-17       5.337491924091e-19 
 2423       1.380871083223e-11       3.183305016754e-13      -6.621571448981e-13       0.000000000000e+00       1.506268260280e-16       1.342541925920e-17       4.808456806134e-19 
 2424       1.377546650760e-11       3.169651942636e-13      -6.514729561122e-13       0.000000000000e+00       1.503697197387e-16       1.343556159253e-17       4.280107271297e-19 
 2425       1.374172501471e-11       3.156645251466e-13      -6.408421511052e-13       0.000000000000e+00       1.501131496497e-16       1.344449594530e-17       3.752641867913e-19 
 2426       1.370749422552e-11       3.144281099547e-13      -6.302680991039e-13       0.000000000000e+00       1.498571145077e-16       1.345247047597e-17       3.226259791536e-19 
 2427       1.367278204067e-11       3.132555626448e-13      -6.197541800446e-13       0.000000000000e+00       1.496016130495e-16       1.345973416877e-17       2.701160885606e-19 
 2428       1.363759638960e-11       3.121464954988e-13      -6.093037845837e-13       0.000000000000e+00       1.493466440026e-16       1.346653683450e-17       2.177545642112e-19 
 2429       1.360194523053e-11       3.111005191211e-13      -5.989203141091e-13       0.000000000000e+00       1.490922060846e-16       1.347312911142e-17       1.655615202257e-19 
 2430       1.356583655050e-11       3.101172424376e-13      -5.886071807509e-13       0.000000000000e+00       1.488382980033e-16       1.347976246609e-17       1.135571357117e-19 
 2431       1.352927836538e-11       3.091962726933e-13      -5.783678073920e-13       0.000000000000e+00       1.485849184569e-16       1.348668919424e-17       6.176165483109e-20 
 2432       1.349227871996e-11       3.083372154503e-13      -5.682056276793e-13       0.000000000000e+00       1.483320661339e-16       1.349416242159e-17       1.019538686611e-20 
 2433       1.345484568791e-11       3.075396745865e-13      -5.581240860346e-13       0.000000000000e+00       1.480797397131e-16       1.350243610473e-17      -4.112129371434e-20 
 2434       1.341698737186e-11       3.068032522932e-13      -5.481266376652e-13       0.000000000000e+00       1.478279378633e-16       1.351176503196e-17      -9.216794718823e-20 
 2435       1.337871190341e-11       3.061275490735e-13      -5.382167485751e-13       0.000000000000e+00       1.475766592437e-16       1.352240482416e-17      -1.429240685140e-19 
 2436       1.334002744315e-11       3.055121637403e-13      -5.283978955755e-13       0.000000000000e+00       1.473259025039e-16       1.353461193561e-17      -1.933690872644e-19 
 2437       1.330094218073e-11       3.049566934148e-13      -5.186735662961e-13       0.000000000000e+00       1.470756662833e-16       1.354864365490e-17      -2.434823675598e-19 
 2438       1.326146433485e-11       3.044607335239e-13      -5.090472591958e-13       0.000000000000e+00       1.468259492119e-16       1.356475810571e-17      -2.932432080021e-19 
 2439       1.322160215329e-11       3.040238777992e-13      -4.995224835735e-13       0.000000000000e+00       1.465767499097e-16       1.358321424773e-17      -3.426308416081e-19 
 2440       1.318136391298e-11       3.036457182745e-13      -4.901027595790e-13       0.000000000000e+00       1.463280669867e-16       1.360427187746e-17      -3.916244357435e-19 
 2441       1.314075792000e-11       3.033258452842e-13      -4.807916182240e-13       0.000000000000e+00       1.460798990434e-16       1.362819162910e-17      -4.402030920561e-19 
 2442       1.309979250961e-11       3.030638474613e-13      -4.715926013930e-13       0.000000000000e+00       1.458322446703e-16       1.365523497539e-17      -4.883458464100e-19 
 2443       1.305847604629e-11       3.028593117359e-13      -4.625092618539e-13       0.000000000000e+00       1.455851024479e-16       1.368566422846e-17      -5.360316688184e-19 
 2444       1.301681692376e-11       3.027118233327e-13      -4.535451632692e-13       0.000000000000e+00       1.453384709470e-16       1.371974254069e-17      -5.832394633782e-19 
 2445       1.297482356504e-11       3.026209657697e-13      -4.447038802068e-13       0.000000000000e+00       1.450923487285e-16       1.375773390556e-17      -6.299480682028e-19 
 2446       1.293250442243e-11       3.025863208562e-13      -4.359889981507e-13       0.000000000000e+00       1.448467343433e-16       1.379990315849e-17      -6.761362553562e-19 
 2447       1.288986797760e-11       3.026074686907e-13      -4.274041135122e-13       0.000000000000e+00       1.446016263325e-16       1.384651597773e-17      -7.217827307867e-19 
 2448       1.284692274156e-11       3.026839876592e-13      -4.189528336404e-13       0.000000000000e+00       1.443570232271e-16       1.389783888516e-17      -7.668661342600e-19 
 2449       1.280367725473e-11       3.028154544335e-13      -4.106387768333e-13       0.000000000000e+00       1.441129235483e-16       1.395413924719e-17      -8.113650392934e-19 
 2450       1.276014008698e-11       3.030014439690e-13      -4.024655723489e-13       0.000000000000e+00       1.438693258075e-16       1.401568527560e-17      -8.552579530892e-19 
 2451       1.271632015109e-11       3.032414431827e-13      -3.944363776405e-13       0.000000000000e+00       1.436262286232e-16       1.408267120626e-17      -8.985262395789e-19 
 2452       1.267222764538e-11       3.035345914266e-13      -3.865524268911e-13       0.000000000000e+00       1.433836310751e-16       1.415499234522e-17      -9.411629077709e-19 
 2453       1.262787311677e-11       3.038799384599e-13      -3.788144738300e-13       0.000000000000e+00       1.431415323525e-16       1.423246868046e-17      -9.831638757715e-19 
 2454       1.258326714790e-11       3.042765306255e-13      -3.712232737217e-13       0.000000000000e+00       1.428999316367e-16       1.431491958135e-17      -1.024525052434e-18 
 2455       1.253842035716e-11       3.047234108458e-13      -3.637795833671e-13       0.000000000000e+00       1.426588281016e-16       1.440216379800e-17      -1.065242337351e-18 
 2456       1.249334339868e-11       3.052196186198e-13      -3.564841611048e-13       0.000000000000e+00       1.424182209132e-16       1.449401946062e-17      -1.105311620845e-18 
 2457       1.244804696244e-11       3.057641900189e-13      -3.493377668123e-13       0.000000000000e+00       1.421781092300e-16       1.459030407888e-17      -1.144728783963e-18 
 2458       1.240254177423e-11       3.063561576835e-13      -3.423411619073e-13       0.000000000000e+00       1.419384922025e-16       1.469083454127e-17      -1.183489698467e-18 
 2459       1.235683859576e-11       3.069945508197e-13      -3.354951093490e-13       0.000000000000e+00       1.416993689737e-16       1.479542711444e-17      -1.221590226823e-18 
 2460       1.231094822463e-11       3.076783951953e-13      -3.288003736390e-13       0.000000000000e+00       1.414607386785e-16       1.490389744259e-17      -1.259026222201e-18 
 2461       1.226488149441e-11       3.084067131366e-13      -3.222577208229e-13       0.000000000000e+00       1.412226004444e-16       1.501606054683e-17      -1.295793528458e-18 
 2462       1.221864927468e-11       3.091785235243e-13      -3.158679184916e-13       0.000000000000e+00       1.409849533910e-16       1.513173082450e-17      -1.331887980136e-18 
 2463       1.217226247103e-11       3.099928417904e-13      -3.096317357821e-13       0.000000000000e+00       1.407477966300e-16       1.525072204856e-17      -1.367305402450e-18 
 2464       1.212573202511e-11       3.108486799145e-13      -3.035499433792e-13       0.000000000000e+00       1.405111292655e-16       1.537284736694e-17      -1.402041611284e-18 
 2465       1.207906891471e-11       3.117450464200e-13      -2.976233135164e-13       0.000000000000e+00       1.402749503935e-16       1.549791930193e-17      -1.436092413181e-18 
 2466       1.203228415374e-11       3.126809463707e-13      -2.918526199775e-13       0.000000000000e+00       1.400392591026e-16       1.562574974946e-17      -1.469453605333e-18 
 2467       1.198538879228e-11       3.136553813671e-13      -2.862386380975e-13       0.000000000000e+00       1.398040544733e-16       1.575614997857e-17      -1.502120975577e-18 
 2468       1.193839391663e-11       3.146673495431e-13      -2.807821447639e-13       0.000000000000e+00       1.395693355782e-16       1.588893063065e-17      -1.534090302385e-18 
 2469       1.189131064936e-11       3.157158455618e-13      -2.754839184182e-13       0.000000000000e+00       1.393351014822e-16       1.602390171890e-17      -1.565357354853e-18 
 2470       1.184415014932e-11       3.167998606127e-13      -2.703447390569e-13       0.000000000000e+00       1.391013512424e-16       1.616087262764e-17      -1.595917892700e-18 
 2471       1.179692361166e-11       3.179183824074e-13      -2.653653882326e-13       0.000000000000e+00       1.388680839079e-16       1.629965211166e-17      -1.625767666254e-18 
 2472       1.174964226793e-11       3.190703951765e-13      -2.605466490558e-13       0.000000000000e+00       1.386352985199e-16       1.644004829561e-17      -1.654902416445e-18 
 2473       1.170231738604e-11       3.202548796658e-13      -2.558893061956e-13       0.000000000000e+00       1.384029941120e-16       1.658186867335e-17      -1.683317874801e-18 
 2474       1.165496027039e-11       3.214708131327e-13      -2.513941458810e-13       0.000000000000e+00       1.381711697094e-16       1.672492010728e-17      -1.711009763434e-18 
 2475       1.160758226179e-11       3.227171693426e-13      -2.470619559024e-13       0.000000000000e+00       1.379398243300e-16       1.686900882776e-17      -1.737973795036e-18 
 2476       1.156019473760e-11       3.239929185655e-13      -2.428935256128e-13       0.000000000000e+00       1.377089569832e-16       1.701394043240e-17      -1.764205672870e-18 
 2477       1.151280911171e-11       3.252970275723e-13      -2.388896459287e-13       0.000000000000e+00       1.374785666710e-16       1.715951988546e-17      -1.789701090763e-18 
 2478       1.146543683460e-11       3.266284596309e-13      -2.350511093319e-13       0.000000000000e+00       1.372486523870e-16       1.730555151722e-17      -1.814455733096e-18 
 2479       1.141808939337e-11       3.279861745033e-13      -2.313787098702e-13       0.000000000000e+00       1.370192131172e-16       1.745183902329e-17      -1.838465274796e-18 
 2480       1.137077831176e-11       3.293691284413e-13      -2.278732431588e-13       0.000000000000e+00       1.367902478394e-16       1.759818546402e-17      -1.861725381331e-18 
 2481       1.132351515023e-11       3.307762741835e-13      -2.245355063820e-13       0.000000000000e+00       1.365617555237e-16       1.774439326382e-17      -1.884231708698e-18 
 2482       1.127631150594e-11       3.322065609510e-13      -2.213662982937e-13       0.000000000000e+00       1.363337351320e-16       1.789026421057e-17      -1.905979903419e-18 
 2483       1.122917901285e-11       3.336589344448e-13      -2.183664192190e-13       0.000000000000e+00       1.361061856183e-16       1.803559945490e-17      -1.926965602529e-18 
 2484       1.118212934168e-11       3.351323368412e-13      -2.155366710557e-13       0.000000000000e+00       1.358791059286e-16       1.818019950964e-17      -1.947184433571e-18 
 2485       1.113517420003e-11       3.366257067890e-13      -2.128778572750e-13       0.000000000000e+00       1.356524950009e-16       1.832386424911e-17      -1.966632014588e-18 
 2486       1.108832533235e-11       3.381379794053e-13      -2.103907829233e-13       0.000000000000e+00       1.354263517652e-16       1.846639290851e-17      -1.985303954112e-18 
 2487       1.104159452003e-11       3.396680862724e-13      -2.080762546228e-13       0.000000000000e+00       1.352006751433e-16       1.860758408326e-17      -2.003195851159e-18 
 2488       1.099499358138e-11       3.412149554339e-13      -2.059350805735e-13       0.000000000000e+00       1.349754640494e-16       1.874723572840e-17      -2.020303295219e-18 
 2489       1.094853437171e-11       3.427775113912e-13      -2.039680705537e-13       0.000000000000e+00       1.347507173892e-16       1.888514515790e-17      -2.036621866251e-18 
 2490       1.090222878336e-11       3.443546751000e-13      -2.021760359218e-13       0.000000000000e+00       1.345264340605e-16       1.902110904404e-17      -2.052147134671e-18 
 2491       1.085608790797e-11       3.459453926890e-13      -2.005593761998e-13       0.000000000000e+00       1.343026129474e-16       1.915496385180e-17      -2.066880556515e-18 
 2492       1.081011951789e-11       3.475487218075e-13      -1.991168361667e-13       0.000000000000e+00       1.340792529033e-16       1.928670740297e-17      -2.080847196794e-18 
 2493       1.076433057004e-11       3.491637457782e-13      -1.978467414618e-13       0.000000000000e+00       1.338563527674e-16       1.941637802531e-17      -2.094078110307e-18 
 2494       1.071872804236e-11       3.507895449179e-13      -1.967474113314e-13       0.000000000000e+00       1.336339113711e-16       1.954401418260e-17      -2.106604456032e-18 
 2495       1.067331893380e-11       3.524251965346e-13      -1.958171586229e-13       0.000000000000e+00       1.334119275372e-16       1.966965447476e-17      -2.118457497238e-18 
 2496       1.062811026435e-11       3.540697749243e-13      -1.950542897771e-13       0.000000000000e+00       1.331904000806e-16       1.979333763796e-17      -2.129668601587e-18 
 2497       1.058310907509e-11       3.557223513677e-13      -1.944571048223e-13       0.000000000000e+00       1.329693278078e-16       1.991510254482e-17      -2.140269241241e-18 
 2498       1.053832242818e-11       3.573819941280e-13      -1.940238973668e-13       0.000000000000e+00       1.327487095170e-16       2.003498820452e-17      -2.150290992971e-18 
 2499       1.049375740687e-11       3.590477684470e-13      -1.937529545929e-13       0.000000000000e+00       1.325285439983e-16       2.015303376293e-17      -2.159765538259e-18 
 2500       1.044942111556e-11       3.607187365425e-13      -1.936425572495e-13       0.000000000000e+00       1.323088300334e-16       2.026927850277e-17      -2.168724663404e-18 
 2501       1.040532067978e-11       3.623939576052e-13      -1.936909796456e-13       0.000000000000e+00       1.320895663959e-16       2.038376184375e-17      -2.177200259633e-18 
 2502       1.036146324625e-11       3.640724877955e-13      -1.938964896438e-13       0.000000000000e+00       1.318707518509e-16       2.049652334268e-17      -2.185224323200e-18 
 2503       1.031785598287e-11       3.657533802410e-13      -1.942573486531e-13       0.000000000000e+00       1.316523851555e-16       2.060760269367e-17      -2.192828955497e-18 
 2504       1.027450607874e-11       3.674356850325e-13      -1.947718116224e-13       0.000000000000e+00       1.314344650581e-16       2.071703972821e-17      -2.200046363157e-18 
 2505       1.023142074421e-11       3.691184492221e-13      -1.954381270338e-13       0.000000000000e+00       1.312169902990e-16       2.082487441536e-17      -2.206908858163e-18 
 2506       1.018860721087e-11       3.708007168193e-13      -1.962545368957e-13       0.000000000000e+00       1.309999596104e-16       2.093114686184e-17      -2.213448857950e-18 
 2507       1.014607273159e-11       3.724815287883e-13      -1.972192767361e-13       0.000000000000e+00       1.307833717157e-16       2.103589731222e-17      -2.219698885516e-18 
 2508       1.010382458051e-11       3.741599230450e-13      -1.983305755959e-13       0.000000000000e+00       1.305672253303e-16       2.113916614903e-17      -2.225691569523e-18 
 2509       1.006187005313e-11       3.758349344540e-13      -1.995866560220e-13       0.000000000000e+00       1.303515191611e-16       2.124099389293e-17      -2.231459644404e-18 
 2510       1.002021646623e-11       3.775055948254e-13      -2.009857340608e-13       0.000000000000e+00       1.301362519067e-16       2.134142120279e-17      -2.237035950474e-18 
 2511       9.978871157980e-12       3.791709329117e-13      -2.025260192513e-13       0.000000000000e+00       1.299214222573e-16       2.144048887592e-17      -2.242453434028e-18 
 2512       9.937841487916e-12       3.808299744052e-13      -2.042057146182e-13       0.000000000000e+00       1.297070288946e-16       2.153823784813e-17      -2.247745147452e-18 
 2513       9.897134836966e-12       3.824817419344e-13      -2.060230166656e-13       0.000000000000e+00       1.294930704923e-16       2.163470919392e-17      -2.252944249330e-18 
 2514       9.856758607477e-12       3.841252550614e-13      -2.079761153696e-13       0.000000000000e+00       1.292795457151e-16       2.172994412658e-17      -2.258084004546e-18 
 2515       9.816720223232e-12       3.857595302788e-13      -2.100631941721e-13       0.000000000000e+00       1.290664532198e-16       2.182398399840e-17      -2.263197784391e-18 
 2516       9.777027129471e-12       3.873835810064e-13      -2.122824299740e-13       0.000000000000e+00       1.288537916546e-16       2.191687030072e-17      -2.268319066672e-18 
 2517       9.737686792912e-12       3.889964175884e-13      -2.146319931280e-13       0.000000000000e+00       1.286415596591e-16       2.200864466414e-17      -2.273481435815e-18 
 2518       9.698706701772e-12       3.905970472904e-13      -2.171100474323e-13       0.000000000000e+00       1.284297558646e-16       2.209934885863e-17      -2.278718582969e-18 
 2519       9.660094365787e-12       3.921844742961e-13      -2.197147501239e-13       0.000000000000e+00       1.282183788940e-16       2.218902479369e-17      -2.284064306120e-18 
 2520       9.621857316230e-12       3.937576997047e-13      -2.224442518712e-13       0.000000000000e+00       1.280074273618e-16       2.227771451847e-17      -2.289552510187e-18 
 2521       9.584003105938e-12       3.953157215273e-13      -2.252966967681e-13       0.000000000000e+00       1.277968998737e-16       2.236546022192e-17      -2.295217207134e-18 
 2522       9.546539309326e-12       3.968575346845e-13      -2.282702223267e-13       0.000000000000e+00       1.275867950271e-16       2.245230423293e-17      -2.301092516075e-18 
 2523       9.509473522410e-12       3.983821310029e-13      -2.313629594707e-13       0.000000000000e+00       1.273771114111e-16       2.253828902047e-17      -2.307212663381e-18 
 2524       9.472813362829e-12       3.998884992121e-13      -2.345730325287e-13       0.000000000000e+00       1.271678476060e-16       2.262345719374e-17      -2.313611982780e-18 
 2525       9.436566469864e-12       4.013756249420e-13      -2.378985592274e-13       0.000000000000e+00       1.269590021838e-16       2.270785150230e-17      -2.320324915472e-18 
 2526       9.400740504458e-12       4.028424907193e-13      -2.413376506847e-13       0.000000000000e+00       1.267505737077e-16       2.279151483621e-17      -2.327386010229e-18 
 2527       9.365343149239e-12       4.042880759651e-13      -2.448884114034e-13       0.000000000000e+00       1.265425607327e-16       2.287449022617e-17      -2.334829923500e-18 
 2528       9.330382108537e-12       4.057113569910e-13      -2.485489392638e-13       0.000000000000e+00       1.263349618050e-16       2.295682084369e-17      -2.342691419523e-18 
 2529       9.295865108407e-12       4.071113069970e-13      -2.523173255177e-13       0.000000000000e+00       1.261277754623e-16       2.303855000118e-17      -2.351005370425e-18 
 2530       9.261799896650e-12       4.084868960676e-13      -2.561916547807e-13       0.000000000000e+00       1.259210002339e-16       2.311972115213e-17      -2.359806756330e-18 
 2531       9.228192952439e-12       4.098371976012e-13      -2.601698733928e-13       0.000000000000e+00       1.257146347710e-16       2.320036809569e-17      -2.369119142203e-18 
 2532       9.195045607002e-12       4.111617082741e-13      -2.642493936771e-13       0.000000000000e+00       1.255086782393e-16       2.328048552833e-17      -2.378920035318e-18 
 2533       9.162357900538e-12       4.124600299214e-13      -2.684274873776e-13       0.000000000000e+00       1.253031299292e-16       2.336005832209e-17      -2.389175327577e-18 
 2534       9.130129870567e-12       4.137317632721e-13      -2.727014170758e-13       0.000000000000e+00       1.250979891246e-16       2.343907130462e-17      -2.399850800467e-18 
 2535       9.098361551926e-12       4.149765079482e-13      -2.770684361814e-13       0.000000000000e+00       1.248932551034e-16       2.351750925913e-17      -2.410912124945e-18 
 2536       9.067052976767e-12       4.161938624639e-13      -2.815257889234e-13       0.000000000000e+00       1.246889271375e-16       2.359535692433e-17      -2.422324861330e-18 
 2537       9.036204174552e-12       4.173834242238e-13      -2.860707103402e-13       0.000000000000e+00       1.244850044925e-16       2.367259899444e-17      -2.434054459196e-18 
 2538       9.005815172050e-12       4.185447895230e-13      -2.907004262712e-13       0.000000000000e+00       1.242814864278e-16       2.374922011908e-17      -2.446066257258e-18 
 2539       8.975885993334e-12       4.196775535448e-13      -2.954121533471e-13       0.000000000000e+00       1.240783721967e-16       2.382520490328e-17      -2.458325483265e-18 
 2540       8.946416659776e-12       4.207813103608e-13      -3.002030989807e-13       0.000000000000e+00       1.238756610464e-16       2.390053790740e-17      -2.470797253890e-18 
 2541       8.917407190045e-12       4.218556529291e-13      -3.050704613579e-13       0.000000000000e+00       1.236733522178e-16       2.397520364711e-17      -2.483446574618e-18 
 2542       8.888857600101e-12       4.229001730935e-13      -3.100114294281e-13       0.000000000000e+00       1.234714449457e-16       2.404918659336e-17      -2.496238339638e-18 
 2543       8.860767903195e-12       4.239144615825e-13      -3.150231828957e-13       0.000000000000e+00       1.232699384586e-16       2.412247117230e-17      -2.509137331733e-18 
 2544       8.833138109861e-12       4.248981080083e-13      -3.201028922100e-13       0.000000000000e+00       1.230688319790e-16       2.419504176525e-17      -2.522108222171e-18 
 2545       8.805968227917e-12       4.258507008656e-13      -3.252477185567e-13       0.000000000000e+00       1.228681247230e-16       2.426688270868e-17      -2.535115570592e-18 
 2546       8.779258262458e-12       4.267718275306e-13      -3.304548138481e-13       0.000000000000e+00       1.226678159005e-16       2.433797829415e-17      -2.548123824904e-18 
 2547       8.753008215852e-12       4.276610742603e-13      -3.357213207145e-13       0.000000000000e+00       1.224679047153e-16       2.440831276826e-17      -2.561097321165e-18 
 2548       8.727218087740e-12       4.285180261908e-13      -3.410443724945e-13       0.000000000000e+00       1.222683903648e-16       2.447787033262e-17      -2.574000283482e-18 
 2549       8.701887875031e-12       4.293422673368e-13      -3.464210932259e-13       0.000000000000e+00       1.220692720403e-16       2.454663514381e-17      -2.586796823894e-18 
 2550       8.677017571895e-12       4.301333805903e-13      -3.518485976366e-13       0.000000000000e+00       1.218705489269e-16       2.461459131332e-17      -2.599450942266e-18 
 2551       8.652607169764e-12       4.308909477198e-13      -3.573239911355e-13       0.000000000000e+00       1.216722202031e-16       2.468172290753e-17      -2.611926526179e-18 
 2552       8.628656657326e-12       4.316145493690e-13      -3.628443698028e-13       0.000000000000e+00       1.214742850417e-16       2.474801394763e-17      -2.624187350820e-18 
 2553       8.605166020521e-12       4.323037650559e-13      -3.684068203812e-13       0.000000000000e+00       1.212767426086e-16       2.481344840964e-17      -2.636197078869e-18 
 2554       8.582135242540e-12       4.329581731716e-13      -3.740084202667e-13       0.000000000000e+00       1.210795920640e-16       2.487801022431e-17      -2.647919260395e-18 
 2555       8.559564303818e-12       4.335773509796e-13      -3.796462374990e-13       0.000000000000e+00       1.208828325613e-16       2.494168327708e-17      -2.659317332740e-18 
 2556       8.537453182033e-12       4.341608746144e-13      -3.853173307529e-13       0.000000000000e+00       1.206864632481e-16       2.500445140810e-17      -2.670354620416e-18 
 2557       8.515801852102e-12       4.347083190806e-13      -3.910187493283e-13       0.000000000000e+00       1.204904832653e-16       2.506629841210e-17      -2.680994334988e-18 
 2558       8.494610286175e-12       4.352192582519e-13      -3.967475331418e-13       0.000000000000e+00       1.202948917477e-16       2.512720803841e-17      -2.691199574970e-18 
 2559       8.473878453634e-12       4.356932648701e-13      -4.025007127169e-13       0.000000000000e+00       1.200996878237e-16       2.518716399089e-17      -2.700933325711e-18 
 2560       8.453606321090e-12       4.361299105438e-13      -4.082753091751e-13       0.000000000000e+00       1.199048706154e-16       2.524614992790e-17      -2.710158459288e-18 
 2561       8.433793852377e-12       4.365287657477e-13      -4.140683342262e-13       0.000000000000e+00       1.197104392386e-16       2.530414946225e-17      -2.718837734395e-18 
 2562       8.414441008549e-12       4.368893998214e-13      -4.198767901601e-13       0.000000000000e+00       1.195163928028e-16       2.536114616117e-17      -2.726933796233e-18 
 2563       8.395547747877e-12       4.372113809683e-13      -4.256976698362e-13       0.000000000000e+00       1.193227304110e-16       2.541712354622e-17      -2.734409176401e-18 
 2564       8.377114025845e-12       4.374942762545e-13      -4.315279566756e-13       0.000000000000e+00       1.191294511600e-16       2.547206509333e-17      -2.741226292787e-18 
 2565       8.359139795148e-12       4.377376516082e-13      -4.373646246507e-13       0.000000000000e+00       1.189365541401e-16       2.552595423269e-17      -2.747347449453e-18 
 2566       8.341625005686e-12       4.379410718180e-13      -4.432046382768e-13       0.000000000000e+00       1.187440384354e-16       2.557877434872e-17      -2.752734836534e-18 
 2567       8.324569604560e-12       4.381041005325e-13      -4.490449526023e-13       0.000000000000e+00       1.185519031234e-16       2.563050878004e-17      -2.757350530119e-18 
 2568       8.307973536073e-12       4.382263002587e-13      -4.548825132001e-13       0.000000000000e+00       1.183601472755e-16       2.568114081945e-17      -2.761156492148e-18 
 2569       8.291836741720e-12       4.383072323614e-13      -4.607142561577e-13       0.000000000000e+00       1.181687699564e-16       2.573065371382e-17      -2.764114570300e-18 
 2570       8.276159160190e-12       4.383464570620e-13      -4.665371080685e-13       0.000000000000e+00       1.179777702247e-16       2.577903066412e-17      -2.766186497881e-18 
 2571       8.260939792751e-12       4.383436458102e-13      -4.723481525520e-13       0.000000000000e+00       1.177871471843e-16       2.582625764512e-17      -2.767342918469e-18 
 2572       8.246173893609e-12       4.382989191017e-13      -4.781451308691e-13       0.000000000000e+00       1.175969001417e-16       2.587233188236e-17      -2.767590516228e-18 
 2573       8.231855763541e-12       4.382125105826e-13      -4.839259441396e-13       0.000000000000e+00       1.174070284494e-16       2.591725342338e-17      -2.766945039896e-18 
 2574       8.217979683028e-12       4.380846548524e-13      -4.896884870657e-13       0.000000000000e+00       1.172175314547e-16       2.596102232235e-17      -2.765422292118e-18 
 2575       8.204539912236e-12       4.379155874648e-13      -4.954306479253e-13       0.000000000000e+00       1.170284084996e-16       2.600363864003e-17      -2.763038129505e-18 
 2576       8.191530690993e-12       4.377055449285e-13      -5.011503085664e-13       0.000000000000e+00       1.168396589203e-16       2.604510244386e-17      -2.759808462684e-18 
 2577       8.178946238770e-12       4.374547647089e-13      -5.068453444001e-13       0.000000000000e+00       1.166512820477e-16       2.608541380789e-17      -2.755749256352e-18 
 2578       8.166780754661e-12       4.371634852282e-13      -5.125136243955e-13       0.000000000000e+00       1.164632772073e-16       2.612457281282e-17      -2.750876529331e-18 
 2579       8.155028417362e-12       4.368319458671e-13      -5.181530110723e-13       0.000000000000e+00       1.162756437188e-16       2.616257954601e-17      -2.745206354623e-18 
 2580       8.143683385149e-12       4.364603869656e-13      -5.237613604957e-13       0.000000000000e+00       1.160883808967e-16       2.619943410149e-17      -2.738754859462e-18 
 2581       8.132739795859e-12       4.360490498238e-13      -5.293365222693e-13       0.000000000000e+00       1.159014880500e-16       2.623513657996e-17      -2.731538225368e-18 
 2582       8.122191766869e-12       4.355981767030e-13      -5.348763395296e-13       0.000000000000e+00       1.157149644819e-16       2.626968708881e-17      -2.723572688203e-18 
 2583       8.112033395075e-12       4.351080108269e-13      -5.403786489395e-13       0.000000000000e+00       1.155288094905e-16       2.630308574210e-17      -2.714874538222e-18 
 2584       8.102258756872e-12       4.345787963825e-13      -5.458412806820e-13       0.000000000000e+00       1.153430223679e-16       2.633533266062e-17      -2.705460120130e-18 
 2585       8.092861908135e-12       4.340107785207e-13      -5.512620584542e-13       0.000000000000e+00       1.151576024010e-16       2.636642797185e-17      -2.695345833135e-18 
 2586       8.083836884194e-12       4.334042033579e-13      -5.566387994611e-13       0.000000000000e+00       1.149725488712e-16       2.639637180998e-17      -2.684548130999e-18 
 2587       8.075177699817e-12       4.327593179768e-13      -5.619693144093e-13       0.000000000000e+00       1.147878610541e-16       2.642516431595e-17      -2.673083522096e-18 
 2588       8.066878349190e-12       4.320763704272e-13      -5.672514075007e-13       0.000000000000e+00       1.146035382199e-16       2.645280563741e-17      -2.660968569466e-18 
 2589       8.058932805893e-12       4.313556097272e-13      -5.724828764269e-13       0.000000000000e+00       1.144195796333e-16       2.647929592877e-17      -2.648219890865e-18 
 2590       8.051335022883e-12       4.305972858640e-13      -5.776615123621e-13       0.000000000000e+00       1.142359845533e-16       2.650463535117e-17      -2.634854158822e-18 
 2591       8.044078932471e-12       4.298016497951e-13      -5.827850999575e-13       0.000000000000e+00       1.140527522334e-16       2.652882407254e-17      -2.620888100692e-18 
 2592       8.037158446302e-12       4.289689534495e-13      -5.878514173353e-13       0.000000000000e+00       1.138698819215e-16       2.655186226754e-17      -2.606338498712e-18 
 2593       8.030567455337e-12       4.280994497280e-13      -5.928582360818e-13       0.000000000000e+00       1.136873728600e-16       2.657375011765e-17      -2.591222190050e-18 
 2594       8.024299829828e-12       4.271933925050e-13      -5.978033212417e-13       0.000000000000e+00       1.135052242856e-16       2.659448781110e-17      -2.575556066866e-18 
 2595       8.018349419299e-12       4.262510366289e-13      -6.026844313120e-13       0.000000000000e+00       1.133234354294e-16       2.661407554292e-17      -2.559357076360e-18 
 2596       8.012710052528e-12       4.252726379233e-13      -6.074993182353e-13       0.000000000000e+00       1.131420055170e-16       2.663251351497e-17      -2.542642220827e-18 
 2597       8.007375537524e-12       4.242584531883e-13      -6.122457273942e-13       0.000000000000e+00       1.129609337683e-16       2.664980193588e-17      -2.525428557714e-18 
 2598       8.002339661506e-12       4.232087402009e-13      -6.169213976046e-13       0.000000000000e+00       1.127802193976e-16       2.666594102112e-17      -2.507733199671e-18 
 2599       7.997596190885e-12       4.221237577167e-13      -6.215240611099e-13       0.000000000000e+00       1.125998616136e-16       2.668093099300e-17      -2.489573314607e-18 
 2600       7.993138871240e-12       4.210037654701e-13      -6.260514435746e-13       0.000000000000e+00       1.124198596194e-16       2.669477208065e-17      -2.470966125741e-18 
 2601       7.988961427300e-12       4.198490241760e-13      -6.305012640780e-13       0.000000000000e+00       1.122402126124e-16       2.670746452004e-17      -2.451928911661e-18 
 2602       7.985057562924e-12       4.186597955304e-13      -6.348712351083e-13       0.000000000000e+00       1.120609197843e-16       2.671900855401e-17      -2.432479006371e-18 
 2603       7.981420961075e-12       4.174363422118e-13      -6.391590625562e-13       0.000000000000e+00       1.118819803213e-16       2.672940443225e-17      -2.412633799352e-18 
 2604       7.978045283809e-12       4.161789278814e-13      -6.433624457089e-13       0.000000000000e+00       1.117033934038e-16       2.673865241133e-17      -2.392410735610e-18 
 2605       7.974924172246e-12       4.148878171852e-13      -6.474790772435e-13       0.000000000000e+00       1.115251582067e-16       2.674675275469e-17      -2.371827315736e-18 
 2606       7.972051246551e-12       4.135632757539e-13      -6.515066432213e-13       0.000000000000e+00       1.113472738991e-16       2.675370573266e-17      -2.350901095954e-18 
 2607       7.969420105918e-12       4.122055702049e-13      -6.554428230813e-13       0.000000000000e+00       1.111697396444e-16       2.675951162247e-17      -2.329649688178e-18 
 2608       7.967024328544e-12       4.108149681424e-13      -6.592852896342e-13       0.000000000000e+00       1.109925546004e-16       2.676417070826e-17      -2.308090760067e-18 
 2609       7.964857471612e-12       4.093917381590e-13      -6.630317090558e-13       0.000000000000e+00       1.108157179193e-16       2.676768328107e-17      -2.286242035076e-18 
 2610       7.962913071268e-12       4.079361498366e-13      -6.666797408815e-13       0.000000000000e+00       1.106392287472e-16       2.677004963887e-17      -2.264121292512e-18 
 2611       7.961184518765e-12       4.064485310610e-13      -6.702273594787e-13       0.000000000000e+00       1.104630862218e-16       2.677127067394e-17      -2.241746843583e-18 
 2612       7.959664688169e-12       4.049294403154e-13      -6.736738204491e-13       0.000000000000e+00       1.102872894617e-16       2.677134963867e-17      -2.219138962356e-18 
 2613       7.958346306522e-12       4.033794953556e-13      -6.770186996342e-13       0.000000000000e+00       1.101118375767e-16       2.677029038969e-17      -2.196318462931e-18 
 2614       7.957222077468e-12       4.017993159855e-13      -6.802615721281e-13       0.000000000000e+00       1.099367296706e-16       2.676809680138e-17      -2.173306224237e-18 
 2615       7.956284681231e-12       4.001895240591e-13      -6.834020122764e-13       0.000000000000e+00       1.097619648416e-16       2.676477276594e-17      -2.150123190096e-18 
 2616       7.955526774591e-12       3.985507434831e-13      -6.864395936763e-13       0.000000000000e+00       1.095875421821e-16       2.676032219333e-17      -2.126790369286e-18 
 2617       7.954940990865e-12       3.968836002181e-13      -6.893738891755e-13       0.000000000000e+00       1.094134607786e-16       2.675474901139e-17      -2.103328835598e-18 
 2618       7.954519939877e-12       3.951887222811e-13      -6.922044708719e-13       0.000000000000e+00       1.092397197118e-16       2.674805716576e-17      -2.079759727904e-18 
 2619       7.954256207942e-12       3.934667397475e-13      -6.949309101133e-13       0.000000000000e+00       1.090663180566e-16       2.674025061996e-17      -2.056104250218e-18 
 2620       7.954142357841e-12       3.917182847530e-13      -6.975527774963e-13       0.000000000000e+00       1.088932548821e-16       2.673133335541e-17      -2.032383671756e-18 
 2621       7.954170928796e-12       3.899439914956e-13      -7.000696428664e-13       0.000000000000e+00       1.087205292515e-16       2.672130937139e-17      -2.008619327001e-18 
 2622       7.954334436451e-12       3.881444962374e-13      -7.024810753169e-13       0.000000000000e+00       1.085481402223e-16       2.671018268515e-17      -1.984832615764e-18 
 2623       7.954625372847e-12       3.863204373072e-13      -7.047866431888e-13       0.000000000000e+00       1.083760868461e-16       2.669795733183e-17      -1.961045003247e-18 
 2624       7.955036206400e-12       3.844724551019e-13      -7.069859140700e-13       0.000000000000e+00       1.082043681685e-16       2.668463736457e-17      -1.937278020105e-18 
 2625       7.955559381877e-12       3.826011920888e-13      -7.090784547949e-13       0.000000000000e+00       1.080329832295e-16       2.667022685445e-17      -1.913553262508e-18 
 2626       7.956187320376e-12       3.807072928077e-13      -7.110638314436e-13       0.000000000000e+00       1.078619310629e-16       2.665472989058e-17      -1.889892392203e-18 
 2627       7.956912419300e-12       3.787914038724e-13      -7.129416093419e-13       0.000000000000e+00       1.076912106970e-16       2.663815058006e-17      -1.866317136578e-18 
 2628       7.957727052337e-12       3.768541739735e-13      -7.147113530601e-13       0.000000000000e+00       1.075208211541e-16       2.662049304802e-17      -1.842849288724e-18 
 2629       7.958623569435e-12       3.748962538797e-13      -7.163726264131e-13       0.000000000000e+00       1.073507614503e-16       2.660176143767e-17      -1.819510707494e-18 
 2630       7.959594296781e-12       3.729182964402e-13      -7.179249924594e-13       0.000000000000e+00       1.071810305963e-16       2.658195991026e-17      -1.796323317571e-18 
 2631       7.960631536778e-12       3.709209565866e-13      -7.193680135006e-13       0.000000000000e+00       1.070116275966e-16       2.656109264515e-17      -1.773309109526e-18 
 2632       7.961727568020e-12       3.689048913347e-13      -7.207012510813e-13       0.000000000000e+00       1.068425514498e-16       2.653916383980e-17      -1.750490139881e-18 
 2633       7.962874645273e-12       3.668707597869e-13      -7.219242659880e-13       0.000000000000e+00       1.066738011488e-16       2.651617770981e-17      -1.727888531174e-18 
 2634       7.964064999450e-12       3.648192231341e-13      -7.230366182489e-13       0.000000000000e+00       1.065053756803e-16       2.649213848890e-17      -1.705526472016e-18 
 2635       7.965290837587e-12       3.627509446574e-13      -7.240378671332e-13       0.000000000000e+00       1.063372740253e-16       2.646705042899e-17      -1.683426217160e-18 
 2636       7.966544342824e-12       3.606665897305e-13      -7.249275711507e-13       0.000000000000e+00       1.061694951588e-16       2.644091780015e-17      -1.661610087559e-18 
 2637       7.967817674378e-12       3.585668258213e-13      -7.257052880513e-13       0.000000000000e+00       1.060020380498e-16       2.641374489068e-17      -1.640100470428e-18 
 2638       7.969102967525e-12       3.564523224945e-13      -7.263705748242e-13       0.000000000000e+00       1.058349016613e-16       2.638553600709e-17      -1.618919819308e-18 
 2639       7.970392333572e-12       3.543237514130e-13      -7.269229876975e-13       0.000000000000e+00       1.056680849506e-16       2.635629547413e-17      -1.598090654131e-18 
 2640       7.971677859838e-12       3.521817863401e-13      -7.273620821380e-13       0.000000000000e+00       1.055015868688e-16       2.632602763481e-17      -1.577635561275e-18 
 2641       7.972951609630e-12       3.500271031419e-13      -7.276874128500e-13       0.000000000000e+00       1.053354063612e-16       2.629473685042e-17      -1.557577193634e-18 
 2642       7.974205622221e-12       3.478603797885e-13      -7.278985337753e-13       0.000000000000e+00       1.051695423669e-16       2.626242750056e-17      -1.537938270675e-18 
 2643       7.975431912825e-12       3.456822963570e-13      -7.279949980924e-13       0.000000000000e+00       1.050039938194e-16       2.622910398313e-17      -1.518741578503e-18 
 2644       7.976622472579e-12       3.434935350325e-13      -7.279763582161e-13       0.000000000000e+00       1.048387596457e-16       2.619477071436e-17      -1.500009969922e-18 
 2645       7.977769268513e-12       3.412947801110e-13      -7.278421657968e-13       0.000000000000e+00       1.046738387673e-16       2.615943212886e-17      -1.481766364500e-18 
 2646       7.978864243534e-12       3.390867180007e-13      -7.275919717204e-13       0.000000000000e+00       1.045092300995e-16       2.612309267959e-17      -1.464033748627e-18 
 2647       7.979899316400e-12       3.368700372244e-13      -7.272253261070e-13       0.000000000000e+00       1.043449325514e-16       2.608575683790e-17      -1.446835175581e-18 
 2648       7.980866381699e-12       3.346454284216e-13      -7.267417783110e-13       0.000000000000e+00       1.041809450264e-16       2.604742909358e-17      -1.430193765588e-18 
 2649       7.981757309824e-12       3.324135843502e-13      -7.261408769204e-13       0.000000000000e+00       1.040172664218e-16       2.600811395481e-17      -1.414132705887e-18 
 2650       7.982563946950e-12       3.301751998884e-13      -7.254221697562e-13       0.000000000000e+00       1.038538956287e-16       2.596781594826e-17      -1.398675250790e-18 
 2651       7.983278724233e-12       3.279309539902e-13      -7.245854740358e-13       0.000000000000e+00       1.036908316660e-16       2.592654119310e-17      -1.383836408963e-18 
 2652       7.983896489111e-12       3.256814554361e-13      -7.236316884956e-13       0.000000000000e+00       1.035280740814e-16       2.588430213279e-17      -1.369597954978e-18 
 2653       7.984412684068e-12       3.234272967866e-13      -7.225619857535e-13       0.000000000000e+00       1.033656225526e-16       2.584111282950e-17      -1.355933279854e-18 
 2654       7.984822738330e-12       3.211690724033e-13      -7.213775425563e-13       0.000000000000e+00       1.032034767536e-16       2.579698739246e-17      -1.342815691216e-18 
 2655       7.985122067844e-12       3.189073784512e-13      -7.200795397842e-13       0.000000000000e+00       1.030416363545e-16       2.575193997801e-17      -1.330218413223e-18 
 2656       7.985306075274e-12       3.166428128997e-13      -7.186691624542e-13       0.000000000000e+00       1.028801010222e-16       2.570598478964e-17      -1.318114586484e-18 
 2657       7.985370149983e-12       3.143759755248e-13      -7.171475997247e-13       0.000000000000e+00       1.027188704197e-16       2.565913607804e-17      -1.306477267977e-18 
 2658       7.985309668021e-12       3.121074679108e-13      -7.155160448997e-13       0.000000000000e+00       1.025579442062e-16       2.561140814116e-17      -1.295279430975e-18 
 2659       7.985119992115e-12       3.098378934517e-13      -7.137756954321e-13       0.000000000000e+00       1.023973220377e-16       2.556281532422e-17      -1.284493964963e-18 
 2660       7.984796471656e-12       3.075678573531e-13      -7.119277529286e-13       0.000000000000e+00       1.022370035661e-16       2.551337201979e-17      -1.274093675556e-18 
 2661       7.984334442688e-12       3.052979666338e-13      -7.099734231534e-13       0.000000000000e+00       1.020769884399e-16       2.546309266782e-17      -1.264051284425e-18 
 2662       7.983729227889e-12       3.030288301277e-13      -7.079139160323e-13       0.000000000000e+00       1.019172763038e-16       2.541199175568e-17      -1.254339429214e-18 
 2663       7.982976136568e-12       3.007610584852e-13      -7.057504456567e-13       0.000000000000e+00       1.017578667988e-16       2.536008381823e-17      -1.244930663459e-18 
 2664       7.982070464648e-12       2.984952641751e-13      -7.034842302879e-13       0.000000000000e+00       1.015987595625e-16       2.530738343783e-17      -1.235797456514e-18 
 2665       7.981007494651e-12       2.962320614864e-13      -7.011164923610e-13       0.000000000000e+00       1.014399542284e-16       2.525390524443e-17      -1.226912193464e-18 
 2666       7.979782495691e-12       2.939720665297e-13      -6.986484584890e-13       0.000000000000e+00       1.012814504267e-16       2.519966391557e-17      -1.218247175054e-18 
 2667       7.978390723458e-12       2.917158972390e-13      -6.960813594669e-13       0.000000000000e+00       1.011232477836e-16       2.514467417646e-17      -1.209774617600e-18 
 2668       7.976827420209e-12       2.894641733737e-13      -6.934164302758e-13       0.000000000000e+00       1.009653459219e-16       2.508895080000e-17      -1.201466652918e-18 
 2669       7.975087814750e-12       2.872175165197e-13      -6.906549100868e-13       0.000000000000e+00       1.008077444604e-16       2.503250860686e-17      -1.193295328240e-18 
 2670       7.973167122430e-12       2.849765500918e-13      -6.877980422655e-13       0.000000000000e+00       1.006504430145e-16       2.497536246547e-17      -1.185232606132e-18 
 2671       7.971060545125e-12       2.827418993349e-13      -6.848470743755e-13       0.000000000000e+00       1.004934411956e-16       2.491752729215e-17      -1.177250364423e-18 
 2672       7.968763271226e-12       2.805141913258e-13      -6.818032581829e-13       0.000000000000e+00       1.003367386116e-16       2.485901805105e-17      -1.169320396115e-18 
 2673       7.966270475627e-12       2.782940549750e-13      -6.786678496603e-13       0.000000000000e+00       1.001803348667e-16       2.479984975430e-17      -1.161414409312e-18 
 2674       7.963577319715e-12       2.760821210284e-13      -6.754421089906e-13       0.000000000000e+00       1.000242295612e-16       2.474003746197e-17      -1.153504027136e-18 
 2675       7.960678951352e-12       2.738790220689e-13      -6.721273005716e-13       0.000000000000e+00       9.986842229171e-17       2.467959628217e-17      -1.145560787648e-18 
 2676       7.957570504869e-12       2.716853925181e-13      -6.687246930194e-13       0.000000000000e+00       9.971291265129e-17       2.461854137109e-17      -1.137556143768e-18 
 2677       7.954247101050e-12       2.695018686382e-13      -6.652355591732e-13       0.000000000000e+00       9.955770022910e-17       2.455688793301e-17      -1.129461463198e-18 
 2678       7.950703847118e-12       2.673290885333e-13      -6.616611760988e-13       0.000000000000e+00       9.940278461061e-17       2.449465122039e-17      -1.121248028340e-18 
 2679       7.946935836729e-12       2.651676921516e-13      -6.580028250928e-13       0.000000000000e+00       9.924816537756e-17       2.443184653389e-17      -1.112887036218e-18 
 2680       7.942938149952e-12       2.630183212868e-13      -6.542617916871e-13       0.000000000000e+00       9.909384210791e-17       2.436848922241e-17      -1.104349598396e-18 
 2681       7.938705853264e-12       2.608816195797e-13      -6.504393656523e-13       0.000000000000e+00       9.893981437590e-17       2.430459468317e-17      -1.095606740902e-18 
 2682       7.934233999531e-12       2.587582325201e-13      -6.465368410022e-13       0.000000000000e+00       9.878608175200e-17       2.424017836172e-17      -1.086629404144e-18 
 2683       7.929517628000e-12       2.566488074486e-13      -6.425555159980e-13       0.000000000000e+00       9.863264380292e-17       2.417525575199e-17      -1.077388442836e-18 
 2684       7.924551764286e-12       2.545539935579e-13      -6.384966931518e-13       0.000000000000e+00       9.847950009162e-17       2.410984239636e-17      -1.067854625914e-18 
 2685       7.919331420357e-12       2.524744418949e-13      -6.343616792312e-13       0.000000000000e+00       9.832665017726e-17       2.404395388569e-17      -1.057998636457e-18 
 2686       7.913851594525e-12       2.504108053622e-13      -6.301517852634e-13       0.000000000000e+00       9.817409361526e-17       2.397760585936e-17      -1.047791071609e-18 
 2687       7.908107271432e-12       2.483637387200e-13      -6.258683265388e-13       0.000000000000e+00       9.802182995724e-17       2.391081400532e-17      -1.037202442500e-18 
 2688       7.902093422038e-12       2.463338985872e-13      -6.215126226155e-13       0.000000000000e+00       9.786985875105e-17       2.384359406015e-17      -1.026203174164e-18 
 2689       7.895805003610e-12       2.443219434441e-13      -6.170859973232e-13       0.000000000000e+00       9.771817954073e-17       2.377596180908e-17      -1.014763605460e-18 
 2690       7.889236959705e-12       2.423285336332e-13      -6.125897787672e-13       0.000000000000e+00       9.756679186656e-17       2.370793308605e-17      -1.002853988994e-18 
 2691       7.882385093118e-12       2.403542627327e-13      -6.080253836963e-13       0.000000000000e+00       9.741569522373e-17       2.363952034701e-17      -9.904508554639e-19 
 2692       7.875248689925e-12       2.383994512651e-13      -6.033945710987e-13       0.000000000000e+00       9.726488893827e-17       2.357072236927e-17      -9.775561446879e-19 
 2693       7.867827909690e-12       2.364643518693e-13      -5.986991899941e-13       0.000000000000e+00       9.711437229044e-17       2.350153449618e-17      -9.641781785279e-19 
 2694       7.860122913816e-12       2.345492178276e-13      -5.939410952007e-13       0.000000000000e+00       9.696414455599e-17       2.343195205877e-17      -9.503253059449e-19 
 2695       7.852133865540e-12       2.326543030667e-13      -5.891221473414e-13       0.000000000000e+00       9.681420500607e-17       2.336197037577e-17      -9.360059030249e-19 
 2696       7.843860929940e-12       2.307798621580e-13      -5.842442128485e-13       0.000000000000e+00       9.666455290732e-17       2.329158475356e-17      -9.212283730049e-19 
 2697       7.835304273936e-12       2.289261503182e-13      -5.793091639696e-13       0.000000000000e+00       9.651518752178e-17       2.322079048616e-17      -9.060011462986e-19 
 2698       7.826464066290e-12       2.270934234097e-13      -5.743188787729e-13       0.000000000000e+00       9.636610810694e-17       2.314958285528e-17      -8.903326805226e-19 
 2699       7.817340477613e-12       2.252819379415e-13      -5.692752411528e-13       0.000000000000e+00       9.621731391572e-17       2.307795713021e-17      -8.742314605219e-19 
 2700       7.807933680360e-12       2.234919510695e-13      -5.641801408354e-13       0.000000000000e+00       9.606880419646e-17       2.300590856790e-17      -8.577059983961e-19 
 2701       7.798243848838e-12       2.217237205972e-13      -5.590354733836e-13       0.000000000000e+00       9.592057819292e-17       2.293343241291e-17      -8.407648335251e-19 
 2702       7.788271159206e-12       2.199775049760e-13      -5.538431402030e-13       0.000000000000e+00       9.577263514425e-17       2.286052389738e-17      -8.234165325950e-19 
 2703       7.778015789478e-12       2.182535633063e-13      -5.486050485473e-13       0.000000000000e+00       9.562497428505e-17       2.278717824104e-17      -8.056696896238e-19 
 2704       7.767477919523e-12       2.165521553374e-13      -5.433231115236e-13       0.000000000000e+00       9.547759484528e-17       2.271339065124e-17      -7.875329259878e-19 
 2705       7.756657731069e-12       2.148735414686e-13      -5.379992480981e-13       0.000000000000e+00       9.533049605033e-17       2.263915632284e-17      -7.690148904469e-19 
 2706       7.745555407705e-12       2.132179827496e-13      -5.326353831011e-13       0.000000000000e+00       9.518367712096e-17       2.256447043829e-17      -7.501242591706e-19 
 2707       7.734171134881e-12       2.115857408807e-13      -5.272334472332e-13       0.000000000000e+00       9.503713727331e-17       2.248932816759e-17      -7.308697357642e-19 
 2708       7.722505099915e-12       2.099770782141e-13      -5.217953770702e-13       0.000000000000e+00       9.489087571894e-17       2.241372466825e-17      -7.112600512943e-19 
 2709       7.710557491989e-12       2.083922577537e-13      -5.163231150687e-13       0.000000000000e+00       9.474489166474e-17       2.233765508532e-17      -6.913039643149e-19 
 2710       7.698328502155e-12       2.068315431562e-13      -5.108186095717e-13       0.000000000000e+00       9.459918431300e-17       2.226111455137e-17      -6.710102608932e-19 
 2711       7.685818323336e-12       2.052951987313e-13      -5.052838148141e-13       0.000000000000e+00       9.445375286138e-17       2.218409818645e-17      -6.503877546352e-19 
 2712       7.673027150330e-12       2.037834894427e-13      -4.997206909279e-13       0.000000000000e+00       9.430859650288e-17       2.210660109811e-17      -6.294452867122e-19 
 2713       7.659955179808e-12       2.022966809082e-13      -4.941312039478e-13       0.000000000000e+00       9.416371442586e-17       2.202861838140e-17      -6.081917258862e-19 
 2714       7.646602610320e-12       2.008350394004e-13      -4.885173258169e-13       0.000000000000e+00       9.401910581404e-17       2.195014511880e-17      -5.866359685357e-19 
 2715       7.632969642294e-12       1.993988318474e-13      -4.828810343919e-13       0.000000000000e+00       9.387476984649e-17       2.187117638027e-17      -5.647869386820e-19 
 2716       7.619056478042e-12       1.979883258334e-13      -4.772243134487e-13       0.000000000000e+00       9.373070569761e-17       2.179170722322e-17      -5.426535880146e-19 
 2717       7.604863321758e-12       1.966037895989e-13      -4.715491526878e-13       0.000000000000e+00       9.358691253713e-17       2.171173269248e-17      -5.202448959176e-19 
 2718       7.590390379522e-12       1.952454920417e-13      -4.658575477397e-13       0.000000000000e+00       9.344338953012e-17       2.163124782033e-17      -4.975698694950e-19 
 2719       7.575637859305e-12       1.939137027172e-13      -4.601515001705e-13       0.000000000000e+00       9.330013583698e-17       2.155024762642e-17      -4.746375435969e-19 
 2720       7.560605970963e-12       1.926086918390e-13      -4.544330174876e-13       0.000000000000e+00       9.315715061342e-17       2.146872711786e-17      -4.514569808454e-19 
 2721       7.545294926249e-12       1.913307302795e-13      -4.487041131446e-13       0.000000000000e+00       9.301443301047e-17       2.138668128909e-17      -4.280372716604e-19 
 2722       7.529704938809e-12       1.900800895705e-13      -4.429668065473e-13       0.000000000000e+00       9.287198217446e-17       2.130410512198e-17      -4.043875342855e-19 
 2723       7.513836224183e-12       1.888570419037e-13      -4.372231230588e-13       0.000000000000e+00       9.272979724704e-17       2.122099358574e-17      -3.805169148136e-19 
 2724       7.497688999814e-12       1.876618601313e-13      -4.314750940052e-13       0.000000000000e+00       9.258787736515e-17       2.113734163695e-17      -3.564345872133e-19 
 2725       7.481263485043e-12       1.864948177664e-13      -4.257247566811e-13       0.000000000000e+00       9.244622166103e-17       2.105314421954e-17      -3.321497533544e-19 
 2726       7.464559901114e-12       1.853561889840e-13      -4.199741543548e-13       0.000000000000e+00       9.230482926219e-17       2.096839626477e-17      -3.076716430338e-19 
 2727       7.447578471176e-12       1.842462486209e-13      -4.142253362741e-13       0.000000000000e+00       9.216369929145e-17       2.088309269122e-17      -2.830095140015e-19 
 2728       7.430319420287e-12       1.831652721770e-13      -4.084803576716e-13       0.000000000000e+00       9.202283086690e-17       2.079722840479e-17      -2.581726519863e-19 
 2729       7.412782975412e-12       1.821135358152e-13      -4.027412797701e-13       0.000000000000e+00       9.188222310189e-17       2.071079829869e-17      -2.331703707220e-19 
 2730       7.394969365428e-12       1.810913163624e-13      -3.970101697882e-13       0.000000000000e+00       9.174187510507e-17       2.062379725342e-17      -2.080120119728e-19 
 2731       7.376879438652e-12       1.800988183348e-13      -3.912889882365e-13       0.000000000000e+00       9.160178605687e-17       2.053622259503e-17      -1.827091808366e-19 
 2732       7.358516519038e-12       1.791359545856e-13      -3.855792501344e-13       0.000000000000e+00       9.146195543966e-17       2.044808148443e-17      -1.572824646972e-19 
 2733       7.339884559938e-12       1.782025644823e-13      -3.798823619877e-13       0.000000000000e+00       9.132238280888e-17       2.035938356770e-17      -1.317547503534e-19 
 2734       7.320987527491e-12       1.772984867742e-13      -3.741997343360e-13       0.000000000000e+00       9.118306771651e-17       2.027013852140e-17      -1.061489920753e-19 
 2735       7.301829400635e-12       1.764235595918e-13      -3.685327817570e-13       0.000000000000e+00       9.104400971117e-17       2.018035605266e-17      -8.048821166670e-20 
 2736       7.282414171120e-12       1.755776204463e-13      -3.628829228696e-13       0.000000000000e+00       9.090520833805e-17       2.009004589917e-17      -5.479549852662e-20 
 2737       7.262745843519e-12       1.747605062289e-13      -3.572515803381e-13       0.000000000000e+00       9.076666313891e-17       1.999921782921e-17      -2.909400971127e-20 
 2738       7.242828435242e-12       1.739720532102e-13      -3.516401808753e-13       0.000000000000e+00       9.062837365211e-17       1.990788164168e-17      -3.406969995780e-21 
 2739       7.222665976545e-12       1.732120970395e-13      -3.460501552467e-13       0.000000000000e+00       9.049033941258e-17       1.981604716616e-17       2.224232806391e-20 
 2740       7.202262510542e-12       1.724804727446e-13      -3.404829382736e-13       0.000000000000e+00       9.035255995181e-17       1.972372426287e-17       4.783052406928e-20 
 2741       7.181622093224e-12       1.717770147304e-13      -3.349399688373e-13       0.000000000000e+00       9.021503479788e-17       1.963092282277e-17       7.333418971736e-20 
 2742       7.160748793459e-12       1.711015567792e-13      -3.294226898823e-13       0.000000000000e+00       9.007776347541e-17       1.953765276755e-17       9.872982873893e-20 
 2743       7.139646693016e-12       1.704539320495e-13      -3.239325484204e-13       0.000000000000e+00       8.994074550561e-17       1.944392404968e-17       1.239938768367e-19 
 2744       7.118319886569e-12       1.698339730754e-13      -3.184709955341e-13       0.000000000000e+00       8.980398040621e-17       1.934974665238e-17       1.491027016234e-19 
 2745       7.096772481714e-12       1.692415117664e-13      -3.130394863800e-13       0.000000000000e+00       8.966746769151e-17       1.925513058976e-17       1.740326025603e-19 
 2746       7.075008598976e-12       1.686763794062e-13      -3.076394801931e-13       0.000000000000e+00       8.953120687238e-17       1.916008590673e-17       1.987598108947e-19 
 2747       7.053032371826e-12       1.681384066528e-13      -3.022724402899e-13       0.000000000000e+00       8.939519745619e-17       1.906462267910e-17       2.232604895988e-19 
 2748       7.030847946690e-12       1.676274235371e-13      -2.969398340724e-13       0.000000000000e+00       8.925943894689e-17       1.896875101359e-17       2.475107333076e-19 
 2749       7.008459482964e-12       1.671432594629e-13      -2.916431330316e-13       0.000000000000e+00       8.912393084494e-17       1.887248104786e-17       2.714865682570e-19 
 2750       6.985871153021e-12       1.666857432061e-13      -2.863838127511e-13       0.000000000000e+00       8.898867264735e-17       1.877582295054e-17       2.951639522220e-19 
 2751       6.963087142228e-12       1.662547029140e-13      -2.811633529108e-13       0.000000000000e+00       8.885366384766e-17       1.867878692123e-17       3.185187744551e-19 
 2752       6.940111648957e-12       1.658499661047e-13      -2.759832372909e-13       0.000000000000e+00       8.871890393591e-17       1.858138319059e-17       3.415268556242e-19 
 2753       6.916948884593e-12       1.654713596667e-13      -2.708449537749e-13       0.000000000000e+00       8.858439239870e-17       1.848362202031e-17       3.641639477508e-19 
 2754       6.893603073553e-12       1.651187098580e-13      -2.657499943540e-13       0.000000000000e+00       8.845012871911e-17       1.838551370316e-17       3.864057341484e-19 
 2755       6.870078453291e-12       1.647918423056e-13      -2.606998551299e-13       0.000000000000e+00       8.831611237676e-17       1.828706856302e-17       4.082278293604e-19 
 2756       6.846379274316e-12       1.644905820051e-13      -2.556960363194e-13       0.000000000000e+00       8.818234284776e-17       1.818829695493e-17       4.296057790985e-19 
 2757       6.822509800201e-12       1.642147533196e-13      -2.507400422574e-13       0.000000000000e+00       8.804881960474e-17       1.808920926506e-17       4.505150601809e-19 
 2758       6.798474307593e-12       1.639641799796e-13      -2.458333814008e-13       0.000000000000e+00       8.791554211683e-17       1.798981591080e-17       4.709310804700e-19 
 2759       6.774277086231e-12       1.637386850822e-13      -2.409775663320e-13       0.000000000000e+00       8.778250984965e-17       1.789012734075e-17       4.908291788112e-19 
 2760       6.749922438951e-12       1.635380910903e-13      -2.361741137629e-13       0.000000000000e+00       8.764972226531e-17       1.779015403477e-17       5.101846249708e-19 
 2761       6.725414681705e-12       1.633622198323e-13      -2.314245445381e-13       0.000000000000e+00       8.751717882243e-17       1.768990650401e-17       5.289726195741e-19 
 2762       6.700758143566e-12       1.632108925013e-13      -2.267303836390e-13       0.000000000000e+00       8.738487897610e-17       1.758939529090e-17       5.471682940438e-19 
 2763       6.675957166748e-12       1.630839296545e-13      -2.220931601872e-13       0.000000000000e+00       8.725282217790e-17       1.748863096923e-17       5.647467105378e-19 
 2764       6.651016106610e-12       1.629811512125e-13      -2.175144074482e-13       0.000000000000e+00       8.712100787587e-17       1.738762414415e-17       5.816828618879e-19 
 2765       6.625939331673e-12       1.629023764591e-13      -2.129956628349e-13       0.000000000000e+00       8.698943551455e-17       1.728638545220e-17       5.979516715374e-19 
 2766       6.600731223631e-12       1.628474240402e-13      -2.085384679118e-13       0.000000000000e+00       8.685810453494e-17       1.718492556136e-17       6.135279934798e-19 
 2767       6.575396177363e-12       1.628161119635e-13      -2.041443683980e-13       0.000000000000e+00       8.672701437449e-17       1.708325517103e-17       6.283866121967e-19 
 2768       6.549938600945e-12       1.628082575975e-13      -1.998149141712e-13       0.000000000000e+00       8.659616446715e-17       1.698138501211e-17       6.425022425958e-19 
 2769       6.524362915661e-12       1.628236776716e-13      -1.955516592715e-13       0.000000000000e+00       8.646555424329e-17       1.687932584702e-17       6.558495299495e-19 
 2770       6.498673556017e-12       1.628621882747e-13      -1.913561619046e-13       0.000000000000e+00       8.633518312976e-17       1.677708846969e-17       6.684030498329e-19 
 2771       6.472875044332e-12       1.629235679125e-13      -1.872297734348e-13       0.000000000000e+00       8.620505059106e-17       1.667468515818e-17       6.801476978593e-19 
 2772       6.446972214917e-12       1.630074464662e-13      -1.831730041357e-13       0.000000000000e+00       8.607515625320e-17       1.657213404063e-17       6.911099190021e-19 
 2773       6.420969991107e-12       1.631134156456e-13      -1.791861540949e-13       0.000000000000e+00       8.594549978050e-17       1.646945475246e-17       7.013266431997e-19 
 2774       6.394873310798e-12       1.632410658770e-13      -1.752695239204e-13       0.000000000000e+00       8.581608083445e-17       1.636666698590e-17       7.108349106475e-19 
 2775       6.368687126464e-12       1.633899863024e-13      -1.714234147414e-13       0.000000000000e+00       8.568689907366e-17       1.626379049009e-17       7.196718718991e-19 
 2776       6.342416405165e-12       1.635597647781e-13      -1.676481282084e-13       0.000000000000e+00       8.555795415391e-17       1.616084507110e-17       7.278747879666e-19 
 2777       6.316066128567e-12       1.637499878732e-13      -1.639439664938e-13       0.000000000000e+00       8.542924572812e-17       1.605785059203e-17       7.354810304209e-19 
 2778       6.289641292948e-12       1.639602408692e-13      -1.603112322921e-13       0.000000000000e+00       8.530077344635e-17       1.595482697300e-17       7.425280814921e-19 
 2779       6.263146909218e-12       1.641901077578e-13      -1.567502288205e-13       0.000000000000e+00       8.517253695579e-17       1.585179419123e-17       7.490535341707e-19 
 2780       6.236588002926e-12       1.644391712408e-13      -1.532612598186e-13       0.000000000000e+00       8.504453590078e-17       1.574877228111e-17       7.550950923071e-19 
 2781       6.209969614278e-12       1.647070127279e-13      -1.498446295498e-13       0.000000000000e+00       8.491676992277e-17       1.564578133422e-17       7.606905707129e-19 
 2782       6.183296798148e-12       1.649932123361e-13      -1.465006428008e-13       0.000000000000e+00       8.478923866035e-17       1.554284149940e-17       7.658778952610e-19 
 2783       6.156574624092e-12       1.652973488886e-13      -1.432296048823e-13       0.000000000000e+00       8.466194174925e-17       1.543997298279e-17       7.706951029862e-19 
 2784       6.129808176360e-12       1.656189999130e-13      -1.400318216293e-13       0.000000000000e+00       8.453487882228e-17       1.533719604788e-17       7.751803421854e-19 
 2785       6.103002553910e-12       1.659577416408e-13      -1.369075994016e-13       0.000000000000e+00       8.440804950942e-17       1.523453101558e-17       7.793718725187e-19 
 2786       6.076162870422e-12       1.663131490059e-13      -1.338572450839e-13       0.000000000000e+00       8.428145343771e-17       1.513199826425e-17       7.833080651094e-19 
 2787       6.049294254310e-12       1.666847956432e-13      -1.308810660865e-13       0.000000000000e+00       8.415509023136e-17       1.502961822976e-17       7.870274026446e-19 
 2788       6.022401848736e-12       1.670722538879e-13      -1.279793703453e-13       0.000000000000e+00       8.402895951164e-17       1.492741140556e-17       7.905684794757e-19 
 2789       5.995490811622e-12       1.674750947738e-13      -1.251524663225e-13       0.000000000000e+00       8.390306089694e-17       1.482539834267e-17       7.939700017190e-19 
 2790       5.968566315666e-12       1.678928880327e-13      -1.224006630068e-13       0.000000000000e+00       8.377739400276e-17       1.472359964982e-17       7.972707873560e-19 
 2791       5.941633548351e-12       1.683252020924e-13      -1.197242699135e-13       0.000000000000e+00       8.365195844169e-17       1.462203599342e-17       8.005097663341e-19 
 2792       5.914697711961e-12       1.687716040764e-13      -1.171235970854e-13       0.000000000000e+00       8.352675382343e-17       1.452072809766e-17       8.037259806669e-19 
 2793       5.887764023595e-12       1.692316598022e-13      -1.145989550929e-13       0.000000000000e+00       8.340177975475e-17       1.441969674456e-17       8.069585845349e-19 
 2794       5.860837715179e-12       1.697049337800e-13      -1.121506550342e-13       0.000000000000e+00       8.327703583952e-17       1.431896277397e-17       8.102468443856e-19 
 2795       5.833924033476e-12       1.701909892119e-13      -1.097790085360e-13       0.000000000000e+00       8.315252167869e-17       1.421854708371e-17       8.136301390346e-19 
 2796       5.807028240107e-12       1.706893879906e-13      -1.074843277534e-13       0.000000000000e+00       8.302823687031e-17       1.411847062953e-17       8.171479597655e-19 
 2797       5.780155611555e-12       1.711996906979e-13      -1.052669253709e-13       0.000000000000e+00       8.290418100948e-17       1.401875442521e-17       8.208399104308e-19 
 2798       5.753311439187e-12       1.717214566040e-13      -1.031271146020e-13       0.000000000000e+00       8.278035368840e-17       1.391941954263e-17       8.247457075520e-19 
 2799       5.726501029260e-12       1.722542436660e-13      -1.010652091904e-13       0.000000000000e+00       8.265675449634e-17       1.382048711175e-17       8.289051804205e-19 
 2800       5.699729702938e-12       1.727976085265e-13      -9.908152340965e-14       0.000000000000e+00       8.253338301961e-17       1.372197832074e-17       8.333582711979e-19 
 2801       5.673002796305e-12       1.733511065132e-13      -9.717637206386e-14       0.000000000000e+00       8.241023884163e-17       1.362391441598e-17       8.381450350165e-19 
 2802       5.646325660377e-12       1.739142916368e-13      -9.535007048801e-14       0.000000000000e+00       8.228732154286e-17       1.352631670214e-17       8.433056400798e-19 
 2803       5.619703661116e-12       1.744867165903e-13      -9.360293454830e-14       0.000000000000e+00       8.216463070081e-17       1.342920654221e-17       8.488803677628e-19 
 2804       5.593142179444e-12       1.750679327478e-13      -9.193528064250e-14       0.000000000000e+00       8.204216589006e-17       1.333260535756e-17       8.549096127129e-19 
 2805       5.566646611252e-12       1.756574901633e-13      -9.034742570034e-14       0.000000000000e+00       8.191992668224e-17       1.323653462800e-17       8.614338829502e-19 
 2806       5.540222367422e-12       1.762549375692e-13      -8.883968718385e-14       0.000000000000e+00       8.179791264604e-17       1.314101589180e-17       8.684937999677e-19 
 2807       5.513874873828e-12       1.768598223755e-13      -8.741238308773e-14       0.000000000000e+00       8.167612334717e-17       1.304607074580e-17       8.761300988322e-19 
 2808       5.487609571362e-12       1.774716906686e-13      -8.606583193972e-14       0.000000000000e+00       8.155455834840e-17       1.295172084540e-17       8.843836282846e-19 
 2809       5.461431915938e-12       1.780900872099e-13      -8.480035280095e-14       0.000000000000e+00       8.143321720955e-17       1.285798790464e-17       8.932953508405e-19 
 2810       5.435347378508e-12       1.787145554344e-13      -8.361626526630e-14       0.000000000000e+00       8.131209948745e-17       1.276489369624e-17       9.029063428906e-19 
 2811       5.409361044774e-12       1.793446485683e-13      -8.251371090212e-14       0.000000000000e+00       8.119120471413e-17       1.267245317457e-17       9.132445787411e-19 
 2812       5.383476412012e-12       1.799799630443e-13      -8.149211654210e-14       0.000000000000e+00       8.107053233106e-17       1.258065380512e-17       9.242852073092e-19 
 2813       5.357696586005e-12       1.806201052578e-13      -8.055072819588e-14       0.000000000000e+00       8.095008175455e-17       1.248947612744e-17       9.359900686700e-19 
 2814       5.332024680783e-12       1.812646804631e-13      -7.968878935542e-14       0.000000000000e+00       8.082985239755e-17       1.239890062237e-17       9.483208912207e-19 
 2815       5.306463818630e-12       1.819132927730e-13      -7.890554099265e-14       0.000000000000e+00       8.070984366967e-17       1.230890771204e-17       9.612392915796e-19 
 2816       5.281017130092e-12       1.825655451574e-13      -7.820022155712e-14       0.000000000000e+00       8.059005497713e-17       1.221947775977e-17       9.747067744869e-19 
 2817       5.255687753984e-12       1.832210394423e-13      -7.757206697367e-14       0.000000000000e+00       8.047048572282e-17       1.213059107002e-17       9.886847327038e-19 
 2818       5.230478837395e-12       1.838793763089e-13      -7.702031064004e-14       0.000000000000e+00       8.035113530626e-17       1.204222788838e-17       1.003134446913e-18 
 2819       5.205393535698e-12       1.845401552926e-13      -7.654418342457e-14       0.000000000000e+00       8.023200312360e-17       1.195436840148e-17       1.018017085617e-18 
 2820       5.180435012557e-12       1.852029747817e-13      -7.614291366382e-14       0.000000000000e+00       8.011308856761e-17       1.186699273692e-17       1.033293705042e-18 
 2821       5.155606439930e-12       1.858674320168e-13      -7.581572716024e-14       0.000000000000e+00       7.999439102769e-17       1.178008096328e-17       1.048925249032e-18 
 2822       5.130910998083e-12       1.865331230896e-13      -7.556184717980e-14       0.000000000000e+00       7.987590988986e-17       1.169361309001e-17       1.064872548952e-18 
 2823       5.106351875590e-12       1.871996429415e-13      -7.538049444967e-14       0.000000000000e+00       7.975764453677e-17       1.160756906738e-17       1.081096323589e-18 
 2824       5.081932269347e-12       1.878665853634e-13      -7.527088715585e-14       0.000000000000e+00       7.963959434766e-17       1.152192878647e-17       1.097557179050e-18 
 2825       5.057655384572e-12       1.885335429939e-13      -7.523224094084e-14       0.000000000000e+00       7.952175869840e-17       1.143667207907e-17       1.114215608660e-18 
 2826       5.033524434818e-12       1.892001073188e-13      -7.526376890127e-14       0.000000000000e+00       7.940413696146e-17       1.135177871767e-17       1.131031992867e-18 
 2827       5.009542641978e-12       1.898658686695e-13      -7.536468158558e-14       0.000000000000e+00       7.928672850591e-17       1.126722841534e-17       1.147966599136e-18 
 2828       4.985713236291e-12       1.905304162229e-13      -7.553418699163e-14       0.000000000000e+00       7.916953269742e-17       1.118300082576e-17       1.164979581855e-18 
 2829       4.962039456350e-12       1.911933379993e-13      -7.577149056441e-14       0.000000000000e+00       7.905254889827e-17       1.109907554310e-17       1.182030982228e-18 
 2830       4.938524549112e-12       1.918542208623e-13      -7.607579519362e-14       0.000000000000e+00       7.893577646730e-17       1.101543210202e-17       1.199080728181e-18 
 2831       4.915171769899e-12       1.925126505172e-13      -7.644630121141e-14       0.000000000000e+00       7.881921475998e-17       1.093204997756e-17       1.216088634259e-18 
 2832       4.891984382410e-12       1.931682115103e-13      -7.688220638995e-14       0.000000000000e+00       7.870286312834e-17       1.084890858513e-17       1.233014401524e-18 
 2833       4.868965658728e-12       1.938204872276e-13      -7.738270593911e-14       0.000000000000e+00       7.858672092099e-17       1.076598728045e-17       1.249817617460e-18 
 2834       4.846118879323e-12       1.944690598941e-13      -7.794699250415e-14       0.000000000000e+00       7.847078748313e-17       1.068326535948e-17       1.266457755868e-18 
 2835       4.823447333065e-12       1.951135105725e-13      -7.857425616332e-14       0.000000000000e+00       7.835506215651e-17       1.060072205838e-17       1.282894176769e-18 
 2836       4.800954317226e-12       1.957534191623e-13      -7.926368442552e-14       0.000000000000e+00       7.823954427950e-17       1.051833655346e-17       1.299086126300e-18 
 2837       4.778643137490e-12       1.963883643989e-13      -8.001446222798e-14       0.000000000000e+00       7.812423318698e-17       1.043608796111e-17       1.314992736618e-18 
 2838       4.756517107960e-12       1.970179238522e-13      -8.082577193390e-14       0.000000000000e+00       7.800912821043e-17       1.035395533776e-17       1.330573025801e-18 
 2839       4.734579551164e-12       1.976416739263e-13      -8.169679333008e-14       0.000000000000e+00       7.789422867788e-17       1.027191767983e-17       1.345785897740e-18 
 2840       4.712833798062e-12       1.982591898574e-13      -8.262670362460e-14       0.000000000000e+00       7.777953391392e-17       1.018995392367e-17       1.360590142047e-18 
 2841       4.691283188054e-12       1.988700457140e-13      -8.361467744446e-14       0.000000000000e+00       7.766504323967e-17       1.010804294550e-17       1.374944433952e-18 
 2842       4.669931068989e-12       1.994738143949e-13      -8.465988683323e-14       0.000000000000e+00       7.755075597284e-17       1.002616356138e-17       1.388807334202e-18 
 2843       4.648780797167e-12       2.000700676287e-13      -8.576150124870e-14       0.000000000000e+00       7.743667142766e-17       9.944294527127e-18       1.402137288962e-18 
 2844       4.627835737351e-12       2.006583759726e-13      -8.691868756055e-14       0.000000000000e+00       7.732278891490e-17       9.862414538278e-18       1.414892629713e-18 
 2845       4.607099262772e-12       2.012383088114e-13      -8.813061004799e-14       0.000000000000e+00       7.720910774187e-17       9.780502230041e-18       1.427031573155e-18 
 2846       4.586574755137e-12       2.018094343566e-13      -8.939643039739e-14       0.000000000000e+00       7.709562721242e-17       9.698536177233e-18       1.438512221103e-18 
 2847       4.566265604634e-12       2.023713196453e-13      -9.071530769998e-14       0.000000000000e+00       7.698234662694e-17       9.616494894231e-18       1.449292560393e-18 
 2848       4.546175209943e-12       2.029235305389e-13      -9.208639844944e-14       0.000000000000e+00       7.686926528234e-17       9.534356834915e-18       1.459330462773e-18 
 2849       4.526306978238e-12       2.034656317226e-13      -9.350885653963e-14       0.000000000000e+00       7.675638247203e-17       9.452100392621e-18       1.468583684810e-18 
 2850       4.506664325201e-12       2.039971867041e-13      -9.498183326216e-14       0.000000000000e+00       7.664369748599e-17       9.369703900080e-18       1.477009867789e-18 
 2851       4.487250094433e-12       2.045178034490e-13      -9.650442226773e-14       0.000000000000e+00       7.653120970766e-17       9.287161251452e-18       1.484577897520e-18 
 2852       4.468064812445e-12       2.050272715449e-13      -9.807549414578e-14       0.000000000000e+00       7.641891890556e-17       9.204528856184e-18       1.491302047734e-18 
 2853       4.449108424722e-12       2.055254257402e-13      -9.969386099036e-14       0.000000000000e+00       7.630682494321e-17       9.121878926243e-18       1.497208011883e-18 
 2854       4.430380875493e-12       2.060121003709e-13      -1.013583313562e-13       0.000000000000e+00       7.619492768224e-17       9.039283876122e-18       1.502321559229e-18 
 2855       4.411882107731e-12       2.064871293602e-13      -1.030677102555e-13       0.000000000000e+00       7.608322698246e-17       8.956816323018e-18       1.506668534907e-18 
 2856       4.393612063154e-12       2.069503462185e-13      -1.048207991547e-13       0.000000000000e+00       7.597172270179e-17       8.874549087008e-18       1.510274859998e-18 
 2857       4.375570682220e-12       2.074015840431e-13      -1.066163959717e-13       0.000000000000e+00       7.586041469629e-17       8.792555191226e-18       1.513166531594e-18 
 2858       4.357757904126e-12       2.078406755173e-13      -1.084532950721e-13       0.000000000000e+00       7.574930282015e-17       8.710907862042e-18       1.515369622865e-18 
 2859       4.340173666809e-12       2.082674529106e-13      -1.103302872666e-13       0.000000000000e+00       7.563838692571e-17       8.629680529237e-18       1.516910283126e-18 
 2860       4.322817906943e-12       2.086817480780e-13      -1.122461598074e-13       0.000000000000e+00       7.552766686342e-17       8.548946826184e-18       1.517814737906e-18 
 2861       4.305690559936e-12       2.090833924601e-13      -1.141996963853e-13       0.000000000000e+00       7.541714248184e-17       8.468780590020e-18       1.518109289016e-18 
 2862       4.288791559932e-12       2.094722170821e-13      -1.161896771265e-13       0.000000000000e+00       7.530681362770e-17       8.389255861830e-18       1.517820314613e-18 
 2863       4.272120839806e-12       2.098480525542e-13      -1.182148785895e-13       0.000000000000e+00       7.519668014581e-17       8.310446886819e-18       1.516974269274e-18 
 2864       4.255678331167e-12       2.102107290705e-13      -1.202740737616e-13       0.000000000000e+00       7.508674187912e-17       8.232428114490e-18       1.515597684054e-18 
 2865       4.239463964352e-12       2.105600764093e-13      -1.223660320563e-13       0.000000000000e+00       7.497699866869e-17       8.155274198826e-18       1.513717166565e-18 
 2866       4.223477668426e-12       2.108959239324e-13      -1.244895193095e-13       0.000000000000e+00       7.486745035369e-17       8.079059998460e-18       1.511359401032e-18 
 2867       4.207719371181e-12       2.112181005847e-13      -1.266432977771e-13       0.000000000000e+00       7.475809677143e-17       8.003860576859e-18       1.508551148370e-18 
 2868       4.192188999137e-12       2.115264348943e-13      -1.288261261309e-13       0.000000000000e+00       7.464893775729e-17       7.929751202498e-18       1.505319246246e-18 
 2869       4.176886477536e-12       2.118207549715e-13      -1.310367594564e-13       0.000000000000e+00       7.453997314479e-17       7.856807349038e-18       1.501690609148e-18 
 2870       4.161811730342e-12       2.121008885090e-13      -1.332739492489e-13       0.000000000000e+00       7.443120276554e-17       7.785104695503e-18       1.497692228452e-18 
 2871       4.146964680242e-12       2.123666627813e-13      -1.355364434108e-13       0.000000000000e+00       7.432262644927e-17       7.714719126459e-18       1.493351172491e-18 
 2872       4.132345248644e-12       2.126179046444e-13      -1.378229862482e-13       0.000000000000e+00       7.421424402380e-17       7.645726732187e-18       1.488694586622e-18 
 2873       4.117953355670e-12       2.128544405355e-13      -1.401323184678e-13       0.000000000000e+00       7.410605531505e-17       7.578203808868e-18       1.483749693291e-18 
 2874       4.103788920163e-12       2.130760964726e-13      -1.424631771738e-13       0.000000000000e+00       7.399806014705e-17       7.512226858752e-18       1.478543792104e-18 
 2875       4.089851859680e-12       2.132826980540e-13      -1.448142958646e-13       0.000000000000e+00       7.389025834191e-17       7.447872590342e-18       1.473104259893e-18 
 2876       4.076142090493e-12       2.134740704585e-13      -1.471844044299e-13       0.000000000000e+00       7.378264971984e-17       7.385217918566e-18       1.467458550784e-18 
 2877       4.062659527586e-12       2.136500384442e-13      -1.495722291471e-13       0.000000000000e+00       7.367523409915e-17       7.324339964959e-18       1.461634196264e-18 
 2878       4.049404084653e-12       2.138104263491e-13      -1.519764926786e-13       0.000000000000e+00       7.356801129622e-17       7.265316057837e-18       1.455658805247e-18 
 2879       4.036375674099e-12       2.139550580900e-13      -1.543959140685e-13       0.000000000000e+00       7.346098112554e-17       7.208223732477e-18       1.449560064144e-18 
 2880       4.023574207039e-12       2.140837571624e-13      -1.568292087393e-13       0.000000000000e+00       7.335414339966e-17       7.153140731291e-18       1.443365736931e-18 
 2881       4.010999593293e-12       2.141963466403e-13      -1.592750884888e-13       0.000000000000e+00       7.324749792925e-17       7.100145004008e-18       1.437103665213e-18 
 2882       3.998651741386e-12       2.142926491759e-13      -1.617322614869e-13       0.000000000000e+00       7.314104452301e-17       7.049314707846e-18       1.430801768296e-18 
 2883       3.986530558548e-12       2.143724869987e-13      -1.641994322727e-13       0.000000000000e+00       7.303478298777e-17       7.000728207694e-18       1.424488043249e-18 
 2884       3.974635950712e-12       2.144356819160e-13      -1.666753017511e-13       0.000000000000e+00       7.292871312839e-17       6.954464076287e-18       1.418190564977e-18 
 2885       3.962967822512e-12       2.144820553117e-13      -1.691585671895e-13       0.000000000000e+00       7.282283474784e-17       6.910601094383e-18       1.411937486286e-18 
 2886       3.951526077281e-12       2.145114281468e-13      -1.716479222151e-13       0.000000000000e+00       7.271714764715e-17       6.869218250943e-18       1.405757037950e-18 
 2887       3.940310617052e-12       2.145236209581e-13      -1.741420568113e-13       0.000000000000e+00       7.261165162542e-17       6.830394743305e-18       1.399677528779e-18 
 2888       3.929321342552e-12       2.145184538589e-13      -1.766396573146e-13       0.000000000000e+00       7.250634647980e-17       6.794209977363e-18       1.393727345688e-18 
 2889       3.918558153207e-12       2.144957465376e-13      -1.791394064118e-13       0.000000000000e+00       7.240123200554e-17       6.760743567745e-18       1.387934953761e-18 
 2890       3.908020947134e-12       2.144553182584e-13      -1.816399831365e-13       0.000000000000e+00       7.229630799592e-17       6.730075337990e-18       1.382328896322e-18 
 2891       3.897709255176e-12       2.143970310488e-13      -1.841401271469e-13       0.000000000000e+00       7.219157419298e-17       6.702255993036e-18       1.376931046422e-18 
 2892       3.887621140971e-12       2.143209195056e-13      -1.866388319213e-13       0.000000000000e+00       7.208703013921e-17       6.677218974028e-18       1.371736323818e-18 
 2893       3.877754295305e-12       2.142270616460e-13      -1.891351525351e-13       0.000000000000e+00       7.198267532509e-17       6.654868157319e-18       1.366732875372e-18 
 2894       3.868106401569e-12       2.141155357792e-13      -1.916281414666e-13       0.000000000000e+00       7.187850923832e-17       6.635107141359e-18       1.361908814273e-18 
 2895       3.858675135752e-12       2.139864205065e-13      -1.941168485945e-13       0.000000000000e+00       7.177453136385e-17       6.617839246450e-18       1.357252220005e-18 
 2896       3.849458166434e-12       2.138397947214e-13      -1.966003211960e-13       0.000000000000e+00       7.167074118384e-17       6.602967514501e-18       1.352751138317e-18 
 2897       3.840453154780e-12       2.136757376103e-13      -1.990776039443e-13       0.000000000000e+00       7.156713817769e-17       6.590394708789e-18       1.348393581195e-18 
 2898       3.831657754535e-12       2.134943286523e-13      -2.015477389066e-13       0.000000000000e+00       7.146372182202e-17       6.580023313710e-18       1.344167526833e-18 
 2899       3.823069612010e-12       2.132956476201e-13      -2.040097655414e-13       0.000000000000e+00       7.136049159067e-17       6.571755534539e-18       1.340060919603e-18 
 2900       3.814686366087e-12       2.130797745793e-13      -2.064627206968e-13       0.000000000000e+00       7.125744695470e-17       6.565493297185e-18       1.336061670026e-18 
 2901       3.806505648200e-12       2.128467898898e-13      -2.089056386082e-13       0.000000000000e+00       7.115458738237e-17       6.561138247950e-18       1.332157654740e-18 
 2902       3.798525082339e-12       2.125967742052e-13      -2.113375508957e-13       0.000000000000e+00       7.105191233917e-17       6.558591753279e-18       1.328336716475e-18 
 2903       3.790742285035e-12       2.123298084735e-13      -2.137574865620e-13       0.000000000000e+00       7.094942128780e-17       6.557754899525e-18       1.324586664021e-18 
 2904       3.783154865359e-12       2.120459739372e-13      -2.161644719904e-13       0.000000000000e+00       7.084711368815e-17       6.558528492698e-18       1.320895272200e-18 
 2905       3.775760424912e-12       2.117453521339e-13      -2.185575309423e-13       0.000000000000e+00       7.074498899733e-17       6.560813058226e-18       1.317250281835e-18 
 2906       3.768556557820e-12       2.114280248961e-13      -2.209356845551e-13       0.000000000000e+00       7.064304666963e-17       6.564508840710e-18       1.313639399721e-18 
 2907       3.761540850726e-12       2.110940743517e-13      -2.232979513399e-13       0.000000000000e+00       7.054128615655e-17       6.569515803681e-18       1.310050298598e-18 
 2908       3.754710882785e-12       2.107435829243e-13      -2.256433471793e-13       0.000000000000e+00       7.043970690680e-17       6.575733629354e-18       1.306470617117e-18 
 2909       3.748064225656e-12       2.103766333334e-13      -2.279708853251e-13       0.000000000000e+00       7.033830836625e-17       6.583061718387e-18       1.302887959817e-18 
 2910       3.741598443495e-12       2.099933085950e-13      -2.302795763961e-13       0.000000000000e+00       7.023708997798e-17       6.591399189638e-18       1.299289897089e-18 
 2911       3.735311092951e-12       2.095936920212e-13      -2.325684283761e-13       0.000000000000e+00       7.013605118225e-17       6.600644879919e-18       1.295663965152e-18 
 2912       3.729199723156e-12       2.091778672210e-13      -2.348364466110e-13       0.000000000000e+00       7.003519141650e-17       6.610697343753e-18       1.291997666019e-18 
 2913       3.723261875718e-12       2.087459181007e-13      -2.370826338073e-13       0.000000000000e+00       6.993451011537e-17       6.621454853132e-18       1.288278467473e-18 
 2914       3.717495084719e-12       2.082979288635e-13      -2.393059900294e-13       0.000000000000e+00       6.983400671064e-17       6.632815397272e-18       1.284493803032e-18 
 2915       3.711896876704e-12       2.078339840104e-13      -2.415055126978e-13       0.000000000000e+00       6.973368063130e-17       6.644676682370e-18       1.280631071924e-18 
 2916       3.706464770675e-12       2.073541683403e-13      -2.436801965862e-13       0.000000000000e+00       6.963353130350e-17       6.656936131360e-18       1.276677639055e-18 
 2917       3.701196278085e-12       2.068585669503e-13      -2.458290338198e-13       0.000000000000e+00       6.953355815055e-17       6.669490883671e-18       1.272620834982e-18 
 2918       3.696088902833e-12       2.063472652356e-13      -2.479510138730e-13       0.000000000000e+00       6.943376059293e-17       6.682237794979e-18       1.268447955881e-18 
 2919       3.691140141252e-12       2.058203488903e-13      -2.500451235670e-13       0.000000000000e+00       6.933413804829e-17       6.695073436970e-18       1.264146263519e-18 
 2920       3.686347482110e-12       2.052779039076e-13      -2.521103470676e-13       0.000000000000e+00       6.923468993143e-17       6.707894097092e-18       1.259702985226e-18 
 2921       3.681708406596e-12       2.047200165796e-13      -2.541456658829e-13       0.000000000000e+00       6.913541565432e-17       6.720595778311e-18       1.255105313862e-18 
 2922       3.677220388317e-12       2.041467734981e-13      -2.561500588613e-13       0.000000000000e+00       6.903631462608e-17       6.733074198870e-18       1.250340407791e-18 
 2923       3.672880893293e-12       2.035582615547e-13      -2.581225021891e-13       0.000000000000e+00       6.893738625297e-17       6.745224792045e-18       1.245395390852e-18 
 2924       3.668687379945e-12       2.029545679411e-13      -2.600619693883e-13       0.000000000000e+00       6.883862993842e-17       6.756942705899e-18       1.240257352325e-18 
 2925       3.664637299093e-12       2.023357801490e-13      -2.619674313142e-13       0.000000000000e+00       6.874004508298e-17       6.768122803041e-18       1.234913346908e-18 
 2926       3.660728093947e-12       2.017019859712e-13      -2.638378561534e-13       0.000000000000e+00       6.864163108436e-17       6.778659660383e-18       1.229350394681e-18 
 2927       3.656957200103e-12       2.010532735009e-13      -2.656722094214e-13       0.000000000000e+00       6.854338733741e-17       6.788447568892e-18       1.223555481085e-18 
 2928       3.653322045532e-12       2.003897311328e-13      -2.674694539606e-13       0.000000000000e+00       6.844531323412e-17       6.797380533351e-18       1.217515556882e-18 
 2929       3.649820050577e-12       1.997114475629e-13      -2.692285499378e-13       0.000000000000e+00       6.834740816360e-17       6.805352272115e-18       1.211217538137e-18 
 2930       3.646448627943e-12       1.990185117887e-13      -2.709484548418e-13       0.000000000000e+00       6.824967151209e-17       6.812256216865e-18       1.204648306178e-18 
 2931       3.643204982448e-12       1.983110538779e-13      -2.726282789087e-13       0.000000000000e+00       6.815210271433e-17       6.818005686153e-18       1.197798668895e-18 
 2932       3.640085509171e-12       1.975893674943e-13      -2.742677522481e-13       0.000000000000e+00       6.805470140773e-17       6.822594516648e-18       1.190675266294e-18 
 2933       3.637086392284e-12       1.968537879843e-13      -2.758667600461e-13       0.000000000000e+00       6.795746727897e-17       6.826036734380e-18       1.183288724370e-18 
 2934       3.634203805008e-12       1.961046516657e-13      -2.774251873508e-13       0.000000000000e+00       6.786040001267e-17       6.828346408503e-18       1.175649699223e-18 
 2935       3.631433909613e-12       1.953422958283e-13      -2.789429190719e-13       0.000000000000e+00       6.776349929142e-17       6.829537651337e-18       1.167768877077e-18 
 2936       3.628772857402e-12       1.945670587347e-13      -2.804198399804e-13       0.000000000000e+00       6.766676479576e-17       6.829624618405e-18       1.159656974311e-18 
 2937       3.626216788702e-12       1.937792796214e-13      -2.818558347090e-13       0.000000000000e+00       6.757019620420e-17       6.828621508470e-18       1.151324737484e-18 
 2938       3.623761832858e-12       1.929792986995e-13      -2.832507877520e-13       0.000000000000e+00       6.747379319317e-17       6.826542563577e-18       1.142782943358e-18 
 2939       3.621404108221e-12       1.921674571554e-13      -2.846045834649e-13       0.000000000000e+00       6.737755543709e-17       6.823402069085e-18       1.134042398927e-18 
 2940       3.619139722140e-12       1.913440971521e-13      -2.859171060645e-13       0.000000000000e+00       6.728148260831e-17       6.819214353711e-18       1.125113941443e-18 
 2941       3.616964770949e-12       1.905095618294e-13      -2.871882396288e-13       0.000000000000e+00       6.718557437713e-17       6.813993789564e-18       1.116008438439e-18 
 2942       3.614875339962e-12       1.896641953052e-13      -2.884178680970e-13       0.000000000000e+00       6.708983041178e-17       6.807754792187e-18       1.106736787760e-18 
 2943       3.612867503461e-12       1.888083426763e-13      -2.896058752697e-13       0.000000000000e+00       6.699425037846e-17       6.800511820589e-18       1.097309917583e-18 
 2944       3.610937324687e-12       1.879423500192e-13      -2.907521448081e-13       0.000000000000e+00       6.689883394128e-17       6.792279377291e-18       1.087738786447e-18 
 2945       3.609080855832e-12       1.870665643906e-13      -2.918565602345e-13       0.000000000000e+00       6.680358076231e-17       6.783072008359e-18       1.078034383278e-18 
 2946       3.607294138025e-12       1.861813338288e-13      -2.929190049324e-13       0.000000000000e+00       6.670849050155e-17       6.772904303441e-18       1.068207727415e-18 
 2947       3.605573201329e-12       1.852870073543e-13      -2.939393621456e-13       0.000000000000e+00       6.661356281694e-17       6.761790895812e-18       1.058269868636e-18 
 2948       3.603914064726e-12       1.843839349706e-13      -2.949175149793e-13       0.000000000000e+00       6.651879736433e-17       6.749746462402e-18       1.048231887183e-18 
 2949       3.602312736110e-12       1.834724676650e-13      -2.958533463988e-13       0.000000000000e+00       6.642419379752e-17       6.736785723844e-18       1.038104893789e-18 
 2950       3.600765212278e-12       1.825529574097e-13      -2.967467392305e-13       0.000000000000e+00       6.632975176823e-17       6.722923444507e-18       1.027900029704e-18 
 2951       3.599267478919e-12       1.816257571622e-13      -2.975975761610e-13       0.000000000000e+00       6.623547092611e-17       6.708174432533e-18       1.017628466720e-18 
 2952       3.597815510606e-12       1.806912208666e-13      -2.984057397377e-13       0.000000000000e+00       6.614135091873e-17       6.692553539879e-18       1.007301407198e-18 
 2953       3.596405270784e-12       1.797497034543e-13      -2.991711123684e-13       0.000000000000e+00       6.604739139157e-17       6.676075662352e-18       9.969300840942e-19 
 2954       3.595032711765e-12       1.788015608446e-13      -2.998935763209e-13       0.000000000000e+00       6.595359198804e-17       6.658755739650e-18       9.865257609843e-19 
 2955       3.593693774712e-12       1.778471499459e-13      -3.005730137238e-13       0.000000000000e+00       6.585995234948e-17       6.640608755396e-18       9.760997320909e-19 
 2956       3.592384389638e-12       1.768868286563e-13      -3.012093065656e-13       0.000000000000e+00       6.576647211511e-17       6.621649737182e-18       9.656633223093e-19 
 2957       3.591100475388e-12       1.759209558645e-13      -3.018023366951e-13       0.000000000000e+00       6.567315092209e-17       6.601893756600e-18       9.552278872329e-19 
 2958       3.589837939634e-12       1.749498914509e-13      -3.023519858212e-13       0.000000000000e+00       6.557998840549e-17       6.581355929286e-18       9.448048131796e-19 
 2959       3.588592678866e-12       1.739739962878e-13      -3.028581355127e-13       0.000000000000e+00       6.548698419826e-17       6.560051414956e-18       9.344055172176e-19 
 2960       3.587360578381e-12       1.729936322409e-13      -3.033206671986e-13       0.000000000000e+00       6.539413793129e-17       6.537995417443e-18       9.240414471915e-19 
 2961       3.586137512274e-12       1.720091621701e-13      -3.037394621674e-13       0.000000000000e+00       6.530144923336e-17       6.515203184738e-18       9.137240817481e-19 
 2962       3.584919343428e-12       1.710209499297e-13      -3.041144015679e-13       0.000000000000e+00       6.520891773114e-17       6.491690009024e-18       9.034649303624e-19 
 2963       3.583701923504e-12       1.700293603700e-13      -3.044453664084e-13       0.000000000000e+00       6.511654304922e-17       6.467471226720e-18       8.932755333637e-19 
 2964       3.582481092934e-12       1.690347593376e-13      -3.047322375568e-13       0.000000000000e+00       6.502432481007e-17       6.442562218512e-18       8.831674619613e-19 
 2965       3.581252680910e-12       1.680375136768e-13      -3.049748957409e-13       0.000000000000e+00       6.493226263406e-17       6.416978409396e-18       8.731523182708e-19 
 2966       3.580012505372e-12       1.670379912298e-13      -3.051732215478e-13       0.000000000000e+00       6.484035613946e-17       6.390735268716e-18       8.632417353398e-19 
 2967       3.578756373005e-12       1.660365608380e-13      -3.053270954242e-13       0.000000000000e+00       6.474860494243e-17       6.363848310200e-18       8.534473771739e-19 
 2968       3.577480079221e-12       1.650335923426e-13      -3.054363976763e-13       0.000000000000e+00       6.465700865700e-17       6.336333092000e-18       8.437809387626e-19 
 2969       3.576179408158e-12       1.640294565856e-13      -3.055010084695e-13       0.000000000000e+00       6.456556689511e-17       6.308205216729e-18       8.342541461057e-19 
 2970       3.574850132665e-12       1.630245254107e-13      -3.055208078286e-13       0.000000000000e+00       6.447427926657e-17       6.279480331498e-18       8.248787562386e-19 
 2971       3.573489050369e-12       1.620190795409e-13      -3.054956829965e-13       0.000000000000e+00       6.438314561409e-17       6.250169961843e-18       8.156637207002e-19 
 2972       3.572097097482e-12       1.610130317148e-13      -3.054255505505e-13       0.000000000000e+00       6.429216671957e-17       6.220268990982e-18       8.066066606065e-19 
 2973       3.570676250326e-12       1.600062021871e-13      -3.053103343952e-13       0.000000000000e+00       6.420134360126e-17       6.189768118907e-18       7.977023496026e-19 
 2974       3.569228490655e-12       1.589984107275e-13      -3.051499584131e-13       0.000000000000e+00       6.411067727913e-17       6.158658022876e-18       7.889455465913e-19 
 2975       3.567755805664e-12       1.579894766202e-13      -3.049443464646e-13       0.000000000000e+00       6.402016877478e-17       6.126929357390e-18       7.803309957209e-19 
 2976       3.566260187988e-12       1.569792186632e-13      -3.046934223885e-13       0.000000000000e+00       6.392981911153e-17       6.094572754180e-18       7.718534263721e-19 
 2977       3.564743635710e-12       1.559674551683e-13      -3.043971100016e-13       0.000000000000e+00       6.383962931434e-17       6.061578822183e-18       7.635075531460e-19 
 2978       3.563208152365e-12       1.549540039604e-13      -3.040553330990e-13       0.000000000000e+00       6.374960040988e-17       6.027938147529e-18       7.552880758510e-19 
 2979       3.561655746943e-12       1.539386823775e-13      -3.036680154539e-13       0.000000000000e+00       6.365973342651e-17       5.993641293518e-18       7.471896794904e-19 
 2980       3.560088433898e-12       1.529213072696e-13      -3.032350808177e-13       0.000000000000e+00       6.357002939423e-17       5.958678800604e-18       7.392070342501e-19 
 2981       3.558508233146e-12       1.519016949989e-13      -3.027564529203e-13       0.000000000000e+00       6.348048934478e-17       5.923041186375e-18       7.313347954854e-19 
 2982       3.556917170076e-12       1.508796614392e-13      -3.022320554696e-13       0.000000000000e+00       6.339111431153e-17       5.886718945537e-18       7.235676037091e-19 
 2983       3.555317275549e-12       1.498550219754e-13      -3.016618121522e-13       0.000000000000e+00       6.330190532959e-17       5.849702549892e-18       7.159000845784e-19 
 2984       3.553710585908e-12       1.488275915031e-13      -3.010456466327e-13       0.000000000000e+00       6.321286343571e-17       5.811982448321e-18       7.083268488825e-19 
 2985       3.552099142978e-12       1.477971844285e-13      -3.003834825545e-13       0.000000000000e+00       6.312398966836e-17       5.773549066769e-18       7.008424925299e-19 
 2986       3.550484994073e-12       1.467636146675e-13      -2.996752435391e-13       0.000000000000e+00       6.303528506769e-17       5.734392808221e-18       6.934415965362e-19 
 2987       3.548870192000e-12       1.457266956456e-13      -2.989208531866e-13       0.000000000000e+00       6.294675067554e-17       5.694504052685e-18       6.861187270109e-19 
 2988       3.547256795066e-12       1.446862402974e-13      -2.981202350758e-13       0.000000000000e+00       6.285838753543e-17       5.653873157176e-18       6.788684351454e-19 
 2989       3.545646867077e-12       1.436420610665e-13      -2.972733127637e-13       0.000000000000e+00       6.277019669259e-17       5.612490455695e-18       6.716852572000e-19 
 2990       3.544042477347e-12       1.425939699043e-13      -2.963800097862e-13       0.000000000000e+00       6.268217919395e-17       5.570346259213e-18       6.645637144914e-19 
 2991       3.542445700702e-12       1.415417782706e-13      -2.954402496574e-13       0.000000000000e+00       6.259433608810e-17       5.527430855650e-18       6.574983133805e-19 
 2992       3.540858617485e-12       1.404852971323e-13      -2.944539558706e-13       0.000000000000e+00       6.250666842537e-17       5.483734509856e-18       6.504835452590e-19 
 2993       3.539283313557e-12       1.394243369637e-13      -2.934210518971e-13       0.000000000000e+00       6.241917725775e-17       5.439247463595e-18       6.435138865377e-19 
 2994       3.537721880307e-12       1.383587077455e-13      -2.923414611876e-13       0.000000000000e+00       6.233186363894e-17       5.393959935527e-18       6.365837986333e-19 
 2995       3.536176414653e-12       1.372882189649e-13      -2.912151071710e-13       0.000000000000e+00       6.224472862436e-17       5.347862121186e-18       6.296877279562e-19 
 2996       3.534649019046e-12       1.362126796148e-13      -2.900419132552e-13       0.000000000000e+00       6.215777327109e-17       5.300944192965e-18       6.228201058975e-19 
 2997       3.533141801479e-12       1.351318981937e-13      -2.888218028268e-13       0.000000000000e+00       6.207099863794e-17       5.253196300093e-18       6.159753488169e-19 
 2998       3.531656875487e-12       1.340456827049e-13      -2.875546992515e-13       0.000000000000e+00       6.198440578543e-17       5.204608568623e-18       6.091478580296e-19 
 2999       3.530196360152e-12       1.329538406566e-13      -2.862405258735e-13       0.000000000000e+00       6.189799577574e-17       5.155171101409e-18       6.023320197943e-19 
 3000       3.528762380112e-12       1.318561790611e-13      -2.848792060160e-13       0.000000000000e+00       6.181176967280e-17       5.104873978088e-18       5.955222052999e-19 
